{
  "mode": "AFTER (optimized)",
  "stage_breakdown_ms": {
    "feature_fetch_ms": 1.6513000009581447,
    "full_request_ms": 20.644700000048033,
    "inference_and_overhead_ms": 18.99339999908989
  },
  "latency_cold_cache": {
    "n_requests": 120,
    "p50_ms": 17.931799999132636,
    "p95_ms": 21.384234999914042,
    "p99_ms": 22.95473199999833,
    "mean_ms": 18.479045833282726,
    "max_ms": 54.945399999269284
  },
  "latency_warm_cache": {
    "n_requests": 120,
    "p50_ms": 1.635800000258314,
    "p95_ms": 1.8223299997771392,
    "p99_ms": 1.9859590003216,
    "mean_ms": 1.6368950000014593,
    "max_ms": 2.0399000004545087
  },
  "cache_entries": 4800,
  "slo_ms": 40.0,
  "meets_slo": true
}