category,text
data_scientist,"Our company is seeking an experienced Applied Scientist to help drive our next phase of growth. Key responsibilities include collaborate with engineering on model deployment, build predictive models from large datasets, and communicate findings to stakeholders. Relevant skills include Python, SQL, pandas, and PyTorch. Requirements include hands-on experience with machine learning frameworks, experience presenting to business stakeholders, and a graduate degree in a quantitative field. Apply today to become part of our team."
sales_representative,"Our company is seeking an experienced Business Development Representative to help drive our next phase of growth. Day to day, you will conduct product demonstrations for prospective clients, maintain accurate records in the CRM, and build and maintain a pipeline of opportunities. This role requires strong skills in cold calling, prospecting, CRM software, and consultative selling. You should bring a track record of meeting or exceeding quota, experience with CRM tools such as Salesforce, and self-motivated and results-driven. Apply today to become part of our team."
graphic_designer,"We're hiring a Brand Designer who is passionate about delivering high-quality work. In this role, you will manage multiple design projects simultaneously, design layouts for print and digital media, and collaborate with marketing on campaign concepts. Relevant skills include motion graphics, digital design, print production, and UI design principles. The ideal candidate will have ability to work under tight deadlines, a portfolio demonstrating strong visual design skills, and a degree in Graphic Design or related field. We offer a competitive salary and comprehensive benefits package."
software_engineer,"We're hiring a Backend Developer who is passionate about delivering high-quality work. You will be expected to design and implement scalable backend services, participate in on-call rotations, and optimize database queries. This role requires strong skills in code review, CI/CD pipelines, REST APIs, and cloud infrastructure. You should bring experience with agile development, strong problem-solving skills, and excellent communication skills. We offer a competitive salary and comprehensive benefits package."
data_scientist,"Join us as a Applied Scientist and make a real impact from day one. You will be expected to validate model performance rigorously, design and analyze experiments, and collaborate with engineering on model deployment. You should be comfortable with scikit-learn, deep learning, SQL, and A/B testing. You should bring ability to translate ambiguous problems into models, hands-on experience with machine learning frameworks, and experience presenting to business stakeholders. We value diversity and are proud to be an equal opportunity employer."
registered_nurse,"As a Registered Nurse on our team, you will play a key role in our day-to-day operations. You will be expected to administer medications per physician orders, document care accurately in the electronic health record, and provide direct patient care on the unit. You should be comfortable with care plan documentation, medication administration, wound care, and vital signs monitoring. Requirements include ability to work rotating shifts including nights and weekends, excellent bedside manner, and an active RN license in good standing. We offer a competitive salary and comprehensive benefits package."
software_engineer,"Join us as a Software Engineer and make a real impact from day one. In this role, you will mentor junior engineers, write clean, well-tested code, and design and implement scalable backend services. This role requires strong skills in code review, Kubernetes, system design, and microservices. We are looking for candidates with a degree in Computer Science or related field, 3+ years of professional software development experience, and strong problem-solving skills. We offer a competitive salary and comprehensive benefits package."
sales_representative,"We are looking for a Business Development Representative to join our growing team. Key responsibilities include meet or exceed quarterly sales quotas, build long-term relationships with key accounts, and conduct product demonstrations for prospective clients. Relevant skills include CRM software, cold calling, prospecting, and pipeline management. The ideal candidate will have self-motivated and results-driven, experience with CRM tools such as Salesforce, and a track record of meeting or exceeding quota. We offer a competitive salary and comprehensive benefits package."
software_engineer,"We are looking for a Backend Developer to join our growing team. In this role, you will design and implement scalable backend services, debug production incidents, and write clean, well-tested code. Relevant skills include Java, REST APIs, unit testing, and distributed systems. You should bring experience with agile development, strong problem-solving skills, and excellent communication skills. This is a full-time position with opportunities for growth."
accountant,"We are looking for a Senior Accountant to join our growing team. Key responsibilities include prepare monthly financial statements, support budgeting and forecasting cycles, and process accounts payable and receivable transactions. Relevant skills include reconciliations, accounts payable, month-end close, and accounts receivable. We are looking for candidates with a Bachelor's degree in Accounting or Finance, 2+ years of accounting experience, and strong attention to detail. We offer a competitive salary and comprehensive benefits package."
software_engineer,"As a Full Stack Engineer on our team, you will play a key role in our day-to-day operations. Key responsibilities include review pull requests, design and implement scalable backend services, and mentor junior engineers. You should be comfortable with code review, microservices, system design, and cloud infrastructure. The ideal candidate will have 3+ years of professional software development experience, experience with agile development, and a degree in Computer Science or related field. This is a full-time position with opportunities for growth."
data_scientist,"We are looking for a ML Researcher to join our growing team. You will be expected to collaborate with engineering on model deployment, clean and preprocess messy real-world data, and design and analyze experiments. You should be comfortable with SQL, pandas, causal inference, and model deployment. You should bring strong statistical foundations, experience presenting to business stakeholders, and hands-on experience with machine learning frameworks. This is a full-time position with opportunities for growth."
data_scientist,"Our company is seeking an experienced Data Scientist to help drive our next phase of growth. Key responsibilities include communicate findings to stakeholders, collaborate with engineering on model deployment, and clean and preprocess messy real-world data. Relevant skills include model deployment, deep learning, pandas, and statistical modeling. We are looking for candidates with strong statistical foundations, a graduate degree in a quantitative field, and hands-on experience with machine learning frameworks. Apply today to become part of our team."
graphic_designer,"As a Creative Designer on our team, you will play a key role in our day-to-day operations. Key responsibilities include manage multiple design projects simultaneously, create visual assets for marketing campaigns, and collaborate with marketing on campaign concepts. Relevant skills include color theory, InDesign, brand identity, and print production. The ideal candidate will have ability to work under tight deadlines, a portfolio demonstrating strong visual design skills, and proficiency in the Adobe Creative Suite. This is a full-time position with opportunities for growth."
accountant,"Our company is seeking an experienced Staff Accountant to help drive our next phase of growth. In this role, you will support budgeting and forecasting cycles, reconcile general ledger accounts, and assist with the annual audit. Relevant skills include reconciliations, journal entries, accounts payable, and financial reporting. The ideal candidate will have strong attention to detail, a Bachelor's degree in Accounting or Finance, and CPA or CPA-track preferred. This is a full-time position with opportunities for growth."
registered_nurse,"Our company is seeking an experienced Staff Nurse to help drive our next phase of growth. Day to day, you will coordinate with the care team, provide direct patient care on the unit, and document care accurately in the electronic health record. Relevant skills include triage, patient assessment, electronic health records, and IV therapy. We are looking for candidates with ability to work rotating shifts including nights and weekends, BLS and ACLS certification, and 2+ years of clinical experience. Apply today to become part of our team."
software_engineer,"We are looking for a Full Stack Engineer to join our growing team. Day to day, you will participate in on-call rotations, review pull requests, and debug production incidents. You should be comfortable with Kubernetes, Docker, Git, and microservices. You should bring 3+ years of professional software development experience, excellent communication skills, and experience with agile development. This is a full-time position with opportunities for growth."
registered_nurse,"We're hiring a Registered Nurse who is passionate about delivering high-quality work. You will be expected to document care accurately in the electronic health record, respond to emergency situations calmly and effectively, and provide direct patient care on the unit. This role requires strong skills in electronic health records, medication administration, patient assessment, and vital signs monitoring. Requirements include an active RN license in good standing, BLS and ACLS certification, and excellent bedside manner. We value diversity and are proud to be an equal opportunity employer."
data_scientist,"Join us as a ML Researcher and make a real impact from day one. In this role, you will build predictive models from large datasets, communicate findings to stakeholders, and clean and preprocess messy real-world data. You should be comfortable with pandas, causal inference, statistical modeling, and PyTorch. We are looking for candidates with strong statistical foundations, hands-on experience with machine learning frameworks, and experience presenting to business stakeholders. Apply today to become part of our team."
software_engineer,"We're hiring a Platform Engineer who is passionate about delivering high-quality work. Day to day, you will write clean, well-tested code, review pull requests, and debug production incidents. Relevant skills include Docker, code review, Git, and Java. Requirements include experience with agile development, strong problem-solving skills, and excellent communication skills. We value diversity and are proud to be an equal opportunity employer."
software_engineer,"As a Backend Developer on our team, you will play a key role in our day-to-day operations. In this role, you will collaborate with product managers on requirements, design and implement scalable backend services, and write clean, well-tested code. Relevant skills include Kubernetes, algorithms and data structures, code review, and CI/CD pipelines. We are looking for candidates with a degree in Computer Science or related field, experience with agile development, and strong problem-solving skills. Apply today to become part of our team."
graphic_designer,"Join us as a Creative Designer and make a real impact from day one. Day to day, you will manage multiple design projects simultaneously, iterate on designs based on feedback, and create visual assets for marketing campaigns. This role requires strong skills in motion graphics, digital design, typography, and color theory. The ideal candidate will have proficiency in the Adobe Creative Suite, ability to work under tight deadlines, and strong eye for typography and layout. Apply today to become part of our team."
graphic_designer,"We are looking for a Visual Designer to join our growing team. Day to day, you will manage multiple design projects simultaneously, maintain brand consistency across channels, and design layouts for print and digital media. Relevant skills include Adobe Photoshop, brand identity, print production, and Figma. Requirements include ability to work under tight deadlines, proficiency in the Adobe Creative Suite, and a portfolio demonstrating strong visual design skills. We value diversity and are proud to be an equal opportunity employer."
graphic_designer,"We're hiring a Graphic Designer who is passionate about delivering high-quality work. Key responsibilities include iterate on designs based on feedback, create visual assets for marketing campaigns, and maintain brand consistency across channels. You should be comfortable with layout design, motion graphics, digital design, and InDesign. You should bring a portfolio demonstrating strong visual design skills, proficiency in the Adobe Creative Suite, and strong eye for typography and layout. We offer a competitive salary and comprehensive benefits package."
accountant,"As a Senior Accountant on our team, you will play a key role in our day-to-day operations. Key responsibilities include support budgeting and forecasting cycles, process accounts payable and receivable transactions, and identify and resolve discrepancies in financial records. You should be comfortable with QuickBooks, GAAP, month-end close, and audit support. We are looking for candidates with 2+ years of accounting experience, CPA or CPA-track preferred, and proficiency with accounting software. We offer a competitive salary and comprehensive benefits package."
graphic_designer,"Join us as a Visual Designer and make a real impact from day one. You will be expected to present design concepts to stakeholders, manage multiple design projects simultaneously, and design layouts for print and digital media. This role requires strong skills in motion graphics, color theory, brand identity, and layout design. The ideal candidate will have a portfolio demonstrating strong visual design skills, a degree in Graphic Design or related field, and proficiency in the Adobe Creative Suite. We value diversity and are proud to be an equal opportunity employer."
software_engineer,"Join us as a Full Stack Engineer and make a real impact from day one. In this role, you will participate in on-call rotations, mentor junior engineers, and debug production incidents. This role requires strong skills in algorithms and data structures, cloud infrastructure, Docker, and microservices. You should bring excellent communication skills, a degree in Computer Science or related field, and strong problem-solving skills. We value diversity and are proud to be an equal opportunity employer."
data_scientist,"We are looking for a Machine Learning Engineer to join our growing team. You will be expected to collaborate with engineering on model deployment, communicate findings to stakeholders, and validate model performance rigorously. You should be comfortable with causal inference, scikit-learn, statistical modeling, and data visualization. We are looking for candidates with ability to translate ambiguous problems into models, a graduate degree in a quantitative field, and experience presenting to business stakeholders. This is a full-time position with opportunities for growth."
graphic_designer,"Join us as a Graphic Designer and make a real impact from day one. Key responsibilities include maintain brand consistency across channels, manage multiple design projects simultaneously, and collaborate with marketing on campaign concepts. Relevant skills include brand identity, digital design, color theory, and motion graphics. Requirements include a portfolio demonstrating strong visual design skills, ability to work under tight deadlines, and proficiency in the Adobe Creative Suite. This is a full-time position with opportunities for growth."
sales_representative,"We are looking for a Account Executive to join our growing team. In this role, you will negotiate contract terms and pricing, prospect and qualify new sales leads, and maintain accurate records in the CRM. You should be comfortable with cold calling, lead generation, pipeline management, and closing deals. The ideal candidate will have self-motivated and results-driven, a track record of meeting or exceeding quota, and 2+ years of B2B sales experience. We value diversity and are proud to be an equal opportunity employer."
graphic_designer,"As a Graphic Designer on our team, you will play a key role in our day-to-day operations. You will be expected to iterate on designs based on feedback, design layouts for print and digital media, and collaborate with marketing on campaign concepts. This role requires strong skills in color theory, UI design principles, typography, and InDesign. You should bring proficiency in the Adobe Creative Suite, strong eye for typography and layout, and ability to work under tight deadlines. This is a full-time position with opportunities for growth."
data_scientist,"Join us as a Machine Learning Engineer and make a real impact from day one. Key responsibilities include validate model performance rigorously, design and analyze experiments, and collaborate with engineering on model deployment. Relevant skills include experiment design, SQL, A/B testing, and deep learning. Requirements include experience presenting to business stakeholders, strong statistical foundations, and hands-on experience with machine learning frameworks. We value diversity and are proud to be an equal opportunity employer."
software_engineer,"Our company is seeking an experienced Full Stack Engineer to help drive our next phase of growth. Key responsibilities include collaborate with product managers on requirements, mentor junior engineers, and design and implement scalable backend services. You should be comfortable with Python, Kubernetes, system design, and REST APIs. Requirements include strong problem-solving skills, a degree in Computer Science or related field, and experience with agile development. We offer a competitive salary and comprehensive benefits package."
registered_nurse,"Join us as a Clinical Nurse and make a real impact from day one. Key responsibilities include monitor patient vital signs and escalate concerns, administer medications per physician orders, and document care accurately in the electronic health record. You should be comfortable with IV therapy, medication administration, care plan documentation, and infection control protocols. Requirements include 2+ years of clinical experience, BLS and ACLS certification, and ability to work rotating shifts including nights and weekends. We offer a competitive salary and comprehensive benefits package."
data_scientist,"Our company is seeking an experienced Data Scientist to help drive our next phase of growth. You will be expected to communicate findings to stakeholders, build predictive models from large datasets, and design and analyze experiments. Relevant skills include hypothesis testing, scikit-learn, experiment design, and deep learning. You should bring experience presenting to business stakeholders, hands-on experience with machine learning frameworks, and strong statistical foundations. Apply today to become part of our team."
sales_representative,"We are looking for a Business Development Representative to join our growing team. In this role, you will prospect and qualify new sales leads, build and maintain a pipeline of opportunities, and conduct product demonstrations for prospective clients. You should be comfortable with cold calling, territory management, quota attainment, and negotiation. The ideal candidate will have 2+ years of B2B sales experience, excellent verbal and written communication skills, and a track record of meeting or exceeding quota. Apply today to become part of our team."
data_scientist,"Our company is seeking an experienced Applied Scientist to help drive our next phase of growth. Day to day, you will present insights to non-technical audiences, design and analyze experiments, and collaborate with engineering on model deployment. This role requires strong skills in feature engineering, A/B testing, model deployment, and Python. The ideal candidate will have ability to translate ambiguous problems into models, experience presenting to business stakeholders, and a graduate degree in a quantitative field. We value diversity and are proud to be an equal opportunity employer."
graphic_designer,"As a Creative Designer on our team, you will play a key role in our day-to-day operations. You will be expected to present design concepts to stakeholders, iterate on designs based on feedback, and create visual assets for marketing campaigns. Relevant skills include Adobe Photoshop, motion graphics, UI design principles, and print production. We are looking for candidates with ability to work under tight deadlines, proficiency in the Adobe Creative Suite, and a portfolio demonstrating strong visual design skills. We value diversity and are proud to be an equal opportunity employer."
sales_representative,"We are looking for a Sales Representative to join our growing team. In this role, you will meet or exceed quarterly sales quotas, build and maintain a pipeline of opportunities, and maintain accurate records in the CRM. This role requires strong skills in territory management, prospecting, lead generation, and relationship building. The ideal candidate will have self-motivated and results-driven, excellent verbal and written communication skills, and a track record of meeting or exceeding quota. We value diversity and are proud to be an equal opportunity employer."
registered_nurse,"Join us as a Staff Nurse and make a real impact from day one. Key responsibilities include coordinate with the care team, educate patients and families on care plans, and respond to emergency situations calmly and effectively. You should be comfortable with medication administration, care plan documentation, infection control protocols, and patient education. You should bring excellent bedside manner, an active RN license in good standing, and BLS and ACLS certification. We value diversity and are proud to be an equal opportunity employer."
accountant,"Join us as a Financial Accountant and make a real impact from day one. Key responsibilities include prepare monthly financial statements, assist with the annual audit, and support budgeting and forecasting cycles. This role requires strong skills in reconciliations, budgeting, month-end close, and accounts receivable. We are looking for candidates with strong attention to detail, proficiency with accounting software, and 2+ years of accounting experience. This is a full-time position with opportunities for growth."
software_engineer,"As a Backend Developer on our team, you will play a key role in our day-to-day operations. In this role, you will design and implement scalable backend services, mentor junior engineers, and write clean, well-tested code. You should be comfortable with unit testing, system design, code review, and cloud infrastructure. We are looking for candidates with 3+ years of professional software development experience, strong problem-solving skills, and excellent communication skills. We value diversity and are proud to be an equal opportunity employer."
graphic_designer,"We're hiring a Visual Designer who is passionate about delivering high-quality work. You will be expected to manage multiple design projects simultaneously, maintain brand consistency across channels, and create visual assets for marketing campaigns. This role requires strong skills in layout design, brand identity, UI design principles, and print production. We are looking for candidates with a degree in Graphic Design or related field, strong eye for typography and layout, and a portfolio demonstrating strong visual design skills. Apply today to become part of our team."
graphic_designer,"As a Graphic Designer on our team, you will play a key role in our day-to-day operations. In this role, you will manage multiple design projects simultaneously, design layouts for print and digital media, and iterate on designs based on feedback. Relevant skills include UI design principles, color theory, brand identity, and Adobe Photoshop. We are looking for candidates with strong eye for typography and layout, ability to work under tight deadlines, and proficiency in the Adobe Creative Suite. We value diversity and are proud to be an equal opportunity employer."
software_engineer,"We are looking for a Software Engineer to join our growing team. In this role, you will collaborate with product managers on requirements, mentor junior engineers, and review pull requests. This role requires strong skills in algorithms and data structures, Kubernetes, CI/CD pipelines, and unit testing. Requirements include experience with agile development, 3+ years of professional software development experience, and a degree in Computer Science or related field. We value diversity and are proud to be an equal opportunity employer."
data_scientist,"As a ML Researcher on our team, you will play a key role in our day-to-day operations. Key responsibilities include build predictive models from large datasets, clean and preprocess messy real-world data, and design and analyze experiments. You should be comfortable with PyTorch, causal inference, experiment design, and Python. Requirements include ability to translate ambiguous problems into models, hands-on experience with machine learning frameworks, and experience presenting to business stakeholders. We offer a competitive salary and comprehensive benefits package."
sales_representative,"As a Sales Representative on our team, you will play a key role in our day-to-day operations. In this role, you will prospect and qualify new sales leads, build long-term relationships with key accounts, and conduct product demonstrations for prospective clients. This role requires strong skills in lead generation, quota attainment, negotiation, and prospecting. The ideal candidate will have excellent verbal and written communication skills, 2+ years of B2B sales experience, and self-motivated and results-driven. We value diversity and are proud to be an equal opportunity employer."
data_scientist,"We're hiring a Applied Scientist who is passionate about delivering high-quality work. You will be expected to design and analyze experiments, clean and preprocess messy real-world data, and build predictive models from large datasets. This role requires strong skills in experiment design, deep learning, PyTorch, and SQL. You should bring experience presenting to business stakeholders, a graduate degree in a quantitative field, and strong statistical foundations. We value diversity and are proud to be an equal opportunity employer."
software_engineer,"We're hiring a Platform Engineer who is passionate about delivering high-quality work. Key responsibilities include review pull requests, collaborate with product managers on requirements, and write clean, well-tested code. You should be comfortable with Docker, REST APIs, CI/CD pipelines, and unit testing. You should bring 3+ years of professional software development experience, a degree in Computer Science or related field, and excellent communication skills. We value diversity and are proud to be an equal opportunity employer."
sales_representative,"As a Account Executive on our team, you will play a key role in our day-to-day operations. You will be expected to build long-term relationships with key accounts, prospect and qualify new sales leads, and conduct product demonstrations for prospective clients. Relevant skills include closing deals, prospecting, consultative selling, and negotiation. You should bring self-motivated and results-driven, excellent verbal and written communication skills, and experience with CRM tools such as Salesforce. This is a full-time position with opportunities for growth."
registered_nurse,"We are looking for a Clinical Nurse to join our growing team. Day to day, you will provide direct patient care on the unit, educate patients and families on care plans, and document care accurately in the electronic health record. Relevant skills include infection control protocols, vital signs monitoring, IV therapy, and care plan documentation. You should bring an active RN license in good standing, excellent bedside manner, and ability to work rotating shifts including nights and weekends. This is a full-time position with opportunities for growth."
registered_nurse,"We are looking for a Clinical Nurse to join our growing team. You will be expected to monitor patient vital signs and escalate concerns, respond to emergency situations calmly and effectively, and coordinate with the care team. Relevant skills include care plan documentation, medication administration, wound care, and infection control protocols. You should bring excellent bedside manner, 2+ years of clinical experience, and BLS and ACLS certification. We offer a competitive salary and comprehensive benefits package."
data_scientist,"As a Machine Learning Engineer on our team, you will play a key role in our day-to-day operations. Key responsibilities include clean and preprocess messy real-world data, collaborate with engineering on model deployment, and present insights to non-technical audiences. You should be comfortable with Python, feature engineering, pandas, and SQL. The ideal candidate will have a graduate degree in a quantitative field, hands-on experience with machine learning frameworks, and experience presenting to business stakeholders. Apply today to become part of our team."
graphic_designer,"We're hiring a Graphic Designer who is passionate about delivering high-quality work. In this role, you will create visual assets for marketing campaigns, design layouts for print and digital media, and maintain brand consistency across channels. This role requires strong skills in layout design, digital design, UI design principles, and Adobe Illustrator. You should bring ability to work under tight deadlines, proficiency in the Adobe Creative Suite, and strong eye for typography and layout. Apply today to become part of our team."
graphic_designer,"As a Creative Designer on our team, you will play a key role in our day-to-day operations. Key responsibilities include create visual assets for marketing campaigns, maintain brand consistency across channels, and manage multiple design projects simultaneously. This role requires strong skills in Adobe Photoshop, UI design principles, print production, and InDesign. Requirements include proficiency in the Adobe Creative Suite, a portfolio demonstrating strong visual design skills, and ability to work under tight deadlines. This is a full-time position with opportunities for growth."
accountant,"We're hiring a Senior Accountant who is passionate about delivering high-quality work. In this role, you will identify and resolve discrepancies in financial records, prepare monthly financial statements, and process accounts payable and receivable transactions. You should be comfortable with reconciliations, budgeting, Excel, and tax compliance. We are looking for candidates with a Bachelor's degree in Accounting or Finance, 2+ years of accounting experience, and strong attention to detail. We offer a competitive salary and comprehensive benefits package."
registered_nurse,"Join us as a ICU Nurse and make a real impact from day one. Key responsibilities include educate patients and families on care plans, monitor patient vital signs and escalate concerns, and document care accurately in the electronic health record. This role requires strong skills in care plan documentation, medication administration, patient assessment, and IV therapy. We are looking for candidates with an active RN license in good standing, 2+ years of clinical experience, and ability to work rotating shifts including nights and weekends. We offer a competitive salary and comprehensive benefits package."
data_scientist,"Join us as a Applied Scientist and make a real impact from day one. You will be expected to clean and preprocess messy real-world data, present insights to non-technical audiences, and collaborate with engineering on model deployment. Relevant skills include scikit-learn, statistical modeling, SQL, and causal inference. Requirements include experience presenting to business stakeholders, hands-on experience with machine learning frameworks, and ability to translate ambiguous problems into models. We value diversity and are proud to be an equal opportunity employer."
data_scientist,"We're hiring a Applied Scientist who is passionate about delivering high-quality work. You will be expected to present insights to non-technical audiences, build predictive models from large datasets, and communicate findings to stakeholders. Relevant skills include PyTorch, pandas, deep learning, and data visualization. The ideal candidate will have a graduate degree in a quantitative field, ability to translate ambiguous problems into models, and hands-on experience with machine learning frameworks. We offer a competitive salary and comprehensive benefits package."
data_scientist,"As a Machine Learning Engineer on our team, you will play a key role in our day-to-day operations. You will be expected to build predictive models from large datasets, communicate findings to stakeholders, and design and analyze experiments. You should be comfortable with scikit-learn, causal inference, feature engineering, and data visualization. We are looking for candidates with ability to translate ambiguous problems into models, a graduate degree in a quantitative field, and strong statistical foundations. We value diversity and are proud to be an equal opportunity employer."
software_engineer,"We are looking for a Platform Engineer to join our growing team. Day to day, you will participate in on-call rotations, review pull requests, and design and implement scalable backend services. Relevant skills include Kubernetes, cloud infrastructure, Git, and algorithms and data structures. Requirements include excellent communication skills, experience with agile development, and strong problem-solving skills. We offer a competitive salary and comprehensive benefits package."
data_scientist,"We're hiring a Machine Learning Engineer who is passionate about delivering high-quality work. In this role, you will communicate findings to stakeholders, present insights to non-technical audiences, and build predictive models from large datasets. Relevant skills include Python, A/B testing, feature engineering, and SQL. The ideal candidate will have a graduate degree in a quantitative field, hands-on experience with machine learning frameworks, and experience presenting to business stakeholders. Apply today to become part of our team."
accountant,"As a Staff Accountant on our team, you will play a key role in our day-to-day operations. Key responsibilities include assist with the annual audit, support budgeting and forecasting cycles, and identify and resolve discrepancies in financial records. Relevant skills include budgeting, financial reporting, month-end close, and journal entries. The ideal candidate will have proficiency with accounting software, 2+ years of accounting experience, and CPA or CPA-track preferred. Apply today to become part of our team."
graphic_designer,"As a Creative Designer on our team, you will play a key role in our day-to-day operations. Key responsibilities include iterate on designs based on feedback, manage multiple design projects simultaneously, and maintain brand consistency across channels. Relevant skills include digital design, color theory, brand identity, and typography. Requirements include strong eye for typography and layout, ability to work under tight deadlines, and proficiency in the Adobe Creative Suite. We offer a competitive salary and comprehensive benefits package."
graphic_designer,"We're hiring a Brand Designer who is passionate about delivering high-quality work. Key responsibilities include design layouts for print and digital media, iterate on designs based on feedback, and present design concepts to stakeholders. You should be comfortable with typography, digital design, print production, and UI design principles. Requirements include strong eye for typography and layout, proficiency in the Adobe Creative Suite, and a degree in Graphic Design or related field. We offer a competitive salary and comprehensive benefits package."
software_engineer,"Join us as a Platform Engineer and make a real impact from day one. Key responsibilities include write clean, well-tested code, review pull requests, and participate in on-call rotations. Relevant skills include REST APIs, SQL databases, cloud infrastructure, and microservices. Requirements include strong problem-solving skills, a degree in Computer Science or related field, and 3+ years of professional software development experience. This is a full-time position with opportunities for growth."
graphic_designer,"Our company is seeking an experienced Creative Designer to help drive our next phase of growth. In this role, you will manage multiple design projects simultaneously, iterate on designs based on feedback, and create visual assets for marketing campaigns. This role requires strong skills in print production, Figma, brand identity, and InDesign. Requirements include proficiency in the Adobe Creative Suite, a portfolio demonstrating strong visual design skills, and ability to work under tight deadlines. This is a full-time position with opportunities for growth."
graphic_designer,"We are looking for a Brand Designer to join our growing team. You will be expected to design layouts for print and digital media, iterate on designs based on feedback, and collaborate with marketing on campaign concepts. You should be comfortable with brand identity, color theory, motion graphics, and UI design principles. We are looking for candidates with ability to work under tight deadlines, a degree in Graphic Design or related field, and proficiency in the Adobe Creative Suite. We offer a competitive salary and comprehensive benefits package."
software_engineer,"Join us as a Backend Developer and make a real impact from day one. Key responsibilities include write clean, well-tested code, design and implement scalable backend services, and participate in on-call rotations. This role requires strong skills in CI/CD pipelines, REST APIs, algorithms and data structures, and Kubernetes. The ideal candidate will have excellent communication skills, a degree in Computer Science or related field, and 3+ years of professional software development experience. This is a full-time position with opportunities for growth."
accountant,"Our company is seeking an experienced Accounting Analyst to help drive our next phase of growth. Day to day, you will process accounts payable and receivable transactions, support budgeting and forecasting cycles, and ensure compliance with GAAP. Relevant skills include accounts receivable, reconciliations, budgeting, and audit support. Requirements include 2+ years of accounting experience, proficiency with accounting software, and strong attention to detail. Apply today to become part of our team."
accountant,"Our company is seeking an experienced Accounting Analyst to help drive our next phase of growth. Key responsibilities include prepare monthly financial statements, assist with the annual audit, and ensure compliance with GAAP. Relevant skills include GAAP, audit support, month-end close, and budgeting. We are looking for candidates with strong attention to detail, proficiency with accounting software, and CPA or CPA-track preferred. We offer a competitive salary and comprehensive benefits package."
software_engineer,"Join us as a Backend Developer and make a real impact from day one. Day to day, you will mentor junior engineers, collaborate with product managers on requirements, and review pull requests. Relevant skills include Docker, cloud infrastructure, SQL databases, and distributed systems. Requirements include 3+ years of professional software development experience, excellent communication skills, and strong problem-solving skills. Apply today to become part of our team."
sales_representative,"Our company is seeking an experienced Sales Associate to help drive our next phase of growth. Key responsibilities include maintain accurate records in the CRM, build long-term relationships with key accounts, and meet or exceed quarterly sales quotas. You should be comfortable with prospecting, consultative selling, cold calling, and relationship building. We are looking for candidates with 2+ years of B2B sales experience, experience with CRM tools such as Salesforce, and self-motivated and results-driven. Apply today to become part of our team."
accountant,"We are looking for a Financial Accountant to join our growing team. In this role, you will ensure compliance with GAAP, assist with the annual audit, and process accounts payable and receivable transactions. Relevant skills include budgeting, financial reporting, month-end close, and accounts receivable. You should bring strong attention to detail, CPA or CPA-track preferred, and a Bachelor's degree in Accounting or Finance. This is a full-time position with opportunities for growth."
sales_representative,"As a Account Executive on our team, you will play a key role in our day-to-day operations. Day to day, you will negotiate contract terms and pricing, meet or exceed quarterly sales quotas, and prospect and qualify new sales leads. You should be comfortable with territory management, closing deals, relationship building, and lead generation. You should bring a track record of meeting or exceeding quota, 2+ years of B2B sales experience, and experience with CRM tools such as Salesforce. We offer a competitive salary and comprehensive benefits package."
graphic_designer,"Our company is seeking an experienced Creative Designer to help drive our next phase of growth. In this role, you will manage multiple design projects simultaneously, create visual assets for marketing campaigns, and present design concepts to stakeholders. This role requires strong skills in Adobe Illustrator, Figma, motion graphics, and color theory. We are looking for candidates with strong eye for typography and layout, a portfolio demonstrating strong visual design skills, and proficiency in the Adobe Creative Suite. This is a full-time position with opportunities for growth."
accountant,"Join us as a Accounting Analyst and make a real impact from day one. In this role, you will support budgeting and forecasting cycles, prepare monthly financial statements, and identify and resolve discrepancies in financial records. You should be comfortable with accounts payable, QuickBooks, audit support, and accounts receivable. You should bring proficiency with accounting software, a Bachelor's degree in Accounting or Finance, and 2+ years of accounting experience. Apply today to become part of our team."
registered_nurse,"As a Registered Nurse on our team, you will play a key role in our day-to-day operations. In this role, you will administer medications per physician orders, educate patients and families on care plans, and respond to emergency situations calmly and effectively. You should be comfortable with infection control protocols, medication administration, vital signs monitoring, and IV therapy. The ideal candidate will have excellent bedside manner, an active RN license in good standing, and BLS and ACLS certification. Apply today to become part of our team."
graphic_designer,"As a Creative Designer on our team, you will play a key role in our day-to-day operations. You will be expected to maintain brand consistency across channels, iterate on designs based on feedback, and collaborate with marketing on campaign concepts. This role requires strong skills in brand identity, print production, UI design principles, and Figma. You should bring proficiency in the Adobe Creative Suite, a portfolio demonstrating strong visual design skills, and a degree in Graphic Design or related field. We offer a competitive salary and comprehensive benefits package."
sales_representative,"Join us as a Sales Representative and make a real impact from day one. In this role, you will build and maintain a pipeline of opportunities, negotiate contract terms and pricing, and maintain accurate records in the CRM. This role requires strong skills in prospecting, pipeline management, territory management, and quota attainment. Requirements include 2+ years of B2B sales experience, excellent verbal and written communication skills, and experience with CRM tools such as Salesforce. We offer a competitive salary and comprehensive benefits package."
registered_nurse,"We're hiring a Clinical Nurse who is passionate about delivering high-quality work. Key responsibilities include administer medications per physician orders, coordinate with the care team, and provide direct patient care on the unit. This role requires strong skills in electronic health records, infection control protocols, medication administration, and wound care. Requirements include excellent bedside manner, 2+ years of clinical experience, and ability to work rotating shifts including nights and weekends. This is a full-time position with opportunities for growth."
sales_representative,"As a Sales Associate on our team, you will play a key role in our day-to-day operations. You will be expected to build long-term relationships with key accounts, negotiate contract terms and pricing, and conduct product demonstrations for prospective clients. Relevant skills include cold calling, lead generation, pipeline management, and CRM software. Requirements include self-motivated and results-driven, excellent verbal and written communication skills, and 2+ years of B2B sales experience. We value diversity and are proud to be an equal opportunity employer."
graphic_designer,"We're hiring a Creative Designer who is passionate about delivering high-quality work. Key responsibilities include collaborate with marketing on campaign concepts, iterate on designs based on feedback, and design layouts for print and digital media. This role requires strong skills in color theory, Adobe Photoshop, motion graphics, and layout design. You should bring proficiency in the Adobe Creative Suite, a degree in Graphic Design or related field, and strong eye for typography and layout. Apply today to become part of our team."
accountant,"As a Staff Accountant on our team, you will play a key role in our day-to-day operations. Key responsibilities include support budgeting and forecasting cycles, identify and resolve discrepancies in financial records, and ensure compliance with GAAP. This role requires strong skills in accounts payable, GAAP, QuickBooks, and reconciliations. The ideal candidate will have CPA or CPA-track preferred, 2+ years of accounting experience, and proficiency with accounting software. This is a full-time position with opportunities for growth."
software_engineer,"Join us as a Backend Developer and make a real impact from day one. Key responsibilities include mentor junior engineers, collaborate with product managers on requirements, and review pull requests. You should be comfortable with CI/CD pipelines, microservices, cloud infrastructure, and Git. We are looking for candidates with 3+ years of professional software development experience, a degree in Computer Science or related field, and strong problem-solving skills. We value diversity and are proud to be an equal opportunity employer."
software_engineer,"We are looking for a Platform Engineer to join our growing team. Day to day, you will optimize database queries, debug production incidents, and mentor junior engineers. You should be comfortable with Git, distributed systems, SQL databases, and algorithms and data structures. We are looking for candidates with excellent communication skills, a degree in Computer Science or related field, and 3+ years of professional software development experience. We offer a competitive salary and comprehensive benefits package."
data_scientist,"Join us as a Machine Learning Engineer and make a real impact from day one. Key responsibilities include collaborate with engineering on model deployment, clean and preprocess messy real-world data, and design and analyze experiments. Relevant skills include model deployment, Python, causal inference, and A/B testing. You should bring experience presenting to business stakeholders, ability to translate ambiguous problems into models, and strong statistical foundations. This is a full-time position with opportunities for growth."
registered_nurse,"Join us as a Staff Nurse and make a real impact from day one. In this role, you will respond to emergency situations calmly and effectively, administer medications per physician orders, and coordinate with the care team. Relevant skills include patient education, patient assessment, wound care, and IV therapy. You should bring an active RN license in good standing, 2+ years of clinical experience, and ability to work rotating shifts including nights and weekends. We value diversity and are proud to be an equal opportunity employer."
accountant,"Join us as a Senior Accountant and make a real impact from day one. Day to day, you will support budgeting and forecasting cycles, assist with the annual audit, and identify and resolve discrepancies in financial records. Relevant skills include variance analysis, journal entries, accounts receivable, and GAAP. The ideal candidate will have proficiency with accounting software, a Bachelor's degree in Accounting or Finance, and CPA or CPA-track preferred. We offer a competitive salary and comprehensive benefits package."
registered_nurse,"Join us as a ICU Nurse and make a real impact from day one. Day to day, you will monitor patient vital signs and escalate concerns, coordinate with the care team, and document care accurately in the electronic health record. You should be comfortable with patient education, triage, medication administration, and vital signs monitoring. We are looking for candidates with ability to work rotating shifts including nights and weekends, BLS and ACLS certification, and excellent bedside manner. We value diversity and are proud to be an equal opportunity employer."
registered_nurse,"As a Staff Nurse on our team, you will play a key role in our day-to-day operations. You will be expected to coordinate with the care team, provide direct patient care on the unit, and administer medications per physician orders. You should be comfortable with vital signs monitoring, electronic health records, medication administration, and patient education. Requirements include 2+ years of clinical experience, excellent bedside manner, and an active RN license in good standing. This is a full-time position with opportunities for growth."
graphic_designer,"We are looking for a Visual Designer to join our growing team. You will be expected to collaborate with marketing on campaign concepts, manage multiple design projects simultaneously, and iterate on designs based on feedback. This role requires strong skills in layout design, print production, Adobe Photoshop, and typography. Requirements include ability to work under tight deadlines, strong eye for typography and layout, and a portfolio demonstrating strong visual design skills. We value diversity and are proud to be an equal opportunity employer."
software_engineer,"We are looking for a Platform Engineer to join our growing team. In this role, you will mentor junior engineers, debug production incidents, and optimize database queries. You should be comfortable with system design, Docker, unit testing, and Python. We are looking for candidates with excellent communication skills, experience with agile development, and 3+ years of professional software development experience. This is a full-time position with opportunities for growth."
accountant,"We're hiring a Senior Accountant who is passionate about delivering high-quality work. You will be expected to assist with the annual audit, identify and resolve discrepancies in financial records, and reconcile general ledger accounts. Relevant skills include QuickBooks, tax compliance, journal entries, and reconciliations. We are looking for candidates with strong attention to detail, a Bachelor's degree in Accounting or Finance, and proficiency with accounting software. We value diversity and are proud to be an equal opportunity employer."
registered_nurse,"Our company is seeking an experienced ICU Nurse to help drive our next phase of growth. You will be expected to document care accurately in the electronic health record, provide direct patient care on the unit, and educate patients and families on care plans. This role requires strong skills in patient education, patient assessment, electronic health records, and medication administration. You should bring 2+ years of clinical experience, excellent bedside manner, and ability to work rotating shifts including nights and weekends. This is a full-time position with opportunities for growth."
registered_nurse,"We are looking for a ICU Nurse to join our growing team. Day to day, you will document care accurately in the electronic health record, coordinate with the care team, and provide direct patient care on the unit. You should be comfortable with triage, care plan documentation, electronic health records, and vital signs monitoring. You should bring BLS and ACLS certification, ability to work rotating shifts including nights and weekends, and an active RN license in good standing. We value diversity and are proud to be an equal opportunity employer."
registered_nurse,"We're hiring a Clinical Nurse who is passionate about delivering high-quality work. You will be expected to document care accurately in the electronic health record, educate patients and families on care plans, and monitor patient vital signs and escalate concerns. Relevant skills include patient education, IV therapy, electronic health records, and patient assessment. Requirements include ability to work rotating shifts including nights and weekends, BLS and ACLS certification, and an active RN license in good standing. We offer a competitive salary and comprehensive benefits package."
software_engineer,"We are looking for a Platform Engineer to join our growing team. Day to day, you will debug production incidents, collaborate with product managers on requirements, and mentor junior engineers. You should be comfortable with unit testing, distributed systems, microservices, and code review. The ideal candidate will have experience with agile development, 3+ years of professional software development experience, and strong problem-solving skills. We value diversity and are proud to be an equal opportunity employer."
sales_representative,"Our company is seeking an experienced Account Executive to help drive our next phase of growth. Day to day, you will meet or exceed quarterly sales quotas, negotiate contract terms and pricing, and conduct product demonstrations for prospective clients. This role requires strong skills in cold calling, pipeline management, quota attainment, and prospecting. You should bring 2+ years of B2B sales experience, experience with CRM tools such as Salesforce, and self-motivated and results-driven. Apply today to become part of our team."
software_engineer,"We're hiring a Backend Developer who is passionate about delivering high-quality work. Day to day, you will collaborate with product managers on requirements, mentor junior engineers, and design and implement scalable backend services. You should be comfortable with SQL databases, system design, Kubernetes, and unit testing. The ideal candidate will have a degree in Computer Science or related field, experience with agile development, and strong problem-solving skills. We offer a competitive salary and comprehensive benefits package."
software_engineer,"As a Backend Developer on our team, you will play a key role in our day-to-day operations. In this role, you will participate in on-call rotations, debug production incidents, and optimize database queries. You should be comfortable with distributed systems, algorithms and data structures, code review, and CI/CD pipelines. We are looking for candidates with experience with agile development, a degree in Computer Science or related field, and excellent communication skills. We offer a competitive salary and comprehensive benefits package."
registered_nurse,"We are looking for a Clinical Nurse to join our growing team. Day to day, you will respond to emergency situations calmly and effectively, administer medications per physician orders, and educate patients and families on care plans. You should be comfortable with medication administration, wound care, care plan documentation, and vital signs monitoring. Requirements include an active RN license in good standing, ability to work rotating shifts including nights and weekends, and BLS and ACLS certification. This is a full-time position with opportunities for growth."
graphic_designer,"Join us as a Graphic Designer and make a real impact from day one. You will be expected to collaborate with marketing on campaign concepts, design layouts for print and digital media, and iterate on designs based on feedback. Relevant skills include InDesign, Figma, motion graphics, and Adobe Photoshop. You should bring ability to work under tight deadlines, proficiency in the Adobe Creative Suite, and a degree in Graphic Design or related field. Apply today to become part of our team."
accountant,"Our company is seeking an experienced Financial Accountant to help drive our next phase of growth. You will be expected to assist with the annual audit, identify and resolve discrepancies in financial records, and ensure compliance with GAAP. Relevant skills include variance analysis, audit support, Excel, and financial reporting. The ideal candidate will have 2+ years of accounting experience, strong attention to detail, and CPA or CPA-track preferred. This is a full-time position with opportunities for growth."
software_engineer,"We are looking for a Platform Engineer to join our growing team. You will be expected to review pull requests, participate in on-call rotations, and write clean, well-tested code. Relevant skills include Python, Git, Kubernetes, and REST APIs. We are looking for candidates with experience with agile development, 3+ years of professional software development experience, and excellent communication skills. We value diversity and are proud to be an equal opportunity employer."
sales_representative,"Our company is seeking an experienced Sales Representative to help drive our next phase of growth. In this role, you will maintain accurate records in the CRM, build long-term relationships with key accounts, and build and maintain a pipeline of opportunities. Relevant skills include cold calling, CRM software, pipeline management, and lead generation. We are looking for candidates with experience with CRM tools such as Salesforce, a track record of meeting or exceeding quota, and excellent verbal and written communication skills. We offer a competitive salary and comprehensive benefits package."
data_scientist,"Join us as a ML Researcher and make a real impact from day one. Day to day, you will collaborate with engineering on model deployment, communicate findings to stakeholders, and design and analyze experiments. You should be comfortable with experiment design, SQL, model deployment, and causal inference. The ideal candidate will have strong statistical foundations, ability to translate ambiguous problems into models, and a graduate degree in a quantitative field. We value diversity and are proud to be an equal opportunity employer."
registered_nurse,"We're hiring a ICU Nurse who is passionate about delivering high-quality work. You will be expected to document care accurately in the electronic health record, coordinate with the care team, and administer medications per physician orders. This role requires strong skills in patient education, vital signs monitoring, IV therapy, and wound care. Requirements include BLS and ACLS certification, excellent bedside manner, and 2+ years of clinical experience. We value diversity and are proud to be an equal opportunity employer."
registered_nurse,"We are looking for a Registered Nurse to join our growing team. Key responsibilities include respond to emergency situations calmly and effectively, document care accurately in the electronic health record, and educate patients and families on care plans. You should be comfortable with medication administration, infection control protocols, triage, and vital signs monitoring. The ideal candidate will have an active RN license in good standing, 2+ years of clinical experience, and excellent bedside manner. Apply today to become part of our team."
sales_representative,"We're hiring a Account Executive who is passionate about delivering high-quality work. Day to day, you will meet or exceed quarterly sales quotas, prospect and qualify new sales leads, and build long-term relationships with key accounts. You should be comfortable with negotiation, prospecting, pipeline management, and closing deals. We are looking for candidates with experience with CRM tools such as Salesforce, excellent verbal and written communication skills, and 2+ years of B2B sales experience. Apply today to become part of our team."
data_scientist,"We're hiring a Machine Learning Engineer who is passionate about delivering high-quality work. Key responsibilities include build predictive models from large datasets, communicate findings to stakeholders, and design and analyze experiments. This role requires strong skills in statistical modeling, scikit-learn, hypothesis testing, and SQL. Requirements include ability to translate ambiguous problems into models, experience presenting to business stakeholders, and a graduate degree in a quantitative field. Apply today to become part of our team."
sales_representative,"Our company is seeking an experienced Account Executive to help drive our next phase of growth. Day to day, you will build and maintain a pipeline of opportunities, negotiate contract terms and pricing, and conduct product demonstrations for prospective clients. You should be comfortable with CRM software, pipeline management, relationship building, and territory management. We are looking for candidates with self-motivated and results-driven, a track record of meeting or exceeding quota, and 2+ years of B2B sales experience. This is a full-time position with opportunities for growth."
graphic_designer,"Our company is seeking an experienced Brand Designer to help drive our next phase of growth. Day to day, you will create visual assets for marketing campaigns, design layouts for print and digital media, and manage multiple design projects simultaneously. Relevant skills include brand identity, Adobe Photoshop, InDesign, and UI design principles. You should bring ability to work under tight deadlines, proficiency in the Adobe Creative Suite, and a portfolio demonstrating strong visual design skills. We value diversity and are proud to be an equal opportunity employer."
graphic_designer,"We're hiring a Creative Designer who is passionate about delivering high-quality work. Day to day, you will design layouts for print and digital media, manage multiple design projects simultaneously, and collaborate with marketing on campaign concepts. This role requires strong skills in Figma, layout design, color theory, and Adobe Photoshop. We are looking for candidates with strong eye for typography and layout, proficiency in the Adobe Creative Suite, and ability to work under tight deadlines. We value diversity and are proud to be an equal opportunity employer."
accountant,"Our company is seeking an experienced Financial Accountant to help drive our next phase of growth. You will be expected to identify and resolve discrepancies in financial records, ensure compliance with GAAP, and support budgeting and forecasting cycles. This role requires strong skills in GAAP, QuickBooks, audit support, and tax compliance. Requirements include strong attention to detail, 2+ years of accounting experience, and proficiency with accounting software. We offer a competitive salary and comprehensive benefits package."
accountant,"We're hiring a Staff Accountant who is passionate about delivering high-quality work. In this role, you will process accounts payable and receivable transactions, ensure compliance with GAAP, and support budgeting and forecasting cycles. This role requires strong skills in GAAP, financial reporting, tax compliance, and variance analysis. We are looking for candidates with 2+ years of accounting experience, strong attention to detail, and a Bachelor's degree in Accounting or Finance. We value diversity and are proud to be an equal opportunity employer."
accountant,"As a Accounting Analyst on our team, you will play a key role in our day-to-day operations. Key responsibilities include assist with the annual audit, process accounts payable and receivable transactions, and identify and resolve discrepancies in financial records. This role requires strong skills in financial reporting, GAAP, journal entries, and budgeting. We are looking for candidates with 2+ years of accounting experience, proficiency with accounting software, and CPA or CPA-track preferred. Apply today to become part of our team."
data_scientist,"Our company is seeking an experienced Machine Learning Engineer to help drive our next phase of growth. In this role, you will collaborate with engineering on model deployment, communicate findings to stakeholders, and design and analyze experiments. Relevant skills include A/B testing, deep learning, statistical modeling, and feature engineering. We are looking for candidates with strong statistical foundations, experience presenting to business stakeholders, and ability to translate ambiguous problems into models. We value diversity and are proud to be an equal opportunity employer."
sales_representative,"As a Account Executive on our team, you will play a key role in our day-to-day operations. You will be expected to build and maintain a pipeline of opportunities, prospect and qualify new sales leads, and conduct product demonstrations for prospective clients. You should be comfortable with quota attainment, prospecting, cold calling, and CRM software. We are looking for candidates with self-motivated and results-driven, 2+ years of B2B sales experience, and experience with CRM tools such as Salesforce. We value diversity and are proud to be an equal opportunity employer."
sales_representative,"We are looking for a Account Executive to join our growing team. You will be expected to meet or exceed quarterly sales quotas, prospect and qualify new sales leads, and build long-term relationships with key accounts. You should be comfortable with prospecting, quota attainment, negotiation, and territory management. The ideal candidate will have a track record of meeting or exceeding quota, excellent verbal and written communication skills, and 2+ years of B2B sales experience. We offer a competitive salary and comprehensive benefits package."
data_scientist,"Join us as a Data Scientist and make a real impact from day one. Key responsibilities include design and analyze experiments, clean and preprocess messy real-world data, and build predictive models from large datasets. Relevant skills include deep learning, scikit-learn, Python, and model deployment. We are looking for candidates with hands-on experience with machine learning frameworks, strong statistical foundations, and a graduate degree in a quantitative field. We value diversity and are proud to be an equal opportunity employer."
software_engineer,"We're hiring a Backend Developer who is passionate about delivering high-quality work. You will be expected to design and implement scalable backend services, mentor junior engineers, and optimize database queries. This role requires strong skills in unit testing, system design, distributed systems, and code review. Requirements include strong problem-solving skills, 3+ years of professional software development experience, and a degree in Computer Science or related field. This is a full-time position with opportunities for growth."
accountant,"Our company is seeking an experienced Accounting Analyst to help drive our next phase of growth. You will be expected to support budgeting and forecasting cycles, reconcile general ledger accounts, and process accounts payable and receivable transactions. This role requires strong skills in variance analysis, reconciliations, QuickBooks, and budgeting. The ideal candidate will have CPA or CPA-track preferred, proficiency with accounting software, and 2+ years of accounting experience. This is a full-time position with opportunities for growth."
graphic_designer,"Join us as a Graphic Designer and make a real impact from day one. Day to day, you will collaborate with marketing on campaign concepts, iterate on designs based on feedback, and create visual assets for marketing campaigns. This role requires strong skills in digital design, Adobe Photoshop, motion graphics, and color theory. You should bring a portfolio demonstrating strong visual design skills, proficiency in the Adobe Creative Suite, and a degree in Graphic Design or related field. Apply today to become part of our team."
data_scientist,"We are looking for a Data Scientist to join our growing team. Key responsibilities include present insights to non-technical audiences, communicate findings to stakeholders, and build predictive models from large datasets. You should be comfortable with hypothesis testing, statistical modeling, experiment design, and scikit-learn. You should bring hands-on experience with machine learning frameworks, strong statistical foundations, and ability to translate ambiguous problems into models. Apply today to become part of our team."
data_scientist,"Our company is seeking an experienced Applied Scientist to help drive our next phase of growth. Day to day, you will collaborate with engineering on model deployment, build predictive models from large datasets, and communicate findings to stakeholders. Relevant skills include statistical modeling, scikit-learn, pandas, and Python. The ideal candidate will have ability to translate ambiguous problems into models, experience presenting to business stakeholders, and a graduate degree in a quantitative field. We value diversity and are proud to be an equal opportunity employer."
graphic_designer,"We're hiring a Creative Designer who is passionate about delivering high-quality work. Key responsibilities include iterate on designs based on feedback, present design concepts to stakeholders, and design layouts for print and digital media. This role requires strong skills in brand identity, typography, Adobe Photoshop, and UI design principles. Requirements include a degree in Graphic Design or related field, strong eye for typography and layout, and ability to work under tight deadlines. We value diversity and are proud to be an equal opportunity employer."
registered_nurse,"We are looking for a Clinical Nurse to join our growing team. Day to day, you will monitor patient vital signs and escalate concerns, provide direct patient care on the unit, and administer medications per physician orders. You should be comfortable with vital signs monitoring, triage, electronic health records, and infection control protocols. We are looking for candidates with BLS and ACLS certification, an active RN license in good standing, and ability to work rotating shifts including nights and weekends. This is a full-time position with opportunities for growth."
graphic_designer,"As a Visual Designer on our team, you will play a key role in our day-to-day operations. Key responsibilities include collaborate with marketing on campaign concepts, manage multiple design projects simultaneously, and iterate on designs based on feedback. Relevant skills include InDesign, UI design principles, typography, and digital design. Requirements include a portfolio demonstrating strong visual design skills, a degree in Graphic Design or related field, and proficiency in the Adobe Creative Suite. Apply today to become part of our team."
sales_representative,"Join us as a Account Executive and make a real impact from day one. In this role, you will prospect and qualify new sales leads, negotiate contract terms and pricing, and build long-term relationships with key accounts. You should be comfortable with territory management, prospecting, CRM software, and closing deals. We are looking for candidates with self-motivated and results-driven, experience with CRM tools such as Salesforce, and excellent verbal and written communication skills. Apply today to become part of our team."
software_engineer,"We're hiring a Full Stack Engineer who is passionate about delivering high-quality work. Day to day, you will design and implement scalable backend services, review pull requests, and write clean, well-tested code. You should be comfortable with Docker, cloud infrastructure, Java, and SQL databases. Requirements include experience with agile development, a degree in Computer Science or related field, and excellent communication skills. This is a full-time position with opportunities for growth."
graphic_designer,"As a Visual Designer on our team, you will play a key role in our day-to-day operations. Day to day, you will iterate on designs based on feedback, present design concepts to stakeholders, and create visual assets for marketing campaigns. This role requires strong skills in Adobe Photoshop, Figma, digital design, and InDesign. The ideal candidate will have a degree in Graphic Design or related field, strong eye for typography and layout, and proficiency in the Adobe Creative Suite. We offer a competitive salary and comprehensive benefits package."
data_scientist,"Join us as a ML Researcher and make a real impact from day one. In this role, you will clean and preprocess messy real-world data, present insights to non-technical audiences, and collaborate with engineering on model deployment. This role requires strong skills in Python, pandas, SQL, and experiment design. We are looking for candidates with experience presenting to business stakeholders, strong statistical foundations, and hands-on experience with machine learning frameworks. We value diversity and are proud to be an equal opportunity employer."
data_scientist,"We are looking for a Applied Scientist to join our growing team. Key responsibilities include collaborate with engineering on model deployment, communicate findings to stakeholders, and build predictive models from large datasets. Relevant skills include data visualization, pandas, Python, and deep learning. You should bring a graduate degree in a quantitative field, experience presenting to business stakeholders, and ability to translate ambiguous problems into models. We offer a competitive salary and comprehensive benefits package."
sales_representative,"Join us as a Sales Associate and make a real impact from day one. You will be expected to meet or exceed quarterly sales quotas, prospect and qualify new sales leads, and negotiate contract terms and pricing. This role requires strong skills in territory management, relationship building, consultative selling, and lead generation. You should bring self-motivated and results-driven, 2+ years of B2B sales experience, and experience with CRM tools such as Salesforce. This is a full-time position with opportunities for growth."
data_scientist,"Join us as a Applied Scientist and make a real impact from day one. Key responsibilities include present insights to non-technical audiences, build predictive models from large datasets, and collaborate with engineering on model deployment. This role requires strong skills in deep learning, pandas, hypothesis testing, and PyTorch. Requirements include strong statistical foundations, a graduate degree in a quantitative field, and hands-on experience with machine learning frameworks. We value diversity and are proud to be an equal opportunity employer."
software_engineer,"As a Backend Developer on our team, you will play a key role in our day-to-day operations. You will be expected to review pull requests, optimize database queries, and debug production incidents. This role requires strong skills in system design, Java, SQL databases, and algorithms and data structures. Requirements include 3+ years of professional software development experience, experience with agile development, and strong problem-solving skills. We offer a competitive salary and comprehensive benefits package."
software_engineer,"We are looking for a Software Engineer to join our growing team. Day to day, you will participate in on-call rotations, write clean, well-tested code, and mentor junior engineers. Relevant skills include SQL databases, CI/CD pipelines, code review, and Docker. You should bring 3+ years of professional software development experience, a degree in Computer Science or related field, and excellent communication skills. We offer a competitive salary and comprehensive benefits package."
registered_nurse,"We are looking for a Clinical Nurse to join our growing team. In this role, you will document care accurately in the electronic health record, respond to emergency situations calmly and effectively, and administer medications per physician orders. You should be comfortable with patient assessment, triage, patient education, and IV therapy. Requirements include an active RN license in good standing, 2+ years of clinical experience, and ability to work rotating shifts including nights and weekends. This is a full-time position with opportunities for growth."
software_engineer,"Our company is seeking an experienced Software Engineer to help drive our next phase of growth. In this role, you will participate in on-call rotations, collaborate with product managers on requirements, and mentor junior engineers. You should be comfortable with Docker, Java, system design, and cloud infrastructure. Requirements include a degree in Computer Science or related field, experience with agile development, and excellent communication skills. We offer a competitive salary and comprehensive benefits package."
software_engineer,"As a Platform Engineer on our team, you will play a key role in our day-to-day operations. Key responsibilities include collaborate with product managers on requirements, review pull requests, and optimize database queries. This role requires strong skills in unit testing, SQL databases, distributed systems, and Docker. We are looking for candidates with strong problem-solving skills, experience with agile development, and a degree in Computer Science or related field. Apply today to become part of our team."
registered_nurse,"Our company is seeking an experienced Registered Nurse to help drive our next phase of growth. Key responsibilities include educate patients and families on care plans, provide direct patient care on the unit, and administer medications per physician orders. You should be comfortable with infection control protocols, care plan documentation, patient assessment, and triage. The ideal candidate will have 2+ years of clinical experience, an active RN license in good standing, and BLS and ACLS certification. Apply today to become part of our team."
data_scientist,"Join us as a Machine Learning Engineer and make a real impact from day one. You will be expected to communicate findings to stakeholders, clean and preprocess messy real-world data, and validate model performance rigorously. You should be comfortable with statistical modeling, A/B testing, scikit-learn, and PyTorch. Requirements include hands-on experience with machine learning frameworks, ability to translate ambiguous problems into models, and experience presenting to business stakeholders. We offer a competitive salary and comprehensive benefits package."
software_engineer,"As a Platform Engineer on our team, you will play a key role in our day-to-day operations. In this role, you will optimize database queries, review pull requests, and mentor junior engineers. This role requires strong skills in microservices, CI/CD pipelines, code review, and Kubernetes. You should bring excellent communication skills, 3+ years of professional software development experience, and a degree in Computer Science or related field. This is a full-time position with opportunities for growth."
sales_representative,"We're hiring a Sales Representative who is passionate about delivering high-quality work. You will be expected to meet or exceed quarterly sales quotas, conduct product demonstrations for prospective clients, and prospect and qualify new sales leads. Relevant skills include prospecting, closing deals, territory management, and negotiation. Requirements include a track record of meeting or exceeding quota, excellent verbal and written communication skills, and experience with CRM tools such as Salesforce. We value diversity and are proud to be an equal opportunity employer."
data_scientist,"We are looking for a Applied Scientist to join our growing team. Day to day, you will present insights to non-technical audiences, communicate findings to stakeholders, and collaborate with engineering on model deployment. This role requires strong skills in hypothesis testing, feature engineering, deep learning, and SQL. Requirements include ability to translate ambiguous problems into models, experience presenting to business stakeholders, and hands-on experience with machine learning frameworks. We offer a competitive salary and comprehensive benefits package."
accountant,"As a Financial Accountant on our team, you will play a key role in our day-to-day operations. You will be expected to process accounts payable and receivable transactions, reconcile general ledger accounts, and identify and resolve discrepancies in financial records. Relevant skills include variance analysis, GAAP, budgeting, and accounts receivable. We are looking for candidates with strong attention to detail, a Bachelor's degree in Accounting or Finance, and 2+ years of accounting experience. This is a full-time position with opportunities for growth."
sales_representative,"We're hiring a Sales Associate who is passionate about delivering high-quality work. In this role, you will prospect and qualify new sales leads, build long-term relationships with key accounts, and negotiate contract terms and pricing. Relevant skills include consultative selling, territory management, relationship building, and cold calling. We are looking for candidates with excellent verbal and written communication skills, a track record of meeting or exceeding quota, and experience with CRM tools such as Salesforce. Apply today to become part of our team."
software_engineer,"Our company is seeking an experienced Software Engineer to help drive our next phase of growth. Day to day, you will review pull requests, participate in on-call rotations, and design and implement scalable backend services. You should be comfortable with Docker, cloud infrastructure, CI/CD pipelines, and REST APIs. The ideal candidate will have experience with agile development, excellent communication skills, and 3+ years of professional software development experience. This is a full-time position with opportunities for growth."
software_engineer,"We are looking for a Software Engineer to join our growing team. Key responsibilities include participate in on-call rotations, collaborate with product managers on requirements, and optimize database queries. You should be comfortable with Git, Java, cloud infrastructure, and code review. We are looking for candidates with a degree in Computer Science or related field, experience with agile development, and excellent communication skills. We offer a competitive salary and comprehensive benefits package."
graphic_designer,"Join us as a Visual Designer and make a real impact from day one. Day to day, you will design layouts for print and digital media, manage multiple design projects simultaneously, and create visual assets for marketing campaigns. Relevant skills include brand identity, typography, InDesign, and layout design. Requirements include strong eye for typography and layout, proficiency in the Adobe Creative Suite, and a degree in Graphic Design or related field. This is a full-time position with opportunities for growth."
graphic_designer,"Join us as a Visual Designer and make a real impact from day one. Day to day, you will design layouts for print and digital media, create visual assets for marketing campaigns, and manage multiple design projects simultaneously. This role requires strong skills in layout design, brand identity, motion graphics, and digital design. Requirements include a portfolio demonstrating strong visual design skills, a degree in Graphic Design or related field, and proficiency in the Adobe Creative Suite. This is a full-time position with opportunities for growth."
accountant,"We are looking for a Senior Accountant to join our growing team. Key responsibilities include support budgeting and forecasting cycles, assist with the annual audit, and identify and resolve discrepancies in financial records. Relevant skills include reconciliations, journal entries, accounts payable, and budgeting. The ideal candidate will have CPA or CPA-track preferred, strong attention to detail, and 2+ years of accounting experience. We value diversity and are proud to be an equal opportunity employer."
accountant,"We're hiring a Staff Accountant who is passionate about delivering high-quality work. In this role, you will prepare monthly financial statements, ensure compliance with GAAP, and reconcile general ledger accounts. Relevant skills include month-end close, financial reporting, QuickBooks, and accounts payable. Requirements include 2+ years of accounting experience, proficiency with accounting software, and CPA or CPA-track preferred. We value diversity and are proud to be an equal opportunity employer."
graphic_designer,"We are looking for a Visual Designer to join our growing team. Key responsibilities include manage multiple design projects simultaneously, maintain brand consistency across channels, and collaborate with marketing on campaign concepts. Relevant skills include InDesign, layout design, print production, and digital design. Requirements include a portfolio demonstrating strong visual design skills, proficiency in the Adobe Creative Suite, and a degree in Graphic Design or related field. We value diversity and are proud to be an equal opportunity employer."
registered_nurse,"We're hiring a Registered Nurse who is passionate about delivering high-quality work. Key responsibilities include administer medications per physician orders, respond to emergency situations calmly and effectively, and coordinate with the care team. You should be comfortable with electronic health records, patient assessment, patient education, and infection control protocols. The ideal candidate will have excellent bedside manner, BLS and ACLS certification, and 2+ years of clinical experience. We value diversity and are proud to be an equal opportunity employer."
software_engineer,"As a Backend Developer on our team, you will play a key role in our day-to-day operations. Key responsibilities include collaborate with product managers on requirements, design and implement scalable backend services, and mentor junior engineers. You should be comfortable with microservices, code review, CI/CD pipelines, and REST APIs. Requirements include strong problem-solving skills, 3+ years of professional software development experience, and excellent communication skills. Apply today to become part of our team."
sales_representative,"We're hiring a Account Executive who is passionate about delivering high-quality work. In this role, you will negotiate contract terms and pricing, build and maintain a pipeline of opportunities, and maintain accurate records in the CRM. Relevant skills include CRM software, consultative selling, pipeline management, and negotiation. You should bring excellent verbal and written communication skills, experience with CRM tools such as Salesforce, and self-motivated and results-driven. We offer a competitive salary and comprehensive benefits package."
data_scientist,"Our company is seeking an experienced Data Scientist to help drive our next phase of growth. Day to day, you will build predictive models from large datasets, communicate findings to stakeholders, and validate model performance rigorously. This role requires strong skills in model deployment, experiment design, feature engineering, and A/B testing. We are looking for candidates with hands-on experience with machine learning frameworks, strong statistical foundations, and experience presenting to business stakeholders. We value diversity and are proud to be an equal opportunity employer."
software_engineer,"As a Software Engineer on our team, you will play a key role in our day-to-day operations. Key responsibilities include mentor junior engineers, design and implement scalable backend services, and debug production incidents. You should be comfortable with system design, Docker, unit testing, and CI/CD pipelines. Requirements include excellent communication skills, a degree in Computer Science or related field, and strong problem-solving skills. We offer a competitive salary and comprehensive benefits package."
accountant,"As a Accounting Analyst on our team, you will play a key role in our day-to-day operations. Key responsibilities include identify and resolve discrepancies in financial records, process accounts payable and receivable transactions, and reconcile general ledger accounts. You should be comfortable with reconciliations, accounts payable, QuickBooks, and variance analysis. We are looking for candidates with a Bachelor's degree in Accounting or Finance, strong attention to detail, and CPA or CPA-track preferred. Apply today to become part of our team."
registered_nurse,"Join us as a Registered Nurse and make a real impact from day one. You will be expected to administer medications per physician orders, respond to emergency situations calmly and effectively, and document care accurately in the electronic health record. Relevant skills include patient education, medication administration, IV therapy, and vital signs monitoring. We are looking for candidates with BLS and ACLS certification, an active RN license in good standing, and excellent bedside manner. Apply today to become part of our team."
software_engineer,"Join us as a Software Engineer and make a real impact from day one. Key responsibilities include review pull requests, participate in on-call rotations, and optimize database queries. This role requires strong skills in Python, unit testing, Java, and distributed systems. The ideal candidate will have excellent communication skills, a degree in Computer Science or related field, and strong problem-solving skills. Apply today to become part of our team."
sales_representative,"We are looking for a Sales Associate to join our growing team. Day to day, you will conduct product demonstrations for prospective clients, build and maintain a pipeline of opportunities, and meet or exceed quarterly sales quotas. This role requires strong skills in closing deals, relationship building, consultative selling, and negotiation. You should bring 2+ years of B2B sales experience, self-motivated and results-driven, and experience with CRM tools such as Salesforce. We value diversity and are proud to be an equal opportunity employer."
accountant,"As a Staff Accountant on our team, you will play a key role in our day-to-day operations. Key responsibilities include reconcile general ledger accounts, ensure compliance with GAAP, and prepare monthly financial statements. You should be comfortable with accounts payable, financial reporting, Excel, and reconciliations. The ideal candidate will have strong attention to detail, proficiency with accounting software, and 2+ years of accounting experience. We offer a competitive salary and comprehensive benefits package."
data_scientist,"We are looking for a ML Researcher to join our growing team. Key responsibilities include validate model performance rigorously, design and analyze experiments, and build predictive models from large datasets. You should be comfortable with deep learning, PyTorch, feature engineering, and hypothesis testing. Requirements include hands-on experience with machine learning frameworks, strong statistical foundations, and experience presenting to business stakeholders. We offer a competitive salary and comprehensive benefits package."
registered_nurse,"Our company is seeking an experienced Clinical Nurse to help drive our next phase of growth. You will be expected to administer medications per physician orders, coordinate with the care team, and monitor patient vital signs and escalate concerns. You should be comfortable with vital signs monitoring, IV therapy, wound care, and patient education. We are looking for candidates with ability to work rotating shifts including nights and weekends, excellent bedside manner, and 2+ years of clinical experience. We offer a competitive salary and comprehensive benefits package."
registered_nurse,"We are looking for a Registered Nurse to join our growing team. Day to day, you will coordinate with the care team, administer medications per physician orders, and document care accurately in the electronic health record. Relevant skills include care plan documentation, electronic health records, medication administration, and patient education. Requirements include 2+ years of clinical experience, BLS and ACLS certification, and excellent bedside manner. We offer a competitive salary and comprehensive benefits package."
graphic_designer,"We are looking for a Graphic Designer to join our growing team. You will be expected to manage multiple design projects simultaneously, collaborate with marketing on campaign concepts, and iterate on designs based on feedback. Relevant skills include Adobe Illustrator, Adobe Photoshop, InDesign, and print production. Requirements include ability to work under tight deadlines, a portfolio demonstrating strong visual design skills, and proficiency in the Adobe Creative Suite. This is a full-time position with opportunities for growth."
accountant,"We're hiring a Accounting Analyst who is passionate about delivering high-quality work. You will be expected to process accounts payable and receivable transactions, prepare monthly financial statements, and ensure compliance with GAAP. Relevant skills include variance analysis, GAAP, budgeting, and accounts receivable. The ideal candidate will have a Bachelor's degree in Accounting or Finance, 2+ years of accounting experience, and proficiency with accounting software. We value diversity and are proud to be an equal opportunity employer."
registered_nurse,"Our company is seeking an experienced Staff Nurse to help drive our next phase of growth. In this role, you will respond to emergency situations calmly and effectively, provide direct patient care on the unit, and administer medications per physician orders. This role requires strong skills in care plan documentation, patient assessment, vital signs monitoring, and triage. You should bring 2+ years of clinical experience, ability to work rotating shifts including nights and weekends, and BLS and ACLS certification. We offer a competitive salary and comprehensive benefits package."
registered_nurse,"Join us as a Staff Nurse and make a real impact from day one. You will be expected to respond to emergency situations calmly and effectively, monitor patient vital signs and escalate concerns, and provide direct patient care on the unit. Relevant skills include care plan documentation, electronic health records, patient assessment, and medication administration. Requirements include ability to work rotating shifts including nights and weekends, an active RN license in good standing, and 2+ years of clinical experience. Apply today to become part of our team."
graphic_designer,"We are looking for a Visual Designer to join our growing team. You will be expected to present design concepts to stakeholders, create visual assets for marketing campaigns, and design layouts for print and digital media. Relevant skills include digital design, Adobe Illustrator, layout design, and color theory. Requirements include a portfolio demonstrating strong visual design skills, strong eye for typography and layout, and a degree in Graphic Design or related field. Apply today to become part of our team."
sales_representative,"Join us as a Sales Representative and make a real impact from day one. You will be expected to build long-term relationships with key accounts, conduct product demonstrations for prospective clients, and build and maintain a pipeline of opportunities. You should be comfortable with negotiation, quota attainment, pipeline management, and prospecting. We are looking for candidates with excellent verbal and written communication skills, self-motivated and results-driven, and experience with CRM tools such as Salesforce. We value diversity and are proud to be an equal opportunity employer."
data_scientist,"We are looking for a Data Scientist to join our growing team. In this role, you will collaborate with engineering on model deployment, design and analyze experiments, and validate model performance rigorously. You should be comfortable with hypothesis testing, scikit-learn, Python, and statistical modeling. You should bring ability to translate ambiguous problems into models, strong statistical foundations, and a graduate degree in a quantitative field. Apply today to become part of our team."
software_engineer,"Our company is seeking an experienced Software Engineer to help drive our next phase of growth. In this role, you will write clean, well-tested code, collaborate with product managers on requirements, and participate in on-call rotations. You should be comfortable with distributed systems, Python, Docker, and SQL databases. We are looking for candidates with excellent communication skills, experience with agile development, and 3+ years of professional software development experience. This is a full-time position with opportunities for growth."
sales_representative,"We're hiring a Account Executive who is passionate about delivering high-quality work. Key responsibilities include build and maintain a pipeline of opportunities, prospect and qualify new sales leads, and build long-term relationships with key accounts. Relevant skills include CRM software, negotiation, pipeline management, and territory management. We are looking for candidates with experience with CRM tools such as Salesforce, self-motivated and results-driven, and a track record of meeting or exceeding quota. This is a full-time position with opportunities for growth."
software_engineer,"We're hiring a Full Stack Engineer who is passionate about delivering high-quality work. Day to day, you will write clean, well-tested code, optimize database queries, and review pull requests. This role requires strong skills in Kubernetes, Python, SQL databases, and code review. Requirements include experience with agile development, 3+ years of professional software development experience, and excellent communication skills. We value diversity and are proud to be an equal opportunity employer."
software_engineer,"Join us as a Full Stack Engineer and make a real impact from day one. You will be expected to review pull requests, participate in on-call rotations, and mentor junior engineers. This role requires strong skills in Python, REST APIs, Docker, and CI/CD pipelines. The ideal candidate will have a degree in Computer Science or related field, 3+ years of professional software development experience, and experience with agile development. This is a full-time position with opportunities for growth."
registered_nurse,"Our company is seeking an experienced Staff Nurse to help drive our next phase of growth. Key responsibilities include administer medications per physician orders, coordinate with the care team, and provide direct patient care on the unit. You should be comfortable with medication administration, vital signs monitoring, patient assessment, and wound care. We are looking for candidates with 2+ years of clinical experience, an active RN license in good standing, and ability to work rotating shifts including nights and weekends. We offer a competitive salary and comprehensive benefits package."
data_scientist,"Our company is seeking an experienced ML Researcher to help drive our next phase of growth. Key responsibilities include present insights to non-technical audiences, design and analyze experiments, and clean and preprocess messy real-world data. Relevant skills include model deployment, A/B testing, Python, and PyTorch. We are looking for candidates with strong statistical foundations, a graduate degree in a quantitative field, and experience presenting to business stakeholders. We value diversity and are proud to be an equal opportunity employer."
registered_nurse,"Our company is seeking an experienced ICU Nurse to help drive our next phase of growth. In this role, you will document care accurately in the electronic health record, educate patients and families on care plans, and monitor patient vital signs and escalate concerns. Relevant skills include electronic health records, care plan documentation, infection control protocols, and patient assessment. Requirements include excellent bedside manner, an active RN license in good standing, and ability to work rotating shifts including nights and weekends. We value diversity and are proud to be an equal opportunity employer."
graphic_designer,"We are looking for a Creative Designer to join our growing team. Day to day, you will create visual assets for marketing campaigns, present design concepts to stakeholders, and maintain brand consistency across channels. This role requires strong skills in typography, print production, layout design, and InDesign. Requirements include a portfolio demonstrating strong visual design skills, ability to work under tight deadlines, and strong eye for typography and layout. We offer a competitive salary and comprehensive benefits package."
sales_representative,"As a Sales Representative on our team, you will play a key role in our day-to-day operations. Day to day, you will build and maintain a pipeline of opportunities, conduct product demonstrations for prospective clients, and build long-term relationships with key accounts. Relevant skills include lead generation, negotiation, closing deals, and territory management. You should bring experience with CRM tools such as Salesforce, excellent verbal and written communication skills, and self-motivated and results-driven. We value diversity and are proud to be an equal opportunity employer."
sales_representative,"As a Account Executive on our team, you will play a key role in our day-to-day operations. Key responsibilities include prospect and qualify new sales leads, build long-term relationships with key accounts, and conduct product demonstrations for prospective clients. Relevant skills include closing deals, cold calling, consultative selling, and relationship building. We are looking for candidates with a track record of meeting or exceeding quota, 2+ years of B2B sales experience, and self-motivated and results-driven. Apply today to become part of our team."
accountant,"We're hiring a Senior Accountant who is passionate about delivering high-quality work. In this role, you will process accounts payable and receivable transactions, assist with the annual audit, and identify and resolve discrepancies in financial records. Relevant skills include accounts receivable, QuickBooks, variance analysis, and month-end close. The ideal candidate will have a Bachelor's degree in Accounting or Finance, 2+ years of accounting experience, and CPA or CPA-track preferred. We offer a competitive salary and comprehensive benefits package."
accountant,"Our company is seeking an experienced Accounting Analyst to help drive our next phase of growth. Day to day, you will process accounts payable and receivable transactions, identify and resolve discrepancies in financial records, and prepare monthly financial statements. You should be comfortable with journal entries, reconciliations, Excel, and variance analysis. We are looking for candidates with proficiency with accounting software, a Bachelor's degree in Accounting or Finance, and 2+ years of accounting experience. Apply today to become part of our team."
sales_representative,"As a Business Development Representative on our team, you will play a key role in our day-to-day operations. In this role, you will conduct product demonstrations for prospective clients, build long-term relationships with key accounts, and negotiate contract terms and pricing. Relevant skills include negotiation, territory management, closing deals, and relationship building. You should bring a track record of meeting or exceeding quota, self-motivated and results-driven, and excellent verbal and written communication skills. This is a full-time position with opportunities for growth."
accountant,"As a Senior Accountant on our team, you will play a key role in our day-to-day operations. Day to day, you will identify and resolve discrepancies in financial records, assist with the annual audit, and process accounts payable and receivable transactions. Relevant skills include tax compliance, GAAP, audit support, and accounts receivable. Requirements include CPA or CPA-track preferred, strong attention to detail, and 2+ years of accounting experience. Apply today to become part of our team."
registered_nurse,"We are looking for a Registered Nurse to join our growing team. Day to day, you will coordinate with the care team, provide direct patient care on the unit, and educate patients and families on care plans. You should be comfortable with patient education, medication administration, IV therapy, and wound care. We are looking for candidates with BLS and ACLS certification, ability to work rotating shifts including nights and weekends, and 2+ years of clinical experience. We value diversity and are proud to be an equal opportunity employer."
sales_representative,"Join us as a Sales Associate and make a real impact from day one. You will be expected to negotiate contract terms and pricing, build long-term relationships with key accounts, and meet or exceed quarterly sales quotas. Relevant skills include cold calling, territory management, lead generation, and prospecting. The ideal candidate will have self-motivated and results-driven, experience with CRM tools such as Salesforce, and 2+ years of B2B sales experience. We offer a competitive salary and comprehensive benefits package."
graphic_designer,"We're hiring a Creative Designer who is passionate about delivering high-quality work. In this role, you will collaborate with marketing on campaign concepts, iterate on designs based on feedback, and maintain brand consistency across channels. You should be comfortable with layout design, print production, color theory, and InDesign. We are looking for candidates with ability to work under tight deadlines, proficiency in the Adobe Creative Suite, and strong eye for typography and layout. We value diversity and are proud to be an equal opportunity employer."
software_engineer,"As a Software Engineer on our team, you will play a key role in our day-to-day operations. You will be expected to design and implement scalable backend services, debug production incidents, and optimize database queries. Relevant skills include Docker, distributed systems, REST APIs, and unit testing. The ideal candidate will have excellent communication skills, 3+ years of professional software development experience, and a degree in Computer Science or related field. We offer a competitive salary and comprehensive benefits package."
registered_nurse,"We are looking for a ICU Nurse to join our growing team. Key responsibilities include provide direct patient care on the unit, respond to emergency situations calmly and effectively, and administer medications per physician orders. Relevant skills include patient assessment, infection control protocols, care plan documentation, and triage. Requirements include ability to work rotating shifts including nights and weekends, BLS and ACLS certification, and an active RN license in good standing. This is a full-time position with opportunities for growth."
sales_representative,"We're hiring a Sales Associate who is passionate about delivering high-quality work. Day to day, you will build and maintain a pipeline of opportunities, maintain accurate records in the CRM, and meet or exceed quarterly sales quotas. This role requires strong skills in relationship building, consultative selling, pipeline management, and quota attainment. The ideal candidate will have experience with CRM tools such as Salesforce, 2+ years of B2B sales experience, and a track record of meeting or exceeding quota. We offer a competitive salary and comprehensive benefits package."
registered_nurse,"As a Registered Nurse on our team, you will play a key role in our day-to-day operations. You will be expected to monitor patient vital signs and escalate concerns, coordinate with the care team, and respond to emergency situations calmly and effectively. This role requires strong skills in medication administration, patient assessment, electronic health records, and wound care. The ideal candidate will have excellent bedside manner, an active RN license in good standing, and BLS and ACLS certification. This is a full-time position with opportunities for growth."
sales_representative,"We are looking for a Account Executive to join our growing team. In this role, you will negotiate contract terms and pricing, maintain accurate records in the CRM, and prospect and qualify new sales leads. This role requires strong skills in CRM software, territory management, closing deals, and quota attainment. We are looking for candidates with 2+ years of B2B sales experience, experience with CRM tools such as Salesforce, and excellent verbal and written communication skills. Apply today to become part of our team."
accountant,"Our company is seeking an experienced Financial Accountant to help drive our next phase of growth. Key responsibilities include ensure compliance with GAAP, support budgeting and forecasting cycles, and prepare monthly financial statements. You should be comfortable with QuickBooks, month-end close, reconciliations, and budgeting. The ideal candidate will have 2+ years of accounting experience, strong attention to detail, and proficiency with accounting software. We offer a competitive salary and comprehensive benefits package."
graphic_designer,"Our company is seeking an experienced Brand Designer to help drive our next phase of growth. Day to day, you will present design concepts to stakeholders, design layouts for print and digital media, and collaborate with marketing on campaign concepts. Relevant skills include typography, Adobe Illustrator, Figma, and digital design. Requirements include proficiency in the Adobe Creative Suite, a degree in Graphic Design or related field, and a portfolio demonstrating strong visual design skills. We offer a competitive salary and comprehensive benefits package."
data_scientist,"Our company is seeking an experienced Applied Scientist to help drive our next phase of growth. Day to day, you will build predictive models from large datasets, validate model performance rigorously, and present insights to non-technical audiences. You should be comfortable with A/B testing, scikit-learn, deep learning, and PyTorch. Requirements include strong statistical foundations, a graduate degree in a quantitative field, and experience presenting to business stakeholders. We value diversity and are proud to be an equal opportunity employer."
data_scientist,"Our company is seeking an experienced Machine Learning Engineer to help drive our next phase of growth. Key responsibilities include present insights to non-technical audiences, communicate findings to stakeholders, and clean and preprocess messy real-world data. Relevant skills include pandas, statistical modeling, scikit-learn, and causal inference. Requirements include a graduate degree in a quantitative field, strong statistical foundations, and ability to translate ambiguous problems into models. Apply today to become part of our team."
sales_representative,"We are looking for a Business Development Representative to join our growing team. You will be expected to prospect and qualify new sales leads, build long-term relationships with key accounts, and maintain accurate records in the CRM. You should be comfortable with territory management, CRM software, quota attainment, and cold calling. You should bring 2+ years of B2B sales experience, experience with CRM tools such as Salesforce, and excellent verbal and written communication skills. We value diversity and are proud to be an equal opportunity employer."
sales_representative,"As a Business Development Representative on our team, you will play a key role in our day-to-day operations. In this role, you will maintain accurate records in the CRM, build long-term relationships with key accounts, and negotiate contract terms and pricing. Relevant skills include quota attainment, pipeline management, closing deals, and cold calling. Requirements include a track record of meeting or exceeding quota, 2+ years of B2B sales experience, and self-motivated and results-driven. Apply today to become part of our team."
data_scientist,"We're hiring a Applied Scientist who is passionate about delivering high-quality work. You will be expected to build predictive models from large datasets, present insights to non-technical audiences, and validate model performance rigorously. You should be comfortable with statistical modeling, experiment design, hypothesis testing, and causal inference. Requirements include experience presenting to business stakeholders, hands-on experience with machine learning frameworks, and ability to translate ambiguous problems into models. Apply today to become part of our team."
registered_nurse,"We're hiring a ICU Nurse who is passionate about delivering high-quality work. In this role, you will document care accurately in the electronic health record, educate patients and families on care plans, and provide direct patient care on the unit. This role requires strong skills in IV therapy, patient education, electronic health records, and wound care. We are looking for candidates with ability to work rotating shifts including nights and weekends, BLS and ACLS certification, and 2+ years of clinical experience. Apply today to become part of our team."
registered_nurse,"Join us as a Clinical Nurse and make a real impact from day one. Day to day, you will respond to emergency situations calmly and effectively, document care accurately in the electronic health record, and educate patients and families on care plans. You should be comfortable with patient assessment, IV therapy, wound care, and electronic health records. We are looking for candidates with an active RN license in good standing, ability to work rotating shifts including nights and weekends, and excellent bedside manner. We offer a competitive salary and comprehensive benefits package."
registered_nurse,"We are looking for a ICU Nurse to join our growing team. Key responsibilities include administer medications per physician orders, monitor patient vital signs and escalate concerns, and educate patients and families on care plans. Relevant skills include triage, patient education, patient assessment, and wound care. You should bring BLS and ACLS certification, an active RN license in good standing, and 2+ years of clinical experience. We value diversity and are proud to be an equal opportunity employer."
registered_nurse,"We're hiring a Clinical Nurse who is passionate about delivering high-quality work. Key responsibilities include administer medications per physician orders, coordinate with the care team, and document care accurately in the electronic health record. This role requires strong skills in patient assessment, vital signs monitoring, patient education, and care plan documentation. Requirements include excellent bedside manner, 2+ years of clinical experience, and ability to work rotating shifts including nights and weekends. We offer a competitive salary and comprehensive benefits package."
registered_nurse,"We're hiring a Staff Nurse who is passionate about delivering high-quality work. You will be expected to administer medications per physician orders, educate patients and families on care plans, and coordinate with the care team. Relevant skills include patient assessment, infection control protocols, electronic health records, and triage. We are looking for candidates with ability to work rotating shifts including nights and weekends, excellent bedside manner, and an active RN license in good standing. This is a full-time position with opportunities for growth."
sales_representative,"Join us as a Account Executive and make a real impact from day one. You will be expected to negotiate contract terms and pricing, build and maintain a pipeline of opportunities, and build long-term relationships with key accounts. Relevant skills include cold calling, territory management, negotiation, and consultative selling. We are looking for candidates with a track record of meeting or exceeding quota, excellent verbal and written communication skills, and 2+ years of B2B sales experience. We offer a competitive salary and comprehensive benefits package."
graphic_designer,"Join us as a Visual Designer and make a real impact from day one. You will be expected to design layouts for print and digital media, create visual assets for marketing campaigns, and present design concepts to stakeholders. This role requires strong skills in color theory, UI design principles, Adobe Photoshop, and print production. You should bring a degree in Graphic Design or related field, strong eye for typography and layout, and a portfolio demonstrating strong visual design skills. We offer a competitive salary and comprehensive benefits package."
graphic_designer,"We're hiring a Brand Designer who is passionate about delivering high-quality work. In this role, you will collaborate with marketing on campaign concepts, create visual assets for marketing campaigns, and iterate on designs based on feedback. This role requires strong skills in digital design, typography, layout design, and motion graphics. Requirements include a degree in Graphic Design or related field, a portfolio demonstrating strong visual design skills, and strong eye for typography and layout. Apply today to become part of our team."
graphic_designer,"Join us as a Visual Designer and make a real impact from day one. Key responsibilities include present design concepts to stakeholders, manage multiple design projects simultaneously, and create visual assets for marketing campaigns. You should be comfortable with print production, digital design, Adobe Photoshop, and Adobe Illustrator. Requirements include ability to work under tight deadlines, proficiency in the Adobe Creative Suite, and a portfolio demonstrating strong visual design skills. This is a full-time position with opportunities for growth."
data_scientist,"We are looking for a ML Researcher to join our growing team. You will be expected to validate model performance rigorously, collaborate with engineering on model deployment, and communicate findings to stakeholders. Relevant skills include hypothesis testing, Python, SQL, and pandas. Requirements include hands-on experience with machine learning frameworks, a graduate degree in a quantitative field, and strong statistical foundations. This is a full-time position with opportunities for growth."
registered_nurse,"As a Staff Nurse on our team, you will play a key role in our day-to-day operations. You will be expected to provide direct patient care on the unit, coordinate with the care team, and monitor patient vital signs and escalate concerns. Relevant skills include medication administration, vital signs monitoring, electronic health records, and patient assessment. We are looking for candidates with 2+ years of clinical experience, BLS and ACLS certification, and excellent bedside manner. We offer a competitive salary and comprehensive benefits package."
data_scientist,"Our company is seeking an experienced Applied Scientist to help drive our next phase of growth. Day to day, you will communicate findings to stakeholders, present insights to non-technical audiences, and design and analyze experiments. You should be comfortable with SQL, feature engineering, model deployment, and experiment design. You should bring strong statistical foundations, experience presenting to business stakeholders, and a graduate degree in a quantitative field. Apply today to become part of our team."
accountant,"Our company is seeking an experienced Senior Accountant to help drive our next phase of growth. In this role, you will support budgeting and forecasting cycles, reconcile general ledger accounts, and prepare monthly financial statements. Relevant skills include audit support, reconciliations, journal entries, and QuickBooks. You should bring proficiency with accounting software, 2+ years of accounting experience, and strong attention to detail. This is a full-time position with opportunities for growth."
software_engineer,"As a Platform Engineer on our team, you will play a key role in our day-to-day operations. Day to day, you will write clean, well-tested code, collaborate with product managers on requirements, and participate in on-call rotations. This role requires strong skills in Java, system design, Python, and code review. We are looking for candidates with 3+ years of professional software development experience, experience with agile development, and strong problem-solving skills. Apply today to become part of our team."
graphic_designer,"We're hiring a Graphic Designer who is passionate about delivering high-quality work. You will be expected to iterate on designs based on feedback, manage multiple design projects simultaneously, and present design concepts to stakeholders. You should be comfortable with Figma, layout design, UI design principles, and Adobe Illustrator. You should bring a portfolio demonstrating strong visual design skills, ability to work under tight deadlines, and a degree in Graphic Design or related field. This is a full-time position with opportunities for growth."
software_engineer,"Join us as a Software Engineer and make a real impact from day one. In this role, you will write clean, well-tested code, participate in on-call rotations, and optimize database queries. You should be comfortable with CI/CD pipelines, Java, Docker, and cloud infrastructure. The ideal candidate will have excellent communication skills, strong problem-solving skills, and 3+ years of professional software development experience. We value diversity and are proud to be an equal opportunity employer."
data_scientist,"Join us as a Applied Scientist and make a real impact from day one. Key responsibilities include clean and preprocess messy real-world data, validate model performance rigorously, and build predictive models from large datasets. You should be comfortable with model deployment, SQL, Python, and statistical modeling. Requirements include hands-on experience with machine learning frameworks, ability to translate ambiguous problems into models, and a graduate degree in a quantitative field. This is a full-time position with opportunities for growth."
sales_representative,"Join us as a Sales Associate and make a real impact from day one. Key responsibilities include build long-term relationships with key accounts, maintain accurate records in the CRM, and build and maintain a pipeline of opportunities. Relevant skills include consultative selling, quota attainment, pipeline management, and closing deals. Requirements include 2+ years of B2B sales experience, experience with CRM tools such as Salesforce, and a track record of meeting or exceeding quota. Apply today to become part of our team."
software_engineer,"Our company is seeking an experienced Full Stack Engineer to help drive our next phase of growth. You will be expected to collaborate with product managers on requirements, design and implement scalable backend services, and review pull requests. Relevant skills include CI/CD pipelines, Git, code review, and microservices. Requirements include a degree in Computer Science or related field, experience with agile development, and strong problem-solving skills. Apply today to become part of our team."
accountant,"Join us as a Senior Accountant and make a real impact from day one. In this role, you will reconcile general ledger accounts, assist with the annual audit, and prepare monthly financial statements. You should be comfortable with GAAP, budgeting, audit support, and tax compliance. The ideal candidate will have proficiency with accounting software, strong attention to detail, and 2+ years of accounting experience. We offer a competitive salary and comprehensive benefits package."
accountant,"Our company is seeking an experienced Staff Accountant to help drive our next phase of growth. In this role, you will ensure compliance with GAAP, reconcile general ledger accounts, and assist with the annual audit. This role requires strong skills in month-end close, accounts receivable, Excel, and accounts payable. We are looking for candidates with a Bachelor's degree in Accounting or Finance, strong attention to detail, and 2+ years of accounting experience. We offer a competitive salary and comprehensive benefits package."
sales_representative,"We're hiring a Sales Representative who is passionate about delivering high-quality work. In this role, you will conduct product demonstrations for prospective clients, negotiate contract terms and pricing, and meet or exceed quarterly sales quotas. You should be comfortable with consultative selling, quota attainment, cold calling, and lead generation. The ideal candidate will have a track record of meeting or exceeding quota, experience with CRM tools such as Salesforce, and self-motivated and results-driven. We offer a competitive salary and comprehensive benefits package."
accountant,"We're hiring a Senior Accountant who is passionate about delivering high-quality work. In this role, you will support budgeting and forecasting cycles, prepare monthly financial statements, and identify and resolve discrepancies in financial records. You should be comfortable with budgeting, financial reporting, reconciliations, and accounts payable. You should bring 2+ years of accounting experience, proficiency with accounting software, and strong attention to detail. Apply today to become part of our team."
accountant,"Our company is seeking an experienced Accounting Analyst to help drive our next phase of growth. Key responsibilities include reconcile general ledger accounts, process accounts payable and receivable transactions, and support budgeting and forecasting cycles. You should be comfortable with tax compliance, variance analysis, accounts receivable, and journal entries. Requirements include proficiency with accounting software, 2+ years of accounting experience, and a Bachelor's degree in Accounting or Finance. Apply today to become part of our team."
software_engineer,"As a Full Stack Engineer on our team, you will play a key role in our day-to-day operations. You will be expected to review pull requests, debug production incidents, and optimize database queries. Relevant skills include REST APIs, Java, Git, and code review. The ideal candidate will have a degree in Computer Science or related field, 3+ years of professional software development experience, and excellent communication skills. Apply today to become part of our team."
accountant,"We are looking for a Senior Accountant to join our growing team. In this role, you will support budgeting and forecasting cycles, prepare monthly financial statements, and reconcile general ledger accounts. You should be comfortable with financial reporting, tax compliance, accounts receivable, and QuickBooks. The ideal candidate will have a Bachelor's degree in Accounting or Finance, CPA or CPA-track preferred, and proficiency with accounting software. We offer a competitive salary and comprehensive benefits package."
software_engineer,"As a Software Engineer on our team, you will play a key role in our day-to-day operations. In this role, you will write clean, well-tested code, mentor junior engineers, and collaborate with product managers on requirements. You should be comfortable with Kubernetes, system design, unit testing, and Docker. The ideal candidate will have 3+ years of professional software development experience, excellent communication skills, and a degree in Computer Science or related field. Apply today to become part of our team."
sales_representative,"We are looking for a Account Executive to join our growing team. Key responsibilities include conduct product demonstrations for prospective clients, build and maintain a pipeline of opportunities, and prospect and qualify new sales leads. This role requires strong skills in closing deals, negotiation, quota attainment, and relationship building. You should bring self-motivated and results-driven, experience with CRM tools such as Salesforce, and 2+ years of B2B sales experience. This is a full-time position with opportunities for growth."
registered_nurse,"Join us as a Registered Nurse and make a real impact from day one. Day to day, you will provide direct patient care on the unit, document care accurately in the electronic health record, and administer medications per physician orders. This role requires strong skills in medication administration, patient assessment, patient education, and vital signs monitoring. Requirements include BLS and ACLS certification, 2+ years of clinical experience, and ability to work rotating shifts including nights and weekends. Apply today to become part of our team."
sales_representative,"We're hiring a Sales Associate who is passionate about delivering high-quality work. Key responsibilities include negotiate contract terms and pricing, prospect and qualify new sales leads, and maintain accurate records in the CRM. Relevant skills include prospecting, pipeline management, cold calling, and territory management. You should bring a track record of meeting or exceeding quota, excellent verbal and written communication skills, and self-motivated and results-driven. Apply today to become part of our team."
graphic_designer,"We are looking for a Visual Designer to join our growing team. You will be expected to present design concepts to stakeholders, manage multiple design projects simultaneously, and collaborate with marketing on campaign concepts. You should be comfortable with motion graphics, typography, Adobe Photoshop, and UI design principles. Requirements include ability to work under tight deadlines, a degree in Graphic Design or related field, and a portfolio demonstrating strong visual design skills. Apply today to become part of our team."
software_engineer,"Our company is seeking an experienced Backend Developer to help drive our next phase of growth. In this role, you will debug production incidents, write clean, well-tested code, and mentor junior engineers. Relevant skills include CI/CD pipelines, REST APIs, SQL databases, and Git. We are looking for candidates with strong problem-solving skills, 3+ years of professional software development experience, and excellent communication skills. This is a full-time position with opportunities for growth."
sales_representative,"Join us as a Business Development Representative and make a real impact from day one. In this role, you will prospect and qualify new sales leads, conduct product demonstrations for prospective clients, and meet or exceed quarterly sales quotas. You should be comfortable with territory management, quota attainment, prospecting, and relationship building. Requirements include excellent verbal and written communication skills, self-motivated and results-driven, and a track record of meeting or exceeding quota. We value diversity and are proud to be an equal opportunity employer."
registered_nurse,"Our company is seeking an experienced Registered Nurse to help drive our next phase of growth. Day to day, you will document care accurately in the electronic health record, educate patients and families on care plans, and coordinate with the care team. This role requires strong skills in patient education, care plan documentation, triage, and patient assessment. Requirements include ability to work rotating shifts including nights and weekends, BLS and ACLS certification, and 2+ years of clinical experience. We offer a competitive salary and comprehensive benefits package."
sales_representative,"We're hiring a Sales Representative who is passionate about delivering high-quality work. In this role, you will build and maintain a pipeline of opportunities, conduct product demonstrations for prospective clients, and negotiate contract terms and pricing. Relevant skills include relationship building, lead generation, closing deals, and consultative selling. The ideal candidate will have 2+ years of B2B sales experience, experience with CRM tools such as Salesforce, and self-motivated and results-driven. We offer a competitive salary and comprehensive benefits package."
registered_nurse,"As a ICU Nurse on our team, you will play a key role in our day-to-day operations. Day to day, you will monitor patient vital signs and escalate concerns, provide direct patient care on the unit, and administer medications per physician orders. You should be comfortable with vital signs monitoring, infection control protocols, care plan documentation, and triage. We are looking for candidates with 2+ years of clinical experience, excellent bedside manner, and an active RN license in good standing. This is a full-time position with opportunities for growth."
graphic_designer,"We are looking for a Graphic Designer to join our growing team. In this role, you will create visual assets for marketing campaigns, design layouts for print and digital media, and collaborate with marketing on campaign concepts. Relevant skills include typography, Adobe Photoshop, print production, and motion graphics. We are looking for candidates with ability to work under tight deadlines, strong eye for typography and layout, and a portfolio demonstrating strong visual design skills. We offer a competitive salary and comprehensive benefits package."
accountant,"We are looking for a Accounting Analyst to join our growing team. Day to day, you will reconcile general ledger accounts, support budgeting and forecasting cycles, and ensure compliance with GAAP. You should be comfortable with journal entries, GAAP, budgeting, and Excel. You should bring a Bachelor's degree in Accounting or Finance, CPA or CPA-track preferred, and strong attention to detail. Apply today to become part of our team."
sales_representative,"We are looking for a Business Development Representative to join our growing team. Day to day, you will build and maintain a pipeline of opportunities, negotiate contract terms and pricing, and meet or exceed quarterly sales quotas. Relevant skills include quota attainment, consultative selling, closing deals, and prospecting. The ideal candidate will have self-motivated and results-driven, a track record of meeting or exceeding quota, and excellent verbal and written communication skills. Apply today to become part of our team."
data_scientist,"We're hiring a Applied Scientist who is passionate about delivering high-quality work. You will be expected to design and analyze experiments, present insights to non-technical audiences, and collaborate with engineering on model deployment. This role requires strong skills in deep learning, feature engineering, model deployment, and hypothesis testing. Requirements include experience presenting to business stakeholders, hands-on experience with machine learning frameworks, and strong statistical foundations. We offer a competitive salary and comprehensive benefits package."
data_scientist,"We're hiring a ML Researcher who is passionate about delivering high-quality work. Key responsibilities include validate model performance rigorously, clean and preprocess messy real-world data, and communicate findings to stakeholders. You should be comfortable with model deployment, causal inference, experiment design, and PyTorch. We are looking for candidates with hands-on experience with machine learning frameworks, experience presenting to business stakeholders, and ability to translate ambiguous problems into models. We offer a competitive salary and comprehensive benefits package."
accountant,"Our company is seeking an experienced Staff Accountant to help drive our next phase of growth. Day to day, you will assist with the annual audit, reconcile general ledger accounts, and support budgeting and forecasting cycles. You should be comfortable with variance analysis, tax compliance, audit support, and GAAP. You should bring 2+ years of accounting experience, a Bachelor's degree in Accounting or Finance, and strong attention to detail. Apply today to become part of our team."
graphic_designer,"Join us as a Graphic Designer and make a real impact from day one. Key responsibilities include collaborate with marketing on campaign concepts, design layouts for print and digital media, and maintain brand consistency across channels. Relevant skills include print production, digital design, motion graphics, and Adobe Illustrator. You should bring strong eye for typography and layout, ability to work under tight deadlines, and a portfolio demonstrating strong visual design skills. We value diversity and are proud to be an equal opportunity employer."
sales_representative,"Join us as a Sales Associate and make a real impact from day one. Day to day, you will negotiate contract terms and pricing, build and maintain a pipeline of opportunities, and meet or exceed quarterly sales quotas. You should be comfortable with territory management, pipeline management, CRM software, and closing deals. You should bring a track record of meeting or exceeding quota, experience with CRM tools such as Salesforce, and self-motivated and results-driven. This is a full-time position with opportunities for growth."
data_scientist,"We are looking for a Machine Learning Engineer to join our growing team. Day to day, you will communicate findings to stakeholders, clean and preprocess messy real-world data, and validate model performance rigorously. Relevant skills include causal inference, SQL, Python, and PyTorch. Requirements include ability to translate ambiguous problems into models, experience presenting to business stakeholders, and a graduate degree in a quantitative field. Apply today to become part of our team."
software_engineer,"We're hiring a Full Stack Engineer who is passionate about delivering high-quality work. Key responsibilities include design and implement scalable backend services, debug production incidents, and optimize database queries. You should be comfortable with Docker, system design, CI/CD pipelines, and algorithms and data structures. You should bring strong problem-solving skills, experience with agile development, and 3+ years of professional software development experience. This is a full-time position with opportunities for growth."
data_scientist,"We are looking for a ML Researcher to join our growing team. Day to day, you will clean and preprocess messy real-world data, communicate findings to stakeholders, and design and analyze experiments. You should be comfortable with scikit-learn, PyTorch, causal inference, and pandas. We are looking for candidates with strong statistical foundations, a graduate degree in a quantitative field, and experience presenting to business stakeholders. Apply today to become part of our team."
software_engineer,"We are looking for a Full Stack Engineer to join our growing team. You will be expected to collaborate with product managers on requirements, mentor junior engineers, and write clean, well-tested code. You should be comfortable with Python, code review, Kubernetes, and distributed systems. You should bring strong problem-solving skills, 3+ years of professional software development experience, and excellent communication skills. Apply today to become part of our team."
data_scientist,"Join us as a Machine Learning Engineer and make a real impact from day one. You will be expected to present insights to non-technical audiences, collaborate with engineering on model deployment, and clean and preprocess messy real-world data. You should be comfortable with deep learning, causal inference, hypothesis testing, and scikit-learn. We are looking for candidates with a graduate degree in a quantitative field, strong statistical foundations, and experience presenting to business stakeholders. Apply today to become part of our team."
graphic_designer,"We are looking for a Graphic Designer to join our growing team. You will be expected to design layouts for print and digital media, collaborate with marketing on campaign concepts, and present design concepts to stakeholders. You should be comfortable with motion graphics, color theory, Figma, and brand identity. The ideal candidate will have ability to work under tight deadlines, a degree in Graphic Design or related field, and a portfolio demonstrating strong visual design skills. We offer a competitive salary and comprehensive benefits package."
software_engineer,"Our company is seeking an experienced Software Engineer to help drive our next phase of growth. Day to day, you will mentor junior engineers, optimize database queries, and design and implement scalable backend services. You should be comfortable with Java, unit testing, SQL databases, and Python. The ideal candidate will have 3+ years of professional software development experience, experience with agile development, and strong problem-solving skills. We offer a competitive salary and comprehensive benefits package."
software_engineer,"Join us as a Full Stack Engineer and make a real impact from day one. In this role, you will review pull requests, write clean, well-tested code, and design and implement scalable backend services. You should be comfortable with code review, Docker, Git, and Kubernetes. The ideal candidate will have strong problem-solving skills, a degree in Computer Science or related field, and experience with agile development. We offer a competitive salary and comprehensive benefits package."
accountant,"We are looking for a Staff Accountant to join our growing team. You will be expected to support budgeting and forecasting cycles, assist with the annual audit, and identify and resolve discrepancies in financial records. This role requires strong skills in reconciliations, financial reporting, month-end close, and variance analysis. We are looking for candidates with strong attention to detail, proficiency with accounting software, and 2+ years of accounting experience. We value diversity and are proud to be an equal opportunity employer."
registered_nurse,"Join us as a Registered Nurse and make a real impact from day one. You will be expected to monitor patient vital signs and escalate concerns, administer medications per physician orders, and educate patients and families on care plans. This role requires strong skills in care plan documentation, IV therapy, medication administration, and patient assessment. Requirements include 2+ years of clinical experience, an active RN license in good standing, and excellent bedside manner. This is a full-time position with opportunities for growth."
software_engineer,"We're hiring a Full Stack Engineer who is passionate about delivering high-quality work. Day to day, you will participate in on-call rotations, write clean, well-tested code, and mentor junior engineers. This role requires strong skills in distributed systems, REST APIs, microservices, and algorithms and data structures. Requirements include excellent communication skills, a degree in Computer Science or related field, and strong problem-solving skills. We offer a competitive salary and comprehensive benefits package."
registered_nurse,"We're hiring a Clinical Nurse who is passionate about delivering high-quality work. You will be expected to educate patients and families on care plans, monitor patient vital signs and escalate concerns, and document care accurately in the electronic health record. Relevant skills include triage, electronic health records, vital signs monitoring, and patient education. Requirements include excellent bedside manner, BLS and ACLS certification, and an active RN license in good standing. This is a full-time position with opportunities for growth."
registered_nurse,"As a Registered Nurse on our team, you will play a key role in our day-to-day operations. You will be expected to monitor patient vital signs and escalate concerns, coordinate with the care team, and respond to emergency situations calmly and effectively. You should be comfortable with IV therapy, triage, wound care, and medication administration. You should bring BLS and ACLS certification, an active RN license in good standing, and 2+ years of clinical experience. We value diversity and are proud to be an equal opportunity employer."
accountant,"We are looking for a Financial Accountant to join our growing team. You will be expected to ensure compliance with GAAP, support budgeting and forecasting cycles, and assist with the annual audit. Relevant skills include variance analysis, budgeting, tax compliance, and accounts receivable. We are looking for candidates with strong attention to detail, 2+ years of accounting experience, and proficiency with accounting software. We value diversity and are proud to be an equal opportunity employer."
graphic_designer,"Our company is seeking an experienced Visual Designer to help drive our next phase of growth. You will be expected to design layouts for print and digital media, collaborate with marketing on campaign concepts, and present design concepts to stakeholders. You should be comfortable with layout design, Figma, Adobe Photoshop, and digital design. We are looking for candidates with proficiency in the Adobe Creative Suite, a portfolio demonstrating strong visual design skills, and strong eye for typography and layout. Apply today to become part of our team."
data_scientist,"As a Machine Learning Engineer on our team, you will play a key role in our day-to-day operations. In this role, you will present insights to non-technical audiences, validate model performance rigorously, and build predictive models from large datasets. Relevant skills include causal inference, experiment design, scikit-learn, and SQL. Requirements include hands-on experience with machine learning frameworks, ability to translate ambiguous problems into models, and a graduate degree in a quantitative field. Apply today to become part of our team."
accountant,"Our company is seeking an experienced Staff Accountant to help drive our next phase of growth. In this role, you will process accounts payable and receivable transactions, support budgeting and forecasting cycles, and identify and resolve discrepancies in financial records. This role requires strong skills in accounts payable, financial reporting, month-end close, and reconciliations. You should bring proficiency with accounting software, a Bachelor's degree in Accounting or Finance, and 2+ years of accounting experience. Apply today to become part of our team."
graphic_designer,"As a Graphic Designer on our team, you will play a key role in our day-to-day operations. Day to day, you will create visual assets for marketing campaigns, manage multiple design projects simultaneously, and design layouts for print and digital media. Relevant skills include print production, UI design principles, motion graphics, and digital design. You should bring a portfolio demonstrating strong visual design skills, strong eye for typography and layout, and proficiency in the Adobe Creative Suite. Apply today to become part of our team."
registered_nurse,"We're hiring a ICU Nurse who is passionate about delivering high-quality work. Day to day, you will monitor patient vital signs and escalate concerns, educate patients and families on care plans, and coordinate with the care team. You should be comfortable with electronic health records, medication administration, triage, and vital signs monitoring. You should bring an active RN license in good standing, BLS and ACLS certification, and ability to work rotating shifts including nights and weekends. Apply today to become part of our team."
software_engineer,"As a Full Stack Engineer on our team, you will play a key role in our day-to-day operations. Day to day, you will mentor junior engineers, design and implement scalable backend services, and optimize database queries. Relevant skills include Git, Docker, distributed systems, and system design. Requirements include excellent communication skills, 3+ years of professional software development experience, and strong problem-solving skills. We offer a competitive salary and comprehensive benefits package."
data_scientist,"We are looking for a ML Researcher to join our growing team. Day to day, you will design and analyze experiments, communicate findings to stakeholders, and build predictive models from large datasets. Relevant skills include SQL, data visualization, deep learning, and model deployment. The ideal candidate will have strong statistical foundations, ability to translate ambiguous problems into models, and experience presenting to business stakeholders. We value diversity and are proud to be an equal opportunity employer."
accountant,"We're hiring a Accounting Analyst who is passionate about delivering high-quality work. Day to day, you will reconcile general ledger accounts, identify and resolve discrepancies in financial records, and ensure compliance with GAAP. Relevant skills include tax compliance, GAAP, accounts receivable, and Excel. Requirements include CPA or CPA-track preferred, 2+ years of accounting experience, and proficiency with accounting software. We value diversity and are proud to be an equal opportunity employer."
accountant,"Join us as a Staff Accountant and make a real impact from day one. Day to day, you will assist with the annual audit, process accounts payable and receivable transactions, and reconcile general ledger accounts. Relevant skills include accounts payable, journal entries, budgeting, and QuickBooks. The ideal candidate will have a Bachelor's degree in Accounting or Finance, proficiency with accounting software, and 2+ years of accounting experience. Apply today to become part of our team."
accountant,"Our company is seeking an experienced Staff Accountant to help drive our next phase of growth. In this role, you will process accounts payable and receivable transactions, identify and resolve discrepancies in financial records, and reconcile general ledger accounts. You should be comfortable with GAAP, month-end close, budgeting, and audit support. We are looking for candidates with strong attention to detail, CPA or CPA-track preferred, and 2+ years of accounting experience. This is a full-time position with opportunities for growth."
software_engineer,"We're hiring a Platform Engineer who is passionate about delivering high-quality work. Key responsibilities include participate in on-call rotations, mentor junior engineers, and optimize database queries. This role requires strong skills in cloud infrastructure, Kubernetes, system design, and Python. Requirements include a degree in Computer Science or related field, strong problem-solving skills, and 3+ years of professional software development experience. We offer a competitive salary and comprehensive benefits package."
software_engineer,"We're hiring a Backend Developer who is passionate about delivering high-quality work. You will be expected to debug production incidents, mentor junior engineers, and participate in on-call rotations. Relevant skills include CI/CD pipelines, system design, unit testing, and SQL databases. The ideal candidate will have experience with agile development, strong problem-solving skills, and 3+ years of professional software development experience. We offer a competitive salary and comprehensive benefits package."
accountant,"We're hiring a Staff Accountant who is passionate about delivering high-quality work. Key responsibilities include support budgeting and forecasting cycles, prepare monthly financial statements, and process accounts payable and receivable transactions. Relevant skills include month-end close, reconciliations, QuickBooks, and budgeting. The ideal candidate will have 2+ years of accounting experience, CPA or CPA-track preferred, and a Bachelor's degree in Accounting or Finance. This is a full-time position with opportunities for growth."
graphic_designer,"Our company is seeking an experienced Creative Designer to help drive our next phase of growth. You will be expected to design layouts for print and digital media, maintain brand consistency across channels, and create visual assets for marketing campaigns. You should be comfortable with Adobe Photoshop, Adobe Illustrator, Figma, and InDesign. You should bring a portfolio demonstrating strong visual design skills, proficiency in the Adobe Creative Suite, and strong eye for typography and layout. This is a full-time position with opportunities for growth."
sales_representative,"As a Business Development Representative on our team, you will play a key role in our day-to-day operations. Key responsibilities include meet or exceed quarterly sales quotas, maintain accurate records in the CRM, and prospect and qualify new sales leads. You should be comfortable with quota attainment, cold calling, lead generation, and relationship building. Requirements include excellent verbal and written communication skills, experience with CRM tools such as Salesforce, and self-motivated and results-driven. We value diversity and are proud to be an equal opportunity employer."
software_engineer,"We are looking for a Software Engineer to join our growing team. Key responsibilities include design and implement scalable backend services, review pull requests, and collaborate with product managers on requirements. Relevant skills include Docker, SQL databases, algorithms and data structures, and REST APIs. We are looking for candidates with a degree in Computer Science or related field, 3+ years of professional software development experience, and experience with agile development. Apply today to become part of our team."
software_engineer,"We are looking for a Platform Engineer to join our growing team. Day to day, you will collaborate with product managers on requirements, debug production incidents, and review pull requests. You should be comfortable with Git, REST APIs, microservices, and cloud infrastructure. Requirements include strong problem-solving skills, experience with agile development, and excellent communication skills. Apply today to become part of our team."
graphic_designer,"We are looking for a Creative Designer to join our growing team. Key responsibilities include create visual assets for marketing campaigns, maintain brand consistency across channels, and iterate on designs based on feedback. Relevant skills include brand identity, digital design, color theory, and Figma. The ideal candidate will have ability to work under tight deadlines, strong eye for typography and layout, and a degree in Graphic Design or related field. We offer a competitive salary and comprehensive benefits package."
sales_representative,"We're hiring a Sales Representative who is passionate about delivering high-quality work. Day to day, you will maintain accurate records in the CRM, negotiate contract terms and pricing, and meet or exceed quarterly sales quotas. Relevant skills include pipeline management, CRM software, territory management, and relationship building. We are looking for candidates with self-motivated and results-driven, experience with CRM tools such as Salesforce, and a track record of meeting or exceeding quota. Apply today to become part of our team."
software_engineer,"Join us as a Software Engineer and make a real impact from day one. You will be expected to participate in on-call rotations, optimize database queries, and mentor junior engineers. This role requires strong skills in CI/CD pipelines, REST APIs, Git, and Java. The ideal candidate will have 3+ years of professional software development experience, strong problem-solving skills, and a degree in Computer Science or related field. We offer a competitive salary and comprehensive benefits package."
sales_representative,"We're hiring a Business Development Representative who is passionate about delivering high-quality work. Key responsibilities include conduct product demonstrations for prospective clients, prospect and qualify new sales leads, and build and maintain a pipeline of opportunities. Relevant skills include negotiation, pipeline management, lead generation, and prospecting. We are looking for candidates with 2+ years of B2B sales experience, excellent verbal and written communication skills, and experience with CRM tools such as Salesforce. We value diversity and are proud to be an equal opportunity employer."
sales_representative,"We're hiring a Sales Associate who is passionate about delivering high-quality work. In this role, you will build and maintain a pipeline of opportunities, build long-term relationships with key accounts, and meet or exceed quarterly sales quotas. You should be comfortable with relationship building, cold calling, territory management, and lead generation. We are looking for candidates with excellent verbal and written communication skills, experience with CRM tools such as Salesforce, and a track record of meeting or exceeding quota. This is a full-time position with opportunities for growth."
accountant,"As a Financial Accountant on our team, you will play a key role in our day-to-day operations. Key responsibilities include prepare monthly financial statements, support budgeting and forecasting cycles, and process accounts payable and receivable transactions. This role requires strong skills in journal entries, accounts payable, reconciliations, and QuickBooks. Requirements include strong attention to detail, a Bachelor's degree in Accounting or Finance, and 2+ years of accounting experience. We offer a competitive salary and comprehensive benefits package."
sales_representative,"We are looking for a Sales Associate to join our growing team. Day to day, you will build and maintain a pipeline of opportunities, maintain accurate records in the CRM, and meet or exceed quarterly sales quotas. This role requires strong skills in quota attainment, prospecting, cold calling, and negotiation. We are looking for candidates with 2+ years of B2B sales experience, a track record of meeting or exceeding quota, and self-motivated and results-driven. Apply today to become part of our team."
accountant,"Join us as a Financial Accountant and make a real impact from day one. You will be expected to support budgeting and forecasting cycles, process accounts payable and receivable transactions, and reconcile general ledger accounts. This role requires strong skills in Excel, month-end close, variance analysis, and financial reporting. Requirements include strong attention to detail, a Bachelor's degree in Accounting or Finance, and CPA or CPA-track preferred. We offer a competitive salary and comprehensive benefits package."
registered_nurse,"We're hiring a Staff Nurse who is passionate about delivering high-quality work. You will be expected to respond to emergency situations calmly and effectively, administer medications per physician orders, and provide direct patient care on the unit. This role requires strong skills in medication administration, patient assessment, care plan documentation, and infection control protocols. You should bring ability to work rotating shifts including nights and weekends, excellent bedside manner, and 2+ years of clinical experience. Apply today to become part of our team."
software_engineer,"Our company is seeking an experienced Software Engineer to help drive our next phase of growth. Key responsibilities include mentor junior engineers, optimize database queries, and write clean, well-tested code. This role requires strong skills in microservices, distributed systems, system design, and Git. The ideal candidate will have experience with agile development, a degree in Computer Science or related field, and 3+ years of professional software development experience. This is a full-time position with opportunities for growth."
sales_representative,"Join us as a Sales Representative and make a real impact from day one. You will be expected to prospect and qualify new sales leads, maintain accurate records in the CRM, and negotiate contract terms and pricing. This role requires strong skills in negotiation, pipeline management, relationship building, and quota attainment. The ideal candidate will have 2+ years of B2B sales experience, experience with CRM tools such as Salesforce, and self-motivated and results-driven. We offer a competitive salary and comprehensive benefits package."
registered_nurse,"As a Clinical Nurse on our team, you will play a key role in our day-to-day operations. You will be expected to educate patients and families on care plans, coordinate with the care team, and document care accurately in the electronic health record. Relevant skills include patient education, electronic health records, vital signs monitoring, and wound care. We are looking for candidates with BLS and ACLS certification, ability to work rotating shifts including nights and weekends, and excellent bedside manner. This is a full-time position with opportunities for growth."
software_engineer,"Join us as a Full Stack Engineer and make a real impact from day one. You will be expected to participate in on-call rotations, design and implement scalable backend services, and collaborate with product managers on requirements. This role requires strong skills in REST APIs, Kubernetes, distributed systems, and microservices. We are looking for candidates with excellent communication skills, 3+ years of professional software development experience, and experience with agile development. We offer a competitive salary and comprehensive benefits package."
registered_nurse,"Join us as a ICU Nurse and make a real impact from day one. Key responsibilities include monitor patient vital signs and escalate concerns, document care accurately in the electronic health record, and administer medications per physician orders. You should be comfortable with medication administration, wound care, infection control protocols, and electronic health records. You should bring an active RN license in good standing, BLS and ACLS certification, and 2+ years of clinical experience. We value diversity and are proud to be an equal opportunity employer."
software_engineer,"We're hiring a Software Engineer who is passionate about delivering high-quality work. Day to day, you will optimize database queries, debug production incidents, and participate in on-call rotations. Relevant skills include Docker, Python, REST APIs, and code review. You should bring excellent communication skills, a degree in Computer Science or related field, and strong problem-solving skills. Apply today to become part of our team."
data_scientist,"Join us as a Data Scientist and make a real impact from day one. In this role, you will build predictive models from large datasets, collaborate with engineering on model deployment, and clean and preprocess messy real-world data. Relevant skills include statistical modeling, hypothesis testing, Python, and deep learning. The ideal candidate will have hands-on experience with machine learning frameworks, experience presenting to business stakeholders, and a graduate degree in a quantitative field. We value diversity and are proud to be an equal opportunity employer."
registered_nurse,"We are looking for a ICU Nurse to join our growing team. Key responsibilities include respond to emergency situations calmly and effectively, educate patients and families on care plans, and document care accurately in the electronic health record. This role requires strong skills in electronic health records, care plan documentation, medication administration, and patient education. Requirements include 2+ years of clinical experience, an active RN license in good standing, and BLS and ACLS certification. We offer a competitive salary and comprehensive benefits package."
graphic_designer,"Our company is seeking an experienced Brand Designer to help drive our next phase of growth. In this role, you will maintain brand consistency across channels, iterate on designs based on feedback, and manage multiple design projects simultaneously. You should be comfortable with Figma, brand identity, print production, and UI design principles. Requirements include a degree in Graphic Design or related field, ability to work under tight deadlines, and strong eye for typography and layout. Apply today to become part of our team."
data_scientist,"Our company is seeking an experienced ML Researcher to help drive our next phase of growth. In this role, you will validate model performance rigorously, clean and preprocess messy real-world data, and collaborate with engineering on model deployment. You should be comfortable with causal inference, data visualization, A/B testing, and statistical modeling. The ideal candidate will have a graduate degree in a quantitative field, experience presenting to business stakeholders, and hands-on experience with machine learning frameworks. Apply today to become part of our team."
graphic_designer,"We are looking for a Creative Designer to join our growing team. In this role, you will collaborate with marketing on campaign concepts, create visual assets for marketing campaigns, and manage multiple design projects simultaneously. Relevant skills include color theory, Figma, UI design principles, and Adobe Illustrator. You should bring proficiency in the Adobe Creative Suite, a portfolio demonstrating strong visual design skills, and strong eye for typography and layout. Apply today to become part of our team."
accountant,"We are looking for a Financial Accountant to join our growing team. In this role, you will reconcile general ledger accounts, support budgeting and forecasting cycles, and prepare monthly financial statements. This role requires strong skills in journal entries, month-end close, budgeting, and Excel. The ideal candidate will have CPA or CPA-track preferred, proficiency with accounting software, and 2+ years of accounting experience. Apply today to become part of our team."
data_scientist,"Our company is seeking an experienced Machine Learning Engineer to help drive our next phase of growth. Day to day, you will present insights to non-technical audiences, collaborate with engineering on model deployment, and clean and preprocess messy real-world data. You should be comfortable with deep learning, PyTorch, feature engineering, and model deployment. We are looking for candidates with ability to translate ambiguous problems into models, experience presenting to business stakeholders, and a graduate degree in a quantitative field. We offer a competitive salary and comprehensive benefits package."
graphic_designer,"As a Creative Designer on our team, you will play a key role in our day-to-day operations. Key responsibilities include maintain brand consistency across channels, design layouts for print and digital media, and iterate on designs based on feedback. This role requires strong skills in Adobe Photoshop, InDesign, digital design, and brand identity. The ideal candidate will have strong eye for typography and layout, proficiency in the Adobe Creative Suite, and ability to work under tight deadlines. We offer a competitive salary and comprehensive benefits package."
graphic_designer,"As a Visual Designer on our team, you will play a key role in our day-to-day operations. Day to day, you will create visual assets for marketing campaigns, manage multiple design projects simultaneously, and maintain brand consistency across channels. Relevant skills include motion graphics, Adobe Illustrator, Figma, and brand identity. Requirements include strong eye for typography and layout, proficiency in the Adobe Creative Suite, and ability to work under tight deadlines. This is a full-time position with opportunities for growth."
graphic_designer,"Join us as a Visual Designer and make a real impact from day one. In this role, you will manage multiple design projects simultaneously, iterate on designs based on feedback, and design layouts for print and digital media. This role requires strong skills in brand identity, typography, Adobe Photoshop, and InDesign. The ideal candidate will have a portfolio demonstrating strong visual design skills, strong eye for typography and layout, and proficiency in the Adobe Creative Suite. Apply today to become part of our team."
software_engineer,"As a Platform Engineer on our team, you will play a key role in our day-to-day operations. Day to day, you will mentor junior engineers, participate in on-call rotations, and review pull requests. You should be comfortable with cloud infrastructure, Java, Kubernetes, and code review. You should bring experience with agile development, strong problem-solving skills, and excellent communication skills. We offer a competitive salary and comprehensive benefits package."
accountant,"Join us as a Financial Accountant and make a real impact from day one. Day to day, you will prepare monthly financial statements, reconcile general ledger accounts, and process accounts payable and receivable transactions. Relevant skills include GAAP, month-end close, audit support, and budgeting. The ideal candidate will have CPA or CPA-track preferred, a Bachelor's degree in Accounting or Finance, and 2+ years of accounting experience. This is a full-time position with opportunities for growth."
data_scientist,"We are looking for a Data Scientist to join our growing team. In this role, you will clean and preprocess messy real-world data, present insights to non-technical audiences, and collaborate with engineering on model deployment. You should be comfortable with Python, experiment design, hypothesis testing, and A/B testing. You should bring strong statistical foundations, a graduate degree in a quantitative field, and experience presenting to business stakeholders. This is a full-time position with opportunities for growth."
accountant,"As a Accounting Analyst on our team, you will play a key role in our day-to-day operations. In this role, you will ensure compliance with GAAP, support budgeting and forecasting cycles, and prepare monthly financial statements. Relevant skills include audit support, Excel, journal entries, and reconciliations. We are looking for candidates with CPA or CPA-track preferred, 2+ years of accounting experience, and proficiency with accounting software. We value diversity and are proud to be an equal opportunity employer."
data_scientist,"Our company is seeking an experienced Data Scientist to help drive our next phase of growth. Key responsibilities include present insights to non-technical audiences, clean and preprocess messy real-world data, and validate model performance rigorously. This role requires strong skills in feature engineering, statistical modeling, SQL, and A/B testing. We are looking for candidates with hands-on experience with machine learning frameworks, experience presenting to business stakeholders, and strong statistical foundations. Apply today to become part of our team."
data_scientist,"We're hiring a Machine Learning Engineer who is passionate about delivering high-quality work. Key responsibilities include validate model performance rigorously, clean and preprocess messy real-world data, and design and analyze experiments. Relevant skills include feature engineering, A/B testing, scikit-learn, and hypothesis testing. We are looking for candidates with ability to translate ambiguous problems into models, a graduate degree in a quantitative field, and hands-on experience with machine learning frameworks. Apply today to become part of our team."
data_scientist,"Our company is seeking an experienced Data Scientist to help drive our next phase of growth. In this role, you will validate model performance rigorously, clean and preprocess messy real-world data, and collaborate with engineering on model deployment. This role requires strong skills in experiment design, feature engineering, Python, and causal inference. We are looking for candidates with experience presenting to business stakeholders, ability to translate ambiguous problems into models, and hands-on experience with machine learning frameworks. Apply today to become part of our team."
graphic_designer,"We are looking for a Graphic Designer to join our growing team. Day to day, you will iterate on designs based on feedback, manage multiple design projects simultaneously, and maintain brand consistency across channels. This role requires strong skills in motion graphics, typography, Adobe Photoshop, and color theory. We are looking for candidates with a degree in Graphic Design or related field, ability to work under tight deadlines, and strong eye for typography and layout. We offer a competitive salary and comprehensive benefits package."
accountant,"Our company is seeking an experienced Accounting Analyst to help drive our next phase of growth. In this role, you will reconcile general ledger accounts, assist with the annual audit, and process accounts payable and receivable transactions. Relevant skills include accounts payable, journal entries, month-end close, and Excel. You should bring CPA or CPA-track preferred, a Bachelor's degree in Accounting or Finance, and strong attention to detail. We offer a competitive salary and comprehensive benefits package."
sales_representative,"As a Business Development Representative on our team, you will play a key role in our day-to-day operations. In this role, you will prospect and qualify new sales leads, build long-term relationships with key accounts, and meet or exceed quarterly sales quotas. You should be comfortable with cold calling, consultative selling, relationship building, and CRM software. You should bring excellent verbal and written communication skills, self-motivated and results-driven, and 2+ years of B2B sales experience. We value diversity and are proud to be an equal opportunity employer."
accountant,"We are looking for a Financial Accountant to join our growing team. Key responsibilities include process accounts payable and receivable transactions, prepare monthly financial statements, and assist with the annual audit. This role requires strong skills in variance analysis, tax compliance, audit support, and budgeting. You should bring 2+ years of accounting experience, proficiency with accounting software, and CPA or CPA-track preferred. Apply today to become part of our team."
data_scientist,"We are looking for a Applied Scientist to join our growing team. You will be expected to clean and preprocess messy real-world data, validate model performance rigorously, and collaborate with engineering on model deployment. This role requires strong skills in A/B testing, hypothesis testing, PyTorch, and data visualization. The ideal candidate will have strong statistical foundations, a graduate degree in a quantitative field, and experience presenting to business stakeholders. We value diversity and are proud to be an equal opportunity employer."
accountant,"As a Staff Accountant on our team, you will play a key role in our day-to-day operations. Key responsibilities include assist with the annual audit, support budgeting and forecasting cycles, and process accounts payable and receivable transactions. This role requires strong skills in journal entries, month-end close, variance analysis, and GAAP. Requirements include proficiency with accounting software, a Bachelor's degree in Accounting or Finance, and CPA or CPA-track preferred. Apply today to become part of our team."
software_engineer,"We are looking for a Platform Engineer to join our growing team. In this role, you will mentor junior engineers, review pull requests, and collaborate with product managers on requirements. Relevant skills include code review, microservices, Kubernetes, and Git. Requirements include 3+ years of professional software development experience, excellent communication skills, and a degree in Computer Science or related field. We value diversity and are proud to be an equal opportunity employer."
sales_representative,"As a Sales Associate on our team, you will play a key role in our day-to-day operations. In this role, you will meet or exceed quarterly sales quotas, maintain accurate records in the CRM, and prospect and qualify new sales leads. Relevant skills include prospecting, consultative selling, closing deals, and pipeline management. Requirements include excellent verbal and written communication skills, experience with CRM tools such as Salesforce, and 2+ years of B2B sales experience. Apply today to become part of our team."
graphic_designer,"We are looking for a Brand Designer to join our growing team. You will be expected to create visual assets for marketing campaigns, maintain brand consistency across channels, and iterate on designs based on feedback. Relevant skills include typography, brand identity, layout design, and InDesign. The ideal candidate will have ability to work under tight deadlines, proficiency in the Adobe Creative Suite, and a portfolio demonstrating strong visual design skills. We offer a competitive salary and comprehensive benefits package."
data_scientist,"As a ML Researcher on our team, you will play a key role in our day-to-day operations. Day to day, you will collaborate with engineering on model deployment, build predictive models from large datasets, and communicate findings to stakeholders. You should be comfortable with A/B testing, PyTorch, Python, and pandas. The ideal candidate will have ability to translate ambiguous problems into models, strong statistical foundations, and experience presenting to business stakeholders. We offer a competitive salary and comprehensive benefits package."
accountant,"As a Staff Accountant on our team, you will play a key role in our day-to-day operations. Key responsibilities include process accounts payable and receivable transactions, ensure compliance with GAAP, and support budgeting and forecasting cycles. You should be comfortable with variance analysis, tax compliance, Excel, and accounts receivable. Requirements include a Bachelor's degree in Accounting or Finance, 2+ years of accounting experience, and strong attention to detail. We offer a competitive salary and comprehensive benefits package."
sales_representative,"Our company is seeking an experienced Account Executive to help drive our next phase of growth. Day to day, you will negotiate contract terms and pricing, meet or exceed quarterly sales quotas, and conduct product demonstrations for prospective clients. This role requires strong skills in relationship building, quota attainment, territory management, and negotiation. Requirements include excellent verbal and written communication skills, experience with CRM tools such as Salesforce, and self-motivated and results-driven. Apply today to become part of our team."
sales_representative,"We are looking for a Sales Representative to join our growing team. In this role, you will build long-term relationships with key accounts, prospect and qualify new sales leads, and negotiate contract terms and pricing. Relevant skills include cold calling, closing deals, consultative selling, and quota attainment. You should bring experience with CRM tools such as Salesforce, 2+ years of B2B sales experience, and self-motivated and results-driven. Apply today to become part of our team."
registered_nurse,"As a ICU Nurse on our team, you will play a key role in our day-to-day operations. You will be expected to respond to emergency situations calmly and effectively, administer medications per physician orders, and coordinate with the care team. You should be comfortable with medication administration, wound care, IV therapy, and patient education. The ideal candidate will have an active RN license in good standing, 2+ years of clinical experience, and ability to work rotating shifts including nights and weekends. Apply today to become part of our team."
accountant,"We're hiring a Staff Accountant who is passionate about delivering high-quality work. Key responsibilities include support budgeting and forecasting cycles, assist with the annual audit, and process accounts payable and receivable transactions. You should be comfortable with accounts receivable, audit support, reconciliations, and Excel. We are looking for candidates with proficiency with accounting software, strong attention to detail, and a Bachelor's degree in Accounting or Finance. This is a full-time position with opportunities for growth."
accountant,"We're hiring a Financial Accountant who is passionate about delivering high-quality work. Key responsibilities include assist with the annual audit, support budgeting and forecasting cycles, and ensure compliance with GAAP. Relevant skills include accounts payable, budgeting, accounts receivable, and QuickBooks. We are looking for candidates with 2+ years of accounting experience, proficiency with accounting software, and CPA or CPA-track preferred. Apply today to become part of our team."
accountant,"As a Accounting Analyst on our team, you will play a key role in our day-to-day operations. Key responsibilities include prepare monthly financial statements, process accounts payable and receivable transactions, and assist with the annual audit. This role requires strong skills in tax compliance, GAAP, budgeting, and reconciliations. The ideal candidate will have strong attention to detail, proficiency with accounting software, and CPA or CPA-track preferred. This is a full-time position with opportunities for growth."
sales_representative,"We are looking for a Sales Associate to join our growing team. Day to day, you will negotiate contract terms and pricing, conduct product demonstrations for prospective clients, and build long-term relationships with key accounts. Relevant skills include negotiation, quota attainment, cold calling, and pipeline management. Requirements include self-motivated and results-driven, a track record of meeting or exceeding quota, and excellent verbal and written communication skills. We value diversity and are proud to be an equal opportunity employer."
software_engineer,"Join us as a Platform Engineer and make a real impact from day one. In this role, you will review pull requests, participate in on-call rotations, and debug production incidents. You should be comfortable with cloud infrastructure, Git, Java, and code review. Requirements include strong problem-solving skills, excellent communication skills, and a degree in Computer Science or related field. Apply today to become part of our team."
accountant,"We're hiring a Financial Accountant who is passionate about delivering high-quality work. You will be expected to process accounts payable and receivable transactions, assist with the annual audit, and identify and resolve discrepancies in financial records. This role requires strong skills in accounts receivable, month-end close, accounts payable, and tax compliance. The ideal candidate will have a Bachelor's degree in Accounting or Finance, 2+ years of accounting experience, and strong attention to detail. This is a full-time position with opportunities for growth."
software_engineer,"We are looking for a Platform Engineer to join our growing team. You will be expected to participate in on-call rotations, collaborate with product managers on requirements, and debug production incidents. This role requires strong skills in Kubernetes, unit testing, Java, and distributed systems. The ideal candidate will have 3+ years of professional software development experience, experience with agile development, and strong problem-solving skills. This is a full-time position with opportunities for growth."
data_scientist,"Our company is seeking an experienced ML Researcher to help drive our next phase of growth. Day to day, you will collaborate with engineering on model deployment, validate model performance rigorously, and design and analyze experiments. You should be comfortable with experiment design, causal inference, data visualization, and feature engineering. The ideal candidate will have a graduate degree in a quantitative field, hands-on experience with machine learning frameworks, and strong statistical foundations. We value diversity and are proud to be an equal opportunity employer."
registered_nurse,"Our company is seeking an experienced Staff Nurse to help drive our next phase of growth. You will be expected to document care accurately in the electronic health record, provide direct patient care on the unit, and administer medications per physician orders. Relevant skills include triage, IV therapy, infection control protocols, and wound care. The ideal candidate will have 2+ years of clinical experience, excellent bedside manner, and BLS and ACLS certification. Apply today to become part of our team."
accountant,"Join us as a Senior Accountant and make a real impact from day one. Key responsibilities include ensure compliance with GAAP, reconcile general ledger accounts, and support budgeting and forecasting cycles. You should be comfortable with QuickBooks, accounts receivable, journal entries, and variance analysis. We are looking for candidates with CPA or CPA-track preferred, strong attention to detail, and proficiency with accounting software. This is a full-time position with opportunities for growth."
graphic_designer,"As a Visual Designer on our team, you will play a key role in our day-to-day operations. Key responsibilities include collaborate with marketing on campaign concepts, manage multiple design projects simultaneously, and present design concepts to stakeholders. This role requires strong skills in InDesign, color theory, digital design, and brand identity. You should bring a degree in Graphic Design or related field, proficiency in the Adobe Creative Suite, and strong eye for typography and layout. We offer a competitive salary and comprehensive benefits package."
software_engineer,"As a Platform Engineer on our team, you will play a key role in our day-to-day operations. In this role, you will optimize database queries, debug production incidents, and review pull requests. You should be comfortable with algorithms and data structures, distributed systems, Kubernetes, and Docker. You should bring experience with agile development, strong problem-solving skills, and excellent communication skills. We offer a competitive salary and comprehensive benefits package."
data_scientist,"We're hiring a Machine Learning Engineer who is passionate about delivering high-quality work. In this role, you will collaborate with engineering on model deployment, clean and preprocess messy real-world data, and build predictive models from large datasets. You should be comfortable with Python, A/B testing, statistical modeling, and scikit-learn. Requirements include experience presenting to business stakeholders, ability to translate ambiguous problems into models, and a graduate degree in a quantitative field. This is a full-time position with opportunities for growth."
accountant,"We are looking for a Accounting Analyst to join our growing team. You will be expected to identify and resolve discrepancies in financial records, prepare monthly financial statements, and assist with the annual audit. You should be comfortable with Excel, tax compliance, accounts payable, and month-end close. You should bring proficiency with accounting software, a Bachelor's degree in Accounting or Finance, and 2+ years of accounting experience. We offer a competitive salary and comprehensive benefits package."
accountant,"We're hiring a Financial Accountant who is passionate about delivering high-quality work. In this role, you will ensure compliance with GAAP, assist with the annual audit, and prepare monthly financial statements. This role requires strong skills in budgeting, audit support, accounts payable, and GAAP. We are looking for candidates with CPA or CPA-track preferred, a Bachelor's degree in Accounting or Finance, and strong attention to detail. Apply today to become part of our team."
registered_nurse,"Join us as a Clinical Nurse and make a real impact from day one. Key responsibilities include administer medications per physician orders, provide direct patient care on the unit, and coordinate with the care team. This role requires strong skills in wound care, vital signs monitoring, IV therapy, and medication administration. We are looking for candidates with excellent bedside manner, 2+ years of clinical experience, and an active RN license in good standing. We offer a competitive salary and comprehensive benefits package."
graphic_designer,"Our company is seeking an experienced Graphic Designer to help drive our next phase of growth. Day to day, you will manage multiple design projects simultaneously, create visual assets for marketing campaigns, and maintain brand consistency across channels. You should be comfortable with motion graphics, typography, brand identity, and color theory. Requirements include ability to work under tight deadlines, proficiency in the Adobe Creative Suite, and a portfolio demonstrating strong visual design skills. Apply today to become part of our team."
registered_nurse,"Join us as a ICU Nurse and make a real impact from day one. Key responsibilities include administer medications per physician orders, respond to emergency situations calmly and effectively, and coordinate with the care team. This role requires strong skills in triage, IV therapy, wound care, and patient assessment. You should bring ability to work rotating shifts including nights and weekends, an active RN license in good standing, and 2+ years of clinical experience. We offer a competitive salary and comprehensive benefits package."
data_scientist,"Our company is seeking an experienced Machine Learning Engineer to help drive our next phase of growth. Day to day, you will design and analyze experiments, collaborate with engineering on model deployment, and present insights to non-technical audiences. You should be comfortable with hypothesis testing, data visualization, SQL, and deep learning. The ideal candidate will have experience presenting to business stakeholders, ability to translate ambiguous problems into models, and strong statistical foundations. This is a full-time position with opportunities for growth."
registered_nurse,"We are looking for a ICU Nurse to join our growing team. Key responsibilities include coordinate with the care team, document care accurately in the electronic health record, and monitor patient vital signs and escalate concerns. This role requires strong skills in patient education, medication administration, infection control protocols, and electronic health records. The ideal candidate will have an active RN license in good standing, excellent bedside manner, and ability to work rotating shifts including nights and weekends. We value diversity and are proud to be an equal opportunity employer."
graphic_designer,"We're hiring a Visual Designer who is passionate about delivering high-quality work. You will be expected to design layouts for print and digital media, manage multiple design projects simultaneously, and iterate on designs based on feedback. Relevant skills include UI design principles, InDesign, color theory, and Adobe Illustrator. You should bring a degree in Graphic Design or related field, proficiency in the Adobe Creative Suite, and strong eye for typography and layout. We offer a competitive salary and comprehensive benefits package."
graphic_designer,"We're hiring a Brand Designer who is passionate about delivering high-quality work. Day to day, you will design layouts for print and digital media, iterate on designs based on feedback, and collaborate with marketing on campaign concepts. You should be comfortable with typography, UI design principles, brand identity, and layout design. The ideal candidate will have a portfolio demonstrating strong visual design skills, strong eye for typography and layout, and ability to work under tight deadlines. This is a full-time position with opportunities for growth."
software_engineer,"As a Software Engineer on our team, you will play a key role in our day-to-day operations. Day to day, you will participate in on-call rotations, optimize database queries, and write clean, well-tested code. You should be comfortable with unit testing, Git, algorithms and data structures, and code review. Requirements include 3+ years of professional software development experience, experience with agile development, and a degree in Computer Science or related field. Apply today to become part of our team."
sales_representative,"We're hiring a Sales Representative who is passionate about delivering high-quality work. Day to day, you will maintain accurate records in the CRM, build and maintain a pipeline of opportunities, and conduct product demonstrations for prospective clients. You should be comfortable with lead generation, consultative selling, territory management, and quota attainment. We are looking for candidates with self-motivated and results-driven, a track record of meeting or exceeding quota, and 2+ years of B2B sales experience. This is a full-time position with opportunities for growth."
accountant,"Our company is seeking an experienced Financial Accountant to help drive our next phase of growth. You will be expected to reconcile general ledger accounts, identify and resolve discrepancies in financial records, and ensure compliance with GAAP. Relevant skills include variance analysis, journal entries, accounts payable, and month-end close. You should bring 2+ years of accounting experience, a Bachelor's degree in Accounting or Finance, and CPA or CPA-track preferred. Apply today to become part of our team."
data_scientist,"We are looking for a Machine Learning Engineer to join our growing team. You will be expected to clean and preprocess messy real-world data, communicate findings to stakeholders, and present insights to non-technical audiences. You should be comfortable with data visualization, experiment design, scikit-learn, and SQL. Requirements include strong statistical foundations, experience presenting to business stakeholders, and ability to translate ambiguous problems into models. We offer a competitive salary and comprehensive benefits package."
accountant,"We are looking for a Senior Accountant to join our growing team. Day to day, you will prepare monthly financial statements, support budgeting and forecasting cycles, and process accounts payable and receivable transactions. This role requires strong skills in budgeting, variance analysis, journal entries, and financial reporting. We are looking for candidates with 2+ years of accounting experience, CPA or CPA-track preferred, and proficiency with accounting software. We offer a competitive salary and comprehensive benefits package."
data_scientist,"As a Data Scientist on our team, you will play a key role in our day-to-day operations. Day to day, you will communicate findings to stakeholders, collaborate with engineering on model deployment, and clean and preprocess messy real-world data. This role requires strong skills in scikit-learn, experiment design, feature engineering, and A/B testing. You should bring a graduate degree in a quantitative field, strong statistical foundations, and experience presenting to business stakeholders. We value diversity and are proud to be an equal opportunity employer."
sales_representative,"Our company is seeking an experienced Account Executive to help drive our next phase of growth. In this role, you will meet or exceed quarterly sales quotas, build and maintain a pipeline of opportunities, and maintain accurate records in the CRM. This role requires strong skills in closing deals, territory management, lead generation, and prospecting. Requirements include 2+ years of B2B sales experience, self-motivated and results-driven, and a track record of meeting or exceeding quota. We value diversity and are proud to be an equal opportunity employer."
graphic_designer,"Join us as a Visual Designer and make a real impact from day one. Day to day, you will create visual assets for marketing campaigns, manage multiple design projects simultaneously, and collaborate with marketing on campaign concepts. You should be comfortable with Adobe Illustrator, UI design principles, brand identity, and InDesign. Requirements include proficiency in the Adobe Creative Suite, strong eye for typography and layout, and ability to work under tight deadlines. We value diversity and are proud to be an equal opportunity employer."
data_scientist,"We are looking for a Machine Learning Engineer to join our growing team. Key responsibilities include validate model performance rigorously, communicate findings to stakeholders, and present insights to non-technical audiences. Relevant skills include scikit-learn, data visualization, PyTorch, and deep learning. You should bring experience presenting to business stakeholders, strong statistical foundations, and a graduate degree in a quantitative field. We offer a competitive salary and comprehensive benefits package."
sales_representative,"We're hiring a Account Executive who is passionate about delivering high-quality work. Key responsibilities include maintain accurate records in the CRM, build long-term relationships with key accounts, and build and maintain a pipeline of opportunities. This role requires strong skills in relationship building, consultative selling, CRM software, and pipeline management. You should bring 2+ years of B2B sales experience, a track record of meeting or exceeding quota, and self-motivated and results-driven. Apply today to become part of our team."
accountant,"We are looking for a Financial Accountant to join our growing team. In this role, you will identify and resolve discrepancies in financial records, ensure compliance with GAAP, and reconcile general ledger accounts. This role requires strong skills in month-end close, audit support, Excel, and reconciliations. We are looking for candidates with CPA or CPA-track preferred, 2+ years of accounting experience, and strong attention to detail. Apply today to become part of our team."
accountant,"As a Financial Accountant on our team, you will play a key role in our day-to-day operations. Key responsibilities include reconcile general ledger accounts, support budgeting and forecasting cycles, and assist with the annual audit. You should be comfortable with journal entries, audit support, month-end close, and QuickBooks. The ideal candidate will have CPA or CPA-track preferred, proficiency with accounting software, and 2+ years of accounting experience. We value diversity and are proud to be an equal opportunity employer."
graphic_designer,"As a Visual Designer on our team, you will play a key role in our day-to-day operations. You will be expected to maintain brand consistency across channels, manage multiple design projects simultaneously, and present design concepts to stakeholders. You should be comfortable with UI design principles, motion graphics, InDesign, and brand identity. We are looking for candidates with a portfolio demonstrating strong visual design skills, proficiency in the Adobe Creative Suite, and strong eye for typography and layout. This is a full-time position with opportunities for growth."
data_scientist,"Our company is seeking an experienced Data Scientist to help drive our next phase of growth. Key responsibilities include present insights to non-technical audiences, build predictive models from large datasets, and collaborate with engineering on model deployment. Relevant skills include hypothesis testing, feature engineering, pandas, and PyTorch. Requirements include strong statistical foundations, a graduate degree in a quantitative field, and experience presenting to business stakeholders. We value diversity and are proud to be an equal opportunity employer."
graphic_designer,"Our company is seeking an experienced Visual Designer to help drive our next phase of growth. Day to day, you will present design concepts to stakeholders, iterate on designs based on feedback, and maintain brand consistency across channels. Relevant skills include Figma, print production, motion graphics, and typography. The ideal candidate will have proficiency in the Adobe Creative Suite, a degree in Graphic Design or related field, and ability to work under tight deadlines. We offer a competitive salary and comprehensive benefits package."
software_engineer,"As a Software Engineer on our team, you will play a key role in our day-to-day operations. Day to day, you will debug production incidents, optimize database queries, and participate in on-call rotations. Relevant skills include algorithms and data structures, Git, Kubernetes, and Java. You should bring a degree in Computer Science or related field, 3+ years of professional software development experience, and experience with agile development. We offer a competitive salary and comprehensive benefits package."
data_scientist,"We are looking for a Machine Learning Engineer to join our growing team. Key responsibilities include clean and preprocess messy real-world data, validate model performance rigorously, and present insights to non-technical audiences. This role requires strong skills in statistical modeling, Python, PyTorch, and experiment design. You should bring hands-on experience with machine learning frameworks, a graduate degree in a quantitative field, and ability to translate ambiguous problems into models. We value diversity and are proud to be an equal opportunity employer."
registered_nurse,"We are looking for a Staff Nurse to join our growing team. Key responsibilities include provide direct patient care on the unit, monitor patient vital signs and escalate concerns, and administer medications per physician orders. Relevant skills include patient education, infection control protocols, IV therapy, and vital signs monitoring. We are looking for candidates with 2+ years of clinical experience, BLS and ACLS certification, and an active RN license in good standing. Apply today to become part of our team."
sales_representative,"We are looking for a Sales Representative to join our growing team. Day to day, you will build long-term relationships with key accounts, meet or exceed quarterly sales quotas, and build and maintain a pipeline of opportunities. You should be comfortable with quota attainment, relationship building, cold calling, and lead generation. You should bring a track record of meeting or exceeding quota, excellent verbal and written communication skills, and experience with CRM tools such as Salesforce. We offer a competitive salary and comprehensive benefits package."
software_engineer,"As a Platform Engineer on our team, you will play a key role in our day-to-day operations. Key responsibilities include mentor junior engineers, collaborate with product managers on requirements, and debug production incidents. You should be comfortable with Java, unit testing, cloud infrastructure, and code review. Requirements include excellent communication skills, 3+ years of professional software development experience, and experience with agile development. This is a full-time position with opportunities for growth."
accountant,"We're hiring a Financial Accountant who is passionate about delivering high-quality work. In this role, you will assist with the annual audit, support budgeting and forecasting cycles, and ensure compliance with GAAP. This role requires strong skills in journal entries, financial reporting, month-end close, and tax compliance. The ideal candidate will have strong attention to detail, 2+ years of accounting experience, and a Bachelor's degree in Accounting or Finance. Apply today to become part of our team."
registered_nurse,"We're hiring a Registered Nurse who is passionate about delivering high-quality work. You will be expected to administer medications per physician orders, educate patients and families on care plans, and respond to emergency situations calmly and effectively. You should be comfortable with medication administration, patient education, patient assessment, and vital signs monitoring. You should bring ability to work rotating shifts including nights and weekends, an active RN license in good standing, and BLS and ACLS certification. This is a full-time position with opportunities for growth."
registered_nurse,"We are looking for a Registered Nurse to join our growing team. In this role, you will provide direct patient care on the unit, administer medications per physician orders, and monitor patient vital signs and escalate concerns. Relevant skills include triage, wound care, IV therapy, and infection control protocols. Requirements include excellent bedside manner, ability to work rotating shifts including nights and weekends, and BLS and ACLS certification. We offer a competitive salary and comprehensive benefits package."
sales_representative,"We're hiring a Business Development Representative who is passionate about delivering high-quality work. Day to day, you will prospect and qualify new sales leads, negotiate contract terms and pricing, and conduct product demonstrations for prospective clients. You should be comfortable with relationship building, pipeline management, territory management, and negotiation. The ideal candidate will have self-motivated and results-driven, excellent verbal and written communication skills, and a track record of meeting or exceeding quota. We offer a competitive salary and comprehensive benefits package."
data_scientist,"Join us as a ML Researcher and make a real impact from day one. You will be expected to collaborate with engineering on model deployment, clean and preprocess messy real-world data, and build predictive models from large datasets. This role requires strong skills in causal inference, A/B testing, hypothesis testing, and feature engineering. You should bring experience presenting to business stakeholders, strong statistical foundations, and ability to translate ambiguous problems into models. This is a full-time position with opportunities for growth."
data_scientist,"We're hiring a ML Researcher who is passionate about delivering high-quality work. Key responsibilities include design and analyze experiments, validate model performance rigorously, and communicate findings to stakeholders. Relevant skills include A/B testing, PyTorch, scikit-learn, and deep learning. You should bring a graduate degree in a quantitative field, ability to translate ambiguous problems into models, and strong statistical foundations. Apply today to become part of our team."
registered_nurse,"We are looking for a Clinical Nurse to join our growing team. In this role, you will provide direct patient care on the unit, respond to emergency situations calmly and effectively, and educate patients and families on care plans. This role requires strong skills in medication administration, electronic health records, care plan documentation, and wound care. The ideal candidate will have excellent bedside manner, BLS and ACLS certification, and 2+ years of clinical experience. We value diversity and are proud to be an equal opportunity employer."
accountant,"Our company is seeking an experienced Accounting Analyst to help drive our next phase of growth. Day to day, you will identify and resolve discrepancies in financial records, assist with the annual audit, and process accounts payable and receivable transactions. Relevant skills include variance analysis, GAAP, QuickBooks, and accounts payable. The ideal candidate will have a Bachelor's degree in Accounting or Finance, strong attention to detail, and 2+ years of accounting experience. This is a full-time position with opportunities for growth."
registered_nurse,"Join us as a Staff Nurse and make a real impact from day one. In this role, you will document care accurately in the electronic health record, respond to emergency situations calmly and effectively, and provide direct patient care on the unit. You should be comfortable with triage, medication administration, IV therapy, and patient education. You should bring 2+ years of clinical experience, excellent bedside manner, and BLS and ACLS certification. Apply today to become part of our team."
graphic_designer,"We are looking for a Creative Designer to join our growing team. You will be expected to design layouts for print and digital media, create visual assets for marketing campaigns, and manage multiple design projects simultaneously. Relevant skills include InDesign, digital design, print production, and UI design principles. Requirements include a portfolio demonstrating strong visual design skills, proficiency in the Adobe Creative Suite, and ability to work under tight deadlines. We offer a competitive salary and comprehensive benefits package."
sales_representative,"As a Sales Representative on our team, you will play a key role in our day-to-day operations. You will be expected to meet or exceed quarterly sales quotas, build and maintain a pipeline of opportunities, and negotiate contract terms and pricing. You should be comfortable with consultative selling, cold calling, negotiation, and CRM software. Requirements include excellent verbal and written communication skills, experience with CRM tools such as Salesforce, and 2+ years of B2B sales experience. Apply today to become part of our team."
sales_representative,"As a Sales Associate on our team, you will play a key role in our day-to-day operations. In this role, you will build and maintain a pipeline of opportunities, prospect and qualify new sales leads, and negotiate contract terms and pricing. This role requires strong skills in closing deals, territory management, prospecting, and lead generation. We are looking for candidates with a track record of meeting or exceeding quota, self-motivated and results-driven, and experience with CRM tools such as Salesforce. This is a full-time position with opportunities for growth."
sales_representative,"We are looking for a Sales Associate to join our growing team. In this role, you will negotiate contract terms and pricing, conduct product demonstrations for prospective clients, and maintain accurate records in the CRM. Relevant skills include negotiation, pipeline management, quota attainment, and cold calling. Requirements include excellent verbal and written communication skills, self-motivated and results-driven, and 2+ years of B2B sales experience. We offer a competitive salary and comprehensive benefits package."
graphic_designer,"We are looking for a Creative Designer to join our growing team. Day to day, you will maintain brand consistency across channels, collaborate with marketing on campaign concepts, and manage multiple design projects simultaneously. This role requires strong skills in Figma, print production, brand identity, and digital design. You should bring ability to work under tight deadlines, a degree in Graphic Design or related field, and strong eye for typography and layout. This is a full-time position with opportunities for growth."
accountant,"As a Staff Accountant on our team, you will play a key role in our day-to-day operations. You will be expected to prepare monthly financial statements, reconcile general ledger accounts, and identify and resolve discrepancies in financial records. Relevant skills include reconciliations, accounts payable, GAAP, and journal entries. Requirements include CPA or CPA-track preferred, proficiency with accounting software, and 2+ years of accounting experience. This is a full-time position with opportunities for growth."
data_scientist,"Join us as a Machine Learning Engineer and make a real impact from day one. Day to day, you will build predictive models from large datasets, present insights to non-technical audiences, and communicate findings to stakeholders. Relevant skills include hypothesis testing, model deployment, feature engineering, and experiment design. Requirements include ability to translate ambiguous problems into models, a graduate degree in a quantitative field, and experience presenting to business stakeholders. We offer a competitive salary and comprehensive benefits package."
graphic_designer,"Our company is seeking an experienced Graphic Designer to help drive our next phase of growth. You will be expected to present design concepts to stakeholders, design layouts for print and digital media, and manage multiple design projects simultaneously. Relevant skills include print production, digital design, InDesign, and typography. You should bring a degree in Graphic Design or related field, strong eye for typography and layout, and ability to work under tight deadlines. Apply today to become part of our team."
registered_nurse,"Our company is seeking an experienced Registered Nurse to help drive our next phase of growth. In this role, you will monitor patient vital signs and escalate concerns, educate patients and families on care plans, and document care accurately in the electronic health record. Relevant skills include IV therapy, triage, electronic health records, and patient assessment. You should bring excellent bedside manner, BLS and ACLS certification, and an active RN license in good standing. We offer a competitive salary and comprehensive benefits package."
accountant,"We're hiring a Accounting Analyst who is passionate about delivering high-quality work. Day to day, you will reconcile general ledger accounts, assist with the annual audit, and prepare monthly financial statements. You should be comfortable with audit support, month-end close, budgeting, and variance analysis. Requirements include 2+ years of accounting experience, proficiency with accounting software, and strong attention to detail. Apply today to become part of our team."
software_engineer,"We're hiring a Platform Engineer who is passionate about delivering high-quality work. Day to day, you will review pull requests, debug production incidents, and participate in on-call rotations. You should be comfortable with microservices, CI/CD pipelines, algorithms and data structures, and Python. The ideal candidate will have a degree in Computer Science or related field, 3+ years of professional software development experience, and strong problem-solving skills. We value diversity and are proud to be an equal opportunity employer."
registered_nurse,"Our company is seeking an experienced Registered Nurse to help drive our next phase of growth. Day to day, you will document care accurately in the electronic health record, administer medications per physician orders, and educate patients and families on care plans. This role requires strong skills in patient assessment, electronic health records, IV therapy, and triage. Requirements include BLS and ACLS certification, excellent bedside manner, and 2+ years of clinical experience. Apply today to become part of our team."
data_scientist,"We're hiring a Data Scientist who is passionate about delivering high-quality work. You will be expected to validate model performance rigorously, clean and preprocess messy real-world data, and communicate findings to stakeholders. Relevant skills include feature engineering, statistical modeling, PyTorch, and deep learning. We are looking for candidates with ability to translate ambiguous problems into models, a graduate degree in a quantitative field, and strong statistical foundations. This is a full-time position with opportunities for growth."
graphic_designer,"We're hiring a Visual Designer who is passionate about delivering high-quality work. In this role, you will manage multiple design projects simultaneously, design layouts for print and digital media, and create visual assets for marketing campaigns. This role requires strong skills in Adobe Photoshop, color theory, typography, and print production. You should bring strong eye for typography and layout, a portfolio demonstrating strong visual design skills, and proficiency in the Adobe Creative Suite. Apply today to become part of our team."
accountant,"As a Senior Accountant on our team, you will play a key role in our day-to-day operations. You will be expected to assist with the annual audit, prepare monthly financial statements, and identify and resolve discrepancies in financial records. This role requires strong skills in budgeting, tax compliance, reconciliations, and GAAP. We are looking for candidates with 2+ years of accounting experience, proficiency with accounting software, and CPA or CPA-track preferred. This is a full-time position with opportunities for growth."
sales_representative,"Our company is seeking an experienced Sales Associate to help drive our next phase of growth. Day to day, you will prospect and qualify new sales leads, meet or exceed quarterly sales quotas, and build long-term relationships with key accounts. This role requires strong skills in negotiation, cold calling, consultative selling, and pipeline management. Requirements include 2+ years of B2B sales experience, experience with CRM tools such as Salesforce, and a track record of meeting or exceeding quota. This is a full-time position with opportunities for growth."
graphic_designer,"Our company is seeking an experienced Graphic Designer to help drive our next phase of growth. Key responsibilities include design layouts for print and digital media, manage multiple design projects simultaneously, and create visual assets for marketing campaigns. This role requires strong skills in digital design, Figma, Adobe Illustrator, and color theory. Requirements include a portfolio demonstrating strong visual design skills, a degree in Graphic Design or related field, and strong eye for typography and layout. We offer a competitive salary and comprehensive benefits package."
accountant,"We are looking for a Accounting Analyst to join our growing team. You will be expected to identify and resolve discrepancies in financial records, support budgeting and forecasting cycles, and assist with the annual audit. You should be comfortable with budgeting, tax compliance, GAAP, and month-end close. The ideal candidate will have 2+ years of accounting experience, proficiency with accounting software, and a Bachelor's degree in Accounting or Finance. We value diversity and are proud to be an equal opportunity employer."
graphic_designer,"We're hiring a Brand Designer who is passionate about delivering high-quality work. In this role, you will present design concepts to stakeholders, design layouts for print and digital media, and collaborate with marketing on campaign concepts. You should be comfortable with color theory, brand identity, Figma, and Adobe Illustrator. You should bring a portfolio demonstrating strong visual design skills, proficiency in the Adobe Creative Suite, and a degree in Graphic Design or related field. We offer a competitive salary and comprehensive benefits package."
sales_representative,"As a Sales Representative on our team, you will play a key role in our day-to-day operations. Day to day, you will meet or exceed quarterly sales quotas, conduct product demonstrations for prospective clients, and build long-term relationships with key accounts. You should be comfortable with CRM software, cold calling, quota attainment, and territory management. We are looking for candidates with 2+ years of B2B sales experience, experience with CRM tools such as Salesforce, and a track record of meeting or exceeding quota. We offer a competitive salary and comprehensive benefits package."
accountant,"Our company is seeking an experienced Senior Accountant to help drive our next phase of growth. In this role, you will prepare monthly financial statements, support budgeting and forecasting cycles, and assist with the annual audit. This role requires strong skills in QuickBooks, tax compliance, journal entries, and budgeting. The ideal candidate will have proficiency with accounting software, strong attention to detail, and a Bachelor's degree in Accounting or Finance. Apply today to become part of our team."
graphic_designer,"Join us as a Visual Designer and make a real impact from day one. Key responsibilities include collaborate with marketing on campaign concepts, maintain brand consistency across channels, and manage multiple design projects simultaneously. You should be comfortable with Adobe Photoshop, motion graphics, layout design, and typography. We are looking for candidates with ability to work under tight deadlines, strong eye for typography and layout, and a portfolio demonstrating strong visual design skills. Apply today to become part of our team."
registered_nurse,"We are looking for a ICU Nurse to join our growing team. In this role, you will document care accurately in the electronic health record, provide direct patient care on the unit, and respond to emergency situations calmly and effectively. You should be comfortable with triage, patient assessment, medication administration, and electronic health records. Requirements include an active RN license in good standing, 2+ years of clinical experience, and excellent bedside manner. We offer a competitive salary and comprehensive benefits package."
graphic_designer,"We're hiring a Creative Designer who is passionate about delivering high-quality work. Day to day, you will iterate on designs based on feedback, design layouts for print and digital media, and collaborate with marketing on campaign concepts. This role requires strong skills in Adobe Illustrator, typography, layout design, and digital design. Requirements include a degree in Graphic Design or related field, strong eye for typography and layout, and ability to work under tight deadlines. Apply today to become part of our team."
sales_representative,"As a Account Executive on our team, you will play a key role in our day-to-day operations. You will be expected to maintain accurate records in the CRM, negotiate contract terms and pricing, and build long-term relationships with key accounts. This role requires strong skills in prospecting, consultative selling, quota attainment, and CRM software. You should bring self-motivated and results-driven, 2+ years of B2B sales experience, and a track record of meeting or exceeding quota. We value diversity and are proud to be an equal opportunity employer."
sales_representative,"We are looking for a Business Development Representative to join our growing team. Key responsibilities include meet or exceed quarterly sales quotas, negotiate contract terms and pricing, and prospect and qualify new sales leads. You should be comfortable with prospecting, pipeline management, territory management, and lead generation. You should bring experience with CRM tools such as Salesforce, 2+ years of B2B sales experience, and self-motivated and results-driven. We offer a competitive salary and comprehensive benefits package."
data_scientist,"We are looking for a Applied Scientist to join our growing team. Day to day, you will build predictive models from large datasets, design and analyze experiments, and collaborate with engineering on model deployment. You should be comfortable with pandas, model deployment, feature engineering, and data visualization. The ideal candidate will have a graduate degree in a quantitative field, hands-on experience with machine learning frameworks, and strong statistical foundations. We value diversity and are proud to be an equal opportunity employer."
data_scientist,"Our company is seeking an experienced ML Researcher to help drive our next phase of growth. You will be expected to build predictive models from large datasets, design and analyze experiments, and collaborate with engineering on model deployment. Relevant skills include deep learning, A/B testing, feature engineering, and pandas. You should bring strong statistical foundations, hands-on experience with machine learning frameworks, and experience presenting to business stakeholders. This is a full-time position with opportunities for growth."
sales_representative,"We're hiring a Business Development Representative who is passionate about delivering high-quality work. Day to day, you will maintain accurate records in the CRM, meet or exceed quarterly sales quotas, and build and maintain a pipeline of opportunities. This role requires strong skills in quota attainment, closing deals, territory management, and pipeline management. Requirements include experience with CRM tools such as Salesforce, self-motivated and results-driven, and 2+ years of B2B sales experience. Apply today to become part of our team."
sales_representative,"Join us as a Account Executive and make a real impact from day one. Day to day, you will prospect and qualify new sales leads, build and maintain a pipeline of opportunities, and conduct product demonstrations for prospective clients. Relevant skills include cold calling, consultative selling, quota attainment, and CRM software. Requirements include excellent verbal and written communication skills, self-motivated and results-driven, and experience with CRM tools such as Salesforce. We offer a competitive salary and comprehensive benefits package."
sales_representative,"Join us as a Business Development Representative and make a real impact from day one. You will be expected to prospect and qualify new sales leads, conduct product demonstrations for prospective clients, and negotiate contract terms and pricing. You should be comfortable with relationship building, prospecting, negotiation, and lead generation. Requirements include excellent verbal and written communication skills, 2+ years of B2B sales experience, and experience with CRM tools such as Salesforce. We offer a competitive salary and comprehensive benefits package."
accountant,"We are looking for a Staff Accountant to join our growing team. You will be expected to reconcile general ledger accounts, support budgeting and forecasting cycles, and assist with the annual audit. Relevant skills include QuickBooks, Excel, accounts receivable, and GAAP. Requirements include 2+ years of accounting experience, proficiency with accounting software, and strong attention to detail. This is a full-time position with opportunities for growth."
accountant,"Our company is seeking an experienced Accounting Analyst to help drive our next phase of growth. Day to day, you will identify and resolve discrepancies in financial records, prepare monthly financial statements, and assist with the annual audit. You should be comfortable with financial reporting, month-end close, GAAP, and audit support. We are looking for candidates with proficiency with accounting software, a Bachelor's degree in Accounting or Finance, and 2+ years of accounting experience. Apply today to become part of our team."
data_scientist,"Join us as a Data Scientist and make a real impact from day one. In this role, you will collaborate with engineering on model deployment, clean and preprocess messy real-world data, and communicate findings to stakeholders. You should be comfortable with data visualization, pandas, Python, and experiment design. Requirements include hands-on experience with machine learning frameworks, experience presenting to business stakeholders, and a graduate degree in a quantitative field. Apply today to become part of our team."
graphic_designer,"Join us as a Brand Designer and make a real impact from day one. In this role, you will design layouts for print and digital media, iterate on designs based on feedback, and present design concepts to stakeholders. This role requires strong skills in brand identity, InDesign, motion graphics, and print production. You should bring strong eye for typography and layout, proficiency in the Adobe Creative Suite, and ability to work under tight deadlines. Apply today to become part of our team."
registered_nurse,"Our company is seeking an experienced Staff Nurse to help drive our next phase of growth. You will be expected to coordinate with the care team, educate patients and families on care plans, and respond to emergency situations calmly and effectively. You should be comfortable with electronic health records, infection control protocols, vital signs monitoring, and medication administration. Requirements include ability to work rotating shifts including nights and weekends, BLS and ACLS certification, and excellent bedside manner. We value diversity and are proud to be an equal opportunity employer."
accountant,"Our company is seeking an experienced Accounting Analyst to help drive our next phase of growth. You will be expected to support budgeting and forecasting cycles, process accounts payable and receivable transactions, and assist with the annual audit. You should be comfortable with QuickBooks, tax compliance, variance analysis, and GAAP. The ideal candidate will have CPA or CPA-track preferred, strong attention to detail, and a Bachelor's degree in Accounting or Finance. We offer a competitive salary and comprehensive benefits package."
graphic_designer,"We're hiring a Creative Designer who is passionate about delivering high-quality work. In this role, you will maintain brand consistency across channels, design layouts for print and digital media, and collaborate with marketing on campaign concepts. This role requires strong skills in motion graphics, print production, layout design, and Adobe Illustrator. We are looking for candidates with a portfolio demonstrating strong visual design skills, a degree in Graphic Design or related field, and strong eye for typography and layout. We offer a competitive salary and comprehensive benefits package."
data_scientist,"We're hiring a ML Researcher who is passionate about delivering high-quality work. You will be expected to build predictive models from large datasets, validate model performance rigorously, and collaborate with engineering on model deployment. This role requires strong skills in statistical modeling, SQL, causal inference, and deep learning. The ideal candidate will have experience presenting to business stakeholders, hands-on experience with machine learning frameworks, and strong statistical foundations. We offer a competitive salary and comprehensive benefits package."
accountant,"We are looking for a Senior Accountant to join our growing team. Key responsibilities include ensure compliance with GAAP, reconcile general ledger accounts, and process accounts payable and receivable transactions. Relevant skills include accounts payable, month-end close, budgeting, and Excel. You should bring proficiency with accounting software, a Bachelor's degree in Accounting or Finance, and strong attention to detail. We offer a competitive salary and comprehensive benefits package."
data_scientist,"We're hiring a Applied Scientist who is passionate about delivering high-quality work. Key responsibilities include clean and preprocess messy real-world data, collaborate with engineering on model deployment, and design and analyze experiments. Relevant skills include SQL, data visualization, model deployment, and scikit-learn. Requirements include experience presenting to business stakeholders, strong statistical foundations, and ability to translate ambiguous problems into models. Apply today to become part of our team."
sales_representative,"We are looking for a Business Development Representative to join our growing team. Day to day, you will meet or exceed quarterly sales quotas, prospect and qualify new sales leads, and build long-term relationships with key accounts. You should be comfortable with cold calling, pipeline management, CRM software, and consultative selling. Requirements include 2+ years of B2B sales experience, experience with CRM tools such as Salesforce, and excellent verbal and written communication skills. We offer a competitive salary and comprehensive benefits package."
data_scientist,"We're hiring a Data Scientist who is passionate about delivering high-quality work. Key responsibilities include present insights to non-technical audiences, build predictive models from large datasets, and design and analyze experiments. You should be comfortable with causal inference, hypothesis testing, data visualization, and SQL. The ideal candidate will have experience presenting to business stakeholders, ability to translate ambiguous problems into models, and a graduate degree in a quantitative field. This is a full-time position with opportunities for growth."
graphic_designer,"We are looking for a Visual Designer to join our growing team. In this role, you will design layouts for print and digital media, maintain brand consistency across channels, and collaborate with marketing on campaign concepts. You should be comfortable with Figma, digital design, brand identity, and Adobe Illustrator. You should bring ability to work under tight deadlines, strong eye for typography and layout, and a portfolio demonstrating strong visual design skills. We offer a competitive salary and comprehensive benefits package."
registered_nurse,"As a Staff Nurse on our team, you will play a key role in our day-to-day operations. Day to day, you will administer medications per physician orders, coordinate with the care team, and monitor patient vital signs and escalate concerns. Relevant skills include vital signs monitoring, triage, IV therapy, and care plan documentation. We are looking for candidates with excellent bedside manner, an active RN license in good standing, and BLS and ACLS certification. We offer a competitive salary and comprehensive benefits package."
registered_nurse,"We are looking for a Clinical Nurse to join our growing team. Key responsibilities include provide direct patient care on the unit, administer medications per physician orders, and document care accurately in the electronic health record. Relevant skills include medication administration, infection control protocols, vital signs monitoring, and patient assessment. Requirements include excellent bedside manner, an active RN license in good standing, and BLS and ACLS certification. We value diversity and are proud to be an equal opportunity employer."
data_scientist,"As a Data Scientist on our team, you will play a key role in our day-to-day operations. Day to day, you will clean and preprocess messy real-world data, communicate findings to stakeholders, and design and analyze experiments. This role requires strong skills in hypothesis testing, feature engineering, PyTorch, and scikit-learn. Requirements include a graduate degree in a quantitative field, ability to translate ambiguous problems into models, and experience presenting to business stakeholders. This is a full-time position with opportunities for growth."
data_scientist,"Join us as a Machine Learning Engineer and make a real impact from day one. Key responsibilities include validate model performance rigorously, collaborate with engineering on model deployment, and build predictive models from large datasets. Relevant skills include pandas, statistical modeling, PyTorch, and SQL. The ideal candidate will have ability to translate ambiguous problems into models, a graduate degree in a quantitative field, and strong statistical foundations. Apply today to become part of our team."
sales_representative,"Our company is seeking an experienced Sales Representative to help drive our next phase of growth. You will be expected to conduct product demonstrations for prospective clients, negotiate contract terms and pricing, and meet or exceed quarterly sales quotas. Relevant skills include cold calling, relationship building, pipeline management, and consultative selling. We are looking for candidates with a track record of meeting or exceeding quota, self-motivated and results-driven, and excellent verbal and written communication skills. This is a full-time position with opportunities for growth."
accountant,"Join us as a Financial Accountant and make a real impact from day one. Key responsibilities include reconcile general ledger accounts, process accounts payable and receivable transactions, and identify and resolve discrepancies in financial records. You should be comfortable with reconciliations, accounts payable, budgeting, and audit support. The ideal candidate will have a Bachelor's degree in Accounting or Finance, CPA or CPA-track preferred, and strong attention to detail. We offer a competitive salary and comprehensive benefits package."
accountant,"We are looking for a Staff Accountant to join our growing team. In this role, you will ensure compliance with GAAP, process accounts payable and receivable transactions, and assist with the annual audit. You should be comfortable with budgeting, journal entries, Excel, and tax compliance. You should bring CPA or CPA-track preferred, strong attention to detail, and 2+ years of accounting experience. We offer a competitive salary and comprehensive benefits package."
registered_nurse,"We are looking for a Staff Nurse to join our growing team. Key responsibilities include provide direct patient care on the unit, respond to emergency situations calmly and effectively, and administer medications per physician orders. You should be comfortable with wound care, patient education, vital signs monitoring, and care plan documentation. We are looking for candidates with an active RN license in good standing, 2+ years of clinical experience, and ability to work rotating shifts including nights and weekends. We offer a competitive salary and comprehensive benefits package."
graphic_designer,"Our company is seeking an experienced Visual Designer to help drive our next phase of growth. In this role, you will maintain brand consistency across channels, collaborate with marketing on campaign concepts, and iterate on designs based on feedback. Relevant skills include motion graphics, InDesign, Adobe Illustrator, and Adobe Photoshop. Requirements include strong eye for typography and layout, a portfolio demonstrating strong visual design skills, and a degree in Graphic Design or related field. We value diversity and are proud to be an equal opportunity employer."
sales_representative,"Our company is seeking an experienced Sales Representative to help drive our next phase of growth. Key responsibilities include conduct product demonstrations for prospective clients, build long-term relationships with key accounts, and negotiate contract terms and pricing. This role requires strong skills in relationship building, cold calling, prospecting, and pipeline management. The ideal candidate will have a track record of meeting or exceeding quota, experience with CRM tools such as Salesforce, and 2+ years of B2B sales experience. We offer a competitive salary and comprehensive benefits package."
accountant,"We're hiring a Senior Accountant who is passionate about delivering high-quality work. You will be expected to process accounts payable and receivable transactions, ensure compliance with GAAP, and assist with the annual audit. You should be comfortable with accounts receivable, audit support, GAAP, and budgeting. Requirements include a Bachelor's degree in Accounting or Finance, 2+ years of accounting experience, and CPA or CPA-track preferred. This is a full-time position with opportunities for growth."
data_scientist,"As a Machine Learning Engineer on our team, you will play a key role in our day-to-day operations. Key responsibilities include design and analyze experiments, present insights to non-technical audiences, and communicate findings to stakeholders. Relevant skills include SQL, experiment design, A/B testing, and pandas. Requirements include hands-on experience with machine learning frameworks, strong statistical foundations, and a graduate degree in a quantitative field. We offer a competitive salary and comprehensive benefits package."
graphic_designer,"Our company is seeking an experienced Visual Designer to help drive our next phase of growth. Day to day, you will collaborate with marketing on campaign concepts, present design concepts to stakeholders, and iterate on designs based on feedback. You should be comfortable with color theory, brand identity, InDesign, and Adobe Illustrator. We are looking for candidates with strong eye for typography and layout, proficiency in the Adobe Creative Suite, and ability to work under tight deadlines. We value diversity and are proud to be an equal opportunity employer."
registered_nurse,"We're hiring a ICU Nurse who is passionate about delivering high-quality work. In this role, you will educate patients and families on care plans, coordinate with the care team, and monitor patient vital signs and escalate concerns. Relevant skills include patient assessment, IV therapy, wound care, and infection control protocols. The ideal candidate will have BLS and ACLS certification, 2+ years of clinical experience, and excellent bedside manner. This is a full-time position with opportunities for growth."
graphic_designer,"We are looking for a Visual Designer to join our growing team. In this role, you will present design concepts to stakeholders, collaborate with marketing on campaign concepts, and maintain brand consistency across channels. This role requires strong skills in InDesign, Adobe Photoshop, layout design, and color theory. Requirements include a degree in Graphic Design or related field, proficiency in the Adobe Creative Suite, and strong eye for typography and layout. We value diversity and are proud to be an equal opportunity employer."
software_engineer,"We are looking for a Full Stack Engineer to join our growing team. Day to day, you will design and implement scalable backend services, debug production incidents, and participate in on-call rotations. You should be comfortable with Docker, Git, REST APIs, and Java. Requirements include 3+ years of professional software development experience, a degree in Computer Science or related field, and strong problem-solving skills. We offer a competitive salary and comprehensive benefits package."
data_scientist,"Join us as a ML Researcher and make a real impact from day one. Key responsibilities include communicate findings to stakeholders, validate model performance rigorously, and collaborate with engineering on model deployment. This role requires strong skills in experiment design, statistical modeling, A/B testing, and feature engineering. Requirements include strong statistical foundations, ability to translate ambiguous problems into models, and hands-on experience with machine learning frameworks. Apply today to become part of our team."
graphic_designer,"Join us as a Brand Designer and make a real impact from day one. You will be expected to manage multiple design projects simultaneously, maintain brand consistency across channels, and present design concepts to stakeholders. You should be comfortable with brand identity, motion graphics, Adobe Photoshop, and digital design. You should bring a degree in Graphic Design or related field, strong eye for typography and layout, and a portfolio demonstrating strong visual design skills. We offer a competitive salary and comprehensive benefits package."
sales_representative,"Our company is seeking an experienced Business Development Representative to help drive our next phase of growth. Day to day, you will prospect and qualify new sales leads, negotiate contract terms and pricing, and maintain accurate records in the CRM. You should be comfortable with cold calling, consultative selling, negotiation, and pipeline management. The ideal candidate will have a track record of meeting or exceeding quota, experience with CRM tools such as Salesforce, and excellent verbal and written communication skills. We offer a competitive salary and comprehensive benefits package."
data_scientist,"We are looking for a Data Scientist to join our growing team. Day to day, you will communicate findings to stakeholders, collaborate with engineering on model deployment, and clean and preprocess messy real-world data. Relevant skills include A/B testing, experiment design, Python, and pandas. Requirements include hands-on experience with machine learning frameworks, strong statistical foundations, and ability to translate ambiguous problems into models. Apply today to become part of our team."
sales_representative,"We are looking for a Business Development Representative to join our growing team. Day to day, you will negotiate contract terms and pricing, conduct product demonstrations for prospective clients, and prospect and qualify new sales leads. You should be comfortable with cold calling, negotiation, lead generation, and prospecting. We are looking for candidates with experience with CRM tools such as Salesforce, excellent verbal and written communication skills, and a track record of meeting or exceeding quota. This is a full-time position with opportunities for growth."
software_engineer,"As a Software Engineer on our team, you will play a key role in our day-to-day operations. In this role, you will optimize database queries, mentor junior engineers, and debug production incidents. Relevant skills include unit testing, cloud infrastructure, Kubernetes, and Python. Requirements include experience with agile development, a degree in Computer Science or related field, and 3+ years of professional software development experience. Apply today to become part of our team."
data_scientist,"We are looking for a Data Scientist to join our growing team. Key responsibilities include clean and preprocess messy real-world data, design and analyze experiments, and validate model performance rigorously. Relevant skills include data visualization, experiment design, A/B testing, and SQL. You should bring ability to translate ambiguous problems into models, a graduate degree in a quantitative field, and hands-on experience with machine learning frameworks. Apply today to become part of our team."
software_engineer,"Our company is seeking an experienced Full Stack Engineer to help drive our next phase of growth. Key responsibilities include write clean, well-tested code, participate in on-call rotations, and review pull requests. Relevant skills include algorithms and data structures, system design, Docker, and Python. The ideal candidate will have experience with agile development, excellent communication skills, and 3+ years of professional software development experience. Apply today to become part of our team."
registered_nurse,"We are looking for a ICU Nurse to join our growing team. Day to day, you will document care accurately in the electronic health record, provide direct patient care on the unit, and coordinate with the care team. Relevant skills include electronic health records, patient assessment, infection control protocols, and medication administration. Requirements include BLS and ACLS certification, 2+ years of clinical experience, and excellent bedside manner. This is a full-time position with opportunities for growth."
software_engineer,"Our company is seeking an experienced Software Engineer to help drive our next phase of growth. You will be expected to participate in on-call rotations, review pull requests, and mentor junior engineers. Relevant skills include Docker, CI/CD pipelines, unit testing, and microservices. We are looking for candidates with excellent communication skills, experience with agile development, and a degree in Computer Science or related field. This is a full-time position with opportunities for growth."
registered_nurse,"We're hiring a Clinical Nurse who is passionate about delivering high-quality work. You will be expected to educate patients and families on care plans, monitor patient vital signs and escalate concerns, and administer medications per physician orders. You should be comfortable with triage, patient assessment, electronic health records, and patient education. Requirements include an active RN license in good standing, ability to work rotating shifts including nights and weekends, and 2+ years of clinical experience. Apply today to become part of our team."
data_scientist,"Join us as a ML Researcher and make a real impact from day one. You will be expected to validate model performance rigorously, clean and preprocess messy real-world data, and design and analyze experiments. Relevant skills include Python, feature engineering, pandas, and A/B testing. The ideal candidate will have a graduate degree in a quantitative field, experience presenting to business stakeholders, and strong statistical foundations. We value diversity and are proud to be an equal opportunity employer."
accountant,"Our company is seeking an experienced Senior Accountant to help drive our next phase of growth. You will be expected to reconcile general ledger accounts, identify and resolve discrepancies in financial records, and support budgeting and forecasting cycles. You should be comfortable with accounts receivable, accounts payable, journal entries, and audit support. We are looking for candidates with strong attention to detail, a Bachelor's degree in Accounting or Finance, and 2+ years of accounting experience. Apply today to become part of our team."
data_scientist,"We're hiring a Machine Learning Engineer who is passionate about delivering high-quality work. You will be expected to clean and preprocess messy real-world data, collaborate with engineering on model deployment, and build predictive models from large datasets. Relevant skills include PyTorch, model deployment, deep learning, and experiment design. Requirements include ability to translate ambiguous problems into models, experience presenting to business stakeholders, and a graduate degree in a quantitative field. Apply today to become part of our team."
software_engineer,"As a Platform Engineer on our team, you will play a key role in our day-to-day operations. In this role, you will review pull requests, participate in on-call rotations, and write clean, well-tested code. This role requires strong skills in REST APIs, code review, Java, and Kubernetes. The ideal candidate will have excellent communication skills, 3+ years of professional software development experience, and strong problem-solving skills. We offer a competitive salary and comprehensive benefits package."
software_engineer,"Join us as a Platform Engineer and make a real impact from day one. Day to day, you will review pull requests, collaborate with product managers on requirements, and mentor junior engineers. You should be comfortable with SQL databases, microservices, system design, and REST APIs. The ideal candidate will have strong problem-solving skills, experience with agile development, and excellent communication skills. We value diversity and are proud to be an equal opportunity employer."
software_engineer,"We are looking for a Full Stack Engineer to join our growing team. You will be expected to collaborate with product managers on requirements, debug production incidents, and review pull requests. Relevant skills include Python, Java, CI/CD pipelines, and Docker. We are looking for candidates with strong problem-solving skills, experience with agile development, and excellent communication skills. Apply today to become part of our team."
data_scientist,"Our company is seeking an experienced Machine Learning Engineer to help drive our next phase of growth. In this role, you will communicate findings to stakeholders, validate model performance rigorously, and build predictive models from large datasets. You should be comfortable with pandas, deep learning, causal inference, and hypothesis testing. We are looking for candidates with ability to translate ambiguous problems into models, a graduate degree in a quantitative field, and strong statistical foundations. This is a full-time position with opportunities for growth."
data_scientist,"Our company is seeking an experienced Applied Scientist to help drive our next phase of growth. In this role, you will communicate findings to stakeholders, build predictive models from large datasets, and present insights to non-technical audiences. You should be comfortable with SQL, feature engineering, PyTorch, and A/B testing. Requirements include ability to translate ambiguous problems into models, hands-on experience with machine learning frameworks, and a graduate degree in a quantitative field. We value diversity and are proud to be an equal opportunity employer."
registered_nurse,"We are looking for a Staff Nurse to join our growing team. In this role, you will monitor patient vital signs and escalate concerns, respond to emergency situations calmly and effectively, and provide direct patient care on the unit. Relevant skills include patient assessment, patient education, care plan documentation, and vital signs monitoring. You should bring BLS and ACLS certification, excellent bedside manner, and ability to work rotating shifts including nights and weekends. We value diversity and are proud to be an equal opportunity employer."
sales_representative,"Our company is seeking an experienced Sales Representative to help drive our next phase of growth. You will be expected to build and maintain a pipeline of opportunities, conduct product demonstrations for prospective clients, and negotiate contract terms and pricing. This role requires strong skills in lead generation, relationship building, closing deals, and quota attainment. The ideal candidate will have self-motivated and results-driven, excellent verbal and written communication skills, and a track record of meeting or exceeding quota. Apply today to become part of our team."
sales_representative,"As a Sales Representative on our team, you will play a key role in our day-to-day operations. Key responsibilities include conduct product demonstrations for prospective clients, meet or exceed quarterly sales quotas, and negotiate contract terms and pricing. This role requires strong skills in closing deals, negotiation, cold calling, and lead generation. You should bring a track record of meeting or exceeding quota, excellent verbal and written communication skills, and experience with CRM tools such as Salesforce. We value diversity and are proud to be an equal opportunity employer."
registered_nurse,"As a Clinical Nurse on our team, you will play a key role in our day-to-day operations. In this role, you will educate patients and families on care plans, monitor patient vital signs and escalate concerns, and administer medications per physician orders. This role requires strong skills in wound care, electronic health records, medication administration, and care plan documentation. Requirements include BLS and ACLS certification, excellent bedside manner, and ability to work rotating shifts including nights and weekends. Apply today to become part of our team."
graphic_designer,"Join us as a Brand Designer and make a real impact from day one. Day to day, you will design layouts for print and digital media, iterate on designs based on feedback, and manage multiple design projects simultaneously. This role requires strong skills in InDesign, print production, color theory, and typography. You should bring ability to work under tight deadlines, proficiency in the Adobe Creative Suite, and strong eye for typography and layout. This is a full-time position with opportunities for growth."
software_engineer,"We are looking for a Platform Engineer to join our growing team. In this role, you will optimize database queries, design and implement scalable backend services, and write clean, well-tested code. You should be comfortable with algorithms and data structures, Kubernetes, CI/CD pipelines, and Docker. We are looking for candidates with experience with agile development, excellent communication skills, and 3+ years of professional software development experience. Apply today to become part of our team."
software_engineer,"Our company is seeking an experienced Full Stack Engineer to help drive our next phase of growth. You will be expected to review pull requests, design and implement scalable backend services, and optimize database queries. This role requires strong skills in SQL databases, code review, algorithms and data structures, and Kubernetes. We are looking for candidates with a degree in Computer Science or related field, strong problem-solving skills, and 3+ years of professional software development experience. We offer a competitive salary and comprehensive benefits package."
registered_nurse,"Our company is seeking an experienced ICU Nurse to help drive our next phase of growth. Day to day, you will provide direct patient care on the unit, monitor patient vital signs and escalate concerns, and respond to emergency situations calmly and effectively. This role requires strong skills in medication administration, IV therapy, care plan documentation, and triage. Requirements include an active RN license in good standing, BLS and ACLS certification, and ability to work rotating shifts including nights and weekends. We offer a competitive salary and comprehensive benefits package."
graphic_designer,"As a Visual Designer on our team, you will play a key role in our day-to-day operations. Day to day, you will iterate on designs based on feedback, design layouts for print and digital media, and maintain brand consistency across channels. This role requires strong skills in InDesign, color theory, UI design principles, and layout design. Requirements include a portfolio demonstrating strong visual design skills, ability to work under tight deadlines, and strong eye for typography and layout. This is a full-time position with opportunities for growth."
accountant,"As a Accounting Analyst on our team, you will play a key role in our day-to-day operations. In this role, you will ensure compliance with GAAP, reconcile general ledger accounts, and assist with the annual audit. Relevant skills include QuickBooks, journal entries, tax compliance, and budgeting. The ideal candidate will have proficiency with accounting software, strong attention to detail, and a Bachelor's degree in Accounting or Finance. We value diversity and are proud to be an equal opportunity employer."
graphic_designer,"We are looking for a Brand Designer to join our growing team. Day to day, you will iterate on designs based on feedback, create visual assets for marketing campaigns, and present design concepts to stakeholders. This role requires strong skills in Adobe Illustrator, color theory, layout design, and typography. The ideal candidate will have strong eye for typography and layout, a portfolio demonstrating strong visual design skills, and ability to work under tight deadlines. This is a full-time position with opportunities for growth."
data_scientist,"We're hiring a ML Researcher who is passionate about delivering high-quality work. Key responsibilities include present insights to non-technical audiences, build predictive models from large datasets, and clean and preprocess messy real-world data. Relevant skills include data visualization, experiment design, scikit-learn, and PyTorch. Requirements include hands-on experience with machine learning frameworks, experience presenting to business stakeholders, and ability to translate ambiguous problems into models. We value diversity and are proud to be an equal opportunity employer."
sales_representative,"We're hiring a Account Executive who is passionate about delivering high-quality work. In this role, you will conduct product demonstrations for prospective clients, prospect and qualify new sales leads, and build long-term relationships with key accounts. Relevant skills include relationship building, negotiation, prospecting, and quota attainment. You should bring a track record of meeting or exceeding quota, 2+ years of B2B sales experience, and self-motivated and results-driven. We offer a competitive salary and comprehensive benefits package."
graphic_designer,"We're hiring a Visual Designer who is passionate about delivering high-quality work. Key responsibilities include design layouts for print and digital media, create visual assets for marketing campaigns, and iterate on designs based on feedback. This role requires strong skills in typography, print production, motion graphics, and UI design principles. Requirements include strong eye for typography and layout, proficiency in the Adobe Creative Suite, and a portfolio demonstrating strong visual design skills. Apply today to become part of our team."
software_engineer,"We're hiring a Software Engineer who is passionate about delivering high-quality work. In this role, you will design and implement scalable backend services, mentor junior engineers, and participate in on-call rotations. You should be comfortable with Kubernetes, REST APIs, cloud infrastructure, and Java. The ideal candidate will have a degree in Computer Science or related field, excellent communication skills, and experience with agile development. We offer a competitive salary and comprehensive benefits package."
graphic_designer,"We are looking for a Creative Designer to join our growing team. Key responsibilities include create visual assets for marketing campaigns, maintain brand consistency across channels, and iterate on designs based on feedback. This role requires strong skills in print production, digital design, motion graphics, and color theory. You should bring a degree in Graphic Design or related field, a portfolio demonstrating strong visual design skills, and proficiency in the Adobe Creative Suite. Apply today to become part of our team."
graphic_designer,"We're hiring a Visual Designer who is passionate about delivering high-quality work. You will be expected to create visual assets for marketing campaigns, manage multiple design projects simultaneously, and design layouts for print and digital media. You should be comfortable with Figma, UI design principles, print production, and motion graphics. The ideal candidate will have a degree in Graphic Design or related field, ability to work under tight deadlines, and a portfolio demonstrating strong visual design skills. This is a full-time position with opportunities for growth."
registered_nurse,"As a ICU Nurse on our team, you will play a key role in our day-to-day operations. Day to day, you will coordinate with the care team, administer medications per physician orders, and respond to emergency situations calmly and effectively. This role requires strong skills in triage, care plan documentation, wound care, and patient assessment. You should bring BLS and ACLS certification, an active RN license in good standing, and 2+ years of clinical experience. We value diversity and are proud to be an equal opportunity employer."
accountant,"We are looking for a Senior Accountant to join our growing team. In this role, you will prepare monthly financial statements, identify and resolve discrepancies in financial records, and process accounts payable and receivable transactions. Relevant skills include journal entries, month-end close, variance analysis, and Excel. The ideal candidate will have a Bachelor's degree in Accounting or Finance, 2+ years of accounting experience, and CPA or CPA-track preferred. We offer a competitive salary and comprehensive benefits package."
registered_nurse,"Our company is seeking an experienced Staff Nurse to help drive our next phase of growth. You will be expected to administer medications per physician orders, document care accurately in the electronic health record, and monitor patient vital signs and escalate concerns. This role requires strong skills in electronic health records, triage, vital signs monitoring, and care plan documentation. You should bring 2+ years of clinical experience, excellent bedside manner, and ability to work rotating shifts including nights and weekends. We value diversity and are proud to be an equal opportunity employer."
accountant,"Join us as a Staff Accountant and make a real impact from day one. Day to day, you will assist with the annual audit, ensure compliance with GAAP, and process accounts payable and receivable transactions. Relevant skills include accounts payable, accounts receivable, journal entries, and budgeting. The ideal candidate will have proficiency with accounting software, 2+ years of accounting experience, and strong attention to detail. Apply today to become part of our team."
accountant,"We're hiring a Financial Accountant who is passionate about delivering high-quality work. You will be expected to prepare monthly financial statements, process accounts payable and receivable transactions, and reconcile general ledger accounts. Relevant skills include QuickBooks, financial reporting, month-end close, and budgeting. We are looking for candidates with CPA or CPA-track preferred, a Bachelor's degree in Accounting or Finance, and proficiency with accounting software. This is a full-time position with opportunities for growth."
registered_nurse,"Join us as a Clinical Nurse and make a real impact from day one. In this role, you will respond to emergency situations calmly and effectively, document care accurately in the electronic health record, and educate patients and families on care plans. You should be comfortable with patient assessment, infection control protocols, vital signs monitoring, and IV therapy. We are looking for candidates with ability to work rotating shifts including nights and weekends, 2+ years of clinical experience, and BLS and ACLS certification. Apply today to become part of our team."
registered_nurse,"As a Clinical Nurse on our team, you will play a key role in our day-to-day operations. Day to day, you will monitor patient vital signs and escalate concerns, provide direct patient care on the unit, and document care accurately in the electronic health record. You should be comfortable with patient assessment, vital signs monitoring, wound care, and electronic health records. Requirements include 2+ years of clinical experience, BLS and ACLS certification, and excellent bedside manner. Apply today to become part of our team."
software_engineer,"As a Platform Engineer on our team, you will play a key role in our day-to-day operations. Key responsibilities include review pull requests, mentor junior engineers, and debug production incidents. Relevant skills include Kubernetes, code review, REST APIs, and cloud infrastructure. The ideal candidate will have a degree in Computer Science or related field, 3+ years of professional software development experience, and strong problem-solving skills. This is a full-time position with opportunities for growth."
registered_nurse,"We are looking for a Staff Nurse to join our growing team. You will be expected to coordinate with the care team, educate patients and families on care plans, and monitor patient vital signs and escalate concerns. This role requires strong skills in patient education, triage, infection control protocols, and vital signs monitoring. The ideal candidate will have ability to work rotating shifts including nights and weekends, BLS and ACLS certification, and excellent bedside manner. Apply today to become part of our team."
graphic_designer,"As a Graphic Designer on our team, you will play a key role in our day-to-day operations. Key responsibilities include present design concepts to stakeholders, manage multiple design projects simultaneously, and design layouts for print and digital media. This role requires strong skills in digital design, brand identity, UI design principles, and typography. We are looking for candidates with ability to work under tight deadlines, proficiency in the Adobe Creative Suite, and a degree in Graphic Design or related field. This is a full-time position with opportunities for growth."
graphic_designer,"Join us as a Graphic Designer and make a real impact from day one. In this role, you will collaborate with marketing on campaign concepts, maintain brand consistency across channels, and present design concepts to stakeholders. This role requires strong skills in InDesign, Adobe Photoshop, print production, and UI design principles. We are looking for candidates with a portfolio demonstrating strong visual design skills, ability to work under tight deadlines, and a degree in Graphic Design or related field. We offer a competitive salary and comprehensive benefits package."
sales_representative,"As a Business Development Representative on our team, you will play a key role in our day-to-day operations. In this role, you will maintain accurate records in the CRM, conduct product demonstrations for prospective clients, and negotiate contract terms and pricing. This role requires strong skills in quota attainment, lead generation, consultative selling, and prospecting. The ideal candidate will have self-motivated and results-driven, excellent verbal and written communication skills, and experience with CRM tools such as Salesforce. This is a full-time position with opportunities for growth."
data_scientist,"We're hiring a ML Researcher who is passionate about delivering high-quality work. You will be expected to build predictive models from large datasets, present insights to non-technical audiences, and communicate findings to stakeholders. You should be comfortable with pandas, PyTorch, model deployment, and data visualization. We are looking for candidates with experience presenting to business stakeholders, ability to translate ambiguous problems into models, and hands-on experience with machine learning frameworks. Apply today to become part of our team."
registered_nurse,"We're hiring a Registered Nurse who is passionate about delivering high-quality work. You will be expected to coordinate with the care team, educate patients and families on care plans, and administer medications per physician orders. Relevant skills include wound care, electronic health records, IV therapy, and infection control protocols. The ideal candidate will have BLS and ACLS certification, an active RN license in good standing, and 2+ years of clinical experience. We value diversity and are proud to be an equal opportunity employer."
sales_representative,"Join us as a Sales Associate and make a real impact from day one. Day to day, you will maintain accurate records in the CRM, meet or exceed quarterly sales quotas, and prospect and qualify new sales leads. Relevant skills include territory management, cold calling, closing deals, and relationship building. We are looking for candidates with self-motivated and results-driven, 2+ years of B2B sales experience, and excellent verbal and written communication skills. Apply today to become part of our team."
graphic_designer,"Our company is seeking an experienced Visual Designer to help drive our next phase of growth. In this role, you will manage multiple design projects simultaneously, iterate on designs based on feedback, and design layouts for print and digital media. This role requires strong skills in Adobe Illustrator, digital design, Figma, and InDesign. Requirements include strong eye for typography and layout, ability to work under tight deadlines, and a degree in Graphic Design or related field. Apply today to become part of our team."
graphic_designer,"We're hiring a Graphic Designer who is passionate about delivering high-quality work. Key responsibilities include present design concepts to stakeholders, collaborate with marketing on campaign concepts, and manage multiple design projects simultaneously. You should be comfortable with Adobe Illustrator, InDesign, Adobe Photoshop, and motion graphics. Requirements include proficiency in the Adobe Creative Suite, ability to work under tight deadlines, and a degree in Graphic Design or related field. We value diversity and are proud to be an equal opportunity employer."
registered_nurse,"As a Staff Nurse on our team, you will play a key role in our day-to-day operations. In this role, you will administer medications per physician orders, coordinate with the care team, and monitor patient vital signs and escalate concerns. You should be comfortable with patient assessment, vital signs monitoring, patient education, and electronic health records. We are looking for candidates with an active RN license in good standing, 2+ years of clinical experience, and excellent bedside manner. Apply today to become part of our team."
accountant,"As a Financial Accountant on our team, you will play a key role in our day-to-day operations. Day to day, you will support budgeting and forecasting cycles, assist with the annual audit, and ensure compliance with GAAP. You should be comfortable with tax compliance, audit support, Excel, and reconciliations. Requirements include CPA or CPA-track preferred, proficiency with accounting software, and strong attention to detail. We value diversity and are proud to be an equal opportunity employer."
data_scientist,"We're hiring a Data Scientist who is passionate about delivering high-quality work. In this role, you will present insights to non-technical audiences, collaborate with engineering on model deployment, and communicate findings to stakeholders. You should be comfortable with experiment design, Python, statistical modeling, and hypothesis testing. We are looking for candidates with experience presenting to business stakeholders, ability to translate ambiguous problems into models, and hands-on experience with machine learning frameworks. We offer a competitive salary and comprehensive benefits package."
software_engineer,"We are looking for a Backend Developer to join our growing team. Key responsibilities include debug production incidents, review pull requests, and collaborate with product managers on requirements. This role requires strong skills in CI/CD pipelines, distributed systems, system design, and cloud infrastructure. You should bring 3+ years of professional software development experience, experience with agile development, and excellent communication skills. We value diversity and are proud to be an equal opportunity employer."
registered_nurse,"Our company is seeking an experienced Staff Nurse to help drive our next phase of growth. In this role, you will respond to emergency situations calmly and effectively, coordinate with the care team, and educate patients and families on care plans. This role requires strong skills in wound care, infection control protocols, patient education, and vital signs monitoring. Requirements include BLS and ACLS certification, an active RN license in good standing, and ability to work rotating shifts including nights and weekends. We offer a competitive salary and comprehensive benefits package."
registered_nurse,"Our company is seeking an experienced Registered Nurse to help drive our next phase of growth. Day to day, you will provide direct patient care on the unit, educate patients and families on care plans, and monitor patient vital signs and escalate concerns. You should be comfortable with electronic health records, triage, patient assessment, and IV therapy. The ideal candidate will have excellent bedside manner, BLS and ACLS certification, and ability to work rotating shifts including nights and weekends. Apply today to become part of our team."
software_engineer,"Join us as a Full Stack Engineer and make a real impact from day one. In this role, you will review pull requests, mentor junior engineers, and write clean, well-tested code. Relevant skills include REST APIs, microservices, unit testing, and distributed systems. We are looking for candidates with experience with agile development, excellent communication skills, and a degree in Computer Science or related field. This is a full-time position with opportunities for growth."
sales_representative,"As a Sales Representative on our team, you will play a key role in our day-to-day operations. You will be expected to meet or exceed quarterly sales quotas, maintain accurate records in the CRM, and prospect and qualify new sales leads. This role requires strong skills in prospecting, territory management, closing deals, and quota attainment. The ideal candidate will have experience with CRM tools such as Salesforce, a track record of meeting or exceeding quota, and excellent verbal and written communication skills. Apply today to become part of our team."
software_engineer,"Join us as a Full Stack Engineer and make a real impact from day one. Key responsibilities include participate in on-call rotations, review pull requests, and design and implement scalable backend services. Relevant skills include Java, REST APIs, Git, and Docker. You should bring excellent communication skills, 3+ years of professional software development experience, and strong problem-solving skills. Apply today to become part of our team."
software_engineer,"Our company is seeking an experienced Platform Engineer to help drive our next phase of growth. You will be expected to collaborate with product managers on requirements, debug production incidents, and participate in on-call rotations. You should be comfortable with Java, algorithms and data structures, system design, and REST APIs. The ideal candidate will have strong problem-solving skills, 3+ years of professional software development experience, and a degree in Computer Science or related field. We offer a competitive salary and comprehensive benefits package."
sales_representative,"We are looking for a Account Executive to join our growing team. You will be expected to maintain accurate records in the CRM, meet or exceed quarterly sales quotas, and conduct product demonstrations for prospective clients. You should be comfortable with CRM software, territory management, cold calling, and quota attainment. You should bring excellent verbal and written communication skills, 2+ years of B2B sales experience, and a track record of meeting or exceeding quota. We offer a competitive salary and comprehensive benefits package."
registered_nurse,"As a Staff Nurse on our team, you will play a key role in our day-to-day operations. Key responsibilities include coordinate with the care team, educate patients and families on care plans, and monitor patient vital signs and escalate concerns. You should be comfortable with patient assessment, infection control protocols, care plan documentation, and medication administration. We are looking for candidates with excellent bedside manner, 2+ years of clinical experience, and an active RN license in good standing. We offer a competitive salary and comprehensive benefits package."
accountant,"Join us as a Financial Accountant and make a real impact from day one. You will be expected to assist with the annual audit, process accounts payable and receivable transactions, and support budgeting and forecasting cycles. Relevant skills include QuickBooks, accounts receivable, budgeting, and financial reporting. You should bring CPA or CPA-track preferred, proficiency with accounting software, and a Bachelor's degree in Accounting or Finance. Apply today to become part of our team."
registered_nurse,"We're hiring a ICU Nurse who is passionate about delivering high-quality work. Day to day, you will provide direct patient care on the unit, coordinate with the care team, and respond to emergency situations calmly and effectively. Relevant skills include infection control protocols, IV therapy, vital signs monitoring, and wound care. We are looking for candidates with 2+ years of clinical experience, an active RN license in good standing, and ability to work rotating shifts including nights and weekends. Apply today to become part of our team."
data_scientist,"We are looking for a Applied Scientist to join our growing team. Key responsibilities include collaborate with engineering on model deployment, build predictive models from large datasets, and clean and preprocess messy real-world data. Relevant skills include SQL, experiment design, A/B testing, and pandas. Requirements include experience presenting to business stakeholders, ability to translate ambiguous problems into models, and strong statistical foundations. We offer a competitive salary and comprehensive benefits package."
software_engineer,"As a Platform Engineer on our team, you will play a key role in our day-to-day operations. Key responsibilities include participate in on-call rotations, optimize database queries, and collaborate with product managers on requirements. Relevant skills include Python, cloud infrastructure, REST APIs, and Docker. Requirements include strong problem-solving skills, a degree in Computer Science or related field, and 3+ years of professional software development experience. Apply today to become part of our team."
graphic_designer,"Join us as a Creative Designer and make a real impact from day one. You will be expected to iterate on designs based on feedback, design layouts for print and digital media, and collaborate with marketing on campaign concepts. This role requires strong skills in InDesign, motion graphics, color theory, and layout design. The ideal candidate will have proficiency in the Adobe Creative Suite, ability to work under tight deadlines, and a portfolio demonstrating strong visual design skills. We offer a competitive salary and comprehensive benefits package."
graphic_designer,"Our company is seeking an experienced Visual Designer to help drive our next phase of growth. Day to day, you will maintain brand consistency across channels, collaborate with marketing on campaign concepts, and iterate on designs based on feedback. You should be comfortable with color theory, typography, InDesign, and brand identity. The ideal candidate will have proficiency in the Adobe Creative Suite, a degree in Graphic Design or related field, and strong eye for typography and layout. Apply today to become part of our team."
registered_nurse,"Our company is seeking an experienced Staff Nurse to help drive our next phase of growth. You will be expected to administer medications per physician orders, document care accurately in the electronic health record, and monitor patient vital signs and escalate concerns. You should be comfortable with triage, patient assessment, vital signs monitoring, and IV therapy. Requirements include BLS and ACLS certification, ability to work rotating shifts including nights and weekends, and excellent bedside manner. This is a full-time position with opportunities for growth."
sales_representative,"As a Business Development Representative on our team, you will play a key role in our day-to-day operations. Day to day, you will prospect and qualify new sales leads, conduct product demonstrations for prospective clients, and meet or exceed quarterly sales quotas. You should be comfortable with negotiation, relationship building, lead generation, and prospecting. You should bring excellent verbal and written communication skills, experience with CRM tools such as Salesforce, and 2+ years of B2B sales experience. Apply today to become part of our team."
registered_nurse,"Our company is seeking an experienced Clinical Nurse to help drive our next phase of growth. You will be expected to respond to emergency situations calmly and effectively, provide direct patient care on the unit, and educate patients and families on care plans. Relevant skills include electronic health records, vital signs monitoring, patient assessment, and care plan documentation. The ideal candidate will have 2+ years of clinical experience, BLS and ACLS certification, and an active RN license in good standing. Apply today to become part of our team."
accountant,"We are looking for a Senior Accountant to join our growing team. Key responsibilities include assist with the annual audit, prepare monthly financial statements, and process accounts payable and receivable transactions. This role requires strong skills in budgeting, variance analysis, QuickBooks, and reconciliations. The ideal candidate will have strong attention to detail, proficiency with accounting software, and CPA or CPA-track preferred. This is a full-time position with opportunities for growth."
registered_nurse,"We are looking for a Clinical Nurse to join our growing team. Key responsibilities include respond to emergency situations calmly and effectively, coordinate with the care team, and monitor patient vital signs and escalate concerns. You should be comfortable with electronic health records, infection control protocols, medication administration, and patient education. You should bring BLS and ACLS certification, excellent bedside manner, and 2+ years of clinical experience. We offer a competitive salary and comprehensive benefits package."
sales_representative,"Join us as a Account Executive and make a real impact from day one. Key responsibilities include prospect and qualify new sales leads, conduct product demonstrations for prospective clients, and maintain accurate records in the CRM. This role requires strong skills in relationship building, pipeline management, quota attainment, and prospecting. The ideal candidate will have 2+ years of B2B sales experience, a track record of meeting or exceeding quota, and excellent verbal and written communication skills. Apply today to become part of our team."
accountant,"As a Financial Accountant on our team, you will play a key role in our day-to-day operations. You will be expected to support budgeting and forecasting cycles, identify and resolve discrepancies in financial records, and ensure compliance with GAAP. You should be comfortable with accounts receivable, variance analysis, journal entries, and QuickBooks. The ideal candidate will have strong attention to detail, proficiency with accounting software, and a Bachelor's degree in Accounting or Finance. We value diversity and are proud to be an equal opportunity employer."
sales_representative,"Join us as a Sales Representative and make a real impact from day one. Key responsibilities include prospect and qualify new sales leads, maintain accurate records in the CRM, and build long-term relationships with key accounts. You should be comfortable with pipeline management, prospecting, closing deals, and quota attainment. The ideal candidate will have excellent verbal and written communication skills, 2+ years of B2B sales experience, and experience with CRM tools such as Salesforce. Apply today to become part of our team."
data_scientist,"Our company is seeking an experienced ML Researcher to help drive our next phase of growth. Day to day, you will clean and preprocess messy real-world data, validate model performance rigorously, and present insights to non-technical audiences. You should be comfortable with scikit-learn, PyTorch, statistical modeling, and Python. You should bring a graduate degree in a quantitative field, hands-on experience with machine learning frameworks, and experience presenting to business stakeholders. We value diversity and are proud to be an equal opportunity employer."
software_engineer,"As a Backend Developer on our team, you will play a key role in our day-to-day operations. In this role, you will design and implement scalable backend services, participate in on-call rotations, and write clean, well-tested code. This role requires strong skills in REST APIs, algorithms and data structures, Java, and SQL databases. Requirements include 3+ years of professional software development experience, experience with agile development, and strong problem-solving skills. We value diversity and are proud to be an equal opportunity employer."
sales_representative,"We're hiring a Account Executive who is passionate about delivering high-quality work. Key responsibilities include meet or exceed quarterly sales quotas, build long-term relationships with key accounts, and conduct product demonstrations for prospective clients. This role requires strong skills in pipeline management, CRM software, lead generation, and negotiation. The ideal candidate will have a track record of meeting or exceeding quota, experience with CRM tools such as Salesforce, and self-motivated and results-driven. This is a full-time position with opportunities for growth."
data_scientist,"Join us as a Machine Learning Engineer and make a real impact from day one. You will be expected to clean and preprocess messy real-world data, design and analyze experiments, and validate model performance rigorously. This role requires strong skills in model deployment, data visualization, Python, and hypothesis testing. The ideal candidate will have a graduate degree in a quantitative field, strong statistical foundations, and ability to translate ambiguous problems into models. Apply today to become part of our team."
graphic_designer,"As a Visual Designer on our team, you will play a key role in our day-to-day operations. Key responsibilities include collaborate with marketing on campaign concepts, present design concepts to stakeholders, and create visual assets for marketing campaigns. Relevant skills include Adobe Illustrator, layout design, print production, and digital design. Requirements include proficiency in the Adobe Creative Suite, a portfolio demonstrating strong visual design skills, and ability to work under tight deadlines. Apply today to become part of our team."
graphic_designer,"Our company is seeking an experienced Visual Designer to help drive our next phase of growth. Day to day, you will iterate on designs based on feedback, collaborate with marketing on campaign concepts, and maintain brand consistency across channels. This role requires strong skills in layout design, UI design principles, Adobe Photoshop, and digital design. You should bring a portfolio demonstrating strong visual design skills, ability to work under tight deadlines, and a degree in Graphic Design or related field. Apply today to become part of our team."
software_engineer,"We are looking for a Full Stack Engineer to join our growing team. Day to day, you will participate in on-call rotations, mentor junior engineers, and debug production incidents. Relevant skills include algorithms and data structures, distributed systems, SQL databases, and unit testing. You should bring strong problem-solving skills, excellent communication skills, and experience with agile development. Apply today to become part of our team."
software_engineer,"We're hiring a Backend Developer who is passionate about delivering high-quality work. In this role, you will optimize database queries, collaborate with product managers on requirements, and design and implement scalable backend services. Relevant skills include cloud infrastructure, Docker, Kubernetes, and algorithms and data structures. We are looking for candidates with experience with agile development, a degree in Computer Science or related field, and strong problem-solving skills. We offer a competitive salary and comprehensive benefits package."
data_scientist,"We're hiring a Machine Learning Engineer who is passionate about delivering high-quality work. Key responsibilities include communicate findings to stakeholders, design and analyze experiments, and present insights to non-technical audiences. You should be comfortable with hypothesis testing, causal inference, pandas, and Python. The ideal candidate will have ability to translate ambiguous problems into models, a graduate degree in a quantitative field, and experience presenting to business stakeholders. We offer a competitive salary and comprehensive benefits package."
software_engineer,"Our company is seeking an experienced Platform Engineer to help drive our next phase of growth. You will be expected to review pull requests, collaborate with product managers on requirements, and design and implement scalable backend services. Relevant skills include Docker, Kubernetes, REST APIs, and SQL databases. You should bring strong problem-solving skills, experience with agile development, and 3+ years of professional software development experience. We value diversity and are proud to be an equal opportunity employer."
sales_representative,"Our company is seeking an experienced Account Executive to help drive our next phase of growth. Day to day, you will maintain accurate records in the CRM, build long-term relationships with key accounts, and conduct product demonstrations for prospective clients. Relevant skills include closing deals, consultative selling, lead generation, and negotiation. The ideal candidate will have excellent verbal and written communication skills, experience with CRM tools such as Salesforce, and self-motivated and results-driven. We value diversity and are proud to be an equal opportunity employer."
accountant,"Our company is seeking an experienced Senior Accountant to help drive our next phase of growth. You will be expected to prepare monthly financial statements, process accounts payable and receivable transactions, and identify and resolve discrepancies in financial records. This role requires strong skills in Excel, month-end close, audit support, and journal entries. You should bring a Bachelor's degree in Accounting or Finance, CPA or CPA-track preferred, and strong attention to detail. We value diversity and are proud to be an equal opportunity employer."
data_scientist,"As a Applied Scientist on our team, you will play a key role in our day-to-day operations. Day to day, you will collaborate with engineering on model deployment, design and analyze experiments, and clean and preprocess messy real-world data. You should be comfortable with SQL, feature engineering, pandas, and causal inference. Requirements include ability to translate ambiguous problems into models, strong statistical foundations, and a graduate degree in a quantitative field. We offer a competitive salary and comprehensive benefits package."
registered_nurse,"As a Clinical Nurse on our team, you will play a key role in our day-to-day operations. You will be expected to respond to emergency situations calmly and effectively, provide direct patient care on the unit, and document care accurately in the electronic health record. This role requires strong skills in medication administration, infection control protocols, patient assessment, and triage. We are looking for candidates with ability to work rotating shifts including nights and weekends, an active RN license in good standing, and BLS and ACLS certification. Apply today to become part of our team."
software_engineer,"We're hiring a Platform Engineer who is passionate about delivering high-quality work. In this role, you will collaborate with product managers on requirements, participate in on-call rotations, and mentor junior engineers. Relevant skills include distributed systems, code review, system design, and CI/CD pipelines. You should bring a degree in Computer Science or related field, 3+ years of professional software development experience, and excellent communication skills. This is a full-time position with opportunities for growth."
accountant,"Join us as a Accounting Analyst and make a real impact from day one. You will be expected to identify and resolve discrepancies in financial records, prepare monthly financial statements, and ensure compliance with GAAP. Relevant skills include variance analysis, accounts receivable, accounts payable, and Excel. Requirements include CPA or CPA-track preferred, proficiency with accounting software, and 2+ years of accounting experience. Apply today to become part of our team."
registered_nurse,"We're hiring a Clinical Nurse who is passionate about delivering high-quality work. Day to day, you will educate patients and families on care plans, respond to emergency situations calmly and effectively, and provide direct patient care on the unit. You should be comfortable with electronic health records, infection control protocols, wound care, and medication administration. The ideal candidate will have excellent bedside manner, 2+ years of clinical experience, and ability to work rotating shifts including nights and weekends. We value diversity and are proud to be an equal opportunity employer."
registered_nurse,"Our company is seeking an experienced Registered Nurse to help drive our next phase of growth. Day to day, you will monitor patient vital signs and escalate concerns, educate patients and families on care plans, and document care accurately in the electronic health record. This role requires strong skills in electronic health records, care plan documentation, vital signs monitoring, and triage. We are looking for candidates with 2+ years of clinical experience, an active RN license in good standing, and BLS and ACLS certification. Apply today to become part of our team."
sales_representative,"Our company is seeking an experienced Sales Associate to help drive our next phase of growth. In this role, you will negotiate contract terms and pricing, conduct product demonstrations for prospective clients, and meet or exceed quarterly sales quotas. You should be comfortable with quota attainment, consultative selling, closing deals, and cold calling. Requirements include self-motivated and results-driven, excellent verbal and written communication skills, and a track record of meeting or exceeding quota. We offer a competitive salary and comprehensive benefits package."
sales_representative,"Join us as a Sales Associate and make a real impact from day one. Day to day, you will maintain accurate records in the CRM, build long-term relationships with key accounts, and meet or exceed quarterly sales quotas. This role requires strong skills in territory management, pipeline management, cold calling, and relationship building. Requirements include excellent verbal and written communication skills, a track record of meeting or exceeding quota, and self-motivated and results-driven. We value diversity and are proud to be an equal opportunity employer."
graphic_designer,"We are looking for a Brand Designer to join our growing team. You will be expected to manage multiple design projects simultaneously, create visual assets for marketing campaigns, and present design concepts to stakeholders. This role requires strong skills in color theory, print production, typography, and layout design. We are looking for candidates with ability to work under tight deadlines, a portfolio demonstrating strong visual design skills, and proficiency in the Adobe Creative Suite. We offer a competitive salary and comprehensive benefits package."
registered_nurse,"As a Clinical Nurse on our team, you will play a key role in our day-to-day operations. Key responsibilities include educate patients and families on care plans, provide direct patient care on the unit, and coordinate with the care team. You should be comfortable with patient assessment, IV therapy, vital signs monitoring, and patient education. We are looking for candidates with 2+ years of clinical experience, excellent bedside manner, and ability to work rotating shifts including nights and weekends. We offer a competitive salary and comprehensive benefits package."
registered_nurse,"We are looking for a Clinical Nurse to join our growing team. Key responsibilities include respond to emergency situations calmly and effectively, document care accurately in the electronic health record, and educate patients and families on care plans. Relevant skills include patient education, wound care, care plan documentation, and electronic health records. The ideal candidate will have 2+ years of clinical experience, ability to work rotating shifts including nights and weekends, and excellent bedside manner. Apply today to become part of our team."
data_scientist,"As a Machine Learning Engineer on our team, you will play a key role in our day-to-day operations. Day to day, you will design and analyze experiments, communicate findings to stakeholders, and build predictive models from large datasets. You should be comfortable with model deployment, SQL, pandas, and experiment design. You should bring hands-on experience with machine learning frameworks, a graduate degree in a quantitative field, and experience presenting to business stakeholders. We offer a competitive salary and comprehensive benefits package."
sales_representative,"Our company is seeking an experienced Account Executive to help drive our next phase of growth. In this role, you will conduct product demonstrations for prospective clients, prospect and qualify new sales leads, and maintain accurate records in the CRM. Relevant skills include negotiation, prospecting, consultative selling, and relationship building. The ideal candidate will have a track record of meeting or exceeding quota, excellent verbal and written communication skills, and self-motivated and results-driven. This is a full-time position with opportunities for growth."
sales_representative,"Join us as a Account Executive and make a real impact from day one. You will be expected to build and maintain a pipeline of opportunities, negotiate contract terms and pricing, and prospect and qualify new sales leads. Relevant skills include lead generation, territory management, quota attainment, and cold calling. We are looking for candidates with excellent verbal and written communication skills, experience with CRM tools such as Salesforce, and self-motivated and results-driven. We offer a competitive salary and comprehensive benefits package."
data_scientist,"As a Data Scientist on our team, you will play a key role in our day-to-day operations. You will be expected to communicate findings to stakeholders, design and analyze experiments, and validate model performance rigorously. This role requires strong skills in causal inference, feature engineering, statistical modeling, and hypothesis testing. We are looking for candidates with hands-on experience with machine learning frameworks, a graduate degree in a quantitative field, and experience presenting to business stakeholders. We offer a competitive salary and comprehensive benefits package."
accountant,"Join us as a Accounting Analyst and make a real impact from day one. You will be expected to assist with the annual audit, prepare monthly financial statements, and ensure compliance with GAAP. Relevant skills include reconciliations, tax compliance, Excel, and accounts payable. You should bring proficiency with accounting software, a Bachelor's degree in Accounting or Finance, and CPA or CPA-track preferred. This is a full-time position with opportunities for growth."
software_engineer,"Our company is seeking an experienced Backend Developer to help drive our next phase of growth. Day to day, you will design and implement scalable backend services, participate in on-call rotations, and collaborate with product managers on requirements. This role requires strong skills in REST APIs, SQL databases, CI/CD pipelines, and microservices. Requirements include 3+ years of professional software development experience, experience with agile development, and excellent communication skills. This is a full-time position with opportunities for growth."
graphic_designer,"We are looking for a Brand Designer to join our growing team. Key responsibilities include design layouts for print and digital media, iterate on designs based on feedback, and create visual assets for marketing campaigns. This role requires strong skills in InDesign, digital design, layout design, and color theory. Requirements include ability to work under tight deadlines, a degree in Graphic Design or related field, and strong eye for typography and layout. We value diversity and are proud to be an equal opportunity employer."
software_engineer,"We are looking for a Full Stack Engineer to join our growing team. In this role, you will optimize database queries, debug production incidents, and collaborate with product managers on requirements. You should be comfortable with algorithms and data structures, code review, SQL databases, and Java. Requirements include 3+ years of professional software development experience, a degree in Computer Science or related field, and experience with agile development. This is a full-time position with opportunities for growth."
registered_nurse,"Our company is seeking an experienced Registered Nurse to help drive our next phase of growth. In this role, you will educate patients and families on care plans, provide direct patient care on the unit, and coordinate with the care team. Relevant skills include vital signs monitoring, triage, IV therapy, and medication administration. We are looking for candidates with BLS and ACLS certification, ability to work rotating shifts including nights and weekends, and an active RN license in good standing. This is a full-time position with opportunities for growth."
software_engineer,"We are looking for a Software Engineer to join our growing team. Day to day, you will optimize database queries, collaborate with product managers on requirements, and review pull requests. Relevant skills include Python, unit testing, REST APIs, and Java. Requirements include 3+ years of professional software development experience, experience with agile development, and strong problem-solving skills. Apply today to become part of our team."
graphic_designer,"As a Creative Designer on our team, you will play a key role in our day-to-day operations. In this role, you will present design concepts to stakeholders, iterate on designs based on feedback, and manage multiple design projects simultaneously. Relevant skills include Adobe Photoshop, layout design, digital design, and color theory. We are looking for candidates with strong eye for typography and layout, a degree in Graphic Design or related field, and a portfolio demonstrating strong visual design skills. This is a full-time position with opportunities for growth."
sales_representative,"We're hiring a Account Executive who is passionate about delivering high-quality work. Day to day, you will prospect and qualify new sales leads, negotiate contract terms and pricing, and build and maintain a pipeline of opportunities. You should be comfortable with cold calling, territory management, lead generation, and quota attainment. We are looking for candidates with self-motivated and results-driven, a track record of meeting or exceeding quota, and excellent verbal and written communication skills. Apply today to become part of our team."
sales_representative,"We're hiring a Business Development Representative who is passionate about delivering high-quality work. You will be expected to negotiate contract terms and pricing, maintain accurate records in the CRM, and prospect and qualify new sales leads. You should be comfortable with negotiation, lead generation, CRM software, and quota attainment. Requirements include excellent verbal and written communication skills, self-motivated and results-driven, and experience with CRM tools such as Salesforce. We value diversity and are proud to be an equal opportunity employer."
accountant,"Our company is seeking an experienced Accounting Analyst to help drive our next phase of growth. Key responsibilities include identify and resolve discrepancies in financial records, reconcile general ledger accounts, and process accounts payable and receivable transactions. This role requires strong skills in QuickBooks, Excel, audit support, and variance analysis. We are looking for candidates with proficiency with accounting software, CPA or CPA-track preferred, and a Bachelor's degree in Accounting or Finance. We value diversity and are proud to be an equal opportunity employer."
software_engineer,"We're hiring a Backend Developer who is passionate about delivering high-quality work. Key responsibilities include optimize database queries, write clean, well-tested code, and debug production incidents. You should be comfortable with Kubernetes, microservices, Git, and code review. The ideal candidate will have excellent communication skills, a degree in Computer Science or related field, and experience with agile development. This is a full-time position with opportunities for growth."
accountant,"Join us as a Senior Accountant and make a real impact from day one. Day to day, you will support budgeting and forecasting cycles, process accounts payable and receivable transactions, and identify and resolve discrepancies in financial records. Relevant skills include budgeting, audit support, journal entries, and tax compliance. The ideal candidate will have 2+ years of accounting experience, strong attention to detail, and proficiency with accounting software. We offer a competitive salary and comprehensive benefits package."
accountant,"Our company is seeking an experienced Accounting Analyst to help drive our next phase of growth. Day to day, you will assist with the annual audit, process accounts payable and receivable transactions, and identify and resolve discrepancies in financial records. This role requires strong skills in reconciliations, QuickBooks, GAAP, and tax compliance. You should bring CPA or CPA-track preferred, a Bachelor's degree in Accounting or Finance, and proficiency with accounting software. We offer a competitive salary and comprehensive benefits package."
registered_nurse,"We are looking for a ICU Nurse to join our growing team. Day to day, you will monitor patient vital signs and escalate concerns, educate patients and families on care plans, and coordinate with the care team. Relevant skills include IV therapy, medication administration, patient education, and infection control protocols. You should bring excellent bedside manner, 2+ years of clinical experience, and an active RN license in good standing. We offer a competitive salary and comprehensive benefits package."
software_engineer,"We are looking for a Software Engineer to join our growing team. You will be expected to write clean, well-tested code, design and implement scalable backend services, and optimize database queries. You should be comfortable with Java, unit testing, REST APIs, and microservices. The ideal candidate will have experience with agile development, 3+ years of professional software development experience, and strong problem-solving skills. Apply today to become part of our team."
accountant,"As a Senior Accountant on our team, you will play a key role in our day-to-day operations. Key responsibilities include process accounts payable and receivable transactions, assist with the annual audit, and prepare monthly financial statements. Relevant skills include Excel, audit support, variance analysis, and financial reporting. Requirements include proficiency with accounting software, strong attention to detail, and 2+ years of accounting experience. We value diversity and are proud to be an equal opportunity employer."
accountant,"We're hiring a Accounting Analyst who is passionate about delivering high-quality work. In this role, you will process accounts payable and receivable transactions, prepare monthly financial statements, and support budgeting and forecasting cycles. You should be comfortable with month-end close, budgeting, financial reporting, and variance analysis. The ideal candidate will have proficiency with accounting software, CPA or CPA-track preferred, and a Bachelor's degree in Accounting or Finance. This is a full-time position with opportunities for growth."
registered_nurse,"Join us as a Registered Nurse and make a real impact from day one. Key responsibilities include respond to emergency situations calmly and effectively, coordinate with the care team, and document care accurately in the electronic health record. You should be comfortable with vital signs monitoring, infection control protocols, medication administration, and wound care. You should bring BLS and ACLS certification, excellent bedside manner, and ability to work rotating shifts including nights and weekends. This is a full-time position with opportunities for growth."
data_scientist,"We're hiring a ML Researcher who is passionate about delivering high-quality work. Key responsibilities include collaborate with engineering on model deployment, design and analyze experiments, and communicate findings to stakeholders. This role requires strong skills in scikit-learn, hypothesis testing, experiment design, and feature engineering. We are looking for candidates with experience presenting to business stakeholders, a graduate degree in a quantitative field, and strong statistical foundations. We offer a competitive salary and comprehensive benefits package."
graphic_designer,"As a Creative Designer on our team, you will play a key role in our day-to-day operations. Day to day, you will maintain brand consistency across channels, create visual assets for marketing campaigns, and manage multiple design projects simultaneously. You should be comfortable with Adobe Illustrator, color theory, UI design principles, and brand identity. You should bring a degree in Graphic Design or related field, strong eye for typography and layout, and proficiency in the Adobe Creative Suite. We offer a competitive salary and comprehensive benefits package."
sales_representative,"Join us as a Sales Representative and make a real impact from day one. Day to day, you will maintain accurate records in the CRM, negotiate contract terms and pricing, and meet or exceed quarterly sales quotas. Relevant skills include territory management, prospecting, cold calling, and CRM software. You should bring excellent verbal and written communication skills, self-motivated and results-driven, and experience with CRM tools such as Salesforce. We value diversity and are proud to be an equal opportunity employer."
graphic_designer,"As a Graphic Designer on our team, you will play a key role in our day-to-day operations. In this role, you will manage multiple design projects simultaneously, present design concepts to stakeholders, and iterate on designs based on feedback. This role requires strong skills in layout design, brand identity, Adobe Illustrator, and UI design principles. The ideal candidate will have a degree in Graphic Design or related field, a portfolio demonstrating strong visual design skills, and ability to work under tight deadlines. We value diversity and are proud to be an equal opportunity employer."
graphic_designer,"Join us as a Creative Designer and make a real impact from day one. Key responsibilities include design layouts for print and digital media, present design concepts to stakeholders, and collaborate with marketing on campaign concepts. This role requires strong skills in Adobe Illustrator, Figma, typography, and InDesign. You should bring ability to work under tight deadlines, strong eye for typography and layout, and proficiency in the Adobe Creative Suite. We offer a competitive salary and comprehensive benefits package."
registered_nurse,"Join us as a Staff Nurse and make a real impact from day one. Day to day, you will provide direct patient care on the unit, educate patients and families on care plans, and document care accurately in the electronic health record. Relevant skills include infection control protocols, care plan documentation, wound care, and triage. We are looking for candidates with an active RN license in good standing, excellent bedside manner, and 2+ years of clinical experience. This is a full-time position with opportunities for growth."
graphic_designer,"Join us as a Graphic Designer and make a real impact from day one. Key responsibilities include iterate on designs based on feedback, collaborate with marketing on campaign concepts, and maintain brand consistency across channels. Relevant skills include print production, Figma, Adobe Photoshop, and layout design. The ideal candidate will have ability to work under tight deadlines, proficiency in the Adobe Creative Suite, and a portfolio demonstrating strong visual design skills. Apply today to become part of our team."
data_scientist,"We're hiring a Machine Learning Engineer who is passionate about delivering high-quality work. Day to day, you will validate model performance rigorously, design and analyze experiments, and present insights to non-technical audiences. This role requires strong skills in deep learning, Python, hypothesis testing, and data visualization. We are looking for candidates with ability to translate ambiguous problems into models, experience presenting to business stakeholders, and hands-on experience with machine learning frameworks. This is a full-time position with opportunities for growth."
sales_representative,"Join us as a Account Executive and make a real impact from day one. Key responsibilities include prospect and qualify new sales leads, maintain accurate records in the CRM, and build long-term relationships with key accounts. Relevant skills include prospecting, territory management, consultative selling, and cold calling. You should bring 2+ years of B2B sales experience, a track record of meeting or exceeding quota, and self-motivated and results-driven. Apply today to become part of our team."
graphic_designer,"We're hiring a Visual Designer who is passionate about delivering high-quality work. Day to day, you will manage multiple design projects simultaneously, collaborate with marketing on campaign concepts, and iterate on designs based on feedback. You should be comfortable with layout design, InDesign, UI design principles, and motion graphics. Requirements include a degree in Graphic Design or related field, strong eye for typography and layout, and a portfolio demonstrating strong visual design skills. Apply today to become part of our team."
software_engineer,"Join us as a Full Stack Engineer and make a real impact from day one. Day to day, you will design and implement scalable backend services, optimize database queries, and collaborate with product managers on requirements. This role requires strong skills in unit testing, cloud infrastructure, SQL databases, and microservices. You should bring excellent communication skills, experience with agile development, and strong problem-solving skills. We offer a competitive salary and comprehensive benefits package."
sales_representative,"As a Business Development Representative on our team, you will play a key role in our day-to-day operations. Key responsibilities include build and maintain a pipeline of opportunities, meet or exceed quarterly sales quotas, and maintain accurate records in the CRM. You should be comfortable with prospecting, relationship building, lead generation, and quota attainment. The ideal candidate will have 2+ years of B2B sales experience, a track record of meeting or exceeding quota, and excellent verbal and written communication skills. We value diversity and are proud to be an equal opportunity employer."
graphic_designer,"Our company is seeking an experienced Graphic Designer to help drive our next phase of growth. Day to day, you will design layouts for print and digital media, present design concepts to stakeholders, and manage multiple design projects simultaneously. This role requires strong skills in digital design, Adobe Illustrator, motion graphics, and InDesign. You should bring strong eye for typography and layout, a portfolio demonstrating strong visual design skills, and proficiency in the Adobe Creative Suite. We value diversity and are proud to be an equal opportunity employer."
registered_nurse,"Our company is seeking an experienced Registered Nurse to help drive our next phase of growth. Key responsibilities include respond to emergency situations calmly and effectively, document care accurately in the electronic health record, and administer medications per physician orders. Relevant skills include wound care, triage, IV therapy, and vital signs monitoring. We are looking for candidates with ability to work rotating shifts including nights and weekends, an active RN license in good standing, and 2+ years of clinical experience. Apply today to become part of our team."
software_engineer,"As a Backend Developer on our team, you will play a key role in our day-to-day operations. You will be expected to collaborate with product managers on requirements, review pull requests, and debug production incidents. Relevant skills include distributed systems, SQL databases, unit testing, and Git. Requirements include excellent communication skills, a degree in Computer Science or related field, and strong problem-solving skills. We offer a competitive salary and comprehensive benefits package."
accountant,"We are looking for a Financial Accountant to join our growing team. Key responsibilities include ensure compliance with GAAP, support budgeting and forecasting cycles, and process accounts payable and receivable transactions. You should be comfortable with tax compliance, QuickBooks, Excel, and reconciliations. The ideal candidate will have proficiency with accounting software, a Bachelor's degree in Accounting or Finance, and CPA or CPA-track preferred. We value diversity and are proud to be an equal opportunity employer."
sales_representative,"Join us as a Business Development Representative and make a real impact from day one. Day to day, you will maintain accurate records in the CRM, build and maintain a pipeline of opportunities, and meet or exceed quarterly sales quotas. This role requires strong skills in consultative selling, lead generation, territory management, and CRM software. We are looking for candidates with experience with CRM tools such as Salesforce, 2+ years of B2B sales experience, and a track record of meeting or exceeding quota. Apply today to become part of our team."
data_scientist,"Join us as a Machine Learning Engineer and make a real impact from day one. You will be expected to collaborate with engineering on model deployment, design and analyze experiments, and validate model performance rigorously. This role requires strong skills in model deployment, hypothesis testing, scikit-learn, and feature engineering. The ideal candidate will have experience presenting to business stakeholders, ability to translate ambiguous problems into models, and hands-on experience with machine learning frameworks. Apply today to become part of our team."
registered_nurse,"We're hiring a Registered Nurse who is passionate about delivering high-quality work. In this role, you will coordinate with the care team, respond to emergency situations calmly and effectively, and provide direct patient care on the unit. You should be comfortable with patient education, triage, patient assessment, and IV therapy. Requirements include an active RN license in good standing, ability to work rotating shifts including nights and weekends, and 2+ years of clinical experience. This is a full-time position with opportunities for growth."
data_scientist,"Join us as a Applied Scientist and make a real impact from day one. In this role, you will collaborate with engineering on model deployment, clean and preprocess messy real-world data, and present insights to non-technical audiences. This role requires strong skills in SQL, model deployment, feature engineering, and data visualization. The ideal candidate will have strong statistical foundations, a graduate degree in a quantitative field, and experience presenting to business stakeholders. We value diversity and are proud to be an equal opportunity employer."
accountant,"As a Senior Accountant on our team, you will play a key role in our day-to-day operations. Key responsibilities include support budgeting and forecasting cycles, ensure compliance with GAAP, and reconcile general ledger accounts. Relevant skills include accounts receivable, tax compliance, GAAP, and Excel. The ideal candidate will have 2+ years of accounting experience, strong attention to detail, and CPA or CPA-track preferred. We offer a competitive salary and comprehensive benefits package."
sales_representative,"We are looking for a Account Executive to join our growing team. Day to day, you will build and maintain a pipeline of opportunities, maintain accurate records in the CRM, and negotiate contract terms and pricing. You should be comfortable with relationship building, closing deals, cold calling, and territory management. Requirements include self-motivated and results-driven, experience with CRM tools such as Salesforce, and a track record of meeting or exceeding quota. This is a full-time position with opportunities for growth."
sales_representative,"Join us as a Sales Representative and make a real impact from day one. Day to day, you will build long-term relationships with key accounts, build and maintain a pipeline of opportunities, and meet or exceed quarterly sales quotas. You should be comfortable with negotiation, territory management, pipeline management, and closing deals. You should bring 2+ years of B2B sales experience, a track record of meeting or exceeding quota, and self-motivated and results-driven. This is a full-time position with opportunities for growth."
accountant,"We are looking for a Senior Accountant to join our growing team. In this role, you will reconcile general ledger accounts, identify and resolve discrepancies in financial records, and assist with the annual audit. Relevant skills include audit support, QuickBooks, variance analysis, and journal entries. Requirements include proficiency with accounting software, strong attention to detail, and a Bachelor's degree in Accounting or Finance. We offer a competitive salary and comprehensive benefits package."
accountant,"Join us as a Senior Accountant and make a real impact from day one. In this role, you will reconcile general ledger accounts, ensure compliance with GAAP, and process accounts payable and receivable transactions. You should be comfortable with month-end close, GAAP, accounts receivable, and variance analysis. We are looking for candidates with CPA or CPA-track preferred, proficiency with accounting software, and 2+ years of accounting experience. This is a full-time position with opportunities for growth."
data_scientist,"We're hiring a ML Researcher who is passionate about delivering high-quality work. You will be expected to collaborate with engineering on model deployment, present insights to non-technical audiences, and design and analyze experiments. You should be comfortable with data visualization, scikit-learn, SQL, and hypothesis testing. Requirements include strong statistical foundations, ability to translate ambiguous problems into models, and a graduate degree in a quantitative field. We offer a competitive salary and comprehensive benefits package."
software_engineer,"Our company is seeking an experienced Full Stack Engineer to help drive our next phase of growth. Day to day, you will review pull requests, design and implement scalable backend services, and write clean, well-tested code. You should be comfortable with cloud infrastructure, microservices, system design, and algorithms and data structures. We are looking for candidates with a degree in Computer Science or related field, strong problem-solving skills, and experience with agile development. We value diversity and are proud to be an equal opportunity employer."
accountant,"As a Staff Accountant on our team, you will play a key role in our day-to-day operations. Key responsibilities include identify and resolve discrepancies in financial records, ensure compliance with GAAP, and process accounts payable and receivable transactions. Relevant skills include Excel, budgeting, accounts payable, and reconciliations. The ideal candidate will have proficiency with accounting software, a Bachelor's degree in Accounting or Finance, and strong attention to detail. Apply today to become part of our team."
software_engineer,"We're hiring a Backend Developer who is passionate about delivering high-quality work. In this role, you will collaborate with product managers on requirements, design and implement scalable backend services, and optimize database queries. Relevant skills include Docker, Java, Git, and system design. Requirements include 3+ years of professional software development experience, a degree in Computer Science or related field, and strong problem-solving skills. We offer a competitive salary and comprehensive benefits package."
sales_representative,"Join us as a Account Executive and make a real impact from day one. Day to day, you will conduct product demonstrations for prospective clients, prospect and qualify new sales leads, and maintain accurate records in the CRM. This role requires strong skills in territory management, cold calling, quota attainment, and consultative selling. Requirements include 2+ years of B2B sales experience, excellent verbal and written communication skills, and self-motivated and results-driven. Apply today to become part of our team."
accountant,"Our company is seeking an experienced Accounting Analyst to help drive our next phase of growth. You will be expected to process accounts payable and receivable transactions, ensure compliance with GAAP, and assist with the annual audit. You should be comfortable with Excel, financial reporting, QuickBooks, and accounts receivable. Requirements include CPA or CPA-track preferred, proficiency with accounting software, and a Bachelor's degree in Accounting or Finance. This is a full-time position with opportunities for growth."
registered_nurse,"Join us as a ICU Nurse and make a real impact from day one. Key responsibilities include monitor patient vital signs and escalate concerns, provide direct patient care on the unit, and educate patients and families on care plans. This role requires strong skills in vital signs monitoring, electronic health records, IV therapy, and patient education. We are looking for candidates with ability to work rotating shifts including nights and weekends, an active RN license in good standing, and excellent bedside manner. We offer a competitive salary and comprehensive benefits package."
sales_representative,"Join us as a Sales Representative and make a real impact from day one. Day to day, you will maintain accurate records in the CRM, conduct product demonstrations for prospective clients, and meet or exceed quarterly sales quotas. You should be comfortable with relationship building, closing deals, pipeline management, and territory management. We are looking for candidates with 2+ years of B2B sales experience, excellent verbal and written communication skills, and self-motivated and results-driven. We value diversity and are proud to be an equal opportunity employer."
data_scientist,"As a Applied Scientist on our team, you will play a key role in our day-to-day operations. Key responsibilities include collaborate with engineering on model deployment, build predictive models from large datasets, and clean and preprocess messy real-world data. You should be comfortable with experiment design, SQL, deep learning, and causal inference. We are looking for candidates with strong statistical foundations, hands-on experience with machine learning frameworks, and a graduate degree in a quantitative field. This is a full-time position with opportunities for growth."
software_engineer,"As a Backend Developer on our team, you will play a key role in our day-to-day operations. You will be expected to optimize database queries, collaborate with product managers on requirements, and mentor junior engineers. This role requires strong skills in SQL databases, Kubernetes, system design, and Java. The ideal candidate will have experience with agile development, a degree in Computer Science or related field, and excellent communication skills. We value diversity and are proud to be an equal opportunity employer."
software_engineer,"We're hiring a Software Engineer who is passionate about delivering high-quality work. Day to day, you will mentor junior engineers, participate in on-call rotations, and debug production incidents. This role requires strong skills in Git, microservices, SQL databases, and algorithms and data structures. The ideal candidate will have experience with agile development, excellent communication skills, and a degree in Computer Science or related field. Apply today to become part of our team."
data_scientist,"Join us as a Applied Scientist and make a real impact from day one. Key responsibilities include design and analyze experiments, clean and preprocess messy real-world data, and collaborate with engineering on model deployment. This role requires strong skills in scikit-learn, model deployment, hypothesis testing, and data visualization. Requirements include ability to translate ambiguous problems into models, a graduate degree in a quantitative field, and hands-on experience with machine learning frameworks. This is a full-time position with opportunities for growth."
registered_nurse,"We are looking for a Registered Nurse to join our growing team. You will be expected to respond to emergency situations calmly and effectively, administer medications per physician orders, and coordinate with the care team. This role requires strong skills in vital signs monitoring, care plan documentation, IV therapy, and triage. We are looking for candidates with 2+ years of clinical experience, ability to work rotating shifts including nights and weekends, and an active RN license in good standing. Apply today to become part of our team."
sales_representative,"We're hiring a Sales Representative who is passionate about delivering high-quality work. In this role, you will meet or exceed quarterly sales quotas, build long-term relationships with key accounts, and build and maintain a pipeline of opportunities. Relevant skills include negotiation, closing deals, consultative selling, and relationship building. The ideal candidate will have 2+ years of B2B sales experience, a track record of meeting or exceeding quota, and self-motivated and results-driven. We offer a competitive salary and comprehensive benefits package."
data_scientist,"Join us as a ML Researcher and make a real impact from day one. You will be expected to clean and preprocess messy real-world data, present insights to non-technical audiences, and design and analyze experiments. Relevant skills include SQL, A/B testing, deep learning, and hypothesis testing. Requirements include experience presenting to business stakeholders, a graduate degree in a quantitative field, and strong statistical foundations. We offer a competitive salary and comprehensive benefits package."
