model,accuracy,precision,recall,f1_score,false_positive_rate,confusion_matrix
LogisticRegression,0.719,0.5729483282674772,0.4014909478168264,0.4721352536005009,0.1363415817564289,"[[1780, 281], [562, 377]]"
LogisticRegression,0.719,0.5729483282674772,0.4014909478168264,0.4721352536005009,0.1363415817564289,"[[1780, 281], [562, 377]]"
LogisticRegression,0.719,0.5729483282674772,0.4014909478168264,0.47213525360050096,0.1363415817564289,"[[1780, 281], [562, 377]]"
