candidate_id,years_experience,skill_match_score,profile_completeness,protected_group,consent_ts
C00000,0.9,0.374,0.714,B,2025-12-14T00:00:00
C00001,0.0,0.093,0.712,A,2025-04-06T00:00:00
C00002,8.1,0.719,0.511,B,2025-08-02T00:00:00
C00003,11.3,0.548,0.739,B,2025-12-18T00:00:00
C00004,2.6,0.568,0.44,A,2026-03-24T00:00:00
C00005,0.0,0.262,0.698,B,2025-08-07T00:00:00
C00006,0.0,0.38,0.787,B,2025-02-07T00:00:00
C00007,3.3,0.504,0.765,B,2025-07-26T00:00:00
C00008,3.1,0.466,0.688,A,2025-11-18T00:00:00
C00009,2.0,0.624,0.737,A,2026-03-14T00:00:00
C00010,4.7,0.717,0.632,A,2026-02-21T00:00:00
C00011,5.2,1.0,0.752,B,2026-01-15T00:00:00
C00012,5.0,0.596,0.759,B,2025-03-24T00:00:00
C00013,3.1,0.823,0.615,B,2025-09-17T00:00:00
C00014,0.7,0.434,0.79,A,2025-10-16T00:00:00
C00015,6.0,0.265,0.789,A,2025-08-23T00:00:00
C00016,4.0,0.53,0.725,B,2026-04-07T00:00:00
C00017,6.7,0.28,1.0,A,2026-04-25T00:00:00
C00018,6.4,0.603,0.729,B,2025-04-16T00:00:00
C00019,0.0,0.444,0.708,B,2026-04-24T00:00:00
C00020,0.0,0.209,0.687,B,2026-02-28T00:00:00
C00021,1.7,0.947,0.604,A,2025-12-19T00:00:00
C00022,0.8,0.492,0.853,B,2025-07-10T00:00:00
C00023,6.3,0.272,0.647,B,2026-01-16T00:00:00
C00024,5.1,0.78,0.665,B,2025-10-21T00:00:00
C00025,7.3,0.454,0.669,A,2026-03-26T00:00:00
C00026,5.2,0.818,0.602,A,2025-12-22T00:00:00
C00027,4.6,0.453,0.487,A,2026-04-28T00:00:00
C00028,7.6,0.492,0.681,A,2025-07-29T00:00:00
C00029,5.4,0.669,0.881,B,2025-02-11T00:00:00
C00030,4.2,0.719,0.78,B,2025-09-03T00:00:00
C00031,8.4,0.754,0.984,B,2026-05-14T00:00:00
C00032,4.3,0.582,0.863,A,2025-11-24T00:00:00
C00033,3.1,0.706,0.829,A,2025-12-18T00:00:00
C00034,1.5,0.749,1.0,A,2025-11-09T00:00:00
C00035,6.1,0.64,0.735,A,2025-10-24T00:00:00
C00036,7.7,0.571,0.759,A,2025-01-31T00:00:00
C00037,3.8,0.311,0.748,A,2025-07-26T00:00:00
C00038,7.9,0.72,0.982,A,2025-02-13T00:00:00
C00039,0.0,0.608,0.75,B,2025-06-18T00:00:00
C00040,3.8,0.517,0.653,A,2025-12-26T00:00:00
C00041,3.9,0.856,0.838,B,2026-02-07T00:00:00
C00042,1.8,0.314,0.628,B,2025-04-22T00:00:00
C00043,11.2,0.929,0.83,A,2025-11-24T00:00:00
C00044,3.8,0.596,0.812,B,2025-04-24T00:00:00
C00045,2.8,0.664,0.722,B,2025-04-11T00:00:00
C00046,4.1,0.521,0.835,A,2026-04-25T00:00:00
C00047,0.0,0.267,0.527,A,2025-11-01T00:00:00
C00048,1.7,0.572,0.774,B,2025-04-09T00:00:00
C00049,6.9,0.667,0.681,A,2025-03-12T00:00:00
C00051,1.5,0.56,0.773,A,2025-09-06T00:00:00
C00052,7.9,0.161,0.661,B,2025-02-20T00:00:00
C00053,8.0,0.292,0.543,B,2025-10-19T00:00:00
C00054,5.6,1.0,0.946,B,2025-08-05T00:00:00
C00055,2.6,0.381,0.697,B,2025-11-14T00:00:00
C00056,3.3,0.885,0.631,A,2025-04-14T00:00:00
C00057,1.6,0.413,0.8,B,2025-03-14T00:00:00
C00058,1.0,0.564,0.847,A,2025-02-20T00:00:00
C00059,0.9,0.725,0.845,A,2025-02-17T00:00:00
C00060,2.1,0.436,0.753,B,2025-02-06T00:00:00
C00061,0.9,0.918,0.774,A,2025-05-10T00:00:00
C00062,0.0,0.615,0.785,B,2026-02-05T00:00:00
C00063,4.7,0.692,0.8,B,2025-10-31T00:00:00
C00064,4.7,0.546,0.814,B,2025-05-06T00:00:00
C00065,9.1,0.732,0.914,B,2026-04-11T00:00:00
C00066,2.0,0.916,0.758,B,2026-01-16T00:00:00
C00067,4.9,0.574,0.627,A,2026-01-25T00:00:00
C00068,4.9,0.946,0.728,A,2026-03-26T00:00:00
C00069,3.2,0.478,0.863,A,2026-01-08T00:00:00
C00070,6.2,0.753,0.482,A,2026-04-24T00:00:00
C00071,6.3,0.698,0.483,A,2025-06-15T00:00:00
C00072,5.0,0.386,0.888,B,2026-03-05T00:00:00
C00073,3.2,0.643,0.978,A,2025-02-25T00:00:00
C00074,2.9,0.601,0.56,A,2025-05-31T00:00:00
C00075,0.0,0.429,0.765,A,2026-03-22T00:00:00
C00076,1.6,0.672,0.69,A,2025-03-08T00:00:00
C00077,2.1,0.629,0.711,B,2025-09-08T00:00:00
C00078,0.6,0.585,0.796,B,2025-06-20T00:00:00
C00079,5.3,0.586,0.556,B,2025-02-20T00:00:00
C00080,7.6,0.582,0.584,B,2025-04-28T00:00:00
C00081,1.3,0.526,0.705,A,2025-09-25T00:00:00
C00082,4.9,0.628,0.728,B,2025-11-12T00:00:00
C00083,0.9,0.471,0.581,A,2025-12-04T00:00:00
C00084,3.1,1.0,0.868,A,2025-03-07T00:00:00
C00085,1.9,0.318,0.687,A,2025-06-09T00:00:00
C00086,5.8,0.483,0.687,B,2025-02-22T00:00:00
C00087,2.0,0.499,0.792,A,2025-01-05T00:00:00
C00088,7.0,1.0,0.731,A,2025-07-15T00:00:00
C00089,3.3,0.336,0.876,A,2025-11-07T00:00:00
C00090,2.1,0.685,0.61,A,2025-07-05T00:00:00
C00091,0.2,0.65,0.54,B,2025-01-21T00:00:00
C00092,4.8,0.667,0.704,A,2025-04-20T00:00:00
C00093,6.7,0.847,0.759,A,2025-08-05T00:00:00
C00094,4.8,0.843,0.564,A,2025-06-27T00:00:00
C00095,10.7,0.51,0.542,B,2026-02-17T00:00:00
C00096,8.3,0.639,0.777,A,2025-10-26T00:00:00
C00097,3.1,0.227,0.636,A,2026-05-15T00:00:00
C00098,3.0,0.62,0.532,A,2025-03-29T00:00:00
C00099,5.4,0.441,0.895,B,2025-07-05T00:00:00
C00100,1.5,0.563,0.655,B,2025-02-13T00:00:00
C00101,7.5,0.263,0.922,B,2025-01-11T00:00:00
C00102,5.1,0.681,0.754,A,2026-04-07T00:00:00
C00103,4.8,0.261,0.794,B,2025-09-04T00:00:00
C00104,6.1,0.63,0.718,B,2025-11-26T00:00:00
C00105,9.2,0.355,0.352,B,2025-05-19T00:00:00
C00106,4.5,0.43,0.579,A,2025-01-26T00:00:00
C00107,3.7,0.831,0.731,A,2026-03-23T00:00:00
C00108,8.5,0.718,0.805,A,2025-11-26T00:00:00
C00109,6.9,0.83,0.482,B,2025-12-22T00:00:00
C00110,3.0,0.912,0.742,A,2025-09-24T00:00:00
C00111,4.0,0.445,0.582,A,2025-07-22T00:00:00
C00112,4.6,0.9,0.785,A,2025-07-31T00:00:00
C00113,5.1,0.307,0.747,B,2026-01-17T00:00:00
C00114,0.0,0.749,0.862,A,2025-04-24T00:00:00
C00115,0.0,0.501,0.91,B,2025-06-20T00:00:00
C00116,1.3,0.414,0.819,B,2025-06-03T00:00:00
C00117,1.1,0.723,0.879,B,2025-09-18T00:00:00
C00118,2.1,0.789,0.697,A,2026-04-29T00:00:00
C00119,5.9,0.783,1.0,B,2026-04-07T00:00:00
C00120,3.5,0.643,0.567,B,2025-09-30T00:00:00
C00121,4.6,0.626,0.671,B,2025-04-11T00:00:00
C00122,0.3,0.705,0.885,A,2026-04-16T00:00:00
C00123,2.6,0.661,0.863,A,2025-06-06T00:00:00
C00124,5.8,0.708,0.823,A,2025-06-28T00:00:00
C00125,5.8,0.641,0.851,A,2026-03-19T00:00:00
C00126,1.8,0.769,0.437,A,2025-05-12T00:00:00
C00127,4.5,0.275,0.988,A,2025-08-19T00:00:00
C00128,10.6,0.574,0.719,A,2026-04-04T00:00:00
C00129,3.9,0.323,0.937,B,2025-06-08T00:00:00
C00130,1.9,0.655,0.445,A,2025-11-09T00:00:00
C00131,3.5,0.928,0.788,B,2025-01-19T00:00:00
C00132,4.3,0.505,0.665,B,2026-05-13T00:00:00
C00133,3.5,0.625,0.836,A,2025-07-29T00:00:00
C00134,3.9,0.751,0.798,B,2025-12-02T00:00:00
C00135,0.0,0.186,0.805,A,2025-09-08T00:00:00
C00136,1.1,0.496,0.591,B,2025-08-05T00:00:00
C00137,3.6,0.673,0.741,A,2025-07-23T00:00:00
C00138,3.5,0.021,0.723,B,2025-01-09T00:00:00
C00139,2.3,0.405,0.824,A,2025-05-19T00:00:00
C00140,3.5,0.82,0.898,A,2025-07-10T00:00:00
C00141,4.2,0.801,0.773,A,2025-07-04T00:00:00
C00142,6.7,0.675,0.559,B,2025-05-17T00:00:00
C00143,3.7,0.776,0.766,B,2025-11-18T00:00:00
C00144,5.2,0.643,1.0,A,2026-02-19T00:00:00
C00145,2.4,0.711,0.997,A,2026-03-22T00:00:00
C00146,5.7,0.537,0.304,A,2026-05-02T00:00:00
C00147,5.1,0.623,0.76,A,2025-11-21T00:00:00
C00148,6.6,0.474,0.89,A,2025-07-25T00:00:00
C00149,6.1,0.853,0.723,A,2025-11-20T00:00:00
C00150,5.8,0.904,0.681,B,2025-03-08T00:00:00
C00151,3.7,0.876,0.71,B,2026-02-13T00:00:00
C00152,4.7,0.518,0.833,A,2025-09-25T00:00:00
C00153,7.2,0.409,0.578,B,2025-03-24T00:00:00
C00154,2.0,0.855,0.928,A,2025-08-01T00:00:00
C00155,2.1,0.709,0.742,B,2025-05-31T00:00:00
C00156,4.5,0.666,0.61,A,2025-06-24T00:00:00
C00157,5.2,0.473,0.919,B,2025-01-26T00:00:00
C00158,1.5,0.685,0.518,B,2025-01-09T00:00:00
C00159,3.8,0.383,0.667,B,2025-06-24T00:00:00
C00160,3.7,0.727,0.664,A,2025-05-31T00:00:00
C00161,0.0,0.876,1.0,B,2026-05-15T00:00:00
C00162,3.3,0.926,0.647,A,2025-05-12T00:00:00
C00163,3.5,0.742,0.427,A,2025-06-14T00:00:00
C00164,3.5,0.324,0.663,B,2026-04-03T00:00:00
C00165,8.2,0.639,0.818,A,2026-03-06T00:00:00
C00166,0.4,1.0,0.868,B,2025-01-29T00:00:00
C00167,1.5,0.426,1.0,B,2025-02-12T00:00:00
C00168,0.0,0.588,0.961,A,2025-02-17T00:00:00
C00169,2.6,0.883,0.778,B,2025-08-18T00:00:00
C00170,2.8,0.723,0.616,A,2025-10-14T00:00:00
C00171,2.5,1.0,0.994,A,2025-06-25T00:00:00
C00172,7.3,0.453,0.695,A,2025-01-07T00:00:00
C00173,6.6,0.402,0.651,B,2025-04-11T00:00:00
C00174,4.2,0.845,0.687,A,2025-11-04T00:00:00
C00175,2.9,0.361,0.562,A,2025-07-06T00:00:00
C00176,7.1,0.561,0.68,A,2025-03-03T00:00:00
C00177,3.9,0.587,0.715,B,2025-11-22T00:00:00
C00178,1.5,0.807,0.86,B,2025-11-03T00:00:00
C00179,0.0,0.723,0.692,B,2025-09-03T00:00:00
C00180,2.7,0.691,0.56,B,2026-04-16T00:00:00
C00181,6.3,0.52,0.509,B,2026-02-27T00:00:00
C00182,10.8,0.843,0.781,A,2025-01-20T00:00:00
C00183,4.2,1.0,0.761,A,2026-03-29T00:00:00
C00184,1.7,0.738,0.667,B,2025-01-25T00:00:00
C00185,0.4,0.62,0.68,B,2025-08-29T00:00:00
C00186,5.7,0.34,0.808,A,2026-03-27T00:00:00
C00187,0.0,0.473,0.959,A,2026-05-06T00:00:00
C00188,5.7,0.557,0.633,B,2025-01-12T00:00:00
C00189,6.5,0.493,0.763,A,2025-02-06T00:00:00
C00190,5.3,0.597,0.894,B,2025-05-01T00:00:00
C00191,3.3,0.956,0.634,A,2025-05-19T00:00:00
C00192,5.7,0.849,0.748,A,2025-05-20T00:00:00
C00193,4.5,0.568,0.744,B,2025-07-28T00:00:00
C00194,1.7,0.358,0.553,A,2025-06-09T00:00:00
C00195,9.6,0.867,0.775,A,2025-10-19T00:00:00
C00196,2.9,0.59,0.755,B,2026-03-03T00:00:00
C00197,6.3,0.255,0.833,B,2025-09-30T00:00:00
C00198,0.0,0.742,0.572,A,2025-06-15T00:00:00
C00199,7.8,0.805,0.751,A,2025-10-11T00:00:00
C00200,8.4,0.115,0.957,B,2025-11-07T00:00:00
C00201,4.1,0.435,1.0,B,2026-03-25T00:00:00
C00202,5.7,0.578,0.942,A,2026-04-19T00:00:00
C00203,5.7,0.747,0.573,A,2025-05-19T00:00:00
C00204,2.1,0.497,0.818,A,2026-04-05T00:00:00
C00205,5.6,0.434,0.678,A,2026-02-13T00:00:00
C00206,1.6,0.745,0.793,A,2025-03-06T00:00:00
C00207,2.2,0.506,0.634,B,2025-10-07T00:00:00
C00208,7.4,0.708,0.493,A,2025-03-18T00:00:00
C00209,6.9,0.378,0.698,A,2025-09-03T00:00:00
C00210,1.9,0.33,0.858,B,2025-01-23T00:00:00
C00211,1.8,0.751,0.793,B,2025-05-30T00:00:00
C00212,2.1,0.651,0.81,A,2025-10-22T00:00:00
C00213,6.2,0.784,0.782,B,2025-06-02T00:00:00
C00214,1.0,0.493,0.811,B,2025-01-06T00:00:00
C00215,5.1,0.441,0.829,B,2025-07-14T00:00:00
C00216,6.2,0.872,0.709,A,2025-09-28T00:00:00
C00217,3.7,0.295,0.762,A,2026-01-17T00:00:00
C00218,7.0,0.85,1.0,B,2025-03-10T00:00:00
C00219,3.1,0.864,0.771,A,2025-08-27T00:00:00
C00220,3.4,0.772,0.756,A,2025-04-10T00:00:00
C00221,1.1,0.462,0.765,A,2025-03-18T00:00:00
C00222,7.1,0.437,0.717,B,2025-03-02T00:00:00
C00223,1.7,0.558,0.685,B,2026-01-15T00:00:00
C00224,5.0,0.341,0.781,A,2026-04-05T00:00:00
C00225,3.8,0.408,0.674,B,2025-11-28T00:00:00
C00226,0.8,0.729,0.728,A,2025-07-09T00:00:00
C00227,2.2,0.73,0.631,B,2026-04-20T00:00:00
C00228,8.1,0.39,0.766,B,2025-09-06T00:00:00
C00229,4.6,0.735,0.838,A,2025-09-22T00:00:00
C00230,1.0,0.691,0.718,A,2025-11-14T00:00:00
C00231,4.9,0.902,0.449,A,2025-11-24T00:00:00
C00232,3.6,0.714,0.839,B,2025-09-04T00:00:00
C00233,14.4,0.812,0.768,B,2025-08-28T00:00:00
C00234,4.9,0.695,0.601,B,2025-06-08T00:00:00
C00235,2.9,0.796,0.866,B,2025-12-07T00:00:00
C00236,8.3,0.343,0.54,A,2025-12-03T00:00:00
C00237,0.0,0.576,0.907,B,2025-08-07T00:00:00
C00238,4.3,0.592,0.741,A,2025-12-23T00:00:00
C00239,10.0,0.551,0.41,A,2025-03-10T00:00:00
C00240,3.7,0.689,0.777,B,2025-07-28T00:00:00
C00241,0.0,0.727,0.689,B,2026-05-09T00:00:00
C00242,2.8,0.678,0.666,A,2026-01-02T00:00:00
C00243,8.4,0.565,0.639,A,2025-12-27T00:00:00
C00244,5.1,0.453,0.731,B,2026-03-08T00:00:00
C00245,1.5,0.819,0.677,B,2025-11-01T00:00:00
C00246,1.9,0.67,0.471,B,2025-11-28T00:00:00
C00247,2.3,0.396,0.941,A,2025-08-29T00:00:00
C00248,5.1,0.561,0.713,A,2026-02-18T00:00:00
C00249,8.0,0.251,0.64,A,2025-12-22T00:00:00
C00250,7.2,0.607,0.581,B,2025-09-19T00:00:00
C00251,5.4,0.56,0.866,B,2025-03-05T00:00:00
C00252,0.0,0.485,0.555,A,2026-02-08T00:00:00
C00253,0.0,0.917,0.77,A,2025-06-13T00:00:00
C00254,5.6,0.369,0.662,A,2025-06-29T00:00:00
C00255,0.0,0.741,0.671,B,2025-03-04T00:00:00
C00256,3.3,1.0,0.584,B,2025-04-19T00:00:00
C00257,4.9,0.815,0.657,A,2025-03-05T00:00:00
C00258,0.6,0.594,0.751,A,2025-02-18T00:00:00
C00259,0.9,0.373,0.785,B,2025-01-11T00:00:00
C00260,3.7,0.328,0.632,A,2025-05-28T00:00:00
C00261,5.5,0.518,0.736,B,2026-01-13T00:00:00
C00262,7.2,0.463,0.883,A,2026-03-08T00:00:00
C00263,5.8,0.456,0.501,A,2025-04-24T00:00:00
C00264,4.2,0.535,0.749,B,2025-07-31T00:00:00
C00265,1.8,0.58,0.607,A,2026-02-21T00:00:00
C00266,0.8,0.697,0.592,A,2025-12-20T00:00:00
C00267,2.5,0.352,0.789,A,2026-03-29T00:00:00
C00268,5.2,0.464,0.668,A,2025-07-30T00:00:00
C00269,5.0,0.568,0.567,A,2025-03-26T00:00:00
C00270,0.0,0.561,0.949,A,2025-03-13T00:00:00
C00271,1.6,0.967,0.888,A,2025-12-21T00:00:00
C00272,7.6,0.646,0.46,A,2025-01-14T00:00:00
C00273,4.2,0.277,0.529,B,2025-08-19T00:00:00
C00274,0.0,0.684,0.839,B,2025-06-26T00:00:00
C00275,11.1,0.709,0.707,A,2026-04-05T00:00:00
C00276,3.9,0.575,0.975,A,2026-05-15T00:00:00
C00277,5.2,0.357,0.842,A,2025-08-31T00:00:00
C00278,5.2,0.952,0.795,B,2025-10-18T00:00:00
C00279,2.9,0.386,0.597,B,2025-07-09T00:00:00
C00280,1.8,0.732,0.824,A,2026-01-24T00:00:00
C00281,10.4,0.64,0.559,A,2025-05-28T00:00:00
C00282,7.0,0.72,0.946,A,2026-01-08T00:00:00
C00283,6.5,0.941,0.813,A,2026-03-28T00:00:00
C00284,5.7,0.712,0.626,B,2025-03-27T00:00:00
C00285,1.0,0.488,0.871,A,2025-04-24T00:00:00
C00286,7.8,0.821,1.0,A,2025-07-09T00:00:00
C00287,1.5,0.474,0.717,A,2026-02-18T00:00:00
C00288,4.8,0.633,0.833,A,2025-11-17T00:00:00
C00289,0.0,0.341,0.685,A,2025-04-08T00:00:00
C00290,0.0,0.393,0.763,B,2025-07-04T00:00:00
C00291,5.0,0.61,0.524,A,2025-11-18T00:00:00
C00292,1.6,0.674,0.75,B,2026-04-28T00:00:00
C00293,0.0,0.26,0.757,A,2025-08-14T00:00:00
C00294,5.6,0.699,1.0,B,2025-02-07T00:00:00
C00295,10.4,0.436,0.481,B,2025-02-22T00:00:00
C00296,8.2,0.856,0.708,B,2025-01-15T00:00:00
C00297,3.2,0.53,0.943,B,2025-03-04T00:00:00
C00298,4.0,0.375,0.714,B,2025-07-26T00:00:00
C00299,6.7,0.615,0.724,B,2025-05-21T00:00:00
C00300,7.4,0.417,0.625,B,2025-05-31T00:00:00
C00301,3.0,0.854,0.61,A,2026-01-19T00:00:00
C00302,4.1,0.6,0.476,A,2025-08-27T00:00:00
C00303,4.9,0.57,0.656,A,2025-12-31T00:00:00
C00304,5.7,0.718,0.602,B,2025-09-28T00:00:00
C00305,3.6,0.399,0.768,A,2025-04-13T00:00:00
C00306,3.6,0.342,0.632,A,2026-04-20T00:00:00
C00307,8.1,0.682,0.678,B,2025-08-27T00:00:00
C00308,7.6,0.38,0.682,A,2026-02-23T00:00:00
C00309,5.4,0.38,0.743,A,2025-02-18T00:00:00
C00310,9.2,0.767,0.671,A,2026-03-01T00:00:00
C00311,2.8,0.705,0.591,A,2025-12-24T00:00:00
C00312,8.9,0.349,0.763,A,2025-05-05T00:00:00
C00313,5.6,0.476,0.91,A,2026-02-01T00:00:00
C00314,13.8,0.419,0.769,A,2026-01-07T00:00:00
C00315,0.4,0.955,0.659,A,2026-03-23T00:00:00
C00316,1.9,0.781,0.732,A,2025-04-15T00:00:00
C00317,5.3,0.516,0.442,B,2026-03-19T00:00:00
C00318,5.2,0.715,0.729,A,2026-01-17T00:00:00
C00319,9.9,0.329,0.69,B,2025-06-18T00:00:00
C00320,2.0,0.465,0.61,B,2025-06-25T00:00:00
C00321,6.7,0.621,0.637,A,2025-05-08T00:00:00
C00322,7.5,0.69,0.688,A,2025-08-27T00:00:00
C00323,6.1,0.581,0.899,A,2026-03-25T00:00:00
C00324,1.1,0.65,0.914,B,2026-02-23T00:00:00
C00325,8.2,0.616,0.611,B,2025-03-15T00:00:00
C00326,7.7,0.567,0.672,B,2025-03-07T00:00:00
C00327,5.8,0.541,0.676,A,2025-01-30T00:00:00
C00328,4.6,0.515,0.871,B,2025-11-04T00:00:00
C00329,4.7,0.646,0.772,A,2025-06-07T00:00:00
C00330,3.8,0.682,0.764,B,2026-01-16T00:00:00
C00331,5.9,0.64,0.83,A,2026-01-16T00:00:00
C00332,4.1,0.364,0.661,B,2025-04-09T00:00:00
C00333,1.5,0.4,0.955,B,2025-12-14T00:00:00
C00334,0.9,0.68,0.75,A,2026-01-18T00:00:00
C00335,1.7,0.894,0.622,B,2026-05-09T00:00:00
C00336,4.7,0.63,0.716,A,2025-12-28T00:00:00
C00337,3.9,0.518,0.935,B,2025-06-29T00:00:00
C00338,4.6,0.645,0.686,A,2026-05-15T00:00:00
C00339,5.5,0.373,0.892,B,2025-05-18T00:00:00
C00340,2.1,0.862,0.656,A,2026-02-07T00:00:00
C00341,8.4,0.637,0.635,B,2025-07-09T00:00:00
C00342,3.2,0.466,0.849,B,2026-04-13T00:00:00
C00343,2.7,0.567,0.619,B,2026-01-27T00:00:00
C00344,5.4,0.495,0.873,B,2025-10-27T00:00:00
C00345,0.0,0.862,0.803,B,2025-04-18T00:00:00
C00346,1.6,0.56,0.619,B,2025-04-05T00:00:00
C00347,6.9,0.631,0.739,A,2026-04-19T00:00:00
C00348,0.0,0.715,0.668,B,2026-02-05T00:00:00
C00349,7.4,0.452,0.802,A,2025-09-14T00:00:00
C00350,8.5,0.639,1.0,B,2026-03-15T00:00:00
C00351,2.9,0.655,0.694,A,2026-01-27T00:00:00
C00352,4.9,0.289,0.83,B,2025-07-13T00:00:00
C00353,7.4,0.651,0.754,B,2026-02-18T00:00:00
C00354,2.6,0.591,0.754,A,2026-02-03T00:00:00
C00355,6.6,0.626,0.725,A,2025-08-28T00:00:00
C00356,2.0,0.607,0.621,B,2025-01-10T00:00:00
C00357,2.6,0.652,0.8,B,2026-01-06T00:00:00
C00358,1.6,0.867,0.707,A,2025-06-19T00:00:00
C00359,5.0,0.364,0.614,B,2025-07-02T00:00:00
C00360,7.5,0.532,0.902,B,2025-12-23T00:00:00
C00361,3.4,0.733,0.765,A,2026-02-10T00:00:00
C00362,0.2,0.696,0.716,A,2025-02-13T00:00:00
C00363,0.8,0.692,0.951,A,2026-02-16T00:00:00
C00364,5.2,1.0,0.475,B,2025-05-27T00:00:00
C00365,9.5,0.723,0.941,A,2025-10-11T00:00:00
C00366,5.2,0.826,0.618,B,2026-03-11T00:00:00
C00367,2.8,0.539,0.782,B,2025-04-20T00:00:00
C00368,6.3,0.401,0.662,A,2025-04-21T00:00:00
C00369,3.3,0.537,0.612,B,2026-05-01T00:00:00
C00370,2.9,0.742,0.947,B,2025-07-06T00:00:00
C00371,1.1,0.681,1.0,A,2026-04-19T00:00:00
C00372,8.2,0.681,0.717,A,2025-06-28T00:00:00
C00373,0.0,0.557,0.8,A,2025-11-06T00:00:00
C00374,6.4,0.525,0.759,A,2025-09-13T00:00:00
C00375,2.6,0.564,1.0,A,2026-05-07T00:00:00
C00376,2.8,0.745,0.433,B,2025-10-03T00:00:00
C00377,9.1,0.768,0.807,A,2025-09-09T00:00:00
C00378,1.9,0.399,0.641,A,2025-08-22T00:00:00
C00379,2.0,0.752,0.397,B,2025-07-07T00:00:00
C00380,3.6,0.47,0.696,B,2025-08-09T00:00:00
C00381,5.2,0.694,1.0,B,2025-08-19T00:00:00
C00382,2.7,0.562,0.652,B,2026-01-17T00:00:00
C00383,0.0,0.913,0.869,A,2025-01-23T00:00:00
C00384,1.4,0.516,0.93,A,2025-09-08T00:00:00
C00385,7.8,0.636,0.748,B,2025-10-02T00:00:00
C00386,4.2,0.721,0.768,B,2026-01-12T00:00:00
C00387,5.4,0.425,0.493,B,2025-11-30T00:00:00
C00388,3.2,0.585,0.643,A,2025-08-04T00:00:00
C00389,2.0,0.547,0.886,B,2025-02-24T00:00:00
C00390,9.0,0.497,0.759,B,2025-07-06T00:00:00
C00391,3.4,0.512,0.805,A,2025-05-08T00:00:00
C00392,2.7,0.822,0.77,B,2025-04-13T00:00:00
C00393,7.3,0.48,1.0,B,2025-12-27T00:00:00
C00394,1.8,0.713,0.685,A,2025-08-28T00:00:00
C00395,2.2,0.663,0.991,A,2026-02-01T00:00:00
C00396,4.0,0.321,0.77,B,2025-03-11T00:00:00
C00397,4.0,0.704,1.0,A,2026-05-08T00:00:00
C00398,4.8,0.317,0.566,A,2025-08-25T00:00:00
C00399,10.3,0.726,0.778,A,2025-05-07T00:00:00
C00400,5.0,0.499,0.691,A,2025-07-01T00:00:00
C00401,0.0,0.602,0.771,B,2026-02-25T00:00:00
C00402,5.0,0.341,0.933,B,2025-12-21T00:00:00
C00403,4.1,0.624,0.807,A,2025-03-28T00:00:00
C00404,4.1,0.785,0.933,B,2026-05-11T00:00:00
C00405,4.7,0.439,0.649,B,2025-03-07T00:00:00
C00406,3.9,0.479,0.627,A,2025-05-18T00:00:00
C00407,3.8,0.691,0.752,B,2025-12-31T00:00:00
C00408,5.8,0.696,0.744,A,2025-09-22T00:00:00
C00409,2.4,0.113,0.722,B,2025-08-11T00:00:00
C00410,1.2,1.0,0.606,B,2026-04-09T00:00:00
C00411,13.1,0.706,0.93,B,2026-02-01T00:00:00
C00412,1.9,0.739,0.696,A,2026-04-27T00:00:00
C00413,4.3,0.571,0.964,B,2025-05-22T00:00:00
C00414,0.0,0.229,0.752,A,2026-03-02T00:00:00
C00415,4.3,0.735,0.847,A,2025-04-17T00:00:00
C00416,1.2,0.487,0.834,A,2026-02-07T00:00:00
C00417,2.7,0.709,0.626,B,2025-10-02T00:00:00
C00418,7.1,0.556,0.805,A,2025-10-26T00:00:00
C00419,5.4,0.648,1.0,B,2025-02-27T00:00:00
C00420,5.7,0.445,0.788,B,2026-03-16T00:00:00
C00421,0.0,0.773,0.885,A,2025-05-20T00:00:00
C00422,9.5,0.362,0.854,A,2025-10-27T00:00:00
C00423,0.4,1.0,0.796,A,2025-03-25T00:00:00
C00424,8.6,1.0,0.778,B,2026-04-08T00:00:00
C00425,7.1,0.927,0.832,B,2025-06-10T00:00:00
C00426,5.7,0.855,0.864,A,2026-01-17T00:00:00
C00427,1.4,0.583,0.547,B,2026-01-18T00:00:00
C00428,4.5,0.833,0.787,A,2025-10-03T00:00:00
C00429,2.6,0.581,0.722,B,2025-03-02T00:00:00
C00430,4.1,0.289,0.691,B,2025-05-20T00:00:00
C00431,3.3,0.901,0.944,B,2025-11-02T00:00:00
C00432,0.0,0.826,0.64,B,2025-09-25T00:00:00
C00433,7.4,0.594,0.541,B,2025-10-20T00:00:00
C00434,3.8,0.355,0.869,A,2025-05-05T00:00:00
C00435,2.5,0.483,0.537,A,2025-09-27T00:00:00
C00436,2.3,0.236,0.461,A,2025-02-12T00:00:00
C00437,5.1,0.789,0.886,A,2025-08-31T00:00:00
C00438,1.3,0.279,0.774,B,2025-02-15T00:00:00
C00439,0.0,0.657,0.821,B,2025-11-28T00:00:00
C00440,5.2,0.431,0.684,B,2025-10-11T00:00:00
C00441,5.6,0.315,0.542,A,2026-03-02T00:00:00
C00442,3.4,0.648,0.572,B,2025-08-20T00:00:00
C00443,0.6,0.533,0.709,A,2025-03-23T00:00:00
C00444,4.3,0.768,0.559,A,2025-04-28T00:00:00
C00445,0.0,0.346,0.796,B,2026-02-12T00:00:00
C00446,0.9,0.449,0.681,B,2026-04-25T00:00:00
C00447,1.7,0.122,0.778,B,2025-01-31T00:00:00
C00448,6.5,0.163,0.773,A,2025-12-05T00:00:00
C00449,2.9,0.96,0.808,B,2025-08-30T00:00:00
C00450,2.7,1.0,0.825,A,2025-05-09T00:00:00
C00451,9.9,0.619,0.698,B,2025-09-13T00:00:00
C00452,5.1,0.435,0.778,B,2026-04-13T00:00:00
C00453,5.0,0.54,0.785,A,2025-04-09T00:00:00
C00454,2.9,0.775,0.386,A,2026-02-23T00:00:00
C00455,2.2,0.497,0.847,A,2025-02-14T00:00:00
C00456,0.0,0.648,0.772,B,2025-12-27T00:00:00
C00457,6.9,0.597,0.835,A,2025-02-07T00:00:00
C00458,5.3,0.486,0.557,B,2025-01-31T00:00:00
C00459,3.5,0.495,0.703,B,2025-01-19T00:00:00
C00460,3.6,0.659,0.586,B,2026-02-07T00:00:00
C00461,6.2,0.405,0.862,A,2025-10-14T00:00:00
C00462,0.0,0.69,0.539,B,2025-12-12T00:00:00
C00463,2.2,0.506,0.611,A,2025-03-19T00:00:00
C00464,0.6,0.625,0.83,B,2026-04-06T00:00:00
C00465,9.3,0.877,0.656,B,2026-02-09T00:00:00
C00466,6.6,0.566,0.611,B,2025-09-02T00:00:00
C00467,0.0,0.784,0.886,B,2026-03-26T00:00:00
C00468,0.0,0.242,0.892,A,2025-03-13T00:00:00
C00469,3.6,0.506,0.858,A,2025-05-27T00:00:00
C00470,2.6,0.606,0.877,A,2025-01-25T00:00:00
C00471,0.0,0.985,0.715,A,2025-03-24T00:00:00
C00472,9.8,0.208,0.719,A,2026-02-25T00:00:00
C00473,4.9,0.581,0.653,A,2025-07-24T00:00:00
C00474,5.4,0.891,0.775,A,2025-11-19T00:00:00
C00475,1.9,0.443,0.671,A,2026-03-17T00:00:00
C00476,6.2,0.557,0.685,A,2026-01-18T00:00:00
C00477,2.9,0.666,0.84,B,2025-07-19T00:00:00
C00478,3.1,0.637,0.928,B,2025-06-24T00:00:00
C00479,5.8,0.913,0.81,A,2025-02-24T00:00:00
C00480,0.0,0.69,1.0,A,2026-02-19T00:00:00
C00481,8.8,0.866,0.644,A,2026-05-08T00:00:00
C00482,4.5,0.528,0.474,B,2025-09-08T00:00:00
C00483,7.8,0.452,0.857,A,2025-09-07T00:00:00
C00484,0.8,0.555,0.634,A,2026-03-01T00:00:00
C00485,1.2,0.368,0.709,A,2025-06-21T00:00:00
C00486,0.5,0.697,0.485,A,2025-07-23T00:00:00
C00487,4.8,0.523,0.615,A,2026-03-23T00:00:00
C00488,4.2,0.466,0.525,B,2025-07-09T00:00:00
C00489,2.6,0.7,0.685,B,2026-04-09T00:00:00
C00490,1.0,0.371,0.691,B,2025-03-22T00:00:00
C00491,0.2,0.754,0.763,B,2025-09-06T00:00:00
C00492,3.9,0.504,0.936,B,2025-09-02T00:00:00
C00493,2.6,0.832,0.852,A,2025-06-03T00:00:00
C00494,1.9,0.521,0.507,B,2026-04-27T00:00:00
C00495,8.6,0.726,0.841,A,2025-08-30T00:00:00
C00496,3.8,0.636,0.767,A,2026-03-16T00:00:00
C00497,7.8,0.749,0.735,B,2025-04-20T00:00:00
C00498,2.4,0.622,0.747,A,2025-06-24T00:00:00
C00499,4.7,0.267,0.781,A,2025-08-28T00:00:00
C00500,3.8,0.802,0.646,B,2025-10-09T00:00:00
C00501,0.0,0.582,0.723,B,2025-04-25T00:00:00
C00502,8.3,0.758,0.928,B,2025-06-06T00:00:00
C00503,3.6,0.738,0.644,A,2025-11-08T00:00:00
C00504,6.2,0.445,0.596,A,2025-05-20T00:00:00
C00505,1.7,0.417,0.741,B,2026-01-15T00:00:00
C00506,3.5,0.731,0.58,A,2025-08-27T00:00:00
C00507,1.4,0.539,0.492,B,2026-04-30T00:00:00
C00508,7.7,0.787,0.698,A,2025-04-29T00:00:00
C00509,4.9,0.564,0.967,A,2026-02-26T00:00:00
C00510,5.1,0.805,0.744,A,2025-09-03T00:00:00
C00511,8.1,0.685,0.777,B,2025-02-13T00:00:00
C00512,7.5,0.658,0.43,A,2025-12-19T00:00:00
C00513,6.3,0.525,0.816,A,2025-04-16T00:00:00
C00514,0.0,0.646,0.764,A,2025-03-11T00:00:00
C00515,1.9,0.839,0.65,A,2025-09-23T00:00:00
C00516,1.0,0.589,0.777,A,2026-01-28T00:00:00
C00517,6.2,0.706,0.776,B,2025-05-09T00:00:00
C00518,4.5,0.609,0.591,A,2025-11-08T00:00:00
C00519,0.0,0.625,0.8,B,2025-01-08T00:00:00
C00520,3.4,0.945,0.93,B,2025-04-03T00:00:00
C00521,0.0,0.84,0.716,A,2026-01-13T00:00:00
C00522,3.8,0.616,0.62,A,2025-01-07T00:00:00
C00523,0.0,0.643,0.723,B,2025-06-28T00:00:00
C00524,5.6,0.46,0.878,A,2025-09-11T00:00:00
C00525,5.1,0.565,0.566,A,2025-02-03T00:00:00
C00526,9.7,0.662,0.837,B,2026-05-05T00:00:00
C00527,6.5,0.77,0.648,B,2025-09-12T00:00:00
C00528,2.7,0.75,0.786,B,2025-06-19T00:00:00
C00529,6.5,0.378,0.665,A,2026-05-04T00:00:00
C00530,0.0,0.795,0.665,B,2025-10-07T00:00:00
C00531,1.1,0.582,0.978,B,2025-12-06T00:00:00
C00532,5.0,0.403,0.539,A,2025-02-15T00:00:00
C00533,0.0,0.867,0.823,B,2025-03-21T00:00:00
C00534,3.9,0.893,1.0,A,2025-01-23T00:00:00
C00535,0.9,0.653,0.853,A,2025-09-15T00:00:00
C00536,4.3,0.742,0.55,A,2026-02-23T00:00:00
C00537,0.8,0.753,0.558,A,2026-03-27T00:00:00
C00538,5.3,0.879,0.637,A,2025-10-15T00:00:00
C00539,4.1,0.746,0.774,B,2025-01-28T00:00:00
C00540,8.2,0.334,0.784,B,2025-11-10T00:00:00
C00541,4.0,1.0,0.559,B,2025-11-15T00:00:00
C00542,1.7,0.813,0.619,B,2025-10-26T00:00:00
C00543,3.3,0.498,0.628,B,2025-12-27T00:00:00
C00544,0.0,0.394,0.723,A,2025-10-06T00:00:00
C00545,5.2,0.701,1.0,A,2025-12-19T00:00:00
C00546,5.8,0.544,0.61,A,2025-09-01T00:00:00
C00547,11.4,0.666,0.603,A,2025-03-17T00:00:00
C00548,2.1,0.749,0.58,B,2025-02-09T00:00:00
C00549,3.2,0.487,0.845,A,2026-03-30T00:00:00
C00550,2.3,0.377,0.744,A,2025-08-09T00:00:00
C00551,4.6,0.677,0.616,A,2025-06-11T00:00:00
C00552,5.1,0.493,0.696,A,2025-05-27T00:00:00
C00553,3.8,0.629,0.631,B,2025-01-26T00:00:00
C00554,7.3,0.331,0.794,A,2026-04-18T00:00:00
C00555,2.1,0.55,1.0,A,2025-02-11T00:00:00
C00556,7.0,0.743,0.833,A,2025-04-20T00:00:00
C00557,5.6,0.721,0.736,A,2025-08-17T00:00:00
C00558,4.0,0.442,0.65,B,2025-06-29T00:00:00
C00559,3.1,0.366,0.548,A,2025-01-20T00:00:00
C00560,11.3,0.603,0.86,A,2025-06-14T00:00:00
C00561,1.5,0.712,0.852,A,2026-01-25T00:00:00
C00562,4.9,0.681,0.68,B,2025-05-06T00:00:00
C00563,1.7,0.498,0.932,B,2026-03-09T00:00:00
C00564,9.4,0.66,0.753,B,2025-06-30T00:00:00
C00565,6.7,0.9,0.866,B,2025-01-07T00:00:00
C00566,2.0,0.641,0.794,B,2025-02-24T00:00:00
C00567,5.5,0.273,0.723,A,2026-02-10T00:00:00
C00568,4.8,0.641,0.607,A,2025-07-22T00:00:00
C00569,2.5,1.0,0.728,A,2026-05-06T00:00:00
C00570,6.3,0.343,0.876,A,2026-01-30T00:00:00
C00571,5.2,0.606,0.674,B,2025-01-16T00:00:00
C00572,4.6,0.555,0.816,A,2025-06-06T00:00:00
C00573,3.9,0.619,0.588,B,2025-12-29T00:00:00
C00574,5.3,0.639,0.867,B,2025-02-01T00:00:00
C00575,4.7,0.828,0.797,A,2026-05-15T00:00:00
C00576,4.2,0.617,0.57,B,2025-03-25T00:00:00
C00577,2.1,0.855,0.716,B,2026-02-03T00:00:00
C00578,9.1,0.576,0.89,B,2026-02-25T00:00:00
C00579,0.8,0.53,0.561,A,2025-09-10T00:00:00
C00580,5.3,0.466,0.589,A,2026-02-06T00:00:00
C00581,3.0,0.237,0.74,A,2026-03-19T00:00:00
C00582,9.3,0.655,1.0,A,2026-01-03T00:00:00
C00583,1.3,1.0,0.649,A,2025-12-20T00:00:00
C00584,1.8,0.692,0.824,B,2025-07-14T00:00:00
C00585,1.1,0.737,0.789,B,2025-05-27T00:00:00
C00586,5.0,0.517,0.662,A,2026-03-10T00:00:00
C00587,0.0,0.551,0.774,A,2025-04-23T00:00:00
C00588,2.6,0.797,0.683,A,2025-07-27T00:00:00
C00589,0.0,1.0,0.696,A,2025-09-14T00:00:00
C00590,4.7,0.898,0.501,B,2025-07-15T00:00:00
C00591,2.5,0.761,0.746,A,2025-07-06T00:00:00
C00592,0.0,0.607,0.885,A,2025-10-27T00:00:00
C00593,7.3,0.642,0.759,B,2025-06-14T00:00:00
C00594,0.1,0.449,0.914,A,2026-05-10T00:00:00
C00595,6.4,0.31,0.837,A,2025-03-30T00:00:00
C00596,1.9,0.375,0.741,B,2025-07-14T00:00:00
C00597,8.8,0.61,0.656,B,2026-02-27T00:00:00
C00598,6.2,0.542,0.677,B,2025-08-26T00:00:00
C00599,1.0,0.306,0.529,B,2025-12-19T00:00:00
C00600,1.2,0.593,0.71,A,2025-11-20T00:00:00
C00601,5.8,0.536,0.772,B,2025-06-15T00:00:00
C00602,3.2,0.365,1.0,B,2026-01-08T00:00:00
C00603,3.5,0.526,0.829,B,2025-04-29T00:00:00
C00604,7.8,0.536,0.62,B,2026-01-10T00:00:00
C00605,1.8,0.477,0.534,B,2025-03-06T00:00:00
C00606,4.3,0.785,0.719,B,2025-12-14T00:00:00
C00607,6.9,0.219,0.872,A,2025-02-26T00:00:00
C00608,6.4,0.203,0.717,B,2026-03-11T00:00:00
C00609,3.5,0.601,0.831,A,2025-11-09T00:00:00
C00610,3.1,0.619,0.723,B,2025-01-21T00:00:00
C00611,0.0,0.681,0.858,B,2025-02-24T00:00:00
C00612,0.8,0.492,0.51,B,2025-04-04T00:00:00
C00613,5.0,0.416,0.991,B,2026-04-26T00:00:00
C00614,3.6,0.599,0.583,A,2025-10-22T00:00:00
C00615,4.2,0.512,0.869,B,2025-05-20T00:00:00
C00616,7.1,0.91,0.709,B,2025-05-19T00:00:00
C00617,0.4,0.535,0.733,A,2025-01-13T00:00:00
C00618,3.3,0.589,0.714,A,2025-04-12T00:00:00
C00619,4.6,1.0,0.788,A,2026-03-04T00:00:00
C00620,1.9,0.561,0.819,B,2025-10-27T00:00:00
C00621,8.3,0.711,0.909,A,2025-07-03T00:00:00
C00622,6.7,0.729,0.961,B,2025-01-11T00:00:00
C00623,4.9,0.746,0.8,A,2025-06-21T00:00:00
C00624,9.4,0.658,1.0,B,2025-07-11T00:00:00
C00625,0.0,0.639,0.764,A,2025-03-01T00:00:00
C00626,4.0,0.62,0.912,B,2025-10-31T00:00:00
C00627,5.1,0.485,0.814,A,2025-11-27T00:00:00
C00628,1.3,0.665,0.668,B,2026-05-15T00:00:00
C00629,4.9,1.0,0.777,B,2025-06-29T00:00:00
C00630,0.7,0.842,0.825,B,2025-05-18T00:00:00
C00631,6.1,0.661,0.745,B,2026-02-16T00:00:00
C00632,7.2,0.771,0.812,A,2025-06-25T00:00:00
C00633,4.8,0.426,0.88,A,2025-11-12T00:00:00
C00634,0.0,0.548,0.746,A,2026-01-04T00:00:00
C00635,1.1,0.79,0.308,A,2026-03-16T00:00:00
C00636,5.7,0.897,1.0,B,2025-06-09T00:00:00
C00637,4.1,0.446,0.705,B,2025-11-08T00:00:00
C00638,0.0,0.503,0.627,B,2025-03-07T00:00:00
C00639,7.7,1.0,0.581,B,2026-01-25T00:00:00
C00640,4.4,0.619,0.7,B,2025-01-23T00:00:00
C00641,1.5,0.965,0.666,B,2025-12-15T00:00:00
C00642,7.0,0.641,0.639,A,2025-04-15T00:00:00
C00643,2.0,0.649,0.648,A,2025-08-20T00:00:00
C00644,1.9,0.539,0.829,B,2025-02-08T00:00:00
C00645,5.1,0.789,1.0,B,2025-12-11T00:00:00
C00646,9.3,0.872,0.873,A,2025-08-30T00:00:00
C00647,8.9,0.393,0.918,A,2025-11-28T00:00:00
C00648,5.1,0.53,0.693,B,2025-06-23T00:00:00
C00649,5.4,0.783,0.766,A,2025-01-04T00:00:00
C00650,6.4,0.574,0.814,A,2025-10-18T00:00:00
C00651,0.2,0.501,0.651,B,2025-12-16T00:00:00
C00652,5.9,0.802,0.686,B,2025-11-29T00:00:00
C00653,1.8,0.821,0.878,A,2025-05-12T00:00:00
C00654,5.0,0.51,0.914,B,2025-12-25T00:00:00
C00655,3.3,0.642,0.76,A,2025-09-28T00:00:00
C00656,5.5,0.358,0.571,B,2025-04-16T00:00:00
C00657,4.4,0.421,0.706,A,2025-02-25T00:00:00
C00658,0.0,0.625,0.534,B,2025-06-12T00:00:00
C00659,4.5,0.606,0.761,A,2025-01-12T00:00:00
C00660,5.9,0.407,0.788,A,2025-12-25T00:00:00
C00661,5.3,0.457,0.709,B,2025-01-08T00:00:00
C00662,3.7,0.387,0.786,A,2025-01-25T00:00:00
C00663,8.9,0.691,0.813,A,2025-03-21T00:00:00
C00664,4.9,0.206,0.789,A,2025-06-13T00:00:00
C00665,5.3,0.398,0.57,B,2025-01-10T00:00:00
C00666,7.1,0.227,0.712,B,2025-11-11T00:00:00
C00667,5.1,0.684,0.811,B,2025-03-08T00:00:00
C00668,1.3,0.239,0.987,A,2026-02-06T00:00:00
C00669,0.0,0.606,0.709,A,2025-10-07T00:00:00
C00670,2.6,0.928,0.833,A,2025-02-11T00:00:00
C00671,6.3,0.935,0.882,B,2025-07-20T00:00:00
C00672,2.9,0.239,0.721,B,2025-03-12T00:00:00
C00673,6.4,0.66,0.922,B,2026-05-06T00:00:00
C00674,4.4,0.402,0.93,B,2025-10-24T00:00:00
C00675,7.9,0.361,0.957,A,2026-02-09T00:00:00
C00676,3.1,0.577,0.819,B,2025-07-07T00:00:00
C00677,5.4,0.846,1.0,A,2025-03-15T00:00:00
C00678,5.5,0.72,0.658,A,2025-04-28T00:00:00
C00679,8.5,0.457,1.0,A,2025-07-28T00:00:00
C00680,0.0,0.741,0.865,A,2026-01-21T00:00:00
C00681,2.6,0.151,0.951,A,2025-08-04T00:00:00
C00682,6.5,0.449,0.702,A,2026-04-10T00:00:00
C00683,8.6,0.435,0.877,A,2025-07-01T00:00:00
C00684,4.7,0.616,0.964,B,2025-04-27T00:00:00
C00685,3.1,0.559,0.587,A,2025-09-05T00:00:00
C00686,6.3,0.572,0.726,A,2025-02-25T00:00:00
C00687,6.6,0.565,0.429,B,2025-12-01T00:00:00
C00688,2.9,0.604,0.723,B,2025-02-20T00:00:00
C00689,5.0,0.708,0.628,A,2025-11-17T00:00:00
C00690,7.5,0.63,0.717,A,2025-07-11T00:00:00
C00691,9.7,0.543,1.0,B,2025-06-28T00:00:00
C00692,6.2,0.68,1.0,A,2025-11-02T00:00:00
C00693,4.1,0.765,0.534,A,2025-12-19T00:00:00
C00694,3.8,0.489,0.833,B,2026-04-10T00:00:00
C00695,5.7,0.588,0.87,A,2025-05-25T00:00:00
C00696,3.7,0.832,0.699,B,2026-02-10T00:00:00
C00697,4.6,0.379,0.777,B,2026-02-22T00:00:00
C00698,0.8,0.961,0.791,B,2026-05-13T00:00:00
C00699,7.9,0.332,0.548,A,2026-04-28T00:00:00
C00700,0.6,0.531,0.595,A,2026-01-31T00:00:00
C00701,2.7,0.41,0.776,A,2025-05-28T00:00:00
C00702,4.3,1.0,0.765,A,2025-12-14T00:00:00
C00703,10.0,0.499,0.644,B,2026-01-28T00:00:00
C00704,2.7,0.5,0.631,A,2025-05-26T00:00:00
C00705,2.0,0.526,0.737,B,2026-02-11T00:00:00
C00706,2.3,0.619,0.883,B,2025-12-17T00:00:00
C00707,9.0,0.534,0.739,B,2025-09-03T00:00:00
C00708,0.0,0.573,0.993,A,2026-03-07T00:00:00
C00709,1.0,0.0,0.646,A,2025-02-13T00:00:00
C00710,12.2,0.611,0.779,B,2025-12-08T00:00:00
C00711,5.8,0.604,0.697,B,2026-01-29T00:00:00
C00712,0.7,0.808,0.838,B,2025-01-21T00:00:00
C00713,3.9,0.862,0.633,B,2025-07-23T00:00:00
C00714,4.2,0.562,1.0,B,2025-09-16T00:00:00
C00715,6.5,0.763,0.496,A,2025-04-15T00:00:00
C00716,9.5,0.38,1.0,B,2026-03-16T00:00:00
C00717,5.2,0.753,0.763,A,2025-11-10T00:00:00
C00718,2.4,0.486,0.833,B,2025-05-18T00:00:00
C00719,6.4,0.363,0.95,B,2025-08-07T00:00:00
C00720,1.9,0.563,0.879,A,2025-02-26T00:00:00
C00721,0.9,0.88,0.64,A,2025-02-13T00:00:00
C00722,0.0,0.636,0.84,A,2026-01-09T00:00:00
C00723,0.0,0.899,1.0,B,2026-05-07T00:00:00
C00724,1.3,0.45,0.617,A,2025-05-19T00:00:00
C00725,0.5,0.81,1.0,A,2025-05-03T00:00:00
C00726,4.9,0.47,0.808,A,2025-12-08T00:00:00
C00727,0.4,0.645,0.685,A,2025-09-13T00:00:00
C00728,0.0,0.643,0.616,A,2025-03-11T00:00:00
C00729,0.9,0.732,0.717,A,2025-11-30T00:00:00
C00730,2.6,0.65,0.457,A,2025-04-15T00:00:00
C00731,2.2,0.452,0.688,A,2025-02-27T00:00:00
C00732,8.6,0.776,0.711,A,2025-08-21T00:00:00
C00733,2.2,0.946,0.589,A,2026-01-05T00:00:00
C00734,6.6,0.483,0.862,A,2025-09-18T00:00:00
C00735,3.9,0.233,0.717,B,2025-11-21T00:00:00
C00736,3.9,0.7,0.655,A,2025-04-29T00:00:00
C00737,1.5,0.534,0.701,A,2025-09-04T00:00:00
C00738,3.8,0.574,0.803,A,2025-12-23T00:00:00
C00739,1.7,0.711,0.761,A,2025-09-22T00:00:00
C00740,4.5,0.509,0.645,A,2025-04-30T00:00:00
C00741,3.3,0.546,0.769,A,2026-04-23T00:00:00
C00742,1.2,0.58,0.742,B,2025-02-03T00:00:00
C00743,7.0,0.894,0.579,A,2026-04-01T00:00:00
C00744,5.3,0.606,0.707,A,2025-12-29T00:00:00
C00745,2.7,0.353,0.837,A,2025-02-25T00:00:00
C00746,4.4,0.361,0.836,A,2025-05-08T00:00:00
C00747,3.7,0.628,0.716,A,2025-07-04T00:00:00
C00748,1.4,0.374,0.852,B,2026-04-24T00:00:00
C00749,4.2,0.288,0.603,B,2025-09-16T00:00:00
C00750,2.1,0.727,0.608,A,2025-05-10T00:00:00
C00751,1.2,0.737,0.712,A,2026-04-05T00:00:00
C00752,0.0,0.526,0.975,A,2025-03-01T00:00:00
C00753,2.9,0.659,0.774,A,2026-02-13T00:00:00
C00754,5.7,0.638,0.709,B,2026-02-20T00:00:00
C00755,1.9,0.72,0.982,A,2025-07-13T00:00:00
C00756,11.6,0.721,0.707,A,2025-01-22T00:00:00
C00757,6.7,0.079,1.0,B,2026-03-20T00:00:00
C00758,7.9,0.552,0.673,A,2026-04-29T00:00:00
C00759,6.4,0.704,0.598,A,2025-07-09T00:00:00
C00760,9.6,0.518,0.725,B,2025-04-03T00:00:00
C00761,1.6,0.607,0.713,A,2025-05-16T00:00:00
C00762,0.0,0.75,0.629,A,2025-03-10T00:00:00
C00763,2.7,0.616,1.0,A,2025-11-01T00:00:00
C00764,5.7,0.902,0.798,B,2025-09-17T00:00:00
C00765,4.5,0.825,0.82,A,2025-06-27T00:00:00
C00766,4.8,0.576,0.681,A,2025-11-22T00:00:00
C00767,8.0,0.56,0.663,A,2025-11-08T00:00:00
C00768,5.1,0.03,0.904,A,2025-01-06T00:00:00
C00769,6.4,0.535,0.499,B,2025-07-24T00:00:00
C00770,1.2,0.329,0.579,A,2026-03-08T00:00:00
C00771,0.7,0.644,0.713,B,2026-02-02T00:00:00
C00772,8.8,0.631,0.953,B,2026-03-04T00:00:00
C00773,4.3,0.739,0.694,B,2026-04-23T00:00:00
C00774,2.1,0.879,0.812,A,2025-01-31T00:00:00
C00775,2.1,0.595,0.754,B,2025-05-16T00:00:00
C00776,2.1,1.0,0.944,B,2025-08-18T00:00:00
C00777,1.9,0.646,0.512,A,2025-09-13T00:00:00
C00778,0.2,0.338,0.86,B,2026-01-29T00:00:00
C00779,0.0,0.488,0.72,B,2025-12-29T00:00:00
C00780,3.4,0.525,0.889,A,2025-12-20T00:00:00
C00781,2.2,0.718,0.627,B,2025-03-21T00:00:00
C00782,7.3,0.411,0.754,A,2025-12-05T00:00:00
C00783,4.9,0.54,0.735,B,2026-02-02T00:00:00
C00784,4.8,0.568,0.6,B,2026-01-12T00:00:00
C00785,1.8,0.51,0.558,A,2025-10-19T00:00:00
C00786,3.6,0.762,0.663,B,2025-02-14T00:00:00
C00787,5.1,0.728,0.769,A,2025-03-16T00:00:00
C00788,6.1,0.833,0.636,B,2026-01-07T00:00:00
C00789,3.7,0.534,0.7,B,2026-03-11T00:00:00
C00790,7.2,0.841,0.467,A,2026-02-17T00:00:00
C00791,4.0,0.327,0.694,A,2025-08-02T00:00:00
C00792,6.4,0.322,0.904,A,2025-10-21T00:00:00
C00793,2.5,0.357,0.856,A,2025-03-30T00:00:00
C00794,0.0,0.602,0.737,A,2025-10-23T00:00:00
C00795,4.8,0.84,0.787,A,2025-04-08T00:00:00
C00796,6.2,0.48,0.626,A,2026-02-02T00:00:00
C00797,5.7,0.505,0.994,A,2026-01-28T00:00:00
C00798,5.3,0.557,1.0,B,2025-01-26T00:00:00
C00799,3.0,0.715,0.775,B,2026-04-13T00:00:00
C00800,1.6,0.504,1.0,B,2026-02-03T00:00:00
C00801,5.7,0.493,0.648,A,2025-07-09T00:00:00
C00802,5.3,0.331,0.562,B,2025-08-14T00:00:00
C00803,2.3,0.486,0.644,B,2025-02-09T00:00:00
C00804,7.3,0.835,0.717,A,2026-04-14T00:00:00
C00805,1.4,0.618,1.0,A,2025-02-20T00:00:00
C00806,2.2,0.452,0.708,B,2026-04-07T00:00:00
C00807,8.9,0.847,0.621,A,2025-11-24T00:00:00
C00808,6.6,0.483,0.615,A,2026-04-05T00:00:00
C00809,2.9,0.884,0.921,B,2025-07-05T00:00:00
C00810,4.9,0.881,0.9,A,2026-03-24T00:00:00
C00811,4.5,0.611,0.677,A,2025-08-02T00:00:00
C00812,0.0,0.3,0.469,B,2025-06-25T00:00:00
C00813,1.3,1.0,0.581,B,2025-06-18T00:00:00
C00814,3.8,0.677,1.0,A,2026-04-21T00:00:00
C00815,2.9,0.535,0.853,B,2025-08-21T00:00:00
C00816,4.7,0.791,0.76,B,2025-08-28T00:00:00
C00817,7.4,0.74,1.0,A,2025-11-18T00:00:00
C00818,3.0,0.862,1.0,B,2025-10-05T00:00:00
C00819,0.8,0.468,0.745,A,2025-09-28T00:00:00
C00820,5.0,0.664,0.747,A,2025-07-09T00:00:00
C00821,3.0,0.363,0.663,B,2025-03-24T00:00:00
C00822,3.5,0.733,0.707,A,2026-05-13T00:00:00
C00823,3.1,0.595,0.527,B,2025-09-03T00:00:00
C00824,10.7,0.656,0.526,B,2026-05-02T00:00:00
C00825,0.0,0.571,0.492,A,2025-08-19T00:00:00
C00826,2.8,0.55,0.913,B,2025-10-27T00:00:00
C00827,4.0,0.426,0.516,A,2025-09-30T00:00:00
C00828,1.7,0.758,1.0,B,2026-04-28T00:00:00
C00829,6.7,0.898,0.64,A,2025-02-25T00:00:00
C00830,6.4,0.489,1.0,B,2025-09-16T00:00:00
C00831,3.9,0.711,0.695,B,2025-03-18T00:00:00
C00832,3.2,0.686,0.515,A,2026-03-11T00:00:00
C00833,3.7,0.602,0.943,B,2025-09-23T00:00:00
C00834,3.7,0.295,0.96,B,2026-04-07T00:00:00
C00835,3.8,0.34,0.614,B,2025-05-18T00:00:00
C00836,3.4,0.444,0.7,B,2025-03-23T00:00:00
C00837,4.8,0.172,0.614,B,2025-11-11T00:00:00
C00838,6.3,0.882,0.732,A,2025-03-14T00:00:00
C00839,0.3,0.674,0.766,A,2025-07-06T00:00:00
C00840,0.8,0.594,0.697,A,2025-06-06T00:00:00
C00841,0.0,0.162,0.477,B,2025-04-21T00:00:00
C00842,6.6,0.235,0.663,A,2025-03-07T00:00:00
C00843,4.8,0.6,0.856,A,2025-11-25T00:00:00
C00844,5.5,0.994,0.719,A,2026-01-15T00:00:00
C00845,0.0,0.46,0.701,B,2025-07-16T00:00:00
C00846,9.4,0.773,0.61,A,2025-05-21T00:00:00
C00847,2.2,0.504,0.658,B,2025-03-20T00:00:00
C00848,4.5,0.611,0.961,A,2025-12-05T00:00:00
C00849,6.6,0.843,0.579,B,2026-02-09T00:00:00
C00850,1.0,0.531,0.858,A,2025-10-02T00:00:00
C00851,2.4,0.462,0.757,A,2025-08-04T00:00:00
C00852,4.5,0.884,0.787,B,2025-11-21T00:00:00
C00853,12.6,0.609,0.64,B,2026-04-03T00:00:00
C00854,4.9,0.818,0.697,A,2026-05-10T00:00:00
C00855,8.8,0.463,0.749,A,2025-04-07T00:00:00
C00856,7.6,0.881,0.672,B,2025-08-27T00:00:00
C00857,5.1,0.655,0.8,B,2026-03-15T00:00:00
C00858,1.0,0.687,0.819,A,2025-11-13T00:00:00
C00859,7.2,0.626,1.0,A,2026-02-12T00:00:00
C00860,0.0,0.499,0.792,B,2026-05-13T00:00:00
C00861,8.8,0.6,0.463,B,2025-02-21T00:00:00
C00862,4.6,0.511,0.924,B,2025-11-03T00:00:00
C00863,0.0,0.792,0.719,B,2025-09-23T00:00:00
C00864,3.0,0.559,1.0,A,2025-05-23T00:00:00
C00865,6.0,0.301,0.971,B,2025-11-23T00:00:00
C00866,3.3,0.264,0.674,B,2025-02-21T00:00:00
C00867,6.1,0.255,0.858,B,2025-09-05T00:00:00
C00868,1.4,0.724,0.661,A,2025-07-27T00:00:00
C00869,0.1,0.37,0.75,A,2025-07-15T00:00:00
C00870,3.8,0.66,0.851,B,2025-11-04T00:00:00
C00871,4.1,0.627,0.917,A,2026-04-17T00:00:00
C00872,3.0,0.587,0.884,B,2026-04-19T00:00:00
C00873,7.7,0.688,0.761,A,2025-12-17T00:00:00
C00874,1.4,0.632,1.0,B,2025-06-15T00:00:00
C00875,4.9,0.058,0.695,B,2026-04-28T00:00:00
C00876,4.2,0.535,0.509,A,2026-05-15T00:00:00
C00877,0.0,0.685,0.538,A,2026-02-28T00:00:00
C00878,0.0,0.928,0.971,B,2026-03-13T00:00:00
C00879,4.0,0.937,0.739,B,2026-02-13T00:00:00
C00880,9.9,0.327,0.774,A,2026-01-16T00:00:00
C00881,5.7,0.53,0.669,B,2025-12-29T00:00:00
C00882,0.0,0.287,0.682,B,2025-11-16T00:00:00
C00883,0.0,0.904,0.632,A,2025-11-20T00:00:00
C00884,6.2,0.803,0.821,A,2025-07-14T00:00:00
C00885,3.7,0.67,0.735,A,2026-03-20T00:00:00
C00886,7.4,0.633,0.815,A,2025-11-14T00:00:00
C00887,1.4,0.876,0.801,A,2025-11-03T00:00:00
C00888,5.1,0.842,0.686,A,2026-01-06T00:00:00
C00889,6.5,0.832,0.531,B,2025-02-07T00:00:00
C00890,2.7,0.691,0.518,A,2026-04-05T00:00:00
C00891,2.7,0.53,1.0,B,2025-10-19T00:00:00
C00892,4.1,0.753,0.972,A,2026-04-18T00:00:00
C00893,5.6,0.763,0.951,A,2025-02-21T00:00:00
C00894,4.0,0.562,0.649,B,2025-04-27T00:00:00
C00895,6.9,0.53,0.751,B,2026-04-20T00:00:00
C00896,2.6,0.827,0.628,A,2025-12-13T00:00:00
C00897,0.0,0.933,0.553,A,2025-11-20T00:00:00
C00898,9.9,0.45,0.662,A,2025-07-22T00:00:00
C00899,2.2,0.547,0.949,A,2025-10-05T00:00:00
C00900,2.3,0.67,0.876,A,2025-10-01T00:00:00
C00901,3.8,0.697,0.604,A,2025-04-09T00:00:00
C00902,4.2,0.496,0.703,A,2025-10-11T00:00:00
C00903,2.8,0.977,0.862,A,2025-09-15T00:00:00
C00904,3.9,0.684,0.664,B,2025-06-06T00:00:00
C00905,3.9,0.706,0.762,B,2025-06-21T00:00:00
C00906,4.5,0.952,0.81,A,2026-01-19T00:00:00
C00907,0.0,0.51,0.809,A,2025-12-04T00:00:00
C00908,9.6,0.582,0.788,A,2025-08-23T00:00:00
C00909,3.6,0.349,0.652,A,2025-10-30T00:00:00
C00910,5.7,0.566,0.667,B,2025-05-01T00:00:00
C00911,0.0,0.302,0.58,B,2025-09-07T00:00:00
C00912,2.6,0.75,0.516,B,2025-10-08T00:00:00
C00913,2.0,0.684,0.733,B,2025-05-07T00:00:00
C00914,8.4,0.545,0.872,B,2025-03-26T00:00:00
C00915,2.2,0.58,0.543,B,2025-09-20T00:00:00
C00916,6.3,0.752,0.791,A,2026-04-16T00:00:00
C00917,2.0,0.373,0.868,A,2025-08-19T00:00:00
C00918,2.6,0.641,0.474,A,2026-03-27T00:00:00
C00919,3.3,0.74,0.709,B,2026-03-02T00:00:00
C00920,7.9,0.244,0.997,A,2026-01-08T00:00:00
C00921,0.0,0.737,0.833,B,2026-03-24T00:00:00
C00922,0.1,0.265,0.469,B,2025-07-25T00:00:00
C00923,0.0,0.576,0.849,A,2026-01-15T00:00:00
C00924,0.7,0.367,0.638,A,2025-03-14T00:00:00
C00925,1.6,0.886,0.854,A,2025-06-09T00:00:00
C00926,0.0,0.369,0.646,A,2025-10-11T00:00:00
C00927,1.8,0.27,0.742,B,2025-01-20T00:00:00
C00928,0.0,0.627,0.669,B,2026-01-18T00:00:00
C00929,0.9,0.517,0.75,B,2026-04-08T00:00:00
C00930,7.6,0.299,0.665,A,2025-02-22T00:00:00
C00931,5.2,0.705,0.716,A,2026-05-12T00:00:00
C00932,4.6,0.202,0.574,A,2025-02-14T00:00:00
C00933,1.0,0.393,0.824,B,2025-03-05T00:00:00
C00934,0.0,0.485,0.776,B,2026-01-17T00:00:00
C00935,0.6,0.76,0.508,A,2025-12-09T00:00:00
C00936,3.9,0.859,0.899,B,2026-04-14T00:00:00
C00937,6.6,0.821,0.724,A,2025-08-01T00:00:00
C00938,6.7,0.569,0.774,B,2025-10-14T00:00:00
C00939,5.9,0.115,0.865,A,2025-03-16T00:00:00
C00940,1.8,0.678,0.799,A,2025-12-12T00:00:00
C00941,4.1,0.894,0.925,B,2026-05-15T00:00:00
C00942,3.0,0.847,0.706,A,2025-10-26T00:00:00
C00943,3.4,0.693,0.905,A,2026-04-12T00:00:00
C00944,10.1,0.362,0.768,A,2025-07-16T00:00:00
C00945,0.0,0.495,0.826,A,2026-05-07T00:00:00
C00946,3.3,0.987,0.811,B,2025-09-26T00:00:00
C00947,7.6,0.317,0.936,B,2025-03-13T00:00:00
C00948,0.0,0.37,0.858,B,2025-07-01T00:00:00
C00949,2.1,0.789,0.684,A,2025-09-03T00:00:00
C00950,2.4,0.514,0.654,A,2025-02-03T00:00:00
C00951,3.3,0.364,0.743,A,2026-03-24T00:00:00
C00952,0.0,0.906,0.636,A,2025-04-30T00:00:00
C00953,5.8,0.692,0.592,A,2025-12-04T00:00:00
C00954,6.0,0.524,0.431,B,2026-04-05T00:00:00
C00955,5.5,0.371,0.518,B,2025-08-06T00:00:00
C00956,1.4,1.0,1.0,B,2025-11-01T00:00:00
C00957,4.3,0.595,0.652,A,2025-09-16T00:00:00
C00958,1.3,0.879,1.0,A,2026-01-18T00:00:00
C00959,3.0,0.779,0.81,A,2025-01-20T00:00:00
C00960,10.5,0.496,0.743,A,2025-06-29T00:00:00
C00961,4.3,0.497,0.525,A,2025-11-02T00:00:00
C00962,0.4,0.889,0.751,A,2025-02-15T00:00:00
C00963,4.5,0.893,1.0,A,2026-03-06T00:00:00
C00964,0.0,0.225,0.984,B,2025-11-13T00:00:00
C00965,0.4,0.71,0.791,A,2025-01-02T00:00:00
C00966,0.9,0.576,0.578,B,2025-01-07T00:00:00
C00967,2.7,0.393,0.606,A,2025-03-21T00:00:00
C00968,6.8,0.652,0.622,B,2025-11-28T00:00:00
C00969,5.7,0.33,0.942,A,2025-09-16T00:00:00
C00970,5.6,0.507,0.995,A,2025-08-30T00:00:00
C00971,0.7,0.44,0.779,A,2025-10-08T00:00:00
C00972,2.4,0.5,0.705,A,2025-09-05T00:00:00
C00973,4.8,0.586,0.982,B,2025-06-21T00:00:00
C00974,2.1,0.397,0.603,A,2025-01-04T00:00:00
C00975,3.2,0.915,0.758,B,2025-01-14T00:00:00
C00976,5.3,0.699,0.819,A,2025-12-11T00:00:00
C00977,3.0,0.959,0.621,A,2026-01-07T00:00:00
C00978,4.7,0.568,0.655,A,2025-04-30T00:00:00
C00979,8.8,0.49,0.643,A,2025-05-02T00:00:00
C00980,3.5,0.952,0.963,B,2025-07-23T00:00:00
C00981,7.5,0.484,1.0,B,2025-11-19T00:00:00
C00982,5.7,0.564,0.767,B,2025-10-24T00:00:00
C00983,0.0,0.744,0.71,A,2025-10-07T00:00:00
C00984,0.7,0.352,0.66,A,2025-01-19T00:00:00
C00985,1.5,0.742,0.75,B,2025-08-04T00:00:00
C00986,1.4,0.717,0.667,A,2026-01-12T00:00:00
C00987,3.7,0.854,0.735,A,2025-10-23T00:00:00
C00988,5.8,0.778,0.812,A,2026-02-08T00:00:00
C00989,7.8,0.86,0.689,B,2025-12-14T00:00:00
C00990,4.9,0.578,0.722,B,2026-03-26T00:00:00
C00991,2.7,0.427,0.722,B,2025-10-14T00:00:00
C00992,0.0,1.0,0.702,B,2025-10-12T00:00:00
C00993,4.2,0.295,0.684,A,2025-10-06T00:00:00
C00994,4.1,0.315,0.864,B,2025-05-13T00:00:00
C00995,4.5,0.713,0.484,A,2025-08-07T00:00:00
C00996,10.3,0.925,0.986,B,2025-03-26T00:00:00
C00997,7.7,0.638,0.77,A,2025-08-04T00:00:00
C00998,6.4,0.8,0.842,B,2025-03-16T00:00:00
C00999,1.1,0.201,0.859,A,2025-09-03T00:00:00
C01000,2.5,0.5,0.644,A,2026-04-23T00:00:00
C01001,3.7,0.225,0.613,A,2025-08-15T00:00:00
C01002,1.7,0.756,0.595,A,2026-01-05T00:00:00
C01003,5.5,0.291,0.713,A,2025-08-08T00:00:00
C01004,5.1,0.344,0.855,B,2026-03-29T00:00:00
C01005,0.7,0.703,0.662,A,2025-04-16T00:00:00
C01006,7.6,0.812,0.841,B,2026-02-22T00:00:00
C01007,4.3,0.568,0.395,A,2025-12-29T00:00:00
C01008,0.0,0.714,0.692,B,2026-03-21T00:00:00
C01009,3.8,0.708,0.925,A,2025-03-08T00:00:00
C01010,4.8,0.557,0.724,B,2026-03-24T00:00:00
C01011,6.9,0.381,0.626,B,2026-03-31T00:00:00
C01012,3.0,0.713,0.651,A,2025-05-28T00:00:00
C01013,6.5,0.723,0.296,B,2025-11-09T00:00:00
C01014,4.6,0.779,0.598,A,2025-10-21T00:00:00
C01015,0.1,0.662,0.909,A,2025-01-25T00:00:00
C01016,0.0,0.366,0.663,B,2025-09-20T00:00:00
C01017,7.4,0.738,0.68,B,2025-11-26T00:00:00
C01018,7.6,0.6,0.4,A,2025-04-13T00:00:00
C01019,5.0,0.503,0.505,A,2025-06-30T00:00:00
C01020,8.5,0.541,0.929,B,2025-10-20T00:00:00
C01021,7.2,0.462,0.843,B,2026-04-10T00:00:00
C01022,6.1,0.778,0.555,B,2025-01-31T00:00:00
C01023,1.3,0.316,0.655,A,2026-04-14T00:00:00
C01024,9.2,0.401,0.746,B,2026-02-13T00:00:00
C01025,5.6,0.534,0.571,A,2026-02-27T00:00:00
C01026,2.8,0.923,0.449,B,2025-01-24T00:00:00
C01027,2.0,0.811,0.726,A,2025-10-11T00:00:00
C01028,4.8,0.272,0.836,B,2025-07-04T00:00:00
C01029,0.0,0.87,0.839,A,2026-04-05T00:00:00
C01030,6.1,0.87,0.881,B,2026-01-06T00:00:00
C01031,1.1,0.365,0.517,B,2025-11-21T00:00:00
C01032,5.1,0.096,0.759,A,2025-01-14T00:00:00
C01033,2.4,0.586,0.71,B,2026-03-14T00:00:00
C01034,3.2,0.824,0.737,A,2025-09-02T00:00:00
C01035,1.7,0.918,0.718,B,2025-03-22T00:00:00
C01036,3.5,0.426,0.651,A,2026-03-14T00:00:00
C01037,9.7,0.95,0.297,A,2026-03-29T00:00:00
C01038,8.2,0.154,0.924,A,2025-09-06T00:00:00
C01039,5.1,0.526,0.799,A,2025-11-27T00:00:00
C01040,3.9,0.517,0.527,A,2025-11-02T00:00:00
C01041,6.5,0.83,0.821,B,2025-06-01T00:00:00
C01042,7.4,0.86,0.683,B,2026-01-10T00:00:00
C01043,1.5,0.791,0.687,B,2026-05-14T00:00:00
C01044,3.8,0.33,0.635,A,2026-04-13T00:00:00
C01045,0.0,0.773,0.831,A,2025-12-10T00:00:00
C01046,7.4,0.702,0.63,A,2025-06-30T00:00:00
C01047,10.2,0.266,0.585,B,2026-03-31T00:00:00
C01048,4.2,0.187,0.92,B,2026-04-09T00:00:00
C01049,0.0,0.808,0.723,A,2025-01-03T00:00:00
C01050,5.8,0.564,0.728,B,2025-06-19T00:00:00
C01051,1.3,0.343,0.854,A,2025-10-04T00:00:00
C01052,2.0,0.558,0.65,A,2025-10-16T00:00:00
C01053,5.9,0.673,0.68,A,2025-12-23T00:00:00
C01054,4.8,0.583,0.796,A,2025-09-14T00:00:00
C01055,2.5,0.29,0.519,B,2025-01-07T00:00:00
C01056,2.1,0.977,0.783,B,2025-03-24T00:00:00
C01057,4.4,0.801,0.637,A,2026-01-17T00:00:00
C01058,2.8,0.533,0.878,A,2025-12-13T00:00:00
C01059,0.7,0.541,0.832,B,2025-11-22T00:00:00
C01060,3.0,0.672,0.812,B,2025-08-09T00:00:00
C01061,5.0,0.374,0.509,B,2025-05-18T00:00:00
C01062,3.5,0.665,0.734,A,2025-06-04T00:00:00
C01063,0.0,0.334,0.573,B,2025-12-11T00:00:00
C01064,7.0,0.586,0.744,A,2025-09-10T00:00:00
C01065,0.0,0.366,0.403,B,2025-03-07T00:00:00
C01066,2.7,0.376,0.519,A,2025-07-19T00:00:00
C01067,2.1,0.929,0.928,B,2026-02-17T00:00:00
C01068,4.4,0.612,0.805,A,2025-10-27T00:00:00
C01069,5.7,0.641,0.697,A,2026-03-10T00:00:00
C01070,7.4,0.198,0.614,B,2025-09-12T00:00:00
C01071,1.9,0.481,0.587,B,2025-08-31T00:00:00
C01072,5.8,0.692,0.78,A,2026-04-20T00:00:00
C01073,4.6,0.639,0.698,B,2025-09-11T00:00:00
C01074,0.0,0.169,0.982,B,2025-03-09T00:00:00
C01075,9.7,0.641,0.722,A,2025-07-21T00:00:00
C01076,0.0,0.673,0.759,A,2025-11-20T00:00:00
C01077,5.3,0.857,0.542,A,2025-06-22T00:00:00
C01078,5.2,0.469,0.696,B,2025-07-25T00:00:00
C01079,4.8,0.152,0.777,A,2026-03-13T00:00:00
C01080,2.5,0.401,0.694,A,2025-08-06T00:00:00
C01081,6.5,0.381,0.677,B,2025-06-02T00:00:00
C01082,0.0,0.747,0.799,B,2025-02-23T00:00:00
C01083,3.8,0.057,0.977,B,2025-07-21T00:00:00
C01084,2.3,0.51,0.772,B,2026-01-19T00:00:00
C01085,2.0,0.885,0.922,B,2025-05-30T00:00:00
C01086,5.3,0.601,0.843,B,2025-08-24T00:00:00
C01087,7.2,0.779,0.913,B,2025-11-25T00:00:00
C01088,3.0,0.272,0.659,A,2026-04-09T00:00:00
C01089,6.3,0.28,0.719,A,2026-02-12T00:00:00
C01090,4.1,0.887,0.72,A,2025-05-24T00:00:00
C01091,1.3,0.62,0.832,B,2025-03-24T00:00:00
C01092,3.2,0.621,0.869,A,2025-12-02T00:00:00
C01093,3.1,0.376,0.769,A,2025-05-08T00:00:00
C01094,1.9,0.62,0.882,B,2025-07-16T00:00:00
C01095,5.3,0.371,0.666,A,2025-02-22T00:00:00
C01096,4.7,0.837,0.883,A,2026-01-23T00:00:00
C01097,0.0,1.0,0.902,B,2025-03-22T00:00:00
C01098,0.0,0.697,0.852,B,2025-07-10T00:00:00
C01099,5.3,0.473,0.77,A,2025-07-23T00:00:00
C01100,1.6,0.093,0.857,A,2025-01-22T00:00:00
C01101,4.9,0.263,0.616,A,2026-01-23T00:00:00
C01102,6.3,0.911,0.78,B,2025-11-06T00:00:00
C01103,0.2,0.394,0.795,B,2025-09-28T00:00:00
C01104,0.0,0.526,0.551,A,2025-03-30T00:00:00
C01105,9.0,0.731,0.821,B,2025-01-27T00:00:00
C01106,5.1,0.896,0.563,A,2025-01-28T00:00:00
C01107,2.7,0.56,0.686,A,2025-11-09T00:00:00
C01108,1.2,0.519,0.756,B,2026-01-09T00:00:00
C01109,2.5,0.614,0.64,A,2026-02-02T00:00:00
C01110,0.4,0.474,0.762,A,2026-02-05T00:00:00
C01111,6.7,0.485,0.76,A,2025-07-16T00:00:00
C01112,1.7,0.682,0.627,B,2025-01-01T00:00:00
C01113,7.3,0.637,0.835,B,2025-05-03T00:00:00
C01114,2.8,1.0,0.635,B,2026-01-29T00:00:00
C01115,0.9,0.688,1.0,A,2026-01-17T00:00:00
C01116,2.7,0.83,0.734,A,2025-09-11T00:00:00
C01117,0.0,0.386,0.574,B,2025-01-12T00:00:00
C01118,3.6,0.705,0.602,A,2026-01-24T00:00:00
C01119,3.5,0.455,0.922,B,2026-02-12T00:00:00
C01120,6.5,0.679,0.689,B,2025-04-24T00:00:00
C01121,0.0,0.738,0.545,A,2026-02-07T00:00:00
C01122,7.5,0.61,0.878,B,2025-11-16T00:00:00
C01123,6.5,1.0,0.688,A,2026-03-20T00:00:00
C01124,7.8,0.886,0.848,A,2025-11-10T00:00:00
C01125,3.8,0.835,0.89,B,2025-02-14T00:00:00
C01126,7.0,0.753,0.791,A,2025-11-20T00:00:00
C01127,0.0,0.953,1.0,B,2025-02-23T00:00:00
C01128,6.1,0.313,0.491,B,2025-05-10T00:00:00
C01129,1.7,0.874,0.627,B,2026-03-13T00:00:00
C01130,0.0,0.402,0.712,B,2026-04-30T00:00:00
C01131,0.6,0.487,1.0,A,2025-08-26T00:00:00
C01132,4.0,0.712,1.0,A,2025-05-26T00:00:00
C01133,1.5,0.847,0.943,B,2025-07-16T00:00:00
C01134,5.1,0.369,0.631,B,2025-05-02T00:00:00
C01135,0.0,0.497,0.648,A,2025-10-14T00:00:00
C01136,0.0,0.62,0.626,A,2025-07-30T00:00:00
C01137,8.1,0.563,0.632,A,2025-01-30T00:00:00
C01138,6.7,0.771,0.974,A,2025-11-02T00:00:00
C01139,0.9,1.0,0.713,B,2025-11-18T00:00:00
C01140,4.0,0.684,0.733,A,2025-11-30T00:00:00
C01141,7.1,0.453,0.866,B,2026-04-18T00:00:00
C01142,5.3,0.341,0.5,B,2025-12-19T00:00:00
C01143,4.4,0.535,0.758,B,2025-12-04T00:00:00
C01144,7.3,0.412,0.585,A,2025-04-16T00:00:00
C01145,1.8,0.694,0.706,A,2025-08-21T00:00:00
C01146,4.1,0.69,0.662,B,2025-08-06T00:00:00
C01147,3.9,0.507,0.654,B,2026-04-26T00:00:00
C01148,3.2,0.997,0.784,A,2025-08-26T00:00:00
C01149,2.8,0.453,0.783,B,2025-12-11T00:00:00
C01150,4.2,0.576,0.717,A,2025-09-28T00:00:00
C01151,4.1,0.728,0.806,B,2025-01-29T00:00:00
C01152,0.9,0.778,0.62,A,2026-04-13T00:00:00
C01153,6.4,0.856,0.852,A,2025-12-02T00:00:00
C01154,1.1,0.686,0.719,A,2025-04-26T00:00:00
C01155,3.3,0.81,0.677,A,2025-01-30T00:00:00
C01156,3.1,0.467,0.631,A,2026-04-14T00:00:00
C01157,5.1,0.784,0.714,A,2025-06-03T00:00:00
C01158,0.0,0.781,1.0,A,2025-01-09T00:00:00
C01159,6.7,0.903,0.741,B,2025-11-04T00:00:00
C01160,2.0,0.266,0.578,A,2025-01-09T00:00:00
C01161,7.7,0.419,0.888,B,2025-04-18T00:00:00
C01162,2.6,0.765,0.679,B,2026-03-23T00:00:00
C01163,3.9,0.07,0.793,A,2025-01-20T00:00:00
C01164,9.7,0.698,0.659,A,2026-01-12T00:00:00
C01165,3.2,0.812,0.942,B,2025-11-05T00:00:00
C01166,7.7,0.485,0.661,B,2025-06-02T00:00:00
C01167,4.1,0.514,0.96,A,2025-05-23T00:00:00
C01168,5.2,0.385,0.593,B,2025-08-26T00:00:00
C01169,4.2,0.496,0.706,A,2025-09-24T00:00:00
C01170,6.5,0.501,0.96,A,2026-03-22T00:00:00
C01171,1.9,0.463,0.775,B,2025-05-11T00:00:00
C01172,1.0,0.452,1.0,A,2025-10-23T00:00:00
C01173,2.1,0.546,0.71,B,2025-12-10T00:00:00
C01174,4.3,0.543,0.789,A,2025-01-07T00:00:00
C01175,3.3,0.975,1.0,B,2026-03-24T00:00:00
C01176,6.1,0.521,0.523,A,2026-05-11T00:00:00
C01177,7.9,0.669,0.504,A,2025-02-13T00:00:00
C01178,1.1,0.485,0.631,A,2025-05-11T00:00:00
C01179,1.8,0.482,0.872,A,2026-01-29T00:00:00
C01180,0.0,0.259,0.509,B,2026-02-09T00:00:00
C01181,10.1,0.286,0.84,A,2025-03-20T00:00:00
C01182,4.9,0.359,0.829,A,2026-04-04T00:00:00
C01183,5.4,0.637,1.0,A,2025-06-14T00:00:00
C01184,0.0,0.815,0.907,A,2025-05-27T00:00:00
C01185,4.0,0.243,0.805,B,2025-06-28T00:00:00
C01186,5.5,0.49,0.954,A,2025-12-02T00:00:00
C01187,3.2,0.327,0.831,B,2025-04-14T00:00:00
C01188,7.2,0.547,0.681,A,2025-09-29T00:00:00
C01189,10.9,0.815,0.578,B,2025-02-07T00:00:00
C01190,1.2,0.511,0.665,A,2025-03-15T00:00:00
C01191,0.9,0.59,0.744,A,2026-01-20T00:00:00
C01192,1.4,0.891,0.776,B,2025-07-11T00:00:00
C01193,8.8,0.692,0.43,B,2026-02-01T00:00:00
C01194,7.1,0.448,0.717,B,2026-01-04T00:00:00
C01195,3.6,0.632,0.754,A,2026-05-14T00:00:00
C01196,4.1,0.434,0.832,A,2025-03-10T00:00:00
C01197,1.6,0.684,0.994,B,2026-04-13T00:00:00
C01198,6.7,0.703,0.778,A,2026-03-22T00:00:00
C01199,2.9,0.327,0.614,B,2025-08-06T00:00:00
C01200,3.2,0.635,0.477,B,2025-03-09T00:00:00
C01201,5.8,0.576,0.853,B,2025-03-08T00:00:00
C01202,3.4,0.709,0.62,B,2025-09-13T00:00:00
C01203,3.3,0.766,0.88,B,2025-01-06T00:00:00
C01204,4.0,0.695,0.96,A,2025-02-17T00:00:00
C01205,6.4,0.539,0.518,A,2025-09-23T00:00:00
C01206,8.9,0.787,0.833,B,2025-10-09T00:00:00
C01207,5.8,0.425,0.944,A,2026-03-07T00:00:00
C01208,6.4,0.336,0.903,A,2026-05-03T00:00:00
C01209,3.4,0.0,0.436,A,2025-05-14T00:00:00
C01210,1.9,0.586,0.622,B,2025-06-15T00:00:00
C01211,6.0,0.436,0.558,B,2025-04-10T00:00:00
C01212,4.5,0.68,0.829,B,2025-04-23T00:00:00
C01213,0.0,0.206,0.812,A,2025-08-08T00:00:00
C01214,3.0,0.471,0.345,A,2026-05-12T00:00:00
C01215,3.8,0.694,0.705,A,2026-03-23T00:00:00
C01216,2.5,0.394,0.87,A,2026-04-02T00:00:00
C01217,8.4,0.682,0.772,B,2025-08-14T00:00:00
C01218,5.4,0.489,0.772,B,2025-11-25T00:00:00
C01219,8.1,0.593,0.695,A,2025-12-28T00:00:00
C01220,4.8,0.719,0.591,A,2025-05-02T00:00:00
C01221,4.2,0.791,0.747,A,2025-08-20T00:00:00
C01222,1.2,0.618,0.758,B,2025-10-03T00:00:00
C01223,4.0,0.437,0.842,B,2025-07-06T00:00:00
C01224,4.0,0.508,0.854,A,2025-08-25T00:00:00
C01225,0.0,0.727,0.763,B,2025-08-09T00:00:00
C01226,2.4,0.396,0.914,A,2025-01-31T00:00:00
C01227,3.0,0.564,0.694,A,2026-01-20T00:00:00
C01228,5.2,0.523,0.533,B,2026-03-27T00:00:00
C01229,5.4,0.579,0.822,A,2026-01-13T00:00:00
C01230,2.3,0.398,0.769,A,2026-04-12T00:00:00
C01231,5.4,0.23,0.825,B,2025-08-04T00:00:00
C01232,3.5,0.704,0.56,A,2025-01-28T00:00:00
C01233,0.0,0.793,1.0,B,2025-05-14T00:00:00
C01234,2.5,0.242,0.857,A,2026-03-03T00:00:00
C01235,7.2,0.674,0.707,A,2025-03-11T00:00:00
C01236,0.0,0.817,0.61,A,2025-10-01T00:00:00
C01237,4.3,0.719,0.912,A,2025-01-01T00:00:00
C01238,8.8,0.517,0.585,A,2025-06-11T00:00:00
C01239,1.7,0.411,1.0,A,2025-02-26T00:00:00
C01240,4.0,0.616,0.658,B,2025-02-26T00:00:00
C01241,0.1,0.65,1.0,A,2025-03-24T00:00:00
C01242,8.9,0.619,0.722,A,2025-09-27T00:00:00
C01243,3.8,0.564,0.987,A,2025-12-11T00:00:00
C01244,4.1,0.383,0.64,A,2025-05-25T00:00:00
C01245,8.1,0.685,0.753,A,2026-02-13T00:00:00
C01246,6.0,0.694,0.871,B,2025-07-15T00:00:00
C01247,1.4,0.64,0.849,A,2026-01-04T00:00:00
C01248,2.1,0.622,0.915,B,2025-09-22T00:00:00
C01249,5.5,0.936,0.677,B,2025-12-28T00:00:00
C01250,2.1,0.475,0.763,A,2026-05-05T00:00:00
C01251,0.0,0.856,0.937,A,2026-05-13T00:00:00
C01252,3.8,0.453,0.644,A,2025-10-21T00:00:00
C01253,0.0,0.822,0.836,B,2026-04-27T00:00:00
C01254,8.8,0.847,0.717,A,2025-12-17T00:00:00
C01255,4.5,0.541,0.781,B,2025-05-15T00:00:00
C01256,1.3,0.932,0.763,B,2026-04-13T00:00:00
C01257,1.9,0.694,0.632,B,2025-03-14T00:00:00
C01258,0.0,0.425,0.711,A,2025-08-23T00:00:00
C01259,0.7,0.525,0.772,B,2025-03-18T00:00:00
C01260,7.0,0.827,0.735,A,2026-01-28T00:00:00
C01261,10.7,0.785,0.986,A,2026-03-24T00:00:00
C01262,6.2,0.388,0.901,A,2026-02-14T00:00:00
C01263,3.7,0.572,0.793,B,2025-02-21T00:00:00
C01264,2.7,0.641,0.636,B,2025-05-16T00:00:00
C01265,1.1,0.498,0.626,B,2025-06-20T00:00:00
C01266,10.2,1.0,1.0,A,2025-02-27T00:00:00
C01267,3.4,0.647,0.599,B,2025-09-23T00:00:00
C01268,10.3,0.588,0.767,A,2025-01-18T00:00:00
C01269,8.2,0.838,0.804,A,2025-11-03T00:00:00
C01270,0.0,0.527,0.703,B,2025-10-15T00:00:00
C01271,2.0,0.801,0.6,A,2025-10-25T00:00:00
C01272,2.0,0.266,0.632,A,2026-04-02T00:00:00
C01273,3.8,0.509,0.668,B,2026-01-29T00:00:00
C01274,3.8,0.81,0.644,A,2025-05-10T00:00:00
C01275,13.0,0.914,0.949,A,2025-10-13T00:00:00
C01276,0.8,0.445,0.749,A,2026-02-06T00:00:00
C01277,4.7,0.422,0.671,A,2026-03-02T00:00:00
C01278,5.8,0.713,0.766,B,2025-11-18T00:00:00
C01279,4.0,0.475,0.85,B,2025-02-12T00:00:00
C01280,4.3,0.546,0.698,A,2025-08-06T00:00:00
C01281,0.9,0.775,0.885,A,2026-03-06T00:00:00
C01282,4.3,0.491,0.559,A,2025-02-06T00:00:00
C01283,5.5,0.207,0.926,B,2025-10-23T00:00:00
C01284,5.0,0.34,0.749,B,2025-09-28T00:00:00
C01285,5.7,0.602,0.743,B,2025-04-22T00:00:00
C01286,8.2,0.227,0.646,A,2025-06-22T00:00:00
C01287,6.8,0.541,0.566,A,2026-05-04T00:00:00
C01288,4.2,0.322,0.5,A,2025-10-25T00:00:00
C01289,0.5,0.928,0.636,B,2026-04-15T00:00:00
C01290,2.2,1.0,0.838,A,2025-08-24T00:00:00
C01291,3.3,0.388,0.606,B,2026-02-27T00:00:00
C01292,4.8,0.651,0.518,B,2025-11-06T00:00:00
C01293,2.6,0.408,0.614,A,2026-04-01T00:00:00
C01294,1.2,0.538,0.692,A,2025-06-13T00:00:00
C01295,0.4,0.961,0.698,A,2025-07-11T00:00:00
C01296,0.0,0.507,0.731,A,2025-01-21T00:00:00
C01297,3.3,0.543,0.905,A,2025-04-24T00:00:00
C01298,0.0,0.411,0.937,B,2025-03-11T00:00:00
C01299,1.0,0.829,1.0,A,2025-04-02T00:00:00
C01300,2.8,0.0,0.506,A,2025-06-04T00:00:00
C01301,0.0,0.511,0.622,B,2026-03-13T00:00:00
C01302,5.1,0.591,0.855,B,2025-07-09T00:00:00
C01303,6.2,0.468,0.682,A,2026-02-18T00:00:00
C01304,2.4,0.773,0.879,B,2026-02-12T00:00:00
C01305,2.7,0.84,0.781,B,2026-05-06T00:00:00
C01306,5.6,0.318,0.987,B,2025-09-12T00:00:00
C01307,1.9,1.0,0.906,B,2026-03-01T00:00:00
C01308,1.7,0.315,0.909,A,2025-07-29T00:00:00
C01309,7.6,0.858,0.688,B,2025-11-13T00:00:00
C01310,6.7,0.63,0.735,A,2026-02-10T00:00:00
C01311,5.8,0.499,0.704,B,2025-03-13T00:00:00
C01312,6.8,0.518,0.524,B,2025-01-29T00:00:00
C01313,0.0,0.593,0.971,A,2025-03-24T00:00:00
C01314,8.1,0.642,0.862,A,2025-12-27T00:00:00
C01315,5.2,0.416,0.698,B,2025-08-25T00:00:00
C01316,7.0,0.553,0.946,B,2025-05-21T00:00:00
C01317,5.2,0.446,0.655,A,2026-01-19T00:00:00
C01318,4.1,0.357,0.474,B,2025-01-08T00:00:00
C01319,3.2,0.437,0.901,B,2025-03-28T00:00:00
C01320,5.1,0.37,0.558,A,2025-08-23T00:00:00
C01321,3.1,0.516,0.721,A,2026-04-03T00:00:00
C01322,6.6,0.686,0.781,A,2026-01-10T00:00:00
C01323,0.0,0.624,0.808,B,2025-12-08T00:00:00
C01324,2.4,0.995,0.877,A,2025-12-22T00:00:00
C01325,10.1,0.158,0.837,B,2025-06-06T00:00:00
C01326,2.1,0.694,0.832,A,2025-08-12T00:00:00
C01327,3.3,0.601,0.631,B,2026-03-19T00:00:00
C01328,1.4,0.763,0.794,A,2025-12-31T00:00:00
C01329,5.0,0.743,0.524,A,2025-10-27T00:00:00
C01330,1.8,0.567,0.984,B,2025-02-11T00:00:00
C01331,3.4,0.635,0.54,A,2026-01-02T00:00:00
C01332,6.5,0.451,0.698,A,2025-07-02T00:00:00
C01333,1.9,0.723,0.552,B,2025-07-12T00:00:00
C01334,6.4,0.224,0.64,B,2025-12-03T00:00:00
C01335,6.5,0.755,0.752,B,2025-07-16T00:00:00
C01336,7.2,0.595,0.671,A,2025-10-14T00:00:00
C01337,4.4,0.503,0.922,B,2025-01-07T00:00:00
C01338,13.7,0.553,0.784,B,2025-04-03T00:00:00
C01339,7.2,0.568,0.681,A,2025-09-26T00:00:00
C01340,5.0,0.859,0.73,A,2026-04-24T00:00:00
C01341,1.4,1.0,0.933,B,2026-01-16T00:00:00
C01342,3.7,0.844,0.886,A,2025-07-28T00:00:00
C01343,8.3,0.487,0.579,B,2026-04-30T00:00:00
C01344,9.1,0.726,0.648,B,2025-05-18T00:00:00
C01345,8.4,0.735,0.821,B,2026-03-23T00:00:00
C01346,6.4,0.415,0.803,A,2025-07-21T00:00:00
C01347,0.2,0.348,0.592,A,2025-02-13T00:00:00
C01348,5.5,0.587,0.862,A,2025-01-02T00:00:00
C01349,0.3,0.762,0.616,A,2026-05-06T00:00:00
C01350,0.0,0.278,0.946,B,2025-11-18T00:00:00
C01351,4.7,0.456,0.829,B,2025-03-16T00:00:00
C01352,5.6,0.715,0.58,A,2026-05-11T00:00:00
C01353,6.7,0.608,0.671,A,2025-01-21T00:00:00
C01354,5.5,0.883,0.668,B,2025-06-17T00:00:00
C01355,5.6,0.318,0.774,A,2026-01-10T00:00:00
C01356,1.0,1.0,0.719,A,2025-01-27T00:00:00
C01357,3.7,0.292,0.578,A,2026-03-29T00:00:00
C01358,0.0,0.194,0.541,B,2025-12-06T00:00:00
C01359,0.0,0.588,0.832,A,2026-04-20T00:00:00
C01360,6.2,0.373,0.793,B,2026-02-23T00:00:00
C01361,1.7,0.592,0.766,A,2026-02-17T00:00:00
C01362,6.6,0.585,0.791,B,2025-04-24T00:00:00
C01363,7.3,0.561,0.657,A,2025-04-13T00:00:00
C01364,2.1,0.432,0.778,A,2025-05-02T00:00:00
C01365,5.8,0.687,1.0,A,2025-03-19T00:00:00
C01366,2.0,0.537,0.926,A,2025-11-29T00:00:00
C01367,0.0,0.821,0.707,A,2025-01-30T00:00:00
C01368,4.4,0.564,0.671,A,2025-08-03T00:00:00
C01369,2.6,0.407,0.321,A,2025-10-18T00:00:00
C01370,2.7,0.262,0.91,A,2025-09-27T00:00:00
C01371,9.9,0.566,0.868,B,2025-09-01T00:00:00
C01372,0.0,0.346,0.668,A,2025-04-22T00:00:00
C01373,5.1,0.33,0.535,B,2025-02-24T00:00:00
C01374,1.0,0.705,0.577,B,2026-05-10T00:00:00
C01375,6.7,0.244,0.817,A,2025-08-21T00:00:00
C01376,4.9,0.882,0.737,B,2025-10-25T00:00:00
C01377,5.1,0.632,0.854,B,2025-10-11T00:00:00
C01378,1.2,0.591,0.763,B,2025-07-04T00:00:00
C01379,1.7,0.393,0.895,A,2025-12-28T00:00:00
C01380,6.8,0.753,0.805,A,2025-07-08T00:00:00
C01381,9.3,0.599,0.874,A,2025-07-27T00:00:00
C01382,5.4,0.463,0.437,A,2026-02-06T00:00:00
C01383,1.3,0.64,0.565,B,2025-06-09T00:00:00
C01384,5.0,0.263,0.695,B,2025-12-16T00:00:00
C01385,11.3,0.273,0.912,A,2025-11-29T00:00:00
C01386,4.3,0.376,1.0,B,2025-01-16T00:00:00
C01387,8.4,0.67,0.725,A,2025-12-09T00:00:00
C01388,1.8,0.599,0.658,B,2026-02-05T00:00:00
C01389,3.9,0.81,0.457,A,2025-05-16T00:00:00
C01390,5.9,0.416,0.88,B,2026-04-03T00:00:00
C01391,5.2,0.715,0.667,B,2025-01-10T00:00:00
C01392,1.7,0.577,1.0,A,2025-03-31T00:00:00
C01393,1.6,0.411,0.639,A,2026-04-18T00:00:00
C01394,7.0,0.677,1.0,B,2026-03-04T00:00:00
C01395,7.6,0.587,0.862,A,2026-01-13T00:00:00
C01396,8.5,0.474,0.596,A,2025-10-29T00:00:00
C01397,9.4,0.608,0.785,B,2025-04-11T00:00:00
C01398,4.4,0.574,0.866,B,2025-09-02T00:00:00
C01399,3.1,0.569,0.716,A,2025-10-10T00:00:00
C01400,8.1,0.517,0.876,A,2025-02-14T00:00:00
C01401,6.1,0.339,0.872,A,2025-10-25T00:00:00
C01402,1.1,0.615,0.839,B,2025-02-14T00:00:00
C01403,0.9,0.439,0.748,A,2025-03-04T00:00:00
C01404,5.5,0.396,0.574,A,2025-03-27T00:00:00
C01405,3.5,0.552,0.738,A,2025-04-06T00:00:00
C01406,3.9,0.747,0.776,B,2025-02-11T00:00:00
C01407,7.2,0.637,0.469,A,2026-04-24T00:00:00
C01408,6.3,0.494,0.775,B,2026-02-06T00:00:00
C01409,8.0,0.486,0.735,B,2025-09-12T00:00:00
C01410,0.0,0.727,0.556,B,2025-07-04T00:00:00
C01411,4.8,0.121,0.7,B,2025-04-06T00:00:00
C01412,6.1,0.759,0.703,B,2026-04-20T00:00:00
C01413,0.0,0.225,1.0,B,2026-02-03T00:00:00
C01414,2.0,0.317,0.783,A,2026-01-11T00:00:00
C01415,1.5,0.497,0.905,B,2025-08-24T00:00:00
C01416,4.1,1.0,0.732,A,2025-01-14T00:00:00
C01417,8.9,0.935,0.469,A,2025-11-16T00:00:00
C01418,10.1,0.741,0.851,B,2025-09-01T00:00:00
C01419,1.6,0.671,0.651,B,2025-05-29T00:00:00
C01420,5.6,0.228,0.7,B,2025-06-07T00:00:00
C01421,5.7,0.631,0.592,A,2025-01-29T00:00:00
C01422,5.2,0.49,0.761,A,2026-03-12T00:00:00
C01423,5.2,0.437,0.91,A,2025-03-24T00:00:00
C01424,4.9,0.631,0.89,A,2026-02-11T00:00:00
C01425,9.1,0.506,0.988,A,2026-05-02T00:00:00
C01426,7.3,0.774,1.0,A,2025-01-23T00:00:00
C01427,0.8,0.213,0.443,A,2025-11-08T00:00:00
C01428,6.4,0.615,0.571,B,2025-02-03T00:00:00
C01429,6.7,0.424,0.479,A,2026-02-20T00:00:00
C01430,4.9,0.518,0.845,B,2025-09-11T00:00:00
C01431,7.4,0.661,0.646,B,2025-01-11T00:00:00
C01432,4.6,0.377,0.677,A,2026-01-22T00:00:00
C01433,4.6,0.633,0.718,A,2026-01-18T00:00:00
C01434,4.4,0.558,0.807,A,2026-04-08T00:00:00
C01435,0.0,0.468,0.527,B,2025-08-31T00:00:00
C01436,3.8,0.506,0.561,A,2026-04-12T00:00:00
C01437,2.0,0.569,0.75,A,2025-11-29T00:00:00
C01438,0.4,0.446,0.93,B,2025-09-20T00:00:00
C01439,8.3,0.601,0.746,B,2025-06-29T00:00:00
C01440,5.5,0.544,0.631,A,2025-05-27T00:00:00
C01441,3.9,0.478,0.428,A,2025-11-07T00:00:00
C01442,2.3,0.918,0.893,A,2026-01-05T00:00:00
C01443,4.9,0.683,0.64,A,2025-01-18T00:00:00
C01444,7.0,0.523,0.578,A,2025-07-25T00:00:00
C01445,1.5,0.629,0.493,B,2025-01-23T00:00:00
C01446,4.0,0.395,0.534,B,2025-07-18T00:00:00
C01447,6.6,0.513,0.606,A,2026-02-04T00:00:00
C01448,0.0,0.536,0.714,B,2025-12-12T00:00:00
C01449,3.8,0.351,0.569,A,2025-03-04T00:00:00
C01450,2.7,0.677,0.778,B,2025-12-25T00:00:00
C01451,3.6,0.499,0.713,B,2025-01-07T00:00:00
C01452,2.5,0.529,1.0,B,2025-01-07T00:00:00
C01453,4.4,0.486,0.494,B,2026-04-02T00:00:00
C01454,9.8,1.0,0.774,A,2025-01-17T00:00:00
C01455,3.0,0.467,0.776,A,2025-05-13T00:00:00
C01456,4.9,0.186,0.595,A,2025-03-07T00:00:00
C01457,10.0,0.28,0.764,A,2025-10-19T00:00:00
C01458,2.3,0.752,0.865,B,2025-09-19T00:00:00
C01459,9.4,0.867,0.764,A,2026-02-24T00:00:00
C01460,4.0,0.464,0.958,B,2026-05-09T00:00:00
C01461,9.3,0.856,0.423,A,2026-01-08T00:00:00
C01462,6.3,0.748,0.624,A,2025-08-22T00:00:00
C01463,4.9,0.562,0.971,A,2025-01-24T00:00:00
C01464,3.8,0.548,0.887,B,2026-04-07T00:00:00
C01465,2.1,0.636,0.831,B,2025-10-08T00:00:00
C01466,4.2,0.775,0.935,A,2025-04-19T00:00:00
C01467,6.7,0.679,0.463,A,2025-09-28T00:00:00
C01468,4.0,0.465,0.869,B,2025-07-15T00:00:00
C01469,3.1,0.565,0.91,A,2025-06-25T00:00:00
C01470,3.2,0.996,0.651,B,2025-08-15T00:00:00
C01471,7.0,0.65,1.0,A,2026-01-12T00:00:00
C01472,7.7,0.774,0.779,A,2025-03-23T00:00:00
C01473,2.0,0.708,0.421,A,2026-04-28T00:00:00
C01474,2.0,0.655,0.807,A,2025-02-01T00:00:00
C01475,5.1,0.622,0.642,A,2025-03-15T00:00:00
C01476,8.6,0.779,0.925,A,2025-12-05T00:00:00
C01477,7.4,0.744,0.832,B,2025-03-14T00:00:00
C01478,0.2,0.653,0.66,A,2026-01-24T00:00:00
C01479,3.2,0.461,0.975,A,2026-01-03T00:00:00
C01480,1.2,0.677,0.891,A,2025-08-03T00:00:00
C01481,3.2,0.587,0.626,A,2025-08-16T00:00:00
C01482,8.8,0.538,0.727,B,2026-05-15T00:00:00
C01483,0.0,1.0,0.828,A,2026-02-02T00:00:00
C01484,0.0,0.292,0.695,B,2025-11-13T00:00:00
C01485,1.5,0.792,0.7,A,2025-03-12T00:00:00
C01486,4.9,0.427,0.756,B,2025-10-22T00:00:00
C01487,5.9,0.626,0.59,A,2025-01-20T00:00:00
C01488,5.3,1.0,0.415,B,2025-05-06T00:00:00
C01489,7.5,0.408,0.786,A,2025-12-15T00:00:00
C01490,0.0,0.455,0.452,A,2025-07-23T00:00:00
C01491,7.6,0.596,0.601,B,2026-05-13T00:00:00
C01492,3.1,0.431,0.484,B,2026-04-15T00:00:00
C01493,6.2,0.777,0.503,B,2025-02-17T00:00:00
C01494,0.0,0.493,0.814,A,2026-03-18T00:00:00
C01495,4.0,0.731,0.717,B,2026-03-09T00:00:00
C01496,4.7,0.334,0.711,B,2025-02-23T00:00:00
C01497,7.5,0.239,0.553,B,2025-07-12T00:00:00
C01498,0.0,0.554,0.652,A,2026-04-20T00:00:00
C01499,4.1,0.286,0.806,B,2025-01-09T00:00:00
C01500,0.7,0.904,0.742,B,2025-01-30T00:00:00
C01501,5.5,0.294,0.873,B,2025-09-13T00:00:00
C01502,6.3,0.392,0.895,A,2026-04-22T00:00:00
C01503,7.9,0.683,0.712,A,2025-05-20T00:00:00
C01504,2.4,0.483,0.472,B,2026-01-22T00:00:00
C01505,6.8,0.296,0.637,A,2025-12-13T00:00:00
C01506,8.1,1.0,0.735,B,2025-03-15T00:00:00
C01507,0.0,0.4,0.634,A,2025-05-24T00:00:00
C01508,5.8,0.561,0.592,A,2025-11-09T00:00:00
C01509,6.9,0.558,0.76,B,2025-08-29T00:00:00
C01510,3.2,0.742,1.0,A,2025-04-29T00:00:00
C01511,0.4,0.692,0.677,A,2025-04-11T00:00:00
C01512,6.8,0.435,0.75,B,2025-10-06T00:00:00
C01513,0.4,0.535,0.553,B,2026-02-19T00:00:00
C01514,3.5,0.555,0.937,B,2025-07-26T00:00:00
C01515,3.9,0.75,0.881,A,2026-04-08T00:00:00
C01516,6.1,0.366,0.871,A,2025-11-30T00:00:00
C01517,2.1,1.0,0.954,B,2025-07-21T00:00:00
C01518,1.9,0.448,0.686,A,2025-12-20T00:00:00
C01519,4.3,0.598,0.705,A,2025-08-13T00:00:00
C01520,7.0,0.368,1.0,A,2026-01-14T00:00:00
C01521,10.9,0.34,0.845,A,2026-05-07T00:00:00
C01522,0.0,0.425,0.417,B,2026-01-29T00:00:00
C01523,4.9,0.406,0.818,B,2025-03-13T00:00:00
C01524,0.7,0.517,0.663,B,2025-02-05T00:00:00
C01525,7.1,0.404,0.885,A,2026-02-09T00:00:00
C01526,1.2,0.739,0.811,A,2026-02-28T00:00:00
C01527,2.0,0.443,0.489,A,2025-10-11T00:00:00
C01528,2.2,0.421,0.79,A,2025-05-03T00:00:00
C01529,3.8,0.521,0.782,A,2026-03-17T00:00:00
C01530,5.0,0.799,0.805,A,2025-08-13T00:00:00
C01531,5.5,0.643,0.836,A,2025-05-27T00:00:00
C01532,4.0,0.58,0.974,B,2025-07-03T00:00:00
C01533,0.0,0.313,0.812,B,2025-05-29T00:00:00
C01534,6.2,0.371,0.753,A,2025-05-22T00:00:00
C01535,3.8,0.344,0.922,A,2025-06-12T00:00:00
C01536,7.5,0.861,1.0,B,2025-12-04T00:00:00
C01537,1.9,0.706,0.887,B,2025-01-09T00:00:00
C01538,0.0,0.428,0.781,B,2025-07-01T00:00:00
C01539,3.9,0.487,0.815,A,2025-03-26T00:00:00
C01540,7.9,0.435,0.788,B,2025-11-21T00:00:00
C01541,4.5,0.423,0.753,A,2026-05-13T00:00:00
C01542,3.4,0.692,1.0,A,2026-01-29T00:00:00
C01543,1.4,0.542,0.638,A,2025-05-05T00:00:00
C01544,9.3,1.0,0.923,A,2025-09-14T00:00:00
C01545,0.9,0.85,0.731,A,2025-01-10T00:00:00
C01546,1.8,0.862,0.528,A,2025-07-26T00:00:00
C01547,5.7,0.734,0.722,B,2025-05-20T00:00:00
C01548,0.0,0.515,0.668,A,2025-09-08T00:00:00
C01549,7.8,0.72,0.837,A,2025-07-24T00:00:00
C01550,5.9,0.53,0.764,A,2025-12-08T00:00:00
C01551,6.7,0.926,0.597,A,2025-10-01T00:00:00
C01552,5.7,0.681,0.971,A,2026-04-15T00:00:00
C01553,3.5,0.652,0.914,A,2025-02-04T00:00:00
C01554,0.8,0.625,0.988,A,2026-04-18T00:00:00
C01555,3.6,0.948,0.786,B,2026-01-31T00:00:00
C01556,1.1,0.313,0.745,B,2025-12-23T00:00:00
C01557,5.5,0.968,0.856,A,2026-02-17T00:00:00
C01558,6.4,0.563,0.663,B,2025-01-26T00:00:00
C01559,8.4,0.319,0.77,B,2025-04-17T00:00:00
C01560,5.1,0.45,0.724,B,2025-01-01T00:00:00
C01561,6.8,0.27,0.531,B,2026-02-04T00:00:00
C01562,3.1,0.731,0.769,B,2025-06-27T00:00:00
C01563,2.6,0.392,0.684,B,2025-06-30T00:00:00
C01564,5.4,0.634,0.714,B,2025-11-02T00:00:00
C01565,2.8,0.827,0.805,A,2025-07-31T00:00:00
C01566,4.8,0.466,0.941,A,2025-11-15T00:00:00
C01567,0.8,0.546,0.623,A,2026-04-14T00:00:00
C01568,1.4,0.339,0.7,A,2025-06-16T00:00:00
C01569,5.9,0.522,0.635,A,2026-03-22T00:00:00
C01570,6.7,1.0,0.625,A,2025-09-24T00:00:00
C01571,1.0,0.756,0.661,B,2025-07-07T00:00:00
C01572,6.0,0.547,0.721,B,2026-04-05T00:00:00
C01573,2.4,0.478,0.838,B,2025-09-02T00:00:00
C01574,4.0,0.591,0.798,A,2025-03-05T00:00:00
C01575,8.3,0.626,0.591,A,2025-05-24T00:00:00
C01576,6.4,0.516,0.944,B,2026-02-27T00:00:00
C01577,6.4,0.706,0.892,B,2025-09-15T00:00:00
C01578,9.7,0.409,0.615,B,2025-10-08T00:00:00
C01579,1.9,0.408,0.934,B,2025-12-07T00:00:00
C01580,1.0,0.674,0.799,B,2025-04-08T00:00:00
C01581,1.8,0.366,0.727,A,2025-02-16T00:00:00
C01582,3.2,0.746,0.804,A,2025-08-09T00:00:00
C01583,0.0,0.597,0.746,A,2026-04-05T00:00:00
C01584,3.4,0.234,0.832,B,2025-03-05T00:00:00
C01585,2.4,0.622,0.778,B,2025-12-26T00:00:00
C01586,6.4,0.263,0.699,A,2026-05-05T00:00:00
C01587,5.1,0.739,0.446,B,2025-02-18T00:00:00
C01588,2.2,0.55,0.829,A,2025-03-08T00:00:00
C01589,5.8,0.97,0.694,A,2026-03-11T00:00:00
C01590,6.2,0.814,0.867,A,2025-02-24T00:00:00
C01591,1.7,0.388,0.822,A,2026-01-07T00:00:00
C01592,2.5,0.196,0.698,B,2026-02-03T00:00:00
C01593,0.0,0.449,0.903,A,2025-06-06T00:00:00
C01594,0.7,0.356,0.781,B,2025-05-26T00:00:00
C01595,1.8,0.965,0.775,B,2025-09-18T00:00:00
C01596,4.2,0.598,0.729,A,2025-09-11T00:00:00
C01597,1.2,0.787,1.0,A,2026-03-07T00:00:00
C01598,2.5,0.543,0.643,B,2025-10-24T00:00:00
C01599,0.3,0.564,0.702,A,2026-04-30T00:00:00
C01600,4.5,0.593,0.564,B,2025-04-30T00:00:00
C01601,5.3,0.821,0.859,A,2025-05-21T00:00:00
C01602,5.2,0.662,0.663,B,2025-05-01T00:00:00
C01603,4.0,0.389,0.679,B,2025-11-22T00:00:00
C01604,0.0,0.925,0.672,A,2025-01-17T00:00:00
C01605,2.1,0.541,0.759,A,2026-03-07T00:00:00
C01606,2.8,0.509,0.562,B,2026-01-21T00:00:00
C01607,2.8,0.034,0.414,A,2026-05-10T00:00:00
C01608,4.2,0.727,0.819,A,2026-04-25T00:00:00
C01609,8.3,0.62,0.433,A,2025-02-05T00:00:00
C01610,6.4,0.62,0.878,A,2026-01-09T00:00:00
C01611,1.0,0.519,0.984,B,2025-09-09T00:00:00
C01612,6.0,0.485,0.725,B,2026-01-03T00:00:00
C01613,5.9,0.526,0.945,A,2026-03-13T00:00:00
C01614,1.6,0.693,0.746,B,2025-10-19T00:00:00
C01615,6.5,0.728,0.99,A,2025-01-02T00:00:00
C01616,3.5,0.554,0.682,A,2026-03-09T00:00:00
C01617,0.0,0.79,0.395,B,2025-08-07T00:00:00
C01618,5.4,0.584,0.738,B,2025-08-18T00:00:00
C01619,4.7,0.499,1.0,A,2025-10-20T00:00:00
C01620,3.3,0.64,0.83,A,2026-04-01T00:00:00
C01621,3.9,0.328,0.673,A,2025-09-21T00:00:00
C01622,1.8,0.647,0.799,B,2025-04-14T00:00:00
C01623,5.8,0.292,0.896,A,2026-01-02T00:00:00
C01624,3.9,0.394,0.737,A,2025-11-13T00:00:00
C01625,4.5,0.196,1.0,B,2025-02-02T00:00:00
C01626,5.1,0.565,0.672,A,2025-09-24T00:00:00
C01627,0.5,0.922,0.9,A,2026-01-28T00:00:00
C01628,1.3,0.577,0.864,A,2026-03-19T00:00:00
C01629,0.0,0.729,0.645,A,2025-05-22T00:00:00
C01630,5.7,1.0,0.686,A,2025-09-19T00:00:00
C01631,0.4,0.681,0.903,B,2026-02-17T00:00:00
C01632,4.4,0.447,0.772,B,2025-10-19T00:00:00
C01633,5.1,0.474,0.801,B,2025-07-29T00:00:00
C01634,5.8,0.6,0.505,B,2025-04-03T00:00:00
C01635,0.4,0.473,0.848,A,2025-01-22T00:00:00
C01636,3.8,0.488,0.793,A,2025-12-12T00:00:00
C01637,9.0,0.797,0.74,B,2026-04-27T00:00:00
C01638,9.1,0.805,0.804,A,2025-10-28T00:00:00
C01639,7.0,0.271,0.689,B,2026-01-26T00:00:00
C01640,5.0,0.436,0.661,B,2025-12-05T00:00:00
C01641,1.0,0.507,0.714,A,2025-06-23T00:00:00
C01642,6.2,0.72,0.68,A,2025-09-19T00:00:00
C01643,3.5,0.829,1.0,A,2025-05-16T00:00:00
C01644,5.7,1.0,0.887,A,2025-04-22T00:00:00
C01645,2.1,0.507,0.605,A,2025-10-22T00:00:00
C01646,3.5,0.517,1.0,A,2025-11-20T00:00:00
C01647,4.5,0.718,0.685,B,2026-05-09T00:00:00
C01648,4.7,0.464,0.754,B,2025-04-29T00:00:00
C01649,5.5,0.572,0.885,B,2025-05-26T00:00:00
C01650,2.3,0.517,0.455,A,2025-03-25T00:00:00
C01651,0.0,0.076,0.714,A,2026-04-20T00:00:00
C01652,8.9,0.625,0.664,A,2026-01-26T00:00:00
C01653,11.5,0.564,0.781,A,2025-06-15T00:00:00
C01654,5.3,0.854,0.806,B,2026-04-30T00:00:00
C01655,0.0,0.601,0.738,A,2025-12-19T00:00:00
C01656,1.7,0.349,0.731,A,2025-08-27T00:00:00
C01657,5.5,0.548,0.91,B,2025-07-10T00:00:00
C01658,8.0,0.182,0.795,A,2025-10-12T00:00:00
C01659,0.4,0.358,0.756,A,2025-02-12T00:00:00
C01660,3.6,0.727,0.772,A,2025-03-28T00:00:00
C01661,4.6,0.551,1.0,B,2026-04-14T00:00:00
C01662,6.6,0.785,0.776,B,2025-04-14T00:00:00
C01663,3.0,0.207,0.673,A,2025-03-23T00:00:00
C01664,0.0,0.552,0.464,B,2026-03-06T00:00:00
C01665,5.9,0.505,0.535,B,2026-04-18T00:00:00
C01666,7.4,0.791,0.68,B,2026-02-13T00:00:00
C01667,3.8,0.735,0.734,A,2025-02-21T00:00:00
C01668,5.2,0.728,0.667,A,2026-02-24T00:00:00
C01669,2.6,0.908,0.803,B,2025-05-14T00:00:00
C01670,1.5,0.526,0.665,A,2025-01-06T00:00:00
C01671,7.1,0.867,0.613,B,2026-04-06T00:00:00
C01672,5.2,0.391,0.842,B,2025-05-14T00:00:00
C01673,5.5,0.384,0.955,A,2025-11-26T00:00:00
C01674,8.5,0.751,0.584,B,2025-02-06T00:00:00
C01675,0.8,0.299,0.787,B,2025-04-05T00:00:00
C01676,2.3,0.715,0.464,B,2026-03-17T00:00:00
C01677,4.5,0.62,0.529,A,2025-10-24T00:00:00
C01678,2.3,0.814,0.662,B,2026-05-15T00:00:00
C01679,6.3,0.588,0.92,A,2025-04-01T00:00:00
C01680,3.4,0.611,0.633,B,2026-03-22T00:00:00
C01681,1.0,0.702,0.628,B,2026-03-14T00:00:00
C01682,4.2,0.467,0.755,B,2026-04-08T00:00:00
C01683,4.5,0.459,0.756,A,2025-01-25T00:00:00
C01684,6.8,0.695,0.632,A,2025-02-22T00:00:00
C01685,5.2,0.594,1.0,A,2025-09-22T00:00:00
C01686,5.4,0.519,0.71,A,2025-02-27T00:00:00
C01687,5.0,0.583,0.767,A,2025-02-01T00:00:00
C01688,3.4,0.919,0.69,B,2026-02-10T00:00:00
C01689,1.9,0.511,0.816,A,2025-12-14T00:00:00
C01690,4.9,0.506,0.935,B,2026-02-27T00:00:00
C01691,3.0,0.259,1.0,B,2026-04-13T00:00:00
C01692,9.1,0.592,0.636,A,2025-03-13T00:00:00
C01693,8.0,0.731,0.915,B,2026-02-20T00:00:00
C01694,5.9,0.767,0.832,B,2025-01-22T00:00:00
C01695,5.1,0.622,0.896,A,2025-07-05T00:00:00
C01696,3.7,0.791,0.736,A,2025-05-29T00:00:00
C01697,0.2,0.746,0.722,B,2025-04-29T00:00:00
C01698,3.4,0.823,0.89,B,2025-12-26T00:00:00
C01699,4.3,0.797,0.893,B,2025-03-02T00:00:00
C01700,4.7,0.914,0.985,B,2026-02-09T00:00:00
C01701,5.4,0.566,0.78,B,2026-03-13T00:00:00
C01702,6.8,0.335,0.734,A,2025-11-29T00:00:00
C01703,1.9,0.733,0.381,B,2025-02-10T00:00:00
C01704,2.0,0.756,0.508,A,2025-10-26T00:00:00
C01705,8.4,0.914,0.691,B,2025-11-11T00:00:00
C01706,6.3,0.856,0.585,A,2025-07-06T00:00:00
C01707,2.8,0.989,0.872,A,2025-07-03T00:00:00
C01708,3.7,0.724,0.553,B,2025-08-23T00:00:00
C01709,3.7,0.646,0.675,A,2026-05-13T00:00:00
C01710,4.1,0.323,0.681,B,2025-01-02T00:00:00
C01711,5.4,0.662,0.931,A,2025-09-12T00:00:00
C01712,11.6,0.489,0.659,B,2025-06-08T00:00:00
C01713,4.6,0.642,0.818,B,2025-10-02T00:00:00
C01714,6.0,0.611,0.779,A,2025-01-02T00:00:00
C01715,0.0,0.694,0.885,B,2026-04-04T00:00:00
C01716,2.5,0.581,0.878,A,2025-08-17T00:00:00
C01717,7.7,0.787,0.745,B,2026-04-30T00:00:00
C01718,5.2,0.055,0.496,B,2025-03-19T00:00:00
C01719,0.0,0.638,0.715,B,2025-10-19T00:00:00
C01720,6.0,0.84,0.747,A,2025-12-06T00:00:00
C01721,9.8,0.974,0.793,A,2026-02-03T00:00:00
C01722,0.0,0.746,0.639,B,2025-01-05T00:00:00
C01723,8.6,0.937,0.921,B,2025-11-14T00:00:00
C01724,0.0,0.634,0.752,A,2025-03-15T00:00:00
C01725,6.8,0.601,0.612,A,2025-08-02T00:00:00
C01726,4.0,0.706,0.681,A,2025-01-27T00:00:00
C01727,0.0,0.599,1.0,B,2025-01-29T00:00:00
C01728,5.3,0.444,0.85,A,2026-01-19T00:00:00
C01729,7.5,0.497,0.907,A,2025-12-25T00:00:00
C01730,5.1,0.378,0.594,B,2026-03-24T00:00:00
C01731,5.8,0.706,0.647,A,2025-12-17T00:00:00
C01732,2.8,0.602,0.648,B,2025-10-25T00:00:00
C01733,0.0,0.528,0.778,A,2025-02-28T00:00:00
C01734,6.1,0.487,0.724,B,2026-01-18T00:00:00
C01735,9.2,0.701,0.677,B,2025-04-26T00:00:00
C01736,7.4,0.756,0.695,B,2025-02-23T00:00:00
C01737,0.0,0.374,0.631,A,2026-01-02T00:00:00
C01738,0.0,0.342,0.723,A,2025-10-22T00:00:00
C01739,1.5,0.791,0.917,B,2025-03-16T00:00:00
C01740,0.0,0.325,0.523,A,2025-10-02T00:00:00
C01741,4.1,0.709,0.802,A,2025-12-12T00:00:00
C01742,5.2,0.923,0.957,A,2025-09-07T00:00:00
C01743,0.0,0.924,0.723,B,2025-12-25T00:00:00
C01744,6.3,0.748,0.671,B,2025-09-10T00:00:00
C01745,5.8,0.742,0.889,B,2025-06-26T00:00:00
C01746,2.4,1.0,0.602,B,2025-04-22T00:00:00
C01747,3.5,0.133,0.747,A,2025-05-10T00:00:00
C01748,0.0,0.507,0.594,A,2026-02-09T00:00:00
C01749,3.0,0.77,0.469,A,2025-07-06T00:00:00
C01750,4.0,0.533,0.727,B,2025-12-25T00:00:00
C01751,4.5,0.848,0.56,A,2025-06-29T00:00:00
C01752,5.1,0.592,0.748,B,2025-09-20T00:00:00
C01753,4.7,0.626,0.917,B,2025-10-31T00:00:00
C01754,3.2,0.545,1.0,A,2025-08-27T00:00:00
C01755,4.9,0.495,0.764,B,2026-01-07T00:00:00
C01756,7.0,0.491,0.903,A,2026-04-08T00:00:00
C01757,3.7,0.654,0.81,B,2026-03-07T00:00:00
C01758,5.0,0.445,0.693,B,2026-04-06T00:00:00
C01759,3.4,0.791,0.461,B,2025-01-15T00:00:00
C01760,2.1,0.731,0.994,A,2026-01-15T00:00:00
C01761,5.6,0.82,0.593,A,2025-12-30T00:00:00
C01762,2.3,0.374,0.957,A,2025-07-26T00:00:00
C01763,5.2,0.26,0.831,A,2025-06-07T00:00:00
C01764,4.1,0.599,0.604,A,2025-01-27T00:00:00
C01765,3.1,1.0,0.797,A,2026-02-24T00:00:00
C01766,3.0,0.853,1.0,B,2026-02-25T00:00:00
C01767,2.5,0.489,0.98,A,2025-02-07T00:00:00
C01768,0.0,0.685,0.673,A,2025-10-19T00:00:00
C01769,5.1,0.746,0.643,B,2025-10-03T00:00:00
C01770,4.7,0.326,0.765,B,2025-03-28T00:00:00
C01771,6.5,0.874,0.725,B,2025-10-02T00:00:00
C01772,2.4,0.567,0.93,B,2026-02-10T00:00:00
C01773,9.7,0.582,0.861,B,2025-06-13T00:00:00
C01774,2.9,0.605,0.496,B,2025-12-29T00:00:00
C01775,1.4,0.829,0.819,A,2026-05-01T00:00:00
C01776,1.0,0.449,0.723,B,2025-08-16T00:00:00
C01777,0.0,0.259,0.756,A,2025-02-23T00:00:00
C01778,8.6,0.665,0.787,A,2025-05-29T00:00:00
C01779,8.1,0.191,0.93,A,2025-03-10T00:00:00
C01780,5.8,0.54,0.897,A,2025-06-26T00:00:00
C01781,1.3,0.837,0.638,B,2025-11-19T00:00:00
C01782,9.4,0.716,0.741,A,2025-04-12T00:00:00
C01783,2.9,0.808,0.683,A,2025-09-15T00:00:00
C01784,3.2,0.724,0.498,A,2026-05-15T00:00:00
C01785,8.3,1.0,0.734,B,2025-05-13T00:00:00
C01786,6.0,0.482,1.0,A,2026-03-16T00:00:00
C01787,10.6,0.68,0.493,B,2025-06-02T00:00:00
C01788,4.7,0.512,0.746,B,2025-11-04T00:00:00
C01789,2.8,0.791,0.742,A,2025-03-20T00:00:00
C01790,2.2,0.588,0.793,B,2025-05-15T00:00:00
C01791,0.0,0.944,0.606,A,2026-03-10T00:00:00
C01792,3.2,0.494,0.536,A,2025-10-22T00:00:00
C01793,7.4,0.881,0.543,B,2025-10-12T00:00:00
C01794,5.8,0.719,0.95,B,2025-09-13T00:00:00
C01795,4.1,0.594,0.603,A,2025-05-03T00:00:00
C01796,1.0,0.708,0.675,B,2026-04-10T00:00:00
C01797,4.7,0.652,1.0,A,2025-07-16T00:00:00
C01798,7.0,0.671,0.64,B,2025-01-06T00:00:00
C01799,5.3,0.559,0.801,B,2026-03-30T00:00:00
C01800,4.5,0.46,0.91,B,2025-01-24T00:00:00
C01801,1.6,0.533,0.902,B,2026-03-20T00:00:00
C01802,6.6,0.263,0.55,A,2025-05-14T00:00:00
C01803,0.0,0.768,0.643,B,2025-02-04T00:00:00
C01804,5.1,0.353,0.795,B,2025-04-21T00:00:00
C01805,11.7,0.556,1.0,B,2025-11-24T00:00:00
C01806,0.0,0.73,0.636,A,2025-09-30T00:00:00
C01807,3.3,0.768,0.676,A,2025-03-18T00:00:00
C01808,4.0,0.245,0.813,A,2025-05-31T00:00:00
C01809,2.6,0.582,0.843,A,2025-04-16T00:00:00
C01810,7.1,0.692,0.852,A,2025-11-23T00:00:00
C01811,5.4,0.61,0.623,A,2026-03-09T00:00:00
C01812,4.5,0.869,0.67,B,2025-05-08T00:00:00
C01813,6.4,0.436,0.782,A,2026-03-24T00:00:00
C01814,4.1,0.19,0.939,B,2025-07-24T00:00:00
C01815,13.5,0.762,0.714,A,2025-02-11T00:00:00
C01816,4.5,0.493,0.747,B,2025-06-11T00:00:00
C01817,4.6,0.248,0.596,A,2026-03-13T00:00:00
C01818,0.0,0.568,1.0,A,2026-02-09T00:00:00
C01819,2.4,0.846,0.773,B,2025-12-31T00:00:00
C01820,7.4,0.347,0.912,B,2025-07-19T00:00:00
C01821,0.0,1.0,0.754,A,2026-01-23T00:00:00
C01822,0.0,0.432,0.763,A,2025-12-22T00:00:00
C01823,4.1,0.617,0.525,B,2026-01-31T00:00:00
C01824,8.1,0.356,0.427,B,2025-10-06T00:00:00
C01825,4.1,0.608,0.938,A,2025-09-11T00:00:00
C01826,3.0,0.573,0.762,A,2026-04-29T00:00:00
C01827,0.0,0.302,0.781,A,2026-04-19T00:00:00
C01828,5.4,1.0,0.563,B,2025-09-26T00:00:00
C01829,6.0,0.501,0.615,A,2025-04-11T00:00:00
C01830,0.0,0.501,0.909,A,2025-07-24T00:00:00
C01831,7.4,0.794,1.0,B,2025-09-10T00:00:00
C01832,6.3,0.963,0.657,A,2025-12-05T00:00:00
C01833,7.4,0.825,0.851,A,2025-06-09T00:00:00
C01834,5.8,0.36,0.779,A,2025-01-23T00:00:00
C01835,6.0,0.643,0.732,A,2026-02-16T00:00:00
C01836,5.6,0.224,1.0,A,2026-04-20T00:00:00
C01837,6.6,0.78,0.682,A,2025-02-11T00:00:00
C01838,0.0,0.273,0.936,B,2025-06-09T00:00:00
C01839,0.0,0.439,0.807,B,2025-08-05T00:00:00
C01840,1.8,0.599,0.747,A,2026-01-16T00:00:00
C01841,3.6,0.689,0.956,B,2026-01-22T00:00:00
C01842,5.2,0.548,0.794,A,2025-06-21T00:00:00
C01843,5.0,0.904,0.736,B,2025-06-06T00:00:00
C01844,7.4,0.745,0.957,A,2025-07-22T00:00:00
C01845,7.4,0.729,0.937,B,2025-05-01T00:00:00
C01846,1.4,0.354,0.93,A,2025-08-07T00:00:00
C01847,4.7,0.94,0.167,B,2025-05-12T00:00:00
C01848,1.5,0.439,0.816,A,2025-01-31T00:00:00
C01849,3.4,0.948,0.782,B,2025-12-23T00:00:00
C01850,5.0,1.0,0.745,A,2026-01-29T00:00:00
C01851,0.0,0.703,0.841,B,2025-05-24T00:00:00
C01852,11.2,0.806,0.789,A,2025-07-20T00:00:00
C01853,5.7,0.0,0.852,B,2025-07-21T00:00:00
C01854,2.2,0.561,0.71,B,2025-01-12T00:00:00
C01855,9.8,0.82,0.975,B,2025-09-30T00:00:00
C01856,3.0,0.785,0.867,A,2025-08-18T00:00:00
C01857,4.4,0.356,0.831,A,2026-04-16T00:00:00
C01858,2.5,0.541,0.824,A,2025-07-05T00:00:00
C01859,9.0,0.093,0.924,A,2026-02-02T00:00:00
C01860,3.7,0.683,0.903,B,2025-07-15T00:00:00
C01861,4.4,0.223,0.733,B,2025-04-03T00:00:00
C01862,7.6,0.826,0.899,B,2025-06-24T00:00:00
C01863,5.8,0.837,0.776,A,2026-03-18T00:00:00
C01864,3.8,0.505,1.0,B,2025-05-09T00:00:00
C01865,7.3,0.704,0.915,B,2026-02-27T00:00:00
C01866,11.6,0.557,0.656,B,2025-11-29T00:00:00
C01867,5.0,0.648,1.0,A,2026-01-08T00:00:00
C01868,4.4,0.371,0.435,A,2026-01-12T00:00:00
C01869,4.5,0.724,0.846,B,2025-09-16T00:00:00
C01870,7.9,0.272,0.646,A,2025-10-28T00:00:00
C01871,2.2,0.234,1.0,A,2025-02-04T00:00:00
C01872,3.2,0.576,0.788,B,2025-12-16T00:00:00
C01873,0.0,0.558,0.631,B,2025-12-22T00:00:00
C01874,0.4,0.654,0.71,B,2025-02-21T00:00:00
C01875,2.4,0.47,0.643,B,2025-09-17T00:00:00
C01876,3.8,0.977,0.704,A,2025-09-12T00:00:00
C01877,9.3,0.632,0.701,A,2025-06-04T00:00:00
C01878,5.6,0.647,0.637,A,2025-02-03T00:00:00
C01879,1.3,0.639,0.791,B,2025-01-05T00:00:00
C01880,1.8,0.801,0.809,A,2025-04-15T00:00:00
C01881,8.1,0.715,0.601,B,2025-04-26T00:00:00
C01882,7.4,0.688,0.501,A,2025-04-16T00:00:00
C01883,4.1,0.747,0.797,B,2025-10-30T00:00:00
C01884,2.7,0.235,0.83,A,2025-07-30T00:00:00
C01885,7.4,0.243,0.86,A,2025-02-26T00:00:00
C01886,1.0,0.585,0.833,A,2025-02-11T00:00:00
C01887,5.2,0.56,0.986,A,2025-11-24T00:00:00
C01888,10.8,0.716,0.9,B,2026-04-13T00:00:00
C01889,4.6,0.604,1.0,A,2026-02-14T00:00:00
C01890,1.7,0.716,1.0,A,2026-01-14T00:00:00
C01891,5.2,0.351,0.486,B,2025-06-09T00:00:00
C01892,2.6,0.598,0.42,B,2025-12-18T00:00:00
C01893,0.0,0.332,0.749,A,2025-02-10T00:00:00
C01894,6.1,0.677,0.826,A,2025-03-27T00:00:00
C01895,7.4,0.224,0.739,A,2025-03-11T00:00:00
C01896,3.1,0.67,0.856,B,2025-04-02T00:00:00
C01897,2.9,0.306,0.709,A,2025-06-28T00:00:00
C01898,1.1,0.523,0.646,A,2025-01-22T00:00:00
C01899,3.6,0.779,0.669,A,2026-02-11T00:00:00
C01900,2.3,0.645,0.72,B,2025-12-24T00:00:00
C01901,1.0,0.271,0.877,A,2025-11-14T00:00:00
C01902,9.7,0.466,0.677,B,2025-03-29T00:00:00
C01903,5.4,0.3,0.707,A,2026-03-10T00:00:00
C01904,5.7,0.261,0.836,B,2025-01-04T00:00:00
C01905,6.7,0.624,0.72,A,2026-05-13T00:00:00
C01906,6.3,0.712,0.918,A,2025-12-30T00:00:00
C01907,2.8,0.688,0.612,A,2025-04-12T00:00:00
C01908,4.8,0.721,0.58,B,2025-04-09T00:00:00
C01909,3.2,0.598,0.796,B,2025-12-14T00:00:00
C01910,5.3,0.545,0.811,A,2026-02-09T00:00:00
C01911,5.0,0.385,0.62,A,2025-08-22T00:00:00
C01912,2.9,0.512,0.952,B,2025-01-31T00:00:00
C01913,0.0,0.336,1.0,A,2025-09-04T00:00:00
C01914,4.4,0.431,0.656,A,2025-08-28T00:00:00
C01915,3.4,0.618,0.973,A,2025-06-12T00:00:00
C01916,0.0,0.576,0.393,B,2026-03-28T00:00:00
C01917,5.5,1.0,0.911,B,2025-06-21T00:00:00
C01918,6.9,0.331,0.621,B,2025-05-02T00:00:00
C01919,11.6,0.575,0.896,B,2025-12-05T00:00:00
C01920,2.8,0.315,0.606,A,2025-11-06T00:00:00
C01921,2.4,0.522,0.74,A,2025-11-07T00:00:00
C01922,0.7,0.531,0.628,A,2025-09-10T00:00:00
C01923,4.6,0.769,0.718,A,2025-06-09T00:00:00
C01924,4.6,0.51,1.0,A,2025-05-09T00:00:00
C01925,1.6,0.562,0.734,A,2025-03-01T00:00:00
C01926,3.5,0.514,1.0,A,2025-04-03T00:00:00
C01927,0.0,0.32,0.692,B,2025-10-17T00:00:00
C01928,6.8,0.47,0.974,A,2025-07-23T00:00:00
C01929,1.7,0.524,0.506,A,2026-01-05T00:00:00
C01930,3.9,0.615,0.707,B,2026-02-07T00:00:00
C01931,0.0,0.712,0.67,B,2025-10-07T00:00:00
C01932,2.3,0.553,0.981,B,2025-02-22T00:00:00
C01933,3.2,0.55,0.778,B,2025-01-02T00:00:00
C01934,4.0,0.256,0.437,B,2025-04-25T00:00:00
C01935,5.4,0.708,0.553,A,2025-05-22T00:00:00
C01936,8.3,0.461,0.598,A,2025-02-06T00:00:00
C01937,6.2,0.749,0.89,B,2026-01-25T00:00:00
C01938,6.9,0.863,0.871,A,2025-07-03T00:00:00
C01939,8.3,0.562,0.705,A,2026-01-07T00:00:00
C01940,5.7,0.395,0.668,A,2025-04-15T00:00:00
C01941,3.9,0.597,0.857,A,2025-01-06T00:00:00
C01942,7.0,0.67,0.581,A,2025-03-10T00:00:00
C01943,7.2,0.537,0.819,A,2025-08-24T00:00:00
C01944,5.9,0.487,0.806,B,2025-08-28T00:00:00
C01945,0.0,0.713,0.709,B,2025-08-07T00:00:00
C01946,1.5,0.7,0.81,A,2026-04-25T00:00:00
C01947,3.2,0.531,0.765,B,2025-11-23T00:00:00
C01948,6.3,0.269,0.825,A,2026-01-01T00:00:00
C01949,3.9,0.691,0.55,B,2025-03-04T00:00:00
C01950,7.4,0.447,0.842,B,2025-08-21T00:00:00
C01951,7.9,0.643,0.904,A,2025-11-07T00:00:00
C01952,7.6,0.63,0.798,B,2025-10-20T00:00:00
C01953,7.6,0.222,0.84,B,2026-04-19T00:00:00
C01954,0.9,0.616,0.734,B,2025-08-26T00:00:00
C01955,5.4,0.703,0.884,B,2025-07-05T00:00:00
C01956,2.2,0.727,0.76,B,2026-04-18T00:00:00
C01957,0.0,0.623,0.578,A,2025-06-18T00:00:00
C01958,3.1,0.205,0.873,B,2025-10-13T00:00:00
C01959,8.0,0.855,0.505,B,2025-01-15T00:00:00
C01960,5.4,0.682,0.792,B,2025-03-24T00:00:00
C01961,10.1,0.359,0.692,A,2025-01-29T00:00:00
C01962,4.5,0.442,0.683,B,2025-07-28T00:00:00
C01963,11.3,0.646,0.776,A,2026-04-11T00:00:00
C01964,4.5,0.736,0.644,B,2025-02-05T00:00:00
C01965,4.1,0.502,0.827,A,2026-05-03T00:00:00
C01966,0.2,0.765,0.759,B,2026-03-11T00:00:00
C01967,7.3,0.241,0.657,B,2025-01-03T00:00:00
C01968,2.5,0.392,0.951,A,2025-01-08T00:00:00
C01969,2.1,0.187,0.781,A,2026-03-27T00:00:00
C01970,7.8,0.421,0.845,A,2025-10-20T00:00:00
C01971,7.5,0.902,0.962,B,2025-03-28T00:00:00
C01972,7.4,1.0,0.96,B,2026-04-22T00:00:00
C01973,2.9,0.647,0.837,A,2025-10-08T00:00:00
C01974,3.8,0.472,0.705,A,2025-11-14T00:00:00
C01975,3.8,0.556,0.536,A,2025-12-06T00:00:00
C01976,6.3,0.695,0.781,A,2025-04-11T00:00:00
C01977,8.7,0.287,0.914,B,2025-06-29T00:00:00
C01978,5.1,0.486,0.803,B,2025-03-06T00:00:00
C01979,9.9,0.887,0.233,A,2025-09-22T00:00:00
C01980,6.7,0.391,0.881,B,2026-05-09T00:00:00
C01981,3.3,0.45,0.89,A,2025-11-10T00:00:00
C01982,6.5,0.603,0.705,B,2025-12-12T00:00:00
C01983,9.1,0.657,0.898,A,2025-04-07T00:00:00
C01984,10.0,0.475,0.844,B,2025-09-28T00:00:00
C01985,7.6,0.615,0.647,B,2026-05-13T00:00:00
C01986,4.1,0.722,0.941,A,2025-02-14T00:00:00
C01987,3.3,0.992,0.56,B,2025-04-12T00:00:00
C01988,5.7,0.575,0.741,B,2025-12-26T00:00:00
C01989,9.0,0.592,0.726,A,2025-01-06T00:00:00
C01990,5.3,0.905,0.626,A,2025-04-14T00:00:00
C01991,5.4,0.49,0.796,B,2026-04-18T00:00:00
C01992,4.2,0.335,0.947,A,2025-01-10T00:00:00
C01993,3.0,0.65,0.937,A,2025-08-03T00:00:00
C01994,3.5,0.815,0.859,A,2025-06-14T00:00:00
C01995,4.4,0.672,0.496,B,2025-07-19T00:00:00
C01996,9.2,0.581,0.55,A,2025-05-10T00:00:00
C01997,3.3,0.31,0.775,A,2025-05-18T00:00:00
C01998,4.2,0.588,0.745,B,2026-01-16T00:00:00
C01999,1.4,0.847,0.675,A,2025-01-13T00:00:00
C02000,6.1,0.353,1.0,B,2025-03-06T00:00:00
C02001,8.1,0.551,0.766,A,2025-05-13T00:00:00
C02002,8.9,0.523,0.831,B,2026-02-18T00:00:00
C02003,4.6,0.46,0.898,B,2025-07-16T00:00:00
C02004,5.7,0.65,0.758,A,2025-01-18T00:00:00
C02005,3.5,0.689,1.0,B,2025-09-18T00:00:00
C02006,5.6,0.687,0.609,A,2025-11-10T00:00:00
C02007,4.9,0.405,0.659,A,2025-08-17T00:00:00
C02008,4.2,0.271,0.609,A,2025-02-14T00:00:00
C02009,4.4,0.652,0.984,B,2026-03-16T00:00:00
C02010,5.4,0.499,0.87,A,2026-03-06T00:00:00
C02011,3.1,0.968,0.668,A,2026-04-01T00:00:00
C02012,3.3,0.977,0.62,A,2026-04-27T00:00:00
C02013,9.1,0.998,0.958,A,2025-06-08T00:00:00
C02014,12.1,0.412,0.804,A,2025-07-30T00:00:00
C02015,0.4,0.714,0.962,A,2026-04-25T00:00:00
C02016,0.2,0.774,0.741,A,2025-08-13T00:00:00
C02017,1.1,0.752,0.827,A,2026-03-09T00:00:00
C02018,3.7,0.529,0.795,B,2025-11-20T00:00:00
C02019,6.7,0.856,0.656,A,2026-04-09T00:00:00
C02020,5.8,0.6,0.728,B,2025-01-06T00:00:00
C02021,4.5,0.626,0.572,A,2025-12-20T00:00:00
C02022,5.6,0.292,0.824,A,2026-02-05T00:00:00
C02023,1.9,0.729,0.864,A,2025-04-10T00:00:00
C02024,3.3,0.548,0.899,A,2026-01-03T00:00:00
C02025,3.9,0.693,0.85,A,2025-04-08T00:00:00
C02026,0.0,0.647,0.731,B,2026-03-29T00:00:00
C02027,0.5,0.636,0.983,A,2026-03-31T00:00:00
C02028,0.6,0.591,0.884,A,2025-01-02T00:00:00
C02029,6.3,0.757,0.958,B,2025-09-11T00:00:00
C02030,4.7,0.56,0.968,A,2025-07-11T00:00:00
C02031,5.8,0.309,0.731,A,2026-03-22T00:00:00
C02032,0.0,0.714,0.808,A,2025-06-10T00:00:00
C02033,0.0,0.438,0.866,A,2025-12-27T00:00:00
C02034,6.0,0.335,0.578,A,2025-02-28T00:00:00
C02035,0.0,0.396,0.581,B,2025-04-17T00:00:00
C02036,7.7,0.657,0.555,B,2026-05-08T00:00:00
C02037,0.0,0.581,0.734,A,2025-07-12T00:00:00
C02038,6.5,0.173,0.7,B,2026-01-18T00:00:00
C02039,1.3,0.523,0.535,B,2026-04-29T00:00:00
C02040,7.1,0.834,0.772,A,2026-04-28T00:00:00
C02041,13.6,0.51,0.736,B,2025-01-10T00:00:00
C02042,0.0,0.567,0.927,B,2025-04-27T00:00:00
C02043,6.1,0.809,1.0,B,2025-12-24T00:00:00
C02044,0.0,0.759,0.818,B,2026-04-09T00:00:00
C02045,5.3,0.804,0.646,A,2026-05-05T00:00:00
C02046,3.4,0.045,0.847,A,2025-12-27T00:00:00
C02047,4.4,0.947,0.751,A,2025-02-22T00:00:00
C02048,1.3,0.727,0.714,A,2026-01-07T00:00:00
C02049,6.3,1.0,0.621,A,2025-05-16T00:00:00
C02050,0.0,0.444,0.68,B,2026-02-09T00:00:00
C02051,7.7,0.247,0.723,A,2025-10-01T00:00:00
C02052,2.8,0.601,0.871,A,2025-04-02T00:00:00
C02053,0.0,0.545,0.827,B,2026-02-26T00:00:00
C02054,8.8,0.731,1.0,A,2026-05-10T00:00:00
C02055,3.8,0.815,0.851,A,2025-09-11T00:00:00
C02056,9.7,0.583,0.814,B,2026-02-11T00:00:00
C02057,7.7,0.552,0.704,A,2025-01-30T00:00:00
C02058,1.6,0.705,0.594,A,2025-05-16T00:00:00
C02059,3.7,0.549,0.665,A,2025-03-05T00:00:00
C02060,4.4,0.532,0.645,B,2025-05-22T00:00:00
C02061,8.6,0.807,0.366,A,2025-07-07T00:00:00
C02062,5.3,0.852,0.599,A,2025-08-04T00:00:00
C02063,4.5,0.817,0.99,A,2025-06-11T00:00:00
C02064,3.4,0.566,0.805,A,2025-09-30T00:00:00
C02065,3.8,0.172,0.694,B,2025-04-20T00:00:00
C02066,7.9,0.57,0.81,A,2025-06-23T00:00:00
C02067,4.0,0.448,0.457,B,2026-02-25T00:00:00
C02068,2.8,0.574,0.792,A,2025-10-09T00:00:00
C02069,2.3,0.466,0.942,A,2025-01-14T00:00:00
C02070,2.3,0.596,0.732,B,2025-06-14T00:00:00
C02071,0.0,0.392,0.484,A,2026-02-19T00:00:00
C02072,1.7,0.344,0.688,A,2025-04-01T00:00:00
C02073,8.5,0.845,0.942,B,2026-04-06T00:00:00
C02074,3.4,0.406,0.789,A,2025-05-28T00:00:00
C02075,6.1,0.6,0.537,A,2025-11-12T00:00:00
C02076,0.0,0.791,1.0,B,2025-08-26T00:00:00
C02077,5.7,0.783,0.562,A,2025-11-09T00:00:00
C02078,3.5,0.759,0.714,A,2026-02-03T00:00:00
C02079,2.6,0.661,0.594,A,2025-03-16T00:00:00
C02080,4.5,0.745,0.595,A,2025-06-26T00:00:00
C02081,2.5,0.875,0.682,A,2025-10-12T00:00:00
C02082,0.0,0.685,0.845,B,2025-05-11T00:00:00
C02083,6.8,0.233,0.944,A,2025-07-07T00:00:00
C02084,4.7,0.494,0.692,B,2026-03-19T00:00:00
C02085,3.1,0.739,0.598,A,2025-04-25T00:00:00
C02086,1.1,0.475,0.822,A,2025-04-05T00:00:00
C02087,0.0,0.924,0.826,A,2025-10-19T00:00:00
C02088,4.7,0.587,0.786,B,2025-02-19T00:00:00
C02089,8.8,0.617,0.791,A,2025-01-01T00:00:00
C02090,4.6,0.825,0.733,A,2026-03-11T00:00:00
C02091,0.0,0.563,0.765,B,2025-05-19T00:00:00
C02092,4.7,0.635,0.723,B,2025-03-02T00:00:00
C02093,3.8,0.78,0.911,A,2025-11-25T00:00:00
C02094,6.6,0.306,1.0,B,2025-08-29T00:00:00
C02095,5.8,0.543,0.777,A,2025-08-16T00:00:00
C02096,0.0,0.766,0.749,A,2025-08-08T00:00:00
C02097,5.6,0.613,0.788,A,2025-03-14T00:00:00
C02098,1.0,0.893,0.651,A,2026-03-06T00:00:00
C02099,0.0,0.285,0.865,A,2025-01-01T00:00:00
C02100,3.4,0.262,0.816,B,2025-08-30T00:00:00
C02101,5.2,0.754,0.687,A,2025-05-16T00:00:00
C02102,0.0,0.773,0.885,B,2025-11-17T00:00:00
C02103,6.1,0.561,0.753,B,2025-10-02T00:00:00
C02104,6.3,0.68,0.604,B,2025-07-12T00:00:00
C02105,4.1,0.749,0.803,B,2025-09-25T00:00:00
C02106,1.4,0.437,0.786,B,2025-04-24T00:00:00
C02107,1.1,0.459,0.894,B,2025-03-07T00:00:00
C02108,7.1,0.638,0.875,A,2026-03-29T00:00:00
C02109,0.0,0.781,0.734,A,2025-11-03T00:00:00
C02110,7.2,0.367,0.679,A,2025-11-23T00:00:00
C02111,3.5,0.56,0.75,A,2026-05-15T00:00:00
C02112,3.7,0.551,0.804,A,2026-03-29T00:00:00
C02113,0.0,0.684,0.823,B,2025-10-20T00:00:00
C02114,3.6,0.598,0.795,A,2026-02-01T00:00:00
C02115,5.8,0.491,0.736,B,2025-09-21T00:00:00
C02116,0.0,0.85,0.9,A,2025-04-29T00:00:00
C02117,5.5,0.492,0.649,A,2025-11-08T00:00:00
C02118,4.3,0.542,1.0,A,2026-04-02T00:00:00
C02119,2.1,0.282,0.864,A,2026-03-16T00:00:00
C02120,6.6,0.457,0.581,A,2025-09-10T00:00:00
C02121,0.0,0.703,0.778,A,2026-04-18T00:00:00
C02122,5.0,0.664,0.866,A,2025-04-09T00:00:00
C02123,8.9,0.72,0.698,A,2025-01-21T00:00:00
C02124,8.3,0.71,0.526,A,2025-07-21T00:00:00
C02125,5.2,1.0,0.594,A,2025-04-13T00:00:00
C02126,3.1,0.45,0.831,A,2026-04-24T00:00:00
C02127,2.1,0.276,0.487,A,2025-02-27T00:00:00
C02128,3.1,0.39,0.533,A,2025-09-25T00:00:00
C02129,5.6,0.459,0.831,A,2026-01-22T00:00:00
C02130,1.6,0.405,0.717,A,2025-02-25T00:00:00
C02131,6.3,0.619,0.646,B,2025-01-23T00:00:00
C02132,10.4,0.851,0.676,B,2025-10-04T00:00:00
C02133,3.8,0.908,0.529,B,2026-03-28T00:00:00
C02134,0.0,0.701,0.823,A,2025-01-09T00:00:00
C02135,0.0,1.0,0.629,A,2025-01-11T00:00:00
C02136,6.3,0.529,0.67,A,2026-04-08T00:00:00
C02137,3.8,0.273,0.802,B,2025-10-29T00:00:00
C02138,6.6,0.811,0.712,B,2025-12-17T00:00:00
C02139,2.4,0.232,0.644,B,2025-05-18T00:00:00
C02140,6.5,0.449,0.452,B,2025-06-06T00:00:00
C02141,3.5,0.704,0.805,A,2025-08-24T00:00:00
C02142,1.8,0.58,0.762,B,2025-04-18T00:00:00
C02143,2.8,0.562,0.672,B,2025-08-09T00:00:00
C02144,0.4,0.364,0.594,A,2026-04-22T00:00:00
C02145,10.0,0.598,0.752,B,2026-01-10T00:00:00
C02146,3.7,0.801,0.822,A,2026-03-11T00:00:00
C02147,5.9,0.604,0.765,B,2025-09-06T00:00:00
C02148,2.4,0.434,0.996,B,2026-01-29T00:00:00
C02149,0.8,0.35,0.856,A,2025-07-30T00:00:00
C02150,3.3,0.438,0.734,B,2025-11-05T00:00:00
C02151,7.3,0.678,0.861,A,2026-01-01T00:00:00
C02152,2.4,0.669,0.757,B,2026-02-17T00:00:00
C02153,1.4,0.44,0.757,B,2026-04-08T00:00:00
C02154,4.5,0.158,0.944,B,2025-02-22T00:00:00
C02155,5.5,0.684,0.615,B,2026-02-01T00:00:00
C02156,8.9,0.42,0.753,A,2025-12-21T00:00:00
C02157,5.1,0.738,0.928,A,2026-01-04T00:00:00
C02158,5.9,0.449,0.796,A,2025-01-08T00:00:00
C02159,6.2,0.402,0.695,A,2025-09-01T00:00:00
C02160,0.5,0.631,0.494,A,2026-04-26T00:00:00
C02161,1.1,1.0,0.409,A,2026-03-27T00:00:00
C02162,0.7,0.75,1.0,A,2025-04-26T00:00:00
C02163,0.0,0.627,0.796,A,2025-09-01T00:00:00
C02164,6.4,0.672,0.662,B,2026-03-08T00:00:00
C02165,4.9,0.25,0.802,A,2026-04-11T00:00:00
C02166,4.2,0.376,0.608,B,2025-06-15T00:00:00
C02167,0.0,0.098,0.7,A,2026-02-06T00:00:00
C02168,10.2,0.946,0.609,A,2026-02-22T00:00:00
C02169,1.3,0.905,0.538,A,2025-03-17T00:00:00
C02170,10.2,0.679,0.434,A,2025-01-16T00:00:00
C02171,0.0,0.627,0.51,A,2025-01-24T00:00:00
C02172,1.6,0.29,0.903,A,2025-03-14T00:00:00
C02173,0.0,0.556,0.602,A,2026-01-06T00:00:00
C02174,5.1,0.958,0.83,A,2025-07-14T00:00:00
C02175,0.7,0.626,0.893,B,2025-12-09T00:00:00
C02176,0.8,0.487,0.752,A,2025-02-14T00:00:00
C02177,0.0,0.248,0.705,B,2025-10-29T00:00:00
C02178,6.3,0.876,0.77,A,2026-01-08T00:00:00
C02179,6.1,0.586,0.688,B,2026-05-04T00:00:00
C02180,9.4,0.249,0.931,B,2025-06-09T00:00:00
C02181,1.9,0.415,1.0,B,2025-09-30T00:00:00
C02182,4.7,0.344,0.967,B,2025-08-30T00:00:00
C02183,0.1,0.574,0.427,A,2025-06-23T00:00:00
C02184,3.0,0.641,0.684,A,2025-11-16T00:00:00
C02185,2.4,0.499,0.751,A,2025-10-10T00:00:00
C02186,5.4,0.755,0.819,B,2026-02-21T00:00:00
C02187,7.1,0.616,0.491,B,2025-01-15T00:00:00
C02188,7.0,0.812,0.488,A,2025-04-21T00:00:00
C02189,1.5,0.529,0.946,B,2025-10-17T00:00:00
C02190,7.0,1.0,0.666,A,2025-10-14T00:00:00
C02191,3.9,0.487,0.527,B,2026-03-28T00:00:00
C02192,3.0,0.419,0.584,B,2025-12-04T00:00:00
C02193,1.9,0.395,0.809,A,2025-01-03T00:00:00
C02194,2.3,0.558,0.627,B,2025-09-02T00:00:00
C02195,9.2,0.256,0.786,B,2026-02-27T00:00:00
C02196,4.9,0.659,0.603,A,2026-03-13T00:00:00
C02197,4.5,0.219,0.488,A,2026-02-05T00:00:00
C02198,3.2,0.632,0.964,A,2025-08-27T00:00:00
C02199,11.3,0.33,0.81,B,2025-02-23T00:00:00
C02200,7.9,0.524,0.7,A,2025-04-17T00:00:00
C02201,1.8,0.721,0.672,B,2026-02-28T00:00:00
C02202,3.2,1.0,0.97,B,2025-06-20T00:00:00
C02203,3.4,0.384,0.839,A,2026-01-17T00:00:00
C02204,4.4,0.57,0.922,A,2025-01-19T00:00:00
C02205,1.9,0.455,0.662,B,2025-09-03T00:00:00
C02206,5.3,0.426,0.758,B,2026-04-21T00:00:00
C02207,8.4,0.457,0.81,A,2025-05-03T00:00:00
C02208,0.1,0.765,0.667,A,2025-01-16T00:00:00
C02209,0.6,0.502,0.736,A,2025-05-25T00:00:00
C02210,2.6,1.0,0.662,B,2025-02-01T00:00:00
C02211,2.7,0.683,0.81,A,2025-11-03T00:00:00
C02212,10.0,0.398,0.552,B,2025-04-06T00:00:00
C02213,7.0,0.527,0.836,A,2025-05-04T00:00:00
C02214,6.8,0.44,0.797,B,2025-10-21T00:00:00
C02215,3.2,0.76,0.72,A,2025-06-12T00:00:00
C02216,3.1,0.272,0.817,A,2025-11-22T00:00:00
C02217,0.0,0.332,0.695,B,2026-04-11T00:00:00
C02218,6.3,0.482,0.649,B,2026-04-11T00:00:00
C02219,5.5,0.737,0.832,A,2025-12-31T00:00:00
C02220,7.9,0.847,0.838,A,2026-04-30T00:00:00
C02221,3.4,0.876,0.674,A,2026-01-04T00:00:00
C02222,3.6,0.706,0.661,A,2025-02-03T00:00:00
C02223,4.5,0.583,0.723,A,2026-04-23T00:00:00
C02224,6.7,0.759,0.667,B,2025-10-11T00:00:00
C02225,0.0,0.371,0.979,A,2025-01-03T00:00:00
C02226,6.2,0.231,0.797,B,2025-11-07T00:00:00
C02227,3.9,0.687,0.752,A,2025-05-03T00:00:00
C02228,0.8,0.399,0.61,A,2025-09-25T00:00:00
C02229,0.0,0.587,0.861,B,2025-11-25T00:00:00
C02230,3.6,0.624,0.658,A,2025-01-14T00:00:00
C02231,8.3,0.65,0.652,B,2025-08-08T00:00:00
C02232,9.0,0.788,0.866,A,2025-01-28T00:00:00
C02233,5.1,0.766,0.808,B,2025-02-26T00:00:00
C02234,9.9,0.639,0.374,B,2025-04-16T00:00:00
C02235,3.9,0.512,0.726,B,2026-01-26T00:00:00
C02236,6.9,0.622,0.769,A,2025-07-26T00:00:00
C02237,2.6,0.481,0.699,A,2025-01-24T00:00:00
C02238,2.5,0.561,0.774,A,2026-01-09T00:00:00
C02239,2.0,1.0,0.479,A,2025-09-29T00:00:00
C02240,0.0,0.636,0.325,A,2025-03-12T00:00:00
C02241,7.9,0.69,0.604,A,2025-10-09T00:00:00
C02242,2.1,0.459,0.792,A,2025-05-05T00:00:00
C02243,1.6,0.804,0.266,A,2025-11-14T00:00:00
C02244,0.5,0.752,0.623,A,2026-04-19T00:00:00
C02245,3.4,0.753,0.462,A,2025-06-07T00:00:00
C02246,9.3,0.643,0.714,A,2026-01-08T00:00:00
C02247,10.3,0.807,1.0,B,2025-01-12T00:00:00
C02248,0.0,0.854,0.717,A,2025-07-23T00:00:00
C02249,2.9,0.657,0.734,A,2026-03-21T00:00:00
C02250,0.9,0.577,0.876,A,2025-02-07T00:00:00
C02251,7.0,0.779,0.753,B,2026-04-10T00:00:00
C02252,4.9,0.419,0.718,A,2025-02-16T00:00:00
C02253,2.1,0.456,0.889,B,2025-08-29T00:00:00
C02254,4.2,0.589,0.821,B,2025-04-01T00:00:00
C02255,2.6,0.252,0.793,A,2025-01-11T00:00:00
C02256,8.8,0.766,0.729,B,2025-06-24T00:00:00
C02257,5.6,0.407,0.698,B,2025-10-18T00:00:00
C02258,6.0,0.506,0.888,A,2025-12-28T00:00:00
C02259,0.0,0.557,0.7,A,2025-06-07T00:00:00
C02260,3.8,0.608,0.935,B,2025-09-04T00:00:00
C02261,10.2,0.531,0.593,B,2025-04-02T00:00:00
C02262,8.0,0.587,0.965,A,2025-12-31T00:00:00
C02263,0.0,0.588,0.821,A,2025-03-26T00:00:00
C02264,3.1,0.511,0.605,B,2026-03-07T00:00:00
C02265,0.4,0.445,0.826,A,2025-03-31T00:00:00
C02266,9.1,0.816,0.652,B,2025-11-29T00:00:00
C02267,4.7,0.179,0.755,A,2025-06-15T00:00:00
C02268,1.7,0.559,0.677,B,2026-05-14T00:00:00
C02269,4.1,0.506,0.73,B,2025-05-21T00:00:00
C02270,0.0,0.684,0.891,B,2026-04-20T00:00:00
C02271,0.7,0.309,0.828,B,2026-02-23T00:00:00
C02272,4.1,0.5,0.581,B,2025-08-22T00:00:00
C02273,6.5,0.58,0.59,B,2025-09-05T00:00:00
C02274,0.0,0.814,0.791,B,2025-06-26T00:00:00
C02275,2.9,0.666,0.801,A,2025-08-02T00:00:00
C02276,7.0,0.363,0.649,B,2025-08-21T00:00:00
C02277,0.0,0.503,0.989,A,2025-03-14T00:00:00
C02278,4.7,0.777,0.872,B,2025-06-11T00:00:00
C02279,4.2,0.36,0.656,B,2026-03-14T00:00:00
C02280,9.1,0.584,0.642,A,2026-05-05T00:00:00
C02281,3.3,0.598,0.716,A,2025-01-28T00:00:00
C02282,3.5,0.523,0.7,A,2026-01-02T00:00:00
C02283,6.6,1.0,0.938,B,2025-04-30T00:00:00
C02284,0.0,0.517,0.898,A,2025-11-23T00:00:00
C02285,3.3,0.69,0.755,A,2025-11-07T00:00:00
C02286,2.6,0.447,0.852,B,2026-03-16T00:00:00
C02287,3.6,0.706,0.873,B,2025-12-18T00:00:00
C02288,6.5,0.774,0.759,A,2026-02-16T00:00:00
C02289,5.7,0.482,0.81,A,2026-02-05T00:00:00
C02290,1.8,0.589,0.839,B,2025-11-20T00:00:00
C02291,4.4,0.421,0.823,B,2025-07-25T00:00:00
C02292,8.5,0.371,0.633,B,2025-06-18T00:00:00
C02293,1.5,0.807,0.648,A,2025-06-23T00:00:00
C02294,4.4,0.489,0.707,A,2025-06-29T00:00:00
C02295,3.4,0.117,0.644,A,2025-05-25T00:00:00
C02296,3.8,0.953,0.529,B,2025-06-05T00:00:00
C02297,0.0,0.44,0.851,A,2025-10-12T00:00:00
C02298,8.2,0.551,0.802,A,2025-05-16T00:00:00
C02299,1.7,0.928,0.549,B,2025-06-24T00:00:00
C02300,7.1,0.572,0.714,B,2025-12-21T00:00:00
C02301,2.1,0.567,0.722,B,2025-06-14T00:00:00
C02302,2.1,0.354,0.777,A,2025-02-23T00:00:00
C02303,7.6,0.273,0.588,A,2025-01-09T00:00:00
C02304,7.0,0.567,0.547,A,2026-01-18T00:00:00
C02305,4.6,0.673,0.828,A,2026-04-20T00:00:00
C02306,6.3,0.661,0.52,A,2025-12-08T00:00:00
C02307,3.1,0.504,0.715,A,2025-01-31T00:00:00
C02308,4.0,0.604,0.701,B,2025-10-09T00:00:00
C02309,2.0,0.233,0.732,B,2025-05-16T00:00:00
C02310,6.7,0.692,0.788,B,2025-06-10T00:00:00
C02311,1.9,0.632,0.99,A,2026-04-06T00:00:00
C02312,8.5,0.995,0.51,A,2026-02-17T00:00:00
C02313,3.1,0.601,0.881,A,2026-01-03T00:00:00
C02314,4.1,0.411,0.373,A,2025-09-08T00:00:00
C02315,6.3,0.59,0.959,A,2025-10-17T00:00:00
C02316,4.1,0.534,0.444,A,2026-04-03T00:00:00
C02317,3.1,0.687,1.0,B,2025-11-27T00:00:00
C02318,3.9,0.605,0.692,A,2025-10-17T00:00:00
C02319,6.7,0.348,0.944,B,2025-02-18T00:00:00
C02320,2.0,0.273,0.913,A,2026-05-14T00:00:00
C02321,3.6,0.653,0.685,A,2026-02-09T00:00:00
C02322,4.0,0.877,0.696,A,2025-07-02T00:00:00
C02323,6.6,0.616,0.624,A,2025-05-06T00:00:00
C02324,3.7,0.763,0.868,A,2026-04-29T00:00:00
C02325,9.4,0.803,0.686,B,2026-04-24T00:00:00
C02326,3.5,0.653,0.627,A,2025-07-30T00:00:00
C02327,3.3,0.437,0.831,A,2025-04-26T00:00:00
C02328,3.5,0.639,0.615,B,2026-02-03T00:00:00
C02329,0.1,0.841,0.701,A,2025-11-09T00:00:00
C02330,0.9,0.706,0.766,B,2026-03-27T00:00:00
C02331,2.4,0.75,0.654,A,2025-09-30T00:00:00
C02332,7.4,0.507,0.676,B,2025-10-03T00:00:00
C02333,3.9,0.56,0.98,A,2025-03-13T00:00:00
C02334,2.5,0.576,0.719,A,2025-10-29T00:00:00
C02335,7.7,0.59,0.696,B,2025-07-01T00:00:00
C02336,8.7,0.834,0.724,B,2025-04-13T00:00:00
C02337,7.8,0.131,0.818,A,2026-01-26T00:00:00
C02338,1.4,0.606,0.595,B,2025-06-22T00:00:00
C02339,2.5,0.584,0.814,A,2025-04-17T00:00:00
C02340,9.4,0.326,0.788,A,2026-04-26T00:00:00
C02341,4.7,0.734,0.482,A,2026-04-27T00:00:00
C02342,3.2,0.455,1.0,B,2025-09-05T00:00:00
C02343,6.2,0.529,0.969,A,2025-05-28T00:00:00
C02344,7.0,0.97,0.63,B,2025-03-22T00:00:00
C02345,2.3,0.802,0.582,A,2025-11-10T00:00:00
C02346,4.7,0.715,0.784,B,2025-11-02T00:00:00
C02347,6.8,0.676,0.536,B,2025-11-06T00:00:00
C02348,0.5,0.567,0.955,A,2026-01-19T00:00:00
C02349,4.0,1.0,0.68,A,2025-08-24T00:00:00
C02350,0.7,0.76,0.993,A,2025-12-08T00:00:00
C02351,1.0,0.45,0.626,B,2025-11-24T00:00:00
C02352,2.3,0.32,0.733,A,2026-02-02T00:00:00
C02353,5.4,0.713,0.94,A,2026-01-07T00:00:00
C02354,3.0,0.589,0.702,A,2025-01-18T00:00:00
C02355,2.1,0.314,0.791,B,2025-11-06T00:00:00
C02356,4.2,0.686,0.914,A,2026-05-03T00:00:00
C02357,0.6,0.546,0.667,A,2025-10-07T00:00:00
C02358,5.3,0.706,0.561,B,2025-09-22T00:00:00
C02359,7.4,0.688,0.531,A,2025-10-31T00:00:00
C02360,3.8,0.478,0.838,B,2025-10-07T00:00:00
C02361,3.4,0.727,0.808,A,2025-07-20T00:00:00
C02362,5.1,0.5,0.909,A,2026-05-12T00:00:00
C02363,0.0,0.513,0.709,B,2025-02-05T00:00:00
C02364,5.6,0.494,0.535,B,2026-02-12T00:00:00
C02365,13.3,0.826,0.397,B,2025-03-21T00:00:00
C02366,3.6,0.544,1.0,A,2025-04-14T00:00:00
C02367,3.6,0.874,0.829,A,2025-10-31T00:00:00
C02368,6.2,0.957,0.771,A,2025-11-15T00:00:00
C02369,8.9,0.452,0.792,A,2026-04-09T00:00:00
C02370,6.9,0.016,0.535,A,2025-05-28T00:00:00
C02371,0.0,0.809,0.631,A,2025-01-13T00:00:00
C02372,5.7,0.532,1.0,A,2025-05-08T00:00:00
C02373,11.7,0.427,0.849,A,2025-09-30T00:00:00
C02374,5.9,0.482,0.635,A,2025-06-28T00:00:00
C02375,0.5,0.517,0.566,A,2025-05-07T00:00:00
C02376,4.8,0.859,0.673,B,2026-04-03T00:00:00
C02377,0.2,0.632,0.703,B,2025-10-08T00:00:00
C02378,7.7,0.857,1.0,A,2025-12-03T00:00:00
C02379,1.1,0.699,0.722,B,2026-01-10T00:00:00
C02380,4.2,0.538,0.572,B,2025-07-24T00:00:00
C02381,1.4,0.522,0.741,A,2026-01-03T00:00:00
C02382,2.4,0.712,0.79,A,2026-04-27T00:00:00
C02383,8.5,0.764,0.558,A,2025-12-29T00:00:00
C02384,4.3,0.799,0.81,A,2025-05-29T00:00:00
C02385,2.3,0.548,0.931,B,2026-01-25T00:00:00
C02386,0.6,0.635,0.771,B,2025-04-29T00:00:00
C02387,0.0,0.717,0.63,A,2025-02-06T00:00:00
C02388,0.2,0.523,0.671,B,2025-08-11T00:00:00
C02389,4.3,0.373,0.501,A,2025-09-12T00:00:00
C02390,6.9,0.439,0.73,B,2025-08-23T00:00:00
C02391,2.3,0.552,0.797,B,2025-05-11T00:00:00
C02392,8.7,0.732,0.616,A,2025-05-17T00:00:00
C02393,1.8,0.852,1.0,A,2026-04-06T00:00:00
C02394,3.3,0.329,0.869,B,2025-05-26T00:00:00
C02395,0.8,0.481,0.481,B,2026-01-27T00:00:00
C02396,7.0,0.528,0.484,A,2025-05-09T00:00:00
C02397,10.3,0.759,0.602,A,2025-02-23T00:00:00
C02398,0.0,0.494,0.986,A,2025-02-01T00:00:00
C02399,3.0,0.514,0.884,B,2025-05-02T00:00:00
C02400,7.8,0.318,0.994,B,2026-02-25T00:00:00
C02401,0.0,0.697,0.752,B,2025-08-16T00:00:00
C02402,5.7,0.568,0.719,B,2025-12-14T00:00:00
C02403,7.7,0.469,0.563,B,2026-04-27T00:00:00
C02404,4.2,0.548,0.802,B,2025-01-25T00:00:00
C02405,5.7,0.825,0.721,A,2025-02-24T00:00:00
C02406,9.3,0.399,0.715,B,2026-04-06T00:00:00
C02407,9.8,0.432,0.993,A,2025-10-11T00:00:00
C02408,3.8,0.85,0.731,A,2025-11-05T00:00:00
C02409,2.4,0.615,0.95,B,2025-06-20T00:00:00
C02410,1.2,0.734,0.512,B,2026-02-18T00:00:00
C02411,6.9,0.68,1.0,B,2025-11-20T00:00:00
C02412,0.0,0.593,0.694,A,2025-05-09T00:00:00
C02413,3.2,0.53,0.856,A,2025-11-21T00:00:00
C02414,4.3,0.766,0.88,A,2025-01-02T00:00:00
C02415,2.5,0.832,0.675,A,2025-05-01T00:00:00
C02416,4.8,0.817,0.873,A,2025-04-12T00:00:00
C02417,11.7,0.363,0.881,A,2026-01-28T00:00:00
C02418,3.6,0.861,0.643,A,2026-01-03T00:00:00
C02419,2.7,0.528,0.645,B,2025-02-15T00:00:00
C02420,7.0,0.449,0.757,A,2026-03-30T00:00:00
C02421,4.7,0.566,0.733,A,2026-02-14T00:00:00
C02422,8.3,0.766,0.959,B,2025-08-06T00:00:00
C02423,4.5,0.708,0.855,A,2025-04-16T00:00:00
C02424,3.3,0.549,0.739,B,2025-07-30T00:00:00
C02425,0.0,0.768,0.841,B,2025-10-22T00:00:00
C02426,0.0,0.628,0.443,A,2025-11-12T00:00:00
C02427,0.0,0.485,0.658,B,2025-06-23T00:00:00
C02428,5.1,0.458,0.793,B,2025-02-20T00:00:00
C02429,0.0,0.682,0.917,B,2025-11-01T00:00:00
C02430,7.8,0.583,0.78,B,2025-12-19T00:00:00
C02431,4.1,0.325,0.969,B,2025-05-14T00:00:00
C02432,3.3,0.769,0.88,B,2025-11-16T00:00:00
C02433,1.5,0.504,0.677,A,2025-10-12T00:00:00
C02434,5.9,0.918,0.729,B,2025-09-08T00:00:00
C02435,1.6,0.319,0.811,B,2025-01-05T00:00:00
C02436,1.0,0.564,0.683,B,2025-06-03T00:00:00
C02437,7.6,0.46,0.98,B,2025-07-07T00:00:00
C02438,5.1,0.405,0.584,A,2026-02-21T00:00:00
C02439,3.3,0.503,0.797,B,2026-02-18T00:00:00
C02440,5.9,0.954,0.86,B,2026-03-13T00:00:00
C02441,4.0,0.629,0.703,A,2025-08-20T00:00:00
C02442,5.1,0.442,0.669,A,2025-06-13T00:00:00
C02443,1.5,0.234,0.739,A,2025-09-07T00:00:00
C02444,10.2,0.256,0.872,A,2026-01-31T00:00:00
C02445,2.3,0.493,0.675,B,2025-11-07T00:00:00
C02446,8.7,0.473,0.59,A,2025-10-28T00:00:00
C02447,3.4,0.555,0.923,A,2025-08-06T00:00:00
C02448,6.4,0.146,0.81,B,2025-12-15T00:00:00
C02449,6.2,0.582,0.901,B,2026-03-10T00:00:00
C02450,7.4,0.806,0.864,B,2025-11-30T00:00:00
C02451,1.5,0.925,1.0,B,2025-07-21T00:00:00
C02452,7.2,0.221,0.917,B,2026-02-24T00:00:00
C02453,9.5,0.44,0.641,B,2026-04-17T00:00:00
C02454,3.2,0.429,0.821,B,2026-02-03T00:00:00
C02455,4.1,0.629,0.666,A,2026-03-15T00:00:00
C02456,2.4,0.356,0.682,B,2025-05-13T00:00:00
C02457,3.0,0.936,0.538,A,2025-07-30T00:00:00
C02458,9.1,0.609,0.707,A,2025-05-05T00:00:00
C02459,1.0,0.575,0.832,A,2025-07-02T00:00:00
C02460,1.2,0.919,0.74,B,2026-01-02T00:00:00
C02461,8.8,0.597,0.585,B,2025-12-05T00:00:00
C02462,5.9,0.68,0.522,A,2025-01-02T00:00:00
C02463,10.4,0.45,1.0,B,2026-01-13T00:00:00
C02464,2.6,0.326,0.799,A,2025-04-07T00:00:00
C02465,4.4,0.478,0.626,B,2025-04-03T00:00:00
C02466,2.0,1.0,0.819,B,2025-09-29T00:00:00
C02467,4.4,0.727,1.0,B,2025-05-01T00:00:00
C02468,0.0,0.655,0.843,B,2026-04-27T00:00:00
C02469,6.1,0.405,0.332,A,2025-03-15T00:00:00
C02470,5.0,0.782,1.0,A,2025-03-17T00:00:00
C02471,3.8,0.328,0.473,B,2026-01-16T00:00:00
C02472,2.8,0.287,0.719,B,2025-05-24T00:00:00
C02473,1.3,0.488,0.58,A,2025-12-24T00:00:00
C02474,6.2,0.991,0.639,A,2025-12-07T00:00:00
C02475,0.5,0.98,0.793,A,2025-04-05T00:00:00
C02476,5.5,0.51,0.439,A,2025-10-17T00:00:00
C02477,10.2,0.465,0.736,A,2025-09-26T00:00:00
C02478,8.5,0.272,0.922,A,2025-02-17T00:00:00
C02479,0.0,0.616,0.624,B,2026-01-18T00:00:00
C02480,2.4,0.632,0.541,A,2026-03-05T00:00:00
C02481,5.3,0.758,0.729,A,2026-04-19T00:00:00
C02482,3.8,0.782,0.699,A,2025-02-13T00:00:00
C02483,0.0,0.561,0.661,A,2025-03-31T00:00:00
C02484,5.2,0.711,0.572,B,2026-02-17T00:00:00
C02485,4.0,0.46,0.828,A,2025-06-02T00:00:00
C02486,9.7,0.707,0.839,B,2025-11-09T00:00:00
C02487,3.2,0.499,0.59,B,2025-06-24T00:00:00
C02488,7.5,0.692,0.611,A,2025-04-19T00:00:00
C02489,0.2,0.676,0.77,B,2025-11-09T00:00:00
C02490,0.9,0.614,0.605,B,2025-04-13T00:00:00
C02491,6.2,0.759,0.777,A,2025-03-10T00:00:00
C02492,7.3,0.286,0.97,A,2025-09-23T00:00:00
C02493,1.1,0.387,0.741,B,2025-04-07T00:00:00
C02494,4.1,0.546,0.568,B,2025-04-07T00:00:00
C02495,0.0,0.311,0.809,A,2026-01-26T00:00:00
C02496,3.5,0.519,0.723,B,2025-09-22T00:00:00
C02497,6.5,0.525,0.727,A,2025-09-29T00:00:00
C02498,2.7,0.862,0.821,B,2025-03-13T00:00:00
C02499,3.3,0.629,0.854,A,2025-03-22T00:00:00
C02500,0.6,0.806,0.755,A,2025-07-15T00:00:00
C02501,2.1,0.66,0.741,B,2025-07-14T00:00:00
C02502,9.3,0.493,1.0,B,2025-08-14T00:00:00
C02503,4.2,0.627,0.93,B,2025-03-09T00:00:00
C02504,1.0,0.746,0.875,A,2026-03-26T00:00:00
C02505,3.1,0.839,0.77,A,2025-07-01T00:00:00
C02506,0.0,0.574,0.599,B,2026-02-13T00:00:00
C02507,1.0,0.27,0.919,B,2025-07-20T00:00:00
C02508,8.1,0.256,0.772,A,2025-08-25T00:00:00
C02509,3.6,0.535,0.663,B,2025-02-26T00:00:00
C02510,9.7,0.132,0.714,A,2025-12-05T00:00:00
C02511,3.7,0.959,0.605,A,2025-01-30T00:00:00
C02512,3.9,0.719,0.909,A,2026-01-09T00:00:00
C02513,5.9,0.473,0.852,A,2026-03-17T00:00:00
C02514,0.0,0.378,0.777,A,2025-06-30T00:00:00
C02515,4.6,0.806,0.744,B,2026-03-20T00:00:00
C02516,3.9,0.377,0.648,A,2025-12-16T00:00:00
C02517,8.5,0.396,0.43,A,2025-01-02T00:00:00
C02518,6.9,0.447,0.538,A,2025-04-12T00:00:00
C02519,0.6,0.623,0.639,A,2025-11-17T00:00:00
C02520,7.7,0.724,0.616,A,2025-12-17T00:00:00
C02521,3.2,0.839,0.793,B,2025-02-16T00:00:00
C02522,1.3,0.809,0.872,A,2025-12-09T00:00:00
C02523,4.6,0.6,0.731,B,2026-02-10T00:00:00
C02524,3.4,0.804,0.961,B,2025-02-15T00:00:00
C02525,8.6,0.466,0.633,A,2026-03-16T00:00:00
C02526,5.0,0.236,0.73,B,2025-09-24T00:00:00
C02527,4.6,0.466,0.742,B,2025-11-05T00:00:00
C02528,6.7,0.439,0.914,B,2025-01-26T00:00:00
C02529,7.3,0.474,0.766,B,2025-11-03T00:00:00
C02530,6.4,0.408,0.77,B,2025-08-16T00:00:00
C02531,8.3,0.508,0.502,B,2025-07-05T00:00:00
C02532,5.8,0.724,0.615,B,2026-01-26T00:00:00
C02533,4.5,0.943,0.914,A,2025-05-05T00:00:00
C02534,7.7,0.255,0.439,B,2025-01-30T00:00:00
C02535,3.7,0.342,0.951,B,2025-09-07T00:00:00
C02536,4.1,0.442,0.825,B,2026-01-07T00:00:00
C02537,9.2,0.753,0.638,A,2025-03-08T00:00:00
C02538,8.9,0.559,0.625,A,2026-05-08T00:00:00
C02539,4.0,0.455,1.0,A,2025-12-03T00:00:00
C02540,2.6,0.743,0.962,A,2026-04-13T00:00:00
C02541,8.4,0.791,0.732,A,2025-08-24T00:00:00
C02542,6.4,0.596,0.77,A,2025-03-03T00:00:00
C02543,4.9,0.437,0.653,A,2025-03-30T00:00:00
C02544,3.0,0.654,0.77,A,2025-09-08T00:00:00
C02545,5.0,0.553,0.649,A,2025-10-22T00:00:00
C02546,3.9,0.552,0.738,B,2026-01-03T00:00:00
C02547,2.0,0.498,1.0,A,2026-02-02T00:00:00
C02548,4.4,0.785,0.736,A,2026-01-17T00:00:00
C02549,4.8,0.65,0.593,A,2025-10-22T00:00:00
C02550,2.9,0.807,0.545,A,2025-01-10T00:00:00
C02551,6.7,0.867,0.769,A,2025-09-22T00:00:00
C02552,7.9,0.692,0.636,B,2026-02-14T00:00:00
C02553,6.9,0.499,0.787,B,2026-02-28T00:00:00
C02554,3.2,0.808,0.507,A,2026-02-22T00:00:00
C02555,6.3,0.693,0.854,B,2025-01-06T00:00:00
C02556,4.2,1.0,0.591,A,2025-08-06T00:00:00
C02557,0.3,0.662,0.757,A,2025-11-05T00:00:00
C02558,6.0,0.74,0.699,A,2025-05-04T00:00:00
C02559,4.4,0.658,1.0,A,2025-07-24T00:00:00
C02560,11.8,0.58,0.776,B,2025-02-18T00:00:00
C02561,8.4,0.548,1.0,B,2025-04-07T00:00:00
C02562,6.1,0.659,0.834,B,2025-01-03T00:00:00
C02563,4.7,0.704,0.964,A,2026-05-05T00:00:00
C02564,4.5,0.831,0.719,B,2026-03-06T00:00:00
C02565,1.0,0.662,0.802,A,2025-07-21T00:00:00
C02566,0.0,0.507,0.933,A,2025-01-03T00:00:00
C02567,1.4,0.535,0.886,A,2025-06-17T00:00:00
C02568,3.9,0.335,0.83,B,2025-08-06T00:00:00
C02569,0.0,0.932,0.701,B,2025-03-26T00:00:00
C02570,2.4,0.492,0.726,A,2025-11-27T00:00:00
C02571,3.3,0.793,0.921,B,2026-05-14T00:00:00
C02572,3.4,0.655,0.952,B,2026-02-26T00:00:00
C02573,2.0,0.661,0.661,B,2026-03-05T00:00:00
C02574,3.0,0.577,0.638,A,2026-02-20T00:00:00
C02575,9.2,0.442,0.614,B,2025-02-04T00:00:00
C02576,6.0,0.406,0.874,B,2025-10-03T00:00:00
C02577,2.3,0.946,0.611,B,2025-10-10T00:00:00
C02578,3.8,0.623,0.873,A,2025-02-20T00:00:00
C02579,3.9,0.825,0.832,B,2025-03-15T00:00:00
C02580,1.7,0.877,0.668,A,2025-10-10T00:00:00
C02581,1.7,0.518,0.985,B,2025-12-24T00:00:00
C02582,7.0,0.685,0.531,A,2025-04-15T00:00:00
C02583,2.7,0.609,0.999,A,2025-08-31T00:00:00
C02584,0.7,0.369,0.798,A,2025-02-07T00:00:00
C02585,3.9,0.563,0.439,A,2025-02-25T00:00:00
C02586,4.4,0.718,0.989,A,2025-10-18T00:00:00
C02587,0.0,0.5,0.896,A,2025-10-06T00:00:00
C02588,3.9,0.535,0.686,A,2026-01-11T00:00:00
C02589,6.6,0.565,0.605,A,2026-04-01T00:00:00
C02590,5.4,1.0,0.515,B,2025-04-05T00:00:00
C02591,10.7,0.233,1.0,B,2025-06-20T00:00:00
C02592,7.8,0.7,0.611,B,2026-03-04T00:00:00
C02593,8.3,0.549,0.56,A,2025-01-26T00:00:00
C02594,12.4,0.472,0.79,A,2026-02-19T00:00:00
C02595,6.3,0.544,0.504,B,2026-04-18T00:00:00
C02596,4.5,0.733,0.603,A,2025-02-19T00:00:00
C02597,6.9,0.745,0.899,A,2025-03-12T00:00:00
C02598,2.3,0.637,0.82,B,2025-12-09T00:00:00
C02599,4.3,0.819,0.692,B,2025-08-26T00:00:00
C02600,2.1,0.854,0.753,A,2026-05-09T00:00:00
C02601,5.2,0.763,0.684,B,2025-09-30T00:00:00
C02602,2.0,0.491,0.741,A,2025-11-24T00:00:00
C02603,1.9,0.699,0.636,B,2025-04-29T00:00:00
C02604,5.2,0.7,0.663,A,2025-06-12T00:00:00
C02605,3.6,0.437,0.658,A,2025-03-30T00:00:00
C02606,0.0,0.286,0.641,B,2025-03-15T00:00:00
C02607,0.0,0.195,0.907,A,2025-02-26T00:00:00
C02608,0.6,0.614,0.866,B,2026-03-23T00:00:00
C02609,1.4,0.66,0.61,A,2025-02-04T00:00:00
C02610,5.2,0.364,0.571,B,2025-09-16T00:00:00
C02611,4.7,0.809,0.726,B,2025-09-12T00:00:00
C02612,7.2,0.63,1.0,A,2025-01-28T00:00:00
C02613,6.3,0.87,0.596,B,2026-02-26T00:00:00
C02614,7.2,0.674,0.726,A,2025-09-08T00:00:00
C02615,5.8,0.387,0.763,A,2025-03-05T00:00:00
C02616,4.6,0.692,0.734,A,2025-03-06T00:00:00
C02617,7.3,0.734,0.681,B,2025-12-17T00:00:00
C02618,6.8,0.49,0.923,B,2025-11-06T00:00:00
C02619,5.1,0.312,0.818,B,2025-07-26T00:00:00
C02620,7.8,0.62,0.877,B,2025-07-22T00:00:00
C02621,0.0,0.4,0.838,B,2025-01-18T00:00:00
C02622,3.1,0.824,0.884,A,2025-01-16T00:00:00
C02623,3.1,0.519,0.988,B,2025-09-25T00:00:00
C02624,7.5,0.945,0.95,B,2025-07-01T00:00:00
C02625,8.7,0.175,1.0,A,2025-05-07T00:00:00
C02626,0.0,0.627,0.933,B,2025-07-09T00:00:00
C02627,8.2,0.886,0.65,A,2025-10-30T00:00:00
C02628,0.5,0.422,0.877,A,2025-05-27T00:00:00
C02629,0.6,0.568,0.857,A,2025-06-24T00:00:00
C02630,3.3,0.519,1.0,A,2025-05-22T00:00:00
C02631,3.0,0.463,0.605,A,2025-11-30T00:00:00
C02632,0.0,0.649,0.834,B,2025-01-28T00:00:00
C02633,5.9,0.341,0.648,B,2026-04-05T00:00:00
C02634,6.0,0.578,0.827,A,2025-10-05T00:00:00
C02635,7.2,0.703,0.718,A,2025-05-03T00:00:00
C02636,2.7,0.557,0.822,A,2026-01-15T00:00:00
C02637,3.9,0.4,0.538,A,2026-04-15T00:00:00
C02638,3.9,0.806,0.869,B,2025-01-30T00:00:00
C02639,9.1,0.746,0.781,A,2025-04-13T00:00:00
C02640,0.0,0.392,0.773,B,2025-03-13T00:00:00
C02641,1.1,0.341,1.0,B,2025-02-05T00:00:00
C02642,4.0,0.41,0.693,B,2026-01-05T00:00:00
C02643,0.7,0.709,0.801,B,2025-04-07T00:00:00
C02644,3.2,0.655,0.765,A,2025-07-11T00:00:00
C02645,3.6,0.758,0.78,B,2026-02-12T00:00:00
C02646,2.0,0.535,1.0,B,2025-11-02T00:00:00
C02647,4.2,0.415,0.76,B,2025-12-05T00:00:00
C02648,5.9,0.784,0.665,B,2025-02-18T00:00:00
C02649,3.3,0.489,1.0,B,2026-05-01T00:00:00
C02650,2.6,0.637,0.704,B,2025-02-11T00:00:00
C02651,3.5,0.29,0.509,A,2025-12-21T00:00:00
C02652,4.0,0.486,0.639,B,2025-11-16T00:00:00
C02653,0.0,0.802,0.563,B,2025-07-26T00:00:00
C02654,5.4,0.457,0.48,A,2026-02-24T00:00:00
C02655,2.6,0.763,0.696,B,2026-03-23T00:00:00
C02656,7.8,0.134,0.739,A,2025-02-05T00:00:00
C02657,5.8,0.488,0.927,B,2026-04-25T00:00:00
C02658,7.5,0.566,0.844,A,2025-05-01T00:00:00
C02659,1.0,0.949,0.838,A,2026-01-31T00:00:00
C02660,2.9,0.366,0.616,B,2026-02-15T00:00:00
C02661,0.3,0.734,0.883,A,2025-10-06T00:00:00
C02662,1.9,0.811,0.959,A,2026-03-08T00:00:00
C02663,7.8,0.456,0.809,A,2026-02-17T00:00:00
C02664,8.5,0.525,0.813,A,2025-09-19T00:00:00
C02665,0.6,0.628,0.56,B,2025-03-31T00:00:00
C02666,2.6,0.304,0.908,B,2025-08-06T00:00:00
C02667,3.8,0.509,1.0,A,2026-03-27T00:00:00
C02668,5.8,0.855,0.798,B,2025-04-12T00:00:00
C02669,0.0,0.705,0.661,A,2026-05-15T00:00:00
C02670,0.0,0.569,0.726,B,2025-04-01T00:00:00
C02671,5.5,0.623,0.687,A,2025-11-29T00:00:00
C02672,0.0,0.716,0.696,A,2025-11-17T00:00:00
C02673,2.7,0.754,0.847,A,2025-04-08T00:00:00
C02674,4.5,0.489,0.792,B,2025-08-25T00:00:00
C02675,5.2,0.907,0.901,A,2025-03-14T00:00:00
C02676,3.6,0.863,0.806,A,2025-07-02T00:00:00
C02677,2.9,0.735,0.62,B,2026-04-25T00:00:00
C02678,6.5,0.431,0.675,B,2025-01-28T00:00:00
C02679,4.9,0.396,0.666,A,2026-03-12T00:00:00
C02680,2.1,0.535,0.722,B,2025-12-05T00:00:00
C02681,4.1,0.612,1.0,B,2026-01-10T00:00:00
C02682,5.1,0.246,1.0,A,2025-05-22T00:00:00
C02683,9.2,0.699,0.875,B,2026-04-20T00:00:00
C02684,6.4,0.857,0.768,A,2025-05-07T00:00:00
C02685,7.6,0.715,0.546,B,2025-09-09T00:00:00
C02686,2.2,0.465,0.783,A,2025-01-19T00:00:00
C02687,2.4,0.441,0.631,B,2026-03-20T00:00:00
C02688,3.3,0.66,0.995,A,2025-12-19T00:00:00
C02689,3.6,0.569,0.509,A,2025-03-23T00:00:00
C02690,1.0,0.689,0.808,B,2025-11-28T00:00:00
C02691,7.8,0.72,0.619,A,2025-04-02T00:00:00
C02692,6.7,0.818,0.749,B,2025-08-11T00:00:00
C02693,3.1,0.374,0.85,B,2025-09-14T00:00:00
C02694,5.9,0.644,0.903,B,2026-04-11T00:00:00
C02695,4.7,0.527,0.741,A,2025-06-16T00:00:00
C02696,6.2,0.58,0.864,B,2025-01-07T00:00:00
C02697,0.0,0.773,0.651,A,2025-08-05T00:00:00
C02698,3.6,0.795,0.787,A,2026-04-09T00:00:00
C02699,3.8,0.88,0.9,B,2026-02-04T00:00:00
C02700,5.9,0.685,0.8,B,2025-01-30T00:00:00
C02701,2.1,0.578,0.671,A,2025-01-27T00:00:00
C02702,0.0,0.549,0.708,A,2026-01-14T00:00:00
C02703,0.8,0.253,0.902,B,2025-12-27T00:00:00
C02704,3.8,0.868,0.586,B,2025-10-06T00:00:00
C02705,4.2,0.536,0.608,A,2025-02-14T00:00:00
C02706,9.1,0.701,0.84,B,2025-05-21T00:00:00
C02707,5.7,0.736,0.684,A,2026-02-28T00:00:00
C02708,4.2,0.351,0.532,A,2025-03-11T00:00:00
C02709,3.9,0.415,0.953,B,2025-04-11T00:00:00
C02710,7.3,0.909,0.585,B,2025-08-15T00:00:00
C02711,2.2,0.658,0.72,A,2026-01-03T00:00:00
C02712,3.6,0.484,0.657,A,2026-02-19T00:00:00
C02713,0.7,0.575,0.705,A,2025-10-23T00:00:00
C02714,8.3,0.817,0.617,B,2025-09-04T00:00:00
C02715,5.2,0.787,0.857,A,2025-07-12T00:00:00
C02716,1.9,0.307,0.767,A,2025-01-22T00:00:00
C02717,3.7,0.927,0.898,B,2025-05-14T00:00:00
C02718,5.5,0.793,0.659,A,2025-04-18T00:00:00
C02719,3.2,0.57,1.0,B,2025-01-29T00:00:00
C02720,2.4,0.362,0.464,A,2026-01-08T00:00:00
C02721,2.0,0.811,0.512,B,2025-06-26T00:00:00
C02722,5.0,0.695,1.0,A,2025-09-12T00:00:00
C02723,2.9,0.308,0.821,A,2025-04-11T00:00:00
C02724,2.6,0.554,0.801,A,2025-10-23T00:00:00
C02725,0.0,1.0,0.815,B,2025-03-09T00:00:00
C02726,4.2,0.603,0.836,B,2025-12-05T00:00:00
C02727,3.5,0.452,0.795,A,2026-01-05T00:00:00
C02728,3.0,0.398,0.605,A,2025-06-05T00:00:00
C02729,4.6,0.954,0.873,B,2025-04-17T00:00:00
C02730,6.2,0.77,0.849,A,2026-01-26T00:00:00
C02731,6.1,0.881,0.964,A,2025-04-22T00:00:00
C02732,5.7,0.65,1.0,B,2025-03-31T00:00:00
C02733,3.3,0.851,0.8,A,2025-06-20T00:00:00
C02734,2.3,0.43,0.566,A,2026-04-29T00:00:00
C02735,0.9,0.633,1.0,A,2025-08-20T00:00:00
C02736,2.2,0.657,0.597,A,2025-05-12T00:00:00
C02737,4.1,0.876,0.801,A,2025-09-14T00:00:00
C02738,1.6,0.664,0.711,B,2025-06-24T00:00:00
C02739,4.3,0.475,0.685,B,2025-11-29T00:00:00
C02740,1.1,0.613,0.865,A,2025-08-08T00:00:00
C02741,0.0,0.265,0.787,B,2025-10-22T00:00:00
C02742,6.5,0.136,0.827,A,2025-08-07T00:00:00
C02743,2.6,0.766,0.628,B,2025-08-29T00:00:00
C02744,1.5,0.525,0.724,A,2025-08-12T00:00:00
C02745,0.7,0.548,0.635,B,2025-07-16T00:00:00
C02746,5.3,0.766,0.72,A,2026-04-27T00:00:00
C02747,8.1,0.879,0.732,A,2025-05-13T00:00:00
C02748,2.8,0.707,1.0,A,2026-02-07T00:00:00
C02749,3.4,0.986,0.711,A,2025-12-21T00:00:00
C02750,7.2,0.701,0.431,A,2025-09-21T00:00:00
C02751,0.0,0.66,0.959,B,2025-06-08T00:00:00
C02752,9.9,0.648,0.817,B,2025-08-30T00:00:00
C02753,11.3,0.343,0.73,A,2026-03-01T00:00:00
C02754,0.0,0.791,0.684,B,2025-04-01T00:00:00
C02755,3.7,0.111,0.608,B,2025-10-21T00:00:00
C02756,1.8,0.483,1.0,B,2026-01-18T00:00:00
C02757,3.2,0.605,0.758,B,2025-11-13T00:00:00
C02758,2.7,0.442,0.489,B,2025-03-14T00:00:00
C02759,6.4,0.51,0.799,A,2025-09-12T00:00:00
C02760,3.7,0.968,0.931,B,2025-04-02T00:00:00
C02761,1.3,0.821,0.773,B,2026-04-10T00:00:00
C02762,3.5,0.463,0.615,A,2025-06-25T00:00:00
C02763,5.5,0.506,0.601,A,2025-07-30T00:00:00
C02764,0.4,0.345,0.612,A,2026-03-05T00:00:00
C02765,0.0,0.741,0.978,B,2025-08-02T00:00:00
C02766,10.0,0.55,0.739,A,2025-04-07T00:00:00
C02767,2.1,0.207,0.498,B,2026-03-23T00:00:00
C02768,3.6,0.62,0.808,B,2025-11-20T00:00:00
C02769,2.8,0.688,0.771,B,2025-10-30T00:00:00
C02770,5.6,0.793,0.683,A,2025-02-07T00:00:00
C02771,9.3,0.585,0.597,B,2025-08-13T00:00:00
C02772,5.7,0.525,0.59,B,2025-08-18T00:00:00
C02773,0.0,0.997,0.913,A,2025-05-12T00:00:00
C02774,0.0,0.601,0.787,B,2025-10-10T00:00:00
C02775,2.8,0.744,0.822,A,2025-05-03T00:00:00
C02776,3.2,0.492,0.787,B,2025-08-24T00:00:00
C02777,0.0,0.738,0.799,A,2026-02-05T00:00:00
C02778,6.5,0.309,0.68,A,2026-01-03T00:00:00
C02779,0.7,0.508,0.719,A,2025-05-20T00:00:00
C02780,8.5,0.358,0.925,A,2025-04-14T00:00:00
C02781,9.5,0.479,0.962,A,2025-01-03T00:00:00
C02782,3.3,0.85,0.567,B,2025-06-22T00:00:00
C02783,5.3,0.478,0.719,A,2025-01-10T00:00:00
C02784,0.3,0.744,0.876,A,2025-03-06T00:00:00
C02785,5.9,0.903,1.0,B,2026-05-05T00:00:00
C02786,2.5,0.594,1.0,B,2026-03-04T00:00:00
C02787,0.7,0.799,0.631,A,2025-10-07T00:00:00
C02788,3.1,0.706,0.941,B,2026-01-23T00:00:00
C02789,2.6,0.623,0.759,A,2025-09-02T00:00:00
C02790,3.0,0.75,0.907,B,2025-10-28T00:00:00
C02791,6.8,0.968,0.868,A,2026-04-04T00:00:00
C02792,1.6,0.473,0.56,B,2025-02-09T00:00:00
C02793,9.2,0.408,0.832,B,2025-06-25T00:00:00
C02794,0.0,0.396,0.901,B,2025-03-01T00:00:00
C02795,8.8,0.799,0.747,B,2026-02-02T00:00:00
C02796,1.0,0.826,0.713,B,2026-02-16T00:00:00
C02797,4.0,0.493,0.514,A,2025-12-27T00:00:00
C02798,2.5,0.173,0.853,B,2025-11-01T00:00:00
C02799,3.0,0.465,0.781,B,2025-08-27T00:00:00
C02800,6.4,0.71,0.612,B,2025-01-12T00:00:00
C02801,8.5,0.587,0.701,A,2026-01-23T00:00:00
C02802,7.6,0.636,0.773,A,2026-03-23T00:00:00
C02803,2.8,0.495,0.666,B,2026-04-28T00:00:00
C02804,4.6,0.803,0.75,A,2025-06-20T00:00:00
C02805,1.7,0.669,0.488,A,2025-04-11T00:00:00
C02806,1.0,0.717,0.952,A,2025-11-23T00:00:00
C02807,0.6,0.632,0.752,B,2025-01-09T00:00:00
C02808,2.7,0.705,0.585,A,2025-01-31T00:00:00
C02809,4.7,0.692,0.381,A,2026-02-15T00:00:00
C02810,0.0,0.414,0.904,A,2026-04-24T00:00:00
C02811,3.9,0.675,0.834,B,2025-07-21T00:00:00
C02812,8.5,0.758,0.782,B,2025-09-11T00:00:00
C02813,7.4,0.831,0.88,A,2025-09-30T00:00:00
C02814,2.2,0.683,0.879,A,2025-03-11T00:00:00
C02815,0.0,0.407,0.779,B,2025-04-22T00:00:00
C02816,5.4,0.438,0.712,A,2025-05-30T00:00:00
C02817,0.0,0.513,0.687,B,2026-02-25T00:00:00
C02818,7.3,0.638,0.813,A,2025-08-08T00:00:00
C02819,3.4,0.576,0.96,B,2025-12-27T00:00:00
C02820,9.5,0.375,0.735,A,2025-04-08T00:00:00
C02821,0.0,0.374,0.971,B,2026-04-22T00:00:00
C02822,6.8,0.18,0.806,A,2026-03-18T00:00:00
C02823,3.7,0.0,0.807,B,2025-08-26T00:00:00
C02824,3.0,0.574,1.0,B,2025-04-23T00:00:00
C02825,0.0,1.0,0.998,B,2026-05-04T00:00:00
C02826,5.8,0.959,1.0,A,2026-02-09T00:00:00
C02827,6.0,0.404,0.63,A,2025-09-13T00:00:00
C02828,9.4,0.63,1.0,B,2025-05-14T00:00:00
C02829,7.0,0.307,0.738,B,2025-11-07T00:00:00
C02830,2.2,0.338,0.716,A,2025-07-05T00:00:00
C02831,1.0,0.361,0.426,A,2025-12-04T00:00:00
C02832,0.0,0.555,0.799,A,2026-02-21T00:00:00
C02833,8.4,0.564,0.587,B,2025-09-02T00:00:00
C02834,1.7,0.651,0.811,B,2025-01-25T00:00:00
C02835,8.4,0.733,0.576,B,2025-10-09T00:00:00
C02836,5.6,0.533,1.0,B,2026-03-06T00:00:00
C02837,5.0,0.607,0.833,A,2025-04-22T00:00:00
C02838,3.1,0.381,1.0,A,2026-04-25T00:00:00
C02839,6.0,0.331,0.597,A,2025-07-01T00:00:00
C02840,4.0,0.3,0.982,B,2025-12-09T00:00:00
C02841,2.9,0.73,0.48,A,2025-12-17T00:00:00
C02842,6.1,0.532,0.781,A,2025-04-02T00:00:00
C02843,3.6,0.226,0.655,A,2025-01-20T00:00:00
C02844,1.6,0.587,0.683,A,2026-04-20T00:00:00
C02845,5.8,0.35,0.673,B,2025-12-17T00:00:00
C02846,3.8,0.932,0.613,A,2025-11-12T00:00:00
C02847,5.5,0.484,0.561,A,2025-06-01T00:00:00
C02848,2.6,0.736,0.684,B,2025-02-24T00:00:00
C02849,0.4,0.818,0.767,A,2025-05-16T00:00:00
C02850,9.2,0.409,0.925,A,2025-10-01T00:00:00
C02851,8.6,0.615,0.794,A,2025-12-13T00:00:00
C02852,6.7,0.711,0.925,B,2025-06-09T00:00:00
C02853,2.8,0.623,0.528,A,2025-04-18T00:00:00
C02854,3.1,0.672,0.685,B,2025-05-05T00:00:00
C02855,8.1,0.334,0.857,B,2026-04-26T00:00:00
C02856,2.9,0.711,0.801,B,2025-11-12T00:00:00
C02857,2.1,0.503,0.621,A,2026-05-11T00:00:00
C02858,9.6,0.67,0.89,B,2025-01-04T00:00:00
C02859,3.9,0.784,0.67,A,2025-08-18T00:00:00
C02860,9.3,0.734,0.633,A,2025-08-17T00:00:00
C02861,0.0,0.67,0.823,A,2025-07-20T00:00:00
C02862,5.6,0.728,0.751,A,2025-07-15T00:00:00
C02863,10.2,0.738,0.672,A,2025-02-09T00:00:00
C02864,4.1,0.899,0.666,A,2025-01-17T00:00:00
C02865,3.2,0.593,0.59,A,2026-01-25T00:00:00
C02866,0.5,0.633,0.691,A,2025-08-09T00:00:00
C02867,7.2,0.786,0.915,B,2025-03-23T00:00:00
C02868,1.7,0.502,0.787,B,2025-06-23T00:00:00
C02869,3.7,0.333,0.894,A,2026-04-12T00:00:00
C02870,0.3,0.699,0.827,B,2025-08-22T00:00:00
C02871,8.7,0.559,0.658,A,2026-05-11T00:00:00
C02872,7.5,0.358,0.503,A,2025-03-22T00:00:00
C02873,3.9,0.7,0.611,A,2025-03-03T00:00:00
C02874,0.5,0.886,0.649,A,2025-10-09T00:00:00
C02875,8.6,0.274,0.638,A,2025-12-08T00:00:00
C02876,2.9,0.804,0.897,A,2026-05-06T00:00:00
C02877,0.7,0.093,0.896,A,2025-08-21T00:00:00
C02878,0.0,0.52,1.0,A,2025-04-11T00:00:00
C02879,2.1,0.968,0.635,A,2025-09-28T00:00:00
C02880,0.0,0.534,0.99,A,2025-06-03T00:00:00
C02881,2.1,0.618,0.989,A,2025-03-31T00:00:00
C02882,6.2,0.753,0.715,A,2025-02-14T00:00:00
C02883,2.9,0.257,0.821,A,2025-12-28T00:00:00
C02884,5.1,0.614,0.936,A,2025-11-18T00:00:00
C02885,1.8,0.613,0.741,A,2025-03-25T00:00:00
C02886,4.2,0.972,0.73,A,2025-10-07T00:00:00
C02887,9.8,0.353,0.656,B,2026-03-19T00:00:00
C02888,3.0,0.524,0.396,A,2026-02-14T00:00:00
C02889,5.2,0.414,0.761,A,2025-08-15T00:00:00
C02890,0.0,0.393,0.644,A,2025-01-29T00:00:00
C02891,8.6,0.825,0.589,B,2025-11-14T00:00:00
C02892,2.6,0.605,0.813,B,2025-09-16T00:00:00
C02893,7.2,0.489,0.532,B,2026-04-06T00:00:00
C02894,3.6,0.496,0.871,B,2025-10-04T00:00:00
C02895,5.8,0.487,0.823,A,2026-01-04T00:00:00
C02896,6.0,0.505,0.69,B,2025-09-22T00:00:00
C02897,2.6,0.347,0.741,A,2025-09-28T00:00:00
C02898,7.3,0.548,0.571,B,2025-06-08T00:00:00
C02899,1.7,0.528,0.863,A,2025-07-21T00:00:00
C02900,6.3,0.448,0.778,A,2025-05-28T00:00:00
C02901,2.8,0.631,0.789,B,2025-08-20T00:00:00
C02902,5.0,0.648,0.825,A,2026-04-21T00:00:00
C02903,2.6,0.489,0.654,B,2025-06-20T00:00:00
C02904,4.1,0.571,0.522,A,2025-08-20T00:00:00
C02905,0.8,1.0,0.894,B,2026-04-19T00:00:00
C02906,4.7,1.0,0.853,B,2025-03-17T00:00:00
C02907,4.1,0.389,0.67,A,2025-05-07T00:00:00
C02908,2.4,0.417,0.811,B,2025-09-04T00:00:00
C02909,3.8,0.388,0.939,B,2025-07-24T00:00:00
C02910,4.4,0.811,0.921,B,2025-06-20T00:00:00
C02911,2.2,0.52,0.665,A,2026-01-25T00:00:00
C02912,3.6,0.648,0.527,A,2025-09-07T00:00:00
C02913,1.0,0.999,0.552,B,2025-07-02T00:00:00
C02914,11.0,0.598,0.703,A,2025-08-28T00:00:00
C02915,7.2,0.741,0.969,A,2026-03-20T00:00:00
C02916,4.8,0.704,0.641,A,2026-05-07T00:00:00
C02917,7.5,0.482,0.661,B,2025-05-02T00:00:00
C02918,0.0,0.812,0.657,A,2025-01-21T00:00:00
C02919,0.0,0.43,0.67,B,2025-01-16T00:00:00
C02920,2.8,0.868,0.748,B,2025-08-11T00:00:00
C02921,0.0,0.483,0.558,A,2025-11-11T00:00:00
C02922,3.3,0.504,0.913,A,2025-01-26T00:00:00
C02923,4.6,0.382,0.728,B,2025-09-12T00:00:00
C02924,6.8,0.415,1.0,A,2025-07-19T00:00:00
C02925,0.6,0.515,0.574,B,2026-04-12T00:00:00
C02926,5.2,0.114,0.988,B,2025-10-29T00:00:00
C02927,4.0,0.553,0.959,B,2025-07-31T00:00:00
C02928,5.0,0.498,0.688,A,2025-10-21T00:00:00
C02929,2.4,0.758,0.691,B,2025-03-09T00:00:00
C02930,8.1,0.685,0.612,B,2025-08-26T00:00:00
C02931,3.7,0.458,0.614,A,2025-06-14T00:00:00
C02932,9.3,0.508,0.75,B,2025-04-01T00:00:00
C02933,1.6,0.553,0.753,B,2025-07-16T00:00:00
C02934,6.2,0.897,0.51,B,2025-11-16T00:00:00
C02935,3.8,0.436,1.0,A,2025-10-19T00:00:00
C02936,3.0,0.456,0.711,A,2026-04-27T00:00:00
C02937,5.9,0.374,0.76,A,2025-05-18T00:00:00
C02938,3.1,0.304,0.656,A,2025-12-16T00:00:00
C02939,0.0,0.661,0.71,A,2025-10-03T00:00:00
C02940,0.0,0.641,0.696,B,2026-03-13T00:00:00
C02941,7.8,0.857,0.75,A,2026-03-31T00:00:00
C02942,7.7,0.808,0.748,B,2025-12-20T00:00:00
C02943,9.7,1.0,0.871,A,2025-07-31T00:00:00
C02944,3.9,0.585,0.784,A,2025-09-24T00:00:00
C02945,0.1,0.548,0.856,A,2025-11-22T00:00:00
C02946,2.7,0.34,0.749,A,2026-02-07T00:00:00
C02947,4.0,0.739,0.785,B,2025-04-25T00:00:00
C02948,1.0,0.624,0.714,B,2026-03-13T00:00:00
C02949,8.9,0.73,0.9,B,2026-02-05T00:00:00
C02950,10.7,0.372,0.798,A,2025-02-14T00:00:00
C02951,5.4,0.67,0.726,B,2025-05-15T00:00:00
C02952,4.0,0.641,0.722,A,2025-04-28T00:00:00
C02953,0.1,0.628,0.734,B,2025-10-17T00:00:00
C02954,8.6,0.463,0.755,A,2025-04-15T00:00:00
C02955,4.2,0.838,0.742,A,2025-05-31T00:00:00
C02956,3.1,1.0,0.666,A,2025-04-05T00:00:00
C02957,5.4,0.378,0.865,A,2025-02-03T00:00:00
C02958,2.2,0.744,0.874,A,2025-08-18T00:00:00
C02959,4.4,0.024,1.0,B,2025-06-09T00:00:00
C02960,0.0,0.734,0.659,B,2025-09-10T00:00:00
C02961,7.3,0.226,0.85,B,2025-04-17T00:00:00
C02962,3.7,0.495,0.464,A,2025-05-24T00:00:00
C02963,7.5,0.337,0.874,B,2026-03-23T00:00:00
C02964,3.4,0.557,0.532,A,2026-02-07T00:00:00
C02965,3.6,0.768,0.602,A,2025-05-14T00:00:00
C02966,0.4,0.229,0.8,A,2025-03-22T00:00:00
C02967,6.3,0.528,0.657,A,2026-05-03T00:00:00
C02968,1.4,0.497,0.636,B,2025-12-07T00:00:00
C02969,2.5,0.916,0.677,A,2025-09-04T00:00:00
C02970,4.0,0.686,0.859,A,2025-12-16T00:00:00
C02971,4.4,0.365,0.61,B,2025-04-21T00:00:00
C02972,0.0,0.506,0.742,A,2025-08-03T00:00:00
C02973,3.3,0.911,0.693,B,2025-07-15T00:00:00
C02974,6.4,0.743,0.873,A,2025-12-27T00:00:00
C02975,2.9,0.416,0.877,B,2025-04-02T00:00:00
C02976,3.3,0.547,0.475,B,2025-09-02T00:00:00
C02977,4.5,0.553,0.907,B,2026-02-21T00:00:00
C02978,3.6,0.492,0.658,B,2025-04-09T00:00:00
C02979,0.9,0.258,0.785,B,2025-03-01T00:00:00
C02980,3.9,0.464,0.609,B,2026-02-15T00:00:00
C02981,7.0,0.878,0.806,A,2026-03-13T00:00:00
C02982,0.8,0.524,1.0,A,2025-08-04T00:00:00
C02983,2.9,0.579,0.769,B,2025-01-23T00:00:00
C02984,0.0,0.628,0.681,A,2025-09-28T00:00:00
C02985,6.8,1.0,0.715,A,2025-05-30T00:00:00
C02986,3.7,0.602,0.53,A,2025-10-21T00:00:00
C02987,1.4,0.819,0.967,A,2025-03-11T00:00:00
C02988,4.3,0.48,0.797,A,2026-02-07T00:00:00
C02989,0.4,0.548,0.593,B,2025-12-09T00:00:00
C02990,0.9,0.603,0.598,B,2025-11-19T00:00:00
C02991,0.0,0.445,0.752,B,2025-09-14T00:00:00
C02992,0.8,0.559,0.89,A,2025-04-21T00:00:00
C02993,8.1,0.778,0.577,A,2026-04-15T00:00:00
C02994,1.8,0.44,0.917,B,2025-05-13T00:00:00
C02995,5.4,0.6,0.736,A,2025-07-03T00:00:00
C02996,1.5,0.742,0.61,B,2026-04-09T00:00:00
C02997,6.3,0.435,0.68,A,2025-01-21T00:00:00
C02998,0.9,0.819,1.0,B,2025-03-04T00:00:00
C02999,4.1,0.615,0.542,A,2026-01-16T00:00:00
C03000,4.2,0.567,0.64,B,2025-07-03T00:00:00
C03001,11.0,0.198,0.893,B,2025-10-17T00:00:00
C03002,5.9,0.525,0.782,A,2025-10-18T00:00:00
C03003,2.2,0.674,0.631,B,2026-02-18T00:00:00
C03004,6.1,0.949,0.895,A,2025-11-07T00:00:00
C03005,10.4,0.714,0.902,B,2025-08-02T00:00:00
C03006,0.0,0.825,0.8,B,2025-10-02T00:00:00
C03007,1.5,0.358,0.658,A,2026-01-05T00:00:00
C03008,3.3,0.575,0.681,A,2025-07-09T00:00:00
C03009,2.7,0.844,0.793,B,2025-03-27T00:00:00
C03010,3.0,0.422,0.553,A,2025-09-01T00:00:00
C03011,0.1,0.793,0.949,B,2026-05-15T00:00:00
C03012,8.2,0.747,1.0,B,2025-02-26T00:00:00
C03013,0.0,0.655,0.715,B,2025-03-28T00:00:00
C03014,3.4,0.534,0.803,A,2026-05-13T00:00:00
C03015,7.1,0.403,0.928,B,2026-02-19T00:00:00
C03016,3.9,0.955,1.0,B,2025-02-28T00:00:00
C03017,1.1,0.726,0.984,A,2025-04-17T00:00:00
C03018,0.0,0.668,0.49,A,2025-12-12T00:00:00
C03019,3.3,0.517,0.703,A,2026-01-27T00:00:00
C03020,1.7,0.608,0.825,A,2026-01-02T00:00:00
C03021,4.6,0.633,0.676,B,2026-03-07T00:00:00
C03022,0.0,0.68,1.0,A,2025-09-11T00:00:00
C03023,6.4,0.747,0.994,B,2026-03-15T00:00:00
C03024,4.3,0.444,0.628,A,2025-10-26T00:00:00
C03025,4.6,0.307,0.726,A,2025-08-26T00:00:00
C03026,8.3,0.617,0.638,A,2025-11-15T00:00:00
C03027,2.7,0.251,0.721,B,2025-08-03T00:00:00
C03028,1.8,0.535,0.716,B,2025-10-31T00:00:00
C03029,2.4,0.498,0.893,A,2026-02-21T00:00:00
C03030,3.4,0.698,0.617,B,2026-04-25T00:00:00
C03031,3.7,0.997,0.357,A,2025-10-17T00:00:00
C03032,1.5,0.211,0.509,A,2025-01-03T00:00:00
C03033,0.0,1.0,0.596,A,2025-11-07T00:00:00
C03034,2.3,0.553,0.652,B,2025-05-06T00:00:00
C03035,5.1,0.67,0.778,B,2025-04-29T00:00:00
C03036,4.4,0.317,0.588,B,2026-03-17T00:00:00
C03037,7.6,0.799,0.568,A,2025-08-12T00:00:00
C03038,9.9,0.608,0.611,A,2026-01-31T00:00:00
C03039,6.3,0.588,0.583,B,2025-07-04T00:00:00
C03040,8.1,0.213,0.667,A,2025-10-31T00:00:00
C03041,6.3,0.615,0.66,B,2025-11-29T00:00:00
C03042,9.1,0.769,0.853,B,2026-03-23T00:00:00
C03043,9.6,0.553,0.602,A,2025-04-09T00:00:00
C03044,6.9,0.835,0.696,B,2025-10-08T00:00:00
C03045,6.1,0.827,0.668,B,2025-07-22T00:00:00
C03046,3.4,0.472,0.871,A,2025-08-20T00:00:00
C03047,3.9,0.919,0.727,B,2026-03-01T00:00:00
C03048,3.0,0.609,0.908,B,2025-03-09T00:00:00
C03049,5.9,0.61,0.577,A,2025-10-01T00:00:00
C03050,1.8,0.62,0.743,B,2025-07-13T00:00:00
C03051,3.4,0.614,0.664,A,2026-03-25T00:00:00
C03052,0.0,0.074,0.566,B,2025-04-19T00:00:00
C03053,9.2,0.563,0.74,B,2025-04-27T00:00:00
C03054,3.3,0.327,1.0,B,2025-02-15T00:00:00
C03055,5.4,0.925,0.622,A,2025-08-08T00:00:00
C03056,8.4,0.917,0.731,B,2025-01-06T00:00:00
C03057,4.9,0.77,0.553,A,2025-09-08T00:00:00
C03058,8.3,0.552,0.531,A,2025-04-22T00:00:00
C03059,0.3,0.398,0.632,A,2025-07-20T00:00:00
C03060,11.2,0.468,0.683,B,2025-10-30T00:00:00
C03061,7.3,0.989,0.689,A,2025-12-09T00:00:00
C03062,4.6,0.462,0.716,A,2025-01-31T00:00:00
C03063,8.3,0.129,0.503,B,2025-03-16T00:00:00
C03064,0.5,0.806,0.656,A,2025-06-08T00:00:00
C03065,3.1,0.9,0.825,A,2025-09-17T00:00:00
C03066,8.3,0.932,0.546,A,2026-03-18T00:00:00
C03067,0.0,0.808,0.697,A,2025-03-11T00:00:00
C03068,5.7,0.84,0.794,B,2025-02-03T00:00:00
C03069,5.6,0.611,0.633,A,2025-11-11T00:00:00
C03070,9.9,0.185,0.801,A,2026-05-05T00:00:00
C03071,0.0,0.606,0.522,B,2026-02-20T00:00:00
C03072,8.8,0.724,0.883,B,2025-10-10T00:00:00
C03073,2.3,0.573,0.805,B,2025-01-10T00:00:00
C03074,2.7,0.564,0.758,B,2025-10-16T00:00:00
C03075,0.3,0.407,0.919,B,2025-08-17T00:00:00
C03076,0.7,0.4,0.701,A,2025-08-12T00:00:00
C03077,5.2,0.968,0.657,B,2025-09-04T00:00:00
C03078,0.7,0.975,0.956,B,2025-10-08T00:00:00
C03079,6.2,0.599,1.0,A,2025-12-27T00:00:00
C03080,2.0,0.656,0.646,A,2025-04-07T00:00:00
C03081,0.4,0.404,0.733,A,2025-02-07T00:00:00
C03082,2.4,0.729,0.907,B,2025-01-26T00:00:00
C03083,5.0,0.952,0.738,B,2025-07-23T00:00:00
C03084,3.2,0.294,0.839,B,2025-09-11T00:00:00
C03085,4.1,0.693,0.867,A,2026-01-28T00:00:00
C03086,6.1,0.708,0.666,A,2025-08-05T00:00:00
C03087,7.2,0.706,0.813,A,2025-09-24T00:00:00
C03088,3.1,0.929,0.749,A,2026-05-04T00:00:00
C03089,0.9,1.0,0.567,B,2026-01-10T00:00:00
C03090,4.2,0.553,0.602,B,2025-12-12T00:00:00
C03091,5.4,0.735,0.652,B,2025-07-02T00:00:00
C03092,0.0,0.617,0.889,B,2025-03-18T00:00:00
C03093,1.3,0.474,0.894,B,2026-04-06T00:00:00
C03094,1.8,0.654,0.862,A,2025-10-04T00:00:00
C03095,3.4,0.734,0.816,A,2025-02-08T00:00:00
C03096,1.7,0.643,0.812,A,2025-08-30T00:00:00
C03097,6.1,0.424,0.792,A,2025-02-15T00:00:00
C03098,0.0,0.507,0.811,A,2026-05-06T00:00:00
C03099,0.0,0.509,0.821,A,2025-09-22T00:00:00
C03100,3.0,0.432,0.539,B,2026-01-28T00:00:00
C03101,3.5,0.663,0.631,A,2025-08-24T00:00:00
C03102,0.0,0.684,0.596,B,2025-01-10T00:00:00
C03103,2.2,0.796,0.916,B,2025-11-16T00:00:00
C03104,2.8,0.428,0.998,B,2025-11-23T00:00:00
C03105,2.8,0.485,0.425,B,2025-04-25T00:00:00
C03106,4.5,0.911,0.985,A,2025-12-25T00:00:00
C03107,2.0,0.567,0.763,B,2025-04-24T00:00:00
C03108,8.4,0.606,0.902,A,2025-12-12T00:00:00
C03109,5.5,0.565,0.826,B,2026-01-10T00:00:00
C03110,1.6,0.827,0.966,A,2025-03-10T00:00:00
C03111,4.3,0.834,0.781,A,2025-05-26T00:00:00
C03112,4.4,0.823,0.545,B,2025-03-23T00:00:00
C03113,7.6,0.605,0.734,B,2025-12-30T00:00:00
C03114,2.2,0.426,0.827,A,2025-04-28T00:00:00
C03115,6.3,0.985,0.718,B,2025-11-17T00:00:00
C03116,4.1,0.771,0.849,A,2025-07-28T00:00:00
C03117,8.5,0.509,0.74,B,2025-02-11T00:00:00
C03118,7.9,0.885,0.661,A,2026-03-18T00:00:00
C03119,4.6,0.493,0.587,A,2025-12-22T00:00:00
C03120,3.2,0.882,0.691,A,2025-05-11T00:00:00
C03121,5.5,0.896,0.781,A,2026-03-16T00:00:00
C03122,3.5,0.416,0.456,A,2025-12-21T00:00:00
C03123,9.0,0.716,0.633,A,2026-02-13T00:00:00
C03124,4.2,0.756,0.45,A,2025-03-31T00:00:00
C03125,2.8,1.0,0.657,A,2025-01-05T00:00:00
C03126,2.6,0.452,0.93,A,2025-01-31T00:00:00
C03127,0.4,0.887,0.572,A,2025-09-27T00:00:00
C03128,5.7,0.603,0.855,B,2026-01-29T00:00:00
C03129,1.5,0.352,1.0,B,2026-04-02T00:00:00
C03130,7.3,0.576,0.968,A,2026-04-26T00:00:00
C03131,0.1,0.6,0.77,B,2025-10-27T00:00:00
C03132,4.4,0.388,0.879,A,2025-11-12T00:00:00
C03133,7.5,0.662,0.545,A,2025-05-26T00:00:00
C03134,0.0,0.792,0.514,B,2025-01-01T00:00:00
C03135,10.1,0.648,0.754,B,2025-04-08T00:00:00
C03136,2.7,0.492,0.81,B,2025-01-28T00:00:00
C03137,4.4,0.57,0.914,A,2025-12-09T00:00:00
C03138,5.7,0.599,0.665,B,2025-09-09T00:00:00
C03139,6.2,0.643,0.779,A,2026-01-21T00:00:00
C03140,4.8,0.822,0.774,A,2025-03-16T00:00:00
C03141,7.0,0.654,0.73,A,2026-04-02T00:00:00
C03142,5.6,0.319,0.739,B,2025-12-26T00:00:00
C03143,9.3,0.488,0.622,A,2026-03-29T00:00:00
C03144,5.6,0.633,0.792,B,2025-11-21T00:00:00
C03145,9.9,0.825,0.779,B,2025-06-19T00:00:00
C03146,6.7,0.86,0.684,B,2025-11-10T00:00:00
C03147,0.0,0.955,0.85,B,2025-10-29T00:00:00
C03148,11.8,0.626,0.904,B,2025-04-01T00:00:00
C03149,2.3,0.753,0.852,A,2025-02-20T00:00:00
C03150,8.5,0.309,0.594,A,2025-11-22T00:00:00
C03151,4.1,0.686,0.765,B,2025-02-17T00:00:00
C03152,7.2,0.385,0.613,A,2025-02-20T00:00:00
C03153,1.9,0.587,0.764,A,2025-02-05T00:00:00
C03154,5.9,1.0,0.614,A,2025-11-08T00:00:00
C03155,3.2,0.661,0.942,A,2026-04-09T00:00:00
C03156,8.7,0.427,0.867,A,2025-09-06T00:00:00
C03157,5.3,0.682,0.923,A,2025-03-18T00:00:00
C03158,6.8,0.497,0.908,B,2025-09-14T00:00:00
C03159,0.0,0.408,0.709,A,2025-08-30T00:00:00
C03160,3.7,1.0,0.686,B,2025-10-24T00:00:00
C03161,5.2,0.813,1.0,B,2025-08-05T00:00:00
C03162,4.7,0.669,0.725,A,2025-09-24T00:00:00
C03163,6.9,0.522,0.547,B,2025-06-12T00:00:00
C03164,2.9,0.538,0.901,B,2026-03-30T00:00:00
C03165,4.1,0.908,0.772,B,2025-09-26T00:00:00
C03166,7.5,0.661,0.976,A,2025-06-05T00:00:00
C03167,0.0,0.0,0.786,A,2025-01-02T00:00:00
C03168,5.8,1.0,0.747,A,2025-12-06T00:00:00
C03169,3.0,0.637,0.979,B,2025-07-10T00:00:00
C03170,1.3,0.669,0.519,B,2025-05-05T00:00:00
C03171,5.0,0.817,0.662,B,2025-08-28T00:00:00
C03172,7.7,0.693,0.617,B,2025-08-31T00:00:00
C03173,7.1,0.749,0.421,B,2026-02-06T00:00:00
C03174,3.6,0.515,0.881,B,2025-09-29T00:00:00
C03175,6.6,0.354,0.666,A,2025-12-17T00:00:00
C03176,6.6,0.656,0.886,B,2025-11-20T00:00:00
C03177,3.7,0.886,0.808,A,2026-03-01T00:00:00
C03178,1.9,0.47,0.841,A,2025-01-04T00:00:00
C03179,2.1,0.454,0.682,A,2025-07-08T00:00:00
C03180,6.5,0.844,0.635,B,2025-12-24T00:00:00
C03181,3.9,0.509,0.763,A,2025-03-12T00:00:00
C03182,0.9,0.518,0.888,A,2025-08-09T00:00:00
C03183,0.0,0.525,0.742,A,2025-07-20T00:00:00
C03184,6.5,0.587,0.645,A,2026-02-07T00:00:00
C03185,2.4,0.285,0.57,A,2026-04-27T00:00:00
C03186,5.0,0.492,0.781,B,2025-02-23T00:00:00
C03187,7.7,0.646,0.667,B,2025-04-18T00:00:00
C03188,0.1,0.645,0.739,A,2026-01-23T00:00:00
C03189,3.9,0.832,0.714,A,2025-03-29T00:00:00
C03190,3.5,0.968,0.683,A,2025-09-06T00:00:00
C03191,5.1,0.902,0.794,A,2026-04-18T00:00:00
C03192,7.7,0.783,0.833,B,2026-05-03T00:00:00
C03193,0.0,0.57,1.0,B,2026-04-20T00:00:00
C03194,5.7,0.475,0.864,B,2025-03-09T00:00:00
C03195,7.1,0.604,0.989,A,2025-03-16T00:00:00
C03196,3.4,0.717,0.627,B,2025-03-30T00:00:00
C03197,3.6,0.764,0.51,A,2026-01-20T00:00:00
C03198,5.3,0.725,0.748,A,2025-03-31T00:00:00
C03199,5.0,0.576,0.879,B,2025-08-03T00:00:00
C03200,5.7,0.757,0.855,B,2026-02-14T00:00:00
C03201,5.7,0.852,0.932,B,2025-09-04T00:00:00
C03202,1.1,0.776,0.37,B,2026-04-16T00:00:00
C03203,7.0,0.594,0.938,B,2025-09-07T00:00:00
C03204,7.5,0.433,0.8,B,2025-07-09T00:00:00
C03205,4.6,0.428,0.518,A,2026-04-30T00:00:00
C03206,0.0,0.464,0.859,A,2025-10-01T00:00:00
C03207,3.7,0.651,0.775,A,2025-04-03T00:00:00
C03208,4.6,0.704,0.807,A,2025-11-14T00:00:00
C03209,0.6,0.317,0.9,A,2026-01-22T00:00:00
C03210,2.9,0.499,0.815,A,2026-02-24T00:00:00
C03211,0.0,0.649,0.529,B,2025-01-03T00:00:00
C03212,5.8,0.42,0.729,B,2025-02-24T00:00:00
C03213,4.5,0.687,0.507,B,2025-11-11T00:00:00
C03214,0.0,0.539,0.847,A,2026-01-06T00:00:00
C03215,5.1,0.455,0.96,B,2025-11-23T00:00:00
C03216,3.8,0.611,0.564,A,2025-07-11T00:00:00
C03217,5.5,0.678,0.649,A,2026-01-12T00:00:00
C03218,2.8,0.43,0.618,A,2025-10-17T00:00:00
C03219,1.6,0.551,0.682,A,2026-04-08T00:00:00
C03220,1.7,0.694,0.812,A,2025-07-03T00:00:00
C03221,2.4,0.448,0.684,B,2026-01-12T00:00:00
C03222,4.1,0.268,0.848,B,2025-03-13T00:00:00
C03223,4.4,0.293,0.91,B,2026-01-02T00:00:00
C03224,3.4,0.516,0.915,A,2026-01-01T00:00:00
C03225,2.7,0.336,0.582,B,2025-05-07T00:00:00
C03226,2.9,0.53,0.958,B,2025-01-31T00:00:00
C03227,11.5,0.933,0.97,A,2026-05-12T00:00:00
C03228,1.7,0.324,0.983,B,2025-02-08T00:00:00
C03229,2.3,0.543,0.726,A,2025-08-23T00:00:00
C03230,13.9,1.0,0.637,A,2025-01-01T00:00:00
C03231,5.3,0.682,0.602,A,2025-07-28T00:00:00
C03232,0.0,0.526,0.585,A,2026-02-15T00:00:00
C03233,6.5,0.569,0.752,A,2025-09-08T00:00:00
C03234,1.3,0.686,0.877,A,2025-04-30T00:00:00
C03235,6.7,0.939,0.946,A,2025-07-17T00:00:00
C03236,3.4,0.494,0.677,B,2025-02-16T00:00:00
C03237,2.7,0.448,0.744,A,2025-10-24T00:00:00
C03238,8.8,0.324,0.734,A,2025-01-03T00:00:00
C03239,5.7,0.621,0.655,A,2025-06-24T00:00:00
C03240,6.9,0.319,0.86,B,2025-01-31T00:00:00
C03241,5.3,0.507,0.804,B,2025-04-30T00:00:00
C03242,2.7,0.418,0.771,B,2025-02-03T00:00:00
C03243,5.8,0.815,0.804,A,2026-04-09T00:00:00
C03244,7.6,0.498,0.842,A,2026-01-22T00:00:00
C03245,4.4,0.679,0.841,B,2026-04-09T00:00:00
C03246,9.4,0.279,0.624,A,2025-12-08T00:00:00
C03247,6.6,0.626,0.884,B,2025-09-06T00:00:00
C03248,4.6,0.359,0.788,B,2025-03-29T00:00:00
C03249,4.8,0.515,0.685,A,2026-04-27T00:00:00
C03250,4.4,1.0,0.785,B,2026-04-04T00:00:00
C03251,0.2,0.786,0.802,B,2025-07-27T00:00:00
C03252,3.7,0.574,0.912,A,2025-04-23T00:00:00
C03253,4.7,1.0,0.593,A,2025-07-13T00:00:00
C03254,2.8,0.417,0.949,A,2025-07-17T00:00:00
C03255,5.0,0.833,0.753,B,2026-04-04T00:00:00
C03256,4.1,0.293,0.674,A,2025-02-03T00:00:00
C03257,6.3,0.551,0.669,A,2025-11-13T00:00:00
C03258,6.0,0.33,0.6,B,2026-01-20T00:00:00
C03259,4.5,0.651,0.489,A,2026-01-17T00:00:00
C03260,0.0,0.611,0.852,A,2025-04-07T00:00:00
C03261,9.4,0.538,1.0,B,2025-07-26T00:00:00
C03262,3.6,0.818,0.507,A,2025-06-21T00:00:00
C03263,3.8,0.487,0.607,A,2025-07-23T00:00:00
C03264,3.0,0.665,0.863,A,2025-02-13T00:00:00
C03265,2.5,0.764,0.743,A,2025-02-11T00:00:00
C03266,8.6,0.303,0.875,A,2025-01-13T00:00:00
C03267,8.2,0.45,0.735,B,2026-04-29T00:00:00
C03268,5.3,0.611,0.663,B,2025-07-28T00:00:00
C03269,3.7,0.726,0.716,A,2025-04-24T00:00:00
C03270,5.9,0.884,0.393,B,2026-02-03T00:00:00
C03271,4.2,0.557,0.578,B,2025-09-05T00:00:00
C03272,3.4,0.537,0.892,B,2025-07-02T00:00:00
C03273,5.0,0.425,0.929,B,2025-02-27T00:00:00
C03274,2.7,0.666,0.961,B,2025-07-13T00:00:00
C03275,4.8,0.541,0.816,B,2025-11-20T00:00:00
C03276,4.6,0.545,0.412,A,2025-11-08T00:00:00
C03277,5.8,0.581,0.655,A,2025-07-15T00:00:00
C03278,2.1,0.71,0.949,A,2025-11-03T00:00:00
C03279,6.1,0.487,0.993,A,2026-01-19T00:00:00
C03280,1.3,0.446,0.954,B,2026-04-11T00:00:00
C03281,2.3,0.686,0.715,A,2025-09-22T00:00:00
C03282,2.4,0.0,0.554,A,2025-04-24T00:00:00
C03283,0.8,0.479,0.744,A,2025-03-06T00:00:00
C03284,7.0,0.37,0.752,A,2025-03-20T00:00:00
C03285,1.1,0.841,0.985,B,2025-01-06T00:00:00
C03286,1.9,0.512,0.784,B,2025-10-07T00:00:00
C03287,7.8,0.488,0.753,A,2025-04-17T00:00:00
C03288,2.3,0.59,0.761,A,2025-04-24T00:00:00
C03289,3.4,0.481,0.81,A,2025-12-29T00:00:00
C03290,1.0,0.519,0.844,A,2025-06-09T00:00:00
C03291,6.5,0.619,0.641,B,2026-02-19T00:00:00
C03292,6.5,0.516,0.591,B,2025-03-10T00:00:00
C03293,6.2,0.514,0.956,A,2025-06-20T00:00:00
C03294,5.6,0.398,0.504,A,2025-01-26T00:00:00
C03295,4.2,0.369,0.996,B,2025-09-25T00:00:00
C03296,2.4,0.612,0.463,B,2025-03-04T00:00:00
C03297,1.6,0.661,0.662,A,2025-05-01T00:00:00
C03298,7.9,0.314,0.896,A,2026-01-03T00:00:00
C03299,6.3,0.752,0.75,A,2026-03-17T00:00:00
C03300,1.9,0.753,0.553,B,2025-09-30T00:00:00
C03301,4.1,0.795,0.814,A,2026-04-28T00:00:00
C03302,3.1,0.66,0.76,A,2026-01-14T00:00:00
C03303,0.6,0.727,0.718,B,2026-01-12T00:00:00
C03304,4.5,1.0,0.656,B,2026-05-11T00:00:00
C03305,2.8,0.54,0.745,A,2025-02-14T00:00:00
C03306,1.1,0.391,0.663,A,2025-04-27T00:00:00
C03307,0.0,0.293,1.0,A,2025-08-07T00:00:00
C03308,0.0,0.951,0.714,B,2025-11-06T00:00:00
C03309,2.9,0.954,0.694,A,2026-05-11T00:00:00
C03310,3.7,0.415,0.669,B,2025-02-19T00:00:00
C03311,1.4,0.455,1.0,B,2025-04-25T00:00:00
C03312,6.0,0.535,0.504,A,2025-05-30T00:00:00
C03313,3.8,0.845,0.804,B,2025-12-02T00:00:00
C03314,5.7,0.343,0.714,A,2026-04-21T00:00:00
C03315,3.5,0.207,0.536,A,2026-04-15T00:00:00
C03316,1.6,1.0,0.627,B,2026-01-09T00:00:00
C03317,4.3,0.662,0.798,A,2026-01-22T00:00:00
C03318,0.2,0.691,0.62,A,2025-07-27T00:00:00
C03319,5.6,0.559,0.789,A,2025-11-01T00:00:00
C03320,1.2,0.693,1.0,A,2025-03-27T00:00:00
C03321,6.8,0.297,0.776,A,2025-09-11T00:00:00
C03322,3.0,0.432,0.532,B,2025-05-27T00:00:00
C03323,7.2,0.621,0.623,B,2026-04-10T00:00:00
C03324,0.6,0.146,0.707,B,2025-07-03T00:00:00
C03325,2.0,0.539,0.697,B,2025-07-17T00:00:00
C03326,5.1,0.527,0.773,A,2025-07-21T00:00:00
C03327,7.5,0.539,0.797,B,2026-03-27T00:00:00
C03328,9.0,0.49,1.0,A,2026-04-12T00:00:00
C03329,4.1,0.401,0.749,A,2025-08-04T00:00:00
C03330,9.5,0.236,0.577,B,2026-05-13T00:00:00
C03331,3.1,0.629,0.923,A,2026-01-14T00:00:00
C03332,7.3,0.54,0.939,A,2026-02-28T00:00:00
C03333,1.2,0.325,0.785,A,2026-04-03T00:00:00
C03334,5.3,0.613,0.713,A,2025-06-16T00:00:00
C03335,0.0,0.541,0.843,A,2025-10-03T00:00:00
C03336,0.6,0.508,0.718,A,2025-05-23T00:00:00
C03337,5.4,0.169,0.442,B,2025-06-04T00:00:00
C03338,0.1,0.737,0.835,A,2025-08-21T00:00:00
C03339,5.3,0.353,0.884,A,2025-01-26T00:00:00
C03340,6.7,0.613,0.966,A,2025-04-18T00:00:00
C03341,2.5,0.438,0.64,B,2026-02-09T00:00:00
C03342,1.1,0.522,0.784,A,2025-03-24T00:00:00
C03343,2.6,0.83,0.787,A,2025-11-08T00:00:00
C03344,1.1,0.706,0.763,A,2026-01-18T00:00:00
C03345,3.7,0.826,0.767,B,2025-05-12T00:00:00
C03346,4.3,0.666,0.756,B,2025-08-18T00:00:00
C03347,3.1,0.679,0.782,B,2026-03-15T00:00:00
C03348,9.0,0.244,0.861,B,2026-02-22T00:00:00
C03349,1.8,0.536,0.933,A,2026-04-06T00:00:00
C03350,8.2,0.555,0.637,A,2025-11-11T00:00:00
C03351,0.9,0.845,0.724,A,2026-03-20T00:00:00
C03352,4.2,0.499,0.687,A,2025-07-19T00:00:00
C03353,7.5,0.653,0.665,A,2025-10-28T00:00:00
C03354,7.4,0.645,0.508,A,2025-11-30T00:00:00
C03355,2.7,0.832,0.754,A,2026-05-04T00:00:00
C03356,5.7,0.573,0.822,B,2025-07-04T00:00:00
C03357,5.3,0.766,0.727,A,2026-03-14T00:00:00
C03358,2.4,0.259,0.749,B,2025-09-12T00:00:00
C03359,5.8,0.277,0.813,B,2025-02-22T00:00:00
C03360,9.6,0.143,0.962,A,2025-11-24T00:00:00
C03361,5.4,0.757,0.687,A,2026-05-06T00:00:00
C03362,5.7,0.735,0.574,B,2025-08-15T00:00:00
C03363,6.0,0.779,0.736,B,2025-10-02T00:00:00
C03364,0.0,0.465,1.0,A,2026-04-09T00:00:00
C03365,5.4,0.487,0.576,A,2026-04-06T00:00:00
C03366,0.9,0.576,0.848,B,2025-07-20T00:00:00
C03367,2.2,0.889,0.924,B,2026-01-16T00:00:00
C03368,10.5,0.939,0.395,A,2025-11-12T00:00:00
C03369,3.2,0.759,0.812,A,2025-11-20T00:00:00
C03370,1.8,0.666,0.841,B,2025-12-27T00:00:00
C03371,7.5,0.867,0.71,A,2025-06-13T00:00:00
C03372,1.2,0.549,0.653,B,2025-06-02T00:00:00
C03373,2.7,0.522,0.661,A,2025-01-14T00:00:00
C03374,7.7,0.574,0.701,A,2026-03-05T00:00:00
C03375,4.1,0.404,0.705,A,2025-05-19T00:00:00
C03376,0.0,0.565,0.676,A,2025-12-04T00:00:00
C03377,5.6,0.377,0.698,B,2025-12-09T00:00:00
C03378,2.8,0.805,0.929,A,2025-12-18T00:00:00
C03379,8.6,0.709,0.568,B,2026-03-08T00:00:00
C03380,2.2,0.886,0.488,A,2026-03-10T00:00:00
C03381,7.2,0.274,0.931,B,2025-01-02T00:00:00
C03382,9.3,0.98,0.721,B,2026-02-25T00:00:00
C03383,1.4,0.286,0.692,B,2025-04-14T00:00:00
C03384,3.4,0.36,0.733,A,2025-11-19T00:00:00
C03385,5.2,0.476,0.781,B,2025-12-03T00:00:00
C03386,1.4,0.862,0.671,A,2025-01-27T00:00:00
C03387,4.8,0.645,0.826,B,2025-05-22T00:00:00
C03388,3.3,0.551,0.606,A,2026-04-01T00:00:00
C03389,3.3,0.441,0.705,A,2025-03-12T00:00:00
C03390,4.1,0.325,0.418,A,2025-04-26T00:00:00
C03391,4.2,0.827,0.926,B,2025-02-10T00:00:00
C03392,4.5,0.76,0.724,B,2025-03-25T00:00:00
C03393,2.2,0.87,0.851,A,2025-11-15T00:00:00
C03394,2.3,0.679,0.821,B,2026-02-25T00:00:00
C03395,3.6,0.072,0.832,B,2025-10-25T00:00:00
C03396,3.9,0.351,0.749,A,2025-05-23T00:00:00
C03397,2.7,0.693,0.808,A,2026-03-06T00:00:00
C03398,5.0,0.526,0.606,B,2025-07-03T00:00:00
C03399,0.0,0.488,0.574,B,2025-06-07T00:00:00
C03400,1.8,0.379,0.735,A,2025-09-10T00:00:00
C03401,3.2,0.79,0.648,B,2025-03-10T00:00:00
C03402,1.4,0.691,0.964,A,2025-06-28T00:00:00
C03403,8.9,0.7,0.806,B,2026-02-04T00:00:00
C03404,4.1,0.473,0.643,B,2025-11-01T00:00:00
C03405,4.5,0.635,0.709,B,2026-05-10T00:00:00
C03406,2.6,0.332,0.77,A,2026-01-23T00:00:00
C03407,4.0,0.574,0.74,A,2025-06-30T00:00:00
C03408,0.4,0.094,0.791,A,2026-01-19T00:00:00
C03409,3.5,0.286,0.76,A,2026-03-09T00:00:00
C03410,1.2,0.536,0.541,B,2025-11-12T00:00:00
C03411,3.2,1.0,0.427,A,2026-01-17T00:00:00
C03412,0.0,0.24,0.694,A,2025-09-09T00:00:00
C03413,0.6,0.351,0.834,A,2026-04-01T00:00:00
C03414,8.4,0.643,0.696,A,2025-04-29T00:00:00
C03415,6.5,0.954,0.935,A,2025-08-01T00:00:00
C03416,8.0,0.64,0.743,B,2025-05-07T00:00:00
C03417,8.2,0.74,0.954,B,2025-02-20T00:00:00
C03418,6.0,0.532,0.923,A,2025-11-04T00:00:00
C03419,2.6,0.498,0.908,B,2025-03-01T00:00:00
C03420,0.9,0.616,0.569,B,2025-04-24T00:00:00
C03421,7.4,0.468,0.753,A,2026-01-17T00:00:00
C03422,4.2,0.745,0.933,B,2025-05-01T00:00:00
C03423,11.5,0.279,0.791,A,2026-03-08T00:00:00
C03424,2.9,0.778,0.833,A,2025-01-25T00:00:00
C03425,9.9,0.608,0.542,A,2025-08-17T00:00:00
C03426,3.5,0.557,1.0,A,2025-02-03T00:00:00
C03427,8.0,0.271,0.631,B,2025-01-30T00:00:00
C03428,9.1,0.404,0.451,B,2026-01-31T00:00:00
C03429,0.9,0.84,0.697,B,2025-02-03T00:00:00
C03430,2.5,0.558,0.383,B,2026-03-23T00:00:00
C03431,0.9,0.656,0.587,B,2025-10-27T00:00:00
C03432,0.3,0.424,1.0,B,2025-08-30T00:00:00
C03433,6.0,0.594,0.693,A,2026-04-05T00:00:00
C03434,3.4,0.326,0.536,A,2025-07-13T00:00:00
C03435,4.2,0.62,0.754,B,2025-07-19T00:00:00
C03436,5.7,0.674,0.615,A,2025-07-24T00:00:00
C03437,0.0,0.664,0.88,A,2025-11-22T00:00:00
C03438,7.9,0.419,0.617,A,2026-02-28T00:00:00
C03439,3.0,0.532,0.791,B,2025-09-29T00:00:00
C03440,5.6,0.707,0.578,A,2025-05-21T00:00:00
C03441,5.9,0.558,1.0,A,2026-03-21T00:00:00
C03442,8.1,0.543,0.826,A,2025-10-27T00:00:00
C03443,3.7,0.981,0.728,A,2026-02-21T00:00:00
C03444,0.0,0.41,0.706,B,2025-08-05T00:00:00
C03445,4.2,0.816,0.667,A,2025-04-10T00:00:00
C03446,4.6,0.369,0.636,B,2026-04-18T00:00:00
C03447,0.9,0.731,0.632,B,2025-12-05T00:00:00
C03448,4.4,0.742,1.0,A,2025-06-03T00:00:00
C03449,2.9,0.498,0.667,B,2026-02-28T00:00:00
C03450,0.0,0.357,0.431,B,2025-01-05T00:00:00
C03451,6.0,0.206,0.575,B,2026-04-11T00:00:00
C03452,2.3,0.477,0.889,A,2025-10-17T00:00:00
C03453,2.8,0.705,0.712,A,2025-10-22T00:00:00
C03454,2.6,0.384,0.73,B,2025-01-07T00:00:00
C03455,7.7,0.619,0.925,B,2025-03-29T00:00:00
C03456,3.9,0.305,0.633,B,2025-12-27T00:00:00
C03457,4.2,0.553,0.845,B,2025-10-07T00:00:00
C03458,2.7,0.371,0.65,A,2025-03-05T00:00:00
C03459,5.4,0.584,0.836,B,2025-11-29T00:00:00
C03460,8.0,0.5,0.691,A,2026-01-09T00:00:00
C03461,5.9,0.362,0.714,B,2025-05-17T00:00:00
C03462,6.1,0.468,0.873,A,2025-12-11T00:00:00
C03463,5.8,0.413,0.862,A,2026-05-02T00:00:00
C03464,0.0,0.337,0.725,B,2025-08-30T00:00:00
C03465,1.4,0.817,0.679,B,2025-04-25T00:00:00
C03466,3.4,0.528,0.99,B,2026-04-26T00:00:00
C03467,1.8,0.16,0.838,A,2026-04-01T00:00:00
C03468,0.8,0.475,0.691,A,2025-08-17T00:00:00
C03469,0.0,0.783,0.652,B,2025-08-01T00:00:00
C03470,0.0,0.448,0.904,A,2026-02-21T00:00:00
C03471,3.2,0.9,0.767,A,2025-01-01T00:00:00
C03472,3.8,0.429,0.725,B,2025-06-06T00:00:00
C03473,1.6,0.701,0.767,A,2025-09-29T00:00:00
C03474,4.2,0.807,0.801,B,2025-11-24T00:00:00
C03475,2.7,0.69,0.741,A,2025-11-11T00:00:00
C03476,7.3,0.325,0.931,B,2025-07-05T00:00:00
C03477,3.5,0.412,0.939,B,2026-03-11T00:00:00
C03478,6.1,0.834,0.83,B,2025-11-21T00:00:00
C03479,4.6,0.439,0.956,B,2025-09-28T00:00:00
C03480,0.0,0.795,0.751,A,2026-04-15T00:00:00
C03481,3.7,0.514,0.854,B,2025-02-17T00:00:00
C03482,0.3,0.628,0.901,B,2025-12-21T00:00:00
C03483,3.7,0.323,0.903,B,2026-04-09T00:00:00
C03484,1.8,0.478,0.887,B,2025-11-27T00:00:00
C03485,5.1,0.425,0.845,B,2025-10-10T00:00:00
C03486,0.0,0.645,1.0,B,2025-07-02T00:00:00
C03487,4.0,0.619,0.669,B,2025-05-16T00:00:00
C03488,5.7,0.693,0.727,A,2025-09-30T00:00:00
C03489,6.7,0.502,0.718,A,2026-03-26T00:00:00
C03490,1.7,0.414,0.695,B,2025-08-20T00:00:00
C03491,4.1,0.637,0.452,A,2025-03-02T00:00:00
C03492,4.6,0.394,0.956,B,2025-08-30T00:00:00
C03493,8.6,0.816,0.596,B,2025-02-18T00:00:00
C03494,0.0,0.577,0.775,A,2026-04-14T00:00:00
C03495,1.3,0.535,0.537,B,2025-09-25T00:00:00
C03496,12.4,0.692,0.843,B,2025-04-17T00:00:00
C03497,3.2,0.585,0.632,B,2025-11-09T00:00:00
C03498,0.0,0.268,0.58,A,2025-09-26T00:00:00
C03499,2.3,0.388,0.779,B,2025-09-13T00:00:00
C03500,0.0,0.812,0.645,A,2025-10-23T00:00:00
C03501,4.7,0.617,0.664,B,2026-04-10T00:00:00
C03502,6.4,0.264,0.776,A,2026-03-05T00:00:00
C03503,1.3,0.67,0.87,B,2025-05-12T00:00:00
C03504,2.6,0.488,0.627,B,2025-04-30T00:00:00
C03505,6.8,0.425,0.601,B,2026-05-11T00:00:00
C03506,0.0,0.371,0.754,A,2025-11-19T00:00:00
C03507,0.0,0.8,0.831,B,2025-01-10T00:00:00
C03508,3.3,0.207,0.969,B,2025-09-22T00:00:00
C03509,1.7,0.432,0.589,A,2025-03-01T00:00:00
C03510,3.1,0.624,0.702,B,2025-01-15T00:00:00
C03511,0.2,0.916,0.926,B,2025-04-03T00:00:00
C03512,4.6,0.711,1.0,B,2025-05-08T00:00:00
C03513,3.6,0.431,0.601,B,2025-02-09T00:00:00
C03514,5.6,0.906,0.639,B,2026-02-22T00:00:00
C03515,4.6,0.329,0.807,B,2025-08-08T00:00:00
C03516,4.6,0.653,0.663,B,2025-10-03T00:00:00
C03517,0.0,0.698,0.636,A,2026-03-09T00:00:00
C03518,5.5,0.424,0.787,A,2026-02-23T00:00:00
C03519,3.0,0.74,0.982,B,2026-02-15T00:00:00
C03520,3.5,0.497,0.554,A,2025-04-09T00:00:00
C03521,7.1,0.739,0.975,B,2026-01-08T00:00:00
C03522,1.8,0.232,0.664,A,2026-05-13T00:00:00
C03523,8.1,0.667,0.802,A,2025-01-04T00:00:00
C03524,8.3,0.518,0.989,A,2026-03-11T00:00:00
C03525,6.3,0.83,0.799,A,2026-03-09T00:00:00
C03526,1.1,0.591,0.705,A,2026-02-25T00:00:00
C03527,0.0,0.85,0.858,A,2025-07-18T00:00:00
C03528,7.2,0.702,0.724,B,2025-04-10T00:00:00
C03529,4.3,0.574,0.828,A,2026-01-01T00:00:00
C03530,1.8,0.758,0.719,A,2025-11-08T00:00:00
C03531,7.5,0.759,0.879,A,2025-12-30T00:00:00
C03532,1.4,0.694,0.541,A,2025-05-08T00:00:00
C03533,2.7,0.142,0.598,A,2025-03-30T00:00:00
C03534,5.6,0.403,0.539,B,2026-03-27T00:00:00
C03535,0.7,0.877,0.742,B,2025-09-15T00:00:00
C03536,3.7,0.349,0.521,A,2026-03-02T00:00:00
C03537,7.3,0.776,0.646,B,2026-04-09T00:00:00
C03538,4.6,0.741,0.584,A,2025-08-18T00:00:00
C03539,7.7,0.455,0.972,A,2025-05-12T00:00:00
C03540,7.4,0.201,0.601,B,2026-03-24T00:00:00
C03541,4.0,0.486,0.557,A,2025-12-24T00:00:00
C03542,0.0,1.0,0.787,B,2025-11-29T00:00:00
C03543,0.7,0.427,1.0,A,2026-04-25T00:00:00
C03544,6.3,0.441,0.733,A,2025-05-04T00:00:00
C03545,0.0,0.4,0.744,A,2025-06-30T00:00:00
C03546,3.0,0.843,0.944,A,2025-01-20T00:00:00
C03547,5.0,0.551,0.882,B,2025-07-13T00:00:00
C03548,8.4,0.475,0.814,A,2025-08-12T00:00:00
C03549,2.3,0.883,0.663,B,2025-08-15T00:00:00
C03550,2.1,0.716,0.818,B,2025-03-17T00:00:00
C03551,3.8,0.416,0.546,B,2026-02-09T00:00:00
C03552,5.1,0.355,0.656,A,2025-09-02T00:00:00
C03553,3.5,0.832,0.965,A,2025-08-08T00:00:00
C03554,7.1,0.603,0.945,A,2026-03-08T00:00:00
C03555,1.6,0.29,0.816,B,2025-09-01T00:00:00
C03556,4.4,0.243,0.461,A,2026-03-23T00:00:00
C03557,5.3,0.377,0.569,B,2025-04-22T00:00:00
C03558,2.8,0.352,0.648,B,2026-03-02T00:00:00
C03559,6.5,0.191,0.724,A,2026-05-10T00:00:00
C03560,4.4,0.38,0.562,B,2026-01-11T00:00:00
C03561,6.4,0.416,0.713,A,2026-03-23T00:00:00
C03562,4.6,0.507,1.0,B,2026-01-06T00:00:00
C03563,5.1,0.939,0.81,A,2025-10-28T00:00:00
C03564,2.1,0.547,0.783,B,2026-01-17T00:00:00
C03565,2.1,0.566,0.597,B,2026-04-26T00:00:00
C03566,7.7,0.702,0.504,B,2025-10-30T00:00:00
C03567,5.9,0.553,0.566,A,2025-12-10T00:00:00
C03568,0.9,0.68,0.498,B,2025-02-09T00:00:00
C03569,4.5,0.656,0.761,A,2026-04-25T00:00:00
C03570,0.0,0.625,0.808,B,2026-01-24T00:00:00
C03571,2.3,1.0,0.605,A,2025-03-22T00:00:00
C03572,6.9,0.782,0.772,A,2025-05-25T00:00:00
C03573,3.6,0.384,0.97,A,2025-04-23T00:00:00
C03574,4.4,0.674,1.0,A,2025-06-09T00:00:00
C03575,0.0,0.442,0.866,A,2026-03-19T00:00:00
C03576,2.8,0.689,0.724,B,2025-08-21T00:00:00
C03577,5.0,0.325,0.861,A,2025-07-29T00:00:00
C03578,5.4,0.378,0.953,B,2026-01-25T00:00:00
C03579,6.9,0.669,0.449,A,2025-07-05T00:00:00
C03580,3.4,0.8,0.972,B,2026-03-19T00:00:00
C03581,3.5,0.701,0.668,B,2026-01-13T00:00:00
C03582,0.0,0.771,0.67,A,2025-05-09T00:00:00
C03583,3.4,0.675,0.697,B,2025-11-12T00:00:00
C03584,0.2,0.634,0.798,B,2025-08-30T00:00:00
C03585,0.0,0.499,0.583,B,2025-06-22T00:00:00
C03586,0.7,0.763,0.707,A,2026-03-30T00:00:00
C03587,8.5,0.805,0.829,A,2025-07-18T00:00:00
C03588,3.2,0.587,0.783,B,2025-02-28T00:00:00
C03589,4.7,0.577,0.807,A,2025-07-24T00:00:00
C03590,2.5,0.918,0.701,B,2025-09-16T00:00:00
C03591,0.0,0.596,0.854,A,2025-03-05T00:00:00
C03592,6.8,0.615,0.908,B,2026-01-07T00:00:00
C03593,0.0,0.697,0.899,A,2025-04-25T00:00:00
C03594,2.3,0.58,0.814,A,2025-02-16T00:00:00
C03595,3.8,0.436,0.891,B,2025-09-26T00:00:00
C03596,4.7,0.676,0.881,B,2025-03-22T00:00:00
C03597,1.8,0.592,1.0,B,2026-01-26T00:00:00
C03598,0.0,0.968,0.933,B,2025-02-04T00:00:00
C03599,1.6,0.758,0.737,A,2025-07-29T00:00:00
C03600,1.8,0.481,0.613,A,2025-01-26T00:00:00
C03601,1.7,0.746,0.711,A,2025-07-11T00:00:00
C03602,6.9,0.662,0.7,A,2026-04-12T00:00:00
C03603,0.4,0.862,0.827,A,2025-11-22T00:00:00
C03604,4.9,0.495,0.645,B,2025-09-25T00:00:00
C03605,4.5,0.638,0.929,A,2025-03-20T00:00:00
C03606,6.9,0.58,0.542,A,2025-06-06T00:00:00
C03607,3.6,0.612,0.505,A,2025-07-10T00:00:00
C03608,6.4,0.423,0.73,A,2025-10-17T00:00:00
C03609,3.5,0.715,0.624,A,2025-04-15T00:00:00
C03610,5.3,0.684,0.561,B,2026-05-15T00:00:00
C03611,0.0,0.857,0.654,A,2025-11-22T00:00:00
C03612,0.0,0.598,0.636,B,2025-06-05T00:00:00
C03613,5.1,0.518,0.752,B,2025-02-26T00:00:00
C03614,5.3,0.758,0.657,B,2025-10-25T00:00:00
C03615,5.4,0.441,0.669,B,2025-08-12T00:00:00
C03616,2.4,0.817,0.749,A,2025-12-03T00:00:00
C03617,8.5,0.817,0.902,A,2025-10-26T00:00:00
C03618,2.6,0.851,0.971,A,2025-11-17T00:00:00
C03619,5.3,0.675,0.772,B,2026-02-21T00:00:00
C03620,5.8,0.503,0.784,B,2025-09-20T00:00:00
C03621,9.2,0.622,0.723,A,2025-12-29T00:00:00
C03622,3.0,0.676,0.822,A,2025-06-29T00:00:00
C03623,2.0,0.488,0.809,B,2026-04-17T00:00:00
C03624,0.0,0.867,0.949,B,2025-07-23T00:00:00
C03625,8.7,0.716,0.467,B,2025-12-06T00:00:00
C03626,5.3,0.422,0.715,B,2026-05-15T00:00:00
C03627,5.4,0.977,0.801,B,2025-06-24T00:00:00
C03628,13.4,0.619,0.746,B,2025-02-20T00:00:00
C03629,5.0,0.381,0.609,A,2025-04-26T00:00:00
C03630,0.1,0.434,0.555,A,2025-05-02T00:00:00
C03631,3.4,0.898,0.871,B,2025-01-29T00:00:00
C03632,1.1,0.965,0.636,B,2025-09-29T00:00:00
C03633,2.8,0.802,0.487,A,2025-05-19T00:00:00
C03634,2.8,0.864,0.878,B,2025-02-18T00:00:00
C03635,2.2,0.843,0.819,A,2025-03-10T00:00:00
C03636,0.0,0.711,0.733,B,2025-05-17T00:00:00
C03637,8.8,0.666,0.613,A,2025-07-04T00:00:00
C03638,4.9,0.708,0.733,B,2026-05-03T00:00:00
C03639,3.3,0.747,0.932,A,2025-12-18T00:00:00
C03640,6.3,0.452,0.508,A,2025-12-24T00:00:00
C03641,5.4,0.746,0.515,A,2025-12-13T00:00:00
C03642,4.8,0.892,0.656,B,2026-02-06T00:00:00
C03643,6.1,0.559,0.746,A,2025-06-09T00:00:00
C03644,4.4,0.537,0.676,A,2025-02-19T00:00:00
C03645,6.0,0.695,0.846,B,2025-09-12T00:00:00
C03646,6.3,0.47,0.913,A,2025-01-01T00:00:00
C03647,4.5,0.337,0.792,A,2025-04-19T00:00:00
C03648,3.3,0.83,0.834,A,2026-01-12T00:00:00
C03649,8.6,0.51,0.791,B,2025-09-09T00:00:00
C03650,2.6,0.604,0.751,A,2025-12-12T00:00:00
C03651,5.2,0.478,0.556,A,2025-09-13T00:00:00
C03652,5.2,0.855,0.596,A,2025-09-29T00:00:00
C03653,2.2,0.771,0.547,A,2025-05-31T00:00:00
C03654,1.6,0.552,0.728,A,2025-04-20T00:00:00
C03655,2.9,0.364,0.785,A,2025-05-10T00:00:00
C03656,2.5,0.531,0.533,A,2026-02-04T00:00:00
C03657,0.0,0.714,0.761,A,2026-05-05T00:00:00
C03658,2.0,0.638,0.619,B,2025-02-10T00:00:00
C03659,4.8,0.622,0.59,A,2025-09-26T00:00:00
C03660,7.8,0.642,0.656,A,2025-08-24T00:00:00
C03661,5.7,0.752,0.582,B,2025-10-09T00:00:00
C03662,0.0,0.592,0.841,B,2025-04-27T00:00:00
C03663,5.9,0.69,0.725,B,2025-01-04T00:00:00
C03664,2.3,0.403,0.872,A,2025-04-12T00:00:00
C03665,5.4,1.0,0.683,A,2025-04-01T00:00:00
C03666,4.0,0.543,0.689,A,2025-01-27T00:00:00
C03667,3.4,0.641,1.0,A,2025-06-28T00:00:00
C03668,3.7,0.713,0.507,A,2025-12-08T00:00:00
C03669,3.9,0.518,0.943,B,2026-04-28T00:00:00
C03670,8.0,0.602,0.998,A,2025-11-25T00:00:00
C03671,3.9,0.599,0.865,B,2025-03-29T00:00:00
C03672,7.3,0.417,0.7,A,2025-07-01T00:00:00
C03673,6.8,0.688,0.964,A,2025-06-01T00:00:00
C03674,6.0,0.27,0.702,B,2025-04-17T00:00:00
C03675,0.0,0.951,0.644,B,2026-05-11T00:00:00
C03676,7.3,0.759,0.692,A,2025-11-24T00:00:00
C03677,2.6,0.728,0.664,B,2025-08-29T00:00:00
C03678,6.1,0.253,0.608,A,2025-08-07T00:00:00
C03679,1.1,0.441,0.917,A,2025-06-09T00:00:00
C03680,0.4,0.878,0.634,B,2025-07-28T00:00:00
C03681,9.9,1.0,0.746,A,2025-11-14T00:00:00
C03682,1.1,0.839,0.533,A,2026-04-10T00:00:00
C03683,7.4,0.807,0.755,A,2025-09-06T00:00:00
C03684,4.4,0.705,0.577,A,2025-04-03T00:00:00
C03685,2.7,0.431,0.573,A,2026-04-24T00:00:00
C03686,3.9,0.799,0.734,A,2025-06-07T00:00:00
C03687,0.1,0.38,0.909,B,2025-02-11T00:00:00
C03688,4.0,0.358,0.816,B,2025-09-30T00:00:00
C03689,0.8,0.345,0.826,A,2026-01-31T00:00:00
C03690,2.8,0.795,0.731,A,2025-05-09T00:00:00
C03691,6.8,0.589,0.7,B,2025-05-20T00:00:00
C03692,4.8,0.62,0.869,A,2025-05-25T00:00:00
C03693,0.0,0.597,0.666,A,2026-02-08T00:00:00
C03694,6.6,0.375,0.875,B,2026-04-24T00:00:00
C03695,4.0,0.466,0.935,A,2026-02-28T00:00:00
C03696,2.4,0.476,0.624,A,2025-04-24T00:00:00
C03697,6.2,0.319,0.646,A,2026-03-01T00:00:00
C03698,3.5,0.499,0.668,A,2025-06-04T00:00:00
C03699,0.5,0.384,0.53,A,2026-03-10T00:00:00
C03700,9.5,0.716,0.68,B,2026-05-11T00:00:00
C03701,3.9,0.732,0.945,A,2025-12-26T00:00:00
C03702,3.8,0.341,0.593,B,2026-04-23T00:00:00
C03703,2.8,0.541,0.949,B,2025-03-13T00:00:00
C03704,7.5,0.971,0.685,A,2025-11-24T00:00:00
C03705,2.4,0.404,1.0,A,2025-01-26T00:00:00
C03706,0.0,0.685,0.648,A,2025-11-23T00:00:00
C03707,2.0,0.621,0.728,B,2025-06-20T00:00:00
C03708,8.0,0.819,0.613,A,2026-04-30T00:00:00
C03709,6.5,0.659,0.647,B,2025-09-05T00:00:00
C03710,3.2,0.514,0.951,B,2026-01-17T00:00:00
C03711,8.1,0.613,0.821,B,2025-06-01T00:00:00
C03712,6.2,0.616,0.904,B,2025-02-07T00:00:00
C03713,3.2,0.582,0.553,B,2026-01-07T00:00:00
C03714,3.5,0.336,0.848,B,2025-04-21T00:00:00
C03715,5.0,0.849,0.604,B,2025-12-28T00:00:00
C03716,1.5,0.813,0.549,B,2025-08-21T00:00:00
C03717,4.0,0.391,0.786,B,2026-05-01T00:00:00
C03718,4.9,0.54,0.784,B,2025-06-26T00:00:00
C03719,0.0,0.555,0.758,A,2025-07-20T00:00:00
C03720,3.4,0.369,0.858,B,2026-01-06T00:00:00
C03721,3.1,0.227,0.881,A,2026-01-28T00:00:00
C03722,7.1,0.466,0.97,B,2025-03-04T00:00:00
C03723,0.0,0.529,0.571,A,2026-01-06T00:00:00
C03724,2.9,0.312,0.975,B,2025-09-03T00:00:00
C03725,2.6,0.635,1.0,B,2026-05-10T00:00:00
C03726,6.9,0.833,0.695,B,2025-11-12T00:00:00
C03727,3.9,0.768,0.5,A,2026-01-22T00:00:00
C03728,9.4,0.575,0.542,B,2025-06-21T00:00:00
C03729,6.0,0.232,0.681,B,2025-05-22T00:00:00
C03730,2.8,0.743,1.0,B,2026-01-28T00:00:00
C03731,4.7,0.629,0.753,B,2025-01-08T00:00:00
C03732,2.9,0.685,0.657,B,2025-10-18T00:00:00
C03733,6.6,0.987,0.647,B,2026-04-30T00:00:00
C03734,0.0,0.435,0.552,A,2026-05-11T00:00:00
C03735,1.5,0.025,0.881,B,2025-12-25T00:00:00
C03736,5.4,0.389,0.736,A,2025-09-06T00:00:00
C03737,7.7,0.697,1.0,B,2026-02-11T00:00:00
C03738,0.0,0.605,0.844,B,2025-01-08T00:00:00
C03739,8.1,0.357,0.874,A,2026-02-01T00:00:00
C03740,3.6,0.316,0.714,A,2025-04-05T00:00:00
C03741,0.0,0.529,0.586,A,2026-01-03T00:00:00
C03742,0.0,0.351,0.619,B,2025-06-24T00:00:00
C03743,0.0,0.704,0.545,A,2026-01-11T00:00:00
C03744,3.9,0.518,0.887,A,2025-10-29T00:00:00
C03745,3.8,0.475,0.692,B,2026-04-10T00:00:00
C03746,5.9,0.448,0.893,A,2026-01-29T00:00:00
C03747,2.4,0.653,0.77,B,2026-04-03T00:00:00
C03748,0.7,0.609,0.706,A,2025-03-17T00:00:00
C03749,2.8,0.64,0.575,A,2025-07-09T00:00:00
C03750,4.1,0.636,0.795,A,2025-08-07T00:00:00
C03751,4.7,0.586,0.717,A,2025-01-16T00:00:00
C03752,1.6,0.393,0.885,A,2025-01-12T00:00:00
C03753,6.7,0.454,0.643,B,2025-01-20T00:00:00
C03754,2.1,0.521,0.842,A,2026-01-19T00:00:00
C03755,1.4,1.0,0.996,A,2025-08-12T00:00:00
C03756,2.4,0.33,0.791,A,2026-01-11T00:00:00
C03757,7.2,0.516,0.868,A,2026-02-22T00:00:00
C03758,3.6,0.62,0.836,B,2025-01-19T00:00:00
C03759,1.9,0.539,1.0,A,2026-02-28T00:00:00
C03760,6.8,0.815,0.806,B,2025-04-23T00:00:00
C03761,10.4,0.538,0.855,A,2025-07-22T00:00:00
C03762,4.6,0.553,0.745,A,2026-04-27T00:00:00
C03763,7.7,0.763,0.634,A,2025-05-31T00:00:00
C03764,7.1,0.962,0.569,A,2026-04-15T00:00:00
C03765,2.2,0.881,0.94,B,2025-09-11T00:00:00
C03766,4.1,0.573,0.599,A,2025-01-07T00:00:00
C03767,0.2,0.59,0.862,A,2026-02-21T00:00:00
C03768,3.4,0.609,0.812,B,2025-01-23T00:00:00
C03769,2.1,0.629,0.888,B,2025-11-15T00:00:00
C03770,2.8,0.431,0.673,B,2025-08-18T00:00:00
C03771,1.8,0.787,0.631,B,2025-03-11T00:00:00
C03772,3.1,0.641,0.807,B,2025-09-15T00:00:00
C03773,5.6,0.591,0.706,B,2025-07-01T00:00:00
C03774,3.6,0.346,0.565,B,2025-02-19T00:00:00
C03775,0.0,0.612,1.0,A,2025-10-05T00:00:00
C03776,1.8,0.221,0.631,B,2025-01-22T00:00:00
C03777,0.0,0.484,0.601,A,2025-09-27T00:00:00
C03778,4.7,0.487,0.714,B,2025-04-24T00:00:00
C03779,5.5,0.657,0.938,B,2026-02-20T00:00:00
C03780,4.8,0.976,0.425,A,2026-04-21T00:00:00
C03781,1.6,0.714,0.925,B,2026-04-12T00:00:00
C03782,4.7,0.89,0.613,B,2026-04-14T00:00:00
C03783,2.6,0.729,0.79,A,2025-02-20T00:00:00
C03784,0.6,0.825,0.649,A,2025-09-12T00:00:00
C03785,6.2,0.971,1.0,B,2025-04-23T00:00:00
C03786,6.5,0.454,0.769,B,2025-02-18T00:00:00
C03787,6.8,0.441,0.644,A,2025-07-16T00:00:00
C03788,2.2,0.734,0.705,A,2025-08-03T00:00:00
C03789,7.5,0.599,0.763,B,2025-05-29T00:00:00
C03790,2.5,0.644,0.777,A,2025-02-27T00:00:00
C03791,6.0,0.55,0.816,A,2025-07-24T00:00:00
C03792,2.5,0.481,0.75,A,2025-03-19T00:00:00
C03793,3.3,0.924,0.543,A,2025-01-21T00:00:00
C03794,0.0,0.38,0.699,B,2025-08-14T00:00:00
C03795,3.1,0.737,0.841,B,2025-02-03T00:00:00
C03796,4.3,0.705,0.65,B,2026-04-28T00:00:00
C03797,2.8,0.284,0.851,B,2026-02-24T00:00:00
C03798,9.3,0.434,0.755,A,2026-04-08T00:00:00
C03799,0.5,0.467,0.717,A,2025-02-21T00:00:00
C03800,2.3,0.713,0.929,A,2025-08-21T00:00:00
C03801,1.3,0.527,0.489,A,2026-02-17T00:00:00
C03802,2.3,0.583,0.649,A,2025-10-15T00:00:00
C03803,7.1,0.308,0.935,A,2025-06-03T00:00:00
C03804,8.4,1.0,1.0,A,2026-02-20T00:00:00
C03805,1.9,0.614,1.0,A,2025-06-04T00:00:00
C03806,1.8,0.7,0.758,B,2026-05-02T00:00:00
C03807,0.5,0.492,0.819,B,2025-02-20T00:00:00
C03808,7.9,0.469,0.873,B,2025-12-19T00:00:00
C03809,7.4,0.983,0.941,B,2025-01-07T00:00:00
C03810,3.7,0.217,0.797,B,2026-04-03T00:00:00
C03811,0.0,0.656,0.889,A,2025-06-27T00:00:00
C03812,0.1,0.358,0.819,B,2025-01-11T00:00:00
C03813,4.5,0.519,0.828,A,2026-02-22T00:00:00
C03814,5.6,0.472,0.612,A,2026-04-29T00:00:00
C03815,0.0,0.403,0.701,A,2026-04-05T00:00:00
C03816,3.0,0.607,0.672,A,2025-08-31T00:00:00
C03817,8.9,0.086,0.572,A,2025-01-31T00:00:00
C03818,3.3,0.537,0.502,B,2025-04-24T00:00:00
C03819,8.5,0.582,0.686,B,2025-01-16T00:00:00
C03820,5.9,0.328,0.71,B,2025-01-23T00:00:00
C03821,0.7,0.903,0.766,B,2025-03-21T00:00:00
C03822,3.1,0.481,0.833,A,2025-10-09T00:00:00
C03823,3.6,0.553,0.778,A,2026-01-19T00:00:00
C03824,1.1,0.482,0.711,B,2025-10-20T00:00:00
C03825,1.1,0.584,0.613,A,2025-04-13T00:00:00
C03826,8.5,0.862,0.882,A,2025-10-28T00:00:00
C03827,1.1,1.0,0.735,A,2025-04-26T00:00:00
C03828,7.2,0.749,0.685,B,2025-08-19T00:00:00
C03829,2.7,0.818,0.722,B,2026-03-21T00:00:00
C03830,3.9,0.943,0.64,A,2025-03-09T00:00:00
C03831,5.7,0.65,0.67,B,2026-03-14T00:00:00
C03832,2.2,0.914,0.666,A,2025-05-16T00:00:00
C03833,5.7,0.758,0.707,A,2025-12-02T00:00:00
C03834,0.0,0.629,0.848,A,2025-05-11T00:00:00
C03835,5.3,0.67,0.811,A,2025-03-24T00:00:00
C03836,0.0,0.236,0.982,B,2025-08-14T00:00:00
C03837,3.3,0.658,0.932,A,2025-07-10T00:00:00
C03838,6.6,0.291,1.0,B,2025-09-11T00:00:00
C03839,5.9,0.275,0.834,A,2025-04-29T00:00:00
C03840,0.1,0.639,0.831,B,2026-05-05T00:00:00
C03841,0.5,0.377,0.677,B,2025-12-02T00:00:00
C03842,1.9,0.599,0.874,B,2026-02-25T00:00:00
C03843,4.6,0.628,0.652,B,2026-01-25T00:00:00
C03844,0.0,0.637,0.529,B,2025-12-29T00:00:00
C03845,4.0,0.419,0.979,A,2025-03-13T00:00:00
C03846,4.9,0.78,0.563,B,2025-10-22T00:00:00
C03847,3.2,0.582,0.816,B,2026-03-25T00:00:00
C03848,5.6,0.688,0.618,A,2025-02-18T00:00:00
C03849,4.7,0.361,0.919,A,2025-08-20T00:00:00
C03850,2.4,0.564,0.939,A,2025-04-03T00:00:00
C03851,0.0,0.819,0.829,A,2026-02-02T00:00:00
C03852,4.4,0.794,0.937,A,2026-04-11T00:00:00
C03853,1.1,0.441,0.751,A,2025-01-26T00:00:00
C03854,2.3,0.491,1.0,B,2026-02-05T00:00:00
C03855,5.4,0.402,0.862,A,2025-06-30T00:00:00
C03856,8.3,0.469,0.615,B,2026-04-27T00:00:00
C03857,3.9,0.32,0.76,A,2025-01-08T00:00:00
C03858,5.7,0.572,0.727,B,2025-04-06T00:00:00
C03859,0.0,0.727,0.712,A,2025-12-26T00:00:00
C03860,4.7,0.443,0.501,A,2026-01-25T00:00:00
C03861,3.8,0.582,0.808,A,2025-02-09T00:00:00
C03862,7.7,0.556,0.542,B,2025-03-22T00:00:00
C03863,2.4,0.811,0.371,A,2025-06-19T00:00:00
C03864,3.3,0.478,0.698,B,2025-01-18T00:00:00
C03865,7.2,0.485,0.637,A,2026-01-26T00:00:00
C03866,3.7,0.431,0.621,B,2025-12-01T00:00:00
C03867,0.7,0.372,0.285,A,2026-01-10T00:00:00
C03868,11.7,0.706,0.622,B,2025-08-23T00:00:00
C03869,0.8,0.573,0.724,A,2025-11-17T00:00:00
C03870,3.8,0.611,0.655,A,2025-10-14T00:00:00
C03871,5.0,0.855,0.808,A,2025-12-14T00:00:00
C03872,4.8,0.866,0.959,A,2025-08-14T00:00:00
C03873,3.4,0.271,0.827,A,2025-11-22T00:00:00
C03874,3.4,0.73,0.904,B,2025-11-19T00:00:00
C03875,3.3,0.645,0.916,A,2025-11-17T00:00:00
C03876,0.7,0.508,0.597,A,2026-03-13T00:00:00
C03877,10.5,0.666,0.816,B,2025-06-24T00:00:00
C03878,3.3,0.255,0.899,A,2026-03-16T00:00:00
C03879,5.8,0.893,0.685,A,2025-01-15T00:00:00
C03880,3.0,0.703,0.631,B,2025-09-01T00:00:00
C03881,2.9,0.427,0.83,B,2025-08-09T00:00:00
C03882,2.6,0.483,0.528,B,2026-03-11T00:00:00
C03883,0.0,0.259,0.587,A,2025-01-23T00:00:00
C03884,3.5,0.537,0.65,B,2025-04-19T00:00:00
C03885,2.8,0.503,0.818,A,2025-08-23T00:00:00
C03886,7.5,0.335,0.783,B,2026-02-12T00:00:00
C03887,0.4,0.755,0.905,B,2025-08-21T00:00:00
C03888,2.3,0.855,0.612,B,2025-11-16T00:00:00
C03889,1.3,0.595,0.604,A,2025-03-31T00:00:00
C03890,8.3,0.539,0.829,A,2026-04-17T00:00:00
C03891,1.4,0.687,0.63,B,2026-01-28T00:00:00
C03892,5.7,0.596,0.659,A,2025-01-22T00:00:00
C03893,6.9,0.384,0.471,A,2025-12-19T00:00:00
C03894,3.6,0.469,0.794,B,2025-03-06T00:00:00
C03895,0.0,0.541,0.981,B,2025-10-07T00:00:00
C03896,0.0,0.65,0.596,A,2025-12-21T00:00:00
C03897,6.6,0.602,0.903,A,2026-04-08T00:00:00
C03898,0.2,0.642,0.741,A,2025-02-05T00:00:00
C03899,5.2,0.295,0.485,A,2025-05-24T00:00:00
C03900,4.3,0.733,0.616,A,2025-12-12T00:00:00
C03901,5.1,0.601,0.607,B,2025-05-12T00:00:00
C03902,5.4,1.0,0.703,B,2025-12-23T00:00:00
C03903,1.2,0.522,0.813,A,2025-04-02T00:00:00
C03904,1.1,0.665,1.0,A,2025-03-23T00:00:00
C03905,6.1,1.0,0.535,B,2025-09-30T00:00:00
C03906,2.1,0.639,0.677,B,2025-12-11T00:00:00
C03907,0.0,0.586,0.616,B,2025-04-13T00:00:00
C03908,5.9,0.403,0.56,A,2026-03-13T00:00:00
C03909,0.9,0.906,0.764,B,2026-03-11T00:00:00
C03910,5.4,0.368,0.75,A,2025-02-10T00:00:00
C03911,8.2,0.685,0.478,A,2025-06-02T00:00:00
C03912,4.1,0.505,0.753,B,2025-10-06T00:00:00
C03913,7.0,0.562,0.569,A,2025-09-03T00:00:00
C03914,4.5,0.315,0.752,A,2025-05-08T00:00:00
C03915,8.8,0.869,0.94,A,2025-09-22T00:00:00
C03916,0.8,0.544,0.819,A,2026-04-27T00:00:00
C03917,4.0,0.357,0.777,A,2025-06-03T00:00:00
C03918,6.0,0.851,0.671,B,2025-04-20T00:00:00
C03919,3.4,0.499,0.76,A,2026-01-05T00:00:00
C03920,7.5,0.667,0.834,A,2025-10-13T00:00:00
C03921,2.7,0.768,0.82,B,2025-12-13T00:00:00
C03922,10.2,0.695,0.735,A,2025-11-20T00:00:00
C03923,10.4,0.161,0.783,B,2026-01-16T00:00:00
C03924,4.8,0.739,0.553,A,2025-12-31T00:00:00
C03925,5.7,0.58,0.64,B,2025-10-30T00:00:00
C03926,7.6,0.534,0.856,A,2025-08-16T00:00:00
C03927,0.4,0.578,0.876,B,2025-08-19T00:00:00
C03928,0.1,0.278,0.764,A,2025-05-13T00:00:00
C03929,7.8,0.638,0.972,B,2025-08-13T00:00:00
C03930,4.8,0.327,0.826,A,2025-10-30T00:00:00
C03931,3.3,0.543,0.715,B,2025-12-25T00:00:00
C03932,4.0,0.631,0.567,A,2026-01-22T00:00:00
C03933,0.0,0.815,0.966,A,2025-07-08T00:00:00
C03934,3.4,0.436,0.866,A,2026-01-02T00:00:00
C03935,1.7,0.89,1.0,A,2025-08-07T00:00:00
C03936,6.8,0.789,1.0,A,2025-06-29T00:00:00
C03937,7.0,0.514,0.557,B,2025-03-23T00:00:00
C03938,5.7,0.378,0.557,A,2025-05-13T00:00:00
C03939,5.2,0.311,0.321,A,2025-12-06T00:00:00
C03940,0.0,0.654,0.888,A,2025-04-19T00:00:00
C03941,5.8,0.453,0.848,A,2025-02-08T00:00:00
C03942,5.9,0.84,0.765,A,2025-05-16T00:00:00
C03943,7.7,0.464,0.566,B,2026-05-11T00:00:00
C03944,10.4,0.42,0.737,A,2025-03-16T00:00:00
C03945,0.0,0.647,0.778,B,2025-03-13T00:00:00
C03946,2.8,0.463,0.867,A,2025-07-21T00:00:00
C03947,1.8,0.602,0.791,A,2025-07-11T00:00:00
C03948,4.5,0.797,0.85,B,2026-04-06T00:00:00
C03949,4.0,0.623,0.731,A,2025-04-29T00:00:00
C03950,3.3,0.624,0.927,A,2025-07-28T00:00:00
C03951,7.1,0.641,0.845,B,2025-05-26T00:00:00
C03952,0.7,0.261,0.572,B,2025-05-05T00:00:00
C03953,0.9,0.678,0.958,B,2025-06-11T00:00:00
C03954,0.9,0.632,0.934,A,2025-05-09T00:00:00
C03955,2.9,0.779,0.82,B,2025-12-26T00:00:00
C03956,0.3,0.721,0.792,B,2026-01-31T00:00:00
C03957,3.9,0.56,0.999,B,2025-03-30T00:00:00
C03958,3.5,0.806,0.505,A,2025-09-05T00:00:00
C03959,1.6,0.541,0.936,A,2025-05-12T00:00:00
C03960,6.6,0.649,0.679,A,2026-03-10T00:00:00
C03961,3.8,0.538,0.914,A,2025-02-20T00:00:00
C03962,7.2,0.692,0.768,B,2025-07-24T00:00:00
C03963,3.4,0.525,0.564,A,2025-06-15T00:00:00
C03964,3.9,0.93,0.676,A,2025-07-01T00:00:00
C03965,2.3,1.0,0.903,A,2026-04-16T00:00:00
C03966,4.0,0.775,0.718,A,2025-09-28T00:00:00
C03967,6.1,0.908,0.657,A,2025-07-10T00:00:00
C03968,2.8,0.292,0.656,A,2026-02-08T00:00:00
C03969,5.6,0.316,0.846,A,2026-01-24T00:00:00
C03970,1.6,0.536,1.0,B,2025-03-14T00:00:00
C03971,6.3,0.608,0.429,A,2025-08-19T00:00:00
C03972,2.3,0.56,1.0,A,2025-07-26T00:00:00
C03973,6.6,0.272,0.781,A,2025-08-13T00:00:00
C03974,4.2,0.83,0.837,A,2025-06-24T00:00:00
C03975,8.6,1.0,0.685,A,2026-02-16T00:00:00
C03976,0.5,0.856,0.749,A,2026-05-13T00:00:00
C03977,0.0,0.817,0.779,A,2025-01-14T00:00:00
C03978,2.2,0.645,0.593,A,2026-03-05T00:00:00
C03979,0.0,0.431,0.629,B,2026-03-09T00:00:00
C03980,0.0,0.615,0.928,A,2025-07-02T00:00:00
C03981,5.9,1.0,0.517,A,2025-08-31T00:00:00
C03982,4.0,0.53,0.816,B,2025-02-21T00:00:00
C03983,2.6,0.509,0.694,A,2025-06-25T00:00:00
C03984,2.8,0.821,0.606,A,2025-04-30T00:00:00
C03985,2.2,0.835,1.0,A,2026-03-30T00:00:00
C03986,9.0,0.43,0.607,A,2025-02-23T00:00:00
C03987,1.8,0.548,0.58,A,2025-06-19T00:00:00
C03988,0.0,0.5,0.722,B,2025-08-29T00:00:00
C03989,6.4,0.614,0.635,B,2026-05-04T00:00:00
C03990,3.4,0.821,0.751,B,2026-02-13T00:00:00
C03991,10.1,0.439,0.773,A,2026-04-14T00:00:00
C03992,2.4,0.818,0.785,A,2025-06-05T00:00:00
C03993,6.5,0.62,0.731,A,2025-05-14T00:00:00
C03994,7.2,1.0,0.645,A,2025-10-13T00:00:00
C03995,2.4,0.664,0.847,A,2025-06-20T00:00:00
C03996,1.8,0.581,0.733,A,2025-01-08T00:00:00
C03997,6.2,0.715,0.676,A,2026-02-11T00:00:00
C03998,5.7,0.533,0.972,A,2025-02-17T00:00:00
C03999,0.0,0.241,0.732,A,2025-04-08T00:00:00
