impression_id,candidate_id,job_id,years_experience,skill_match_score,profile_completeness,seniority_level,req_skill_score,recency_feature_train,recency_feature_serve,event_ts,clicked,applied,shortlisted,true_relevance
I0012628,C02089,J0100,8.8,0.617,0.791,1,0.169,126,3024.0,2026-01-26,0,0,0,0.573
I0037730,C00358,J0057,1.6,0.867,0.707,2,0.372,110,2640.0,2026-02-11,0,0,0,0.3943
I0039991,C03637,J0016,8.8,0.666,0.613,4,0.643,57,1368.0,2026-04-05,1,0,0,0.8224
I0008525,C03545,J0113,0.0,0.4,0.744,1,0.579,234,5616.0,2025-10-10,1,0,0,0.6005
I0008279,C01568,J0074,1.4,0.339,0.7,1,0.343,330,7920.0,2025-07-06,0,0,0,0.7351
I0051012,C03742,J0051,0.0,0.351,0.619,3,0.624,236,5664.0,2025-10-08,0,0,0,0.4989
I0014871,C02856,J0006,2.9,0.711,0.801,3,0.665,57,1368.0,2026-04-05,0,0,0,0.7593
I0015127,C03509,J0088,1.7,0.432,0.589,2,0.856,45,1080.0,2026-04-17,0,0,0,0.4128
I0009366,C03456,J0029,3.9,0.305,0.633,1,0.913,398,9552.0,2025-04-29,0,0,0,0.3327
I0033322,C01851,J0120,0.0,0.703,0.841,2,0.522,271,6504.0,2025-09-03,0,0,0,0.6264
I0053390,C01487,J0125,5.9,0.626,0.59,1,0.475,29,696.0,2026-05-03,0,0,0,0.6766
I0021819,C03982,J0057,4.0,0.53,0.816,2,0.372,191,4584.0,2025-11-22,0,0,0,0.7032
I0005026,C03258,J0128,6.0,0.33,0.6,3,0.677,93,2232.0,2026-02-28,0,0,0,0.5429
I0023428,C01490,J0102,0.0,0.455,0.452,2,0.438,256,6144.0,2025-09-18,1,0,0,0.6323
I0045297,C00513,J0124,6.3,0.525,0.816,4,0.309,159,3816.0,2025-12-24,0,0,0,0.7013
I0026354,C01286,J0138,8.2,0.227,0.646,2,0.343,46,1104.0,2026-04-16,0,0,0,0.756
I0030195,C02531,J0039,8.3,0.508,0.502,1,0.53,396,9504.0,2025-05-01,0,0,0,0.7833
I0047038,C00473,J0018,4.9,0.581,0.653,4,0.73,247,5928.0,2025-09-27,0,0,0,0.6788
I0020731,C02801,J0088,8.5,0.587,0.701,2,0.856,349,8376.0,2025-06-17,1,0,0,0.6687
I0034047,C03666,J0146,4.0,0.543,0.689,3,0.57,321,7704.0,2025-07-15,0,0,0,0.7598
I0026064,C03779,J0087,5.5,0.657,0.938,3,0.578,108,2592.0,2026-02-13,0,0,0,0.8187
I0042469,C03847,J0041,3.2,0.582,0.816,4,0.655,6,144.0,2026-05-26,0,0,0,0.7496
I0029746,C03848,J0107,5.6,0.688,0.618,2,0.389,161,3864.0,2025-12-22,0,0,0,0.5751
I0014522,C03367,J0056,2.2,0.889,0.924,3,0.397,18,432.0,2026-05-14,0,0,0,0.4678
I0031572,C02480,J0118,2.4,0.632,0.541,2,0.57,371,8904.0,2025-05-26,0,0,0,0.6663
I0054949,C02698,J0135,3.6,0.795,0.787,3,0.587,73,1752.0,2026-03-20,0,0,0,0.653
I0019368,C00086,J0145,5.8,0.483,0.687,4,0.701,85,2040.0,2026-03-08,0,0,0,0.655
I0003803,C01190,J0112,1.2,0.511,0.665,2,0.583,21,504.0,2026-05-11,0,0,0,0.6739
I0053325,C00688,J0046,2.9,0.604,0.723,3,0.767,159,3816.0,2025-12-24,0,0,0,0.6549
I0014300,C03617,J0060,8.5,0.817,0.902,1,0.633,346,8304.0,2025-06-20,0,0,0,0.7853
I0051301,C02836,J0021,5.6,0.533,1.0,2,0.438,365,8760.0,2025-06-01,0,0,0,0.8266
I0009008,C03662,J0145,0.0,0.592,0.841,4,0.701,53,1272.0,2026-04-09,0,0,0,0.6771
I0047521,C01651,J0078,0.0,0.076,0.714,2,0.5,388,9312.0,2025-05-09,0,0,0,0.4193
I0025224,C01589,J0086,5.8,0.97,0.694,3,0.489,141,3384.0,2026-01-11,0,0,0,0.4716
I0048921,C02555,J0116,6.3,0.693,0.854,4,0.696,334,8016.0,2025-07-02,0,0,0,0.8621
I0037978,C01827,J0111,0.0,0.302,0.781,1,0.646,50,1200.0,2026-04-12,0,0,0,0.4946
I0044171,C03965,J0123,2.3,1.0,0.903,3,0.315,333,7992.0,2025-07-03,0,0,0,0.3275
I0026303,C03914,J0125,4.5,0.315,0.752,1,0.475,372,8928.0,2025-05-25,0,0,0,0.6922
I0019458,C02662,J0012,1.9,0.811,0.959,1,0.468,51,1224.0,2026-04-11,1,0,0,0.5776
I0005369,C00125,J0107,5.8,0.641,0.851,2,0.389,8,192.0,2026-05-24,0,0,0,0.6773
I0050291,C01049,J0100,0.0,0.808,0.723,1,0.169,144,3456.0,2026-01-08,0,0,0,0.2703
I0025951,C00724,J0114,1.3,0.45,0.617,4,0.554,188,4512.0,2025-11-25,0,0,0,0.6395
I0054908,C02994,J0009,1.8,0.44,0.917,3,0.437,3,72.0,2026-05-29,1,0,0,0.8038
I0056362,C03017,J0064,1.1,0.726,0.984,1,0.487,179,4296.0,2025-12-04,0,0,0,0.6444
I0032218,C01508,J0077,5.8,0.561,0.592,4,0.837,91,2184.0,2026-03-02,0,0,0,0.5873
I0002885,C03354,J0011,7.4,0.645,0.508,3,0.484,55,1320.0,2026-04-07,0,0,0,0.6718
I0036559,C01582,J0026,3.2,0.746,0.804,1,0.881,266,6384.0,2025-09-08,0,0,0,0.7025
I0008966,C03378,J0103,,0.805,0.929,4,0.476,64,1536.0,2026-03-29,0,0,0,0.5942
I0046574,C03653,J0065,2.2,0.771,0.547,2,0.74,103,2472.0,2026-02-18,0,0,0,0.6865
I0010530,C00812,J0075,0.0,0.3,0.469,3,0.62,128,3072.0,2026-01-24,0,0,0,0.4235
I0044628,C02489,J0119,0.2,0.676,0.77,1,0.541,383,9192.0,2025-05-14,0,0,0,0.6422
I0000273,C02002,J0033,8.9,0.523,0.831,1,0.649,355,8520.0,2025-06-11,1,0,0,0.8129
I0019269,C03756,J0149,2.4,0.33,0.791,1,0.593,186,4464.0,2025-11-27,0,0,0,0.5951
I0036911,C01747,J0004,3.5,0.133,0.747,2,0.655,308,7392.0,2025-07-28,0,0,0,0.4187
I0010121,C01610,J0103,6.4,0.62,0.878,4,0.476,171,4104.0,2025-12-12,0,0,0,0.7712
I0013290,C01136,J0060,0.0,0.62,0.626,1,0.633,44,1056.0,2026-04-18,0,0,0,0.6842
I0057606,C00563,J0056,1.7,0.498,0.932,3,0.397,41,984.0,2026-04-21,0,0,0,0.7372
I0047189,C03679,J0028,1.1,0.441,0.917,3,0.898,227,5448.0,1970-01-01 00:00:00,0,0,0,0.4719
I0029209,C03422,J0021,4.2,0.745,0.933,2,0.438,105,2520.0,2026-02-16,0,0,0,0.6346
I0042187,C01452,J0097,2.5,0.529,1.0,1,0.65,207,4968.0,2025-11-06,1,0,0,0.7558
I0025386,C01109,J0092,2.5,0.614,0.64,4,0.623,175,4200.0,2025-12-08,0,0,0,0.7333
I0017005,C01980,J0020,6.7,0.391,0.881,4,0.849,256,6144.0,2025-09-18,0,0,0,0.5558
I0010981,C01049,J0078,0.0,0.808,0.723,2,0.5,399,9576.0,2025-04-28,0,0,0,0.5036
I0047313,C01231,J0089,5.4,0.23,0.825,3,0.39,88,2112.0,2026-03-05,0,0,0,0.728
I0027070,C01960,J0128,5.4,0.682,0.792,3,0.677,24,576.0,2026-05-08,0,0,0,0.828
I0006685,C03739,J0065,,0.357,0.874,2,0.74,13,312.0,2026-05-19,0,0,0,0.6303
I0054960,C03985,J0128,2.2,0.835,1.0,3,0.677,188,4512.0,2025-11-25,0,0,0,0.7247
I0058125,C03210,J0095,2.9,0.499,0.815,3,0.582,362,8688.0,2025-06-04,0,0,0,0.7372
I0040700,C00285,J0133,1.0,0.488,0.871,4,0.772,245,5880.0,2025-09-29,0,0,0,0.5792
I0013902,C00516,J0101,1.0,0.589,0.777,2,0.588,151,3624.0,2026-01-01,1,0,0,0.7522
I0031539,C00319,J0049,9.9,0.329,0.69,2,0.631,53,1272.0,2026-04-09,0,0,0,0.666
I0049716,C02545,J0103,5.0,0.553,0.649,4,0.476,5,120.0,2026-05-27,0,0,0,0.7302
I0049519,C00302,J0067,,0.6,0.476,4,0.443,323,7752.0,2025-07-13,1,0,0,0.6098
I0051923,C02179,J0020,,0.586,0.688,4,0.849,67,1608.0,2026-03-26,0,0,0,0.6286
I0003502,C00072,J0007,5.0,0.386,0.888,3,0.673,7,168.0,2026-05-25,0,0,0,0.6495
I0039336,C00522,J0102,3.8,0.616,0.62,2,0.438,157,3768.0,2025-12-26,0,0,0,0.6305
I0002218,C00815,J0047,2.9,0.535,0.853,2,0.575,85,2040.0,2026-03-08,0,0,0,0.7782
I0018505,C02965,J0081,3.6,0.768,0.602,2,0.644,183,4392.0,2025-11-30,1,1,0,0.6601
I0010689,C00827,J0148,4.0,0.426,0.516,4,0.719,27,648.0,2026-05-05,0,0,0,0.5235
I0021377,C00537,J0060,0.8,0.753,0.558,1,0.633,161,3864.0,2025-12-22,0,0,0,0.6031
I0001866,C00410,J0135,1.2,1.0,0.606,3,0.587,357,8568.0,2025-06-09,0,0,0,0.4169
I0020192,C03924,J0144,4.8,0.739,0.553,2,0.591,275,6600.0,2025-08-30,0,0,0,0.6497
I0028870,C03486,J0103,0.0,0.645,1.0,4,0.476,312,7488.0,2025-07-24,0,0,0,0.6797
I0052203,C03733,J0043,6.6,0.987,0.647,3,0.512,186,4464.0,2025-11-27,0,0,0,0.4761
I0003867,C02857,J0019,2.1,0.503,0.621,1,0.693,13,312.0,2026-05-19,0,0,0,0.5935
I0003222,C03881,J0134,2.9,0.427,0.83,2,0.353,29,696.0,2026-05-03,0,0,0,0.7478
I0021785,C01576,J0043,6.4,0.516,0.944,3,0.512,328,7872.0,2025-07-08,0,0,0,0.8885
I0020984,C00741,J0117,3.3,0.546,0.769,1,0.842,40,960.0,2026-04-22,0,0,0,0.5809
I0048539,C02844,J0076,1.6,0.587,0.683,4,0.695,87,2088.0,2026-03-06,0,0,0,0.6604
I0040694,C03405,J0088,4.5,0.635,0.709,2,0.856,352,8448.0,2025-06-14,0,0,0,0.6371
I0008440,C03656,J0005,2.5,0.531,0.533,1,0.566,297,7128.0,2025-08-08,1,0,0,0.6848
I0009951,C03779,J0031,5.5,0.657,0.938,3,0.886,136,3264.0,2026-01-16,0,0,0,0.713
I0001334,C02669,J0088,0.0,0.705,0.661,2,0.856,392,9408.0,2025-05-05,0,0,0,0.5968
I0032572,C01421,J0117,5.7,0.631,0.592,1,0.842,271,6504.0,2025-09-03,0,0,0,0.6315
I0028344,C02590,J0132,5.4,1.0,0.515,3,0.612,17,408.0,1970-01-01 00:00:00,0,0,0,0.4799
I0046503,C00204,J0122,2.1,0.497,0.818,2,0.704,388,9312.0,2025-05-09,1,0,0,0.6371
I0034482,C00027,J0029,4.6,0.453,0.487,1,0.913,363,8712.0,2025-06-03,0,0,0,0.4077
I0036271,C02471,J0031,3.8,0.328,0.473,3,0.886,155,3720.0,2025-12-28,0,0,0,0.3212
I0036874,C02268,J0077,1.7,0.559,0.677,4,0.837,357,8568.0,2025-06-09,0,0,0,0.5405
I0011512,C01731,J0100,5.8,0.706,0.647,1,0.169,193,4632.0,2025-11-20,0,0,0,0.4189
I0023847,C02475,J0086,0.5,0.98,0.793,3,0.489,371,8904.0,1970-01-01 00:00:00,0,0,0,0.4028
I0009937,C01277,J0081,4.7,0.422,0.671,2,0.644,99,2376.0,2026-02-22,0,0,0,0.6291
I0052122,C01396,J0050,8.5,0.474,0.596,3,0.587,198,4752.0,2025-11-15,0,0,0,0.749
I0009189,C02907,J0093,4.1,0.389,0.67,3,0.757,67,1608.0,2026-03-26,0,0,0,0.5157
I0055990,C00467,J0018,0.0,0.784,0.886,4,0.73,182,4368.0,2025-12-01,0,0,0,0.7286
I0011744,C03224,J0090,3.4,0.516,0.915,3,0.558,282,6768.0,2025-08-23,0,0,0,0.8028
I0034545,C02001,J0086,8.1,0.551,0.766,3,0.489,232,5568.0,2025-10-12,0,0,0,0.8262
I0013152,C01892,J0117,2.6,0.598,0.42,1,0.842,226,5424.0,2025-10-18,0,0,0,0.5073
I0013059,C00174,J0042,4.2,0.845,0.687,3,0.496,173,4152.0,2025-12-10,0,0,0,0.5356
I0049858,C00761,J0101,1.6,0.607,0.713,2,0.588,307,7368.0,2025-07-29,0,0,0,0.7316
I0052310,C02278,J0071,4.7,0.777,0.872,2,0.587,333,7992.0,2025-07-03,1,1,0,0.7083
I0008914,C00038,J0149,7.9,0.72,0.982,1,0.593,231,5544.0,2025-10-13,1,1,0,0.8379
I0042178,C00302,J0113,4.1,0.6,0.476,1,0.579,199,4776.0,2025-11-14,0,0,0,0.7056
I0009199,C01070,J0079,7.4,0.198,0.614,2,0.518,263,6312.0,2025-09-11,0,0,0,0.5896
I0037940,C03340,J0132,6.7,0.613,0.966,3,0.612,176,4224.0,2025-12-07,1,0,0,0.9019
I0054184,C02687,J0146,2.4,0.441,0.631,3,0.57,278,6672.0,2025-08-27,0,0,0,0.6444
I0048596,C02906,J0046,4.7,1.0,0.853,3,0.767,356,8544.0,2025-06-10,0,0,0,0.6726
I0058585,C00592,J0061,0.0,0.607,0.885,1,0.484,202,4848.0,2025-11-11,0,0,0,0.6797
I0008063,C03021,J0045,4.6,0.633,0.676,4,0.544,85,2040.0,2026-03-08,1,1,0,0.7225
I0021052,C01295,J0113,0.4,0.961,0.698,1,0.579,88,2112.0,2026-03-05,0,0,0,0.4511
I0030487,C03926,J0109,7.6,0.534,0.856,2,0.714,42,1008.0,2026-04-20,0,0,0,0.7599
I0007528,C02688,J0122,3.3,0.66,0.995,2,0.704,156,3744.0,2025-12-27,0,0,0,0.8222
I0009935,C00950,J0046,2.4,0.514,0.654,3,0.767,302,7248.0,2025-08-03,1,0,0,0.5635
I0031354,C00673,J0031,6.4,0.66,0.922,3,0.886,209,5016.0,2025-11-04,0,0,0,0.7258
I0048001,C02398,J0070,0.0,0.494,0.986,3,0.423,117,2808.0,2026-02-04,0,0,0,0.7448
I0049675,C01607,J0042,2.8,0.034,0.414,3,0.496,202,4848.0,2025-11-11,0,0,0,0.3553
I0049979,C00783,J0144,4.9,0.54,0.735,2,0.591,285,6840.0,2025-08-20,0,0,0,0.771
I0034356,C03509,J0004,1.7,0.432,0.589,2,0.655,53,1272.0,2026-04-09,0,0,0,0.5545
I0038895,C02194,J0010,2.3,0.558,0.627,4,0.566,86,2064.0,2026-03-07,1,0,0,0.7269
I0046280,C02693,J0117,3.1,0.374,0.85,1,0.842,81,1944.0,2026-03-12,0,0,0,0.4791
I0009073,C02474,J0091,6.2,0.991,0.639,2,0.409,259,6216.0,2025-09-15,0,0,0,0.3917
I0024961,C01891,J0038,5.2,0.351,0.486,4,0.713,379,9096.0,2025-05-18,0,0,0,0.4867
I0000476,C00293,J0000,0.0,0.26,0.757,4,0.534,354,8496.0,2025-06-12,0,0,0,0.5371
I0016358,C01454,J0134,,1.0,0.774,2,0.353,343,8232.0,2025-06-23,0,0,0,0.4448
I0024839,C03620,J0057,5.8,0.503,0.784,2,0.372,108,2592.0,2026-02-13,1,0,0,0.7437
I0024915,C02070,J0029,2.3,0.596,0.732,1,0.913,179,4296.0,2025-12-04,0,0,0,0.5387
I0015359,C01912,J0126,2.9,0.512,0.952,2,0.635,24,576.0,2026-05-08,0,0,0,0.7476
I0016242,C00959,J0139,3.0,0.779,0.81,2,0.561,89,2136.0,2026-03-04,0,0,0,0.6423
I0033821,C02855,J0060,8.1,0.334,0.857,1,0.633,302,7248.0,2025-08-03,0,0,0,0.6848
I0031935,C00429,J0002,2.6,0.581,0.722,3,0.479,279,6696.0,2025-08-26,0,0,0,0.6925
I0048297,C00210,J0111,1.9,0.33,0.858,1,0.646,121,2904.0,2026-01-31,0,0,0,0.5682
I0025311,C02913,J0131,1.0,0.999,0.552,2,0.716,362,8688.0,2025-06-04,0,0,0,0.4899
I0004402,C02438,J0096,5.1,0.405,0.584,3,0.799,66,1584.0,2026-03-27,0,0,0,0.4901
I0052611,C01765,J0018,3.1,1.0,0.797,4,0.73,114,2736.0,2026-02-07,0,0,0,0.6037
I0027692,C01756,J0069,7.0,0.491,0.903,2,0.698,284,6816.0,2025-08-21,0,0,0,0.744
I0036474,C02611,J0005,4.7,0.809,0.726,1,0.566,146,3504.0,2026-01-06,0,0,0,0.6298
I0033603,C00704,J0077,2.7,0.5,0.631,4,0.837,266,6384.0,2025-09-08,0,0,0,0.5029
I0024219,C00989,J0069,7.8,0.86,0.689,2,0.698,172,4128.0,2025-12-11,0,0,0,0.7289
I0041145,C03804,J0082,8.4,1.0,1.0,1,0.615,211,5064.0,2025-11-02,0,0,0,0.6695
I0031168,C00873,J0093,7.7,0.688,0.761,3,0.757,118,2832.0,2026-02-03,0,0,0,0.8131
I0031382,C00670,J0115,2.6,0.928,0.833,1,0.627,139,3336.0,2026-01-13,0,0,0,0.5835
I0057527,C00051,J0133,,0.56,0.773,4,0.772,56,1344.0,2026-04-06,0,0,0,0.6107
I0048272,C00874,J0138,,0.632,1.0,2,0.343,294,7056.0,2025-08-11,0,0,0,0.6188
I0023534,C03469,J0143,0.0,0.783,0.652,1,0.714,289,6936.0,2025-08-16,0,0,0,0.6521
I0045163,C02387,J0111,0.0,0.717,0.63,1,0.646,21,504.0,2026-05-11,0,0,0,0.6444
I0005874,C03466,J0089,3.4,0.528,0.99,3,0.39,246,5904.0,2025-09-28,0,0,0,0.7562
I0030088,C03444,J0133,0.0,0.41,0.706,4,0.772,268,6432.0,2025-09-06,0,0,0,0.4607
I0059052,C01356,J0143,1.0,1.0,0.719,1,0.714,317,7608.0,2025-07-19,0,0,0,0.5349
I0017179,C02711,J0088,2.2,0.658,0.72,2,0.856,187,4488.0,2025-11-26,0,0,0,0.6175
I0045513,C00051,J0139,1.5,0.56,0.773,2,0.561,305,7320.0,2025-07-31,0,0,0,0.7595
I0039996,C02106,J0107,1.4,0.437,0.786,2,0.389,21,504.0,2026-05-11,0,0,0,0.7283
I0008478,C01993,J0133,3.0,0.65,0.937,4,0.772,11,264.0,2026-05-21,0,0,0,0.7458
I0036198,C03843,J0139,4.6,0.628,0.652,2,0.561,234,5616.0,2025-10-10,0,0,0,0.7313
I0050196,C01086,J0117,5.3,0.601,0.843,1,0.842,180,4320.0,2025-12-03,0,0,0,0.6743
I0052352,C00099,J0088,5.4,0.441,0.895,2,0.856,149,3576.0,2026-01-03,1,0,0,0.568
I0052625,C03387,J0123,4.8,0.645,0.826,3,0.315,88,2112.0,2026-03-05,1,0,0,0.5983
I0037788,C01106,J0014,,0.896,0.563,1,0.37,2,48.0,2026-05-30,0,0,0,0.3911
I0000212,C02723,J0036,2.9,0.308,0.821,4,0.6,244,5856.0,2025-09-30,0,0,0,0.5916
I0004248,C03030,J0039,3.4,0.698,0.617,1,0.53,355,8520.0,2025-06-11,0,0,0,0.6299
I0026773,C01146,J0107,4.1,0.69,0.662,2,0.389,315,7560.0,2025-07-21,0,0,0,0.5607
I0047225,C03610,J0070,,0.684,0.561,3,0.423,190,4560.0,2025-11-23,0,0,0,0.5807
I0038606,C02393,J0051,1.8,0.852,1.0,3,0.624,1,24.0,2026-05-31,0,0,0,0.6685
I0047023,C02171,J0057,0.0,0.627,0.51,2,0.372,34,816.0,2026-04-28,0,0,0,0.4809
I0050318,C03300,J0138,1.9,0.753,0.553,2,0.343,41,984.0,2026-04-21,1,0,0,0.4159
I0007984,C03964,J0005,3.9,0.93,0.676,1,0.566,88,2112.0,2026-03-05,0,0,0,0.5168
I0016164,C03350,J0075,8.2,0.555,0.637,3,0.62,63,1512.0,2026-03-30,1,0,0,0.7894
I0015325,C03578,J0007,5.4,0.378,0.953,3,0.673,301,7224.0,2025-08-04,0,0,0,0.669
I0053791,C00001,J0096,0.0,0.093,0.712,3,0.799,234,5616.0,2025-10-10,0,0,0,0.2199
I0059920,C01032,J0094,5.1,0.096,0.759,2,0.625,147,3528.0,2026-01-05,0,0,0,0.4442
I0021634,C00299,J0097,6.7,0.615,0.724,1,0.65,332,7968.0,2025-07-04,0,0,0,0.8097
I0005748,C00769,J0067,6.4,0.535,0.499,4,0.443,152,3648.0,2025-12-31,0,0,0,0.701
I0040744,C01728,J0001,5.3,0.444,0.85,3,0.47,134,3216.0,2026-01-18,0,0,0,0.8279
I0002095,C02966,J0134,0.4,0.229,0.8,2,0.353,123,2952.0,2026-01-29,0,0,0,0.6618
I0051747,C02262,J0035,8.0,0.587,0.965,4,0.644,308,7392.0,2025-07-28,1,1,0,0.8841
I0038858,C03449,J0129,2.9,0.498,0.667,1,0.574,141,3384.0,2026-01-11,1,0,0,0.7004
I0030281,C02672,J0094,0.0,0.716,0.696,2,0.625,108,2592.0,2026-02-13,1,1,1,0.6489
I0009134,C03770,J0049,2.8,0.431,0.673,2,0.631,64,1536.0,2026-03-29,0,0,0,0.613
I0006994,C00469,J0096,3.6,0.506,0.858,3,0.799,247,5928.0,2025-09-27,0,0,0,0.6131
I0043502,C02693,J0017,3.1,0.374,0.85,2,0.748,268,6432.0,2025-09-06,1,0,0,0.5453
I0009998,C01475,J0102,5.1,0.622,0.642,2,0.438,61,1464.0,2026-04-01,0,0,0,0.6544
I0022494,C03268,J0062,5.3,0.611,0.663,4,0.382,2,48.0,2026-05-30,0,0,0,0.632
I0050702,C00010,J0116,4.7,0.717,0.632,4,0.696,217,5208.0,2025-10-27,1,0,0,0.7598
I0026457,C01684,J0098,6.8,0.695,0.632,1,0.723,268,6432.0,2025-09-06,0,0,0,0.7904
I0056099,C03134,J0084,0.0,0.792,0.514,4,0.431,161,3864.0,2025-12-22,0,0,0,0.4073
I0021543,C00100,J0010,1.5,0.563,0.655,4,0.566,82,1968.0,2026-03-11,0,0,0,0.7248
I0001422,C03582,J0077,0.0,0.771,0.67,4,0.837,57,1368.0,2026-04-05,1,1,0,0.6592
I0011024,C01575,J0115,8.3,0.626,0.591,1,0.627,184,4416.0,2025-11-29,0,0,0,0.8232
I0016732,C00504,J0064,6.2,0.445,0.596,1,0.487,185,4440.0,2025-11-28,0,0,0,0.7602
I0012678,C02316,J0002,4.1,0.534,0.444,3,0.479,179,4296.0,2025-12-04,1,0,0,0.6726
I0026242,C01128,J0054,6.1,0.313,0.491,2,0.727,292,7008.0,2025-08-13,0,0,0,0.4667
I0032673,C00081,J0097,1.3,0.526,0.705,1,0.65,251,6024.0,2025-09-23,1,0,0,0.6502
I0029542,C01925,J0067,1.6,0.562,0.734,4,0.443,398,9552.0,2025-04-29,0,0,0,0.667
I0054773,C03223,J0115,4.4,0.293,0.91,1,0.627,281,6744.0,2025-08-24,0,0,0,0.6124
I0049177,C02297,J0048,0.0,0.44,0.851,2,0.774,150,3600.0,2026-01-02,1,0,0,0.5214
I0028872,C01621,J0141,3.9,0.328,0.673,3,0.672,171,4104.0,2025-12-12,0,0,0,0.5301
I0039283,C02849,J0011,0.4,0.818,0.767,3,0.484,42,1008.0,2026-04-20,0,0,0,0.5044
I0023532,C02205,J0120,1.9,0.455,0.662,2,0.522,397,9528.0,2025-04-30,0,0,0,0.6884
I0004614,C02757,J0077,3.2,0.605,0.758,4,0.837,287,6888.0,2025-08-18,0,0,0,0.6212
I0003131,C00700,J0098,0.6,0.531,0.595,1,0.723,303,7272.0,2025-08-02,0,0,0,0.5594
I0011988,C01656,J0055,1.7,0.349,0.731,3,0.749,112,2688.0,2026-02-09,0,0,0,0.4698
I0052076,C01225,J0045,0.0,0.727,0.763,4,0.544,154,3696.0,2025-12-29,1,0,0,0.603
I0032090,C00299,J0100,6.7,0.615,0.724,1,0.169,167,4008.0,2025-12-16,0,0,0,0.5199
I0027585,C00514,J0044,0.0,0.646,0.764,2,0.579,188,4512.0,2025-11-25,0,0,0,0.685
I0042027,C03454,J0074,2.6,0.384,0.73,1,0.343,92,2208.0,2026-03-01,0,0,0,0.7378
I0044318,C02797,J0110,4.0,0.493,0.514,2,0.549,144,3456.0,2026-01-08,0,0,0,0.69
I0042226,C03968,J0024,2.8,0.292,0.656,1,0.346,111,2664.0,2026-02-10,0,0,0,0.7111
I0057247,C01310,J0049,,0.63,0.735,2,0.631,142,3408.0,2026-01-10,0,0,0,0.8367
I0031638,C02493,J0146,1.1,0.387,0.741,3,0.57,187,4488.0,2025-11-26,0,0,0,0.6154
I0035827,C02656,J0033,7.8,0.134,0.739,1,0.649,318,7632.0,2025-07-18,0,0,0,0.4941
I0001638,C02020,J0018,5.8,0.6,0.728,4,0.73,229,5496.0,2025-10-15,0,0,0,0.7286
I0020715,C01660,J0097,3.6,0.727,0.772,1,0.65,130,3120.0,2026-01-22,0,0,0,0.7412
I0028297,C00465,J0058,9.3,0.877,0.656,1,0.519,132,3168.0,2026-01-20,0,0,0,0.6068
I0057718,C00596,J0101,1.9,0.375,0.741,2,0.588,17,408.0,2026-05-15,0,0,0,0.6078
I0043545,C03186,J0132,5.0,0.492,0.781,3,0.612,219,5256.0,2025-10-25,0,0,0,0.7371
I0031505,C01237,J0060,4.3,0.719,0.912,1,0.633,140,3360.0,2026-01-12,0,0,0,0.7861
I0027797,C00714,J0131,4.2,0.562,1.0,2,0.716,250,6000.0,2025-09-24,0,0,0,0.7613
I0039025,C00065,J0100,9.1,0.732,0.914,1,0.169,152,3648.0,2025-12-31,0,0,0,0.5317
I0022799,C02196,J0004,4.9,0.659,0.603,2,0.655,295,7080.0,2025-08-10,0,0,0,0.767
I0052766,C00781,J0094,2.2,0.718,0.627,2,0.625,18,432.0,2026-05-14,0,0,0,0.6653
I0058622,C01699,J0060,4.3,0.797,0.893,1,0.633,192,4608.0,2025-11-21,0,0,0,0.7258
I0054014,C02109,J0028,0.0,0.781,0.734,3,0.898,295,7080.0,2025-08-10,0,0,0,0.6413
I0021130,C01729,J0036,7.5,0.497,0.907,4,0.6,285,6840.0,2025-08-20,0,0,0,0.8269
I0027060,C03818,J0068,3.3,0.537,0.502,2,0.713,247,5928.0,2025-09-27,0,0,0,0.5902
I0027917,C03877,J0086,10.5,0.666,0.816,3,0.489,38,912.0,2026-04-24,0,0,0,0.7998
I0016695,C03029,J0069,2.4,0.498,0.893,2,0.698,191,4584.0,2025-11-22,0,0,0,0.6683
I0056034,C03692,J0101,4.8,0.62,0.869,2,0.588,19,456.0,2026-05-13,0,0,0,0.8205
I0023494,C03689,J0129,0.8,0.345,0.826,1,0.574,377,9048.0,2025-05-20,0,0,0,0.6019
I0006650,C01129,J0030,1.7,0.874,0.627,2,1.0,101,2424.0,2026-02-20,0,0,0,0.6336
I0007055,C03807,J0043,0.5,0.492,0.819,3,0.512,38,912.0,2026-04-24,1,0,0,0.7421
I0027375,C03113,J0037,7.6,0.605,0.734,2,0.622,336,8064.0,2025-06-30,0,0,0,0.8404
I0021138,C01258,J0009,0.0,0.425,0.711,3,0.437,45,1080.0,2026-04-17,0,0,0,0.7089
I0039320,C00876,J0124,4.2,0.535,0.509,4,0.309,116,2784.0,2026-02-05,0,0,0,0.5721
I0052445,C03393,J0061,2.2,0.87,0.851,1,0.484,231,5544.0,2025-10-13,1,0,0,0.5219
I0003882,C02195,J0117,9.2,0.256,0.786,1,0.842,311,7464.0,2025-07-25,0,0,0,0.481
I0029068,C00049,J0134,6.9,0.667,0.681,2,0.353,239,5736.0,2025-10-05,0,0,0,0.6043
I0032248,C03895,J0032,0.0,0.541,0.981,2,0.954,134,3216.0,2026-01-18,0,0,0,0.5023
I0004503,C02718,J0057,5.5,0.793,0.659,2,0.372,15,360.0,2026-05-17,0,0,0,0.4989
I0040877,C02774,J0135,0.0,0.601,0.787,3,0.587,379,9096.0,2025-05-18,0,0,0,0.7289
I0022561,C03052,J0000,0.0,0.074,0.566,4,0.534,121,2904.0,2026-01-31,0,0,0,0.3522
I0006100,C00687,J0097,6.6,0.565,0.429,1,0.65,316,7584.0,2025-07-20,0,0,0,0.6896
I0034308,C00515,J0118,1.9,0.839,0.65,2,0.57,397,9528.0,2025-04-30,0,0,0,0.5426
I0024049,C01691,J0063,,0.259,1.0,4,0.497,288,6912.0,2025-08-17,0,0,0,0.6818
I0053726,C02904,J0051,4.1,0.571,0.522,3,0.624,242,5808.0,2025-10-02,0,0,0,0.696
I0025880,C00929,J0092,0.9,0.517,0.75,4,0.623,131,3144.0,2026-01-21,0,0,0,0.6688
I0019672,C01472,J0112,7.7,0.774,0.779,2,0.583,395,9480.0,2025-05-02,0,0,0,0.7321
I0048144,C00508,J0089,7.7,0.787,0.698,3,0.39,210,5040.0,2025-11-03,0,0,0,0.5641
I0032225,C03372,J0006,1.2,0.549,0.653,3,0.665,213,5112.0,2025-10-31,0,0,0,0.6395
I0045553,C01298,J0147,0.0,0.411,0.937,2,0.622,345,8280.0,2025-06-21,0,0,0,0.6323
I0021356,C02306,J0113,6.3,0.661,0.52,1,0.579,343,8232.0,2025-06-23,0,0,0,0.7123
I0016981,C02666,J0149,2.6,0.304,0.908,1,0.593,279,6696.0,2025-08-26,0,0,0,0.6131
I0052798,C01824,J0003,8.1,0.356,0.427,1,0.462,343,8232.0,2025-06-23,0,0,0,0.6996
I0052039,C01720,J0025,6.0,0.84,0.747,3,0.501,50,1200.0,2026-04-12,0,0,0,0.59
I0050746,C03590,J0092,2.5,0.918,0.701,4,0.623,383,9192.0,2025-05-14,0,0,0,0.5489
I0016187,C03519,J0141,3.0,0.74,0.982,3,0.672,252,6048.0,2025-09-22,0,0,0,0.7966
I0000431,C01760,J0038,2.1,0.731,0.994,4,0.713,306,7344.0,2025-07-30,0,0,0,0.82
I0040219,C03034,J0052,2.3,0.553,0.652,4,0.406,24,576.0,2026-05-08,0,0,0,0.636
I0015074,C03276,J0109,4.6,0.545,0.412,2,0.714,130,3120.0,2026-01-22,0,0,0,0.5917
I0044762,C01195,J0113,3.6,0.632,0.754,1,0.579,238,5712.0,2025-10-06,0,0,0,0.753
I0045788,C02850,J0148,9.2,0.409,0.925,4,0.719,84,2016.0,2026-03-09,1,1,0,0.7148
I0030235,C01728,J0036,5.3,0.444,0.85,4,0.6,326,7824.0,2025-07-10,0,0,0,0.7362
I0018237,C02072,J0055,1.7,0.344,0.688,3,0.749,82,1968.0,2026-03-11,0,0,0,0.4541
I0014041,C02413,J0115,3.2,0.53,0.856,1,0.627,27,648.0,2026-05-05,0,0,0,0.744
I0022590,C01878,J0084,5.6,0.647,0.637,4,0.431,13,312.0,2026-05-19,0,0,0,0.6389
I0049024,C00522,J0144,3.8,0.616,0.62,2,0.591,353,8472.0,2025-06-13,0,0,0,0.7383
I0019260,C02729,J0038,4.6,0.954,0.873,4,0.713,78,1872.0,2026-03-15,0,0,0,0.6709
I0019485,C02605,J0041,3.6,0.437,0.658,4,0.655,305,7320.0,2025-07-31,0,0,0,0.6096
I0012859,C02487,J0139,3.2,0.499,0.59,2,0.561,274,6576.0,2025-08-31,0,0,0,0.6936
I0000109,C03983,J0063,,0.509,0.694,4,0.497,222,5328.0,2025-10-22,0,0,0,0.7481
I0008404,C01501,J0139,5.5,0.294,0.873,2,0.561,29,696.0,2026-05-03,1,0,0,0.6678
I0018719,C00656,J0060,5.5,0.358,0.571,1,0.633,64,1536.0,2026-03-29,0,0,0,0.577
I0040675,C01985,J0147,7.6,0.615,0.647,2,0.622,154,3696.0,2025-12-29,0,0,0,0.8229
I0037635,C01470,J0098,3.2,0.996,0.651,1,0.723,25,600.0,2026-05-07,0,0,0,0.5621
I0049243,C03226,J0015,2.9,0.53,0.958,2,0.903,130,3120.0,2026-01-22,0,0,0,0.5731
I0014504,C01652,J0129,8.9,0.625,0.664,1,0.574,99,2376.0,2026-02-22,1,1,0,0.8187
I0046108,C03325,J0111,2.0,0.539,0.697,1,0.646,253,6072.0,2025-09-21,0,0,0,0.6718
I0009634,C01783,J0084,2.9,0.808,0.683,4,0.431,241,5784.0,2025-10-03,0,0,0,0.4927
I0004948,C01905,J0108,6.7,0.624,0.72,4,0.437,26,624.0,2026-05-06,0,0,0,0.7014
I0020784,C03974,J0074,4.2,0.83,0.837,1,0.343,248,5952.0,2025-09-26,0,0,0,0.4806
I0059370,C01999,J0108,1.4,0.847,0.675,4,0.437,333,7992.0,2025-07-03,0,0,0,0.4418
I0001477,C01752,J0048,5.1,0.592,0.748,2,0.774,207,4968.0,2025-11-06,0,0,0,0.6857
I0047899,C03909,J0098,0.9,0.906,0.764,1,0.723,264,6336.0,2025-09-10,0,0,0,0.6185
I0008034,C03278,J0071,2.1,0.71,0.949,2,0.587,348,8352.0,2025-06-18,0,0,0,0.7333
I0057864,C02086,J0043,1.1,0.475,0.822,3,0.512,131,3144.0,2026-01-21,0,0,0,0.7412
I0042479,C02413,J0049,3.2,0.53,0.856,2,0.631,303,7272.0,2025-08-02,0,0,0,0.7412
I0052624,C03252,J0112,3.7,0.574,0.912,2,0.583,91,2184.0,2026-03-02,0,0,0,0.8303
I0002980,C00051,J0085,1.5,0.56,0.773,1,0.66,307,7368.0,2025-07-29,0,0,0,0.6897
I0054612,C03378,J0112,2.8,0.805,0.929,2,0.583,245,5880.0,2025-09-29,0,0,0,0.6697
I0049686,C03127,J0145,0.4,0.887,0.572,4,0.701,375,9000.0,2025-05-22,0,0,0,0.5538
I0031067,C03766,J0095,4.1,0.573,0.599,3,0.582,176,4224.0,2025-12-07,0,0,0,0.7488
I0051402,C03545,J0121,0.0,0.4,0.744,3,0.82,149,3576.0,2026-01-03,1,0,0,0.4306
I0030360,C00723,J0076,0.0,0.899,1.0,4,0.695,193,4632.0,2025-11-20,0,0,0,0.655
I0039587,C00062,J0054,0.0,0.615,0.785,2,0.727,247,5928.0,2025-09-27,0,0,0,0.6592
I0027423,C00556,J0000,7.0,0.743,0.833,4,0.534,144,3456.0,2026-01-08,0,0,0,0.7228
I0040082,C00149,J0008,6.1,0.853,0.723,2,0.441,94,2256.0,2026-02-27,1,0,0,0.5335
I0012579,C01338,J0073,13.7,0.553,0.784,2,0.624,260,6240.0,2025-09-14,0,0,0,0.9196
I0021816,C02271,J0127,0.7,0.309,0.828,3,0.595,225,5400.0,2025-10-19,0,0,0,0.5606
I0015697,C02602,J0042,2.0,0.491,0.741,3,0.496,142,3408.0,2026-01-10,0,0,0,0.7561
I0002449,C03611,J0077,,0.857,0.654,4,0.837,247,5928.0,2025-09-27,0,0,0,0.6872
I0005712,C03045,J0110,6.1,0.827,0.668,2,0.549,127,3048.0,2026-01-25,0,0,0,0.6124
I0012189,C02431,J0062,4.1,0.325,0.969,4,0.382,49,1176.0,2026-04-13,0,0,0,0.8193
I0024478,C02211,J0036,2.7,0.683,0.81,4,0.6,202,4848.0,2025-11-11,0,0,0,0.7324
I0039503,C03070,J0081,9.9,0.185,0.801,2,0.644,135,3240.0,2026-01-17,0,0,0,0.5866
I0034666,C00574,J0030,5.3,0.639,0.867,2,1.0,20,480.0,2026-05-12,0,0,0,0.5965
I0011061,C03673,J0027,6.8,0.688,0.964,1,0.574,202,4848.0,2025-11-11,0,0,0,0.8233
I0038989,C00011,J0129,5.2,1.0,0.752,1,0.574,340,8160.0,2025-06-26,0,0,0,0.5166
I0040573,C03372,J0033,1.2,0.549,0.653,1,0.649,390,9360.0,2025-05-07,0,0,0,0.6508
I0027951,C02317,J0064,3.1,0.687,1.0,1,0.487,210,5040.0,2025-11-03,0,0,0,0.7103
I0006481,C02286,J0113,2.6,0.447,0.852,1,0.579,394,9456.0,1970-01-01 00:00:00,0,0,0,0.708
I0013802,C03018,J0026,0.0,0.668,0.49,1,0.881,202,4848.0,2025-11-11,0,0,0,0.5049
I0030378,C00455,J0045,2.2,0.497,0.847,4,0.544,140,3360.0,2026-01-12,0,0,0,0.7598
I0059360,C03507,J0132,0.0,0.8,0.831,3,0.612,324,7776.0,2025-07-12,0,0,0,0.6186
I0057070,C01898,J0069,1.1,0.523,0.646,2,0.698,70,1680.0,2026-03-23,0,0,0,0.5942
I0039595,C02324,J0059,3.7,0.763,0.868,2,0.808,7,168.0,2026-05-25,1,1,0,0.7925
I0058164,C00442,J0094,3.4,0.648,0.572,2,0.625,54,1296.0,2026-04-08,0,0,0,0.7194
I0027017,C00985,J0143,1.5,0.742,0.75,1,0.714,237,5688.0,2025-10-07,0,0,0,0.734
I0022818,C01337,J0106,4.4,0.503,0.922,3,0.884,294,7056.0,2025-08-11,0,0,0,0.5827
I0046954,C00388,J0120,3.2,0.585,0.643,2,0.522,37,888.0,2026-04-25,0,0,0,0.7079
I0032897,C00490,J0125,1.0,0.371,0.691,1,0.475,192,4608.0,2025-11-21,1,1,1,0.6553
I0019140,C00745,J0132,2.7,0.353,0.837,3,0.612,347,8328.0,2025-06-19,0,0,0,0.616
I0035982,C03590,J0141,2.5,0.918,0.701,3,0.672,190,4560.0,2025-11-23,0,0,0,0.5834
I0035314,C01059,J0042,0.7,0.541,0.832,3,0.496,129,3096.0,2026-01-23,1,0,0,0.7316
I0041927,C00835,J0062,3.8,0.34,0.614,4,0.382,235,5640.0,2025-10-09,0,0,0,0.7247
I0005567,C03455,J0009,7.7,0.619,0.925,3,0.437,318,7632.0,2025-07-18,0,0,0,0.7796
I0029120,C01920,J0101,2.8,0.315,0.606,2,0.588,22,528.0,2026-05-10,0,0,0,0.5426
I0052973,C03548,J0119,8.4,0.475,0.814,1,0.541,179,4296.0,2025-12-04,1,0,0,0.842
I0022033,C02708,J0092,4.2,0.351,0.532,4,0.623,0,0.0,2026-06-01,0,0,0,0.5462
I0057748,C00434,J0137,3.8,0.355,0.869,1,0.69,363,8712.0,2025-06-03,1,1,0,0.59
I0027735,C02869,J0067,3.7,0.333,0.894,4,0.443,33,792.0,2026-04-29,0,0,0,0.754
I0037460,C02924,J0071,6.8,0.415,1.0,2,0.587,41,984.0,2026-04-21,0,0,0,0.7926
I0028895,C03038,J0038,9.9,0.608,0.611,4,0.713,140,3360.0,2026-01-12,0,0,0,0.7826
I0052036,C03073,J0100,2.3,0.573,0.805,1,0.169,96,2304.0,2026-02-25,0,0,0,0.498
I0041421,C03960,J0074,6.6,0.649,0.679,1,0.343,334,8016.0,2025-07-02,0,0,0,0.6043
I0019331,C03515,J0031,4.6,0.329,0.807,3,0.886,327,7848.0,2025-07-09,0,0,0,0.4296
I0041408,C00886,J0097,7.4,0.633,0.815,1,0.65,331,7944.0,2025-07-05,0,0,0,0.8599
I0012102,C02691,J0004,7.8,0.72,0.619,2,0.655,109,2616.0,2026-02-12,0,0,0,0.7775
I0031550,C03749,J0085,2.8,0.64,0.575,1,0.66,19,456.0,2026-05-13,0,0,0,0.7123
I0038045,C00913,J0130,2.0,0.684,0.733,1,0.81,254,6096.0,2025-09-20,0,0,0,0.6685
I0028331,C03106,J0140,4.5,0.911,0.985,1,0.66,99,2376.0,2026-02-22,0,0,0,0.6938
I0044001,C00309,J0084,5.4,0.38,0.743,4,0.431,127,3048.0,2026-01-25,0,0,0,0.7818
I0022718,C03235,J0099,6.7,0.939,0.946,2,0.707,49,1176.0,2026-04-13,0,0,0,0.7334
I0039788,C03449,J0077,2.9,0.498,0.667,4,0.837,221,5304.0,2025-10-23,0,0,0,0.515
I0051177,C00700,J0021,0.6,0.531,0.595,2,0.438,332,7968.0,2025-07-04,0,0,0,0.6292
I0033460,C02764,J0034,0.4,0.345,0.612,1,0.634,10,240.0,2026-05-22,0,0,0,0.4925
I0032120,C00352,J0046,4.9,0.289,0.83,3,0.767,391,9384.0,2025-05-06,1,0,0,0.4968
I0036215,C03096,J0117,1.7,0.643,0.812,1,0.842,293,7032.0,2025-08-12,0,0,0,0.6343
I0007209,C00613,J0125,5.0,0.416,0.991,1,0.475,367,8808.0,2025-05-30,0,0,0,0.8393
I0030319,C02907,J0033,4.1,0.389,0.67,1,0.649,44,1056.0,2026-04-18,1,1,0,0.5919
I0046842,C01453,J0067,,0.486,0.494,4,0.443,223,5352.0,2025-10-21,0,0,0,0.7003
I0014857,C02742,J0130,6.5,0.136,0.827,1,0.81,108,2592.0,2026-02-13,0,0,0,0.3849
I0015118,C03567,J0066,5.9,0.553,0.566,2,0.752,73,1752.0,2026-03-20,0,0,0,0.636
I0015712,C02871,J0079,8.7,0.559,0.658,2,0.518,89,2136.0,2026-03-04,1,0,0,0.8207
I0040208,C02857,J0138,2.1,0.503,0.621,2,0.343,276,6624.0,2025-08-29,0,0,0,0.6147
I0011832,C03270,J0025,5.9,0.884,0.393,3,0.501,117,2808.0,2026-02-04,0,0,0,0.4575
I0022956,C01075,J0037,9.7,0.641,0.722,2,0.622,293,7032.0,2025-08-12,0,0,0,0.8711
I0010947,C00750,J0050,2.1,0.727,0.608,3,0.587,319,7656.0,2025-07-17,1,0,0,0.6251
I0048734,C00280,J0068,1.8,0.732,0.824,2,0.713,319,7656.0,2025-07-17,0,0,0,0.7662
I0016599,C00480,J0018,0.0,0.69,1.0,4,0.73,149,3576.0,2026-01-03,0,0,0,0.7706
I0011615,C00487,J0040,4.8,0.523,0.615,1,0.393,391,9384.0,2025-05-06,0,0,0,0.6798
I0026501,C03360,J0119,9.6,0.143,0.962,1,0.541,237,5688.0,2025-10-07,0,0,0,0.67
I0016890,C00586,J0096,5.0,0.517,0.662,3,0.799,209,5016.0,2025-11-04,0,0,0,0.5893
I0048830,C03667,J0071,3.4,0.641,1.0,2,0.587,71,1704.0,2026-03-22,0,0,0,0.8183
I0055025,C03311,J0057,1.4,0.455,1.0,2,0.372,349,8376.0,1970-01-01 00:00:00,0,0,0,0.764
I0044878,C01170,J0006,6.5,0.501,0.96,3,0.665,152,3648.0,2025-12-31,0,0,0,0.7819
I0028889,C02064,J0112,3.4,0.566,0.805,2,0.583,159,3816.0,2025-12-24,0,0,0,0.7894
I0045754,C02738,J0000,1.6,0.664,0.711,4,0.534,175,4200.0,2025-12-08,0,0,0,0.6528
I0020066,C00095,J0119,10.7,0.51,0.542,1,0.541,213,5112.0,2025-10-31,0,0,0,0.8288
I0004465,C03589,J0036,4.7,0.577,0.807,4,0.6,179,4296.0,2025-12-04,0,0,0,0.8077
I0041189,C00985,J0048,1.5,0.742,0.75,2,0.774,230,5520.0,2025-10-14,0,0,0,0.7311
I0047301,C02428,J0147,5.1,0.458,0.793,2,0.622,212,5088.0,2025-11-01,0,0,0,0.7111
I0008773,C00265,J0033,1.8,0.58,0.607,1,0.649,224,5376.0,2025-10-20,1,0,0,0.6698
I0013609,C01752,J0013,5.1,0.592,0.748,3,0.854,112,2688.0,2026-02-09,0,0,0,0.6294
I0026233,C00987,J0120,3.7,0.854,0.735,2,0.522,286,6864.0,2025-08-19,0,0,0,0.5527
I0035189,C01330,J0025,1.8,0.567,0.984,3,0.501,327,7848.0,2025-07-09,0,0,0,0.7782
I0037447,C00671,J0084,6.3,0.935,0.882,4,0.431,222,5328.0,2025-10-22,1,0,0,0.5168
I0000890,C00832,J0029,3.2,0.686,0.515,1,0.913,141,3384.0,2026-01-11,0,0,0,0.5562
I0049980,C00349,J0101,7.4,0.452,0.802,2,0.588,326,7824.0,2025-07-10,0,0,0,0.7723
I0006556,C01394,J0085,7.0,0.677,1.0,1,0.66,30,720.0,2026-05-02,0,0,0,0.9053
I0058537,C00756,J0028,11.6,0.721,0.707,3,0.898,205,4920.0,2025-11-08,0,0,0,0.7877
I0030455,C03022,J0055,0.0,0.68,1.0,3,0.749,57,1368.0,2026-04-05,0,0,0,0.7502
I0040884,C00970,J0068,5.6,0.507,0.995,2,0.713,200,4800.0,2025-11-13,0,0,0,0.7469
I0006821,C02221,J0105,3.4,0.876,0.674,3,0.544,162,3888.0,2025-12-21,0,0,0,0.5304
I0020987,C02608,J0134,0.6,0.614,0.866,2,0.353,134,3216.0,2026-01-18,0,0,0,0.5872
I0023272,C02178,J0017,6.3,0.876,0.77,2,0.748,50,1200.0,2026-04-12,0,0,0,0.7503
I0051232,C03201,J0140,5.7,0.852,0.932,1,0.66,121,2904.0,2026-01-31,1,0,0,0.7407
I0015538,C03311,J0044,1.4,0.455,1.0,2,0.579,8,192.0,2026-05-24,0,0,0,0.7351
I0003564,C02892,J0116,2.6,0.605,0.813,4,0.696,155,3720.0,2025-12-28,0,0,0,0.7259
I0006916,C03289,J0084,3.4,0.481,0.81,4,0.431,240,5760.0,2025-10-04,0,0,0,0.7675
I0020749,C01881,J0021,8.1,0.715,0.601,2,0.438,335,8040.0,2025-07-01,0,0,0,0.6281
I0013933,C00152,J0147,4.7,0.518,0.833,2,0.622,137,3288.0,2026-01-15,0,0,0,0.7579
I0009267,C01642,J0130,6.2,0.72,0.68,1,0.81,225,5400.0,2025-10-19,0,0,0,0.75
I0018641,C03324,J0003,0.6,0.146,0.707,1,0.462,140,3360.0,2026-01-12,0,0,0,0.5036
I0052482,C03318,J0001,0.2,0.691,0.62,3,0.47,243,5832.0,2025-10-01,0,0,0,0.5393
I0022013,C00939,J0063,5.9,0.115,0.865,4,0.497,40,960.0,2026-04-22,0,0,0,0.5913
I0006954,C02847,J0050,5.5,0.484,0.561,3,0.587,356,8544.0,2025-06-10,0,0,0,0.6955
I0047094,C01872,J0087,3.2,0.576,0.788,3,0.578,250,6000.0,2025-09-24,0,0,0,0.7918
I0044570,C01222,J0085,1.2,0.618,0.758,1,0.66,56,1344.0,2026-04-06,0,0,0,0.7213
I0038389,C01251,J0112,0.0,0.856,0.937,2,0.583,290,6960.0,2025-08-15,0,0,0,0.5886
I0021993,C02601,J0016,5.2,0.763,0.684,4,0.643,334,8016.0,2025-07-02,0,0,0,0.7131
I0016228,C03810,J0032,3.7,0.217,0.797,2,0.954,151,3624.0,2026-01-01,0,0,0,0.2846
I0038048,C03249,J0110,4.8,0.515,0.685,2,0.549,125,3000.0,2026-01-27,1,0,0,0.7672
I0008935,C00020,J0143,0.0,0.209,0.687,1,0.714,66,1584.0,2026-03-27,0,0,0,0.3546
I0018063,C01118,J0130,3.6,0.705,0.602,1,0.81,264,6336.0,2025-09-10,0,0,0,0.6735
I0043766,C01373,J0132,5.1,0.33,0.535,3,0.612,210,5040.0,2025-11-03,0,0,0,0.5552
I0037815,C00580,J0145,5.3,0.466,0.589,4,0.701,208,4992.0,2025-11-05,0,0,0,0.6069
I0042967,C03359,J0120,5.8,0.277,0.813,2,0.522,33,792.0,2026-04-29,0,0,0,0.6715
I0034286,C00565,J0076,6.7,0.9,0.866,4,0.695,298,7152.0,2025-08-07,0,0,0,0.7299
I0045209,C01789,J0032,2.8,0.791,0.742,2,0.954,356,8544.0,2025-06-10,0,0,0,0.6585
I0054779,C02107,J0006,1.1,0.459,0.894,3,0.665,246,5904.0,1970-01-01 00:00:00,0,0,0,0.6423
I0030705,C02699,J0053,3.8,0.88,0.9,2,0.651,344,8256.0,2025-06-22,0,0,0,0.6735
I0051972,C00425,J0065,7.1,0.927,0.832,2,0.74,360,8640.0,2025-06-06,0,0,0,0.7397
I0029089,C03942,J0061,5.9,0.84,0.765,1,0.484,113,2712.0,2026-02-08,0,0,0,0.5814
I0044988,C03264,J0024,3.0,0.665,0.863,1,0.346,21,504.0,2026-05-11,0,0,0,0.5861
I0015145,C03498,J0009,0.0,0.268,0.58,3,0.437,377,9048.0,2025-05-20,0,0,0,0.5613
I0048565,C01650,J0143,2.3,0.517,0.455,1,0.714,119,2856.0,2026-02-02,0,0,0,0.5452
I0033019,C01037,J0080,9.7,0.95,0.297,1,0.569,370,8880.0,2025-05-27,0,0,0,0.4961
I0057071,C00594,J0026,0.1,0.449,0.914,1,0.881,296,7104.0,2025-08-09,0,0,0,0.4717
I0010115,C00790,J0137,7.2,0.841,0.467,1,0.69,70,1680.0,2026-03-23,0,0,0,0.6639
I0023635,C03163,J0033,6.9,0.522,0.547,1,0.649,69,1656.0,2026-03-24,0,0,0,0.6983
I0044508,C03295,J0095,4.2,0.369,0.996,3,0.582,289,6936.0,2025-08-16,0,0,0,0.7186
I0022126,C01400,J0113,8.1,0.517,0.876,1,0.579,28,672.0,2026-05-04,0,0,0,0.8572
I0035080,C00131,J0122,3.5,0.928,0.788,2,0.704,385,9240.0,2025-05-12,0,0,0,0.6403
I0059634,C00808,J0109,6.6,0.483,0.615,2,0.714,239,5736.0,2025-10-05,1,0,0,0.6391
I0009022,C02773,J0071,,0.997,0.913,2,0.587,331,7944.0,2025-07-05,0,0,0,0.4853
I0038522,C00061,J0021,0.9,0.918,0.774,2,0.438,360,8640.0,2025-06-06,0,0,0,0.412
I0017532,C00923,J0109,0.0,0.576,0.849,2,0.714,6,144.0,2026-05-26,0,0,0,0.659
I0015597,C01891,J0088,5.2,0.351,0.486,2,0.856,140,3360.0,2026-01-12,0,0,0,0.3859
I0053774,C02425,J0091,0.0,0.768,0.841,2,0.409,384,9216.0,2025-05-13,0,0,0,0.5009
I0010674,C03004,J0106,6.1,0.949,0.895,3,0.884,336,8064.0,2025-06-30,1,0,0,0.8266
I0003495,C01305,J0080,,0.84,0.781,1,0.569,236,5664.0,2025-10-08,1,1,0,0.5917
I0039355,C00641,J0121,1.5,0.965,0.666,3,0.82,253,6072.0,2025-09-21,0,0,0,0.6278
I0056019,C01212,J0033,4.5,0.68,0.829,1,0.649,158,3792.0,2025-12-25,0,0,0,0.8049
I0022691,C03648,J0139,3.3,0.83,0.834,2,0.561,222,5328.0,2025-10-22,0,0,0,0.6182
I0042935,C03837,J0003,3.3,0.658,0.932,1,0.462,218,5232.0,2025-10-26,0,0,0,0.6973
I0037624,C00186,J0125,5.7,0.34,0.808,1,0.475,135,3240.0,2026-01-17,0,0,0,0.7459
I0053449,C01628,J0075,1.3,0.577,0.864,3,0.62,308,7392.0,2025-07-28,0,0,0,0.7522
I0058817,C03569,J0136,4.5,0.656,0.761,2,0.621,343,8232.0,2025-06-23,0,0,0,0.7829
I0056649,C01852,J0073,11.2,0.806,0.789,2,0.624,179,4296.0,2025-12-04,0,0,0,0.8005
I0043011,C02616,J0015,4.6,0.692,0.734,2,0.903,58,1392.0,2026-04-04,0,0,0,0.6529
I0016064,C00707,J0015,9.0,0.534,0.739,2,0.903,245,5880.0,2025-09-29,0,0,0,0.6174
I0016377,C00008,J0101,3.1,0.466,0.688,2,0.588,237,5688.0,2025-10-07,0,0,0,0.6773
I0037154,C03549,J0142,2.3,0.883,0.663,2,0.778,365,8760.0,2025-06-01,1,0,0,0.6687
I0023774,C02983,J0062,2.9,0.579,0.769,4,0.382,372,8928.0,2025-05-25,0,0,0,0.6439
I0051819,C03366,J0094,0.9,0.576,0.848,2,0.625,365,8760.0,2025-06-01,0,0,0,0.7366
I0021666,C01912,J0001,2.9,0.512,0.952,3,0.47,173,4152.0,2025-12-10,0,0,0,0.8047
I0031418,C00698,J0095,0.8,0.961,0.791,3,0.582,133,3192.0,2026-01-19,1,1,0,0.4863
I0057726,C01154,J0138,1.1,0.686,0.719,2,0.343,287,6888.0,2025-08-18,0,0,0,0.4964
I0050892,C01816,J0038,4.5,0.493,0.747,4,0.713,170,4080.0,2025-12-13,0,0,0,0.6485
I0036223,C02192,J0018,3.0,0.419,0.584,4,0.73,82,1968.0,2026-03-11,0,0,0,0.513
I0027635,C00617,J0012,0.4,0.535,0.733,1,0.468,377,9048.0,2025-05-20,0,0,0,0.6831
I0050528,C01252,J0128,3.8,0.453,0.644,3,0.677,395,9480.0,2025-05-02,0,0,0,0.6048
I0021538,C02783,J0110,5.3,0.478,0.719,2,0.549,391,9384.0,2025-05-06,0,0,0,0.7592
I0007638,C03389,J0097,3.3,0.441,0.705,1,0.65,37,888.0,2026-04-25,0,0,0,0.6241
I0058568,C02694,J0092,5.9,0.644,0.903,4,0.623,96,2304.0,2026-02-25,1,0,0,0.8565
I0011482,C03324,J0082,0.6,0.146,0.707,1,0.615,156,3744.0,2025-12-27,1,0,0,0.3957
I0024993,C03989,J0001,6.4,0.614,0.635,3,0.47,9,216.0,2026-05-23,0,0,0,0.7027
I0036372,C03326,J0116,5.1,0.527,0.773,4,0.696,116,2784.0,2026-02-05,0,0,0,0.702
I0051020,C02831,J0035,1.0,0.361,0.426,4,0.644,263,6312.0,2025-09-11,0,0,0,0.4544
I0006491,C01721,J0110,9.8,0.974,0.793,2,0.549,193,4632.0,2025-11-20,0,0,0,0.6067
I0005114,C03738,J0066,0.0,0.605,0.844,2,0.752,333,7992.0,2025-07-03,1,0,0,0.6512
I0033928,C03221,J0132,2.4,0.448,0.684,3,0.612,238,5712.0,2025-10-06,0,0,0,0.6347
I0008668,C01185,J0092,4.0,0.243,0.805,4,0.623,390,9360.0,2025-05-07,1,0,0,0.5436
I0028058,C02539,J0021,4.0,0.455,1.0,2,0.438,155,3720.0,2025-12-28,0,0,0,0.8545
I0000729,C00458,J0025,5.3,0.486,0.557,3,0.501,135,3240.0,2026-01-17,0,0,0,0.753
I0059608,C03784,J0002,0.6,0.825,0.649,3,0.479,363,8712.0,2025-06-03,0,0,0,0.4661
I0042106,C01211,J0083,6.0,0.436,0.558,3,0.691,329,7896.0,2025-07-07,0,0,0,0.5959
I0007515,C03002,J0013,,0.525,0.782,3,0.854,307,7368.0,2025-07-29,0,0,0,0.6052
I0015382,C02646,J0010,2.0,0.535,1.0,4,0.566,384,9216.0,2025-05-13,1,0,0,0.8108
I0025423,C03898,J0005,0.2,0.642,0.741,1,0.566,200,4800.0,2025-11-13,0,0,0,0.6756
I0001792,C01586,J0120,6.4,0.263,0.699,2,0.522,131,3144.0,2026-01-21,0,0,0,0.6396
I0037184,C03653,J0090,2.2,0.771,0.547,3,0.558,336,8064.0,2025-06-30,1,0,0,0.5582
I0017161,C01675,J0083,0.8,0.299,0.787,3,0.691,349,8376.0,2025-06-17,0,0,0,0.476
I0057115,C02985,J0138,6.8,1.0,0.715,2,0.343,86,2064.0,2026-03-07,0,0,0,0.3704
I0057034,C03335,J0070,0.0,0.541,0.843,3,0.423,180,4320.0,2025-12-03,0,0,0,0.6714
I0022989,C03911,J0010,8.2,0.685,0.478,4,0.566,248,5952.0,2025-09-26,0,0,0,0.7065
I0050904,C02384,J0117,4.3,0.799,0.81,1,0.842,381,9144.0,2025-05-16,1,0,0,0.7877
I0017466,C03662,J0119,0.0,0.592,0.841,1,0.541,9,216.0,2026-05-23,0,0,0,0.718
I0021231,C02514,J0066,0.0,0.378,0.777,2,0.752,276,6624.0,2025-08-29,1,0,0,0.4723
I0032908,C00192,J0009,5.7,0.849,0.748,3,0.437,190,4560.0,2025-11-23,0,0,0,0.5338
I0009266,C02776,J0084,3.2,0.492,0.787,4,0.431,352,8448.0,2025-06-14,1,1,1,0.7499
I0024206,C03319,J0090,5.6,0.559,0.789,3,0.558,367,8808.0,2025-05-30,0,0,0,0.8334
I0030613,C01828,J0082,5.4,1.0,0.563,1,0.615,89,2136.0,2026-03-04,0,0,0,0.4956
I0044147,C02075,J0053,6.1,0.6,0.537,2,0.651,248,5952.0,2025-09-26,1,0,0,0.7355
I0037378,C01712,J0027,11.6,0.489,0.659,1,0.574,118,2832.0,2026-02-03,1,0,0,0.839
I0023072,C03958,J0132,3.5,0.806,0.505,3,0.612,277,6648.0,2025-08-28,0,0,0,0.5817
I0008331,C02968,J0134,1.4,0.497,0.636,2,0.353,270,6480.0,2025-09-04,0,0,0,0.6184
I0033832,C00596,J0142,1.9,0.375,0.741,2,0.778,106,2544.0,2026-02-15,0,0,0,0.4738
I0021757,C02075,J0095,6.1,0.6,0.537,3,0.582,91,2184.0,2026-03-02,0,0,0,0.7588
I0047674,C00822,J0000,3.5,0.733,0.707,4,0.534,177,4248.0,2025-12-06,0,0,0,0.6351
I0017108,C02961,J0066,7.3,0.226,0.85,2,0.752,217,5208.0,2025-10-27,0,0,0,0.5092
I0000054,C02406,J0121,9.3,0.399,0.715,3,0.82,269,6456.0,2025-09-05,0,0,0,0.579
I0005785,C02348,J0059,0.5,0.567,0.955,2,0.808,159,3816.0,2025-12-24,0,0,0,0.6247
I0041793,C02322,J0000,4.0,0.877,0.696,4,0.534,56,1344.0,2026-04-06,0,0,0,0.539
I0005012,C02884,J0044,5.1,0.614,0.936,2,0.579,14,336.0,2026-05-18,0,0,0,0.8424
I0006357,C03407,J0142,4.0,0.574,0.74,2,0.778,178,4272.0,1970-01-01 00:00:00,1,0,0,0.6494
I0039556,C02261,J0032,10.2,0.531,0.593,2,0.954,397,9528.0,2025-04-30,0,0,0,0.5584
I0044746,C02921,J0046,0.0,0.483,0.558,3,0.767,372,8928.0,2025-05-25,0,0,0,0.474
I0000971,C00757,J0136,6.7,0.079,1.0,2,0.621,382,9168.0,2025-05-15,0,0,0,0.5301
I0016813,C02757,J0055,3.2,0.605,0.758,3,0.749,126,3024.0,2026-01-26,0,0,0,0.6832
I0003077,C02708,J0072,4.2,0.351,0.532,1,0.651,191,4584.0,2025-11-22,0,0,0,0.5264
I0055502,C01300,J0114,2.8,0.0,0.506,4,0.554,257,6168.0,2025-09-17,0,0,0,0.3164
I0034035,C03105,J0118,2.8,0.485,0.425,2,0.57,241,5784.0,2025-10-03,0,0,0,0.6241
I0050234,C00821,J0030,3.0,0.363,0.663,2,1.0,375,9000.0,2025-05-22,0,0,0,0.3055
I0037556,C01436,J0021,3.8,0.506,0.561,2,0.438,250,6000.0,2025-09-24,0,0,0,0.6914
I0002399,C00096,J0148,8.3,0.639,0.777,4,0.719,195,4680.0,2025-11-18,0,0,0,0.82
I0045768,C00521,J0140,0.0,0.84,0.716,1,0.66,13,312.0,2026-05-19,0,0,0,0.5919
I0003593,C03276,J0101,4.6,0.545,0.412,2,0.588,252,6048.0,2025-09-22,0,0,0,0.6805
I0024801,C02964,J0120,3.4,0.557,0.532,2,0.522,68,1632.0,2026-03-25,0,0,0,0.6997
I0009544,C02150,J0028,3.3,0.438,0.734,3,0.898,69,1656.0,2026-03-24,0,0,0,0.4554
I0043768,C01885,J0076,7.4,0.243,0.86,4,0.695,111,2664.0,2026-02-10,0,0,0,0.5659
I0056762,C00472,J0060,9.8,0.208,0.719,1,0.633,326,7824.0,2025-07-10,1,0,0,0.5858
I0026912,C03274,J0029,2.7,0.666,0.961,1,0.913,376,9024.0,2025-05-21,0,0,0,0.6594
I0001566,C00561,J0034,1.5,0.712,0.852,1,0.634,390,9360.0,2025-05-07,0,0,0,0.7275
I0002101,C01166,J0021,7.7,0.485,0.661,2,0.438,18,432.0,2026-05-14,0,0,0,0.8004
I0015599,C02853,J0146,2.8,0.623,0.528,3,0.57,174,4176.0,2025-12-09,0,0,0,0.6757
I0035965,C01164,J0013,9.7,0.698,0.659,3,0.854,205,4920.0,2025-11-08,0,0,0,0.7568
I0020966,C02346,J0024,,0.715,0.784,1,0.346,171,4104.0,2025-12-12,0,0,0,0.5573
I0044985,C02211,J0008,2.7,0.683,0.81,2,0.441,290,6960.0,2025-08-15,0,0,0,0.6203
I0048962,C01139,J0120,0.9,1.0,0.713,2,0.522,132,3168.0,2026-01-20,0,0,0,0.3962
I0020265,C02975,J0097,2.9,0.416,0.877,1,0.65,330,7920.0,2025-07-06,0,0,0,0.6482
I0047272,C01425,J0130,9.1,0.506,0.988,1,0.81,112,2688.0,2026-02-09,0,0,0,0.7351
I0000943,C00045,J0005,2.8,0.664,0.722,1,0.566,393,9432.0,2025-05-04,0,0,0,0.6987
I0025024,C02161,J0109,1.1,1.0,0.409,2,0.714,249,5976.0,2025-09-25,0,0,0,0.4492
I0031395,C02920,J0040,2.8,0.868,0.748,1,0.393,391,9384.0,2025-05-06,0,0,0,0.4403
I0056996,C01786,J0057,6.0,0.482,1.0,2,0.372,199,4776.0,2025-11-14,0,0,0,0.8228
I0043091,C00975,J0102,3.2,0.915,0.758,2,0.438,383,9192.0,2025-05-14,0,0,0,0.4485
I0003437,C02149,J0130,0.8,0.35,0.856,1,0.81,390,9360.0,2025-05-07,0,0,0,0.4475
I0000086,C01584,J0115,3.4,0.234,0.832,1,0.627,0,0.0,2026-06-01,0,0,0,0.5319
I0023460,C01909,J0108,3.2,0.598,0.796,4,0.437,131,3144.0,2026-01-21,0,0,0,0.6819
I0013361,C02052,J0003,2.8,0.601,0.871,1,0.462,239,5736.0,2025-10-05,0,0,0,0.7118
I0058932,C01910,J0005,5.3,0.545,0.811,1,0.566,371,8904.0,2025-05-26,0,0,0,0.8204
I0028972,C02989,J0023,0.4,0.548,0.593,2,0.472,167,4008.0,2025-12-16,1,0,0,0.6372
I0001180,C03671,J0010,3.9,0.599,0.865,4,0.566,101,2424.0,2026-02-20,0,0,0,0.8035
I0007613,C01647,J0084,4.5,0.718,0.685,4,0.431,322,7728.0,2025-07-14,0,0,0,0.5838
I0048724,C00713,J0145,3.9,0.862,0.633,4,0.701,166,3984.0,1970-01-01 00:00:00,0,0,0,0.6478
I0017008,C02143,J0002,2.8,0.562,0.672,3,0.479,48,1152.0,2026-04-14,0,0,0,0.6952
I0026575,C00365,J0058,9.5,0.723,0.941,1,0.519,88,2112.0,2026-03-05,0,0,0,0.7991
I0049902,C00331,J0043,5.9,0.64,0.83,3,0.512,274,6576.0,2025-08-31,0,0,0,0.7605
I0032841,C02537,J0127,9.2,0.753,0.638,3,0.595,53,1272.0,2026-04-09,0,0,0,0.741
I0046150,C03568,J0117,0.9,0.68,0.498,1,0.842,330,7920.0,2025-07-06,0,0,0,0.5583
I0036334,C03206,J0061,0.0,0.464,0.859,1,0.484,363,8712.0,2025-06-03,0,0,0,0.745
I0015179,C02960,J0058,0.0,0.734,0.659,1,0.519,175,4200.0,2025-12-08,0,0,0,0.5511
I0037453,C00726,J0027,4.9,0.47,0.808,1,0.574,193,4632.0,2025-11-20,0,0,0,0.7543
I0020832,C02817,J0073,0.0,0.513,0.687,2,0.624,129,3096.0,2026-01-23,0,0,0,0.6323
I0016853,C02635,J0103,7.2,0.703,0.718,4,0.476,265,6360.0,2025-09-09,0,0,0,0.6811
I0028215,C03431,J0026,0.9,0.656,0.587,1,0.881,88,2112.0,2026-03-05,0,0,0,0.539
I0043165,C02559,J0111,4.4,0.658,1.0,1,0.646,325,7800.0,2025-07-11,0,0,0,0.8648
I0054016,C01521,J0015,10.9,0.34,0.845,2,0.903,62,1488.0,2026-03-31,0,0,0,0.5426
I0034811,C03133,J0142,7.5,0.662,0.545,2,0.778,379,9096.0,2025-05-18,0,0,0,0.7156
I0006390,C01501,J0086,,0.294,0.873,3,0.489,108,2592.0,2026-02-13,0,0,0,0.7186
I0028736,C02332,J0001,7.4,0.507,0.676,3,0.47,44,1056.0,2026-04-18,0,0,0,0.8066
I0050913,C00596,J0142,1.9,0.375,0.741,2,0.778,369,8856.0,2025-05-28,0,0,0,0.4738
I0053375,C03205,J0020,4.6,0.428,0.518,4,0.849,40,960.0,2026-04-22,0,0,0,0.444
I0044824,C01009,J0136,3.8,0.708,0.925,2,0.621,156,3744.0,2025-12-27,0,0,0,0.7806
I0034793,C01398,J0027,4.4,0.574,0.866,1,0.574,277,6648.0,2025-08-28,0,0,0,0.8355
I0000564,C02761,J0128,1.3,0.821,0.773,3,0.677,42,1008.0,2026-04-20,0,0,0,0.6553
I0047253,C03177,J0030,3.7,0.886,0.808,2,1.0,28,672.0,2026-05-04,0,0,0,0.7269
I0007327,C00034,J0052,1.5,0.749,1.0,4,0.406,374,8976.0,2025-05-23,0,0,0,0.5824
I0041854,C01371,J0050,9.9,0.566,0.868,3,0.587,182,4368.0,1970-01-01 00:00:00,0,0,0,0.9143
I0033347,C03442,J0106,8.1,0.543,0.826,3,0.884,321,7704.0,2025-07-15,0,0,0,0.6464
I0038874,C01284,J0121,5.0,0.34,0.749,3,0.82,73,1752.0,2026-03-20,0,0,0,0.4743
I0055396,C03437,J0092,0.0,0.664,0.88,4,0.623,23,552.0,2026-05-09,0,0,0,0.7361
I0004884,C00464,J0034,,0.625,0.83,1,0.634,196,4704.0,2025-11-17,0,0,0,0.7547
I0036596,C02869,J0022,3.7,0.333,0.894,1,0.577,350,8400.0,2025-06-16,0,0,0,0.6595
I0026725,C01934,J0022,4.0,0.256,0.437,1,0.577,309,7416.0,2025-07-27,0,0,0,0.4815
I0041760,C03337,J0024,5.4,0.169,0.442,1,0.346,2,48.0,2026-05-30,0,0,0,0.6081
I0036206,C03689,J0021,0.8,0.345,0.826,2,0.438,59,1416.0,2026-04-03,0,0,0,0.6977
I0040068,C00750,J0112,2.1,0.727,0.608,2,0.583,118,2832.0,2026-02-03,0,0,0,0.6223
I0031549,C01538,J0044,0.0,0.428,0.781,2,0.579,125,3000.0,2026-01-27,0,0,0,0.6306
I0016033,C01665,J0061,5.9,0.505,0.535,1,0.484,35,840.0,2026-04-27,0,0,0,0.7527
I0016916,C02725,J0025,0.0,1.0,0.815,3,0.501,25,600.0,2026-05-07,0,0,0,0.3949
I0035552,C00127,J0063,4.5,0.275,0.988,4,0.497,193,4632.0,2025-11-20,0,0,0,0.7151
I0045694,C03286,J0081,1.9,0.512,0.784,2,0.644,153,3672.0,2025-12-30,0,0,0,0.677
I0044901,C03956,J0014,0.3,0.721,0.792,1,0.37,262,6288.0,2025-09-12,0,0,0,0.4978
I0005090,C00080,J0015,7.6,0.582,0.584,2,0.903,166,3984.0,2025-12-17,0,0,0,0.5838
I0008703,C01842,J0135,5.2,0.548,0.794,3,0.587,272,6528.0,2025-09-02,0,0,0,0.8012
I0055232,C01873,J0114,0.0,0.558,0.631,4,0.554,348,8352.0,2025-06-18,0,0,0,0.6919
I0029196,C01099,J0122,5.3,0.473,0.77,2,0.704,265,6360.0,2025-09-09,0,0,0,0.6608
I0058976,C03887,J0037,0.4,0.755,0.905,2,0.622,257,6168.0,2025-09-17,0,0,0,0.685
I0012335,C03996,J0137,1.8,0.581,0.733,1,0.69,163,3912.0,2025-12-20,0,0,0,0.6771
I0044951,C00009,J0148,2.0,0.624,0.737,4,0.719,118,2832.0,2026-02-03,1,0,0,0.6915
I0038275,C00347,J0016,6.9,0.631,0.739,4,0.643,399,9576.0,2025-04-28,0,0,0,0.8335
I0027237,C01064,J0003,7.0,0.586,0.744,1,0.462,173,4152.0,2025-12-10,0,0,0,0.7576
I0024416,C03722,J0109,7.1,0.466,0.97,2,0.714,299,7176.0,2025-08-06,0,0,0,0.7357
I0003416,C01431,J0124,7.4,0.661,0.646,4,0.309,373,8952.0,2025-05-24,0,0,0,0.5761
I0024672,C02607,J0062,0.0,0.195,0.907,4,0.382,55,1320.0,2026-04-07,0,0,0,0.6408
I0051430,C03028,J0006,1.8,0.535,0.716,3,0.665,4,96.0,2026-05-28,0,0,0,0.6575
I0008239,C00916,J0144,6.3,0.752,0.791,2,0.591,103,2472.0,2026-02-18,0,0,0,0.733
I0027288,C02156,J0061,8.9,0.42,0.753,1,0.484,72,1728.0,2026-03-21,0,0,0,0.8346
I0006366,C01262,J0128,6.2,0.388,0.901,3,0.677,128,3072.0,2026-01-24,0,0,0,0.6721
I0043654,C02578,J0091,3.8,0.623,0.873,2,0.409,61,1464.0,2026-04-01,0,0,0,0.6764
I0053841,C03543,J0015,0.7,0.427,1.0,2,0.903,96,2304.0,2026-02-25,0,0,0,0.4751
I0011607,C03630,J0075,0.1,0.434,0.555,3,0.62,67,1608.0,1970-01-01 00:00:00,0,0,0,0.5439
I0039810,C02356,J0027,4.2,0.686,0.914,1,0.574,83,1992.0,2026-03-10,0,0,0,0.7667
I0025776,C01664,J0008,0.0,0.552,0.464,2,0.441,382,9168.0,2025-05-15,0,0,0,0.5694
I0013396,C02489,J0075,0.2,0.676,0.77,3,0.62,131,3144.0,2026-01-21,0,0,0,0.6979
I0042786,C01065,J0015,0.0,0.366,0.403,2,0.903,325,7800.0,2025-07-11,0,0,0,0.2519
I0002777,C03716,J0058,1.5,0.813,0.549,1,0.519,160,3840.0,2025-12-23,0,0,0,0.4898
I0026595,C00301,J0107,,0.854,0.61,2,0.389,210,5040.0,2025-11-03,0,0,0,0.4118
I0028719,C00349,J0024,7.4,0.452,0.802,1,0.346,8,192.0,2026-05-24,0,0,0,0.7935
I0029560,C02978,J0049,3.6,0.492,0.658,2,0.631,369,8856.0,2025-05-28,0,0,0,0.6653
I0022934,C01587,J0126,5.1,0.739,0.446,2,0.635,250,6000.0,2025-09-24,0,0,0,0.6556
I0011597,C03398,J0137,5.0,0.526,0.606,1,0.69,358,8592.0,2025-06-08,1,0,0,0.6567
I0038117,C03717,J0084,4.0,0.391,0.786,4,0.431,391,9384.0,2025-05-06,0,0,0,0.778
I0039003,C03948,J0030,4.5,0.797,0.85,2,1.0,49,1176.0,2026-04-13,0,0,0,0.6896
I0049960,C02811,J0126,3.9,0.675,0.834,2,0.635,375,9000.0,2025-05-22,0,0,0,0.7898
I0009722,C03637,J0134,8.8,0.666,0.613,2,0.353,364,8736.0,2025-06-02,0,0,0,0.6179
I0031767,C03240,J0123,6.9,0.319,0.86,3,0.315,59,1416.0,2026-04-03,1,0,0,0.8733
I0040255,C03934,J0069,3.4,0.436,0.866,2,0.698,61,1464.0,2026-04-01,0,0,0,0.6339
I0040165,C02442,J0008,5.1,0.442,0.669,2,0.441,91,2184.0,2026-03-02,0,0,0,0.7911
I0054707,C00723,J0123,0.0,0.899,1.0,3,0.315,336,8064.0,2025-06-30,0,0,0,0.3871
I0005222,C00084,J0001,3.1,1.0,0.868,3,0.47,152,3648.0,2025-12-31,0,0,0,0.4404
I0043491,C00411,J0116,13.1,0.706,0.93,4,0.696,98,2352.0,2026-02-23,0,0,0,0.9937
I0021761,C02561,J0127,8.4,0.548,1.0,3,0.595,123,2952.0,2026-01-29,0,0,0,0.9078
I0012797,C02292,J0120,8.5,0.371,0.633,2,0.522,351,8424.0,2025-06-15,0,0,0,0.7327
I0033838,C01298,J0091,0.0,0.411,0.937,2,0.409,324,7776.0,2025-07-12,0,0,0,0.7796
I0057659,C02048,J0091,1.3,0.727,0.714,2,0.409,328,7872.0,2025-07-08,0,0,0,0.516
I0057544,C01408,J0020,6.3,0.494,0.775,4,0.849,156,3744.0,2025-12-27,0,0,0,0.5917
I0001175,C02710,J0094,7.3,0.909,0.585,2,0.625,244,5856.0,2025-09-30,0,0,0,0.6051
I0047276,C03198,J0069,5.3,0.725,0.748,2,0.698,125,3000.0,1970-01-01 00:00:00,1,0,0,0.7984
I0038748,C02307,J0132,3.1,0.504,0.715,3,0.612,159,3816.0,2025-12-24,0,0,0,0.6948
I0058406,C03296,J0106,2.4,0.612,0.463,3,0.884,74,1776.0,2026-03-19,0,0,0,0.4963
I0038770,C03716,J0114,1.5,0.813,0.549,4,0.554,160,3840.0,2025-12-23,0,0,0,0.5145
I0033384,C00167,J0016,1.5,0.426,1.0,4,0.643,221,5304.0,2025-10-23,0,0,0,0.6712
I0049083,C03024,J0146,4.3,0.444,0.628,3,0.57,65,1560.0,2026-03-28,0,0,0,0.6779
I0000253,C02438,J0000,5.1,0.405,0.584,4,0.534,342,8208.0,2025-06-24,0,0,0,0.6769
I0021854,C02481,J0087,,0.758,0.729,3,0.578,333,7992.0,2025-07-03,0,0,0,0.6852
I0050571,C00644,J0141,1.9,0.539,0.829,3,0.672,10,240.0,2026-05-22,0,0,0,0.689
I0058559,C02345,J0145,2.3,0.802,0.582,4,0.701,174,4176.0,2025-12-09,0,0,0,0.6487
I0004613,C02873,J0056,3.9,0.7,0.611,3,0.397,20,480.0,2026-05-12,0,0,0,0.5415
I0042829,C00766,J0021,4.8,0.576,0.681,2,0.438,353,8472.0,2025-06-13,0,0,0,0.6928
I0022816,C03739,J0009,8.1,0.357,0.874,3,0.437,161,3864.0,2025-12-22,0,0,0,0.8439
I0029887,C01767,J0043,2.5,0.489,0.98,3,0.512,214,5136.0,2025-10-30,0,0,0,0.8193
I0017714,C03334,J0056,5.3,0.613,0.713,3,0.397,208,4992.0,2025-11-05,0,0,0,0.6553
I0049094,C00099,J0067,5.4,0.441,0.895,4,0.443,282,6768.0,2025-08-23,0,0,0,0.8592
I0043524,C01517,J0086,2.1,1.0,0.954,3,0.489,342,8208.0,2025-06-24,0,0,0,0.4612
I0046033,C03889,J0027,1.3,0.595,0.604,1,0.574,316,7584.0,2025-07-20,0,0,0,0.6943
I0042066,C00769,J0024,6.4,0.535,0.499,1,0.346,87,2088.0,2026-03-06,0,0,0,0.6326
I0043610,C02110,J0142,7.2,0.367,0.679,2,0.778,275,6600.0,2025-08-30,0,0,0,0.5404
I0022944,C02872,J0017,7.5,0.358,0.503,2,0.748,118,2832.0,2026-02-03,1,0,0,0.5106
I0004046,C03311,J0057,1.4,0.455,1.0,2,0.372,12,288.0,2026-05-20,0,0,0,0.764
I0044805,C03361,J0116,5.4,0.757,0.687,4,0.696,121,2904.0,2026-01-31,0,0,0,0.7589
I0002965,C03440,J0141,5.6,0.707,0.578,3,0.672,255,6120.0,2025-09-19,0,0,0,0.7499
I0043929,C02614,J0020,7.2,0.674,0.726,4,0.849,294,7056.0,2025-08-11,0,0,0,0.72
I0035054,C00579,J0051,0.8,0.53,0.561,3,0.624,158,3792.0,2025-12-25,0,0,0,0.6223
I0008020,C01993,J0115,3.0,0.65,0.937,1,0.627,344,8256.0,2025-06-22,0,0,0,0.8156
I0057959,C01109,J0020,2.5,0.614,0.64,4,0.849,239,5736.0,2025-10-05,0,0,0,0.5739
I0015219,C02207,J0130,8.4,0.457,0.81,1,0.81,284,6816.0,2025-08-21,1,0,0,0.6385
I0055023,C02421,J0139,4.7,0.566,0.733,2,0.561,66,1584.0,2026-03-27,1,0,0,0.7995
I0026257,C03334,J0013,5.3,0.613,0.713,3,0.854,38,912.0,2026-04-24,0,0,0,0.6377
I0029827,C02391,J0010,2.3,0.552,0.797,4,0.566,40,960.0,2026-04-22,0,0,0,0.7706
I0006936,C02452,J0111,7.2,0.221,0.917,1,0.646,113,2712.0,2026-02-08,0,0,0,0.5976
I0023281,C02618,J0122,6.8,0.49,0.923,2,0.704,30,720.0,2026-05-02,0,0,0,0.7413
I0029205,C03511,J0082,0.2,0.916,0.926,1,0.615,9,216.0,2026-05-23,0,0,0,0.5692
I0034458,C02237,J0077,2.6,0.481,0.699,4,0.837,173,4152.0,2025-12-10,0,0,0,0.507
I0059704,C00659,J0050,4.5,0.606,0.761,3,0.587,122,2928.0,2026-01-30,0,0,0,0.7942
I0024872,C00628,J0023,1.3,0.665,0.668,2,0.472,216,5184.0,2025-10-28,0,0,0,0.5911
I0040652,C01132,J0053,4.0,0.712,1.0,2,0.651,75,1800.0,2026-03-18,0,0,0,0.8235
I0023974,C03263,J0019,3.8,0.487,0.607,1,0.693,2,48.0,2026-05-30,1,0,0,0.6071
I0039093,C00614,J0106,3.6,0.599,0.583,3,0.884,272,6528.0,2025-09-02,0,0,0,0.5412
I0022235,C02460,J0104,1.2,0.919,0.74,1,0.821,162,3888.0,2025-12-21,0,0,0,0.6767
I0027402,C02602,J0148,2.0,0.491,0.741,4,0.719,121,2904.0,2026-01-31,0,0,0,0.5989
I0030814,C02804,J0091,,0.803,0.75,2,0.409,207,4968.0,2025-11-06,0,0,0,0.5284
I0002969,C02015,J0065,0.4,0.714,0.962,2,0.74,128,3072.0,2026-01-24,0,0,0,0.7765
I0040304,C03565,J0095,2.1,0.566,0.597,3,0.582,374,8976.0,2025-05-23,0,0,0,0.7094
I0022137,C03802,J0071,2.3,0.583,0.649,2,0.587,111,2664.0,2026-02-10,1,1,0,0.7359
I0053076,C00882,J0033,0.0,0.287,0.682,1,0.649,129,3096.0,2026-01-23,0,0,0,0.454
I0021122,C02821,J0030,0.0,0.374,0.971,2,1.0,341,8184.0,2025-06-25,1,0,0,0.3494
I0001219,C00206,J0105,1.6,0.745,0.793,3,0.544,377,9048.0,2025-05-20,0,0,0,0.6258
I0013355,C01539,J0111,3.9,0.487,0.815,1,0.646,336,8064.0,2025-06-30,0,0,0,0.7005
I0044193,C01199,J0042,2.9,0.327,0.614,3,0.496,36,864.0,2026-04-26,0,0,0,0.6199
I0026537,C00671,J0081,6.3,0.935,0.882,2,0.644,136,3264.0,2026-01-16,0,0,0,0.667
I0013519,C00107,J0024,3.7,0.831,0.731,1,0.346,42,1008.0,2026-04-20,0,0,0,0.4437
I0052899,C03140,J0059,4.8,0.822,0.774,2,0.808,279,6696.0,2025-08-26,0,0,0,0.8064
I0048051,C03622,J0009,3.0,0.676,0.822,3,0.437,328,7872.0,2025-07-08,0,0,0,0.6309
I0010665,C01584,J0025,3.4,0.234,0.832,3,0.501,126,3024.0,2026-01-26,0,0,0,0.6208
I0011904,C03517,J0140,0.0,0.698,0.636,1,0.66,215,5160.0,2025-10-29,0,0,0,0.6694
I0042297,C03731,J0001,4.7,0.629,0.753,3,0.47,251,6024.0,2025-09-23,0,0,0,0.6966
I0015632,C01852,J0023,11.2,0.806,0.789,2,0.472,30,720.0,2026-05-02,1,0,0,0.6934
I0044752,C03518,J0018,,0.424,0.787,4,0.73,357,8568.0,2025-06-09,0,0,0,0.6161
I0043274,C03708,J0069,8.0,0.819,0.613,2,0.698,29,696.0,2026-05-03,0,0,0,0.7397
I0020913,C02062,J0065,5.3,0.852,0.599,2,0.74,385,9240.0,2025-05-12,0,0,0,0.6965
I0016050,C02967,J0011,6.3,0.528,0.657,3,0.484,307,7368.0,2025-07-29,0,0,0,0.7777
I0014896,C03488,J0013,5.7,0.693,0.727,3,0.854,318,7632.0,2025-07-18,1,0,0,0.7048
I0044447,C02655,J0132,2.6,0.763,0.696,3,0.612,144,3456.0,2026-01-08,0,0,0,0.6506
I0054271,C02196,J0132,4.9,0.659,0.603,3,0.612,174,4176.0,2025-12-09,0,0,0,0.7366
I0057900,C02812,J0064,8.5,0.758,0.782,1,0.487,205,4920.0,2025-11-08,0,0,0,0.6901
I0052192,C02215,J0118,3.2,0.76,0.72,2,0.57,228,5472.0,2025-10-16,0,0,0,0.6401
I0051384,C02096,J0141,0.0,0.766,0.749,3,0.672,28,672.0,2026-05-04,0,0,0,0.6618
I0018855,C00375,J0006,2.6,0.564,1.0,3,0.665,212,5088.0,2025-11-01,0,0,0,0.7716
I0052681,C01392,J0082,1.7,0.577,1.0,1,0.615,284,6816.0,2025-08-21,0,0,0,0.8008
I0019274,C02212,J0047,10.0,0.398,0.552,2,0.575,72,1728.0,2026-03-21,0,0,0,0.7169
I0008718,C02885,J0019,1.8,0.613,0.741,1,0.693,252,6048.0,2025-09-22,0,0,0,0.6998
I0036567,C03425,J0072,9.9,0.608,0.542,1,0.651,180,4320.0,2025-12-03,0,0,0,0.8069
I0001736,C00091,J0129,0.2,0.65,0.54,1,0.574,129,3096.0,2026-01-23,0,0,0,0.6189
I0052074,C01778,J0025,8.6,0.665,0.787,3,0.501,186,4464.0,2025-11-27,0,0,0,0.7686
I0046543,C00276,J0116,3.9,0.575,0.975,4,0.696,152,3648.0,2025-12-31,0,0,0,0.7725
I0027269,C02221,J0040,3.4,0.876,0.674,1,0.393,71,1704.0,2026-03-22,0,0,0,0.4239
I0003104,C03548,J0083,8.4,0.475,0.814,3,0.691,241,5784.0,2025-10-03,0,0,0,0.7362
I0028579,C00998,J0055,6.4,0.8,0.842,3,0.749,378,9072.0,2025-05-19,0,0,0,0.8266
I0035088,C01518,J0114,1.9,0.448,0.686,4,0.554,220,5280.0,2025-10-24,0,0,0,0.6677
I0042328,C02822,J0001,6.8,0.18,0.806,3,0.47,342,8208.0,2025-06-24,0,0,0,0.6547
I0022324,C01048,J0138,4.2,0.187,0.92,2,0.343,111,2664.0,2026-02-10,0,0,0,0.7373
I0051179,C03329,J0078,4.1,0.401,0.749,2,0.5,6,144.0,2026-05-26,0,0,0,0.7276
I0037302,C00314,J0144,13.8,0.419,0.769,2,0.591,245,5880.0,2025-09-29,0,0,0,0.8459
I0024433,C01467,J0101,6.7,0.679,0.463,2,0.588,283,6792.0,2025-08-22,0,0,0,0.6966
I0027875,C02747,J0127,,0.879,0.732,3,0.595,129,3096.0,2026-01-23,0,0,0,0.6601
I0024393,C01925,J0064,1.6,0.562,0.734,1,0.487,79,1896.0,2026-03-14,0,0,0,0.698
I0041070,C03560,J0144,4.4,0.38,0.562,2,0.591,89,2136.0,2026-03-04,0,0,0,0.601
I0001608,C01318,J0096,4.1,0.357,0.474,3,0.799,216,5184.0,2025-10-28,0,0,0,0.4083
I0007416,C02128,J0110,,0.39,0.533,2,0.549,148,3552.0,2026-01-04,0,0,0,0.6075
I0046744,C03366,J0004,0.9,0.576,0.848,2,0.655,211,5064.0,2025-11-02,0,0,0,0.7155
I0033735,C03482,J0092,0.3,0.628,0.901,4,0.623,229,5496.0,2025-10-15,0,0,0,0.7725
I0017124,C03184,J0002,6.5,0.587,0.645,3,0.479,338,8112.0,2025-06-28,0,0,0,0.7326
I0000708,C03608,J0047,6.4,0.423,0.73,2,0.575,242,5808.0,2025-10-02,0,0,0,0.7238
I0018848,C01851,J0054,0.0,0.703,0.841,2,0.727,180,4320.0,2025-12-03,0,0,0,0.7371
I0025326,C03980,J0114,0.0,0.615,0.928,4,0.554,45,1080.0,2026-04-17,0,0,0,0.7355
I0044253,C00192,J0145,5.7,0.849,0.748,4,0.701,50,1200.0,2026-04-12,1,0,0,0.7199
I0045443,C02536,J0034,4.1,0.442,0.825,1,0.634,228,5472.0,2025-10-16,0,0,0,0.6835
I0005205,C01722,J0105,0.0,0.746,0.639,3,0.544,192,4608.0,2025-11-21,0,0,0,0.5546
I0007920,C01242,J0099,8.9,0.619,0.722,2,0.707,328,7872.0,2025-07-08,0,0,0,0.809
I0051729,C01119,J0036,3.5,0.455,0.922,4,0.6,165,3960.0,2025-12-18,0,0,0,0.7338
I0059436,C03366,J0109,0.9,0.576,0.848,2,0.714,232,5568.0,2025-10-12,0,0,0,0.6739
I0033438,C02536,J0086,4.1,0.442,0.825,3,0.489,373,8952.0,2025-05-24,0,0,0,0.7857
I0004219,C00622,J0007,6.7,0.729,0.961,3,0.673,96,2304.0,2026-02-25,0,0,0,0.8617
I0009242,C02041,J0059,13.6,0.51,0.736,2,0.808,264,6336.0,2025-09-10,0,0,0,0.7444
I0047481,C00130,J0063,1.9,0.655,0.445,4,0.497,280,6720.0,2025-08-25,0,0,0,0.5631
I0041358,C00038,J0146,7.9,0.72,0.982,3,0.57,334,8016.0,2025-07-02,0,0,0,0.8217
I0056528,C00340,J0041,2.1,0.862,0.656,4,0.655,135,3240.0,2026-01-17,0,0,0,0.5914
I0054765,C02992,J0020,0.8,0.559,0.89,4,0.849,65,1560.0,2026-03-28,0,0,0,0.5769
I0009149,C03098,J0143,0.0,0.507,0.811,1,0.714,267,6408.0,2025-09-07,0,0,0,0.5996
I0035812,C01805,J0087,11.7,0.556,1.0,3,0.578,306,7344.0,2025-07-30,1,1,1,0.9812
I0047442,C00095,J0056,10.7,0.51,0.542,3,0.397,200,4800.0,2025-11-13,0,0,0,0.771
I0007475,C02941,J0117,7.8,0.857,0.75,1,0.842,243,5832.0,2025-10-01,0,0,0,0.8497
I0032122,C02514,J0103,0.0,0.378,0.777,4,0.476,68,1632.0,2026-03-25,0,0,0,0.6669
I0041699,C02480,J0106,2.4,0.632,0.541,3,0.884,290,6960.0,2025-08-15,0,0,0,0.5324
I0002807,C00367,J0078,2.8,0.539,0.782,2,0.5,26,624.0,2026-05-06,0,0,0,0.7572
I0053092,C00925,J0075,1.6,0.886,0.854,3,0.62,186,4464.0,2025-11-27,0,0,0,0.5972
I0045153,C00688,J0011,2.9,0.604,0.723,3,0.484,33,792.0,2026-04-29,0,0,0,0.6852
I0018131,C03794,J0064,,0.38,0.699,1,0.487,390,9360.0,2025-05-07,0,0,0,0.6385
I0029658,C00571,J0052,5.2,0.606,0.674,4,0.406,29,696.0,2026-05-03,0,0,0,0.6539
I0022567,C03967,J0087,6.1,0.908,0.657,3,0.578,385,9240.0,2025-05-12,0,0,0,0.5727
I0001879,C02724,J0141,2.6,0.554,0.801,3,0.672,178,4272.0,2025-12-05,0,0,0,0.7035
I0017779,C00550,J0014,2.3,0.377,0.744,1,0.37,170,4080.0,2025-12-13,0,0,0,0.7606
I0056804,C02822,J0090,6.8,0.18,0.806,3,0.558,152,3648.0,2025-12-31,0,0,0,0.5927
I0046989,C03299,J0039,6.3,0.752,0.75,1,0.53,207,4968.0,2025-11-06,0,0,0,0.6784
I0048475,C02960,J0001,0.0,0.734,0.659,3,0.47,36,864.0,2026-04-26,0,0,0,0.5166
I0049331,C02529,J0033,7.3,0.474,0.766,1,0.649,255,6120.0,2025-09-19,0,0,0,0.733
I0009632,C02705,J0065,4.2,0.536,0.608,2,0.74,382,9168.0,2025-05-15,0,0,0,0.6155
I0044640,C02202,J0088,3.2,1.0,0.97,2,0.856,247,5928.0,1970-01-01 00:00:00,0,0,0,0.743
I0030446,C01217,J0052,8.4,0.682,0.772,4,0.406,9,216.0,2026-05-23,1,0,0,0.6821
I0052274,C01755,J0005,4.9,0.495,0.764,1,0.566,87,2088.0,2026-03-06,0,0,0,0.7651
I0006948,C01406,J0015,3.9,0.747,0.776,2,0.903,295,7080.0,2025-08-10,0,0,0,0.6917
I0021848,C00830,J0041,6.4,0.489,1.0,4,0.655,70,1680.0,2026-03-23,0,0,0,0.7901
I0019590,C01276,J0127,0.8,0.445,0.749,3,0.595,42,1008.0,2026-04-20,1,0,0,0.6358
I0026484,C02292,J0068,8.5,0.371,0.633,2,0.713,12,288.0,2026-05-20,0,0,0,0.5981
I0028041,C03681,J0098,9.9,1.0,0.746,1,0.723,185,4440.0,2025-11-28,0,0,0,0.6994
I0006702,C01451,J0060,3.6,0.499,0.713,1,0.633,109,2616.0,2026-02-12,0,0,0,0.6843
I0046529,C02882,J0107,6.2,0.753,0.715,2,0.389,270,6480.0,2025-09-04,0,0,0,0.5668
I0045435,C02612,J0056,7.2,0.63,1.0,3,0.397,23,552.0,2026-05-09,0,0,0,0.7564
I0044192,C02894,J0087,3.6,0.496,0.871,3,0.578,73,1752.0,2026-03-20,0,0,0,0.7655
I0019246,C00514,J0004,0.0,0.646,0.764,2,0.655,254,6096.0,2025-09-20,0,0,0,0.7259
I0033601,C02125,J0005,5.2,1.0,0.594,1,0.566,212,5088.0,2025-11-01,0,0,0,0.4664
I0000906,C01796,J0004,1.0,0.708,0.675,2,0.655,119,2856.0,2026-02-02,0,0,0,0.6867
I0056333,C00925,J0005,1.6,0.886,0.854,1,0.566,19,456.0,2026-05-13,0,0,0,0.5591
I0040016,C03022,J0075,0.0,0.68,1.0,3,0.62,188,4512.0,2025-11-25,0,0,0,0.7565
I0031375,C03565,J0042,,0.566,0.597,3,0.496,284,6816.0,2025-08-21,0,0,0,0.6714
I0035998,C00449,J0100,2.9,0.96,0.808,1,0.169,22,528.0,2026-05-10,0,0,0,0.2361
I0051810,C01674,J0048,8.5,0.751,0.584,2,0.774,190,4560.0,2025-11-23,0,0,0,0.8091
I0018486,C02558,J0006,6.0,0.74,0.699,3,0.665,286,6864.0,2025-08-19,0,0,0,0.7626
I0057515,C00376,J0101,2.8,0.745,0.433,2,0.588,93,2232.0,2026-02-28,0,0,0,0.5756
I0013797,C01479,J0011,3.2,0.461,0.975,3,0.484,199,4776.0,2025-11-14,0,0,0,0.8297
I0037382,C01785,J0071,8.3,1.0,0.734,2,0.587,194,4656.0,2025-11-19,1,0,0,0.5731
I0007106,C01105,J0064,9.0,0.731,0.821,1,0.487,202,4848.0,2025-11-11,0,0,0,0.7286
I0039364,C01436,J0123,3.8,0.506,0.561,3,0.315,101,2424.0,2026-02-20,0,0,0,0.6047
I0044552,C00608,J0038,6.4,0.203,0.717,4,0.713,218,5232.0,2025-10-26,0,0,0,0.4678
I0054546,C03860,J0108,4.7,0.443,0.501,4,0.437,153,3672.0,2025-12-30,0,0,0,0.7334
I0035175,C02652,J0099,4.0,0.486,0.639,2,0.707,363,8712.0,2025-06-03,0,0,0,0.6089
I0028435,C01745,J0109,5.8,0.742,0.889,2,0.714,378,9072.0,2025-05-19,0,0,0,0.8459
I0050091,C02735,J0041,0.9,0.633,1.0,4,0.655,394,9456.0,2025-05-03,0,0,0,0.7985
I0059177,C02162,J0114,0.7,0.75,1.0,4,0.554,198,4752.0,2025-11-15,0,0,0,0.6725
I0036229,C03066,J0148,8.3,0.932,0.546,4,0.719,142,3408.0,2026-01-10,0,0,0,0.6611
I0012892,C03227,J0095,11.5,0.933,0.97,3,0.582,164,3936.0,2025-12-19,0,0,0,0.7375
I0055603,C01526,J0146,1.2,0.739,0.811,3,0.57,323,7752.0,2025-07-13,0,0,0,0.6467
I0054227,C02125,J0073,5.2,1.0,0.594,2,0.624,233,5592.0,2025-10-11,0,0,0,0.5073
I0035496,C01937,J0050,6.2,0.749,0.89,3,0.587,25,600.0,2026-05-07,0,0,0,0.7585
I0022587,C03269,J0004,,0.726,0.716,2,0.655,207,4968.0,2025-11-06,0,0,0,0.7313
I0056868,C01838,J0067,0.0,0.273,0.936,4,0.443,103,2472.0,2026-02-18,0,0,0,0.6609
I0040648,C01605,J0077,2.1,0.541,0.759,4,0.837,42,1008.0,2026-04-20,0,0,0,0.5577
I0037326,C01071,J0089,1.9,0.481,0.587,3,0.39,14,336.0,2026-05-18,0,0,0,0.6504
I0047248,C01872,J0149,3.2,0.576,0.788,1,0.593,397,9528.0,2025-04-30,0,0,0,0.7812
I0004657,C00804,J0102,7.3,0.835,0.717,2,0.438,309,7416.0,2025-07-27,0,0,0,0.5627
I0028005,C00564,J0103,,0.66,0.753,4,0.476,156,3744.0,2025-12-27,0,0,0,0.7585
I0020628,C00366,J0031,5.2,0.826,0.618,3,0.886,134,3216.0,2026-01-18,0,0,0,0.7368
I0053429,C02158,J0091,5.9,0.449,0.796,2,0.409,268,6432.0,2025-09-06,1,0,0,0.8129
I0025652,C00810,J0098,4.9,0.881,0.9,1,0.723,37,888.0,2026-04-25,1,0,0,0.7421
I0045190,C03500,J0056,0.0,0.812,0.645,3,0.397,82,1968.0,2026-03-11,0,0,0,0.4062
I0029042,C03447,J0014,0.9,0.731,0.632,1,0.37,69,1656.0,2026-03-24,0,0,0,0.4558
I0034253,C03579,J0100,,0.669,0.449,1,0.169,397,9528.0,2025-04-30,0,0,0,0.4077
I0005803,C02926,J0059,5.2,0.114,0.988,2,0.808,174,4176.0,2025-12-09,0,0,0,0.3942
I0003928,C00058,J0135,1.0,0.564,0.847,3,0.587,135,3240.0,2026-01-17,0,0,0,0.7564
I0031366,C00733,J0131,2.2,0.946,0.589,2,0.716,125,3000.0,2026-01-27,0,0,0,0.558
I0014998,C03816,J0129,3.0,0.607,0.672,1,0.574,96,2304.0,2026-02-25,1,0,0,0.7338
I0040989,C03912,J0117,4.1,0.505,0.753,1,0.842,77,1848.0,2026-03-16,0,0,0,0.561
I0013274,C03041,J0078,6.3,0.615,0.66,2,0.5,167,4008.0,2025-12-16,0,0,0,0.7285
I0044684,C02807,J0142,0.6,0.632,0.752,2,0.778,137,3288.0,2026-01-15,0,0,0,0.6361
I0056355,C03050,J0050,1.8,0.62,0.743,3,0.587,272,6528.0,2025-09-02,0,0,0,0.7335
I0019321,C03177,J0096,3.7,0.886,0.808,3,0.799,228,5472.0,2025-10-16,0,0,0,0.7459
I0011453,C02192,J0105,3.0,0.419,0.584,3,0.544,167,4008.0,2025-12-16,0,0,0,0.6442
I0032605,C00864,J0122,3.0,0.559,1.0,2,0.704,363,8712.0,2025-06-03,0,0,0,0.7474
I0042521,C01821,J0022,0.0,1.0,0.754,1,0.577,370,8880.0,2025-05-27,0,0,0,0.4313
I0047432,C00108,J0132,8.5,0.718,0.805,3,0.612,274,6576.0,1970-01-01 00:00:00,0,0,0,0.8129
I0032064,C00551,J0146,4.6,0.677,0.616,3,0.57,12,288.0,2026-05-20,1,0,0,0.6929
I0033950,C03375,J0066,4.1,0.404,0.705,2,0.752,352,8448.0,2025-06-14,0,0,0,0.5397
I0012681,C01086,J0056,5.3,0.601,0.843,3,0.397,5,120.0,2026-05-27,0,0,0,0.7004
I0016871,C02626,J0079,0.0,0.627,0.933,2,0.518,304,7296.0,2025-08-01,0,0,0,0.7031
I0011634,C01337,J0139,,0.503,0.922,2,0.561,99,2376.0,1970-01-01 00:00:00,0,0,0,0.8104
I0002549,C02731,J0003,6.1,0.881,0.964,1,0.462,374,8976.0,2025-05-23,0,0,0,0.5965
I0006742,C01453,J0123,4.4,0.486,0.494,3,0.315,54,1296.0,2026-04-08,0,0,0,0.61
I0016790,C01693,J0043,8.0,0.731,0.915,3,0.512,66,1584.0,2026-03-27,0,0,0,0.7558
I0054588,C00404,J0074,4.1,0.785,0.933,1,0.343,191,4584.0,2025-11-22,0,0,0,0.5377
I0012630,C03232,J0087,0.0,0.526,0.585,3,0.578,92,2208.0,2026-03-01,0,0,0,0.6451
I0054453,C00204,J0143,2.1,0.497,0.818,1,0.714,22,528.0,1970-01-01 00:00:00,0,0,0,0.6301
I0034835,C00016,J0110,4.0,0.53,0.725,2,0.549,178,4272.0,2025-12-05,0,0,0,0.7756
I0023537,C01012,J0108,3.0,0.713,0.651,4,0.437,317,7608.0,2025-07-19,0,0,0,0.5566
I0028265,C00875,J0007,4.9,0.058,0.695,3,0.673,205,4920.0,2025-11-08,0,0,0,0.3622
I0042851,C03910,J0052,5.4,0.368,0.75,4,0.406,346,8304.0,2025-06-20,0,0,0,0.7929
I0044540,C01928,J0090,6.8,0.47,0.974,3,0.558,272,6528.0,2025-09-02,0,0,0,0.8445
I0007298,C03826,J0118,8.5,0.862,0.882,2,0.57,165,3960.0,2025-12-18,1,0,0,0.7035
I0003461,C03732,J0120,2.9,0.685,0.657,2,0.522,286,6864.0,2025-08-19,0,0,0,0.6363
I0053678,C01235,J0007,7.2,0.674,0.707,3,0.673,368,8832.0,2025-05-29,1,0,0,0.8373
I0008913,C03583,J0052,3.4,0.675,0.697,4,0.406,68,1632.0,2026-03-25,1,0,0,0.5813
I0030997,C01737,J0055,0.0,0.374,0.631,3,0.749,340,8160.0,2025-06-26,0,0,0,0.4304
I0022964,C02143,J0142,2.8,0.562,0.672,2,0.778,2,48.0,2026-05-30,0,0,0,0.6014
I0056383,C01562,J0120,3.1,0.731,0.769,2,0.522,100,2400.0,2026-02-21,0,0,0,0.6388
I0048480,C02835,J0069,8.4,0.733,0.576,2,0.698,351,8424.0,2025-06-15,0,0,0,0.7967
I0022994,C03456,J0018,3.9,0.305,0.633,4,0.73,67,1608.0,2026-03-26,0,0,0,0.4617
I0040033,C02607,J0014,0.0,0.195,0.907,1,0.37,247,5928.0,2025-09-27,1,0,0,0.6492
I0046262,C03907,J0094,0.0,0.586,0.616,2,0.625,202,4848.0,2025-11-11,0,0,0,0.663
I0059084,C01070,J0102,7.4,0.198,0.614,2,0.438,192,4608.0,2025-11-21,0,0,0,0.646
I0018600,C00541,J0075,4.0,1.0,0.559,3,0.62,47,1128.0,2026-04-15,0,0,0,0.4743
I0006036,C02440,J0131,5.9,0.954,0.86,2,0.716,42,1008.0,2026-04-20,0,0,0,0.6914
I0008659,C03025,J0065,4.6,0.307,0.726,2,0.74,328,7872.0,2025-07-08,0,0,0,0.4941
I0032109,C03163,J0031,6.9,0.522,0.547,3,0.886,266,6384.0,2025-09-08,0,0,0,0.5312
I0036204,C00950,J0002,2.4,0.514,0.654,3,0.479,13,312.0,2026-05-19,0,0,0,0.7172
I0050171,C02909,J0074,3.8,0.388,0.939,1,0.343,302,7248.0,2025-08-03,1,0,0,0.8142
I0055367,C00199,J0117,7.8,0.805,0.751,1,0.842,87,2088.0,2026-03-06,0,0,0,0.8345
I0043751,C01351,J0121,4.7,0.456,0.829,3,0.82,359,8616.0,2025-06-07,0,0,0,0.5735
I0036759,C01197,J0148,1.6,0.684,0.994,4,0.719,305,7320.0,2025-07-31,0,0,0,0.7995
I0048759,C00491,J0038,0.2,0.754,0.763,4,0.713,146,3504.0,2026-01-06,0,0,0,0.7065
I0032768,C00915,J0087,2.2,0.58,0.543,3,0.578,145,3480.0,2026-01-07,0,0,0,0.7058
I0009790,C02495,J0034,0.0,0.311,0.809,1,0.634,67,1608.0,2026-03-26,0,0,0,0.5173
I0023493,C02082,J0053,0.0,0.685,0.845,2,0.651,330,7920.0,2025-07-06,0,0,0,0.7311
I0035742,C01025,J0104,5.6,0.534,0.571,1,0.821,356,8544.0,2025-06-10,0,0,0,0.5703
I0046507,C02232,J0054,9.0,0.788,0.866,2,0.727,96,2304.0,2026-02-25,1,1,1,0.8703
I0046871,C02914,J0067,11.0,0.598,0.703,4,0.443,132,3168.0,2026-01-20,0,0,0,0.7919
I0030213,C02819,J0043,3.4,0.576,0.96,3,0.512,366,8784.0,2025-05-31,0,0,0,0.7999
I0026452,C00335,J0112,1.7,0.894,0.622,2,0.583,235,5640.0,2025-10-09,0,0,0,0.5018
I0034097,C00904,J0038,3.9,0.684,0.664,4,0.713,255,6120.0,2025-09-19,0,0,0,0.7496
I0019428,C00886,J0064,7.4,0.633,0.815,1,0.487,165,3960.0,2025-12-18,0,0,0,0.7689
I0023923,C01880,J0065,1.8,0.801,0.809,2,0.74,321,7704.0,2025-07-15,1,0,0,0.7324
I0059429,C02426,J0022,0.0,0.628,0.443,1,0.577,32,768.0,2026-04-30,0,0,0,0.6058
I0005106,C01842,J0013,5.2,0.548,0.794,3,0.854,177,4248.0,2025-12-06,0,0,0,0.613
I0013976,C00747,J0127,,0.628,0.716,3,0.595,136,3264.0,2026-01-16,0,0,0,0.7581
I0052630,C02722,J0013,5.0,0.695,1.0,3,0.854,266,6384.0,2025-09-08,0,0,0,0.7713
I0010609,C00177,J0139,3.9,0.587,0.715,2,0.561,201,4824.0,2025-11-12,0,0,0,0.7661
I0034408,C02772,J0068,5.7,0.525,0.59,2,0.713,195,4680.0,2025-11-18,0,0,0,0.6471
I0007679,C02390,J0034,6.9,0.439,0.73,1,0.634,115,2760.0,2026-02-06,0,0,0,0.702
I0023048,C02662,J0042,1.9,0.811,0.959,3,0.496,10,240.0,2026-05-22,0,0,0,0.5973
I0007173,C00922,J0038,0.1,0.265,0.469,4,0.713,60,1440.0,2026-04-02,0,0,0,0.335
I0034086,C00797,J0124,5.7,0.505,0.994,4,0.309,227,5448.0,2025-10-17,0,0,0,0.7554
I0031868,C01627,J0066,0.5,0.922,0.9,2,0.752,141,3384.0,2026-01-11,1,0,0,0.6592
I0055566,C02626,J0015,0.0,0.627,0.933,2,0.903,6,144.0,2026-05-26,0,0,0,0.5854
I0012728,C00301,J0095,3.0,0.854,0.61,3,0.582,376,9024.0,2025-05-21,0,0,0,0.5479
I0034104,C01570,J0042,6.7,1.0,0.625,3,0.496,328,7872.0,2025-07-08,0,0,0,0.4511
I0019306,C03923,J0103,10.4,0.161,0.783,4,0.476,249,5976.0,2025-09-25,0,0,0,0.6915
I0046551,C01817,J0074,4.6,0.248,0.596,1,0.343,81,1944.0,2026-03-12,0,0,0,0.6958
I0020675,C03861,J0080,3.8,0.582,0.808,1,0.569,177,4248.0,2025-12-06,0,0,0,0.7998
I0001253,C03580,J0114,3.4,0.8,0.972,4,0.554,175,4200.0,2025-12-08,0,0,0,0.675
I0005610,C00265,J0107,1.8,0.58,0.607,2,0.389,312,7488.0,2025-07-24,0,0,0,0.5838
I0033267,C02483,J0144,0.0,0.561,0.661,2,0.591,237,5688.0,2025-10-07,0,0,0,0.6821
I0059882,C03788,J0100,2.2,0.734,0.705,1,0.169,156,3744.0,2025-12-27,0,0,0,0.3546
I0035543,C00828,J0037,1.7,0.758,1.0,2,0.622,45,1080.0,2026-04-17,0,0,0,0.7317
I0004615,C03180,J0002,6.5,0.844,0.635,3,0.479,395,9480.0,2025-05-02,0,0,0,0.5486
I0055112,C03368,J0013,10.5,0.939,0.395,3,0.854,220,5280.0,2025-10-24,0,0,0,0.7459
I0037969,C00052,J0097,7.9,0.161,0.661,1,0.65,261,6264.0,2025-09-13,0,0,0,0.4922
I0048704,C03879,J0048,5.8,0.893,0.685,2,0.774,202,4848.0,2025-11-11,0,0,0,0.7242
I0058272,C00075,J0060,0.0,0.429,0.765,1,0.633,71,1704.0,2026-03-22,0,0,0,0.5887
I0040678,C03108,J0074,8.4,0.606,0.902,1,0.343,284,6816.0,2025-08-21,1,1,0,0.7279
I0017362,C00242,J0053,2.8,0.678,0.666,2,0.651,299,7176.0,2025-08-06,0,0,0,0.733
I0000588,C00322,J0117,7.5,0.69,0.688,1,0.842,14,336.0,2026-05-18,0,0,0,0.7306
I0006006,C00600,J0009,1.2,0.593,0.71,3,0.437,136,3264.0,2026-01-16,0,0,0,0.6274
I0025975,C01785,J0044,8.3,1.0,0.734,2,0.579,188,4512.0,2025-11-25,0,0,0,0.5675
I0059999,C02040,J0096,7.1,0.834,0.772,3,0.799,135,3240.0,2026-01-17,0,0,0,0.83
I0023678,C03367,J0109,,0.889,0.924,2,0.714,269,6456.0,2025-09-05,0,0,0,0.6912
I0009126,C02687,J0021,2.4,0.441,0.631,2,0.438,206,4944.0,2025-11-07,0,0,0,0.7333
I0025527,C01528,J0124,2.2,0.421,0.79,4,0.309,65,1560.0,2026-03-28,0,0,0,0.6979
I0042655,C03271,J0128,4.2,0.557,0.578,3,0.677,380,9120.0,2025-05-17,0,0,0,0.6663
I0039488,C01543,J0079,,0.542,0.638,2,0.518,308,7392.0,2025-07-28,0,0,0,0.7035
I0028868,C02705,J0051,4.2,0.536,0.608,3,0.624,226,5424.0,2025-10-18,0,0,0,0.6973
I0043373,C01604,J0102,0.0,0.925,0.672,2,0.438,381,9144.0,2025-05-16,0,0,0,0.363
I0022267,C00295,J0127,10.4,0.436,0.481,3,0.595,208,4992.0,2025-11-05,0,0,0,0.7163
I0052159,C00058,J0095,1.0,0.564,0.847,3,0.582,255,6120.0,2025-09-19,0,0,0,0.7599
I0033871,C00957,J0081,4.3,0.595,0.652,2,0.644,57,1368.0,2026-04-05,0,0,0,0.7389
I0038844,C01636,J0123,3.8,0.488,0.793,3,0.315,49,1176.0,2026-04-13,0,0,0,0.6828
I0035460,C03684,J0102,4.4,0.705,0.577,2,0.438,195,4680.0,2025-11-18,0,0,0,0.5658
I0005981,C03543,J0100,0.7,0.427,1.0,1,0.169,249,5976.0,2025-09-25,0,0,0,0.6288
I0002826,C03925,J0055,5.7,0.58,0.64,3,0.749,130,3120.0,2026-01-22,0,0,0,0.6746
I0045474,C02437,J0146,7.6,0.46,0.98,3,0.57,58,1392.0,2026-04-04,0,0,0,0.8442
I0041064,C02930,J0021,8.1,0.685,0.612,2,0.438,48,1152.0,2026-04-14,0,0,0,0.6523
I0018487,C00928,J0091,0.0,0.627,0.669,2,0.409,251,6024.0,2025-09-23,0,0,0,0.5518
I0012376,C01807,J0020,3.3,0.768,0.676,4,0.849,71,1704.0,2026-03-22,0,0,0,0.7062
I0022636,C01551,J0092,6.7,0.926,0.597,4,0.623,22,528.0,2026-05-10,1,0,0,0.5849
I0016812,C01316,J0017,7.0,0.553,0.946,2,0.748,12,288.0,2026-05-20,0,0,0,0.7646
I0012791,C03474,J0089,4.2,0.807,0.801,3,0.39,394,9456.0,2025-05-03,0,0,0,0.5198
I0020964,C01365,J0057,5.8,0.687,1.0,2,0.372,119,2856.0,2026-02-02,0,0,0,0.6749
I0041593,C00576,J0089,4.2,0.617,0.57,3,0.39,329,7896.0,2025-07-07,0,0,0,0.5886
I0016231,C03429,J0013,0.9,0.84,0.697,3,0.854,202,4848.0,2025-11-11,1,0,0,0.7187
I0022599,C02885,J0097,1.8,0.613,0.741,1,0.65,383,9192.0,2025-05-14,0,0,0,0.7302
I0036633,C00071,J0104,6.3,0.698,0.483,1,0.821,224,5376.0,2025-10-20,0,0,0,0.6729
I0051171,C02983,J0066,2.9,0.579,0.769,2,0.752,110,2640.0,2026-02-11,0,0,0,0.6608
I0036411,C02706,J0085,9.1,0.701,0.84,1,0.66,347,8328.0,2025-06-19,0,0,0,0.8788
I0052494,C03556,J0099,,0.243,0.461,2,0.707,315,7560.0,2025-07-21,0,0,0,0.3942
I0000644,C03766,J0104,4.1,0.573,0.599,1,0.821,154,3696.0,2025-12-29,0,0,0,0.5803
I0003272,C01344,J0034,9.1,0.726,0.648,1,0.634,153,3672.0,2025-12-30,0,0,0,0.7887
I0016694,C02456,J0101,2.4,0.356,0.682,2,0.588,379,9096.0,2025-05-18,1,0,0,0.5862
I0053787,C03937,J0103,,0.514,0.557,4,0.476,365,8760.0,2025-06-01,0,0,0,0.7655
I0050219,C00944,J0020,10.1,0.362,0.768,4,0.849,328,7872.0,2025-07-08,0,0,0,0.561
I0011670,C01815,J0147,13.5,0.762,0.714,2,0.622,362,8688.0,2025-06-04,1,0,0,0.8479
I0058576,C02626,J0023,0.0,0.627,0.933,2,0.472,187,4488.0,2025-11-26,0,0,0,0.6707
I0038223,C03540,J0046,7.4,0.201,0.601,3,0.767,39,936.0,2026-04-23,0,0,0,0.4125
I0037508,C03966,J0115,4.0,0.775,0.718,1,0.627,116,2784.0,2026-02-05,0,0,0,0.6826
I0027118,C02914,J0013,11.0,0.598,0.703,3,0.854,265,6360.0,2025-09-09,0,0,0,0.7207
I0045073,C03558,J0137,2.8,0.352,0.648,1,0.69,268,6432.0,2025-09-06,0,0,0,0.5087
I0029647,C00292,J0006,1.6,0.674,0.75,3,0.665,324,7776.0,2025-07-12,0,0,0,0.749
I0057639,C02973,J0097,3.3,0.911,0.693,1,0.65,138,3312.0,2026-01-14,0,0,0,0.5841
I0056717,C00631,J0074,6.1,0.661,0.745,1,0.343,27,648.0,2026-05-05,0,0,0,0.6059
I0010907,C01854,J0132,2.2,0.561,0.71,3,0.612,205,4920.0,2025-11-08,0,0,0,0.7183
I0035039,C00286,J0016,7.8,0.821,1.0,4,0.643,138,3312.0,2026-01-14,0,0,0,0.8053
I0024695,C03027,J0010,2.7,0.251,0.721,4,0.566,197,4728.0,2025-11-16,0,0,0,0.5438
I0021211,C02583,J0062,2.7,0.609,0.999,4,0.382,276,6624.0,2025-08-29,0,0,0,0.6842
I0006527,C03058,J0138,8.3,0.552,0.531,2,0.343,255,6120.0,2025-09-19,0,0,0,0.6597
I0009064,C00371,J0120,1.1,0.681,1.0,2,0.522,351,8424.0,2025-06-15,0,0,0,0.7053
I0019138,C00231,J0122,4.9,0.902,0.449,2,0.704,286,6864.0,2025-08-19,0,0,0,0.5868
I0008171,C03071,J0130,0.0,0.606,0.522,1,0.81,199,4776.0,1970-01-01 00:00:00,0,0,0,0.5202
I0001592,C01686,J0004,5.4,0.519,0.71,2,0.655,335,8040.0,2025-07-01,0,0,0,0.7125
I0040474,C02808,J0024,2.7,0.705,0.585,1,0.346,174,4176.0,2025-12-09,0,0,0,0.4744
I0053031,C00730,J0002,2.6,0.65,0.457,3,0.479,100,2400.0,2026-02-21,0,0,0,0.5692
I0054259,C00960,J0063,10.5,0.496,0.743,4,0.497,115,2760.0,2026-02-06,0,0,0,0.9033
I0055315,C01205,J0145,6.4,0.539,0.518,4,0.701,18,432.0,2026-05-14,0,0,0,0.657
I0012293,C00642,J0111,7.0,0.641,0.639,1,0.646,305,7320.0,2025-07-31,0,0,0,0.8119
I0048362,C02270,J0065,0.0,0.684,0.891,2,0.74,175,4200.0,2025-12-08,0,0,0,0.7286
I0022062,C00586,J0148,5.0,0.517,0.662,4,0.719,150,3600.0,2026-01-02,0,0,0,0.6457
I0037786,C02568,J0065,3.9,0.335,0.83,2,0.74,195,4680.0,2025-11-18,0,0,0,0.5314
I0011178,C03311,J0009,1.4,0.455,1.0,3,0.437,121,2904.0,2026-01-31,0,0,0,0.8098
I0059645,C00598,J0131,6.2,0.542,0.677,2,0.716,232,5568.0,2025-10-12,0,0,0,0.69
I0009762,C00252,J0039,0.0,0.485,0.555,1,0.53,116,2784.0,2026-02-05,0,0,0,0.6416
I0021039,C03241,J0141,5.3,0.507,0.804,3,0.672,275,6600.0,2025-08-30,0,0,0,0.7169
I0022390,C01385,J0079,11.3,0.273,0.912,2,0.518,208,4992.0,2025-11-05,0,0,0,0.7925
I0006293,C03475,J0147,2.7,0.69,0.741,2,0.622,315,7560.0,2025-07-21,0,0,0,0.7235
I0035784,C00446,J0042,0.9,0.449,0.681,3,0.496,176,4224.0,2025-12-07,0,0,0,0.691
I0023556,C00973,J0131,4.8,0.586,0.982,2,0.716,116,2784.0,2026-02-05,1,0,0,0.7833
I0050828,C03755,J0084,1.4,1.0,0.996,4,0.431,114,2736.0,2026-02-07,0,0,0,0.4203
I0008740,C01634,J0133,5.8,0.6,0.505,4,0.772,367,8808.0,2025-05-30,0,0,0,0.6361
I0058453,C00826,J0098,2.8,0.55,0.913,1,0.723,47,1128.0,2026-04-15,0,0,0,0.6997
I0049539,C02495,J0001,0.0,0.311,0.809,3,0.47,221,5304.0,2025-10-23,0,0,0,0.6329
I0000628,C00309,J0072,5.4,0.38,0.743,1,0.651,259,6216.0,2025-09-15,0,0,0,0.6267
I0020484,C03670,J0046,8.0,0.602,0.998,3,0.767,289,6936.0,2025-08-16,0,0,0,0.8173
I0058076,C02640,J0034,0.0,0.392,0.773,1,0.634,250,6000.0,2025-09-24,1,0,0,0.5642
I0015606,C01736,J0045,7.4,0.756,0.695,4,0.544,291,6984.0,2025-08-14,0,0,0,0.6886
I0029891,C00606,J0058,4.3,0.785,0.719,1,0.519,331,7944.0,2025-07-05,1,0,0,0.6048
I0037280,C02583,J0023,2.7,0.609,0.999,2,0.472,275,6600.0,2025-08-30,0,0,0,0.7476
I0020909,C02073,J0077,8.5,0.845,0.942,4,0.837,396,9504.0,2025-05-01,0,0,0,0.9206
I0058754,C03364,J0002,0.0,0.465,1.0,3,0.479,28,672.0,2026-05-04,0,0,0,0.7889
I0002893,C01442,J0148,,0.918,0.893,4,0.719,31,744.0,2026-05-01,0,0,0,0.6673
I0055849,C01929,J0086,1.7,0.524,0.506,3,0.489,373,8952.0,2025-05-24,0,0,0,0.6636
I0050147,C00678,J0118,5.5,0.72,0.658,2,0.57,353,8472.0,2025-06-13,0,0,0,0.6897
I0018352,C03198,J0122,5.3,0.725,0.748,2,0.704,172,4128.0,2025-12-11,0,0,0,0.8026
I0014212,C01078,J0018,5.2,0.469,0.696,4,0.73,227,5448.0,2025-10-17,1,1,1,0.6171
I0013342,C01960,J0037,5.4,0.682,0.792,2,0.622,243,5832.0,2025-10-01,0,0,0,0.7892
I0049964,C03716,J0124,1.5,0.813,0.549,4,0.309,219,5256.0,2025-10-25,0,0,0,0.3417
I0034462,C03204,J0108,7.5,0.433,0.8,4,0.437,78,1872.0,2026-03-15,0,0,0,0.8665
I0056650,C00031,J0050,8.4,0.754,0.984,3,0.587,260,6240.0,2025-09-14,0,0,0,0.8187
I0002515,C01592,J0110,2.5,0.196,0.698,2,0.549,321,7704.0,2025-07-15,0,0,0,0.5071
I0047455,C02507,J0052,1.0,0.27,0.919,4,0.406,186,4464.0,2025-11-27,0,0,0,0.697
I0052914,C01068,J0068,4.4,0.612,0.805,2,0.713,62,1488.0,2026-03-31,0,0,0,0.7471
I0024023,C02596,J0052,4.5,0.733,0.603,4,0.406,263,6312.0,2025-09-11,0,0,0,0.5325
I0025697,C02569,J0056,0.0,0.932,0.701,3,0.397,46,1104.0,2026-04-16,0,0,0,0.3374
I0034049,C01068,J0142,4.4,0.612,0.805,2,0.778,199,4776.0,2025-11-14,0,0,0,0.7013
I0043215,C01507,J0065,0.0,0.4,0.634,2,0.74,64,1536.0,2026-03-29,0,0,0,0.4559
I0052840,C02906,J0100,4.7,1.0,0.853,1,0.169,206,4944.0,2025-11-07,0,0,0,0.2511
I0053846,C01565,J0038,2.8,0.827,0.805,4,0.713,198,4752.0,2025-11-15,0,0,0,0.7108
I0022274,C01567,J0015,0.8,0.546,0.623,2,0.903,124,2976.0,2026-01-28,0,0,0,0.4544
I0017298,C02949,J0056,8.9,0.73,0.9,3,0.397,311,7464.0,2025-07-25,1,0,0,0.6865
I0035210,C02031,J0009,5.8,0.309,0.731,3,0.437,206,4944.0,2025-11-07,0,0,0,0.7309
I0021072,C01403,J0089,0.9,0.439,0.748,3,0.39,160,3840.0,2025-12-23,0,0,0,0.7084
I0022549,C02690,J0149,1.0,0.689,0.808,1,0.593,247,5928.0,2025-09-27,0,0,0,0.6939
I0051306,C01132,J0134,4.0,0.712,1.0,2,0.353,102,2448.0,2026-02-19,0,0,0,0.6134
I0043114,C00622,J0041,6.7,0.729,0.961,4,0.655,316,7584.0,2025-07-20,0,0,0,0.849
I0018938,C02166,J0081,4.2,0.376,0.608,2,0.644,200,4800.0,2025-11-13,0,0,0,0.5704
I0045628,C03880,J0057,3.0,0.703,0.631,2,0.372,257,6168.0,2025-09-17,0,0,0,0.5122
I0028406,C00520,J0094,3.4,0.945,0.93,2,0.625,36,864.0,2026-04-26,0,0,0,0.611
I0004672,C02791,J0105,6.8,0.968,0.868,3,0.544,379,9096.0,2025-05-18,0,0,0,0.5778
I0034583,C02106,J0044,1.4,0.437,0.786,2,0.579,64,1536.0,2026-03-29,0,0,0,0.6621
I0012758,C02066,J0028,7.9,0.57,0.81,3,0.898,207,4968.0,2025-11-06,0,0,0,0.6477
I0053762,C01064,J0124,7.0,0.586,0.744,4,0.309,315,7560.0,2025-07-21,0,0,0,0.6498
I0015093,C01463,J0105,4.9,0.562,0.971,3,0.544,348,8352.0,2025-06-18,0,0,0,0.8608
I0034439,C02971,J0083,4.4,0.365,0.61,3,0.691,306,7344.0,2025-07-30,0,0,0,0.5335
I0045618,C00052,J0131,7.9,0.161,0.661,2,0.716,52,1248.0,2026-04-10,1,0,0,0.4457
I0053603,C01316,J0085,7.0,0.553,0.946,1,0.66,203,4872.0,2025-11-10,0,0,0,0.8266
I0052842,C01473,J0035,2.0,0.708,0.421,4,0.644,275,6600.0,2025-08-30,1,0,0,0.6243
I0011810,C02945,J0073,0.1,0.548,0.856,2,0.624,358,8592.0,2025-06-08,0,0,0,0.7063
I0049543,C00010,J0010,4.7,0.717,0.632,4,0.566,290,6960.0,2025-08-15,0,0,0,0.6681
I0055127,C00039,J0023,0.0,0.608,0.75,2,0.472,89,2136.0,2026-03-04,0,0,0,0.6325
I0037176,C02965,J0072,3.6,0.768,0.602,1,0.651,385,9240.0,2025-05-12,0,0,0,0.665
I0049095,C00173,J0102,6.6,0.402,0.651,2,0.438,303,7272.0,2025-08-02,0,0,0,0.7867
I0045545,C02046,J0048,3.4,0.045,0.847,2,0.774,205,4920.0,2025-11-08,0,0,0,0.2993
I0059512,C02472,J0002,2.8,0.287,0.719,3,0.479,289,6936.0,2025-08-16,0,0,0,0.6316
I0050296,C01872,J0083,3.2,0.576,0.788,3,0.691,310,7440.0,2025-07-26,0,0,0,0.7121
I0040503,C03170,J0068,1.3,0.669,0.519,2,0.713,280,6720.0,2025-08-25,0,0,0,0.6542
I0018597,C01187,J0123,3.2,0.327,0.831,3,0.315,301,7224.0,2025-08-04,1,0,0,0.7968
I0057169,C01532,J0086,,0.58,0.974,3,0.489,60,1440.0,2026-04-02,0,0,0,0.795
I0002867,C03896,J0134,0.0,0.65,0.596,2,0.353,43,1032.0,2026-04-19,0,0,0,0.4755
I0034058,C01406,J0042,3.9,0.747,0.776,3,0.496,335,8040.0,2025-07-01,0,0,0,0.6247
I0053614,C03913,J0030,7.0,0.562,0.569,2,1.0,356,8544.0,2025-06-10,0,0,0,0.487
I0025623,C02661,J0008,0.3,0.734,0.883,2,0.441,305,7320.0,2025-07-31,0,0,0,0.5644
I0028319,C02970,J0120,4.0,0.686,0.859,2,0.522,150,3600.0,2026-01-02,0,0,0,0.7111
I0039564,C03872,J0080,4.8,0.866,0.959,1,0.569,216,5184.0,2025-10-28,1,0,0,0.6591
I0019172,C00388,J0007,3.2,0.585,0.643,3,0.673,287,6888.0,2025-08-18,0,0,0,0.6903
I0050991,C03522,J0080,1.8,0.232,0.664,1,0.569,372,8928.0,2025-05-25,0,0,0,0.497
I0005438,C03402,J0144,1.4,0.691,0.964,2,0.591,146,3504.0,2026-01-06,0,0,0,0.7419
I0000224,C02880,J0097,0.0,0.534,0.99,1,0.65,182,4368.0,2025-12-01,0,0,0,0.7142
I0002060,C02141,J0075,3.5,0.704,0.805,3,0.62,319,7656.0,2025-07-17,0,0,0,0.7438
I0016298,C03783,J0030,2.6,0.729,0.79,2,1.0,189,4536.0,1970-01-01 00:00:00,1,0,0,0.5926
I0051580,C02814,J0091,2.2,0.683,0.879,2,0.409,310,7440.0,2025-07-26,0,0,0,0.6088
I0031263,C01603,J0113,,0.389,0.679,1,0.579,82,1968.0,2026-03-11,0,0,0,0.642
I0056967,C02877,J0056,0.7,0.093,0.896,3,0.397,67,1608.0,2026-03-26,0,0,0,0.567
I0005563,C03638,J0079,4.9,0.708,0.733,2,0.518,161,3864.0,2025-12-22,0,0,0,0.6725
I0038168,C03981,J0147,5.9,1.0,0.517,2,0.622,317,7608.0,2025-07-19,0,0,0,0.496
I0027879,C00381,J0092,5.2,0.694,1.0,4,0.623,262,6288.0,2025-09-12,0,0,0,0.8367
I0052065,C00761,J0141,,0.607,0.713,3,0.672,186,4464.0,2025-11-27,0,0,0,0.6991
I0018810,C03935,J0055,1.7,0.89,1.0,3,0.749,244,5856.0,2025-09-30,0,0,0,0.7282
I0033179,C03149,J0020,2.3,0.753,0.852,4,0.849,209,5016.0,2025-11-04,0,0,0,0.7283
I0029953,C01361,J0046,1.7,0.592,0.766,3,0.767,298,7152.0,2025-08-07,0,0,0,0.6382
I0001557,C00660,J0059,5.9,0.407,0.788,2,0.808,97,2328.0,2026-02-24,0,0,0,0.5562
I0047778,C02554,J0099,3.2,0.808,0.507,2,0.707,394,9456.0,2025-05-03,0,0,0,0.6427
I0025377,C02778,J0086,6.5,0.309,0.68,3,0.489,167,4008.0,1970-01-01 00:00:00,0,0,0,0.6917
I0019660,C01480,J0142,1.2,0.677,0.891,2,0.778,253,6072.0,2025-09-21,0,0,0,0.7172
I0044836,C01468,J0008,4.0,0.465,0.869,2,0.441,133,3192.0,2026-01-19,0,0,0,0.8126
I0055668,C01217,J0082,8.4,0.682,0.772,1,0.615,105,2520.0,2026-02-16,0,0,0,0.8294
I0010193,C03550,J0031,2.1,0.716,0.818,3,0.886,203,4872.0,2025-11-10,0,0,0,0.6632
I0007456,C01714,J0052,6.0,0.611,0.779,4,0.406,171,4104.0,2025-12-12,1,0,0,0.6935
I0055261,C03500,J0100,0.0,0.812,0.645,1,0.169,371,8904.0,2025-05-26,0,0,0,0.2455
I0058582,C01297,J0097,3.3,0.543,0.905,1,0.65,57,1368.0,2026-04-05,0,0,0,0.7524
I0038372,C02152,J0115,2.4,0.669,0.757,1,0.627,4,96.0,2026-05-28,0,0,0,0.7413
I0013132,C01975,J0077,3.8,0.556,0.536,4,0.837,31,744.0,2026-05-01,0,0,0,0.5342
I0024522,C02651,J0144,3.5,0.29,0.509,2,0.591,371,8904.0,2025-05-26,0,0,0,0.5074
I0039745,C00672,J0096,2.9,0.239,0.721,3,0.799,5,120.0,2026-05-27,0,0,0,0.3745
I0021640,C03032,J0081,1.5,0.211,0.509,2,0.644,381,9144.0,2025-05-16,0,0,0,0.3805
I0056232,C00624,J0094,9.4,0.658,1.0,2,0.625,217,5208.0,2025-10-27,0,0,0,0.9346
I0017378,C01740,J0100,0.0,0.325,0.523,1,0.169,7,168.0,2026-05-25,0,0,0,0.5543
I0053594,C01887,J0054,5.2,0.56,0.986,2,0.727,214,5136.0,2025-10-30,0,0,0,0.7651
I0009696,C02889,J0092,5.2,0.414,0.761,4,0.623,37,888.0,2026-04-25,0,0,0,0.6721
I0051611,C00280,J0108,1.8,0.732,0.824,4,0.437,356,8544.0,2025-06-10,0,0,0,0.5717
I0043544,C02775,J0047,,0.744,0.822,2,0.575,307,7368.0,2025-07-29,0,0,0,0.6769
I0035077,C00169,J0030,2.6,0.883,0.778,2,1.0,191,4584.0,2025-11-22,0,0,0,0.6977
I0037553,C00510,J0069,5.1,0.805,0.744,2,0.698,114,2736.0,2026-02-07,0,0,0,0.7375
I0056202,C01320,J0117,5.1,0.37,0.558,1,0.842,364,8736.0,2025-06-02,0,0,0,0.4277
I0040746,C00361,J0124,3.4,0.733,0.765,4,0.309,151,3624.0,2026-01-01,0,0,0,0.4912
I0041672,C00373,J0101,0.0,0.557,0.8,2,0.588,219,5256.0,2025-10-25,0,0,0,0.7206
I0025424,C00863,J0008,0.0,0.792,0.719,2,0.441,70,1680.0,2026-03-23,0,0,0,0.4722
I0024294,C02308,J0052,4.0,0.604,0.701,4,0.406,133,3192.0,2026-01-19,0,0,0,0.6426
I0026542,C01137,J0085,8.1,0.563,0.632,1,0.66,172,4128.0,2025-12-11,0,0,0,0.7637
I0057369,C02403,J0123,7.7,0.469,0.563,3,0.315,52,1248.0,2026-04-10,0,0,0,0.6973
I0017052,C00190,J0115,5.3,0.597,0.894,1,0.627,394,9456.0,2025-05-03,0,0,0,0.8374
I0007343,C03244,J0054,7.6,0.498,0.842,2,0.727,295,7080.0,2025-08-10,0,0,0,0.7214
I0059824,C03254,J0127,2.8,0.417,0.949,3,0.595,265,6360.0,2025-09-09,0,0,0,0.7063
I0051606,C00580,J0004,5.3,0.466,0.589,2,0.655,346,8304.0,2025-06-20,0,0,0,0.6394
I0002298,C00842,J0027,6.6,0.235,0.663,1,0.574,308,7392.0,2025-07-28,1,0,0,0.5765
I0013911,C00098,J0141,,0.62,0.532,3,0.672,115,2760.0,2026-02-06,0,0,0,0.681
I0032251,C02077,J0074,5.7,0.783,0.562,1,0.343,131,3144.0,1970-01-01 00:00:00,0,0,0,0.4616
I0009892,C03336,J0000,0.6,0.508,0.718,4,0.534,156,3744.0,2025-12-27,0,0,0,0.7111
I0016423,C01988,J0128,5.7,0.575,0.741,3,0.677,376,9024.0,2025-05-21,0,0,0,0.7503
I0038905,C01696,J0143,3.7,0.791,0.736,1,0.714,85,2040.0,2026-03-08,0,0,0,0.7327
I0029382,C01567,J0066,0.8,0.546,0.623,2,0.752,275,6600.0,2025-08-30,0,0,0,0.5608
I0013600,C00284,J0120,5.7,0.712,0.626,2,0.522,287,6888.0,2025-08-18,0,0,0,0.6559
I0035786,C01965,J0006,4.1,0.502,0.827,3,0.665,353,8472.0,2025-06-13,0,0,0,0.7045
I0009670,C02813,J0145,7.4,0.831,0.88,4,0.701,109,2616.0,2026-02-12,0,0,0,0.7985
I0050882,C02327,J0139,3.3,0.437,0.831,2,0.561,333,7992.0,2025-07-03,0,0,0,0.7196
I0005345,C00005,J0104,0.0,0.262,0.698,1,0.821,251,6024.0,2025-09-23,0,0,0,0.3196
I0018762,C00265,J0123,1.8,0.58,0.607,3,0.315,131,3144.0,2026-01-21,0,0,0,0.5317
I0058869,C02413,J0114,3.2,0.53,0.856,4,0.554,232,5568.0,2025-10-12,0,0,0,0.7954
I0059230,C03241,J0071,5.3,0.507,0.804,2,0.587,156,3744.0,2025-12-27,0,0,0,0.7768
I0034435,C02106,J0125,1.4,0.437,0.786,1,0.475,260,6240.0,2025-09-14,0,0,0,0.7354
I0055896,C00191,J0136,,0.956,0.634,2,0.621,170,4080.0,2025-12-13,0,0,0,0.5153
I0052433,C03096,J0009,1.7,0.643,0.812,3,0.437,352,8448.0,2025-06-14,1,0,0,0.6294
I0005466,C01708,J0047,3.7,0.724,0.553,2,0.575,323,7752.0,2025-07-13,0,0,0,0.6303
I0001182,C03352,J0071,4.2,0.499,0.687,2,0.587,158,3792.0,2025-12-25,0,0,0,0.7196
I0052709,C02427,J0080,0.0,0.485,0.658,1,0.569,105,2520.0,2026-02-16,0,0,0,0.6432
I0011711,C02673,J0024,2.7,0.754,0.847,1,0.346,389,9336.0,2025-05-08,0,0,0,0.5137
I0047233,C03237,J0107,2.7,0.448,0.744,2,0.389,284,6816.0,2025-08-21,0,0,0,0.7307
I0032907,C03791,J0144,6.0,0.55,0.816,2,0.591,252,6048.0,2025-09-22,0,0,0,0.8195
I0045956,C02864,J0045,4.1,0.899,0.666,4,0.544,230,5520.0,2025-10-14,0,0,0,0.5238
I0006917,C00552,J0099,5.1,0.493,0.696,2,0.707,99,2376.0,2026-02-22,0,0,0,0.6485
I0019011,C00463,J0147,2.2,0.506,0.611,2,0.622,95,2280.0,2026-02-26,0,0,0,0.6446
I0053637,C02563,J0149,,0.704,0.964,1,0.593,251,6024.0,2025-09-23,1,0,0,0.7899
I0020907,C02011,J0119,3.1,0.968,0.668,1,0.541,56,1344.0,2026-04-06,0,0,0,0.4566
I0022035,C02549,J0101,4.8,0.65,0.593,2,0.588,315,7560.0,2025-07-21,0,0,0,0.7216
I0038676,C03862,J0004,7.7,0.556,0.542,2,0.655,168,4032.0,2025-12-15,1,0,0,0.7302
I0047125,C00170,J0007,2.8,0.723,0.616,3,0.673,4,96.0,1970-01-01 00:00:00,0,0,0,0.7027
I0044089,C03725,J0017,2.6,0.635,1.0,2,0.748,46,1104.0,2026-04-16,0,0,0,0.7631
I0036522,C03405,J0023,4.5,0.635,0.709,2,0.472,156,3744.0,2025-12-27,0,0,0,0.678
I0026311,C01406,J0102,3.9,0.747,0.776,2,0.438,154,3696.0,2025-12-29,0,0,0,0.5838
I0041502,C03438,J0059,7.9,0.419,0.617,2,0.808,251,6024.0,2025-09-23,0,0,0,0.5503
I0008550,C01470,J0072,3.2,0.996,0.651,1,0.651,313,7512.0,2025-07-23,0,0,0,0.5113
I0043788,C01781,J0088,1.3,0.837,0.638,2,0.856,314,7536.0,2025-07-22,0,0,0,0.7053
I0046149,C01607,J0097,,0.034,0.414,1,0.65,358,8592.0,2025-06-08,0,0,0,0.2467
I0055207,C02811,J0055,3.9,0.675,0.834,3,0.749,4,96.0,2026-05-28,0,0,0,0.7658
I0039774,C01872,J0015,3.2,0.576,0.788,2,0.903,56,1344.0,2026-04-06,0,0,0,0.5627
I0015807,C01569,J0093,5.9,0.522,0.635,3,0.757,341,8184.0,2025-06-25,0,0,0,0.6301
I0021412,C02922,J0020,3.3,0.504,0.913,4,0.849,75,1800.0,2026-03-18,0,0,0,0.5869
I0043514,C03762,J0142,4.6,0.553,0.745,2,0.778,187,4488.0,2025-11-26,0,0,0,0.6461
I0020137,C01563,J0016,2.6,0.392,0.684,4,0.643,72,1728.0,2026-03-21,0,0,0,0.5768
I0004644,C03960,J0093,,0.649,0.679,3,0.757,44,1056.0,2026-04-18,0,0,0,0.7438
I0042780,C01336,J0104,7.2,0.595,0.671,1,0.821,106,2544.0,2026-02-15,0,0,0,0.6685
I0044133,C02318,J0039,3.9,0.605,0.692,1,0.53,86,2064.0,2026-03-07,0,0,0,0.7251
I0039102,C00603,J0098,3.5,0.526,0.829,1,0.723,349,8376.0,2025-06-17,0,0,0,0.6709
I0046125,C01198,J0109,6.7,0.703,0.778,2,0.714,114,2736.0,2026-02-07,0,0,0,0.8418
I0002331,C03080,J0147,2.0,0.656,0.646,2,0.622,193,4632.0,2025-11-20,0,0,0,0.7089
I0030490,C03266,J0073,8.6,0.303,0.875,2,0.624,180,4320.0,2025-12-03,0,0,0,0.6828
I0039387,C02028,J0077,0.6,0.591,0.884,4,0.837,1,24.0,2026-05-31,0,0,0,0.6028
I0023859,C00538,J0032,,0.879,0.637,2,0.954,82,1968.0,2026-03-11,0,0,0,0.7333
I0053529,C00665,J0146,5.3,0.398,0.57,3,0.57,203,4872.0,2025-11-10,0,0,0,0.646
I0054138,C03933,J0033,0.0,0.815,0.966,1,0.649,52,1248.0,2026-04-10,1,0,0,0.6722
I0025809,C00148,J0102,6.6,0.474,0.89,2,0.438,262,6288.0,2025-09-12,0,0,0,0.8541
I0045459,C03527,J0110,0.0,0.85,0.858,2,0.549,305,7320.0,2025-07-31,1,1,0,0.5466
I0032858,C00668,J0145,1.3,0.239,0.987,4,0.701,21,504.0,2026-05-11,0,0,0,0.4915
I0058580,C00899,J0095,2.2,0.547,0.949,3,0.582,19,456.0,2026-05-13,0,0,0,0.797
I0033571,C02047,J0052,4.4,0.947,0.751,4,0.406,222,5328.0,2025-10-22,0,0,0,0.4217
I0032870,C01797,J0055,4.7,0.652,1.0,3,0.749,289,6936.0,2025-08-16,1,0,0,0.81
I0005598,C03226,J0052,2.9,0.53,0.958,4,0.406,177,4248.0,2025-12-06,1,0,0,0.7486
I0020560,C01132,J0110,4.0,0.712,1.0,2,0.549,166,3984.0,2025-12-17,0,0,0,0.7516
I0057022,C02393,J0039,1.8,0.852,1.0,1,0.53,396,9504.0,2025-05-01,0,0,0,0.6023
I0055572,C01673,J0008,5.5,0.384,0.955,2,0.441,336,8064.0,2025-06-30,0,0,0,0.839
I0041885,C00819,J0028,0.8,0.468,0.745,3,0.898,329,7896.0,2025-07-07,0,0,0,0.4373
I0018868,C02582,J0093,7.0,0.685,0.531,3,0.757,163,3912.0,2025-12-20,0,0,0,0.7342
I0019210,C00954,J0141,6.0,0.524,0.431,3,0.672,28,672.0,2026-05-04,0,0,0,0.6356
I0051401,C02349,J0148,4.0,1.0,0.68,4,0.719,208,4992.0,2025-11-05,0,0,0,0.5782
I0045824,C01981,J0065,3.3,0.45,0.89,2,0.74,6,144.0,2026-05-26,1,0,0,0.6192
I0034978,C01027,J0148,2.0,0.811,0.726,4,0.719,222,5328.0,2025-10-22,0,0,0,0.6905
I0051239,C01666,J0058,7.4,0.791,0.68,1,0.519,323,7752.0,2025-07-13,0,0,0,0.642
I0005055,C03433,J0006,6.0,0.594,0.693,3,0.665,88,2112.0,2026-03-05,1,0,0,0.7637
I0022224,C01685,J0008,5.2,0.594,1.0,2,0.441,378,9072.0,2025-05-19,0,0,0,0.7789
I0044899,C03826,J0145,8.5,0.862,0.882,4,0.701,132,3168.0,2026-01-20,0,0,0,0.7959
I0053421,C00439,J0128,0.0,0.657,0.821,3,0.677,334,8016.0,2025-07-02,0,0,0,0.7342
I0011878,C00317,J0136,5.3,0.516,0.442,2,0.621,350,8400.0,2025-06-16,0,0,0,0.6571
I0024186,C02847,J0107,5.5,0.484,0.561,2,0.389,346,8304.0,1970-01-01 00:00:00,0,0,0,0.7011
I0008238,C01089,J0078,6.3,0.28,0.719,2,0.5,223,5352.0,2025-10-21,0,0,0,0.6711
I0040266,C03214,J0118,0.0,0.539,0.847,2,0.57,26,624.0,2026-05-06,0,0,0,0.7338
I0010713,C01811,J0140,5.4,0.61,0.623,1,0.66,120,2880.0,2026-02-01,0,0,0,0.7486
I0006010,C03846,J0133,4.9,0.78,0.563,4,0.772,259,6216.0,2025-09-15,0,0,0,0.7529
I0007478,C02958,J0080,2.2,0.744,0.874,1,0.569,158,3792.0,2025-12-25,0,0,0,0.6771
I0006128,C02423,J0032,4.5,0.708,0.855,2,0.954,54,1296.0,2026-04-08,0,0,0,0.6607
I0048254,C01532,J0076,4.0,0.58,0.974,4,0.695,191,4584.0,2025-11-22,0,0,0,0.7781
I0044959,C00533,J0144,0.0,0.867,0.823,2,0.591,97,2328.0,2026-02-24,0,0,0,0.5543
I0000039,C01295,J0092,0.4,0.961,0.698,4,0.623,393,9432.0,2025-05-04,0,0,0,0.4822
I0034670,C01472,J0082,7.7,0.774,0.779,1,0.615,255,6120.0,2025-09-19,0,0,0,0.7547
I0042883,C03529,J0123,4.3,0.574,0.828,3,0.315,177,4248.0,2025-12-06,0,0,0,0.6405
I0010610,C02858,J0128,9.6,0.67,0.89,3,0.677,331,7944.0,2025-07-05,0,0,0,0.9253
I0015134,C03742,J0029,0.0,0.351,0.619,1,0.913,389,9336.0,2025-05-08,0,0,0,0.2952
I0018911,C01949,J0000,3.9,0.691,0.55,4,0.534,305,7320.0,2025-07-31,0,0,0,0.6272
I0022657,C01855,J0108,9.8,0.82,0.975,4,0.437,121,2904.0,2026-01-31,0,0,0,0.6876
I0041999,C01200,J0068,3.2,0.635,0.477,2,0.713,158,3792.0,2025-12-25,0,0,0,0.6505
I0032257,C03623,J0010,2.0,0.488,0.809,4,0.566,146,3504.0,2026-01-06,0,0,0,0.7238
I0032688,C01473,J0032,2.0,0.708,0.421,2,0.954,266,6384.0,2025-09-08,0,0,0,0.496
I0032878,C00846,J0040,9.4,0.773,0.61,1,0.393,349,8376.0,2025-06-17,1,0,0,0.58
I0032045,C02457,J0118,3.0,0.936,0.538,2,0.57,43,1032.0,2026-04-19,0,0,0,0.4613
I0035562,C03218,J0008,2.8,0.43,0.618,2,0.441,272,6528.0,2025-09-02,0,0,0,0.7307
I0004524,C00432,J0066,0.0,0.826,0.64,2,0.752,357,8568.0,2025-06-09,0,0,0,0.6451
I0000612,C02316,J0028,4.1,0.534,0.444,3,0.898,365,8760.0,2025-06-01,0,0,0,0.4548
I0046704,C00386,J0036,4.2,0.721,0.768,4,0.6,272,6528.0,2025-09-02,0,0,0,0.7192
I0043110,C01730,J0120,5.1,0.378,0.594,2,0.522,181,4344.0,2025-12-02,0,0,0,0.6691
I0037591,C03408,J0028,0.4,0.094,0.791,3,0.898,237,5688.0,2025-10-07,0,0,0,0.1799
I0012623,C01894,J0078,6.1,0.677,0.826,2,0.5,389,9336.0,2025-05-08,0,0,0,0.7282
I0019588,C03181,J0004,3.9,0.509,0.763,2,0.655,203,4872.0,2025-11-10,0,0,0,0.6951
I0038425,C00972,J0080,2.4,0.5,0.705,1,0.569,10,240.0,1970-01-01 00:00:00,0,0,0,0.7076
I0002907,C02744,J0079,1.5,0.525,0.724,2,0.518,342,8208.0,2025-06-24,0,0,0,0.7414
I0013030,C01996,J0075,9.2,0.581,0.55,3,0.62,0,0.0,2026-06-01,0,0,0,0.8001
I0047807,C03581,J0000,,0.701,0.668,4,0.534,288,6912.0,2025-08-17,0,0,0,0.6467
I0032633,C03058,J0146,8.3,0.552,0.531,3,0.57,144,3456.0,2026-01-08,0,0,0,0.7943
I0038670,C01144,J0126,7.3,0.412,0.585,2,0.635,320,7680.0,2025-07-16,0,0,0,0.6481
I0034644,C03888,J0045,2.3,0.855,0.612,4,0.544,116,2784.0,2026-02-05,0,0,0,0.5091
I0014710,C00805,J0087,1.4,0.618,1.0,3,0.578,105,2520.0,2026-02-16,0,0,0,0.7943
I0031080,C00243,J0017,8.4,0.565,0.639,2,0.748,218,5232.0,2025-10-26,1,0,0,0.7101
I0029213,C00751,J0007,1.2,0.737,0.712,3,0.673,95,2280.0,2026-02-26,0,0,0,0.6928
I0048303,C02636,J0102,2.7,0.557,0.822,2,0.438,220,5280.0,2025-10-24,0,0,0,0.7104
I0015189,C01629,J0133,0.0,0.729,0.645,4,0.772,22,528.0,2026-05-10,0,0,0,0.6684
I0034200,C01152,J0125,0.9,0.778,0.62,1,0.475,107,2568.0,2026-02-14,1,0,0,0.4933
I0044332,C02270,J0134,0.0,0.684,0.891,2,0.353,332,7968.0,2025-07-04,0,0,0,0.5348
I0027191,C03511,J0119,0.2,0.916,0.926,1,0.541,115,2760.0,2026-02-06,0,0,0,0.517
I0003270,C01697,J0142,0.2,0.746,0.722,2,0.778,55,1320.0,2026-04-07,0,0,0,0.7013
I0042068,C02499,J0060,,0.629,0.854,1,0.633,61,1464.0,2026-04-01,0,0,0,0.8107
I0007718,C03757,J0064,7.2,0.516,0.868,1,0.487,200,4800.0,2025-11-13,0,0,0,0.863
I0000221,C03973,J0054,6.6,0.272,0.781,2,0.727,252,6048.0,2025-09-22,0,0,0,0.528
I0010883,C03736,J0081,5.4,0.389,0.736,2,0.644,59,1416.0,2026-04-03,0,0,0,0.636
I0042839,C01244,J0064,4.1,0.383,0.64,1,0.487,88,2112.0,2026-03-05,0,0,0,0.6934
I0044962,C02981,J0108,7.0,0.878,0.806,4,0.437,337,8088.0,2025-06-29,0,0,0,0.5517
I0027147,C02138,J0137,6.6,0.811,0.712,1,0.69,62,1488.0,2026-03-31,0,0,0,0.744
I0008081,C01453,J0143,4.4,0.486,0.494,1,0.714,155,3720.0,2025-12-28,0,0,0,0.5699
I0010817,C01231,J0032,5.4,0.23,0.825,2,0.954,213,5112.0,2025-10-31,0,0,0,0.3305
I0000942,C00005,J0078,0.0,0.262,0.698,2,0.5,181,4344.0,2025-12-02,0,0,0,0.5459
I0028375,C03606,J0000,6.9,0.58,0.542,4,0.534,163,3912.0,2025-12-20,0,0,0,0.754
I0008643,C01402,J0043,1.1,0.615,0.839,3,0.512,150,3600.0,2026-01-02,0,0,0,0.6994
I0049125,C03376,J0078,0.0,0.565,0.676,2,0.5,144,3456.0,2026-01-08,0,0,0,0.6616
I0036791,C02145,J0120,10.0,0.598,0.752,2,0.522,197,4728.0,2025-11-16,0,0,0,0.8445
I0046055,C03582,J0115,0.0,0.771,0.67,1,0.627,110,2640.0,2026-02-11,0,0,0,0.6043
I0017567,C03369,J0143,3.2,0.759,0.812,1,0.714,24,576.0,2026-05-08,0,0,0,0.7682
I0010542,C01057,J0035,4.4,0.801,0.637,4,0.644,328,7872.0,2025-07-08,0,0,0,0.6602
I0032957,C00301,J0033,3.0,0.854,0.61,1,0.649,76,1824.0,2026-03-17,0,0,0,0.5951
I0045132,C02308,J0098,4.0,0.604,0.701,1,0.723,143,3432.0,2026-01-09,0,0,0,0.6983
I0016933,C03609,J0018,3.5,0.715,0.624,4,0.73,124,2976.0,2026-01-28,0,0,0,0.7414
I0039603,C01058,J0065,2.8,0.533,0.878,2,0.74,198,4752.0,2025-11-15,0,0,0,0.6659
I0009246,C03495,J0007,1.3,0.535,0.537,3,0.673,168,4032.0,2025-12-15,0,0,0,0.593
I0005333,C01833,J0063,7.4,0.825,0.851,4,0.497,216,5184.0,2025-10-28,0,0,0,0.6508
I0014355,C00111,J0030,,0.445,0.582,2,1.0,291,6984.0,2025-08-14,0,0,0,0.3574
I0003156,C02566,J0086,0.0,0.507,0.933,3,0.489,381,9144.0,2025-05-16,0,0,0,0.7672
I0056825,C02182,J0009,4.7,0.344,0.967,3,0.437,261,6264.0,2025-09-13,0,0,0,0.8035
I0049117,C03120,J0111,3.2,0.882,0.691,1,0.646,72,1728.0,2026-03-21,0,0,0,0.5995
I0028918,C01358,J0056,0.0,0.194,0.541,3,0.397,190,4560.0,2025-11-23,0,0,0,0.5263
I0021926,C01694,J0099,,0.767,0.832,2,0.707,186,4464.0,2025-11-27,0,0,0,0.809
I0019869,C02502,J0090,9.3,0.493,1.0,3,0.558,219,5256.0,2025-10-25,0,0,0,0.9103
I0025536,C00334,J0116,0.9,0.68,0.75,4,0.696,231,5544.0,2025-10-13,0,0,0,0.7323
I0004070,C02114,J0116,3.6,0.598,0.795,4,0.696,127,3048.0,2026-01-25,0,0,0,0.7328
I0034476,C00325,J0091,8.2,0.616,0.611,2,0.409,215,5160.0,2025-10-29,0,0,0,0.6819
I0058605,C00196,J0076,2.9,0.59,0.755,4,0.695,288,6912.0,2025-08-17,1,0,0,0.7048
I0029740,C01311,J0041,5.8,0.499,0.704,4,0.655,310,7440.0,2025-07-26,0,0,0,0.7035
I0056076,C02967,J0141,6.3,0.528,0.657,3,0.672,18,432.0,2026-05-14,0,0,0,0.7072
I0031144,C00337,J0018,3.9,0.518,0.935,4,0.73,40,960.0,2026-04-22,0,0,0,0.697
I0029578,C01421,J0116,5.7,0.631,0.592,4,0.696,297,7128.0,2025-08-08,0,0,0,0.7344
I0037232,C03740,J0121,3.6,0.316,0.714,3,0.82,354,8496.0,2025-06-12,0,0,0,0.4238
I0021546,C02280,J0091,9.1,0.584,0.642,2,0.409,303,7272.0,2025-08-02,0,0,0,0.7285
I0040829,C02582,J0012,7.0,0.685,0.531,1,0.468,226,5424.0,2025-10-18,0,0,0,0.632
I0059267,C02820,J0111,9.5,0.375,0.735,1,0.646,173,4152.0,2025-12-10,0,0,0,0.6938
I0054317,C02088,J0127,4.7,0.587,0.786,3,0.595,395,9480.0,2025-05-02,0,0,0,0.8124
I0007743,C01749,J0109,3.0,0.77,0.469,2,0.714,318,7632.0,2025-07-18,0,0,0,0.6604
I0024239,C03153,J0114,1.9,0.587,0.764,4,0.554,3,72.0,2026-05-29,0,0,0,0.7412
I0049410,C00994,J0007,4.1,0.315,0.864,3,0.673,94,2256.0,2026-02-27,0,0,0,0.5775
I0051905,C01826,J0106,3.0,0.573,0.762,3,0.884,372,8928.0,2025-05-25,0,0,0,0.5632
I0019926,C03226,J0067,2.9,0.53,0.958,4,0.443,332,7968.0,2025-07-04,0,0,0,0.7747
I0020500,C01548,J0047,0.0,0.515,0.668,2,0.575,10,240.0,2026-05-22,0,0,0,0.6629
I0002152,C02805,J0053,1.7,0.669,0.488,2,0.651,86,2064.0,2026-03-07,0,0,0,0.6705
I0020779,C03291,J0027,6.5,0.619,0.641,1,0.574,84,2016.0,2026-03-09,0,0,0,0.7758
I0018172,C01889,J0075,,0.604,1.0,3,0.62,171,4104.0,1970-01-01 00:00:00,0,0,0,0.8654
I0031436,C01311,J0086,5.8,0.499,0.704,3,0.489,262,6288.0,2025-09-12,0,0,0,0.8064
I0030643,C03978,J0017,2.2,0.645,0.593,2,0.748,182,4368.0,2025-12-01,0,0,0,0.6487
I0006072,C03348,J0128,9.0,0.244,0.861,3,0.677,9,216.0,2026-05-23,0,0,0,0.6067
I0047035,C00702,J0023,4.3,1.0,0.765,2,0.472,252,6048.0,2025-09-22,0,0,0,0.4331
I0054839,C01525,J0124,7.1,0.404,0.885,4,0.309,116,2784.0,2026-02-05,0,0,0,0.8195
I0013151,C01441,J0114,3.9,0.478,0.428,4,0.554,330,7920.0,2025-07-06,0,0,0,0.6499
I0017612,C01517,J0090,,1.0,0.954,3,0.558,368,8832.0,2025-05-29,0,0,0,0.5098
I0023856,C01615,J0068,6.5,0.728,0.99,2,0.713,321,7704.0,2025-07-15,1,0,0,0.8954
I0045755,C00874,J0115,1.4,0.632,1.0,1,0.627,31,744.0,2026-05-01,0,0,0,0.819
I0021710,C01613,J0049,5.9,0.526,0.945,2,0.631,373,8952.0,2025-05-24,0,0,0,0.8091
I0051534,C02538,J0099,8.9,0.559,0.625,2,0.707,323,7752.0,2025-07-13,0,0,0,0.7393
I0014384,C01729,J0095,7.5,0.497,0.907,3,0.582,366,8784.0,2025-05-31,0,0,0,0.8396
I0034005,C02009,J0072,4.4,0.652,0.984,1,0.651,378,9072.0,2025-05-19,0,0,0,0.868
I0025413,C01850,J0016,5.0,1.0,0.745,4,0.643,115,2760.0,2026-02-06,0,0,0,0.5598
I0004265,C01302,J0103,5.1,0.591,0.855,4,0.476,266,6384.0,2025-09-08,0,0,0,0.7631
I0030141,C01880,J0013,1.8,0.801,0.809,3,0.854,43,1032.0,2026-04-19,0,0,0,0.7381
I0058973,C03858,J0119,5.7,0.572,0.727,1,0.541,305,7320.0,2025-07-31,0,0,0,0.7964
I0034683,C03740,J0075,3.6,0.316,0.714,3,0.62,200,4800.0,2025-11-13,0,0,0,0.5648
I0038685,C02798,J0098,2.5,0.173,0.853,1,0.723,173,4152.0,2025-12-10,0,0,0,0.412
I0030631,C02403,J0115,7.7,0.469,0.563,1,0.627,196,4704.0,2025-11-17,0,0,0,0.6945
I0059434,C00214,J0057,1.0,0.493,0.811,2,0.372,144,3456.0,2026-01-08,0,0,0,0.6771
I0037267,C02817,J0009,0.0,0.513,0.687,3,0.437,35,840.0,2026-04-27,0,0,0,0.657
I0002503,C03388,J0015,3.3,0.551,0.606,2,0.903,148,3552.0,2026-01-04,0,0,0,0.4954
I0042562,C02801,J0035,,0.587,0.701,4,0.644,181,4344.0,2025-12-02,0,0,0,0.8181
I0014399,C03108,J0094,8.4,0.606,0.902,2,0.625,378,9072.0,2025-05-19,0,0,0,0.8999
I0047549,C02860,J0021,9.3,0.734,0.633,2,0.438,283,6792.0,2025-08-22,0,0,0,0.644
I0005496,C03584,J0086,0.2,0.634,0.798,3,0.489,154,3696.0,2025-12-29,1,0,0,0.643
I0041050,C01905,J0148,6.7,0.624,0.72,4,0.719,344,8256.0,2025-06-22,0,0,0,0.7662
I0043969,C00112,J0119,4.6,0.9,0.785,1,0.541,395,9480.0,2025-05-02,0,0,0,0.5629
I0010441,C02762,J0001,3.5,0.463,0.615,3,0.47,19,456.0,2026-05-13,0,0,0,0.7445
I0055880,C00438,J0030,1.3,0.279,0.774,2,1.0,176,4224.0,2025-12-07,0,0,0,0.2488
I0023727,C00509,J0003,4.9,0.564,0.967,1,0.462,295,7080.0,2025-08-10,0,0,0,0.8005
I0045062,C00939,J0143,5.9,0.115,0.865,1,0.714,169,4056.0,2025-12-14,0,0,0,0.4383
I0035855,C02026,J0111,0.0,0.647,0.731,1,0.646,182,4368.0,2025-12-01,0,0,0,0.7223
I0052743,C01352,J0149,5.6,0.715,0.58,1,0.593,329,7896.0,2025-07-07,0,0,0,0.6891
I0048575,C03182,J0095,0.9,0.518,0.888,3,0.582,278,6672.0,2025-08-27,0,0,0,0.7373
I0012319,C03538,J0009,4.6,0.741,0.584,3,0.437,226,5424.0,2025-10-18,0,0,0,0.545
I0034429,C02612,J0065,7.2,0.63,1.0,2,0.74,287,6888.0,2025-08-18,0,0,0,0.8431
I0010930,C02487,J0062,3.2,0.499,0.59,4,0.382,89,2136.0,2026-03-04,0,0,0,0.6549
I0018874,C01968,J0034,2.5,0.392,0.951,1,0.634,370,8880.0,2025-05-27,0,0,0,0.6567
I0039672,C00478,J0106,3.1,0.637,0.928,3,0.884,353,8472.0,2025-06-13,0,0,0,0.6568
I0023231,C03390,J0134,4.1,0.325,0.418,2,0.353,196,4704.0,2025-11-17,0,0,0,0.6843
I0031056,C01219,J0115,8.1,0.593,0.695,1,0.627,277,6648.0,2025-08-28,0,0,0,0.8259
I0044109,C01375,J0008,6.7,0.244,0.817,2,0.441,37,888.0,2026-04-25,0,0,0,0.7217
I0051504,C00005,J0020,0.0,0.262,0.698,4,0.849,141,3384.0,2026-01-11,0,0,0,0.2999
I0026006,C02672,J0123,0.0,0.716,0.696,3,0.315,123,2952.0,2026-01-29,0,0,0,0.4304
I0034279,C02302,J0077,2.1,0.354,0.777,4,0.837,210,5040.0,2025-11-03,0,0,0,0.431
I0059912,C01477,J0098,7.4,0.744,0.832,1,0.723,299,7176.0,2025-08-06,1,1,0,0.8618
I0011562,C02687,J0134,2.4,0.441,0.631,2,0.353,104,2496.0,2026-02-17,0,0,0,0.6733
I0011096,C02537,J0104,9.2,0.753,0.638,1,0.821,350,8400.0,2025-06-16,0,0,0,0.8045
I0004918,C00854,J0042,4.9,0.818,0.697,3,0.496,359,8616.0,2025-06-07,0,0,0,0.5693
I0053064,C03958,J0125,3.5,0.806,0.505,1,0.475,317,7608.0,2025-07-19,0,0,0,0.4851
I0052576,C01532,J0094,4.0,0.58,0.974,2,0.625,76,1824.0,2026-03-17,0,0,0,0.8274
I0014632,C00668,J0031,1.3,0.239,0.987,3,0.886,339,8136.0,2025-06-27,0,0,0,0.3611
I0048547,C02241,J0133,7.9,0.69,0.604,4,0.772,85,2040.0,2026-03-08,0,0,0,0.763
I0058018,C02697,J0002,0.0,0.773,0.651,3,0.479,135,3240.0,2026-01-17,0,0,0,0.4932
I0036465,C00454,J0117,2.9,0.775,0.386,1,0.842,394,9456.0,2025-05-03,0,0,0,0.6275
I0000462,C00473,J0044,4.9,0.581,0.653,2,0.579,87,2088.0,2026-03-06,0,0,0,0.7825
I0049830,C03828,J0023,7.2,0.749,0.685,2,0.472,395,9480.0,2025-05-02,0,0,0,0.6365
I0050480,C02235,J0000,3.9,0.512,0.726,4,0.534,212,5088.0,2025-11-01,0,0,0,0.772
I0018532,C01751,J0124,4.5,0.848,0.56,4,0.309,310,7440.0,2025-07-26,0,0,0,0.3709
I0033167,C00312,J0048,8.9,0.349,0.763,2,0.774,15,360.0,2026-05-17,0,0,0,0.583
I0048779,C01882,J0071,7.4,0.688,0.501,2,0.587,387,9288.0,2025-05-10,0,0,0,0.7121
I0043597,C02991,J0017,0.0,0.445,0.752,2,0.748,5,120.0,2026-05-27,0,0,0,0.5153
I0049804,C00287,J0018,1.5,0.474,0.717,4,0.73,3,72.0,2026-05-29,0,0,0,0.5639
I0043100,C02757,J0128,,0.605,0.758,3,0.677,282,6768.0,2025-08-23,0,0,0,0.734
I0003181,C00597,J0045,8.8,0.61,0.656,4,0.544,318,7632.0,2025-07-18,0,0,0,0.8042
I0033060,C01042,J0111,7.4,0.86,0.683,1,0.646,386,9264.0,2025-05-11,0,0,0,0.6838
I0052353,C03898,J0086,0.2,0.642,0.741,3,0.489,230,5520.0,2025-10-14,1,0,0,0.6213
I0042741,C02799,J0061,3.0,0.465,0.781,1,0.484,356,8544.0,2025-06-10,0,0,0,0.7744
I0041879,C00581,J0136,3.0,0.237,0.74,2,0.621,36,864.0,2026-04-26,0,0,0,0.5056
I0045324,C03397,J0095,2.7,0.693,0.808,3,0.582,19,456.0,2026-05-13,0,0,0,0.7121
I0006013,C01355,J0137,5.6,0.318,0.774,1,0.69,341,8184.0,2025-06-25,0,0,0,0.5676
I0007208,C00164,J0089,3.5,0.324,0.663,3,0.39,294,7056.0,2025-08-11,0,0,0,0.7165
I0024582,C03570,J0004,0.0,0.625,0.808,2,0.655,102,2448.0,2026-02-19,1,0,0,0.7235
I0037737,C02453,J0046,9.5,0.44,0.641,3,0.767,303,7272.0,2025-08-02,0,0,0,0.6278
I0017746,C01714,J0069,6.0,0.611,0.779,2,0.698,334,8016.0,2025-07-02,0,0,0,0.7767
I0012604,C02457,J0112,3.0,0.936,0.538,2,0.583,224,5376.0,2025-10-20,0,0,0,0.4705
I0050544,C03959,J0029,1.6,0.541,0.936,1,0.913,379,9096.0,2025-05-18,0,0,0,0.5456
I0021847,C02571,J0045,3.3,0.793,0.921,4,0.544,143,3432.0,2026-01-09,0,0,0,0.6568
I0000754,C02897,J0021,2.6,0.347,0.741,2,0.438,29,696.0,2026-05-03,0,0,0,0.7056
I0011208,C02215,J0006,3.2,0.76,0.72,3,0.665,280,6720.0,2025-08-25,0,0,0,0.707
I0019085,C02467,J0033,4.4,0.727,1.0,1,0.649,7,168.0,2026-05-25,0,0,0,0.8183
I0056520,C01630,J0140,5.7,1.0,0.686,1,0.66,141,3384.0,2026-01-11,0,0,0,0.567
I0003789,C00954,J0047,6.0,0.524,0.431,2,0.575,17,408.0,2026-05-15,0,0,0,0.7039
I0045452,C01043,J0118,1.5,0.791,0.687,2,0.57,93,2232.0,2026-02-28,0,0,0,0.5801
I0011993,C01929,J0119,1.7,0.524,0.506,1,0.541,93,2232.0,2026-02-28,0,0,0,0.6763
I0031462,C01565,J0109,2.8,0.827,0.805,2,0.714,386,9264.0,2025-05-11,1,0,0,0.7115
I0006724,C03255,J0032,5.0,0.833,0.753,2,0.954,345,8280.0,2025-06-21,0,0,0,0.7285
I0012761,C00200,J0074,8.4,0.115,0.957,1,0.343,327,7848.0,2025-07-09,1,0,0,0.7681
I0020657,C01427,J0019,0.8,0.213,0.443,1,0.693,296,7104.0,2025-08-09,1,0,0,0.3169
I0051804,C02764,J0054,0.4,0.345,0.612,2,0.727,152,3648.0,2025-12-31,0,0,0,0.4269
I0048741,C00706,J0094,2.3,0.619,0.883,2,0.625,218,5232.0,2025-10-26,0,0,0,0.8005
I0028596,C03970,J0024,1.6,0.536,1.0,1,0.346,147,3528.0,2026-01-05,0,0,0,0.6919
I0059728,C02120,J0127,6.6,0.457,0.581,3,0.595,245,5880.0,2025-09-29,1,1,0,0.6951
I0028498,C01181,J0147,10.1,0.286,0.84,2,0.622,356,8544.0,2025-06-10,0,0,0,0.6877
I0035142,C01495,J0012,4.0,0.731,0.717,1,0.468,139,3336.0,1970-01-01 00:00:00,0,0,0,0.6013
I0034037,C03242,J0049,2.7,0.418,0.771,2,0.631,116,2784.0,2026-02-05,0,0,0,0.6298
I0017904,C00454,J0140,2.9,0.775,0.386,1,0.66,235,5640.0,2025-10-09,0,0,0,0.5937
I0022364,C02145,J0064,10.0,0.598,0.752,1,0.487,349,8376.0,2025-06-17,0,0,0,0.8198
I0052225,C01553,J0016,3.5,0.652,0.914,4,0.643,296,7104.0,2025-08-09,0,0,0,0.8274
I0005118,C03044,J0100,6.9,0.835,0.696,1,0.169,50,1200.0,2026-04-12,0,0,0,0.3604
I0015399,C00210,J0057,1.9,0.33,0.858,2,0.372,373,8952.0,2025-05-24,0,0,0,0.7613
I0011165,C00064,J0140,4.7,0.546,0.814,1,0.66,69,1656.0,2026-03-24,0,0,0,0.7455
I0053288,C00692,J0129,6.2,0.68,1.0,1,0.574,285,6840.0,2025-08-20,0,0,0,0.829
I0047571,C03698,J0054,3.5,0.499,0.668,2,0.727,294,7056.0,2025-08-11,0,0,0,0.6037
I0030081,C02964,J0009,3.4,0.557,0.532,3,0.437,3,72.0,2026-05-29,0,0,0,0.6398
I0050810,C01570,J0008,6.7,1.0,0.625,2,0.441,47,1128.0,2026-04-15,0,0,0,0.4124
I0049299,C03709,J0051,6.5,0.659,0.647,3,0.624,346,8304.0,2025-06-20,1,0,0,0.7846
I0033138,C00398,J0076,4.8,0.317,0.566,4,0.695,299,7176.0,2025-08-06,0,0,0,0.4912
I0016274,C01573,J0026,2.4,0.478,0.838,1,0.881,177,4248.0,2025-12-06,0,0,0,0.5097
I0045685,C03655,J0080,2.9,0.364,0.785,1,0.569,131,3144.0,2026-01-21,0,0,0,0.6427
I0011841,C03825,J0019,1.1,0.584,0.613,1,0.693,41,984.0,2026-04-21,0,0,0,0.6315
I0043506,C01526,J0047,1.2,0.739,0.811,2,0.575,225,5400.0,2025-10-19,0,0,0,0.6502
I0033119,C02715,J0108,5.2,0.787,0.857,4,0.437,233,5592.0,2025-10-11,0,0,0,0.5997
I0057235,C01596,J0130,4.2,0.598,0.729,1,0.81,344,8256.0,2025-06-22,0,0,0,0.644
I0036380,C02602,J0016,2.0,0.491,0.741,4,0.643,27,648.0,2026-05-05,0,0,0,0.6525
I0009044,C03833,J0132,5.7,0.758,0.707,3,0.612,39,936.0,2026-04-23,0,0,0,0.7097
I0032603,C00775,J0139,2.1,0.595,0.754,2,0.561,237,5688.0,2025-10-07,0,0,0,0.741
I0012331,C02588,J0138,3.9,0.535,0.686,2,0.343,254,6096.0,2025-09-20,0,0,0,0.6409
I0003099,C00168,J0057,0.0,0.588,0.961,2,0.372,163,3912.0,2025-12-20,0,0,0,0.6356
I0058044,C00547,J0048,11.4,0.666,0.603,2,0.774,102,2448.0,2026-02-19,0,0,0,0.8036
I0050340,C01387,J0086,8.4,0.67,0.725,3,0.489,248,5952.0,2025-09-26,0,0,0,0.7358
I0020485,C03639,J0049,3.3,0.747,0.932,2,0.631,14,336.0,2026-05-18,1,0,0,0.7537
I0036052,C00171,J0104,2.5,1.0,0.994,1,0.821,34,816.0,2026-04-28,0,0,0,0.7132
I0022565,C01147,J0058,3.9,0.507,0.654,1,0.519,30,720.0,2026-05-02,0,0,0,0.7588
I0057945,C02724,J0082,2.6,0.554,0.801,1,0.615,34,816.0,2026-04-28,0,0,0,0.7437
I0021670,C00438,J0136,1.3,0.279,0.774,2,0.621,30,720.0,2026-05-02,0,0,0,0.516
I0041097,C02902,J0023,5.0,0.648,0.825,2,0.472,208,4992.0,2025-11-05,0,0,0,0.71
I0013359,C03667,J0099,3.4,0.641,1.0,2,0.707,378,9072.0,2025-05-19,0,0,0,0.8098
I0017887,C02917,J0102,7.5,0.482,0.661,2,0.438,269,6456.0,2025-09-05,0,0,0,0.7991
I0015153,C03507,J0056,0.0,0.8,0.831,3,0.397,64,1536.0,2026-03-29,0,0,0,0.4671
I0001554,C00628,J0148,1.3,0.665,0.668,4,0.719,94,2256.0,2026-02-27,1,0,0,0.6891
I0014493,C02708,J0038,4.2,0.351,0.532,4,0.713,146,3504.0,2026-01-06,0,0,0,0.4827
I0033354,C00514,J0127,0.0,0.646,0.764,3,0.595,282,6768.0,2025-08-23,0,0,0,0.6963
I0037881,C01184,J0090,0.0,0.815,0.907,3,0.558,237,5688.0,2025-10-07,0,0,0,0.5914
I0025393,C01807,J0130,3.3,0.768,0.676,1,0.81,41,984.0,2026-04-21,0,0,0,0.7337
I0016839,C01180,J0064,0.0,0.259,0.509,1,0.487,101,2424.0,2026-02-20,0,0,0,0.4996
I0000828,C01604,J0105,0.0,0.925,0.672,3,0.544,299,7176.0,2025-08-06,0,0,0,0.4378
I0002141,C01931,J0002,0.0,0.712,0.67,3,0.479,107,2568.0,2026-02-14,0,0,0,0.5415
I0035148,C02457,J0122,3.0,0.936,0.538,2,0.704,392,9408.0,2025-05-05,0,0,0,0.5558
I0054095,C01457,J0053,10.0,0.28,0.764,2,0.651,38,912.0,2026-04-24,0,0,0,0.6399
I0023334,C00504,J0013,6.2,0.445,0.596,3,0.854,274,6576.0,2025-08-31,0,0,0,0.5015
I0020631,C00850,J0128,1.0,0.531,0.858,3,0.677,51,1224.0,2026-04-11,0,0,0,0.6728
I0008241,C00636,J0033,5.7,0.897,1.0,1,0.649,218,5232.0,2025-10-26,0,0,0,0.7204
I0031155,C00015,J0021,6.0,0.265,0.789,2,0.438,225,5400.0,2025-10-19,0,0,0,0.7189
I0039447,C02354,J0091,3.0,0.589,0.702,2,0.409,237,5688.0,2025-10-07,0,0,0,0.6387
I0044212,C03363,J0121,6.0,0.779,0.736,3,0.82,385,9240.0,2025-05-12,0,0,0,0.797
I0020333,C02707,J0115,5.7,0.736,0.684,1,0.627,184,4416.0,2025-11-29,0,0,0,0.7293
I0034034,C00504,J0130,6.2,0.445,0.596,1,0.81,223,5352.0,2025-10-21,0,0,0,0.5325
I0058755,C01171,J0096,1.9,0.463,0.775,3,0.799,394,9456.0,2025-05-03,0,0,0,0.5307
I0007417,C00558,J0059,4.0,0.442,0.65,2,0.808,330,7920.0,2025-07-06,0,0,0,0.5098
I0043229,C01934,J0025,4.0,0.256,0.437,3,0.501,254,6096.0,2025-09-20,1,1,0,0.535
I0056003,C02187,J0044,7.1,0.616,0.491,2,0.579,201,4824.0,2025-11-12,0,0,0,0.7493
I0028971,C00377,J0076,9.1,0.768,0.807,4,0.695,152,3648.0,2025-12-31,0,0,0,0.8469
I0055407,C00572,J0107,4.6,0.555,0.816,2,0.389,129,3096.0,2026-01-23,0,0,0,0.7077
I0016707,C03062,J0132,4.6,0.462,0.716,3,0.612,187,4488.0,2025-11-26,0,0,0,0.6908
I0057494,C01031,J0109,1.1,0.365,0.517,2,0.714,393,9432.0,2025-05-04,0,0,0,0.4352
I0028427,C00891,J0084,2.7,0.53,1.0,4,0.431,51,1224.0,2026-04-11,0,0,0,0.7747
I0001536,C00505,J0026,1.7,0.417,0.741,1,0.881,126,3024.0,2026-01-26,0,0,0,0.4275
I0023969,C03536,J0082,3.7,0.349,0.521,1,0.615,187,4488.0,2025-11-26,0,0,0,0.5388
I0059505,C01226,J0120,2.4,0.396,0.914,2,0.522,31,744.0,2026-05-01,0,0,0,0.7263
I0021678,C02710,J0149,7.3,0.909,0.585,1,0.593,264,6336.0,2025-09-10,0,0,0,0.5825
I0005137,C01826,J0030,3.0,0.573,0.762,2,1.0,393,9432.0,2025-05-04,0,0,0,0.4815
I0055912,C00697,J0014,4.6,0.379,0.777,1,0.37,270,6480.0,2025-09-04,0,0,0,0.8074
I0037324,C02450,J0026,7.4,0.806,0.864,1,0.881,176,4224.0,2025-12-07,0,0,0,0.8328
I0030342,C02523,J0084,4.6,0.6,0.731,4,0.431,326,7824.0,2025-07-10,0,0,0,0.6817
I0004724,C02258,J0133,6.0,0.506,0.888,4,0.772,11,264.0,2026-05-21,0,0,0,0.6812
I0019166,C00467,J0111,0.0,0.784,0.886,1,0.646,381,9144.0,2025-05-16,0,0,0,0.6694
I0013858,C03340,J0001,6.7,0.613,0.966,3,0.47,270,6480.0,2025-09-04,0,0,0,0.8018
I0042813,C00987,J0125,3.7,0.854,0.735,1,0.475,226,5424.0,2025-10-18,0,0,0,0.5195
I0036055,C00370,J0029,2.9,0.742,0.947,1,0.913,218,5232.0,2025-10-26,0,0,0,0.7124
I0053193,C01642,J0145,6.2,0.72,0.68,4,0.701,243,5832.0,2025-10-01,0,0,0,0.8001
I0055746,C00922,J0086,0.1,0.265,0.469,3,0.489,159,3816.0,2025-12-24,0,0,0,0.4929
I0008854,C03246,J0107,9.4,0.279,0.624,2,0.389,155,3720.0,2025-12-28,0,0,0,0.7743
I0036100,C00933,J0075,1.0,0.393,0.824,3,0.62,118,2832.0,2026-02-03,0,0,0,0.6061
I0026253,C00223,J0134,1.7,0.558,0.685,2,0.353,166,3984.0,2025-12-17,0,0,0,0.5942
I0000484,C03510,J0005,3.1,0.624,0.702,1,0.566,47,1128.0,2026-04-15,1,0,0,0.7263
I0014074,C00362,J0058,0.2,0.696,0.716,1,0.519,26,624.0,2026-05-06,0,0,0,0.5973
I0008466,C01714,J0085,6.0,0.611,0.779,1,0.66,32,768.0,2026-04-30,0,0,0,0.8035
I0019682,C02067,J0129,4.0,0.448,0.457,1,0.574,116,2784.0,2026-02-05,0,0,0,0.6246
I0021856,C02700,J0145,5.9,0.685,0.8,4,0.701,355,8520.0,2025-06-11,0,0,0,0.831
I0052426,C02202,J0145,3.2,1.0,0.97,4,0.701,35,840.0,2026-04-27,0,0,0,0.6337
I0059947,C02302,J0016,2.1,0.354,0.777,4,0.643,84,2016.0,2026-03-09,0,0,0,0.5677
I0047329,C03039,J0149,6.3,0.588,0.583,1,0.593,173,4152.0,2025-12-10,1,1,0,0.7843
I0011661,C00471,J0000,,0.985,0.715,4,0.534,128,3072.0,2026-01-24,0,0,0,0.4005
I0058912,C00503,J0003,3.6,0.738,0.644,1,0.462,350,8400.0,2025-06-16,0,0,0,0.5648
I0043946,C02636,J0017,2.7,0.557,0.822,2,0.748,339,8136.0,2025-06-27,0,0,0,0.6597
I0039234,C01338,J0035,13.7,0.553,0.784,4,0.644,56,1344.0,2026-04-06,1,0,0,0.9055
I0010134,C03842,J0097,1.9,0.599,0.874,1,0.65,291,6984.0,2025-08-14,0,0,0,0.7595
I0005927,C03680,J0074,,0.878,0.634,1,0.343,190,4560.0,2025-11-23,0,0,0,0.3253
I0004800,C02601,J0117,5.2,0.763,0.684,1,0.842,253,6072.0,2025-09-21,0,0,0,0.742
I0013671,C01842,J0056,5.2,0.548,0.794,3,0.397,157,3768.0,2025-12-26,0,0,0,0.7223
I0004028,C02920,J0028,2.8,0.868,0.748,3,0.898,384,9216.0,2025-05-13,0,0,0,0.754
I0045233,C02629,J0134,0.6,0.568,0.857,2,0.353,332,7968.0,2025-07-04,0,0,0,0.6171
I0016541,C03990,J0094,3.4,0.821,0.751,2,0.625,275,6600.0,2025-08-30,0,0,0,0.648
I0000896,C02222,J0149,3.6,0.706,0.661,1,0.593,137,3288.0,2026-01-15,0,0,0,0.6845
I0031409,C02000,J0146,,0.353,1.0,3,0.57,345,8280.0,2025-06-21,0,0,0,0.749
I0042016,C01280,J0054,4.3,0.546,0.698,2,0.727,68,1632.0,2026-03-25,0,0,0,0.6588
I0052554,C01835,J0034,6.0,0.643,0.732,1,0.634,342,8208.0,2025-06-24,0,0,0,0.8184
I0030120,C00775,J0117,2.1,0.595,0.754,1,0.842,130,3120.0,2026-01-22,1,1,1,0.5909
I0043765,C00732,J0038,8.6,0.776,0.711,4,0.713,262,6288.0,2025-09-12,0,0,0,0.8184
I0012487,C00218,J0131,7.0,0.85,1.0,2,0.716,359,8616.0,2025-06-07,0,0,0,0.8228
I0004060,C02626,J0038,0.0,0.627,0.933,4,0.713,49,1176.0,2026-04-13,0,0,0,0.7193
I0010733,C02038,J0093,6.5,0.173,0.7,3,0.757,299,7176.0,2025-08-06,0,0,0,0.4125
I0042216,C03080,J0132,2.0,0.656,0.646,3,0.612,392,9408.0,2025-05-05,0,0,0,0.7018
I0038449,C03423,J0089,11.5,0.279,0.791,3,0.39,134,3216.0,2026-01-18,0,0,0,0.8562
I0035204,C01026,J0062,2.8,0.923,0.449,4,0.382,139,3336.0,2026-01-13,0,0,0,0.3095
I0054621,C03376,J0104,0.0,0.565,0.676,1,0.821,82,1968.0,2026-03-11,1,0,0,0.527
I0026161,C01687,J0139,5.0,0.583,0.767,2,0.561,287,6888.0,2025-08-18,0,0,0,0.8022
I0023200,C01264,J0122,2.7,0.641,0.636,2,0.704,133,3192.0,2026-01-19,0,0,0,0.6974
I0037143,C03372,J0133,1.2,0.549,0.653,4,0.772,136,3264.0,2026-01-16,0,0,0,0.5641
I0044226,C00821,J0089,3.0,0.363,0.663,3,0.39,289,6936.0,2025-08-16,0,0,0,0.7355
I0005572,C01994,J0092,3.5,0.815,0.859,4,0.623,257,6168.0,2025-09-17,1,0,0,0.6829
I0022678,C01928,J0036,6.8,0.47,0.974,4,0.6,25,600.0,2026-05-07,0,0,0,0.8149
I0011591,C01258,J0058,0.0,0.425,0.711,1,0.519,229,5496.0,2025-10-15,0,0,0,0.6511
I0023261,C03492,J0046,4.6,0.394,0.956,3,0.767,325,7800.0,2025-07-11,0,0,0,0.6013
I0008236,C00657,J0125,4.4,0.421,0.706,1,0.475,95,2280.0,2026-02-26,0,0,0,0.7523
I0004092,C01966,J0092,0.2,0.765,0.759,4,0.623,184,4416.0,2025-11-29,0,0,0,0.6341
I0025828,C01723,J0053,8.6,0.937,0.921,2,0.651,132,3168.0,2026-01-20,0,0,0,0.7204
I0045477,C02387,J0093,0.0,0.717,0.63,3,0.757,155,3720.0,2025-12-28,0,0,0,0.6663
I0018427,C00393,J0065,7.3,0.48,1.0,2,0.74,317,7608.0,2025-07-19,0,0,0,0.739
I0036006,C00765,J0084,4.5,0.825,0.82,4,0.431,247,5928.0,2025-09-27,0,0,0,0.5465
I0023030,C03074,J0078,2.7,0.564,0.758,2,0.5,151,3624.0,2026-01-01,0,0,0,0.7311
I0040185,C03115,J0094,6.3,0.985,0.718,2,0.625,399,9576.0,2025-04-28,0,0,0,0.5721
I0039796,C02537,J0055,9.2,0.753,0.638,3,0.749,289,6936.0,2025-08-16,0,0,0,0.8496
I0011375,C01515,J0070,3.9,0.75,0.881,3,0.423,9,216.0,2026-05-23,0,0,0,0.6007
I0033901,C00503,J0119,,0.738,0.644,1,0.541,137,3288.0,2026-01-15,0,0,0,0.6205
I0025136,C02259,J0079,0.0,0.557,0.7,2,0.518,303,7272.0,2025-08-02,1,0,0,0.6867
I0055647,C01104,J0010,0.0,0.526,0.551,4,0.566,391,9384.0,2025-05-06,0,0,0,0.644
I0028547,C01383,J0145,,0.64,0.565,4,0.701,10,240.0,2026-05-22,1,0,0,0.6552
I0000396,C03973,J0060,6.6,0.272,0.781,1,0.633,210,5040.0,2025-11-03,0,0,0,0.5942
I0031904,C01051,J0085,,0.343,0.854,1,0.66,135,3240.0,2026-01-17,0,0,0,0.5562
I0032042,C03858,J0019,5.7,0.572,0.727,1,0.693,180,4320.0,2025-12-03,0,0,0,0.733
I0037058,C02935,J0136,3.8,0.436,1.0,2,0.621,271,6504.0,2025-09-03,0,0,0,0.7327
I0010630,C01432,J0034,4.6,0.377,0.677,1,0.634,342,8208.0,2025-06-24,1,1,0,0.6044
I0008909,C02488,J0045,7.5,0.692,0.611,4,0.544,228,5472.0,2025-10-16,0,0,0,0.7117
I0038588,C03588,J0063,3.2,0.587,0.783,4,0.497,333,7992.0,1970-01-01 00:00:00,1,0,0,0.7283
I0036315,C01031,J0144,,0.365,0.517,2,0.591,202,4848.0,2025-11-11,0,0,0,0.5219
I0047987,C03755,J0038,1.4,1.0,0.996,4,0.713,395,9480.0,2025-05-02,1,0,0,0.6191
I0017814,C00077,J0088,2.1,0.629,0.711,2,0.856,298,7152.0,2025-08-07,0,0,0,0.5928
I0023059,C00808,J0051,6.6,0.483,0.615,3,0.624,326,7824.0,2025-07-10,0,0,0,0.7025
I0037147,C02730,J0076,6.2,0.77,0.849,4,0.695,66,1584.0,2026-03-27,0,0,0,0.8083
I0055279,C02935,J0061,3.8,0.436,1.0,1,0.484,9,216.0,2026-05-23,0,0,0,0.8293
I0019819,C03890,J0103,8.3,0.539,0.829,4,0.476,255,6120.0,2025-09-19,0,0,0,0.8466
I0049023,C02176,J0111,0.8,0.487,0.752,1,0.646,173,4152.0,2025-12-10,0,0,0,0.6303
I0022957,C02739,J0117,4.3,0.475,0.685,1,0.842,158,3792.0,2025-12-25,0,0,0,0.524
I0052461,C00386,J0113,4.2,0.721,0.768,1,0.579,305,7320.0,2025-07-31,0,0,0,0.7044
I0025591,C01030,J0091,6.1,0.87,0.881,2,0.409,128,3072.0,2026-01-24,0,0,0,0.5435
I0041620,C00593,J0003,7.3,0.642,0.759,1,0.462,221,5304.0,2025-10-23,0,0,0,0.7275
I0052042,C01727,J0065,,0.599,1.0,2,0.74,389,9336.0,2025-05-08,0,0,0,0.6994
I0006232,C02104,J0083,6.3,0.68,0.604,3,0.691,369,8856.0,2025-05-28,0,0,0,0.786
I0056082,C02872,J0123,7.5,0.358,0.503,3,0.315,146,3504.0,2026-01-06,0,0,0,0.7553
I0026949,C03717,J0024,4.0,0.391,0.786,1,0.346,326,7824.0,2025-07-10,0,0,0,0.7744
I0052022,C00883,J0098,0.0,0.904,0.632,1,0.723,87,2088.0,2026-03-06,0,0,0,0.5675
I0017995,C02098,J0126,1.0,0.893,0.651,2,0.635,222,5328.0,2025-10-22,1,0,0,0.5355
I0016357,C02131,J0100,6.3,0.619,0.646,1,0.169,244,5856.0,2025-09-30,0,0,0,0.4884
I0007554,C02237,J0115,2.6,0.481,0.699,1,0.627,323,7752.0,2025-07-13,0,0,0,0.655
I0003899,C01979,J0142,9.9,0.887,0.233,2,0.778,349,8376.0,2025-06-17,0,0,0,0.6732
I0026349,C00163,J0026,3.5,0.742,0.427,1,0.881,351,8424.0,2025-06-15,0,0,0,0.5985
I0000416,C00979,J0044,8.8,0.49,0.643,2,0.579,385,9240.0,2025-05-12,1,1,0,0.7843
I0021147,C02484,J0045,5.2,0.711,0.572,4,0.544,286,6864.0,2025-08-19,0,0,0,0.6484
I0020027,C03772,J0115,3.1,0.641,0.807,1,0.627,314,7536.0,2025-07-22,0,0,0,0.787
I0027752,C00790,J0061,7.2,0.841,0.467,1,0.484,43,1032.0,2026-04-19,0,0,0,0.5187
I0046085,C01873,J0075,0.0,0.558,0.631,3,0.62,157,3768.0,2025-12-26,1,1,0,0.6511
I0020427,C00373,J0091,0.0,0.557,0.8,2,0.409,160,3840.0,2025-12-23,0,0,0,0.6381
I0041532,C02131,J0080,,0.619,0.646,1,0.569,180,4320.0,2025-12-03,0,0,0,0.7703
I0046393,C01037,J0027,9.7,0.95,0.297,1,0.574,31,744.0,2026-05-01,0,0,0,0.4996
I0043037,C01080,J0015,2.5,0.401,0.694,2,0.903,239,5736.0,2025-10-05,0,0,0,0.401
I0021018,C00131,J0110,3.5,0.928,0.788,2,0.549,109,2616.0,2026-02-12,0,0,0,0.5311
I0049485,C01060,J0065,3.0,0.672,0.812,2,0.74,105,2520.0,2026-02-16,0,0,0,0.7486
I0039241,C02529,J0070,7.3,0.474,0.766,3,0.423,173,4152.0,2025-12-10,0,0,0,0.8204
I0015681,C00654,J0111,5.0,0.51,0.914,1,0.646,37,888.0,2026-04-25,0,0,0,0.7633
I0048771,C00954,J0042,6.0,0.524,0.431,3,0.496,370,8880.0,2025-05-27,0,0,0,0.7201
I0042394,C02624,J0142,7.5,0.945,0.95,2,0.778,290,6960.0,2025-08-15,1,0,0,0.7939
I0027822,C00217,J0094,3.7,0.295,0.762,2,0.625,180,4320.0,2025-12-03,0,0,0,0.5617
I0027062,C00094,J0120,4.8,0.843,0.564,2,0.522,127,3048.0,2026-01-25,0,0,0,0.5308
I0029169,C01756,J0090,7.0,0.491,0.903,3,0.558,358,8592.0,2025-06-08,0,0,0,0.8427
I0024912,C03727,J0067,3.9,0.768,0.5,4,0.443,156,3744.0,2025-12-27,0,0,0,0.4947
I0053159,C01620,J0000,3.3,0.64,0.83,4,0.534,111,2664.0,2026-02-10,0,0,0,0.732
I0035600,C01516,J0044,6.1,0.366,0.871,2,0.579,349,8376.0,2025-06-17,1,0,0,0.7155
I0018234,C00762,J0005,0.0,0.75,0.629,1,0.566,14,336.0,2026-05-18,0,0,0,0.5645
I0050103,C01047,J0089,10.2,0.266,0.585,3,0.39,382,9168.0,2025-05-15,0,0,0,0.767
I0013818,C01694,J0112,5.9,0.767,0.832,2,0.583,326,7824.0,2025-07-10,0,0,0,0.7216
I0041096,C00324,J0045,1.1,0.65,0.914,4,0.544,7,168.0,2026-05-25,0,0,0,0.7185
I0054528,C03512,J0037,4.6,0.711,1.0,2,0.622,43,1032.0,2026-04-19,0,0,0,0.8139
I0015197,C01240,J0037,4.0,0.616,0.658,2,0.622,108,2592.0,2026-02-13,0,0,0,0.7658
I0058039,C00242,J0073,2.8,0.678,0.666,2,0.624,309,7416.0,2025-07-27,0,0,0,0.7139
I0052661,C01481,J0004,3.2,0.587,0.626,2,0.655,138,3312.0,2026-01-14,0,0,0,0.6996
I0051492,C03262,J0060,3.6,0.818,0.507,1,0.633,138,3312.0,2026-01-14,0,0,0,0.5903
I0012826,C03082,J0077,,0.729,0.907,4,0.837,226,5424.0,2025-10-18,0,0,0,0.7371
I0010880,C01671,J0087,7.1,0.867,0.613,3,0.578,11,264.0,2026-05-21,0,0,0,0.6061
I0012428,C00845,J0064,0.0,0.46,0.701,1,0.487,162,3888.0,2025-12-21,0,0,0,0.6955
I0055664,C00816,J0069,4.7,0.791,0.76,2,0.698,23,552.0,1970-01-01 00:00:00,1,0,0,0.7451
I0054333,C03240,J0027,,0.319,0.86,1,0.574,140,3360.0,2026-01-12,0,0,0,0.6963
I0053877,C02291,J0127,4.4,0.421,0.823,3,0.595,219,5256.0,2025-10-25,0,0,0,0.7007
I0057751,C01849,J0020,3.4,0.948,0.782,4,0.849,229,5496.0,2025-10-15,0,0,0,0.7251
I0026652,C03298,J0077,7.9,0.314,0.896,4,0.837,192,4608.0,2025-11-21,0,0,0,0.5345
I0041958,C00823,J0003,3.1,0.595,0.527,1,0.462,157,3768.0,2025-12-26,0,0,0,0.6241
I0046937,C02674,J0110,4.5,0.489,0.792,2,0.549,266,6384.0,2025-09-08,0,0,0,0.774
I0058821,C01859,J0098,9.0,0.093,0.924,1,0.723,130,3120.0,2026-01-22,0,0,0,0.4855
I0048905,C03307,J0120,0.0,0.293,1.0,2,0.522,290,6960.0,2025-08-15,1,0,0,0.6374
I0023098,C00661,J0097,5.3,0.457,0.709,1,0.65,7,168.0,2026-05-25,0,0,0,0.6704
I0032170,C02651,J0087,3.5,0.29,0.509,3,0.578,383,9192.0,2025-05-14,1,0,0,0.5166
I0007686,C00285,J0122,1.0,0.488,0.871,2,0.704,116,2784.0,2026-02-05,0,0,0,0.6271
I0051295,C01963,J0129,11.3,0.646,0.776,1,0.574,329,7896.0,2025-07-07,0,0,0,0.8761
I0035799,C03310,J0007,3.7,0.415,0.669,3,0.673,376,9024.0,2025-05-21,0,0,0,0.5862
I0014224,C02115,J0041,5.8,0.491,0.736,4,0.655,89,2136.0,2026-03-04,0,0,0,0.7069
I0027592,C01249,J0007,5.5,0.936,0.677,3,0.673,229,5496.0,2025-10-15,0,0,0,0.6154
I0049187,C01335,J0099,6.5,0.755,0.752,2,0.707,83,1992.0,2026-03-10,0,0,0,0.805
I0039087,C01587,J0139,5.1,0.739,0.446,2,0.561,276,6624.0,2025-08-29,0,0,0,0.6034
I0048229,C00343,J0097,2.7,0.567,0.619,1,0.65,134,3216.0,2026-01-18,0,0,0,0.6786
I0005672,C01430,J0007,,0.518,0.845,3,0.673,122,2928.0,2026-01-30,0,0,0,0.7287
I0057348,C01029,J0094,0.0,0.87,0.839,2,0.625,271,6504.0,2025-09-03,0,0,0,0.5807
I0006383,C03590,J0110,2.5,0.918,0.701,2,0.549,248,5952.0,2025-09-26,0,0,0,0.4967
I0033336,C03261,J0143,9.4,0.538,1.0,1,0.714,135,3240.0,2026-01-17,0,0,0,0.8338
I0053228,C01315,J0085,5.2,0.416,0.698,1,0.66,176,4224.0,2025-12-07,0,0,0,0.6296
I0006145,C01591,J0097,1.7,0.388,0.822,1,0.65,383,9192.0,2025-05-14,0,0,0,0.5927
I0042898,C02314,J0041,4.1,0.411,0.373,4,0.655,377,9048.0,2025-05-20,0,0,0,0.5194
I0040787,C03725,J0016,2.6,0.635,1.0,4,0.643,252,6048.0,2025-09-22,0,0,0,0.8372
I0013641,C03292,J0141,6.5,0.516,0.591,3,0.672,200,4800.0,2025-11-13,0,0,0,0.6835
I0052562,C00319,J0057,9.9,0.329,0.69,2,0.372,121,2904.0,2026-01-31,0,0,0,0.8486
I0007002,C01649,J0120,5.5,0.572,0.885,2,0.522,77,1848.0,2026-03-16,0,0,0,0.8242
I0007251,C01294,J0141,1.2,0.538,0.692,3,0.672,321,7704.0,2025-07-15,0,0,0,0.6378
I0005843,C00523,J0145,0.0,0.643,0.723,4,0.701,272,6528.0,2025-09-02,0,0,0,0.6798
I0041288,C03441,J0134,5.9,0.558,1.0,2,0.353,129,3096.0,2026-01-23,0,0,0,0.7541
I0007277,C03755,J0100,1.4,1.0,0.996,1,0.169,308,7392.0,2025-07-28,0,0,0,0.2356
I0043815,C02434,J0065,5.9,0.918,0.729,2,0.74,115,2760.0,2026-02-06,0,0,0,0.6967
I0018817,C01725,J0046,6.8,0.601,0.612,3,0.767,385,9240.0,2025-05-12,0,0,0,0.6874
I0020340,C02776,J0096,3.2,0.492,0.787,3,0.799,43,1032.0,2026-04-19,0,0,0,0.5765
I0056918,C00746,J0117,4.4,0.361,0.836,1,0.842,224,5376.0,2025-10-20,0,0,0,0.4879
I0014014,C03044,J0024,6.9,0.835,0.696,1,0.346,44,1056.0,2026-04-18,0,0,0,0.4851
I0005125,C03912,J0140,,0.505,0.753,1,0.66,324,7776.0,2025-07-12,0,0,0,0.6893
I0009100,C01578,J0002,9.7,0.409,0.615,3,0.479,105,2520.0,2026-02-16,0,0,0,0.805
I0051878,C00972,J0036,2.4,0.5,0.705,4,0.6,351,8424.0,2025-06-15,1,0,0,0.6857
I0016495,C02069,J0026,2.3,0.466,0.942,1,0.881,187,4488.0,2025-11-26,0,0,0,0.5288
I0058323,C02088,J0116,4.7,0.587,0.786,4,0.696,251,6024.0,2025-09-23,0,0,0,0.7412
I0016009,C01595,J0026,1.8,0.965,0.775,1,0.881,17,408.0,2026-05-15,0,0,0,0.7066
I0049592,C01545,J0011,0.9,0.85,0.731,3,0.484,34,816.0,2026-04-28,0,0,0,0.4802
I0006778,C00453,J0077,5.0,0.54,0.785,4,0.837,213,5112.0,2025-10-31,0,0,0,0.6134
I0000936,C02802,J0048,7.6,0.636,0.773,2,0.774,309,7416.0,2025-07-27,0,0,0,0.7661
I0004091,C01434,J0121,,0.558,0.807,3,0.82,32,768.0,2026-04-30,0,0,0,0.6341
I0020483,C01397,J0063,9.4,0.608,0.785,4,0.497,3,72.0,2026-05-29,0,0,0,0.819
I0020986,C01244,J0114,4.1,0.383,0.64,4,0.554,9,216.0,2026-05-23,0,0,0,0.6461
I0059170,C00209,J0007,6.9,0.378,0.698,3,0.673,341,8184.0,2025-06-25,1,0,0,0.6224
I0051136,C03617,J0040,8.5,0.817,0.902,1,0.393,368,8832.0,2025-05-29,0,0,0,0.6161
I0029618,C00616,J0120,7.1,0.91,0.709,2,0.522,171,4104.0,2025-12-12,0,0,0,0.5634
I0008501,C02695,J0106,4.7,0.527,0.741,3,0.884,392,9408.0,2025-05-05,0,0,0,0.5536
I0025057,C03606,J0058,6.9,0.58,0.542,1,0.519,17,408.0,2026-05-15,0,0,0,0.7434
I0019443,C01059,J0081,0.7,0.541,0.832,2,0.644,333,7992.0,2025-07-03,0,0,0,0.6907
I0030007,C00148,J0013,6.6,0.474,0.89,3,0.854,368,8832.0,2025-05-29,0,0,0,0.6116
I0005146,C01601,J0124,5.3,0.821,0.859,4,0.309,213,5112.0,2025-10-31,0,0,0,0.4878
I0021156,C02612,J0102,7.2,0.63,1.0,2,0.438,334,8016.0,2025-07-02,0,0,0,0.7853
I0033287,C03728,J0043,,0.575,0.542,3,0.512,199,4776.0,2025-11-14,0,0,0,0.7843
I0000898,C03120,J0119,3.2,0.882,0.691,1,0.541,162,3888.0,2025-12-21,0,0,0,0.5254
I0013325,C00088,J0045,7.0,1.0,0.731,4,0.544,391,9384.0,2025-05-06,0,0,0,0.5199
I0026237,C03263,J0038,3.8,0.487,0.607,4,0.713,327,7848.0,2025-07-09,0,0,0,0.593
I0012351,C03575,J0143,0.0,0.442,0.866,1,0.714,322,7728.0,2025-07-14,0,0,0,0.5693
I0008006,C01038,J0036,,0.154,0.924,4,0.6,259,6216.0,2025-09-15,0,0,0,0.6017
I0055625,C03037,J0128,7.6,0.799,0.568,3,0.677,263,6312.0,2025-09-11,0,0,0,0.7196
I0044303,C01721,J0079,9.8,0.974,0.793,2,0.518,185,4440.0,2025-11-28,0,0,0,0.5848
I0045905,C00187,J0141,0.0,0.473,0.959,3,0.672,167,4008.0,2025-12-16,0,0,0,0.647
I0035880,C02817,J0096,0.0,0.513,0.687,3,0.799,94,2256.0,2026-02-27,0,0,0,0.509
I0023343,C03196,J0124,3.4,0.717,0.627,4,0.309,396,9504.0,2025-05-01,1,1,1,0.4636
I0023951,C01398,J0090,4.4,0.574,0.866,3,0.558,312,7488.0,2025-07-24,0,0,0,0.8242
I0048955,C00220,J0149,3.4,0.772,0.756,1,0.593,41,984.0,2026-04-21,0,0,0,0.6614
I0056161,C02268,J0062,1.7,0.559,0.677,4,0.382,355,8520.0,2025-06-11,0,0,0,0.6117
I0038825,C02017,J0039,1.1,0.752,0.827,1,0.53,17,408.0,2026-05-15,0,0,0,0.6122
I0037627,C03967,J0053,6.1,0.908,0.657,2,0.651,388,9312.0,2025-05-09,0,0,0,0.6241
I0016758,C03928,J0031,0.1,0.278,0.764,3,0.886,287,6888.0,2025-08-18,0,0,0,0.3054
I0055694,C01092,J0085,3.2,0.621,0.869,1,0.66,135,3240.0,2026-01-17,0,0,0,0.7885
I0055734,C02276,J0140,7.0,0.363,0.649,1,0.66,77,1848.0,2026-03-16,0,0,0,0.6089
I0050464,C01312,J0082,6.8,0.518,0.524,1,0.615,185,4440.0,2025-11-28,0,0,0,0.7113
I0059981,C03372,J0115,1.2,0.549,0.653,1,0.627,265,6360.0,2025-09-09,0,0,0,0.6663
I0027347,C00757,J0038,6.7,0.079,1.0,4,0.713,2,48.0,2026-05-30,0,0,0,0.4652
I0047709,C01624,J0103,3.9,0.394,0.737,4,0.476,201,4824.0,2025-11-12,0,0,0,0.7328
I0045121,C01943,J0064,,0.537,0.819,1,0.487,338,8112.0,2025-06-28,0,0,0,0.8343
I0030503,C00418,J0077,7.1,0.556,0.805,4,0.837,205,4920.0,2025-11-08,0,0,0,0.6659
I0032366,C02262,J0115,8.0,0.587,0.965,1,0.627,348,8352.0,2025-06-18,1,0,0,0.8961
I0042174,C02287,J0076,3.6,0.706,0.873,4,0.695,105,2520.0,2026-02-16,0,0,0,0.8162
I0053335,C00830,J0136,6.4,0.489,1.0,2,0.621,79,1896.0,2026-03-14,0,0,0,0.814
I0005676,C00164,J0112,3.5,0.324,0.663,2,0.583,125,3000.0,2026-01-27,0,0,0,0.5804
I0005031,C03086,J0107,6.1,0.708,0.666,2,0.389,296,7104.0,2025-08-09,0,0,0,0.583
I0040762,C00815,J0148,2.9,0.535,0.853,4,0.719,286,6864.0,2025-08-19,0,0,0,0.6767
I0052147,C02683,J0056,9.2,0.699,0.875,3,0.397,5,120.0,2026-05-27,0,0,0,0.7063
I0040457,C03867,J0115,,0.372,0.285,1,0.627,321,7704.0,2025-07-15,0,0,0,0.4293
I0055940,C01116,J0082,2.7,0.83,0.734,1,0.615,151,3624.0,2026-01-01,0,0,0,0.6179
I0001498,C00893,J0017,5.6,0.763,0.951,2,0.748,97,2328.0,2026-02-24,0,0,0,0.8692
I0009730,C01823,J0082,4.1,0.617,0.525,1,0.615,267,6408.0,2025-09-07,0,0,0,0.7328
I0012409,C02269,J0009,4.1,0.506,0.73,3,0.437,8,192.0,2026-05-24,0,0,0,0.7434
I0034526,C00406,J0066,3.9,0.479,0.627,2,0.752,222,5328.0,2025-10-22,0,0,0,0.5672
I0003425,C00658,J0136,0.0,0.625,0.534,2,0.621,61,1464.0,2026-04-01,0,0,0,0.6646
I0024171,C01054,J0148,4.8,0.583,0.796,4,0.719,195,4680.0,2025-11-18,0,0,0,0.7266
I0050869,C01980,J0105,6.7,0.391,0.881,3,0.544,5,120.0,2026-05-27,0,0,0,0.7708
I0034088,C00359,J0041,5.0,0.364,0.614,4,0.655,276,6624.0,2025-08-29,0,0,0,0.5694
I0030852,C03306,J0061,1.1,0.391,0.663,1,0.484,15,360.0,2026-05-17,0,0,0,0.6568
I0054560,C01356,J0039,1.0,1.0,0.719,1,0.53,86,2064.0,2026-03-07,0,0,0,0.4052
I0008297,C01728,J0039,,0.444,0.85,1,0.53,127,3048.0,2026-01-25,1,0,0,0.7856
I0005771,C03591,J0031,0.0,0.596,0.854,3,0.886,190,4560.0,2025-11-23,0,0,0,0.5532
I0021829,C00650,J0076,6.4,0.574,0.814,4,0.695,75,1800.0,2026-03-18,0,0,0,0.7694
I0045126,C02497,J0073,6.5,0.525,0.727,2,0.624,161,3864.0,2025-12-22,0,0,0,0.762
I0034991,C01497,J0021,7.5,0.239,0.553,2,0.438,20,480.0,2026-05-12,0,0,0,0.6594
I0007652,C03086,J0044,6.1,0.708,0.666,2,0.579,103,2472.0,2026-02-18,0,0,0,0.7169
I0053274,C03418,J0036,6.0,0.532,0.923,4,0.6,242,5808.0,2025-10-02,0,0,0,0.8307
I0041032,C02001,J0101,8.1,0.551,0.766,2,0.588,253,6072.0,2025-09-21,0,0,0,0.8438
I0036416,C02098,J0006,1.0,0.893,0.651,3,0.665,123,2952.0,2026-01-29,0,0,0,0.5566
I0016469,C02453,J0136,,0.44,0.641,2,0.621,228,5472.0,2025-10-16,1,1,0,0.7307
I0059640,C03960,J0068,6.6,0.649,0.679,2,0.713,246,5904.0,2025-09-28,1,0,0,0.7748
I0010894,C01863,J0019,5.8,0.837,0.776,1,0.693,356,8544.0,2025-06-10,0,0,0,0.7323
I0002210,C01586,J0128,6.4,0.263,0.699,3,0.677,262,6288.0,2025-09-12,0,0,0,0.5304
I0056911,C00828,J0100,1.7,0.758,1.0,1,0.169,139,3336.0,2026-01-13,0,0,0,0.4124
I0002528,C03970,J0059,1.6,0.536,1.0,2,0.808,211,5064.0,2025-11-02,0,0,0,0.6341
I0004168,C00524,J0069,5.6,0.46,0.878,2,0.698,112,2688.0,2026-02-09,0,0,0,0.6914
I0055757,C02393,J0002,1.8,0.852,1.0,3,0.479,269,6456.0,2025-09-05,0,0,0,0.5663
I0001486,C01266,J0039,10.2,1.0,1.0,1,0.53,303,7272.0,2025-08-02,0,0,0,0.6401
I0033851,C01168,J0007,5.2,0.385,0.593,3,0.673,151,3624.0,2026-01-01,0,0,0,0.569
I0028819,C02561,J0065,,0.548,1.0,2,0.74,273,6552.0,2025-09-01,0,0,0,0.8056
I0043342,C02956,J0116,3.1,1.0,0.666,4,0.696,365,8760.0,2025-06-01,0,0,0,0.5428
I0010092,C02954,J0113,8.6,0.463,0.755,1,0.579,215,5160.0,2025-10-29,0,0,0,0.7935
I0007401,C03696,J0017,2.4,0.476,0.624,2,0.748,27,648.0,2026-05-05,0,0,0,0.5417
I0020248,C01576,J0112,6.4,0.516,0.944,2,0.583,327,7848.0,1970-01-01 00:00:00,0,0,0,0.8441
I0020776,C03123,J0087,9.0,0.716,0.633,3,0.578,258,6192.0,2025-09-16,0,0,0,0.7503
I0038779,C03857,J0066,3.9,0.32,0.76,2,0.752,257,6168.0,2025-09-17,0,0,0,0.4926
I0043252,C03366,J0032,0.9,0.576,0.848,2,0.954,92,2208.0,2026-03-01,0,0,0,0.5047
I0029229,C02409,J0005,2.4,0.615,0.95,1,0.566,20,480.0,2026-05-12,0,0,0,0.7908
I0040532,C00659,J0014,,0.606,0.761,1,0.37,230,5520.0,2025-10-14,0,0,0,0.6412
I0050431,C00187,J0017,0.0,0.473,0.959,2,0.748,276,6624.0,2025-08-29,0,0,0,0.5934
I0004878,C02311,J0057,1.9,0.632,0.99,2,0.372,191,4584.0,2025-11-22,0,0,0,0.6449
I0003263,C01480,J0021,,0.677,0.891,2,0.438,8,192.0,2026-05-24,1,0,0,0.6199
I0058942,C02424,J0083,3.3,0.549,0.739,3,0.691,54,1296.0,2026-04-08,0,0,0,0.681
I0057194,C03290,J0115,1.0,0.519,0.844,1,0.627,177,4248.0,2025-12-06,0,0,0,0.6956
I0036453,C00620,J0080,1.9,0.561,0.819,1,0.569,228,5472.0,2025-10-16,0,0,0,0.7743
I0058196,C02930,J0035,8.1,0.685,0.612,4,0.644,103,2472.0,2026-02-18,1,1,0,0.7975
I0021894,C02041,J0037,13.6,0.51,0.736,2,0.622,60,1440.0,2026-04-02,0,0,0,0.8755
I0025873,C03269,J0140,3.7,0.726,0.716,1,0.66,162,3888.0,2025-12-21,0,0,0,0.7348
I0038972,C02066,J0122,7.9,0.57,0.81,2,0.704,205,4920.0,2025-11-08,0,0,0,0.7844
I0041629,C00683,J0057,8.6,0.435,0.877,2,0.372,243,5832.0,2025-10-01,0,0,0,0.8652
I0030686,C00818,J0116,3.0,0.862,1.0,4,0.696,302,7248.0,2025-08-03,0,0,0,0.7326
I0013447,C03526,J0149,1.1,0.591,0.705,1,0.593,105,2520.0,2026-02-16,1,1,0,0.7328
I0003120,C03184,J0053,6.5,0.587,0.645,2,0.651,83,1992.0,2026-03-10,0,0,0,0.7636
I0033549,C01847,J0107,4.7,0.94,0.167,2,0.389,50,1200.0,2026-04-12,0,0,0,0.255
I0040426,C00304,J0144,5.7,0.718,0.602,2,0.591,70,1680.0,2026-03-23,0,0,0,0.6935
I0035066,C00194,J0136,1.7,0.358,0.553,2,0.621,170,4080.0,2025-12-13,0,0,0,0.5161
I0033116,C02677,J0103,2.9,0.735,0.62,4,0.476,205,4920.0,2025-11-08,0,0,0,0.5582
I0013114,C00828,J0025,1.7,0.758,1.0,3,0.501,300,7200.0,2025-08-05,0,0,0,0.6464
I0027908,C02236,J0065,6.9,0.622,0.769,2,0.74,43,1032.0,2026-04-19,0,0,0,0.7672
I0006648,C02272,J0008,4.1,0.5,0.581,2,0.441,371,8904.0,2025-05-26,0,0,0,0.7084
I0043318,C02389,J0134,4.3,0.373,0.501,2,0.353,354,8496.0,2025-06-12,0,0,0,0.7168
I0015387,C01770,J0066,4.7,0.326,0.765,2,0.752,157,3768.0,2025-12-26,0,0,0,0.5118
I0027515,C00804,J0023,7.3,0.835,0.717,2,0.472,25,600.0,2026-05-07,0,0,0,0.5866
I0032738,C01413,J0145,0.0,0.225,1.0,4,0.701,65,1560.0,2026-03-28,0,0,0,0.4633
I0003524,C01183,J0139,5.4,0.637,1.0,2,0.561,164,3936.0,2025-12-19,0,0,0,0.8366
I0051711,C01734,J0084,6.1,0.487,0.724,4,0.431,211,5064.0,2025-11-02,0,0,0,0.7847
I0009687,C01815,J0024,13.5,0.762,0.714,1,0.346,204,4896.0,2025-11-09,0,0,0,0.6533
I0015539,C00961,J0054,,0.497,0.525,2,0.727,357,8568.0,2025-06-09,0,0,0,0.5755
I0025453,C01050,J0048,5.8,0.564,0.728,2,0.774,269,6456.0,2025-09-05,1,0,0,0.6722
I0016145,C02749,J0010,3.4,0.986,0.711,4,0.566,205,4920.0,2025-11-08,0,0,0,0.4788
I0042347,C01592,J0140,2.5,0.196,0.698,1,0.66,352,8448.0,2025-06-14,0,0,0,0.4289
I0006779,C01066,J0127,2.7,0.376,0.519,3,0.595,69,1656.0,2026-03-24,0,0,0,0.5545
I0028126,C03663,J0027,5.9,0.69,0.725,1,0.574,5,120.0,2026-05-27,0,0,0,0.7393
I0028857,C01176,J0025,6.1,0.521,0.523,3,0.501,352,8448.0,2025-06-14,0,0,0,0.7534
I0009312,C01955,J0033,5.4,0.703,0.884,1,0.649,54,1296.0,2026-04-08,1,0,0,0.8194
I0034463,C01941,J0106,3.9,0.597,0.857,3,0.884,216,5184.0,2025-10-28,0,0,0,0.6222
I0048432,C01928,J0036,6.8,0.47,0.974,4,0.6,373,8952.0,2025-05-24,0,0,0,0.8149
I0022130,C03958,J0042,3.5,0.806,0.505,3,0.496,165,3960.0,2025-12-18,0,0,0,0.4999
I0057122,C01172,J0108,1.0,0.452,1.0,4,0.437,211,5064.0,2025-11-02,0,0,0,0.8052
I0057859,C00989,J0060,7.8,0.86,0.689,1,0.633,126,3024.0,2026-01-26,0,0,0,0.6831
I0024628,C00341,J0025,8.4,0.637,0.635,3,0.501,88,2112.0,2026-03-05,0,0,0,0.7421
I0026208,C00523,J0119,0.0,0.643,0.723,1,0.541,154,3696.0,2025-12-29,0,0,0,0.6488
I0042735,C02836,J0021,5.6,0.533,1.0,2,0.438,221,5304.0,2025-10-23,0,0,0,0.8266
I0003584,C02461,J0101,8.8,0.597,0.585,2,0.588,138,3312.0,2026-01-14,0,0,0,0.8243
I0030904,C00250,J0014,7.2,0.607,0.581,1,0.37,137,3288.0,2026-01-15,0,0,0,0.6354
I0002247,C02296,J0113,3.8,0.953,0.529,1,0.579,222,5328.0,2025-10-22,1,0,0,0.4667
I0002854,C02096,J0040,0.0,0.766,0.749,1,0.393,18,432.0,2026-05-14,0,0,0,0.4651
I0024759,C01655,J0014,0.0,0.601,0.738,1,0.37,8,192.0,2026-05-24,0,0,0,0.5621
I0056396,C01031,J0032,1.1,0.365,0.517,2,0.954,87,2088.0,2026-03-06,0,0,0,0.266
I0014533,C03054,J0102,3.3,0.327,1.0,2,0.438,396,9504.0,2025-05-01,0,0,0,0.7764
I0047665,C01784,J0064,3.2,0.724,0.498,1,0.487,156,3744.0,2025-12-27,0,0,0,0.5443
I0021838,C00260,J0146,3.7,0.328,0.632,3,0.57,56,1344.0,2026-04-06,0,0,0,0.5871
I0049924,C01958,J0008,3.1,0.205,0.873,2,0.441,238,5712.0,2025-10-06,1,0,0,0.6491
I0027681,C00087,J0010,2.0,0.499,0.792,4,0.566,91,2184.0,2026-03-02,0,0,0,0.7268
I0014366,C03633,J0045,2.8,0.802,0.487,4,0.544,318,7632.0,2025-07-18,0,0,0,0.5197
I0004998,C00888,J0137,5.1,0.842,0.686,1,0.69,351,8424.0,2025-06-15,0,0,0,0.6894
I0008675,C02874,J0116,0.5,0.886,0.649,4,0.696,357,8568.0,2025-06-09,0,0,0,0.5744
I0001463,C02049,J0032,6.3,1.0,0.621,2,0.954,308,7392.0,2025-07-28,1,0,0,0.7661
I0008481,C02672,J0145,0.0,0.716,0.696,4,0.701,271,6504.0,2025-09-03,0,0,0,0.7025
I0043748,C02574,J0106,3.0,0.577,0.638,3,0.884,351,8424.0,2025-06-15,0,0,0,0.5311
I0039438,C01484,J0039,0.0,0.292,0.695,1,0.53,91,2184.0,2026-03-02,0,0,0,0.545
I0049473,C03794,J0065,0.0,0.38,0.699,2,0.74,107,2568.0,2026-02-14,0,0,0,0.4602
I0014273,C01906,J0053,6.3,0.712,0.918,2,0.651,41,984.0,2026-04-21,1,0,0,0.8393
I0008874,C02257,J0019,5.6,0.407,0.698,1,0.693,123,2952.0,2026-01-29,0,0,0,0.6068
I0013586,C03103,J0018,2.2,0.796,0.916,4,0.73,379,9096.0,2025-05-18,0,0,0,0.7658
I0051390,C02421,J0002,,0.566,0.733,3,0.479,152,3648.0,2025-12-31,1,1,0,0.7417
I0011113,C02513,J0020,5.9,0.473,0.852,4,0.849,334,8016.0,2025-07-02,0,0,0,0.5919
I0011342,C01942,J0012,7.0,0.67,0.581,1,0.468,349,8376.0,2025-06-17,0,0,0,0.6567
I0039956,C01911,J0060,5.0,0.385,0.62,1,0.633,185,4440.0,2025-11-28,0,0,0,0.6014
I0019568,C02750,J0029,7.2,0.701,0.431,1,0.913,381,9144.0,2025-05-16,0,0,0,0.6107
I0019021,C02851,J0122,8.6,0.615,0.794,2,0.704,75,1800.0,2026-03-18,0,0,0,0.8235
I0002349,C00254,J0121,5.6,0.369,0.662,3,0.82,379,9096.0,2025-05-18,0,0,0,0.4803
I0006435,C02083,J0121,6.8,0.233,0.944,3,0.82,42,1008.0,2026-04-20,0,0,0,0.4843
I0029574,C03151,J0143,4.1,0.686,0.765,1,0.714,127,3048.0,2026-01-25,0,0,0,0.7822
I0036612,C02537,J0098,9.2,0.753,0.638,1,0.723,43,1032.0,2026-04-19,0,0,0,0.8312
I0044312,C02925,J0107,0.6,0.515,0.574,2,0.389,45,1080.0,2026-04-17,0,0,0,0.6
I0027346,C01588,J0080,2.2,0.55,0.829,1,0.569,154,3696.0,2025-12-29,0,0,0,0.7744
I0008858,C02537,J0130,,0.753,0.638,1,0.81,56,1344.0,2026-04-06,0,0,0,0.8122
I0006939,C02071,J0054,0.0,0.392,0.484,2,0.727,316,7584.0,1970-01-01 00:00:00,0,0,0,0.4172
I0033452,C01180,J0114,0.0,0.259,0.509,4,0.554,329,7896.0,2025-07-07,0,0,0,0.4524
I0045417,C01151,J0092,4.1,0.728,0.806,4,0.623,216,5184.0,2025-10-28,0,0,0,0.7395
I0051855,C03084,J0098,3.2,0.294,0.839,1,0.723,340,8160.0,2025-06-26,0,0,0,0.5051
I0007568,C02636,J0131,2.7,0.557,0.822,2,0.716,315,7560.0,1970-01-01 00:00:00,0,0,0,0.6822
I0029045,C02148,J0100,2.4,0.434,0.996,1,0.169,91,2184.0,2026-03-02,1,0,0,0.6515
I0033960,C02326,J0038,3.5,0.653,0.627,4,0.713,57,1368.0,2026-04-05,0,0,0,0.7106
I0004475,C03333,J0110,1.2,0.325,0.785,2,0.549,156,3744.0,2025-12-27,0,0,0,0.6006
I0039565,C03568,J0064,0.9,0.68,0.498,1,0.487,202,4848.0,2025-11-11,0,0,0,0.5364
I0028189,C00721,J0073,,0.88,0.64,2,0.624,38,912.0,2026-04-24,0,0,0,0.5321
I0019412,C00952,J0149,0.0,0.906,0.636,1,0.593,341,8184.0,2025-06-25,0,0,0,0.4755
I0054988,C03235,J0105,6.7,0.939,0.946,3,0.544,133,3192.0,2026-01-19,0,0,0,0.6185
I0022125,C01857,J0124,4.4,0.356,0.831,4,0.309,127,3048.0,2026-01-25,0,0,0,0.7925
I0004032,C03404,J0028,4.1,0.473,0.643,3,0.898,234,5616.0,2025-10-10,0,0,0,0.4679
I0057410,C03862,J0087,7.7,0.556,0.542,3,0.578,318,7632.0,2025-07-18,1,0,0,0.7844
I0030372,C00076,J0072,1.6,0.672,0.69,1,0.651,199,4776.0,2025-11-14,0,0,0,0.7237
I0012005,C01568,J0063,1.4,0.339,0.7,4,0.497,180,4320.0,2025-12-03,0,0,0,0.6265
I0022312,C03694,J0091,6.6,0.375,0.875,2,0.409,265,6360.0,2025-09-09,0,0,0,0.8513
I0026364,C01678,J0061,2.3,0.814,0.662,1,0.484,377,9048.0,2025-05-20,0,0,0,0.5098
I0023562,C01861,J0106,4.4,0.223,0.733,3,0.884,345,8280.0,2025-06-21,0,0,0,0.332
I0023287,C02751,J0043,0.0,0.66,0.959,3,0.512,318,7632.0,2025-07-18,0,0,0,0.6829
I0022874,C01400,J0147,8.1,0.517,0.876,2,0.622,56,1344.0,2026-04-06,0,0,0,0.8269
I0017808,C01957,J0053,0.0,0.623,0.578,2,0.651,220,5280.0,2025-10-24,0,0,0,0.6601
I0042116,C01186,J0072,5.5,0.49,0.954,1,0.651,91,2184.0,2026-03-02,1,1,0,0.7654
I0046638,C02459,J0100,1.0,0.575,0.832,1,0.169,60,1440.0,2026-04-02,0,0,0,0.4822
I0026042,C02135,J0112,0.0,1.0,0.629,2,0.583,328,7872.0,2025-07-08,0,0,0,0.4003
I0034671,C00681,J0061,2.6,0.151,0.951,1,0.484,380,9120.0,2025-05-17,0,0,0,0.5942
I0058554,C01183,J0089,5.4,0.637,1.0,3,0.39,290,6960.0,2025-08-15,1,0,0,0.7161
I0025267,C03958,J0139,3.5,0.806,0.505,2,0.561,96,2304.0,2026-02-25,0,0,0,0.5457
I0026831,C01838,J0091,0.0,0.273,0.936,2,0.409,32,768.0,2026-04-30,0,0,0,0.6849
I0026153,C02378,J0080,7.7,0.857,1.0,1,0.569,100,2400.0,2026-02-21,0,0,0,0.7261
I0014302,C03257,J0018,6.3,0.551,0.669,4,0.73,37,888.0,2026-04-25,0,0,0,0.6859
I0054379,C01038,J0003,8.2,0.154,0.924,1,0.462,290,6960.0,2025-08-15,0,0,0,0.699
I0001221,C02791,J0121,6.8,0.968,0.868,3,0.82,71,1704.0,1970-01-01 00:00:00,0,0,0,0.7723
I0050472,C01546,J0074,1.8,0.862,0.528,1,0.343,105,2520.0,2026-02-16,0,0,0,0.3303
I0054939,C00225,J0115,3.8,0.408,0.674,1,0.627,28,672.0,2026-05-04,0,0,0,0.6168
I0037431,C00932,J0042,4.6,0.202,0.574,3,0.496,348,8352.0,2025-06-18,0,0,0,0.5493
I0028891,C00856,J0013,7.6,0.881,0.672,3,0.854,142,3408.0,2026-01-10,0,0,0,0.8159
I0035475,C03092,J0138,0.0,0.617,0.889,2,0.343,367,8808.0,2025-05-30,0,0,0,0.5744
I0054243,C02800,J0008,,0.71,0.612,2,0.441,349,8376.0,2025-06-17,0,0,0,0.6081
I0014128,C03564,J0079,2.1,0.547,0.783,2,0.518,189,4536.0,2025-11-24,0,0,0,0.7527
I0048969,C03571,J0092,2.3,1.0,0.605,4,0.623,15,360.0,2026-05-17,0,0,0,0.4606
I0038273,C00004,J0001,2.6,0.568,0.44,3,0.47,71,1704.0,2026-03-22,1,1,0,0.6158
I0047048,C02463,J0066,10.4,0.45,1.0,2,0.752,192,4608.0,2025-11-21,1,0,0,0.7619
I0006536,C02701,J0035,2.1,0.578,0.671,4,0.644,56,1344.0,2026-04-06,0,0,0,0.6951
I0013871,C00001,J0006,0.0,0.093,0.712,3,0.665,164,3936.0,2025-12-19,0,0,0,0.3144
I0005747,C02123,J0121,8.9,0.72,0.698,3,0.82,100,2400.0,2026-02-21,0,0,0,0.7937
I0029620,C00553,J0060,3.8,0.629,0.631,1,0.633,53,1272.0,2026-04-09,0,0,0,0.7562
I0031849,C00992,J0098,0.0,1.0,0.702,1,0.723,185,4440.0,2025-11-28,0,0,0,0.5195
I0036376,C00111,J0067,4.0,0.445,0.582,4,0.443,311,7464.0,2025-07-25,0,0,0,0.7472
I0035502,C02281,J0115,3.3,0.598,0.716,1,0.627,146,3504.0,2026-01-06,0,0,0,0.7541
I0017452,C01814,J0105,4.1,0.19,0.939,3,0.544,7,168.0,2026-05-25,0,0,0,0.6014
I0040490,C01073,J0047,4.6,0.639,0.698,2,0.575,201,4824.0,2025-11-12,0,0,0,0.7464
I0001003,C02653,J0055,0.0,0.802,0.563,3,0.749,292,7008.0,2025-08-13,0,0,0,0.6382
I0055351,C00024,J0125,,0.78,0.665,1,0.475,250,6000.0,2025-09-24,0,0,0,0.5756
I0030963,C00458,J0117,5.3,0.486,0.557,1,0.842,368,8832.0,2025-05-29,0,0,0,0.5126
I0016028,C02112,J0082,3.7,0.551,0.804,1,0.615,374,8976.0,2025-05-23,0,0,0,0.761
I0016889,C02677,J0126,2.9,0.735,0.62,2,0.635,242,5808.0,2025-10-02,0,0,0,0.6702
I0055080,C03080,J0018,2.0,0.656,0.646,4,0.73,227,5448.0,2025-10-17,0,0,0,0.6807
I0024621,C03933,J0092,0.0,0.815,0.966,4,0.623,49,1176.0,2026-04-13,0,0,0,0.6539
I0057287,C01636,J0086,3.8,0.488,0.793,3,0.489,140,3360.0,2026-01-12,0,0,0,0.804
I0019649,C03010,J0001,3.0,0.422,0.553,3,0.47,209,5016.0,2025-11-04,0,0,0,0.6897
I0031059,C02673,J0071,2.7,0.754,0.847,2,0.587,366,8784.0,2025-05-31,0,0,0,0.6836
I0028986,C01780,J0016,5.8,0.54,0.897,4,0.643,133,3192.0,2026-01-19,0,0,0,0.7953
I0032273,C02033,J0025,0.0,0.438,0.866,3,0.501,319,7656.0,2025-07-17,0,0,0,0.7166
I0056515,C01307,J0112,1.9,1.0,0.906,2,0.583,323,7752.0,2025-07-13,0,0,0,0.5105
I0012613,C02673,J0047,,0.754,0.847,2,0.575,268,6432.0,2025-09-06,0,0,0,0.6752
I0018775,C03391,J0029,4.2,0.827,0.926,1,0.913,300,7200.0,2025-08-05,0,0,0,0.7884
I0019376,C01400,J0096,8.1,0.517,0.876,3,0.799,301,7224.0,2025-08-04,0,0,0,0.7021
I0041673,C02992,J0010,0.8,0.559,0.89,4,0.566,107,2568.0,2026-02-14,1,0,0,0.7764
I0009501,C00943,J0116,3.4,0.693,0.905,4,0.696,232,5568.0,2025-10-12,1,0,0,0.8274
I0017692,C01747,J0045,3.5,0.133,0.747,4,0.544,208,4992.0,2025-11-05,0,0,0,0.497
I0058388,C03524,J0149,8.3,0.518,0.989,1,0.593,391,9384.0,2025-05-06,0,0,0,0.8833
I0057487,C02304,J0024,7.0,0.567,0.547,1,0.346,212,5088.0,2025-11-01,0,0,0,0.6337
I0010656,C02198,J0035,3.2,0.632,0.964,4,0.644,151,3624.0,2026-01-01,0,0,0,0.8343
I0048916,C02546,J0013,,0.552,0.738,3,0.854,331,7944.0,2025-07-05,1,0,0,0.578
I0024267,C03721,J0023,3.1,0.227,0.881,2,0.472,130,3120.0,2026-01-22,0,0,0,0.645
I0024922,C02649,J0083,3.3,0.489,1.0,3,0.691,264,6336.0,2025-09-10,0,0,0,0.7123
I0021626,C00680,J0060,0.0,0.741,0.865,1,0.633,6,144.0,2026-05-26,0,0,0,0.6846
I0001641,C03242,J0011,2.7,0.418,0.771,3,0.484,165,3960.0,2025-12-18,0,0,0,0.7334
I0055530,C01447,J0091,6.6,0.513,0.606,2,0.409,45,1080.0,2026-04-17,0,0,0,0.7261
I0017571,C03902,J0117,5.4,1.0,0.703,1,0.842,154,3696.0,2025-12-29,0,0,0,0.6951
I0001072,C02263,J0060,0.0,0.588,0.821,1,0.633,58,1392.0,2026-04-04,0,0,0,0.7166
I0045085,C01240,J0028,4.0,0.616,0.658,3,0.898,49,1176.0,2026-04-13,0,0,0,0.5713
I0031586,C01672,J0013,5.2,0.391,0.842,3,0.854,100,2400.0,2026-02-21,0,0,0,0.5159
I0001246,C02595,J0074,6.3,0.544,0.504,1,0.343,40,960.0,2026-04-22,0,0,0,0.6239
I0058124,C00877,J0115,0.0,0.685,0.538,1,0.627,375,9000.0,2025-05-22,0,0,0,0.6277
I0029073,C00200,J0114,8.4,0.115,0.957,4,0.554,186,4464.0,2025-11-27,0,0,0,0.6193
I0021994,C01117,J0042,,0.386,0.574,3,0.496,139,3336.0,2026-01-13,1,0,0,0.6012
I0012000,C01623,J0019,5.8,0.292,0.896,1,0.693,350,8400.0,2025-06-16,0,0,0,0.5849
I0030797,C02147,J0012,,0.604,0.765,1,0.468,12,288.0,2026-05-20,0,0,0,0.7365
I0026482,C01213,J0081,0.0,0.206,0.812,2,0.644,392,9408.0,2025-05-05,0,0,0,0.4371
I0034201,C03415,J0081,6.5,0.954,0.935,2,0.644,72,1728.0,2026-03-21,0,0,0,0.6719
I0028537,C02145,J0022,10.0,0.598,0.752,1,0.577,189,4536.0,2025-11-24,0,0,0,0.8833
I0039203,C02091,J0009,0.0,0.563,0.765,3,0.437,372,8928.0,2025-05-25,0,0,0,0.6437
I0027179,C03312,J0068,6.0,0.535,0.504,2,0.713,139,3336.0,2026-01-13,0,0,0,0.635
I0003840,C01042,J0102,7.4,0.86,0.683,2,0.438,288,6912.0,2025-08-17,0,0,0,0.5371
I0028168,C00404,J0115,4.1,0.785,0.933,1,0.627,332,7968.0,2025-07-04,0,0,0,0.7379
I0046440,C00777,J0137,1.9,0.646,0.512,1,0.69,99,2376.0,2026-02-22,0,0,0,0.6623
I0031765,C02366,J0024,3.6,0.544,1.0,1,0.346,29,696.0,1970-01-01 00:00:00,0,0,0,0.7201
I0024633,C00254,J0082,5.6,0.369,0.662,1,0.615,288,6912.0,2025-08-17,0,0,0,0.6248
I0051175,C00321,J0082,6.7,0.621,0.637,1,0.615,380,9120.0,2025-05-17,0,0,0,0.8056
I0056909,C00504,J0002,6.2,0.445,0.596,3,0.479,351,8424.0,2025-06-15,0,0,0,0.7658
I0015530,C02931,J0000,3.7,0.458,0.614,4,0.534,7,168.0,2026-05-25,0,0,0,0.699
I0029056,C02278,J0022,4.7,0.777,0.872,1,0.577,137,3288.0,2026-01-15,0,0,0,0.7013
I0040278,C00029,J0043,5.4,0.669,0.881,3,0.512,142,3408.0,2026-01-10,0,0,0,0.7459
I0028425,C03611,J0118,0.0,0.857,0.654,2,0.57,352,8448.0,2025-06-14,0,0,0,0.4989
I0013215,C03014,J0030,3.4,0.534,0.803,2,1.0,236,5664.0,2025-10-08,0,0,0,0.4723
I0001295,C02790,J0099,3.0,0.75,0.907,2,0.707,165,3960.0,2025-12-18,1,0,0,0.793
I0000182,C00750,J0059,2.1,0.727,0.608,2,0.808,215,5160.0,2025-10-29,0,0,0,0.6667
I0033056,C03655,J0058,2.9,0.364,0.785,1,0.519,343,8232.0,2025-06-23,0,0,0,0.678
I0007640,C01439,J0077,8.3,0.601,0.746,4,0.837,191,4584.0,2025-11-22,0,0,0,0.7013
I0032340,C01448,J0008,0.0,0.536,0.714,2,0.441,275,6600.0,2025-08-30,0,0,0,0.6512
I0043648,C03543,J0064,0.7,0.427,1.0,1,0.487,10,240.0,2026-05-22,0,0,0,0.7684
I0020629,C00937,J0098,,0.821,0.724,1,0.723,329,7896.0,2025-07-07,0,0,0,0.7636
I0058491,C03838,J0112,6.6,0.291,1.0,2,0.583,84,2016.0,2026-03-09,1,0,0,0.7046
I0007064,C02564,J0114,4.5,0.831,0.719,4,0.554,177,4248.0,2025-12-06,0,0,0,0.6005
I0046827,C03421,J0140,7.4,0.468,0.753,1,0.66,45,1080.0,2026-04-17,0,0,0,0.719
I0028304,C03780,J0065,4.8,0.976,0.425,2,0.74,180,4320.0,2025-12-03,0,0,0,0.5515
I0027901,C01521,J0098,10.9,0.34,0.845,1,0.723,173,4152.0,2025-12-10,1,0,0,0.6695
I0008477,C03914,J0121,4.5,0.315,0.752,3,0.82,290,6960.0,2025-08-15,0,0,0,0.449
I0009588,C00665,J0006,5.3,0.398,0.57,3,0.665,123,2952.0,1970-01-01 00:00:00,0,0,0,0.579
I0016106,C03208,J0073,4.6,0.704,0.807,2,0.624,300,7200.0,2025-08-05,0,0,0,0.7658
I0011124,C01081,J0028,,0.381,0.677,3,0.898,195,4680.0,2025-11-18,0,0,0,0.4533
I0015433,C01212,J0068,4.5,0.68,0.829,2,0.713,56,1344.0,2026-04-06,0,0,0,0.8035
I0011299,C03984,J0070,2.8,0.821,0.606,3,0.423,83,1992.0,2026-03-10,0,0,0,0.4545
I0010474,C00465,J0090,9.3,0.877,0.656,3,0.558,8,192.0,2026-05-24,0,0,0,0.6343
I0034497,C03539,J0031,7.7,0.455,0.972,3,0.886,273,6552.0,2025-09-01,0,0,0,0.6174
I0013013,C02754,J0053,0.0,0.791,0.684,2,0.651,184,4416.0,2025-11-29,0,0,0,0.611
I0050029,C00383,J0111,,0.913,0.869,1,0.646,227,5448.0,2025-10-17,0,0,0,0.5737
I0004364,C02041,J0007,13.6,0.51,0.736,3,0.673,210,5040.0,2025-11-03,1,0,0,0.8396
I0041653,C03064,J0032,0.5,0.806,0.656,2,0.954,293,7032.0,2025-08-12,0,0,0,0.6059
I0011293,C00598,J0127,6.2,0.542,0.677,3,0.595,329,7896.0,2025-07-07,0,0,0,0.7753
I0031191,C02724,J0145,2.6,0.554,0.801,4,0.701,8,192.0,2026-05-24,0,0,0,0.6831
I0005275,C00941,J0051,4.1,0.894,0.925,3,0.624,29,696.0,2026-05-03,0,0,0,0.6567
I0045392,C00254,J0091,5.6,0.369,0.662,2,0.409,39,936.0,2026-04-23,0,0,0,0.7701
I0024543,C03196,J0020,3.4,0.717,0.627,4,0.849,119,2856.0,2026-02-02,0,0,0,0.6581
I0056623,C03360,J0033,9.6,0.143,0.962,1,0.649,26,624.0,2026-05-06,1,0,0,0.5938
I0031997,C03690,J0134,2.8,0.795,0.731,2,0.353,270,6480.0,2025-09-04,0,0,0,0.4588
I0019473,C02175,J0128,0.7,0.626,0.893,3,0.677,15,360.0,2026-05-17,0,0,0,0.7445
I0010102,C00223,J0011,1.7,0.558,0.685,3,0.484,52,1248.0,2026-04-10,0,0,0,0.6866
I0028674,C02932,J0128,9.3,0.508,0.75,3,0.677,216,5184.0,2025-10-28,0,0,0,0.7665
I0029331,C03923,J0017,10.4,0.161,0.783,2,0.748,317,7608.0,2025-07-19,0,0,0,0.4998
I0019461,C00940,J0115,1.8,0.678,0.799,1,0.627,4,96.0,2026-05-28,0,0,0,0.7366
I0006204,C02161,J0018,1.1,1.0,0.409,4,0.73,261,6264.0,2025-09-13,0,0,0,0.4605
I0042457,C02105,J0098,4.1,0.749,0.803,1,0.723,198,4752.0,1970-01-01 00:00:00,0,0,0,0.7943
I0024910,C02873,J0080,3.9,0.7,0.611,1,0.569,326,7824.0,2025-07-10,0,0,0,0.6628
I0019424,C03788,J0135,2.2,0.734,0.705,3,0.587,100,2400.0,2026-02-21,0,0,0,0.6492
I0049614,C03311,J0145,1.4,0.455,1.0,4,0.701,103,2472.0,2026-02-18,0,0,0,0.6491
I0032775,C00367,J0070,2.8,0.539,0.782,3,0.423,320,7680.0,2025-07-16,1,1,0,0.7029
I0013511,C01726,J0146,4.0,0.706,0.681,3,0.57,69,1656.0,2026-03-24,0,0,0,0.6807
I0034132,C03033,J0087,0.0,1.0,0.596,3,0.578,245,5880.0,2025-09-29,0,0,0,0.3874
I0049058,C00735,J0047,3.9,0.233,0.717,2,0.575,71,1704.0,2026-03-22,0,0,0,0.5439
I0035642,C02928,J0033,5.0,0.498,0.688,1,0.649,72,1728.0,2026-03-21,0,0,0,0.689
I0046939,C02802,J0054,7.6,0.636,0.773,2,0.727,368,8832.0,2025-05-29,0,0,0,0.7992
I0013289,C03932,J0039,4.0,0.631,0.567,1,0.53,237,5688.0,2025-10-07,0,0,0,0.6732
I0036708,C00841,J0072,0.0,0.162,0.477,1,0.651,91,2184.0,2026-03-02,0,0,0,0.3066
I0039289,C03559,J0073,6.5,0.191,0.724,2,0.624,247,5928.0,2025-09-27,0,0,0,0.5257
I0011665,C03360,J0020,,0.143,0.962,4,0.849,355,8520.0,2025-06-11,0,0,0,0.4528
I0028339,C03024,J0029,4.3,0.444,0.628,1,0.913,265,6360.0,2025-09-09,0,0,0,0.4361
I0055710,C00534,J0011,3.9,0.893,1.0,3,0.484,146,3504.0,2026-01-06,0,0,0,0.5765
I0024383,C01382,J0050,5.4,0.463,0.437,3,0.587,164,3936.0,2025-12-19,0,0,0,0.644
I0022722,C00729,J0137,0.9,0.732,0.717,1,0.69,53,1272.0,2026-04-09,1,0,0,0.7046
I0000261,C02099,J0101,0.0,0.285,0.865,2,0.588,90,2160.0,2026-03-03,0,0,0,0.5472
I0031069,C00365,J0039,9.5,0.723,0.941,1,0.53,381,9144.0,2025-05-16,0,0,0,0.8069
I0047550,C00419,J0061,5.4,0.648,1.0,1,0.484,94,2256.0,2026-02-27,0,0,0,0.7746
I0042086,C03861,J0143,3.8,0.582,0.808,1,0.714,310,7440.0,2025-07-26,0,0,0,0.7159
I0057821,C00644,J0039,1.9,0.539,0.829,1,0.53,162,3888.0,2025-12-21,0,0,0,0.7764
I0024635,C00369,J0061,3.3,0.537,0.612,1,0.484,366,8784.0,2025-05-31,0,0,0,0.7079
I0019366,C03286,J0061,1.9,0.512,0.784,1,0.484,60,1440.0,2026-04-02,0,0,0,0.7503
I0057926,C00490,J0141,1.0,0.371,0.691,3,0.672,342,8208.0,2025-06-24,0,0,0,0.5164
I0038539,C02796,J0141,1.0,0.826,0.713,3,0.672,103,2472.0,2026-02-18,0,0,0,0.6263
I0053392,C00556,J0053,7.0,0.743,0.833,2,0.651,394,9456.0,2025-05-03,0,0,0,0.8053
I0053558,C02153,J0102,1.4,0.44,0.757,2,0.438,93,2232.0,2026-02-28,0,0,0,0.7526
I0024983,C02299,J0135,1.7,0.928,0.549,3,0.587,306,7344.0,2025-07-30,0,0,0,0.46
I0046878,C00033,J0036,3.1,0.706,0.829,4,0.6,74,1776.0,2026-03-19,1,1,0,0.7283
I0002527,C03744,J0003,3.9,0.518,0.887,1,0.462,354,8496.0,2025-06-12,0,0,0,0.7935
I0004021,C00111,J0100,4.0,0.445,0.582,1,0.169,390,9360.0,1970-01-01 00:00:00,0,0,0,0.5541
I0000697,C00282,J0006,7.0,0.72,0.946,3,0.665,338,8112.0,2025-06-28,0,0,0,0.8632
I0025073,C01141,J0052,7.1,0.453,0.866,4,0.406,211,5064.0,2025-11-02,0,0,0,0.848
I0038284,C03286,J0029,1.9,0.512,0.784,1,0.913,41,984.0,2026-04-21,0,0,0,0.4874
I0029600,C01282,J0050,4.3,0.491,0.559,3,0.587,54,1296.0,2026-04-08,0,0,0,0.6795
I0003388,C00684,J0062,4.7,0.616,0.964,4,0.382,40,960.0,2026-04-22,0,0,0,0.7032
I0002558,C02494,J0057,4.1,0.546,0.568,2,0.372,125,3000.0,2026-01-27,0,0,0,0.6237
I0032367,C01871,J0035,2.2,0.234,1.0,4,0.644,211,5064.0,2025-11-02,0,0,0,0.547
I0031453,C02040,J0005,7.1,0.834,0.772,1,0.566,265,6360.0,2025-09-09,0,0,0,0.6657
I0014940,C02122,J0061,5.0,0.664,0.866,1,0.484,306,7344.0,2025-07-30,0,0,0,0.7187
I0029838,C03697,J0149,6.2,0.319,0.646,1,0.593,275,6600.0,2025-08-30,0,0,0,0.6107
I0041066,C02363,J0128,0.0,0.513,0.709,3,0.677,70,1680.0,2026-03-23,0,0,0,0.6012
I0044545,C00874,J0058,1.4,0.632,1.0,1,0.519,233,5592.0,2025-10-11,0,0,0,0.7428
I0041471,C02143,J0089,2.8,0.562,0.672,3,0.39,4,96.0,2026-05-28,0,0,0,0.6325
I0040993,C02948,J0121,1.0,0.624,0.714,3,0.82,244,5856.0,2025-09-30,0,0,0,0.5969
I0049779,C00085,J0117,1.9,0.318,0.687,1,0.842,178,4272.0,2025-12-05,0,0,0,0.3733
I0014283,C00430,J0006,4.1,0.289,0.691,3,0.665,211,5064.0,2025-11-02,0,0,0,0.516
I0015443,C01489,J0043,7.5,0.408,0.786,3,0.512,144,3456.0,2026-01-08,0,0,0,0.792
I0001164,C00088,J0139,7.0,1.0,0.731,2,0.561,340,8160.0,2025-06-26,0,0,0,0.5319
I0038236,C01892,J0082,2.6,0.598,0.42,1,0.615,203,4872.0,2025-11-10,0,0,0,0.6673
I0031917,C02072,J0137,1.7,0.344,0.688,1,0.69,210,5040.0,2025-11-03,0,0,0,0.4957
I0031429,C03246,J0077,9.4,0.279,0.624,4,0.837,101,2424.0,2026-02-20,0,0,0,0.4585
I0031964,C03401,J0070,3.2,0.79,0.648,3,0.423,36,864.0,2026-04-26,0,0,0,0.495
I0032961,C00341,J0132,8.4,0.637,0.635,3,0.612,137,3288.0,2026-01-15,0,0,0,0.8204
I0003308,C03167,J0145,,0.0,0.786,4,0.701,266,6384.0,2025-09-08,0,0,0,0.2443
I0047713,C00548,J0121,2.1,0.749,0.58,3,0.82,374,8976.0,2025-05-23,0,0,0,0.6659
I0030860,C01885,J0082,7.4,0.243,0.86,1,0.615,376,9024.0,2025-05-21,0,0,0,0.6223
I0020582,C03677,J0115,2.6,0.728,0.664,1,0.627,37,888.0,2026-04-25,0,0,0,0.6769
I0038171,C01888,J0003,10.8,0.716,0.9,1,0.462,29,696.0,2026-05-03,0,0,0,0.7743
I0045223,C02693,J0000,3.1,0.374,0.85,4,0.534,102,2448.0,2026-02-19,0,0,0,0.6962
I0029311,C01626,J0032,,0.565,0.672,2,0.954,373,8952.0,2025-05-24,0,0,0,0.5184
I0049251,C00421,J0073,0.0,0.773,0.885,2,0.624,283,6792.0,2025-08-22,0,0,0,0.6614
I0053900,C01676,J0040,2.3,0.715,0.464,1,0.393,70,1680.0,2026-03-23,0,0,0,0.4596
I0027533,C00239,J0049,10.0,0.551,0.41,2,0.631,285,6840.0,2025-08-20,0,0,0,0.7452
I0007705,C01024,J0126,9.2,0.401,0.746,2,0.635,254,6096.0,2025-09-20,1,0,0,0.7179
I0017998,C00159,J0001,3.8,0.383,0.667,3,0.47,193,4632.0,2025-11-20,0,0,0,0.7079
I0000780,C03901,J0087,5.1,0.601,0.607,3,0.578,159,3816.0,2025-12-24,0,0,0,0.7581
I0001400,C02458,J0025,9.1,0.609,0.707,3,0.501,325,7800.0,2025-07-11,0,0,0,0.794
I0059345,C03020,J0020,1.7,0.608,0.825,4,0.849,80,1920.0,2026-03-13,0,0,0,0.6083
I0025217,C03762,J0113,4.6,0.553,0.745,1,0.579,96,2304.0,2026-02-25,0,0,0,0.7864
I0029623,C03530,J0009,1.8,0.758,0.719,3,0.437,245,5880.0,2025-09-29,0,0,0,0.5238
I0025524,C02717,J0061,3.7,0.927,0.898,1,0.484,221,5304.0,2025-10-23,0,0,0,0.5204
I0025690,C03939,J0145,5.2,0.311,0.321,4,0.701,349,8376.0,2025-06-17,0,0,0,0.4204
I0054212,C00316,J0010,1.9,0.781,0.732,4,0.566,193,4632.0,2025-11-20,0,0,0,0.6038
I0058289,C03786,J0128,6.5,0.454,0.769,3,0.677,357,8568.0,2025-06-09,0,0,0,0.6865
I0038541,C02850,J0016,9.2,0.409,0.925,4,0.643,85,2040.0,2026-03-08,0,0,0,0.7684
I0017315,C02834,J0083,1.7,0.651,0.811,3,0.691,256,6144.0,2025-09-18,0,0,0,0.7461
I0020668,C01475,J0054,5.1,0.622,0.642,2,0.727,391,9384.0,1970-01-01 00:00:00,0,0,0,0.7101
I0059671,C03213,J0146,4.5,0.687,0.507,3,0.57,390,9360.0,2025-05-07,0,0,0,0.6535
I0003335,C01612,J0092,6.0,0.485,0.725,4,0.623,259,6216.0,2025-09-15,1,0,0,0.7255
I0007678,C02754,J0105,0.0,0.791,0.684,3,0.544,82,1968.0,2026-03-11,0,0,0,0.5356
I0014104,C00283,J0031,6.5,0.941,0.813,3,0.886,295,7080.0,2025-08-10,0,0,0,0.8173
I0044820,C01605,J0121,2.1,0.541,0.759,3,0.82,95,2280.0,2026-02-26,0,0,0,0.5697
I0018083,C03316,J0038,1.6,1.0,0.627,4,0.713,324,7776.0,2025-07-12,0,0,0,0.5184
I0003804,C03409,J0055,3.5,0.286,0.76,3,0.749,31,744.0,2026-05-01,0,0,0,0.464
I0059918,C03381,J0084,7.2,0.274,0.931,4,0.431,25,600.0,2026-05-07,0,0,0,0.7905
I0003073,C02493,J0027,1.1,0.387,0.741,1,0.574,176,4224.0,2025-12-07,0,0,0,0.6126
I0036086,C00937,J0044,6.6,0.821,0.724,2,0.579,357,8568.0,2025-06-09,0,0,0,0.6621
I0021671,C02815,J0115,0.0,0.407,0.779,1,0.627,187,4488.0,2025-11-26,0,0,0,0.5814
I0037549,C00821,J0031,3.0,0.363,0.663,3,0.886,228,5472.0,2025-10-16,0,0,0,0.3859
I0014511,C02935,J0049,3.8,0.436,1.0,2,0.631,380,9120.0,2025-05-17,0,0,0,0.7256
I0045216,C00563,J0088,1.7,0.498,0.932,2,0.856,196,4704.0,2025-11-17,1,0,0,0.556
I0014148,C03566,J0097,7.7,0.702,0.504,1,0.65,107,2568.0,2026-02-14,0,0,0,0.7526
I0051989,C03202,J0095,1.1,0.776,0.37,3,0.582,121,2904.0,2026-01-31,0,0,0,0.503
I0035455,C01224,J0102,4.0,0.508,0.854,2,0.438,154,3696.0,2025-12-29,0,0,0,0.776
I0058878,C01444,J0126,7.0,0.523,0.578,2,0.635,96,2304.0,2026-02-25,0,0,0,0.7193
I0002780,C03668,J0091,3.7,0.713,0.507,2,0.409,42,1008.0,2026-04-20,0,0,0,0.5081
I0000848,C02881,J0113,2.1,0.618,0.989,1,0.579,258,6192.0,2025-09-16,0,0,0,0.8038
I0017294,C02582,J0132,7.0,0.685,0.531,3,0.612,340,8160.0,2025-06-26,0,0,0,0.7335
I0014766,C01703,J0097,1.9,0.733,0.381,1,0.65,120,2880.0,2026-02-01,0,0,0,0.5979
I0058891,C00821,J0101,3.0,0.363,0.663,2,0.588,376,9024.0,2025-05-21,0,0,0,0.5959
I0011300,C01616,J0003,3.5,0.554,0.682,1,0.462,34,816.0,2026-04-28,0,0,0,0.7035
I0026341,C00750,J0000,2.1,0.727,0.608,4,0.534,221,5304.0,2025-10-23,0,0,0,0.5878
I0049371,C03026,J0087,8.3,0.617,0.638,3,0.578,192,4608.0,2025-11-21,0,0,0,0.8097
I0000611,C00785,J0017,,0.51,0.558,2,0.748,87,2088.0,2026-03-06,0,0,0,0.5369
I0054425,C03630,J0047,0.1,0.434,0.555,2,0.575,308,7392.0,2025-07-28,0,0,0,0.5756
I0038809,C00302,J0012,4.1,0.6,0.476,1,0.468,144,3456.0,1970-01-01 00:00:00,0,0,0,0.6274
I0028434,C02843,J0005,3.6,0.226,0.655,1,0.566,325,7800.0,2025-07-11,0,0,0,0.5228
I0005564,C00019,J0097,0.0,0.444,0.708,1,0.65,101,2424.0,2026-02-20,0,0,0,0.5713
I0040119,C01839,J0030,0.0,0.439,0.807,2,1.0,70,1680.0,2026-03-23,0,0,0,0.3489
I0006247,C00685,J0010,3.1,0.559,0.587,4,0.566,28,672.0,2026-05-04,0,0,0,0.7299
I0035913,C03928,J0104,0.1,0.278,0.764,1,0.821,362,8688.0,2025-06-04,0,0,0,0.3512
I0019453,C03649,J0113,8.6,0.51,0.791,1,0.579,203,4872.0,2025-11-10,0,0,0,0.8367
I0050747,C03564,J0149,2.1,0.547,0.783,1,0.593,281,6744.0,2025-08-24,0,0,0,0.7407
I0010307,C02164,J0101,6.4,0.672,0.662,2,0.588,2,48.0,1970-01-01 00:00:00,1,0,0,0.7526
I0023143,C02479,J0069,0.0,0.616,0.624,2,0.698,355,8520.0,2025-06-11,0,0,0,0.635
I0015914,C03095,J0117,3.4,0.734,0.816,1,0.842,14,336.0,2026-05-18,0,0,0,0.7283
I0034041,C00586,J0058,5.0,0.517,0.662,1,0.519,314,7536.0,2025-07-22,0,0,0,0.7867
I0002359,C01321,J0094,3.1,0.516,0.721,2,0.625,286,6864.0,2025-08-19,0,0,0,0.6958
I0057456,C01842,J0010,5.2,0.548,0.794,4,0.566,180,4320.0,2025-12-03,1,0,0,0.816
I0051677,C00447,J0012,1.7,0.122,0.778,1,0.468,223,5352.0,2025-10-21,0,0,0,0.5211
I0017020,C03616,J0148,2.4,0.817,0.749,4,0.719,298,7152.0,2025-08-07,0,0,0,0.6996
I0003075,C01925,J0101,1.6,0.562,0.734,2,0.588,312,7488.0,2025-07-24,0,0,0,0.7326
I0018457,C03828,J0146,7.2,0.749,0.685,3,0.57,332,7968.0,2025-07-04,0,0,0,0.7056
I0034260,C00478,J0089,3.1,0.637,0.928,3,0.39,48,1152.0,2026-04-14,0,0,0,0.6568
I0058575,C00188,J0010,5.7,0.557,0.633,4,0.566,307,7368.0,2025-07-29,0,0,0,0.7854
I0051121,C00285,J0117,1.0,0.488,0.871,1,0.842,295,7080.0,2025-08-10,0,0,0,0.5298
I0019002,C01255,J0109,4.5,0.541,0.781,2,0.714,77,1848.0,2026-03-16,0,0,0,0.6912
I0012477,C03891,J0002,1.4,0.687,0.63,3,0.479,108,2592.0,2026-02-13,0,0,0,0.5715
I0006315,C03068,J0125,5.7,0.84,0.794,1,0.475,341,8184.0,2025-06-25,0,0,0,0.5799
I0038511,C02573,J0071,2.0,0.661,0.661,2,0.587,223,5352.0,2025-10-21,0,0,0,0.6849
I0008451,C00901,J0075,3.8,0.697,0.604,3,0.62,103,2472.0,2026-02-18,0,0,0,0.6972
I0019983,C03972,J0008,2.3,0.56,1.0,2,0.441,42,1008.0,2026-04-20,0,0,0,0.7538
I0034278,C00048,J0145,1.7,0.572,0.774,4,0.701,86,2064.0,2026-03-07,0,0,0,0.6729
I0001570,C00206,J0050,1.6,0.745,0.793,3,0.587,49,1176.0,2026-04-13,1,0,0,0.6561
I0053830,C00730,J0026,2.6,0.65,0.457,1,0.881,214,5136.0,2025-10-30,0,0,0,0.5269
I0013431,C00601,J0082,5.8,0.536,0.772,1,0.615,113,2712.0,2026-02-08,0,0,0,0.777
I0055618,C02722,J0024,5.0,0.695,1.0,1,0.346,379,9096.0,2025-05-18,0,0,0,0.6374
I0057167,C01475,J0140,5.1,0.622,0.642,1,0.66,293,7032.0,2025-08-12,0,0,0,0.7574
I0018598,C00627,J0049,5.1,0.485,0.814,2,0.631,355,8520.0,2025-06-11,0,0,0,0.7297
I0049474,C00729,J0037,0.9,0.732,0.717,2,0.622,289,6936.0,2025-08-16,0,0,0,0.6567
I0035966,C00626,J0023,4.0,0.62,0.912,2,0.472,14,336.0,2026-05-18,0,0,0,0.7373
I0050884,C02842,J0146,6.1,0.532,0.781,3,0.57,100,2400.0,2026-02-21,0,0,0,0.8135
I0042958,C03043,J0056,9.6,0.553,0.602,3,0.397,305,7320.0,2025-07-31,0,0,0,0.739
I0007989,C00694,J0012,3.8,0.489,0.833,1,0.468,263,6312.0,2025-09-11,0,0,0,0.8012
I0006692,C01718,J0019,5.2,0.055,0.496,1,0.693,106,2544.0,2026-02-15,0,0,0,0.2949
I0025546,C00337,J0071,3.9,0.518,0.935,2,0.587,327,7848.0,2025-07-09,0,0,0,0.7978
I0030905,C01431,J0074,7.4,0.661,0.646,1,0.343,57,1368.0,2026-04-05,0,0,0,0.6
I0025151,C03936,J0020,6.8,0.789,1.0,4,0.849,222,5328.0,2025-10-22,0,0,0,0.8716
I0042260,C00471,J0140,0.0,0.985,0.715,1,0.66,153,3672.0,2025-12-30,0,0,0,0.4894
I0035438,C01204,J0078,4.0,0.695,0.96,2,0.5,57,1368.0,2026-04-05,0,0,0,0.7177
I0032258,C02658,J0098,7.5,0.566,0.844,1,0.723,150,3600.0,2026-01-02,0,0,0,0.771
I0020718,C01739,J0005,1.5,0.791,0.917,1,0.566,2,48.0,2026-05-30,0,0,0,0.6422
I0046964,C01775,J0082,1.4,0.829,0.819,1,0.615,219,5256.0,2025-10-25,0,0,0,0.6206
I0056976,C01435,J0085,0.0,0.468,0.527,1,0.66,376,9024.0,2025-05-21,1,0,0,0.5301
I0044792,C01714,J0013,6.0,0.611,0.779,3,0.854,30,720.0,2026-05-02,0,0,0,0.6667
I0023080,C02699,J0007,3.8,0.88,0.9,3,0.673,295,7080.0,2025-08-10,0,0,0,0.689
I0037908,C00897,J0043,0.0,0.933,0.553,3,0.512,54,1296.0,2026-04-08,0,0,0,0.376
I0057931,C01302,J0043,5.1,0.591,0.855,3,0.512,386,9264.0,2025-05-11,0,0,0,0.7885
I0039639,C03122,J0118,3.5,0.416,0.456,2,0.57,235,5640.0,2025-10-09,0,0,0,0.5961
I0042683,C00336,J0131,4.7,0.63,0.716,2,0.716,43,1032.0,2026-04-19,0,0,0,0.7376
I0020664,C01120,J0140,6.5,0.679,0.689,1,0.66,364,8736.0,2025-06-02,0,0,0,0.8077
I0007027,C01180,J0096,0.0,0.259,0.509,3,0.799,62,1488.0,2026-03-31,0,0,0,0.2797
I0047300,C02609,J0120,1.4,0.66,0.61,2,0.522,81,1944.0,2026-03-12,0,0,0,0.6153
I0010815,C02770,J0144,5.6,0.793,0.683,2,0.591,73,1752.0,2026-03-20,0,0,0,0.6618
I0025427,C00306,J0128,3.6,0.342,0.632,3,0.677,330,7920.0,2025-07-06,0,0,0,0.5198
I0011296,C00496,J0087,3.8,0.636,0.767,3,0.578,190,4560.0,2025-11-23,0,0,0,0.7565
I0022909,C02623,J0139,3.1,0.519,0.988,2,0.561,234,5616.0,2025-10-10,0,0,0,0.8183
I0014518,C03096,J0109,1.7,0.643,0.812,2,0.714,119,2856.0,2026-02-02,0,0,0,0.7245
I0053961,C02197,J0129,4.5,0.219,0.488,1,0.574,336,8064.0,2025-06-30,0,0,0,0.4803
I0037925,C02131,J0143,6.3,0.619,0.646,1,0.714,16,384.0,2026-05-16,0,0,0,0.7386
I0058500,C00804,J0012,7.3,0.835,0.717,1,0.468,356,8544.0,2025-06-10,0,0,0,0.5838
I0040073,C02519,J0021,0.6,0.623,0.639,2,0.438,150,3600.0,2026-01-02,0,0,0,0.5768
I0038235,C02496,J0147,3.5,0.519,0.723,2,0.622,148,3552.0,2026-01-04,0,0,0,0.7073
I0027942,C01586,J0013,6.4,0.263,0.699,3,0.854,85,2040.0,2026-03-08,0,0,0,0.4056
I0019754,C01218,J0133,5.4,0.489,0.772,4,0.772,283,6792.0,2025-08-22,0,0,0,0.6264
I0025288,C01854,J0038,2.2,0.561,0.71,4,0.713,340,8160.0,2025-06-26,1,1,0,0.6471
I0011200,C00983,J0146,0.0,0.744,0.71,3,0.57,385,9240.0,2025-05-12,0,0,0,0.5944
I0030947,C00949,J0083,2.1,0.789,0.684,3,0.691,73,1752.0,2026-03-20,0,0,0,0.6762
I0020787,C01719,J0012,0.0,0.638,0.715,1,0.468,27,648.0,2026-05-05,0,0,0,0.5986
I0010577,C01042,J0084,7.4,0.86,0.683,4,0.431,242,5808.0,2025-10-02,0,0,0,0.5322
I0054729,C01353,J0119,6.7,0.608,0.671,1,0.541,399,9576.0,2025-04-28,0,0,0,0.7722
I0014443,C00194,J0014,1.7,0.358,0.553,1,0.37,237,5688.0,2025-10-07,0,0,0,0.6931
I0005977,C03092,J0003,0.0,0.617,0.889,1,0.462,269,6456.0,2025-09-05,0,0,0,0.6583
I0009561,C02019,J0020,6.7,0.856,0.656,4,0.849,33,792.0,2026-04-29,0,0,0,0.8102
I0034945,C00683,J0041,8.6,0.435,0.877,4,0.655,151,3624.0,2026-01-01,0,0,0,0.7545
I0001227,C01053,J0099,5.9,0.673,0.68,2,0.707,137,3288.0,2026-01-15,0,0,0,0.7844
I0012783,C00027,J0011,4.6,0.453,0.487,3,0.484,60,1440.0,2026-04-02,0,0,0,0.7101
I0008537,C02936,J0140,3.0,0.456,0.711,1,0.66,259,6216.0,2025-09-15,0,0,0,0.6243
I0000237,C03572,J0128,6.9,0.782,0.772,3,0.677,236,5664.0,2025-10-08,0,0,0,0.7772
I0034755,C01707,J0058,2.8,0.989,0.872,1,0.519,395,9480.0,2025-05-02,0,0,0,0.4788
I0025361,C00411,J0006,,0.706,0.93,3,0.665,55,1320.0,2026-04-07,1,0,0,0.9718
I0004252,C00581,J0104,3.0,0.237,0.74,1,0.821,188,4512.0,2025-11-25,0,0,0,0.3646
I0037286,C01211,J0087,6.0,0.436,0.558,3,0.578,254,6096.0,2025-09-20,0,0,0,0.6756
I0013688,C00581,J0103,3.0,0.237,0.74,4,0.476,182,4368.0,2025-12-01,0,0,0,0.6078
I0044202,C01783,J0029,2.9,0.808,0.683,1,0.913,386,9264.0,2025-05-11,0,0,0,0.6845
I0047986,C03092,J0116,0.0,0.617,0.889,4,0.696,391,9384.0,2025-05-06,0,0,0,0.7118
I0058023,C00121,J0093,4.6,0.626,0.671,3,0.757,156,3744.0,2025-12-27,0,0,0,0.6915
I0045908,C00104,J0105,6.1,0.63,0.718,3,0.544,194,4656.0,2025-11-19,0,0,0,0.7619
I0022348,C03772,J0021,3.1,0.641,0.807,2,0.438,332,7968.0,2025-07-04,0,0,0,0.6537
I0041944,C03583,J0044,3.4,0.675,0.697,2,0.579,275,6600.0,2025-08-30,0,0,0,0.7032
I0057459,C01382,J0009,5.4,0.463,0.437,3,0.437,136,3264.0,2026-01-16,0,0,0,0.7131
I0046734,C02968,J0050,1.4,0.497,0.636,3,0.587,337,8088.0,2025-06-29,0,0,0,0.6564
I0019777,C00595,J0054,6.4,0.31,0.837,2,0.727,230,5520.0,2025-10-14,0,0,0,0.5672
I0012792,C01568,J0135,1.4,0.339,0.7,3,0.587,276,6624.0,2025-08-29,0,0,0,0.5631
I0049194,C00670,J0109,2.6,0.928,0.833,2,0.714,112,2688.0,2026-02-09,0,0,0,0.6449
I0039663,C02511,J0117,3.7,0.959,0.605,1,0.842,354,8496.0,2025-06-12,0,0,0,0.6676
I0044758,C01280,J0020,4.3,0.546,0.698,4,0.849,150,3600.0,2026-01-02,0,0,0,0.5728
I0010064,C00858,J0087,1.0,0.687,0.819,3,0.578,179,4296.0,2025-12-04,0,0,0,0.6879
I0036601,C01645,J0094,2.1,0.507,0.605,2,0.625,211,5064.0,2025-11-02,0,0,0,0.6398
I0059307,C00180,J0023,2.7,0.691,0.56,2,0.472,296,7104.0,2025-08-09,0,0,0,0.5661
I0012033,C02733,J0136,3.3,0.851,0.8,2,0.621,325,7800.0,2025-07-11,0,0,0,0.6361
I0006482,C01567,J0124,0.8,0.546,0.623,4,0.309,83,1992.0,2026-03-10,0,0,0,0.539
I0020349,C02570,J0009,,0.492,0.726,3,0.437,317,7608.0,2025-07-19,0,0,0,0.7234
I0025869,C00851,J0106,2.4,0.462,0.757,3,0.884,269,6456.0,2025-09-05,0,0,0,0.4734
I0046856,C03649,J0049,8.6,0.51,0.791,2,0.631,327,7848.0,2025-07-09,0,0,0,0.8001
I0038335,C01848,J0019,1.5,0.439,0.816,1,0.693,372,8928.0,2025-05-25,0,0,0,0.5933
I0046920,C03039,J0053,6.3,0.588,0.583,2,0.651,18,432.0,2026-05-14,0,0,0,0.7434
I0009405,C02766,J0109,10.0,0.55,0.739,2,0.714,363,8712.0,2025-06-03,1,0,0,0.7788
I0001856,C02101,J0133,5.2,0.754,0.687,4,0.772,113,2712.0,2026-02-08,0,0,0,0.7858
I0009618,C01912,J0031,2.9,0.512,0.952,3,0.886,32,768.0,2026-04-30,0,0,0,0.5707
I0043153,C00719,J0081,,0.363,0.95,2,0.644,69,1656.0,2026-03-24,0,0,0,0.6949
I0007414,C00067,J0028,4.9,0.574,0.627,3,0.898,126,3024.0,2026-01-26,0,0,0,0.5481
I0038554,C01678,J0138,2.3,0.814,0.662,2,0.343,230,5520.0,2025-10-14,0,0,0,0.4104
I0013905,C00184,J0051,1.7,0.738,0.667,3,0.624,201,4824.0,2025-11-12,0,0,0,0.6533
I0035485,C02215,J0059,3.2,0.76,0.72,2,0.808,253,6072.0,2025-09-21,0,0,0,0.7402
I0021512,C01267,J0148,,0.647,0.599,4,0.719,260,6240.0,2025-09-14,0,0,0,0.6925
I0050755,C02829,J0036,7.0,0.307,0.738,4,0.6,188,4512.0,2025-11-25,0,0,0,0.6368
I0041114,C00984,J0147,0.7,0.352,0.66,2,0.622,167,4008.0,2025-12-16,0,0,0,0.5245
I0048127,C01666,J0082,7.4,0.791,0.68,1,0.615,356,8544.0,2025-06-10,0,0,0,0.7097
I0024889,C02017,J0144,1.1,0.752,0.827,2,0.591,14,336.0,2026-05-18,0,0,0,0.6552
I0046671,C00822,J0025,3.5,0.733,0.707,3,0.501,212,5088.0,2025-11-01,0,0,0,0.6119
I0008426,C00626,J0028,4.0,0.62,0.912,3,0.898,33,792.0,2026-04-29,0,0,0,0.6457
I0048040,C00301,J0142,3.0,0.854,0.61,2,0.778,252,6048.0,2025-09-22,1,0,0,0.686
I0020744,C00089,J0088,3.3,0.336,0.876,2,0.856,119,2856.0,2026-02-02,0,0,0,0.4531
I0011578,C03882,J0080,2.6,0.483,0.528,1,0.569,390,9360.0,2025-05-07,0,0,0,0.6491
I0003661,C03268,J0114,5.3,0.611,0.663,4,0.554,329,7896.0,2025-07-07,0,0,0,0.7533
I0041828,C00675,J0066,7.9,0.361,0.957,2,0.752,29,696.0,2026-05-03,0,0,0,0.6447
I0003615,C02029,J0072,6.3,0.757,0.958,1,0.651,141,3384.0,2026-01-11,0,0,0,0.8188
I0030390,C00662,J0111,3.7,0.387,0.786,1,0.646,29,696.0,2026-05-03,1,0,0,0.6185
I0004810,C02131,J0069,6.3,0.619,0.646,2,0.698,230,5520.0,2025-10-14,0,0,0,0.7499
I0000295,C02506,J0146,0.0,0.574,0.599,3,0.57,250,6000.0,2025-09-24,0,0,0,0.6829
I0002574,C02369,J0039,8.9,0.452,0.792,1,0.53,248,5952.0,2025-09-26,0,0,0,0.8358
I0037135,C00857,J0147,5.1,0.655,0.8,2,0.622,182,4368.0,2025-12-01,0,0,0,0.8054
I0031929,C00595,J0143,6.4,0.31,0.837,1,0.714,286,6864.0,2025-08-19,0,0,0,0.5763
I0042455,C00146,J0003,5.7,0.537,0.304,1,0.462,127,3048.0,2026-01-25,0,0,0,0.6461
I0013835,C03355,J0036,2.7,0.832,0.754,4,0.6,217,5208.0,2025-10-27,0,0,0,0.6116
I0006199,C02122,J0077,5.0,0.664,0.866,4,0.837,80,1920.0,2026-03-13,0,0,0,0.7237
I0007687,C01898,J0098,1.1,0.523,0.646,1,0.723,77,1848.0,2026-03-16,0,0,0,0.5766
I0019632,C03185,J0062,2.4,0.285,0.57,4,0.382,114,2736.0,2026-02-07,0,0,0,0.6498
I0046039,C00267,J0072,2.5,0.352,0.789,1,0.651,381,9144.0,2025-05-16,0,0,0,0.5708
I0000998,C01326,J0024,2.1,0.694,0.832,1,0.346,93,2232.0,2026-02-28,0,0,0,0.5417
I0022287,C03472,J0072,3.8,0.429,0.725,1,0.651,394,9456.0,2025-05-03,0,0,0,0.6291
I0006930,C02726,J0001,4.2,0.603,0.836,3,0.47,395,9480.0,2025-05-02,0,0,0,0.7299
I0038933,C02215,J0042,3.2,0.76,0.72,3,0.496,260,6240.0,2025-09-14,0,0,0,0.5879
I0023085,C00092,J0081,4.8,0.667,0.704,2,0.644,382,9168.0,2025-05-15,0,0,0,0.7803
I0058646,C00398,J0107,4.8,0.317,0.566,2,0.389,13,312.0,2026-05-19,0,0,0,0.7069
I0057151,C02970,J0148,4.0,0.686,0.859,4,0.719,291,6984.0,2025-08-14,0,0,0,0.8035
I0026343,C01070,J0079,7.4,0.198,0.614,2,0.518,361,8664.0,2025-06-05,1,0,0,0.5896
I0050891,C02126,J0088,3.1,0.45,0.831,2,0.856,307,7368.0,2025-07-29,0,0,0,0.5174
I0016330,C03368,J0093,10.5,0.939,0.395,3,0.757,111,2664.0,2026-02-10,0,0,0,0.6776
I0059396,C02187,J0105,7.1,0.616,0.491,3,0.544,138,3312.0,2026-01-14,1,0,0,0.7247
I0048711,C03445,J0143,4.2,0.816,0.667,1,0.714,330,7920.0,2025-07-06,0,0,0,0.7041
I0010999,C01701,J0107,5.4,0.566,0.78,2,0.389,20,480.0,2026-05-12,1,0,0,0.7034
I0057797,C00001,J0018,0.0,0.093,0.712,4,0.73,64,1536.0,2026-03-29,0,0,0,0.2686
I0011625,C00191,J0137,3.3,0.956,0.634,1,0.69,339,8136.0,2025-06-27,0,0,0,0.5639
I0025468,C01826,J0057,3.0,0.573,0.762,2,0.372,236,5664.0,2025-10-08,1,1,0,0.6408
I0016969,C02669,J0031,0.0,0.705,0.661,3,0.886,306,7344.0,2025-07-30,0,0,0,0.5756
I0058154,C02327,J0006,3.3,0.437,0.831,3,0.665,42,1008.0,1970-01-01 00:00:00,0,0,0,0.6463
I0038555,C01118,J0014,3.6,0.705,0.602,1,0.37,10,240.0,2026-05-22,0,0,0,0.5113
I0049732,C00198,J0077,0.0,0.742,0.572,4,0.837,241,5784.0,2025-10-03,0,0,0,0.6112
I0052061,C00242,J0081,2.8,0.678,0.666,2,0.644,186,4464.0,2025-11-27,0,0,0,0.728
I0028594,C00294,J0081,5.6,0.699,1.0,2,0.644,319,7656.0,2025-07-17,0,0,0,0.8548
I0052286,C01373,J0065,5.1,0.33,0.535,2,0.74,326,7824.0,2025-07-10,0,0,0,0.465
I0006757,C01912,J0078,2.9,0.512,0.952,2,0.5,146,3504.0,2026-01-06,0,0,0,0.8259
I0054992,C00273,J0144,4.2,0.277,0.529,2,0.591,240,5760.0,2025-10-04,0,0,0,0.5157
I0043731,C01783,J0127,2.9,0.808,0.683,3,0.595,158,3792.0,2025-12-25,0,0,0,0.6083
I0053501,C01880,J0015,1.8,0.801,0.809,2,0.903,104,2496.0,2026-02-17,0,0,0,0.7035
I0048743,C02843,J0111,3.6,0.226,0.655,1,0.646,214,5136.0,2025-10-30,0,0,0,0.4664
I0035530,C01729,J0080,7.5,0.497,0.907,1,0.569,297,7128.0,2025-08-08,0,0,0,0.8487
I0055477,C00289,J0105,0.0,0.341,0.685,3,0.544,221,5304.0,2025-10-23,0,0,0,0.5669
I0017954,C02512,J0120,3.9,0.719,0.909,2,0.522,189,4536.0,2025-11-24,0,0,0,0.7003
I0007822,C00140,J0129,3.5,0.82,0.898,1,0.574,354,8496.0,2025-06-12,1,0,0,0.6559
I0027778,C01480,J0103,1.2,0.677,0.891,4,0.476,340,8160.0,2025-06-26,0,0,0,0.6467
I0032823,C02204,J0142,4.4,0.57,0.922,2,0.778,74,1776.0,2026-03-19,0,0,0,0.7046
I0010189,C02045,J0029,5.3,0.804,0.646,1,0.913,314,7536.0,2025-07-22,0,0,0,0.7118
I0021648,C03078,J0074,0.7,0.975,0.956,1,0.343,351,8424.0,2025-06-15,0,0,0,0.3527
I0038468,C03149,J0063,2.3,0.753,0.852,4,0.497,308,7392.0,2025-07-28,0,0,0,0.6155
I0039793,C00117,J0095,1.1,0.723,0.879,3,0.582,338,8112.0,2025-06-28,0,0,0,0.6839
I0001978,C02707,J0116,5.7,0.736,0.684,4,0.696,308,7392.0,2025-07-28,0,0,0,0.778
I0026247,C02455,J0059,4.1,0.629,0.666,2,0.808,55,1320.0,2026-04-07,1,0,0,0.6478
I0045974,C00003,J0072,11.3,0.548,0.739,1,0.651,22,528.0,2026-05-10,0,0,0,0.8438
I0052943,C02744,J0148,,0.525,0.724,4,0.719,335,8040.0,2025-07-01,0,0,0,0.6096
I0042326,C00691,J0076,9.7,0.543,1.0,4,0.695,391,9384.0,2025-05-06,0,0,0,0.8558
I0053014,C01035,J0080,1.7,0.918,0.718,1,0.569,20,480.0,2026-05-12,1,0,0,0.502
I0040971,C00309,J0095,5.4,0.38,0.743,3,0.582,72,1728.0,2026-03-21,0,0,0,0.6753
I0013373,C00050,J0104,2.1,0.735,1.0,1,0.821,123,2952.0,2026-01-29,0,0,0,0.7737
I0011948,C00264,J0113,4.2,0.535,0.749,1,0.579,325,7800.0,2025-07-11,0,0,0,0.7681
I0020251,C03050,J0143,1.8,0.62,0.743,1,0.714,250,6000.0,2025-09-24,0,0,0,0.6905
I0044304,C00194,J0133,1.7,0.358,0.553,4,0.772,348,8352.0,2025-06-18,0,0,0,0.4097
I0058036,C02821,J0141,0.0,0.374,0.971,3,0.672,174,4176.0,2025-12-09,0,0,0,0.5806
I0032518,C03679,J0123,1.1,0.441,0.917,3,0.315,151,3624.0,2026-01-01,0,0,0,0.7052
I0043092,C01891,J0038,5.2,0.351,0.486,4,0.713,138,3312.0,2026-01-14,0,0,0,0.4867
I0022976,C01839,J0128,0.0,0.439,0.807,3,0.677,387,9288.0,2025-05-10,0,0,0,0.5766
I0028540,C02704,J0007,3.8,0.868,0.586,3,0.673,11,264.0,2026-05-21,0,0,0,0.6089
I0008880,C02895,J0006,5.8,0.487,0.823,3,0.665,184,4416.0,2025-11-29,0,0,0,0.7216
I0058216,C01097,J0075,0.0,1.0,0.902,3,0.62,265,6360.0,2025-09-09,0,0,0,0.5033
I0005920,C01807,J0020,3.3,0.768,0.676,4,0.849,383,9192.0,2025-05-14,0,0,0,0.7062
I0032909,C00967,J0091,2.7,0.393,0.606,2,0.409,181,4344.0,2025-12-02,1,0,0,0.7221
I0001718,C02737,J0009,4.1,0.876,0.801,3,0.437,84,2016.0,2026-03-09,0,0,0,0.5026
I0000914,C00108,J0071,8.5,0.718,0.805,2,0.587,315,7560.0,2025-07-21,0,0,0,0.7953
I0012899,C02504,J0041,1.0,0.746,0.875,4,0.655,347,8328.0,2025-06-19,1,0,0,0.7163
I0053650,C02169,J0078,1.3,0.905,0.538,2,0.5,267,6408.0,2025-09-07,0,0,0,0.405
I0028279,C00090,J0117,2.1,0.685,0.61,1,0.842,40,960.0,2026-04-22,0,0,0,0.6137
I0005784,C03688,J0138,4.0,0.358,0.816,2,0.343,185,4440.0,2025-11-28,0,0,0,0.804
I0053729,C02389,J0099,4.3,0.373,0.501,2,0.707,374,8976.0,2025-05-23,0,0,0,0.4954
I0047402,C03855,J0038,5.4,0.402,0.862,4,0.713,203,4872.0,2025-11-10,0,0,0,0.632
I0010675,C02896,J0149,6.0,0.505,0.69,1,0.593,2,48.0,2026-05-30,0,0,0,0.7509
I0016612,C03131,J0045,,0.6,0.77,4,0.544,237,5688.0,2025-10-07,1,1,0,0.6962
I0017871,C03879,J0059,5.8,0.893,0.685,2,0.808,361,8664.0,2025-06-05,0,0,0,0.7482
I0024349,C01395,J0058,7.6,0.587,0.862,1,0.519,320,7680.0,2025-07-16,0,0,0,0.8405
I0016825,C00862,J0057,4.6,0.511,0.924,2,0.372,33,792.0,2026-04-29,0,0,0,0.7572
I0009035,C00791,J0097,,0.327,0.694,1,0.65,154,3696.0,2025-12-29,1,0,0,0.5525
I0031327,C01807,J0063,3.3,0.768,0.676,4,0.497,163,3912.0,2025-12-20,0,0,0,0.5723
I0037987,C00435,J0149,2.5,0.483,0.537,1,0.593,285,6840.0,2025-08-20,0,0,0,0.633
I0030056,C01548,J0066,0.0,0.515,0.668,2,0.752,188,4512.0,2025-11-25,0,0,0,0.5381
I0043567,C03148,J0004,11.8,0.626,0.904,2,0.655,237,5688.0,2025-10-07,0,0,0,0.9509
I0020212,C02060,J0125,4.4,0.532,0.645,1,0.475,38,912.0,2026-04-24,0,0,0,0.733
I0035444,C00612,J0119,0.8,0.492,0.51,1,0.541,279,6696.0,2025-08-26,0,0,0,0.6396
I0052173,C02500,J0146,0.6,0.806,0.755,3,0.57,192,4608.0,2025-11-21,0,0,0,0.5735
I0049588,C00225,J0136,3.8,0.408,0.674,2,0.621,387,9288.0,2025-05-10,0,0,0,0.621
I0040959,C02373,J0004,11.7,0.427,0.849,2,0.655,313,7512.0,2025-07-23,0,0,0,0.7935
I0042201,C02742,J0063,6.5,0.136,0.827,4,0.497,207,4968.0,2025-11-06,0,0,0,0.6055
I0033876,C00088,J0133,7.0,1.0,0.731,4,0.772,28,672.0,2026-05-04,1,0,0,0.6807
I0000114,C00611,J0110,0.0,0.681,0.858,2,0.549,61,1464.0,2026-04-01,1,0,0,0.6657
I0018163,C01411,J0126,4.8,0.121,0.7,2,0.635,189,4536.0,2025-11-24,0,0,0,0.4331
I0029180,C00950,J0006,2.4,0.514,0.654,3,0.665,218,5232.0,2025-10-26,0,0,0,0.6354
I0011716,C03577,J0117,5.0,0.325,0.861,1,0.842,28,672.0,1970-01-01 00:00:00,0,0,0,0.4798
I0029909,C03792,J0120,2.5,0.481,0.75,2,0.522,165,3960.0,2025-12-18,0,0,0,0.7417
I0015278,C00503,J0143,3.6,0.738,0.644,1,0.714,95,2280.0,2026-02-26,0,0,0,0.7424
I0053721,C02894,J0059,3.6,0.496,0.871,2,0.808,54,1296.0,2026-04-08,0,0,0,0.6034
I0023646,C03078,J0125,0.7,0.975,0.956,1,0.475,168,4032.0,2025-12-15,0,0,0,0.4458
I0034128,C01399,J0105,3.1,0.569,0.716,3,0.544,12,288.0,2026-05-20,0,0,0,0.7536
I0037587,C02042,J0124,0.0,0.567,0.927,4,0.309,5,120.0,2026-05-27,0,0,0,0.5964
I0000586,C00186,J0108,5.7,0.34,0.808,4,0.437,159,3816.0,2025-12-24,0,0,0,0.7727
I0010439,C01287,J0076,6.8,0.541,0.566,4,0.695,51,1224.0,2026-04-11,0,0,0,0.6829
I0027548,C00737,J0025,1.5,0.534,0.701,3,0.501,78,1872.0,2026-03-15,0,0,0,0.7166
I0045025,C01271,J0011,2.0,0.801,0.6,3,0.484,389,9336.0,2025-05-08,0,0,0,0.4964
I0032941,C01125,J0006,3.8,0.835,0.89,3,0.665,389,9336.0,2025-05-08,0,0,0,0.7123
I0031176,C00748,J0097,1.4,0.374,0.852,1,0.65,210,5040.0,2025-11-03,0,0,0,0.5862
I0041666,C02663,J0077,7.8,0.456,0.809,4,0.837,383,9192.0,2025-05-14,0,0,0,0.6083
I0013793,C01022,J0061,6.1,0.778,0.555,1,0.484,94,2256.0,2026-02-27,0,0,0,0.5693
I0030789,C02402,J0104,5.7,0.568,0.719,1,0.821,138,3312.0,2026-01-14,0,0,0,0.6377
I0022827,C03660,J0039,7.8,0.642,0.656,1,0.53,337,8088.0,2025-06-29,0,0,0,0.7548
I0047836,C00616,J0047,7.1,0.91,0.709,2,0.575,8,192.0,2026-05-24,0,0,0,0.6007
I0031291,C03438,J0146,7.9,0.419,0.617,3,0.57,397,9528.0,2025-04-30,1,0,0,0.718
I0047944,C02630,J0145,3.3,0.519,1.0,4,0.701,294,7056.0,2025-08-11,0,0,0,0.7263
I0036139,C01420,J0112,5.6,0.228,0.7,2,0.583,151,3624.0,2026-01-01,0,0,0,0.5587
I0054903,C03861,J0105,3.8,0.582,0.808,3,0.544,208,4992.0,2025-11-05,0,0,0,0.7822
I0033609,C03949,J0141,,0.623,0.731,3,0.672,80,1920.0,2026-03-13,0,0,0,0.7561
I0012544,C01277,J0027,4.7,0.422,0.671,1,0.574,78,1872.0,2026-03-15,0,0,0,0.6784
I0036344,C00926,J0118,0.0,0.369,0.646,2,0.57,8,192.0,2026-05-24,0,0,0,0.5573
I0043623,C03295,J0081,4.2,0.369,0.996,2,0.644,27,648.0,2026-05-05,1,0,0,0.6749
I0040575,C02721,J0040,2.0,0.811,0.512,1,0.393,342,8208.0,2025-06-24,0,0,0,0.4004
I0046325,C02967,J0053,6.3,0.528,0.657,2,0.651,159,3816.0,2025-12-24,1,0,0,0.722
I0032589,C02434,J0090,,0.918,0.729,3,0.558,2,48.0,2026-05-30,0,0,0,0.5684
I0042993,C00726,J0068,4.9,0.47,0.808,2,0.713,184,4416.0,2025-11-29,0,0,0,0.6563
I0032098,C00031,J0100,8.4,0.754,0.984,1,0.169,280,6720.0,2025-08-25,0,0,0,0.524
I0027417,C03784,J0036,0.6,0.825,0.649,4,0.6,345,8280.0,2025-06-21,0,0,0,0.5514
I0011037,C00275,J0052,11.1,0.709,0.707,4,0.406,363,8712.0,2025-06-03,0,0,0,0.6904
I0001710,C00669,J0003,0.0,0.606,0.709,1,0.462,76,1824.0,2026-03-17,0,0,0,0.6153
I0042104,C02811,J0020,3.9,0.675,0.834,4,0.849,46,1104.0,2026-04-16,0,0,0,0.6953
I0009785,C00033,J0097,3.1,0.706,0.829,1,0.65,34,816.0,2026-04-28,0,0,0,0.7636
I0001005,C03036,J0120,4.4,0.317,0.588,2,0.522,93,2232.0,2026-02-28,0,0,0,0.6126
I0055803,C00849,J0000,6.6,0.843,0.579,4,0.534,226,5424.0,2025-10-18,0,0,0,0.5739
I0042228,C02480,J0115,2.4,0.632,0.541,1,0.627,206,4944.0,2025-11-07,0,0,0,0.7065
I0027092,C00225,J0027,3.8,0.408,0.674,1,0.574,231,5544.0,2025-10-13,0,0,0,0.6542
I0031252,C00419,J0070,5.4,0.648,1.0,3,0.423,24,576.0,2026-05-08,0,0,0,0.7316
I0035023,C02852,J0019,6.7,0.711,0.925,1,0.693,345,8280.0,2025-06-21,0,0,0,0.8783
I0056733,C03201,J0096,5.7,0.852,0.932,3,0.799,174,4176.0,2025-12-09,0,0,0,0.8387
I0028094,C00693,J0004,4.1,0.765,0.534,2,0.655,285,6840.0,2025-08-20,0,0,0,0.6592
I0053127,C03323,J0062,7.2,0.621,0.623,4,0.382,56,1344.0,2026-04-06,0,0,0,0.6458
I0016625,C01686,J0063,5.4,0.519,0.71,4,0.497,278,6672.0,2025-08-27,0,0,0,0.7929
I0017418,C02228,J0052,0.8,0.399,0.61,4,0.406,139,3336.0,2026-01-13,0,0,0,0.6974
I0042482,C02217,J0003,0.0,0.332,0.695,1,0.462,39,936.0,2026-04-23,0,0,0,0.6212
I0038854,C03101,J0136,3.5,0.663,0.631,2,0.621,322,7728.0,2025-07-14,0,0,0,0.7244
I0019460,C00338,J0140,4.6,0.645,0.686,1,0.66,164,3936.0,2025-12-19,0,0,0,0.7775
I0036938,C01767,J0005,2.5,0.489,0.98,1,0.566,171,4104.0,2025-12-12,0,0,0,0.7812
I0042666,C01385,J0041,11.3,0.273,0.912,4,0.655,49,1176.0,2026-04-13,0,0,0,0.6959
I0011396,C02706,J0068,9.1,0.701,0.84,2,0.713,99,2376.0,2026-02-22,0,0,0,0.8992
I0014902,C03682,J0117,1.1,0.839,0.533,1,0.842,265,6360.0,2025-09-09,0,0,0,0.6836
I0034175,C03169,J0101,3.0,0.637,0.979,2,0.588,264,6336.0,2025-09-10,0,0,0,0.8091
I0050177,C01727,J0104,0.0,0.599,1.0,1,0.821,64,1536.0,2026-03-29,0,0,0,0.6423
I0049136,C01319,J0077,3.2,0.437,0.901,4,0.837,29,696.0,2026-05-03,0,0,0,0.5431
I0057405,C00840,J0009,0.8,0.594,0.697,3,0.437,386,9264.0,2025-05-11,0,0,0,0.6162
I0032387,C01302,J0065,,0.591,0.855,2,0.74,81,1944.0,2026-03-12,0,0,0,0.7392
I0049259,C01482,J0092,8.8,0.538,0.727,4,0.623,166,3984.0,1970-01-01 00:00:00,0,0,0,0.8108
I0047853,C00834,J0107,3.7,0.295,0.96,2,0.389,166,3984.0,2025-12-17,1,0,0,0.7839
I0040017,C03235,J0023,6.7,0.939,0.946,2,0.472,389,9336.0,2025-05-08,0,0,0,0.5677
I0005115,C02159,J0006,6.2,0.402,0.695,3,0.665,281,6744.0,2025-08-24,0,0,0,0.6323
I0037793,C00150,J0052,5.8,0.904,0.681,4,0.406,170,4080.0,2025-12-13,0,0,0,0.4559
I0015190,C03607,J0017,3.6,0.612,0.505,2,0.748,66,1584.0,2026-03-27,0,0,0,0.6243
I0058167,C00311,J0027,2.8,0.705,0.591,1,0.574,296,7104.0,2025-08-09,0,0,0,0.6385
I0016742,C01641,J0046,1.0,0.507,0.714,3,0.767,165,3960.0,2025-12-18,0,0,0,0.5518
I0007117,C00433,J0058,,0.594,0.541,1,0.519,369,8856.0,2025-05-28,0,0,0,0.7417
I0003037,C00574,J0087,5.3,0.639,0.867,3,0.578,185,4440.0,2025-11-28,0,0,0,0.808
I0019688,C00452,J0025,5.1,0.435,0.778,3,0.501,223,5352.0,2025-10-21,1,0,0,0.776
I0046183,C00123,J0069,2.6,0.661,0.863,2,0.698,179,4296.0,2025-12-04,0,0,0,0.7781
I0007982,C02681,J0086,4.1,0.612,1.0,3,0.489,380,9120.0,2025-05-17,0,0,0,0.7815
I0011275,C03812,J0108,0.1,0.358,0.819,4,0.437,230,5520.0,2025-10-14,0,0,0,0.6938
I0024834,C00729,J0136,0.9,0.732,0.717,2,0.621,387,9288.0,2025-05-10,0,0,0,0.656
I0014894,C03667,J0047,3.4,0.641,1.0,2,0.575,376,9024.0,2025-05-21,0,0,0,0.8098
I0040986,C01098,J0130,0.0,0.697,0.852,1,0.81,123,2952.0,2026-01-29,0,0,0,0.6774
I0056518,C00005,J0057,0.0,0.262,0.698,2,0.372,201,4824.0,2025-11-12,0,0,0,0.6361
I0058362,C00350,J0070,8.5,0.639,1.0,3,0.423,346,8304.0,2025-06-20,0,0,0,0.7904
I0011436,C02654,J0021,5.4,0.457,0.48,2,0.438,81,1944.0,2026-03-12,0,0,0,0.7302
I0040607,C02646,J0063,2.0,0.535,1.0,4,0.497,312,7488.0,2025-07-24,0,0,0,0.8059
I0021960,C01202,J0123,3.4,0.709,0.62,3,0.315,116,2784.0,2026-02-05,0,0,0,0.4715
I0048872,C03909,J0035,0.9,0.906,0.764,4,0.644,258,6192.0,2025-09-16,0,0,0,0.5628
I0058178,C02751,J0141,0.0,0.66,0.959,3,0.672,299,7176.0,2025-08-06,0,0,0,0.7788
I0048977,C03416,J0092,8.0,0.64,0.743,4,0.623,291,6984.0,2025-08-14,1,0,0,0.8497
I0011373,C00160,J0052,3.7,0.727,0.664,4,0.406,267,6408.0,2025-09-07,0,0,0,0.5404
I0034922,C00712,J0123,0.7,0.808,0.838,3,0.315,107,2568.0,2026-02-14,0,0,0,0.4175
I0006362,C03760,J0045,6.8,0.815,0.806,4,0.544,163,3912.0,2025-12-20,0,0,0,0.6681
I0031112,C02014,J0123,12.1,0.412,0.804,3,0.315,144,3456.0,2026-01-08,0,0,0,0.8799
I0048498,C02105,J0101,4.1,0.749,0.803,2,0.588,99,2376.0,2026-02-22,0,0,0,0.6991
I0018273,C03842,J0061,1.9,0.599,0.874,1,0.484,64,1536.0,2026-03-29,0,0,0,0.7144
I0019081,C03926,J0055,7.6,0.534,0.856,3,0.749,387,9288.0,2025-05-10,0,0,0,0.7352
I0049208,C02043,J0066,6.1,0.809,1.0,2,0.752,15,360.0,2026-05-17,0,0,0,0.8618
I0036822,C03585,J0102,0.0,0.499,0.583,2,0.438,69,1656.0,2026-03-24,0,0,0,0.6382
I0009932,C00805,J0043,1.4,0.618,1.0,3,0.512,82,1968.0,2026-03-11,0,0,0,0.7478
I0017299,C02955,J0110,4.2,0.838,0.742,2,0.549,311,7464.0,2025-07-25,0,0,0,0.5934
I0001318,C03059,J0148,0.3,0.398,0.632,4,0.719,249,5976.0,2025-09-25,0,0,0,0.4738
I0000410,C03332,J0019,7.3,0.54,0.939,1,0.693,381,9144.0,2025-05-16,0,0,0,0.7973
I0015602,C00332,J0012,4.1,0.364,0.661,1,0.468,177,4248.0,2025-12-06,1,0,0,0.6993
I0039781,C00239,J0109,10.0,0.551,0.41,2,0.714,192,4608.0,2025-11-21,0,0,0,0.6867
I0038312,C03442,J0063,8.1,0.543,0.826,4,0.497,191,4584.0,2025-11-22,1,1,0,0.8544
I0040383,C03846,J0015,4.9,0.78,0.563,2,0.903,219,5256.0,2025-10-25,1,1,0,0.6718
I0010036,C02821,J0125,0.0,0.374,0.971,1,0.475,300,7200.0,2025-08-05,0,0,0,0.7194
I0019224,C03179,J0129,2.1,0.454,0.682,1,0.574,107,2568.0,2026-02-14,1,0,0,0.6601
I0057505,C00328,J0054,4.6,0.515,0.871,2,0.727,284,6816.0,2025-08-21,1,0,0,0.6908
I0012619,C02250,J0135,0.9,0.577,0.876,3,0.587,46,1104.0,2026-04-16,0,0,0,0.772
I0051856,C00118,J0054,2.1,0.789,0.697,2,0.727,40,960.0,2026-04-22,0,0,0,0.7052
I0023571,C00024,J0105,5.1,0.78,0.665,3,0.544,106,2544.0,2026-02-15,0,0,0,0.6243
I0010029,C03206,J0090,0.0,0.464,0.859,3,0.558,58,1392.0,2026-04-04,0,0,0,0.6928
I0023568,C03063,J0123,8.3,0.129,0.503,3,0.315,101,2424.0,2026-02-20,0,0,0,0.668
I0023180,C01361,J0041,1.7,0.592,0.766,4,0.655,237,5688.0,2025-10-07,0,0,0,0.7172
I0024334,C03776,J0025,1.8,0.221,0.631,3,0.501,317,7608.0,2025-07-19,0,0,0,0.5278
I0055708,C01227,J0002,3.0,0.564,0.694,3,0.479,313,7512.0,2025-07-23,0,0,0,0.7034
I0037717,C01814,J0087,4.1,0.19,0.939,3,0.578,366,8784.0,2025-05-31,0,0,0,0.5775
I0059161,C03239,J0064,5.7,0.621,0.655,1,0.487,135,3240.0,2026-01-17,0,0,0,0.7035
I0012024,C00161,J0050,0.0,0.876,1.0,3,0.587,122,2928.0,2026-01-30,0,0,0,0.5951
I0057880,C02957,J0143,5.4,0.378,0.865,1,0.714,185,4440.0,2025-11-28,0,0,0,0.6153
I0012909,C02041,J0065,13.6,0.51,0.736,2,0.74,76,1824.0,2026-03-17,0,0,0,0.7923
I0005360,C02765,J0118,0.0,0.741,0.978,2,0.57,347,8328.0,2025-06-19,0,0,0,0.6721
I0036512,C02467,J0044,4.4,0.727,1.0,2,0.579,395,9480.0,2025-05-02,0,0,0,0.7689
I0008919,C01583,J0136,0.0,0.597,0.746,2,0.621,324,7776.0,2025-07-12,0,0,0,0.7103
I0045461,C01867,J0136,5.0,0.648,1.0,2,0.621,393,9432.0,1970-01-01 00:00:00,0,0,0,0.8644
I0001491,C00737,J0014,1.5,0.534,0.701,1,0.37,305,7320.0,2025-07-31,0,0,0,0.6243
I0004976,C01111,J0120,,0.485,0.76,2,0.522,171,4104.0,2025-12-12,1,0,0,0.8184
I0041929,C02441,J0005,4.0,0.629,0.703,1,0.566,318,7632.0,2025-07-18,0,0,0,0.7383
I0013909,C00150,J0045,5.8,0.904,0.681,4,0.544,12,288.0,2026-05-20,0,0,0,0.5532
I0001632,C01135,J0061,0.0,0.497,0.648,1,0.484,66,1584.0,2026-03-27,0,0,0,0.6904
I0036626,C01352,J0015,5.6,0.715,0.58,2,0.903,237,5688.0,2025-10-07,0,0,0,0.6426
I0037736,C01700,J0127,4.7,0.914,0.985,3,0.595,109,2616.0,2026-02-12,0,0,0,0.6492
I0056878,C01562,J0054,3.1,0.731,0.769,2,0.727,314,7536.0,2025-07-22,0,0,0,0.7833
I0050079,C03456,J0004,3.9,0.305,0.633,2,0.655,354,8496.0,2025-06-12,0,0,0,0.5146
I0045136,C01124,J0109,,0.886,0.848,2,0.714,185,4440.0,2025-11-28,0,0,0,0.7667
I0057493,C02108,J0146,7.1,0.638,0.875,3,0.57,39,936.0,2026-04-23,0,0,0,0.8358
I0021227,C02795,J0100,8.8,0.799,0.747,1,0.169,266,6384.0,2025-09-08,0,0,0,0.4323
I0056725,C00195,J0145,9.6,0.867,0.775,4,0.701,195,4680.0,2025-11-18,0,0,0,0.7808
I0040845,C01049,J0148,0.0,0.808,0.723,4,0.719,299,7176.0,2025-08-06,0,0,0,0.658
I0024275,C00829,J0085,6.7,0.898,0.64,1,0.66,250,6000.0,2025-09-24,0,0,0,0.6429
I0035696,C00885,J0117,3.7,0.67,0.735,1,0.842,44,1056.0,2026-04-18,0,0,0,0.6654
I0049932,C00375,J0096,2.6,0.564,1.0,3,0.799,180,4320.0,2025-12-03,0,0,0,0.6771
I0012322,C00964,J0146,0.0,0.225,0.984,3,0.57,392,9408.0,2025-05-05,0,0,0,0.5511
I0025728,C01211,J0008,6.0,0.436,0.558,2,0.441,326,7824.0,2025-07-10,1,0,0,0.7722
I0059752,C02751,J0098,0.0,0.66,0.959,1,0.723,238,5712.0,2025-10-06,0,0,0,0.7428
I0039027,C00447,J0067,1.7,0.122,0.778,4,0.443,151,3624.0,2026-01-01,0,0,0,0.5387
I0043570,C01825,J0054,4.1,0.608,0.938,2,0.727,185,4440.0,2025-11-28,0,0,0,0.7668
I0053079,C00553,J0054,3.8,0.629,0.631,2,0.727,157,3768.0,2025-12-26,0,0,0,0.69
I0019235,C02089,J0062,8.8,0.617,0.791,4,0.382,317,7608.0,2025-07-19,0,0,0,0.7231
I0009804,C02650,J0064,2.6,0.637,0.704,1,0.487,61,1464.0,2026-04-01,0,0,0,0.6536
I0051010,C01702,J0133,6.8,0.335,0.734,4,0.772,187,4488.0,2025-11-26,1,0,0,0.5308
I0046410,C02190,J0043,7.0,1.0,0.666,3,0.512,341,8184.0,2025-06-25,0,0,0,0.4791
I0002273,C01240,J0087,4.0,0.616,0.658,3,0.578,294,7056.0,2025-08-11,0,0,0,0.7433
I0004155,C01800,J0049,4.5,0.46,0.91,2,0.631,269,6456.0,2025-09-05,0,0,0,0.729
I0018979,C00068,J0099,4.9,0.946,0.728,2,0.707,288,6912.0,2025-08-17,0,0,0,0.6365
I0052527,C03427,J0048,8.0,0.271,0.631,2,0.774,63,1512.0,2026-03-30,0,0,0,0.4755
I0053433,C03307,J0063,0.0,0.293,1.0,4,0.497,94,2256.0,2026-02-27,0,0,0,0.655
I0010539,C00629,J0120,4.9,1.0,0.777,2,0.522,362,8688.0,2025-06-04,0,0,0,0.4819
I0007162,C01731,J0071,5.8,0.706,0.647,2,0.587,264,6336.0,2025-09-10,0,0,0,0.7135
I0039048,C00654,J0041,,0.51,0.914,4,0.655,260,6240.0,2025-09-14,0,0,0,0.7569
I0043807,C00682,J0085,6.5,0.449,0.702,1,0.66,41,984.0,2026-04-21,1,0,0,0.676
I0058809,C03632,J0078,1.1,0.965,0.636,2,0.5,310,7440.0,2025-07-26,0,0,0,0.387
I0033112,C01600,J0108,4.5,0.593,0.564,4,0.437,280,6720.0,1970-01-01 00:00:00,0,0,0,0.642
I0045869,C03334,J0107,5.3,0.613,0.713,2,0.389,345,8280.0,2025-06-21,0,0,0,0.6497
I0032785,C02922,J0014,3.3,0.504,0.913,1,0.37,120,2880.0,2026-02-01,0,0,0,0.7357
I0058788,C01507,J0147,0.0,0.4,0.634,2,0.622,194,4656.0,2025-11-19,0,0,0,0.5391
I0036666,C01576,J0093,6.4,0.516,0.944,3,0.757,44,1056.0,2026-04-18,1,0,0,0.7214
I0034780,C02987,J0105,1.4,0.819,0.967,3,0.544,210,5040.0,2025-11-03,0,0,0,0.6193
I0038325,C02719,J0018,3.2,0.57,1.0,4,0.73,291,6984.0,2025-08-14,0,0,0,0.7402
I0048833,C00255,J0012,0.0,0.741,0.671,1,0.468,120,2880.0,2026-02-01,0,0,0,0.5136
I0011983,C00495,J0126,8.6,0.726,0.841,2,0.635,55,1320.0,2026-04-07,0,0,0,0.8353
I0044844,C01189,J0117,10.9,0.815,0.578,1,0.842,6,144.0,2026-05-26,0,0,0,0.8452
I0053767,C00499,J0028,4.7,0.267,0.781,3,0.898,98,2352.0,2026-02-23,0,0,0,0.3718
I0027996,C00899,J0086,2.2,0.547,0.949,3,0.489,123,2952.0,2026-01-29,0,0,0,0.7808
I0005148,C03508,J0086,3.3,0.207,0.969,3,0.489,112,2688.0,2026-02-09,0,0,0,0.6471
I0028165,C02657,J0141,,0.488,0.927,3,0.672,77,1848.0,2026-03-16,0,0,0,0.7467
I0028545,C01748,J0042,0.0,0.507,0.594,3,0.496,51,1224.0,2026-04-11,0,0,0,0.6766
I0005159,C01959,J0099,8.0,0.855,0.505,2,0.707,134,3216.0,2026-01-18,0,0,0,0.6903
I0034824,C02555,J0034,6.3,0.693,0.854,1,0.634,14,336.0,2026-05-18,0,0,0,0.8226
I0010613,C01856,J0043,3.0,0.785,0.867,3,0.512,21,504.0,2026-05-11,0,0,0,0.6196
I0055858,C02759,J0011,6.4,0.51,0.799,3,0.484,283,6792.0,2025-08-22,0,0,0,0.8321
I0030834,C01375,J0086,6.7,0.244,0.817,3,0.489,289,6936.0,2025-08-16,0,0,0,0.6879
I0059517,C00866,J0032,3.3,0.264,0.674,2,0.954,99,2376.0,2026-02-22,0,0,0,0.2763
I0011619,C03401,J0076,3.2,0.79,0.648,4,0.695,279,6696.0,2025-08-26,1,0,0,0.6867
I0002592,C00698,J0030,0.8,0.961,0.791,2,1.0,358,8592.0,2025-06-08,0,0,0,0.7259
I0038582,C02589,J0003,6.6,0.565,0.605,1,0.462,293,7032.0,2025-08-12,0,0,0,0.7265
I0031364,C00338,J0125,4.6,0.645,0.686,1,0.475,321,7704.0,2025-07-15,0,0,0,0.6683
I0034906,C02060,J0067,4.4,0.532,0.645,4,0.443,3,72.0,2026-05-29,0,0,0,0.7104
I0000095,C02594,J0148,12.4,0.472,0.79,4,0.719,321,7704.0,2025-07-15,0,0,0,0.7753
I0035432,C01508,J0129,5.8,0.561,0.592,1,0.574,64,1536.0,2026-03-29,0,0,0,0.7727
I0001580,C02604,J0145,5.2,0.7,0.663,4,0.701,72,1728.0,2026-03-21,0,0,0,0.7911
I0022281,C03780,J0113,4.8,0.976,0.425,1,0.579,35,840.0,2026-04-27,0,0,0,0.438
I0038190,C02999,J0125,4.1,0.615,0.542,1,0.475,306,7344.0,2025-07-30,0,0,0,0.6403
I0056501,C00165,J0066,8.2,0.639,0.818,2,0.752,151,3624.0,2026-01-01,0,0,0,0.8066
I0022648,C03618,J0129,2.6,0.851,0.971,1,0.574,35,840.0,2026-04-27,0,0,0,0.6394
I0046425,C02288,J0143,6.5,0.774,0.759,1,0.714,42,1008.0,2026-04-20,1,1,1,0.7985
I0059018,C03065,J0010,3.1,0.9,0.825,4,0.566,126,3024.0,2026-01-26,0,0,0,0.5665
I0049327,C02821,J0114,0.0,0.374,0.971,4,0.554,11,264.0,2026-05-21,1,0,0,0.6638
I0011917,C02244,J0059,0.5,0.752,0.623,2,0.808,149,3576.0,2026-01-03,0,0,0,0.6615
I0031605,C03852,J0040,4.4,0.794,0.937,1,0.393,120,2880.0,2026-02-01,0,0,0,0.5728
I0039798,C03784,J0122,0.6,0.825,0.649,2,0.704,50,1200.0,2026-04-12,0,0,0,0.6247
I0053755,C01705,J0063,8.4,0.914,0.691,4,0.497,240,5760.0,2025-10-04,0,0,0,0.5598
I0042850,C02800,J0050,6.4,0.71,0.612,3,0.587,250,6000.0,2025-09-24,0,0,0,0.711
I0009186,C03120,J0068,3.2,0.882,0.691,2,0.713,279,6696.0,2025-08-26,0,0,0,0.6467
I0035859,C00219,J0082,3.1,0.864,0.771,1,0.615,354,8496.0,2025-06-12,0,0,0,0.6112
I0029554,C00249,J0092,8.0,0.251,0.64,4,0.623,332,7968.0,2025-07-04,0,0,0,0.5704
I0058966,C02241,J0086,7.9,0.69,0.604,3,0.489,8,192.0,2026-05-24,0,0,0,0.6791
I0020230,C00220,J0127,3.4,0.772,0.756,3,0.595,250,6000.0,2025-09-24,1,0,0,0.6628
I0050376,C01086,J0047,5.3,0.601,0.843,2,0.575,130,3120.0,2026-01-22,0,0,0,0.8259
I0018885,C02590,J0074,5.4,1.0,0.515,1,0.343,362,8688.0,2025-06-04,0,0,0,0.2903
I0038188,C00321,J0060,6.7,0.621,0.637,1,0.633,133,3192.0,2026-01-19,0,0,0,0.8014
I0050560,C01945,J0049,0.0,0.713,0.709,2,0.631,327,7848.0,2025-07-09,0,0,0,0.659
I0042694,C03955,J0080,,0.779,0.82,1,0.569,283,6792.0,2025-08-22,0,0,0,0.6491
I0024573,C03270,J0120,5.9,0.884,0.393,2,0.522,167,4008.0,2025-12-16,0,0,0,0.4723
I0025950,C01736,J0033,7.4,0.756,0.695,1,0.649,193,4632.0,2025-11-20,0,0,0,0.7626
I0018106,C03530,J0044,1.8,0.758,0.719,2,0.579,27,648.0,2026-05-05,0,0,0,0.6239
I0044574,C01364,J0115,2.1,0.432,0.778,1,0.627,294,7056.0,2025-08-11,0,0,0,0.6343
I0043053,C01963,J0039,11.3,0.646,0.776,1,0.53,373,8952.0,2025-05-24,0,0,0,0.8451
I0036954,C03425,J0145,9.9,0.608,0.542,4,0.701,340,8160.0,2025-06-26,1,0,0,0.7716
I0013645,C00354,J0061,2.6,0.591,0.754,1,0.484,220,5280.0,2025-10-24,0,0,0,0.698
I0058412,C02914,J0100,11.0,0.598,0.703,1,0.169,347,8328.0,2025-06-19,1,1,0,0.5988
I0027434,C03542,J0126,0.0,1.0,0.787,2,0.635,136,3264.0,1970-01-01 00:00:00,0,0,0,0.4815
I0002541,C00950,J0115,2.4,0.514,0.654,1,0.627,39,936.0,2026-04-23,0,0,0,0.6622
I0055126,C03819,J0097,8.5,0.582,0.686,1,0.65,225,5400.0,2025-10-19,0,0,0,0.8061
I0031791,C00961,J0105,4.3,0.497,0.525,3,0.544,154,3696.0,2025-12-29,0,0,0,0.7045
I0037444,C03180,J0007,,0.844,0.635,3,0.673,107,2568.0,2026-02-14,0,0,0,0.6853
I0059458,C03509,J0036,1.7,0.432,0.589,4,0.6,147,3528.0,2026-01-05,0,0,0,0.5933
I0035279,C00128,J0026,10.6,0.574,0.719,1,0.881,244,5856.0,2025-09-30,0,0,0,0.6825
I0045441,C02104,J0116,6.3,0.68,0.604,4,0.696,307,7368.0,2025-07-29,0,0,0,0.7825
I0021887,C00496,J0046,3.8,0.636,0.767,3,0.767,47,1128.0,2026-04-15,0,0,0,0.7051
I0013863,C01075,J0058,9.7,0.641,0.722,1,0.519,171,4104.0,2025-12-12,0,0,0,0.7985
I0024764,C00975,J0018,3.2,0.915,0.758,4,0.73,343,8232.0,2025-06-23,0,0,0,0.6543
I0003003,C00706,J0109,2.3,0.619,0.883,2,0.714,309,7416.0,2025-07-27,0,0,0,0.7378
I0014064,C02681,J0135,4.1,0.612,1.0,3,0.587,100,2400.0,2026-02-21,0,0,0,0.8506
I0024637,C00725,J0071,,0.81,1.0,2,0.587,94,2256.0,2026-02-27,0,0,0,0.6501
I0054525,C00957,J0080,4.3,0.595,0.652,1,0.569,32,768.0,2026-04-30,1,0,0,0.7551
I0028825,C03565,J0028,2.1,0.566,0.597,3,0.898,136,3264.0,2026-01-16,0,0,0,0.4867
I0034950,C01991,J0035,5.4,0.49,0.796,4,0.644,348,8352.0,2025-06-18,0,0,0,0.7241
I0041067,C02019,J0096,6.7,0.856,0.656,3,0.799,305,7320.0,2025-07-31,0,0,0,0.775
I0021247,C00431,J0072,3.3,0.901,0.944,1,0.651,374,8976.0,2025-05-23,0,0,0,0.6626
I0052029,C00587,J0086,0.0,0.551,0.774,3,0.489,100,2400.0,2026-02-21,1,0,0,0.6914
I0002579,C03104,J0110,2.8,0.428,0.998,2,0.549,234,5616.0,2025-10-10,0,0,0,0.7603
I0014049,C00224,J0128,5.0,0.341,0.781,3,0.677,126,3024.0,2026-01-26,0,0,0,0.5848
I0036233,C01742,J0023,5.2,0.923,0.957,2,0.472,162,3888.0,2025-12-21,0,0,0,0.5567
I0021463,C00319,J0117,9.9,0.329,0.69,1,0.842,191,4584.0,2025-11-22,0,0,0,0.5173
I0042892,C02381,J0114,1.4,0.522,0.741,4,0.554,38,912.0,2026-04-24,0,0,0,0.7269
I0042100,C00362,J0045,0.2,0.696,0.716,4,0.544,331,7944.0,2025-07-05,0,0,0,0.615
I0025403,C03530,J0077,1.8,0.758,0.719,4,0.837,148,3552.0,2026-01-04,0,0,0,0.6943
I0001126,C03349,J0048,1.8,0.536,0.933,2,0.774,230,5520.0,2025-10-14,0,0,0,0.6426
I0006196,C03847,J0065,3.2,0.582,0.816,2,0.74,125,3000.0,2026-01-27,0,0,0,0.6897
I0016269,C02612,J0071,7.2,0.63,1.0,2,0.587,20,480.0,2026-05-12,0,0,0,0.8903
I0042189,C03979,J0130,0.0,0.431,0.629,1,0.81,323,7752.0,2025-07-13,0,0,0,0.427
I0034990,C02714,J0134,8.3,0.817,0.617,2,0.353,110,2640.0,2026-02-11,0,0,0,0.5042
I0027478,C01138,J0085,6.7,0.771,0.974,1,0.66,343,8232.0,2025-06-23,0,0,0,0.8266
I0049135,C00532,J0083,5.0,0.403,0.539,3,0.691,115,2760.0,2026-02-06,1,0,0,0.5504
I0050883,C03745,J0128,3.8,0.475,0.692,3,0.677,13,312.0,2026-05-19,0,0,0,0.6339
I0054294,C01072,J0125,5.8,0.692,0.78,1,0.475,161,3864.0,2025-12-22,0,0,0,0.6819
I0051511,C01507,J0073,0.0,0.4,0.634,2,0.624,116,2784.0,2026-02-05,0,0,0,0.5377
I0039260,C03225,J0014,2.7,0.336,0.582,1,0.37,315,7560.0,2025-07-21,0,0,0,0.7027
I0042902,C01010,J0068,4.8,0.557,0.724,2,0.713,191,4584.0,2025-11-22,0,0,0,0.6922
I0003940,C02095,J0145,5.8,0.543,0.777,4,0.701,248,5952.0,2025-09-26,0,0,0,0.7227
I0035493,C03716,J0139,1.5,0.813,0.549,2,0.561,394,9456.0,2025-05-03,0,0,0,0.5194
I0007511,C01443,J0090,4.9,0.683,0.64,3,0.558,289,6936.0,2025-08-16,0,0,0,0.6921
I0018577,C00039,J0034,0.0,0.608,0.75,1,0.634,105,2520.0,2026-02-16,0,0,0,0.71
I0018339,C03493,J0043,8.6,0.816,0.596,3,0.512,85,2040.0,2026-03-08,0,0,0,0.6161
I0038457,C02189,J0140,1.5,0.529,0.946,1,0.66,329,7896.0,2025-07-07,1,0,0,0.7166
I0056069,C02677,J0077,2.9,0.735,0.62,4,0.837,168,4032.0,2025-12-15,1,1,0,0.6688
I0049513,C02702,J0068,0.0,0.549,0.708,2,0.713,228,5472.0,2025-10-16,0,0,0,0.6009
I0036957,C02131,J0145,6.3,0.619,0.646,4,0.701,75,1800.0,2026-03-18,0,0,0,0.7478
I0054064,C01591,J0055,1.7,0.388,0.822,3,0.749,230,5520.0,2025-10-14,0,0,0,0.5229
I0012370,C01250,J0010,2.1,0.475,0.763,4,0.566,51,1224.0,2026-04-11,0,0,0,0.7034
I0020867,C02689,J0117,3.6,0.569,0.509,1,0.842,72,1728.0,2026-03-21,0,0,0,0.5288
I0009235,C01532,J0086,4.0,0.58,0.974,3,0.489,298,7152.0,2025-08-07,0,0,0,0.795
I0002322,C01140,J0107,4.0,0.684,0.733,2,0.389,256,6144.0,2025-09-18,0,0,0,0.5833
I0015528,C01350,J0116,0.0,0.278,0.946,4,0.696,198,4752.0,2025-11-15,0,0,0,0.4889
I0059501,C01871,J0121,2.2,0.234,1.0,3,0.82,272,6528.0,2025-09-02,0,0,0,0.423
I0023832,C03007,J0128,1.5,0.358,0.658,3,0.677,236,5664.0,2025-10-08,0,0,0,0.5029
I0040967,C01148,J0049,3.2,0.997,0.784,2,0.631,46,1104.0,2026-04-16,0,0,0,0.534
I0036146,C01278,J0054,5.8,0.713,0.766,2,0.727,141,3384.0,2026-01-11,1,1,0,0.8211
I0010023,C03832,J0079,2.2,0.914,0.666,2,0.518,203,4872.0,2025-11-10,0,0,0,0.4627
I0052873,C03999,J0011,0.0,0.241,0.732,3,0.484,289,6936.0,2025-08-16,0,0,0,0.552
I0041411,C01197,J0109,1.6,0.684,0.994,2,0.714,349,8376.0,2025-06-17,0,0,0,0.803
I0027404,C02361,J0006,3.4,0.727,0.808,3,0.665,343,8232.0,2025-06-23,0,0,0,0.7585
I0058637,C02085,J0025,3.1,0.739,0.598,3,0.501,175,4200.0,2025-12-08,0,0,0,0.5701
I0002630,C00535,J0082,,0.653,0.853,1,0.615,40,960.0,2026-04-22,0,0,0,0.7458
I0058577,C00091,J0135,0.2,0.65,0.54,3,0.587,110,2640.0,2026-02-11,0,0,0,0.6281
I0043903,C01468,J0063,4.0,0.465,0.869,4,0.497,361,8664.0,2025-06-05,0,0,0,0.807
I0016869,C02460,J0016,1.2,0.919,0.74,4,0.643,16,384.0,2026-05-16,0,0,0,0.5512
I0022922,C03740,J0036,3.6,0.316,0.714,4,0.6,65,1560.0,2026-03-28,0,0,0,0.5789
I0041361,C03542,J0043,0.0,1.0,0.787,3,0.512,21,504.0,2026-05-11,0,0,0,0.3948
I0012140,C00904,J0011,3.9,0.684,0.664,3,0.484,166,3984.0,2025-12-17,0,0,0,0.6291
I0031044,C00034,J0021,1.5,0.749,1.0,2,0.438,376,9024.0,2025-05-21,1,0,0,0.605
I0024851,C00901,J0063,3.8,0.697,0.604,4,0.497,3,72.0,2026-05-29,0,0,0,0.6105
I0027767,C03030,J0050,3.4,0.698,0.617,3,0.587,67,1608.0,2026-03-26,0,0,0,0.6701
I0035512,C03110,J0120,1.6,0.827,0.966,2,0.522,272,6528.0,2025-09-02,0,0,0,0.6013
I0028485,C00525,J0008,5.1,0.565,0.566,2,0.441,50,1200.0,2026-04-12,0,0,0,0.6753
I0011960,C00500,J0100,3.8,0.802,0.646,1,0.169,376,9024.0,2025-05-21,0,0,0,0.3171
I0022954,C03706,J0032,0.0,0.685,0.648,2,0.954,115,2760.0,2026-02-06,1,0,0,0.5099
I0034238,C02069,J0062,2.3,0.466,0.942,4,0.382,52,1248.0,2026-04-10,0,0,0,0.7622
I0006498,C00638,J0109,0.0,0.503,0.627,2,0.714,194,4656.0,2025-11-19,0,0,0,0.5449
I0016974,C03714,J0086,3.5,0.336,0.848,3,0.489,345,8280.0,2025-06-21,0,0,0,0.7073
I0032163,C03158,J0125,6.8,0.497,0.908,1,0.475,332,7968.0,2025-07-04,1,0,0,0.8724
I0025055,C00822,J0129,3.5,0.733,0.707,1,0.574,68,1632.0,2026-03-25,0,0,0,0.6633
I0024129,C00367,J0066,2.8,0.539,0.782,2,0.752,213,5112.0,2025-10-31,0,0,0,0.6346
I0012157,C01022,J0124,6.1,0.778,0.555,4,0.309,80,1920.0,2026-03-13,0,0,0,0.4459
I0054495,C00328,J0056,4.6,0.515,0.871,3,0.397,257,6168.0,2025-09-17,0,0,0,0.7571
I0051558,C03979,J0138,,0.431,0.629,2,0.343,98,2352.0,2026-02-23,0,0,0,0.6322
I0002008,C00331,J0046,5.9,0.64,0.83,3,0.767,78,1872.0,2026-03-15,0,0,0,0.7612
I0003715,C03822,J0054,3.1,0.481,0.833,2,0.727,127,3048.0,2026-01-25,0,0,0,0.6308
I0014019,C01915,J0128,3.4,0.618,0.973,3,0.677,136,3264.0,2026-01-16,0,0,0,0.8071
I0035295,C00208,J0006,,0.708,0.493,3,0.665,35,840.0,2026-04-27,0,0,0,0.7507
I0041514,C03159,J0017,0.0,0.408,0.709,2,0.748,76,1824.0,2026-03-17,1,0,0,0.4771
I0023573,C03694,J0113,,0.375,0.875,1,0.579,284,6816.0,2025-08-21,0,0,0,0.7314
I0048459,C03555,J0095,1.6,0.29,0.816,3,0.582,394,9456.0,2025-05-03,1,0,0,0.5682
I0030356,C02762,J0099,3.5,0.463,0.615,2,0.707,93,2232.0,2026-02-28,0,0,0,0.5775
I0050022,C02683,J0090,9.2,0.699,0.875,3,0.558,366,8784.0,2025-05-31,0,0,0,0.8198
I0017841,C02797,J0095,4.0,0.493,0.514,3,0.582,163,3912.0,2025-12-20,0,0,0,0.6667
I0038271,C00718,J0056,2.4,0.486,0.833,3,0.397,168,4032.0,2025-12-15,0,0,0,0.7296
I0038252,C00705,J0065,2.0,0.526,0.737,2,0.74,375,9000.0,2025-05-22,0,0,0,0.6076
I0018977,C00240,J0015,3.7,0.689,0.777,2,0.903,121,2904.0,2026-01-31,0,0,0,0.6477
I0012653,C03338,J0026,0.1,0.737,0.835,1,0.881,328,7872.0,2025-07-08,0,0,0,0.6525
I0055192,C01664,J0112,0.0,0.552,0.464,2,0.583,1,24.0,2026-05-31,0,0,0,0.6258
I0013857,C00591,J0081,2.5,0.761,0.746,2,0.644,394,9456.0,2025-05-03,1,1,0,0.687
I0036014,C00118,J0048,2.1,0.789,0.697,2,0.774,269,6456.0,2025-09-05,0,0,0,0.7383
I0030696,C02111,J0069,3.5,0.56,0.75,2,0.698,380,9120.0,2025-05-17,0,0,0,0.6903
I0038377,C02837,J0007,5.0,0.607,0.833,3,0.673,191,4584.0,2025-11-22,0,0,0,0.7898
I0030602,C00132,J0133,,0.505,0.665,4,0.772,310,7440.0,2025-07-26,0,0,0,0.5889
I0054482,C02951,J0147,5.4,0.67,0.726,2,0.622,74,1776.0,2026-03-19,0,0,0,0.7791
I0021336,C03828,J0047,7.2,0.749,0.685,2,0.575,130,3120.0,2026-01-22,0,0,0,0.7091
I0003758,C03785,J0131,6.2,0.971,1.0,2,0.716,19,456.0,2026-05-13,0,0,0,0.724
I0012407,C00443,J0104,0.6,0.533,0.709,1,0.821,230,5520.0,2025-10-14,0,0,0,0.5239
I0051092,C03329,J0128,4.1,0.401,0.749,3,0.677,26,624.0,2026-05-06,0,0,0,0.6028
I0027595,C00116,J0122,1.3,0.414,0.819,2,0.704,362,8688.0,2025-06-04,0,0,0,0.5653
I0057455,C00527,J0047,6.5,0.77,0.648,2,0.575,259,6216.0,2025-09-15,1,0,0,0.6721
I0053819,C01766,J0133,3.0,0.853,1.0,4,0.772,117,2808.0,2026-02-04,0,0,0,0.7925
I0029208,C02736,J0104,2.2,0.657,0.597,1,0.821,340,8160.0,2025-06-26,1,0,0,0.6068
I0024615,C02213,J0069,7.0,0.527,0.836,2,0.698,140,3360.0,2026-01-12,0,0,0,0.7505
I0053041,C02337,J0025,7.8,0.131,0.818,3,0.501,369,8856.0,2025-05-28,1,0,0,0.6186
I0026150,C00995,J0049,4.5,0.713,0.484,2,0.631,170,4080.0,2025-12-13,0,0,0,0.6716
I0001824,C03616,J0052,2.4,0.817,0.749,4,0.406,380,9120.0,2025-05-17,0,0,0,0.4789
I0018558,C02620,J0010,7.8,0.62,0.877,4,0.566,280,6720.0,2025-08-25,0,0,0,0.858
I0013653,C03968,J0099,2.8,0.292,0.656,2,0.707,17,408.0,2026-05-15,0,0,0,0.4566
I0012052,C03513,J0141,3.6,0.431,0.601,3,0.672,104,2496.0,2026-02-17,0,0,0,0.5773
I0032200,C01896,J0009,3.1,0.67,0.856,3,0.437,47,1128.0,2026-04-15,0,0,0,0.6464
I0027248,C02390,J0106,6.9,0.439,0.73,3,0.884,194,4656.0,2025-11-19,1,0,0,0.5257
I0011042,C01327,J0014,3.3,0.601,0.631,1,0.37,67,1608.0,2026-03-26,0,0,0,0.5878
I0033790,C01354,J0082,5.5,0.883,0.668,1,0.615,311,7464.0,2025-07-25,0,0,0,0.6093
I0048971,C01984,J0011,10.0,0.475,0.844,3,0.484,379,9096.0,2025-05-18,0,0,0,0.9177
I0042091,C01734,J0126,6.1,0.487,0.724,2,0.635,215,5160.0,2025-10-29,0,0,0,0.7199
I0025684,C03933,J0106,0.0,0.815,0.966,3,0.884,212,5088.0,2025-11-01,0,0,0,0.7406
I0002982,C03747,J0022,2.4,0.653,0.77,1,0.577,339,8136.0,2025-06-27,1,0,0,0.721
I0055973,C00756,J0002,11.6,0.721,0.707,3,0.479,152,3648.0,2025-12-31,0,0,0,0.7419
I0018498,C02941,J0076,7.8,0.857,0.75,4,0.695,383,9192.0,2025-05-14,0,0,0,0.7461
I0029226,C00466,J0017,6.6,0.566,0.611,2,0.748,335,8040.0,2025-07-01,0,0,0,0.6725
I0036514,C01039,J0028,5.1,0.526,0.799,3,0.898,348,8352.0,2025-06-18,0,0,0,0.5662
I0024095,C02095,J0079,5.8,0.543,0.777,2,0.518,14,336.0,2026-05-18,0,0,0,0.8164
I0025331,C01316,J0110,7.0,0.553,0.946,2,0.549,280,6720.0,2025-08-25,0,0,0,0.8992
I0043661,C00829,J0112,6.7,0.898,0.64,2,0.583,248,5952.0,2025-09-26,0,0,0,0.5886
I0002726,C03855,J0096,5.4,0.402,0.862,3,0.799,51,1224.0,2026-04-11,0,0,0,0.5714
I0044180,C03166,J0075,7.5,0.661,0.976,3,0.62,362,8688.0,2025-06-04,0,0,0,0.89
I0032880,C02395,J0072,0.8,0.481,0.481,1,0.651,374,8976.0,2025-05-23,0,0,0,0.5462
I0008908,C03726,J0089,6.9,0.833,0.695,3,0.39,386,9264.0,1970-01-01 00:00:00,0,0,0,0.5173
I0033981,C00022,J0025,0.8,0.492,0.853,3,0.501,115,2760.0,2026-02-06,0,0,0,0.7646
I0048649,C02584,J0070,0.7,0.369,0.798,3,0.423,174,4176.0,2025-12-09,0,0,0,0.7156
I0053817,C00089,J0007,,0.336,0.876,3,0.673,80,1920.0,2026-03-13,0,0,0,0.5821
I0041696,C03588,J0089,3.2,0.587,0.783,3,0.39,238,5712.0,2025-10-06,0,0,0,0.6529
I0055689,C01379,J0088,,0.393,0.895,2,0.856,176,4224.0,2025-12-07,0,0,0,0.4716
I0018126,C02902,J0098,5.0,0.648,0.825,1,0.723,335,8040.0,2025-07-01,0,0,0,0.7812
I0029941,C01846,J0014,1.4,0.354,0.93,1,0.37,345,8280.0,2025-06-21,0,0,0,0.7915
I0037875,C02312,J0030,8.5,0.995,0.51,2,1.0,87,2088.0,2026-03-06,0,0,0,0.8009
I0019850,C02598,J0146,2.3,0.637,0.82,3,0.57,177,4248.0,2025-12-06,0,0,0,0.7397
I0018380,C03291,J0009,6.5,0.619,0.641,3,0.437,89,2136.0,2026-03-04,0,0,0,0.6793
I0029876,C01014,J0076,4.6,0.779,0.598,4,0.695,329,7896.0,2025-07-07,0,0,0,0.7041
I0028383,C01167,J0119,4.1,0.514,0.96,1,0.541,399,9576.0,2025-04-28,0,0,0,0.8379
I0048172,C01038,J0014,8.2,0.154,0.924,1,0.37,215,5160.0,2025-10-29,1,0,0,0.7639
I0027562,C00013,J0077,3.1,0.823,0.615,4,0.837,131,3144.0,2026-01-21,0,0,0,0.7328
I0002710,C00756,J0014,11.6,0.721,0.707,1,0.37,20,480.0,2026-05-12,0,0,0,0.665
I0025171,C03638,J0037,4.9,0.708,0.733,2,0.622,298,7152.0,2025-08-07,0,0,0,0.7458
I0012847,C01607,J0051,2.8,0.034,0.414,3,0.624,226,5424.0,2025-10-18,0,0,0,0.2651
I0056126,C00811,J0076,4.5,0.611,0.677,4,0.695,307,7368.0,2025-07-29,0,0,0,0.7247
I0035068,C03806,J0059,1.8,0.7,0.758,2,0.808,78,1872.0,2026-03-15,0,0,0,0.6849
I0032403,C00736,J0115,,0.7,0.655,1,0.627,145,3480.0,2026-01-07,0,0,0,0.7161
I0051622,C00596,J0006,1.9,0.375,0.741,3,0.665,245,5880.0,2025-09-29,0,0,0,0.5535
I0048123,C00106,J0052,4.5,0.43,0.579,4,0.406,387,9288.0,2025-05-10,0,0,0,0.7393
I0031930,C01346,J0073,6.4,0.415,0.803,2,0.624,103,2472.0,2026-02-18,0,0,0,0.7042
I0034538,C03960,J0033,6.6,0.649,0.679,1,0.649,296,7104.0,2025-08-09,0,0,0,0.82
I0001414,C02607,J0021,0.0,0.195,0.907,2,0.438,313,7512.0,2025-07-23,0,0,0,0.6013
I0003085,C03970,J0080,1.6,0.536,1.0,1,0.569,289,6936.0,2025-08-16,0,0,0,0.8026
I0004863,C02072,J0148,1.7,0.344,0.688,4,0.719,214,5136.0,2025-10-30,0,0,0,0.4753
I0046905,C03893,J0033,6.9,0.384,0.471,1,0.649,358,8592.0,2025-06-08,0,0,0,0.5796
I0035874,C00718,J0035,2.4,0.486,0.833,4,0.644,348,8352.0,2025-06-18,0,0,0,0.681
I0021114,C00587,J0093,0.0,0.551,0.774,3,0.757,383,9192.0,2025-05-14,0,0,0,0.5899
I0011245,C00220,J0054,3.4,0.772,0.756,2,0.727,171,4104.0,2025-12-12,0,0,0,0.7558
I0026124,C00984,J0029,0.7,0.352,0.66,1,0.913,66,1584.0,2026-03-27,0,0,0,0.3193
I0048712,C01106,J0034,5.1,0.896,0.563,1,0.634,133,3192.0,2026-01-19,0,0,0,0.5772
I0017967,C03637,J0148,8.8,0.666,0.613,4,0.719,117,2808.0,2026-02-04,0,0,0,0.8012
I0024607,C02403,J0052,7.7,0.469,0.563,4,0.406,69,1656.0,2026-03-24,0,0,0,0.7615
I0013469,C03754,J0110,2.1,0.521,0.842,2,0.549,299,7176.0,2025-08-06,0,0,0,0.7701
I0041040,C00251,J0063,,0.56,0.866,4,0.497,217,5208.0,2025-10-27,0,0,0,0.808
I0049235,C00078,J0043,0.6,0.585,0.796,3,0.512,1,24.0,2026-05-31,1,0,0,0.7
I0001372,C00208,J0113,7.4,0.708,0.493,1,0.579,210,5040.0,2025-11-03,0,0,0,0.6901
I0006573,C03489,J0073,6.7,0.502,0.718,2,0.624,30,720.0,2026-05-02,0,0,0,0.7467
I0002463,C03081,J0092,0.4,0.404,0.733,4,0.623,191,4584.0,2025-11-22,0,0,0,0.5759
I0009391,C00156,J0020,4.5,0.666,0.61,4,0.849,304,7296.0,2025-08-01,0,0,0,0.636
I0038132,C03214,J0101,0.0,0.539,0.847,2,0.588,318,7632.0,2025-07-18,0,0,0,0.7211
I0021208,C03682,J0000,1.1,0.839,0.533,4,0.534,224,5376.0,2025-10-20,0,0,0,0.4707
I0030959,C01229,J0077,5.4,0.579,0.822,4,0.837,386,9264.0,2025-05-11,0,0,0,0.6581
I0036756,C01436,J0132,3.8,0.506,0.561,3,0.612,398,9552.0,2025-04-29,0,0,0,0.6646
I0048207,C03447,J0028,0.9,0.731,0.632,3,0.898,116,2784.0,2026-02-05,0,0,0,0.5926
I0027415,C02909,J0063,3.8,0.388,0.939,4,0.497,326,7824.0,2025-07-10,0,0,0,0.7691
I0017457,C01503,J0007,7.9,0.683,0.712,3,0.673,43,1032.0,2026-04-19,0,0,0,0.8442
I0049987,C00005,J0013,0.0,0.262,0.698,3,0.854,136,3264.0,2026-01-16,0,0,0,0.2963
I0010206,C02589,J0001,6.6,0.565,0.605,3,0.47,145,3480.0,2026-01-07,0,0,0,0.7321
I0020525,C03233,J0011,,0.569,0.752,3,0.484,152,3648.0,2025-12-31,1,0,0,0.7789
I0038802,C00813,J0001,1.3,1.0,0.581,3,0.47,161,3864.0,2025-12-22,0,0,0,0.3291
I0045470,C01232,J0024,3.5,0.704,0.56,1,0.346,178,4272.0,2025-12-05,1,0,0,0.4816
I0044856,C03166,J0110,7.5,0.661,0.976,2,0.549,125,3000.0,2026-01-27,0,0,0,0.84
I0032207,C03630,J0084,0.1,0.434,0.555,4,0.431,232,5568.0,2025-10-12,0,0,0,0.6729
I0029153,C03017,J0103,1.1,0.726,0.984,4,0.476,95,2280.0,2026-02-26,0,0,0,0.6367
I0033698,C02346,J0109,4.7,0.715,0.784,2,0.714,132,3168.0,2026-01-20,0,0,0,0.8167
I0012928,C03529,J0118,4.3,0.574,0.828,2,0.57,181,4344.0,2025-12-02,0,0,0,0.8202
I0007567,C02575,J0016,9.2,0.442,0.614,4,0.643,76,1824.0,2026-03-17,0,0,0,0.7039
I0011259,C02421,J0023,4.7,0.566,0.733,2,0.472,176,4224.0,2025-12-07,0,0,0,0.7368
I0044817,C01535,J0099,3.8,0.344,0.922,2,0.707,253,6072.0,2025-09-21,1,0,0,0.5852
I0013883,C03592,J0143,6.8,0.615,0.908,1,0.714,347,8328.0,2025-06-19,0,0,0,0.8181
I0056040,C03729,J0059,6.0,0.232,0.681,2,0.808,397,9528.0,1970-01-01 00:00:00,0,0,0,0.4043
I0030646,C02740,J0149,1.1,0.613,0.865,1,0.593,222,5328.0,2025-10-22,1,0,0,0.7653
I0034002,C01785,J0065,8.3,1.0,0.734,2,0.74,304,7296.0,2025-08-01,0,0,0,0.681
I0029308,C03668,J0090,3.7,0.713,0.507,3,0.558,291,6984.0,2025-08-14,0,0,0,0.6131
I0055411,C03542,J0084,0.0,1.0,0.787,4,0.431,197,4728.0,2025-11-16,0,0,0,0.3377
I0007318,C03601,J0131,1.7,0.746,0.711,2,0.716,348,8352.0,2025-06-18,0,0,0,0.7249
I0028181,C02395,J0067,0.8,0.481,0.481,4,0.443,53,1272.0,2026-04-09,1,0,0,0.6392
I0058602,C00009,J0149,2.0,0.624,0.737,1,0.593,41,984.0,2026-04-21,0,0,0,0.7366
I0045732,C03044,J0096,6.9,0.835,0.696,3,0.799,349,8376.0,2025-06-17,0,0,0,0.8045
I0033317,C00507,J0056,1.4,0.539,0.492,3,0.397,246,5904.0,2025-09-28,0,0,0,0.5792
I0043584,C02387,J0137,0.0,0.717,0.63,1,0.69,321,7704.0,2025-07-15,0,0,0,0.6755
I0057834,C00718,J0059,2.4,0.486,0.833,2,0.808,150,3600.0,2026-01-02,0,0,0,0.5653
I0041345,C02393,J0142,1.8,0.852,1.0,2,0.778,310,7440.0,2025-07-26,0,0,0,0.7771
I0031469,C03183,J0041,0.0,0.525,0.742,4,0.655,144,3456.0,2026-01-08,0,0,0,0.6344
I0009712,C03038,J0047,9.9,0.608,0.611,2,0.575,322,7728.0,2025-07-14,0,0,0,0.8334
I0021385,C03989,J0148,6.4,0.614,0.635,4,0.719,355,8520.0,2025-06-11,0,0,0,0.7302
I0054284,C02250,J0146,0.9,0.577,0.876,3,0.57,41,984.0,2026-04-21,0,0,0,0.7741
I0031953,C02022,J0127,,0.292,0.824,3,0.595,196,4704.0,2025-11-17,0,0,0,0.6303
I0022478,C02498,J0030,2.7,0.862,0.821,2,1.0,278,6672.0,2025-08-27,0,0,0,0.6967
I0010476,C02710,J0111,7.3,0.909,0.585,1,0.646,206,4944.0,2025-11-07,0,0,0,0.6199
I0043627,C00283,J0148,6.5,0.941,0.813,4,0.719,359,8616.0,2025-06-07,0,0,0,0.6996
I0007133,C02305,J0127,4.6,0.673,0.828,3,0.595,111,2664.0,2026-02-10,0,0,0,0.7732
I0026226,C00563,J0069,1.7,0.498,0.932,2,0.698,0,0.0,2026-06-01,0,0,0,0.6674
I0016657,C00940,J0019,1.8,0.678,0.799,1,0.693,268,6432.0,2025-09-06,0,0,0,0.762
I0042523,C00625,J0005,0.0,0.639,0.764,1,0.566,251,6024.0,2025-09-23,0,0,0,0.6808
I0045071,C02877,J0121,0.7,0.093,0.896,3,0.82,262,6288.0,2025-09-12,0,0,0,0.2689
I0005815,C01973,J0132,2.9,0.647,0.837,3,0.612,354,8496.0,2025-06-12,0,0,0,0.7772
I0023353,C02942,J0051,7.7,0.808,0.748,3,0.624,149,3576.0,2026-01-03,0,0,0,0.7283
I0030550,C01202,J0096,3.4,0.709,0.62,3,0.799,88,2112.0,2026-03-05,0,0,0,0.6857
I0019985,C01220,J0008,4.8,0.719,0.591,2,0.441,295,7080.0,2025-08-10,0,0,0,0.5687
I0029027,C00243,J0041,8.4,0.565,0.639,4,0.655,391,9384.0,2025-05-06,1,0,0,0.7757
I0059945,C00533,J0085,0.0,0.867,0.823,1,0.66,307,7368.0,2025-07-29,0,0,0,0.603
I0037936,C00251,J0055,5.4,0.56,0.866,3,0.749,305,7320.0,2025-07-31,0,0,0,0.7192
I0036105,C01540,J0006,7.9,0.435,0.788,3,0.665,13,312.0,2026-05-19,0,0,0,0.7106
I0014951,C02549,J0037,4.8,0.65,0.593,2,0.622,7,168.0,2026-05-25,0,0,0,0.7455
I0002868,C02951,J0049,5.4,0.67,0.726,2,0.631,172,4128.0,2025-12-11,1,0,0,0.7854
I0027310,C03730,J0121,2.8,0.743,1.0,3,0.82,10,240.0,2026-05-22,0,0,0,0.7919
I0057887,C02815,J0123,0.0,0.407,0.779,3,0.315,156,3744.0,2025-12-27,0,0,0,0.6716
I0012708,C01256,J0003,1.3,0.932,0.763,1,0.462,330,7920.0,2025-07-06,0,0,0,0.4227
I0053200,C01647,J0007,4.5,0.718,0.685,3,0.673,122,2928.0,2026-01-30,1,0,0,0.7544
I0008383,C01526,J0036,1.2,0.739,0.811,4,0.6,133,3192.0,2026-01-19,0,0,0,0.6678
I0036890,C03218,J0132,2.8,0.43,0.618,3,0.612,348,8352.0,2025-06-18,0,0,0,0.6102
I0001689,C02733,J0136,3.3,0.851,0.8,2,0.621,316,7584.0,2025-07-20,0,0,0,0.6361
I0026236,C00478,J0140,3.1,0.637,0.928,1,0.66,148,3552.0,2026-01-04,1,0,0,0.8147
I0008879,C00073,J0036,3.2,0.643,0.978,4,0.6,64,1536.0,2026-03-29,0,0,0,0.8164
I0029625,C00160,J0069,3.7,0.727,0.664,2,0.698,286,6864.0,2025-08-19,1,0,0,0.7462
I0012522,C02008,J0105,4.2,0.271,0.609,3,0.544,175,4200.0,2025-12-08,0,0,0,0.5672
I0010688,C03047,J0147,3.9,0.919,0.727,2,0.622,274,6576.0,2025-08-31,0,0,0,0.5785
I0024013,C00304,J0038,5.7,0.718,0.602,4,0.713,198,4752.0,2025-11-15,0,0,0,0.7795
I0032607,C00505,J0061,1.7,0.417,0.741,1,0.484,14,336.0,2026-05-18,0,0,0,0.7073
I0031117,C03640,J0122,6.3,0.452,0.508,2,0.704,138,3312.0,2026-01-14,0,0,0,0.589
I0037025,C01051,J0032,1.3,0.343,0.854,2,0.954,70,1680.0,2026-03-23,0,0,0,0.3489
I0013904,C01071,J0130,1.9,0.481,0.587,1,0.81,196,4704.0,2025-11-17,0,0,0,0.4826
I0043840,C01967,J0022,,0.241,0.657,1,0.577,128,3072.0,2026-01-24,0,0,0,0.5887
I0038963,C03500,J0025,0.0,0.812,0.645,3,0.501,264,6336.0,2025-09-10,0,0,0,0.4795
I0038966,C00170,J0073,,0.723,0.616,2,0.624,248,5952.0,2025-09-26,0,0,0,0.6681
I0039471,C03017,J0147,1.1,0.726,0.984,2,0.622,136,3264.0,2026-01-16,0,0,0,0.7396
I0024093,C02920,J0077,2.8,0.868,0.748,4,0.837,379,9096.0,2025-05-18,0,0,0,0.7533
I0027058,C01600,J0128,4.5,0.593,0.564,3,0.677,125,3000.0,2026-01-27,0,0,0,0.6928
I0005549,C03862,J0121,7.7,0.556,0.542,3,0.82,275,6600.0,2025-08-30,0,0,0,0.6138
I0059820,C01794,J0047,5.8,0.719,0.95,2,0.575,253,6072.0,2025-09-21,0,0,0,0.7813
I0038900,C01214,J0123,3.0,0.471,0.345,3,0.315,34,816.0,2026-04-28,0,0,0,0.5549
I0042625,C01491,J0148,7.6,0.596,0.601,4,0.719,206,4944.0,2025-11-07,1,0,0,0.7282
I0045854,C01376,J0078,4.9,0.882,0.737,2,0.5,161,3864.0,2025-12-22,0,0,0,0.5383
I0007201,C03177,J0014,3.7,0.886,0.808,1,0.37,247,5928.0,2025-09-27,0,0,0,0.4435
I0021171,C03520,J0125,3.5,0.497,0.554,1,0.475,260,6240.0,2025-09-14,0,0,0,0.7168
I0054577,C02412,J0020,0.0,0.593,0.694,4,0.849,297,7128.0,2025-08-08,0,0,0,0.5321
I0008557,C03538,J0051,4.6,0.741,0.584,3,0.624,341,8184.0,2025-06-25,0,0,0,0.6769
I0028062,C00152,J0067,4.7,0.518,0.833,4,0.443,277,6648.0,2025-08-28,0,0,0,0.7784
I0031431,C03188,J0071,0.1,0.645,0.739,2,0.587,1,24.0,2026-05-31,0,0,0,0.686
I0018846,C03987,J0020,1.8,0.548,0.58,4,0.849,178,4272.0,2025-12-05,0,0,0,0.4987
I0011239,C00950,J0047,2.4,0.514,0.654,2,0.575,16,384.0,2026-05-16,0,0,0,0.6989
I0000369,C02147,J0062,5.9,0.604,0.765,4,0.382,296,7104.0,2025-08-09,0,0,0,0.6759
I0007299,C00706,J0115,2.3,0.619,0.883,1,0.627,96,2304.0,2026-02-25,1,0,0,0.7991
I0049307,C01343,J0099,8.3,0.487,0.579,2,0.707,74,1776.0,2026-03-19,0,0,0,0.6654
I0033644,C01471,J0021,7.0,0.65,1.0,2,0.438,199,4776.0,2025-11-14,0,0,0,0.7678
I0019353,C01673,J0078,5.5,0.384,0.955,2,0.5,316,7584.0,2025-07-20,0,0,0,0.7974
I0017136,C02691,J0133,7.8,0.72,0.619,4,0.772,342,8208.0,2025-06-24,0,0,0,0.7867
I0002757,C00835,J0032,3.8,0.34,0.614,2,0.954,52,1248.0,2026-04-10,0,0,0,0.3214
I0031877,C03797,J0124,2.8,0.284,0.851,4,0.309,367,8808.0,2025-05-30,0,0,0,0.7866
I0022000,C02917,J0143,7.5,0.482,0.661,1,0.714,62,1488.0,2026-03-31,0,0,0,0.6666
I0023588,C01652,J0146,8.9,0.625,0.664,3,0.57,132,3168.0,2026-01-20,0,0,0,0.8159
I0049338,C02465,J0147,4.4,0.478,0.626,2,0.622,379,9096.0,2025-05-18,0,0,0,0.6663
I0024494,C03463,J0122,5.8,0.413,0.862,2,0.704,329,7896.0,2025-07-07,0,0,0,0.6529
I0012724,C00000,J0083,0.9,0.374,0.714,3,0.691,220,5280.0,2025-10-24,1,0,0,0.5099
I0052884,C03563,J0079,5.1,0.939,0.81,2,0.518,64,1536.0,2026-03-29,0,0,0,0.5348
I0026371,C00632,J0022,7.2,0.771,0.812,1,0.577,359,8616.0,2025-06-07,0,0,0,0.7309
I0030726,C00156,J0135,4.5,0.666,0.61,3,0.587,187,4488.0,2025-11-26,1,0,0,0.7093
I0042202,C00894,J0097,4.0,0.562,0.649,1,0.65,4,96.0,2026-05-28,0,0,0,0.7055
I0042001,C00726,J0069,4.9,0.47,0.808,2,0.698,315,7560.0,2025-07-21,0,0,0,0.6669
I0009478,C03603,J0061,0.4,0.862,0.827,1,0.484,364,8736.0,2025-06-02,0,0,0,0.4903
I0050477,C01421,J0049,5.7,0.631,0.592,2,0.631,113,2712.0,2026-02-08,0,0,0,0.7802
I0058024,C00554,J0075,7.3,0.331,0.794,3,0.62,347,8328.0,2025-06-19,0,0,0,0.6605
I0055075,C00088,J0099,7.0,1.0,0.731,2,0.707,222,5328.0,2025-10-22,0,0,0,0.6349
I0005931,C00671,J0035,6.3,0.935,0.882,4,0.644,239,5736.0,2025-10-05,0,0,0,0.667
I0049559,C00687,J0100,6.6,0.565,0.429,1,0.169,38,912.0,2026-04-24,0,0,0,0.4703
I0008581,C01968,J0057,2.5,0.392,0.951,2,0.372,154,3696.0,2025-12-29,0,0,0,0.8132
I0010132,C03188,J0087,0.1,0.645,0.739,3,0.578,142,3408.0,2026-01-10,0,0,0,0.6797
I0058896,C02863,J0067,10.2,0.738,0.672,4,0.443,64,1536.0,2026-03-29,0,0,0,0.6709
I0007487,C01140,J0127,4.0,0.684,0.733,3,0.595,44,1056.0,2026-04-18,0,0,0,0.7285
I0031901,C00942,J0126,3.0,0.847,0.706,2,0.635,331,7944.0,2025-07-05,0,0,0,0.6172
I0048487,C01085,J0060,2.0,0.885,0.922,1,0.633,333,7992.0,2025-07-03,0,0,0,0.633
I0053669,C03660,J0082,7.8,0.642,0.656,1,0.615,27,648.0,2026-05-05,0,0,0,0.8147
I0026003,C02289,J0112,5.7,0.482,0.81,2,0.583,158,3792.0,2025-12-25,0,0,0,0.7705
I0058757,C02308,J0067,4.0,0.604,0.701,4,0.443,179,4296.0,2025-12-04,0,0,0,0.6687
I0051140,C00290,J0038,0.0,0.393,0.763,4,0.713,17,408.0,2026-05-15,0,0,0,0.5064
I0000672,C00873,J0059,7.7,0.688,0.761,2,0.808,199,4776.0,2025-11-14,0,0,0,0.7771
I0037197,C03639,J0121,3.3,0.747,0.932,3,0.82,49,1176.0,2026-04-13,0,0,0,0.784
I0026643,C00438,J0030,1.3,0.279,0.774,2,1.0,397,9528.0,2025-04-30,0,0,0,0.2488
I0044145,C00089,J0073,3.3,0.336,0.876,2,0.624,390,9360.0,2025-05-07,0,0,0,0.6167
I0041283,C03658,J0084,,0.638,0.619,4,0.431,161,3864.0,2025-12-22,0,0,0,0.5793
I0006633,C03018,J0130,0.0,0.668,0.49,1,0.81,92,2208.0,2026-03-01,0,0,0,0.5549
I0059462,C02156,J0058,8.9,0.42,0.753,1,0.519,281,6744.0,1970-01-01 00:00:00,0,0,0,0.81
I0046781,C03162,J0129,4.7,0.669,0.725,1,0.574,78,1872.0,2026-03-15,0,0,0,0.7338
I0022103,C00800,J0040,1.6,0.504,1.0,1,0.393,232,5568.0,2025-10-12,0,0,0,0.7476
I0057528,C01722,J0021,0.0,0.746,0.639,2,0.438,332,7968.0,2025-07-04,0,0,0,0.4799
I0035927,C01441,J0096,3.9,0.478,0.428,3,0.799,148,3552.0,2026-01-04,0,0,0,0.4772
I0010085,C03377,J0020,5.6,0.377,0.698,4,0.849,163,3912.0,2025-12-20,0,0,0,0.4757
I0001053,C02147,J0096,5.9,0.604,0.765,3,0.799,180,4320.0,2025-12-03,0,0,0,0.6949
I0030002,C00203,J0015,5.7,0.747,0.573,2,0.903,378,9072.0,2025-05-19,0,0,0,0.6649
I0055597,C01663,J0101,3.0,0.207,0.673,2,0.588,301,7224.0,2025-08-04,0,0,0,0.4888
I0040892,C00444,J0030,4.3,0.768,0.559,2,1.0,380,9120.0,2025-05-17,0,0,0,0.5837
I0040021,C03012,J0141,8.2,0.747,1.0,3,0.672,92,2208.0,2026-03-01,0,0,0,0.8847
I0055789,C01228,J0132,5.2,0.523,0.533,3,0.612,183,4392.0,2025-11-30,0,0,0,0.6924
I0012551,C00012,J0084,5.0,0.596,0.759,4,0.431,155,3720.0,2025-12-28,0,0,0,0.6991
I0029012,C01115,J0052,0.9,0.688,1.0,4,0.406,33,792.0,2026-04-29,0,0,0,0.6153
I0026115,C03941,J0040,5.8,0.453,0.848,1,0.393,15,360.0,2026-05-17,0,0,0,0.8118
I0040223,C01985,J0026,7.6,0.615,0.647,1,0.881,55,1320.0,2026-04-07,0,0,0,0.6403
I0010021,C02917,J0033,7.5,0.482,0.661,1,0.649,65,1560.0,2026-03-28,0,0,0,0.7124
I0022777,C00864,J0022,,0.559,1.0,1,0.577,68,1632.0,2026-03-25,0,0,0,0.8369
I0052680,C01659,J0124,0.4,0.358,0.756,4,0.309,56,1344.0,2026-04-06,1,1,0,0.7022
I0031737,C00124,J0036,5.8,0.708,0.823,4,0.6,270,6480.0,2025-09-04,0,0,0,0.7709
I0020322,C02354,J0146,3.0,0.589,0.702,3,0.57,271,6504.0,2025-09-03,0,0,0,0.7522
I0026036,C02719,J0126,3.2,0.57,1.0,2,0.635,64,1536.0,2026-03-29,0,0,0,0.8071
I0059714,C03187,J0141,,0.646,0.667,3,0.672,173,4152.0,2025-12-10,1,0,0,0.8169
I0010504,C00126,J0027,1.8,0.769,0.437,1,0.574,313,7512.0,2025-07-23,0,0,0,0.5331
I0027298,C02274,J0052,0.0,0.814,0.791,4,0.406,90,2160.0,2026-03-03,0,0,0,0.4523
I0007360,C00215,J0052,,0.441,0.829,4,0.406,302,7248.0,2025-08-03,0,0,0,0.8122
I0003707,C00539,J0122,4.1,0.746,0.774,2,0.704,56,1344.0,2026-04-06,0,0,0,0.7748
I0018154,C02342,J0018,3.2,0.455,1.0,4,0.73,140,3360.0,2026-01-12,0,0,0,0.6591
I0020117,C00959,J0107,,0.779,0.81,2,0.389,146,3504.0,2026-01-06,1,0,0,0.5211
I0012385,C00636,J0029,5.7,0.897,1.0,1,0.913,396,9504.0,2025-05-01,0,0,0,0.884
I0045432,C01184,J0121,0.0,0.815,0.907,3,0.82,343,8232.0,2025-06-23,0,0,0,0.7691
I0040264,C00456,J0101,0.0,0.648,0.772,2,0.588,243,5832.0,2025-10-01,0,0,0,0.6922
I0002493,C00645,J0011,5.1,0.789,1.0,3,0.484,324,7776.0,2025-07-12,0,0,0,0.6701
I0057970,C01905,J0043,6.7,0.624,0.72,3,0.512,211,5064.0,2025-11-02,0,0,0,0.7543
I0025088,C01780,J0140,5.8,0.54,0.897,1,0.66,356,8544.0,2025-06-10,0,0,0,0.7833
I0049101,C02783,J0033,5.3,0.478,0.719,1,0.649,385,9240.0,2025-05-12,0,0,0,0.6887
I0052453,C03777,J0100,0.0,0.484,0.601,1,0.169,302,7248.0,2025-08-03,0,0,0,0.4643
I0046206,C01634,J0021,5.8,0.6,0.505,2,0.438,335,8040.0,2025-07-01,1,0,0,0.6432
I0021022,C00840,J0028,0.8,0.594,0.697,3,0.898,218,5232.0,2025-10-26,0,0,0,0.5126
I0009645,C00548,J0081,2.1,0.749,0.58,2,0.644,346,8304.0,2025-06-20,0,0,0,0.6419
I0014187,C00889,J0048,6.5,0.832,0.531,2,0.774,211,5064.0,2025-11-02,0,0,0,0.7357
I0001748,C03328,J0008,9.0,0.49,1.0,2,0.441,116,2784.0,2026-02-05,0,0,0,0.9165
I0018878,C02307,J0056,3.1,0.504,0.715,3,0.397,236,5664.0,2025-10-08,0,0,0,0.6955
I0004885,C01666,J0019,7.4,0.791,0.68,1,0.693,395,9480.0,2025-05-02,0,0,0,0.7647
I0015780,C02835,J0144,8.4,0.733,0.576,2,0.591,272,6528.0,2025-09-02,0,0,0,0.7213
I0040424,C03983,J0081,2.6,0.509,0.694,2,0.644,153,3672.0,2025-12-30,0,0,0,0.6614
I0025304,C03273,J0147,5.0,0.425,0.929,2,0.622,160,3840.0,2025-12-23,0,0,0,0.7245
I0034193,C02855,J0145,8.1,0.334,0.857,4,0.701,236,5664.0,2025-10-08,1,0,0,0.6368
I0030665,C01826,J0105,3.0,0.573,0.762,3,0.544,319,7656.0,2025-07-17,0,0,0,0.762
I0028815,C00794,J0014,0.0,0.602,0.737,1,0.37,245,5880.0,2025-09-29,0,0,0,0.5611
I0016235,C00615,J0099,4.2,0.512,0.869,2,0.707,336,8064.0,2025-06-30,0,0,0,0.6955
I0046696,C01254,J0033,8.8,0.847,0.717,1,0.649,267,6408.0,2025-09-07,0,0,0,0.7283
I0056036,C02182,J0082,4.7,0.344,0.967,1,0.615,204,4896.0,2025-11-09,0,0,0,0.678
I0029296,C01283,J0090,5.5,0.207,0.926,3,0.558,346,8304.0,2025-06-20,0,0,0,0.6236
I0030577,C02145,J0091,10.0,0.598,0.752,2,0.409,8,192.0,2026-05-24,0,0,0,0.7648
I0020186,C00182,J0028,10.8,0.843,0.781,3,0.898,315,7560.0,1970-01-01 00:00:00,0,0,0,0.881
I0020162,C02049,J0066,6.3,1.0,0.621,2,0.752,191,4584.0,2025-11-22,0,0,0,0.6237
I0024745,C02989,J0074,0.4,0.548,0.593,1,0.343,243,5832.0,2025-10-01,0,0,0,0.5463
I0025550,C00612,J0119,0.8,0.492,0.51,1,0.541,92,2208.0,2026-03-01,0,0,0,0.6396
I0054157,C00677,J0104,5.4,0.846,1.0,1,0.821,97,2328.0,2026-02-24,0,0,0,0.8726
I0001484,C02576,J0109,6.0,0.406,0.874,2,0.714,80,1920.0,2026-03-13,0,0,0,0.6477
I0034897,C00893,J0135,5.6,0.763,0.951,3,0.587,0,0.0,2026-06-01,0,0,0,0.7557
I0039345,C03375,J0027,4.1,0.404,0.705,1,0.574,212,5088.0,2025-11-01,0,0,0,0.6652
I0054423,C01338,J0104,13.7,0.553,0.784,1,0.821,313,7512.0,2025-07-23,0,0,0,0.7808
I0035579,C01976,J0127,6.3,0.695,0.781,3,0.595,261,6264.0,2025-09-13,0,0,0,0.7732
I0039152,C02765,J0040,0.0,0.741,0.978,1,0.393,32,768.0,2026-04-30,0,0,0,0.5473
I0016930,C00123,J0110,2.6,0.661,0.863,2,0.549,394,9456.0,2025-05-03,0,0,0,0.7252
I0014050,C03024,J0000,4.3,0.444,0.628,4,0.534,1,24.0,2026-05-31,0,0,0,0.7032
I0013720,C00975,J0044,3.2,0.915,0.758,2,0.579,204,4896.0,2025-11-09,0,0,0,0.5479
I0018529,C02220,J0036,7.9,0.847,0.838,4,0.6,332,7968.0,2025-07-04,0,0,0,0.7127
I0031646,C01204,J0023,4.0,0.695,0.96,2,0.472,249,5976.0,2025-09-25,0,0,0,0.698
I0001584,C03049,J0049,5.9,0.61,0.577,2,0.631,222,5328.0,2025-10-22,0,0,0,0.7646
I0039431,C00267,J0110,2.5,0.352,0.789,2,0.549,251,6024.0,2025-09-23,0,0,0,0.6427
I0045438,C03786,J0083,6.5,0.454,0.769,3,0.691,101,2424.0,2026-02-20,0,0,0,0.6766
I0056064,C00641,J0089,1.5,0.965,0.666,3,0.39,315,7560.0,2025-07-21,0,0,0,0.3247
I0016144,C01871,J0016,,0.234,1.0,4,0.643,2,48.0,2026-05-30,1,0,0,0.5477
I0016680,C00907,J0130,0.0,0.51,0.809,1,0.81,38,912.0,2026-04-24,0,0,0,0.5335
I0003265,C00217,J0140,3.7,0.295,0.762,1,0.66,26,624.0,2026-05-06,0,0,0,0.537
I0054175,C03950,J0120,3.3,0.624,0.927,2,0.522,365,8760.0,2025-06-01,0,0,0,0.7622
I0000280,C00168,J0124,0.0,0.588,0.961,4,0.309,245,5880.0,2025-09-29,0,0,0,0.5911
I0015418,C00188,J0039,5.7,0.557,0.633,1,0.53,20,480.0,2026-05-12,0,0,0,0.7727
I0022544,C02474,J0018,6.2,0.991,0.639,4,0.73,4,96.0,2026-05-28,0,0,0,0.6179
I0044101,C02224,J0001,6.7,0.759,0.667,3,0.47,287,6888.0,2025-08-18,0,0,0,0.6145
I0044494,C00532,J0043,5.0,0.403,0.539,3,0.512,374,8976.0,2025-05-23,0,0,0,0.6766
I0008506,C00920,J0049,7.9,0.244,0.997,2,0.631,143,3432.0,2026-01-09,0,0,0,0.6588
I0016617,C03489,J0024,6.7,0.502,0.718,1,0.346,163,3912.0,2025-12-20,1,0,0,0.7227
I0005034,C02648,J0112,5.9,0.784,0.665,2,0.583,338,8112.0,2025-06-28,0,0,0,0.6625
I0006651,C00972,J0018,2.4,0.5,0.705,4,0.73,46,1104.0,2026-04-16,0,0,0,0.5941
I0056467,C01086,J0073,5.3,0.601,0.843,2,0.624,178,4272.0,2025-12-05,0,0,0,0.828
I0027267,C01584,J0094,3.4,0.234,0.832,2,0.625,27,648.0,2026-05-05,0,0,0,0.5333
I0007725,C03499,J0042,2.3,0.388,0.779,3,0.496,220,5280.0,2025-10-24,1,0,0,0.6993
I0039232,C00032,J0098,4.3,0.582,0.863,1,0.723,65,1560.0,2026-03-28,1,0,0,0.7335
I0057012,C00291,J0050,5.0,0.61,0.524,3,0.587,89,2136.0,2026-03-04,1,1,0,0.733
I0018587,C03432,J0042,0.3,0.424,1.0,3,0.496,373,8952.0,2025-05-24,0,0,0,0.7531
I0047228,C00565,J0008,6.7,0.9,0.866,2,0.441,236,5664.0,2025-10-08,0,0,0,0.5508
I0025315,C00216,J0064,6.2,0.872,0.709,1,0.487,58,1392.0,2026-04-04,0,0,0,0.5503
I0005453,C00478,J0037,3.1,0.637,0.928,2,0.622,74,1776.0,2026-03-19,0,0,0,0.8204
I0000231,C02432,J0063,3.3,0.769,0.88,4,0.497,187,4488.0,2025-11-26,0,0,0,0.6291
I0046701,C03294,J0023,5.6,0.398,0.504,2,0.472,9,216.0,2026-05-23,0,0,0,0.7015
I0039302,C01991,J0017,5.4,0.49,0.796,2,0.748,84,2016.0,2026-03-09,0,0,0,0.6508
I0005367,C01018,J0135,7.6,0.6,0.4,3,0.587,367,8808.0,2025-05-30,0,0,0,0.749
I0012143,C01226,J0032,2.4,0.396,0.914,2,0.954,202,4848.0,2025-11-11,0,0,0,0.4218
I0049427,C01471,J0079,7.0,0.65,1.0,2,0.518,387,9288.0,2025-05-10,0,0,0,0.8242
I0045887,C01500,J0053,0.7,0.904,0.742,2,0.651,80,1920.0,2026-03-13,0,0,0,0.5596
I0058484,C03725,J0139,,0.635,1.0,2,0.561,121,2904.0,2026-01-31,0,0,0,0.7906
I0051252,C00213,J0118,6.2,0.784,0.782,2,0.57,76,1824.0,1970-01-01 00:00:00,0,0,0,0.6914
I0042184,C01770,J0113,4.7,0.326,0.765,1,0.579,7,168.0,2026-05-25,0,0,0,0.6337
I0025042,C03491,J0026,4.1,0.637,0.452,1,0.881,249,5976.0,2025-09-25,0,0,0,0.5417
I0006019,C00226,J0000,0.8,0.729,0.728,4,0.534,68,1632.0,2026-03-25,1,0,0,0.5982
I0037348,C03130,J0106,7.3,0.576,0.968,3,0.884,342,8208.0,2025-06-24,0,0,0,0.6962
I0035715,C01768,J0085,0.0,0.685,0.673,1,0.66,295,7080.0,2025-08-10,0,0,0,0.689
I0011478,C02137,J0034,3.8,0.273,0.802,1,0.634,27,648.0,2026-05-05,0,0,0,0.5528
I0038354,C00680,J0037,0.0,0.741,0.865,2,0.622,361,8664.0,2025-06-05,1,0,0,0.6769
I0007182,C00528,J0074,2.7,0.75,0.786,1,0.343,160,3840.0,2025-12-23,0,0,0,0.4973
I0038131,C00293,J0149,0.0,0.26,0.757,1,0.593,379,9096.0,2025-05-18,0,0,0,0.4956
I0044828,C03138,J0134,5.7,0.599,0.665,2,0.353,144,3456.0,2026-01-08,0,0,0,0.6274
I0057224,C01711,J0102,5.4,0.662,0.931,2,0.438,64,1536.0,2026-03-29,0,0,0,0.7128
I0053740,C03480,J0078,0.0,0.795,0.751,2,0.5,73,1752.0,2026-03-20,0,0,0,0.5207
I0010089,C02683,J0030,9.2,0.699,0.875,2,1.0,254,6096.0,2025-09-20,0,0,0,0.707
I0058573,C01539,J0010,3.9,0.487,0.815,4,0.566,290,6960.0,2025-08-15,0,0,0,0.7569
I0007320,C03926,J0127,7.6,0.534,0.856,3,0.595,227,5448.0,2025-10-17,0,0,0,0.8438
I0023046,C00645,J0104,5.1,0.789,1.0,1,0.821,139,3336.0,2026-01-13,0,0,0,0.8625
I0030233,C03402,J0133,1.4,0.691,0.964,4,0.772,19,456.0,2026-05-13,0,0,0,0.7553
I0003780,C00213,J0090,6.2,0.784,0.782,3,0.558,266,6384.0,2025-09-08,0,0,0,0.6829
I0041023,C01775,J0091,1.4,0.829,0.819,2,0.409,113,2712.0,2026-02-08,0,0,0,0.4754
I0023415,C03884,J0133,3.5,0.537,0.65,4,0.772,391,9384.0,2025-05-06,0,0,0,0.5937
I0014606,C01300,J0002,2.8,0.0,0.506,3,0.479,222,5328.0,2025-10-22,0,0,0,0.3692
I0022078,C03832,J0071,2.2,0.914,0.666,2,0.587,85,2040.0,2026-03-08,0,0,0,0.5113
I0022429,C03761,J0016,10.4,0.538,0.855,4,0.643,293,7032.0,2025-08-12,1,0,0,0.8599
I0038913,C02325,J0079,9.4,0.803,0.686,2,0.518,107,2568.0,2026-02-14,1,0,0,0.6684
I0014572,C01739,J0111,1.5,0.791,0.917,1,0.646,44,1056.0,2026-04-18,0,0,0,0.6986
I0016392,C02405,J0148,5.7,0.825,0.721,4,0.719,219,5256.0,2025-10-25,0,0,0,0.7419
I0011753,C00255,J0137,0.0,0.741,0.671,1,0.69,207,4968.0,2025-11-06,0,0,0,0.6701
I0040812,C03448,J0077,4.4,0.742,1.0,4,0.837,349,8376.0,2025-06-17,0,0,0,0.8063
I0007499,C00257,J0122,4.9,0.815,0.657,2,0.704,124,2976.0,2026-01-28,1,0,0,0.7068
I0020585,C01498,J0117,0.0,0.554,0.652,1,0.842,4,96.0,2026-05-28,0,0,0,0.4977
I0004678,C00452,J0075,5.1,0.435,0.778,3,0.62,202,4848.0,2025-11-11,0,0,0,0.6921
I0001097,C02933,J0016,1.6,0.553,0.753,4,0.643,181,4344.0,2025-12-02,0,0,0,0.6928
I0003154,C03948,J0063,4.5,0.797,0.85,4,0.497,146,3504.0,2026-01-06,0,0,0,0.6212
I0037413,C01141,J0067,7.1,0.453,0.866,4,0.443,302,7248.0,2025-08-03,0,0,0,0.8741
I0029925,C00340,J0118,2.1,0.862,0.656,2,0.57,323,7752.0,2025-07-13,0,0,0,0.5315
I0013094,C00706,J0008,,0.619,0.883,2,0.441,333,7992.0,2025-07-03,0,0,0,0.6793
I0002949,C00979,J0021,8.8,0.49,0.643,2,0.438,136,3264.0,2026-01-16,1,0,0,0.8104
I0036638,C03627,J0052,5.4,0.977,0.801,4,0.406,216,5184.0,2025-10-28,0,0,0,0.4316
I0008247,C02703,J0138,0.8,0.253,0.902,2,0.343,246,5904.0,2025-09-28,0,0,0,0.7213
I0035599,C02701,J0095,2.1,0.578,0.671,3,0.582,350,8400.0,2025-06-16,0,0,0,0.7388
I0018107,C01962,J0132,4.5,0.442,0.683,3,0.612,358,8592.0,2025-06-08,0,0,0,0.6657
I0005011,C02598,J0115,2.3,0.637,0.82,1,0.627,193,4632.0,2025-11-20,0,0,0,0.7799
I0043580,C01524,J0009,,0.517,0.663,3,0.437,359,8616.0,2025-06-07,0,0,0,0.6592
I0056607,C01881,J0053,8.1,0.715,0.601,2,0.651,288,6912.0,2025-08-17,0,0,0,0.7782
I0047039,C01992,J0057,4.2,0.335,0.947,2,0.372,185,4440.0,2025-11-28,0,0,0,0.8288
I0049086,C01322,J0005,6.6,0.686,0.781,1,0.566,114,2736.0,2026-02-07,1,1,0,0.7641
I0043202,C02720,J0028,2.4,0.362,0.464,3,0.898,278,6672.0,2025-08-27,0,0,0,0.3104
I0010587,C01344,J0072,9.1,0.726,0.648,1,0.651,251,6024.0,2025-09-23,0,0,0,0.8006
I0008196,C00657,J0089,4.4,0.421,0.706,3,0.39,189,4536.0,2025-11-24,0,0,0,0.7685
I0033570,C01431,J0024,7.4,0.661,0.646,1,0.346,249,5976.0,2025-09-25,0,0,0,0.6021
I0033113,C02965,J0057,3.6,0.768,0.602,2,0.372,177,4248.0,2025-12-06,0,0,0,0.4683
I0014883,C01106,J0131,5.1,0.896,0.563,2,0.716,231,5544.0,2025-10-13,0,0,0,0.635
I0009977,C00093,J0049,6.7,0.847,0.759,2,0.631,309,7416.0,2025-07-27,1,0,0,0.6919
I0031682,C03738,J0083,0.0,0.605,0.844,3,0.691,101,2424.0,2026-02-20,0,0,0,0.6942
I0003189,C02738,J0141,1.6,0.664,0.711,3,0.672,281,6744.0,2025-08-24,0,0,0,0.7388
I0016354,C03082,J0128,2.4,0.729,0.907,3,0.677,30,720.0,2026-05-02,0,0,0,0.7765
I0010917,C00903,J0003,2.8,0.977,0.862,1,0.462,362,8688.0,2025-06-04,0,0,0,0.4442
I0028516,C02785,J0007,5.9,0.903,1.0,3,0.673,158,3792.0,2025-12-25,0,0,0,0.7365
I0055066,C03536,J0097,,0.349,0.521,1,0.65,212,5088.0,2025-11-01,0,0,0,0.5142
I0009942,C03907,J0008,0.0,0.586,0.616,2,0.441,282,6768.0,2025-08-23,0,0,0,0.5883
I0058430,C02331,J0008,2.4,0.75,0.654,2,0.441,36,864.0,2026-04-26,0,0,0,0.524
I0056423,C02689,J0082,3.6,0.569,0.509,1,0.615,287,6888.0,2025-08-18,0,0,0,0.6888
I0032531,C01038,J0131,8.2,0.154,0.924,2,0.716,219,5256.0,2025-10-25,0,0,0,0.5199
I0020868,C01598,J0113,2.5,0.543,0.643,1,0.579,58,1392.0,2026-04-04,0,0,0,0.7151
I0035237,C03553,J0088,3.5,0.832,0.965,2,0.856,97,2328.0,2026-02-24,0,0,0,0.8312
I0014631,C03430,J0053,2.5,0.558,0.383,2,0.651,254,6096.0,2025-09-20,1,0,0,0.6016
I0020036,C01179,J0105,1.8,0.482,0.872,3,0.544,205,4920.0,2025-11-08,0,0,0,0.7495
I0026738,C02646,J0075,2.0,0.535,1.0,3,0.62,143,3432.0,2026-01-09,0,0,0,0.7727
I0023141,C02777,J0138,0.0,0.738,0.799,2,0.343,13,312.0,2026-05-19,0,0,0,0.4637
I0050786,C00985,J0019,1.5,0.742,0.75,1,0.693,314,7536.0,2025-07-22,0,0,0,0.7192
I0014848,C02619,J0007,5.1,0.312,0.818,3,0.673,201,4824.0,2025-11-12,0,0,0,0.5793
I0045805,C03392,J0004,4.5,0.76,0.724,2,0.655,318,7632.0,2025-07-18,0,0,0,0.7231
I0006483,C03967,J0149,6.1,0.908,0.657,1,0.593,64,1536.0,2026-03-29,0,0,0,0.5833
I0021327,C02697,J0008,0.0,0.773,0.651,2,0.441,111,2664.0,2026-02-10,0,0,0,0.4664
I0017521,C00183,J0146,4.2,1.0,0.761,3,0.57,200,4800.0,2025-11-13,0,0,0,0.4994
I0052531,C01085,J0146,2.0,0.885,0.922,3,0.57,393,9432.0,2025-05-04,0,0,0,0.5886
I0044743,C03531,J0114,7.5,0.759,0.879,4,0.554,358,8592.0,2025-06-08,0,0,0,0.7471
I0015736,C01283,J0083,5.5,0.207,0.926,3,0.691,24,576.0,2026-05-08,0,0,0,0.5298
I0051111,C00275,J0028,11.1,0.709,0.707,3,0.898,377,9048.0,2025-05-20,0,0,0,0.7708
I0013800,C03442,J0081,8.1,0.543,0.826,2,0.644,258,6192.0,2025-09-16,0,0,0,0.8156
I0047273,C02887,J0142,9.8,0.353,0.656,2,0.778,299,7176.0,2025-08-06,0,0,0,0.568
I0015517,C01199,J0025,2.9,0.327,0.614,3,0.501,36,864.0,2026-04-26,0,0,0,0.6164
I0007479,C01997,J0052,3.3,0.31,0.775,4,0.406,61,1464.0,2026-04-01,0,0,0,0.7235
I0056116,C03620,J0077,5.8,0.503,0.784,4,0.837,204,4896.0,2025-11-09,0,0,0,0.6006
I0058194,C00745,J0086,2.7,0.353,0.837,3,0.489,41,984.0,2026-04-21,0,0,0,0.7027
I0004212,C02892,J0133,2.6,0.605,0.813,4,0.772,217,5208.0,2025-10-27,0,0,0,0.6724
I0025162,C00854,J0066,4.9,0.818,0.697,2,0.752,378,9072.0,2025-05-19,1,0,0,0.7498
I0010840,C00694,J0025,3.8,0.489,0.833,3,0.501,345,8280.0,2025-06-21,0,0,0,0.8076
I0003935,C03587,J0045,8.5,0.805,0.829,4,0.544,309,7416.0,2025-07-27,0,0,0,0.7104
I0024081,C01152,J0092,0.9,0.778,0.62,4,0.623,111,2664.0,2026-02-10,0,0,0,0.5976
I0039715,C01371,J0038,9.9,0.566,0.868,4,0.713,344,8256.0,2025-06-22,0,0,0,0.8255
I0041372,C01863,J0011,,0.837,0.776,3,0.484,5,120.0,2026-05-27,0,0,0,0.5849
I0012193,C00516,J0023,1.0,0.589,0.777,2,0.472,9,216.0,2026-05-23,0,0,0,0.6704
I0038323,C00290,J0015,0.0,0.393,0.763,2,0.903,246,5904.0,2025-09-28,0,0,0,0.3725
I0004148,C03996,J0040,1.8,0.581,0.733,1,0.393,355,8520.0,2025-06-11,0,0,0,0.6215
I0033121,C03268,J0148,5.3,0.611,0.663,4,0.719,118,2832.0,2026-02-03,0,0,0,0.7173
I0049302,C02848,J0014,2.6,0.736,0.684,1,0.37,192,4608.0,2025-11-21,0,0,0,0.4957
I0023357,C01733,J0074,0.0,0.528,0.778,1,0.343,394,9456.0,2025-05-03,0,0,0,0.6058
I0036608,C03800,J0104,2.3,0.713,0.929,1,0.821,213,5112.0,2025-10-31,0,0,0,0.7416
I0042109,C03145,J0021,9.9,0.825,0.779,2,0.438,308,7392.0,2025-07-28,0,0,0,0.6312
I0053824,C01467,J0062,6.7,0.679,0.463,4,0.382,325,7800.0,2025-07-11,1,0,0,0.5514
I0028277,C01840,J0147,1.8,0.599,0.747,2,0.622,41,984.0,2026-04-21,1,1,0,0.7417
I0058864,C00182,J0090,10.8,0.843,0.781,3,0.558,198,4752.0,2025-11-15,0,0,0,0.7189
I0041058,C02036,J0052,7.7,0.657,0.555,4,0.406,115,2760.0,2026-02-06,0,0,0,0.6267
I0027577,C00509,J0140,4.9,0.564,0.967,1,0.66,378,9072.0,2025-05-19,0,0,0,0.8047
I0055408,C02356,J0074,4.2,0.686,0.914,1,0.343,376,9024.0,2025-05-21,0,0,0,0.6038
I0017277,C03467,J0045,1.8,0.16,0.838,4,0.544,274,6576.0,2025-08-31,0,0,0,0.5129
I0004448,C00955,J0057,5.5,0.371,0.518,2,0.372,385,9240.0,2025-05-12,0,0,0,0.7553
I0036485,C01873,J0101,0.0,0.558,0.631,2,0.588,244,5856.0,2025-09-30,0,0,0,0.6736
I0052940,C02726,J0090,4.2,0.603,0.836,3,0.558,142,3408.0,2026-01-10,0,0,0,0.7919
I0049635,C00435,J0018,,0.483,0.537,4,0.73,285,6840.0,2025-08-20,0,0,0,0.5364
I0046873,C02408,J0069,3.8,0.85,0.731,2,0.698,189,4536.0,2025-11-24,0,0,0,0.6801
I0019661,C03504,J0007,2.6,0.488,0.627,3,0.673,393,9432.0,2025-05-04,0,0,0,0.6072
I0010113,C02261,J0082,10.2,0.531,0.593,1,0.615,15,360.0,2026-05-17,0,0,0,0.7974
I0056170,C00445,J0106,0.0,0.346,0.796,3,0.884,211,5064.0,2025-11-02,1,0,0,0.362
I0045608,C01625,J0023,4.5,0.196,1.0,2,0.472,18,432.0,2026-05-14,0,0,0,0.6804
I0001583,C00989,J0082,7.8,0.86,0.689,1,0.615,184,4416.0,2025-11-29,1,0,0,0.6704
I0040624,C00741,J0116,3.3,0.546,0.769,4,0.696,286,6864.0,2025-08-19,0,0,0,0.6838
I0051527,C03138,J0014,5.7,0.599,0.665,1,0.37,202,4848.0,2025-11-11,0,0,0,0.6394
I0049089,C00659,J0002,4.5,0.606,0.761,3,0.479,97,2328.0,2026-02-24,0,0,0,0.718
I0005086,C00302,J0111,4.1,0.6,0.476,1,0.646,374,8976.0,2025-05-23,0,0,0,0.688
I0010901,C03449,J0040,2.9,0.498,0.667,1,0.393,157,3768.0,1970-01-01 00:00:00,0,0,0,0.68
I0026202,C01237,J0059,4.3,0.719,0.912,2,0.808,106,2544.0,2026-02-15,0,0,0,0.784
I0041795,C02227,J0102,3.9,0.687,0.752,2,0.438,356,8544.0,2025-06-10,0,0,0,0.6193
I0043830,C00515,J0149,1.9,0.839,0.65,1,0.593,224,5376.0,2025-10-20,0,0,0,0.5589
I0057136,C00857,J0037,5.1,0.655,0.8,2,0.622,103,2472.0,2026-02-18,0,0,0,0.8054
I0052091,C03389,J0109,,0.441,0.705,2,0.714,382,9168.0,2025-05-15,0,0,0,0.579
I0011044,C01566,J0102,4.8,0.466,0.941,2,0.438,255,6120.0,2025-09-19,0,0,0,0.8436
I0005757,C03873,J0081,3.4,0.271,0.827,2,0.644,45,1080.0,2026-04-17,0,0,0,0.5446
I0038042,C02959,J0071,4.4,0.024,1.0,2,0.587,47,1128.0,2026-04-15,0,0,0,0.4764
I0011623,C03695,J0123,4.0,0.466,0.935,3,0.315,158,3792.0,2025-12-25,0,0,0,0.7417
I0038495,C01222,J0042,1.2,0.618,0.758,3,0.496,223,5352.0,2025-10-21,0,0,0,0.6649
I0046898,C01494,J0007,0.0,0.493,0.814,3,0.673,321,7704.0,2025-07-15,0,0,0,0.6195
I0056540,C03562,J0090,4.6,0.507,1.0,3,0.558,47,1128.0,2026-04-15,0,0,0,0.8407
I0059710,C00477,J0108,2.9,0.666,0.84,4,0.437,271,6504.0,2025-09-03,0,0,0,0.6413
I0011150,C00858,J0110,1.0,0.687,0.819,2,0.549,349,8376.0,2025-06-17,1,0,0,0.6674
I0018956,C01096,J0056,4.7,0.837,0.883,3,0.397,266,6384.0,2025-09-08,0,0,0,0.5352
I0015747,C02545,J0067,5.0,0.553,0.649,4,0.443,323,7752.0,2025-07-13,0,0,0,0.7069
I0011594,C03054,J0093,3.3,0.327,1.0,3,0.757,18,432.0,2026-05-14,0,0,0,0.5515
I0039540,C03928,J0103,0.1,0.278,0.764,4,0.476,29,696.0,2026-05-03,0,0,0,0.5944
I0002229,C00618,J0109,3.3,0.589,0.714,2,0.714,359,8616.0,2025-06-07,0,0,0,0.6859
I0013168,C02779,J0019,0.7,0.508,0.719,1,0.693,108,2592.0,2026-02-13,0,0,0,0.601
I0034736,C00191,J0111,3.3,0.956,0.634,1,0.646,53,1272.0,2026-04-09,0,0,0,0.5329
I0008939,C01787,J0019,10.6,0.68,0.493,1,0.693,288,6912.0,2025-08-17,1,0,0,0.826
I0000035,C00501,J0009,0.0,0.582,0.723,3,0.437,278,6672.0,2025-08-27,0,0,0,0.6185
I0003136,C03418,J0021,6.0,0.532,0.923,2,0.438,345,8280.0,2025-06-21,1,1,0,0.8124
I0046673,C01331,J0055,3.4,0.635,0.54,3,0.749,35,840.0,2026-04-27,0,0,0,0.6463
I0004086,C01614,J0114,1.6,0.693,0.746,4,0.554,83,1992.0,2026-03-10,0,0,0,0.6563
I0040977,C00333,J0065,1.5,0.4,0.955,2,0.74,240,5760.0,2025-10-04,0,0,0,0.5718
I0026593,C01501,J0054,5.5,0.294,0.873,2,0.727,301,7224.0,2025-08-04,0,0,0,0.5508
I0046160,C00553,J0070,3.8,0.629,0.631,3,0.423,130,3120.0,2026-01-22,0,0,0,0.6138
I0001576,C03512,J0099,4.6,0.711,1.0,2,0.707,144,3456.0,2026-01-08,1,0,0,0.8738
I0046251,C03541,J0083,4.0,0.486,0.557,3,0.691,2,48.0,2026-05-30,0,0,0,0.5971
I0058541,C00943,J0092,3.4,0.693,0.905,4,0.623,176,4224.0,2025-12-07,0,0,0,0.7802
I0028663,C03444,J0126,0.0,0.41,0.706,2,0.635,376,9024.0,2025-05-21,0,0,0,0.5573
I0058588,C00990,J0013,4.9,0.578,0.722,3,0.854,160,3840.0,2025-12-23,0,0,0,0.6088
I0039786,C00030,J0110,4.2,0.719,0.78,2,0.549,231,5544.0,2025-10-13,0,0,0,0.688
I0049486,C00775,J0040,2.1,0.595,0.754,1,0.393,34,816.0,2026-04-28,1,0,0,0.6226
I0031397,C00081,J0092,1.3,0.526,0.705,4,0.623,21,504.0,2026-05-11,0,0,0,0.6693
I0053166,C01550,J0065,5.9,0.53,0.764,2,0.74,369,8856.0,2025-05-28,1,0,0,0.6841
I0005395,C02053,J0091,0.0,0.545,0.827,2,0.409,291,6984.0,2025-08-14,0,0,0,0.6542
I0029700,C01984,J0082,10.0,0.475,0.844,1,0.615,367,8808.0,2025-05-30,0,0,0,0.8253
I0034135,C03115,J0070,,0.985,0.718,3,0.423,307,7368.0,2025-07-29,0,0,0,0.4297
I0001410,C03856,J0034,8.3,0.469,0.615,1,0.634,10,240.0,2026-05-22,0,0,0,0.7144
I0007520,C02303,J0147,7.6,0.273,0.588,2,0.622,142,3408.0,2026-01-10,1,0,0,0.5652
I0030588,C01643,J0083,3.5,0.829,1.0,3,0.691,252,6048.0,2025-09-22,0,0,0,0.7608
I0039841,C03536,J0003,3.7,0.349,0.521,1,0.462,70,1680.0,2026-03-23,0,0,0,0.6467
I0011076,C03057,J0146,4.9,0.77,0.553,3,0.57,359,8616.0,2025-06-07,0,0,0,0.6147
I0056856,C00020,J0048,0.0,0.209,0.687,2,0.774,364,8736.0,2025-06-02,0,0,0,0.3123
I0007706,C03146,J0081,6.7,0.86,0.684,2,0.644,238,5712.0,2025-10-06,0,0,0,0.6708
I0031402,C02235,J0122,3.9,0.512,0.726,2,0.704,387,9288.0,2025-05-10,0,0,0,0.6522
I0005436,C03374,J0131,7.7,0.574,0.701,2,0.716,370,8880.0,2025-05-27,0,0,0,0.7447
I0052688,C03346,J0075,4.3,0.666,0.756,3,0.62,69,1656.0,2026-03-24,0,0,0,0.7703
I0046573,C02025,J0134,3.9,0.693,0.85,2,0.353,382,9168.0,2025-05-15,0,0,0,0.5828
I0039582,C00624,J0061,9.4,0.658,1.0,1,0.484,310,7440.0,2025-07-26,0,0,0,0.8352
I0030742,C01786,J0027,6.0,0.482,1.0,1,0.574,82,1968.0,2026-03-11,0,0,0,0.8355
I0031865,C03780,J0088,4.8,0.976,0.425,2,0.856,328,7872.0,2025-07-08,0,0,0,0.6333
I0000457,C01187,J0032,3.2,0.327,0.831,2,0.954,183,4392.0,2025-11-30,0,0,0,0.3633
I0026847,C00297,J0137,3.2,0.53,0.943,1,0.69,176,4224.0,2025-12-07,0,0,0,0.7241
I0050299,C02549,J0060,4.8,0.65,0.593,1,0.633,11,264.0,2026-05-21,0,0,0,0.7533
I0050957,C01842,J0005,5.2,0.548,0.794,1,0.566,174,4176.0,2025-12-09,0,0,0,0.816
I0048693,C03951,J0070,7.1,0.641,0.845,3,0.423,169,4056.0,2025-12-14,0,0,0,0.7216
I0043715,C01487,J0002,5.9,0.626,0.59,3,0.479,101,2424.0,2026-02-20,0,0,0,0.6794
I0024452,C03992,J0121,2.4,0.818,0.785,3,0.82,86,2064.0,2026-03-07,0,0,0,0.7774
I0031245,C01112,J0127,1.7,0.682,0.627,3,0.595,10,240.0,2026-05-22,0,0,0,0.6611
I0057290,C02387,J0116,0.0,0.717,0.63,4,0.696,199,4776.0,2025-11-14,0,0,0,0.6797
I0002072,C01217,J0082,8.4,0.682,0.772,1,0.615,164,3936.0,2025-12-19,0,0,0,0.8294
I0019182,C00146,J0139,5.7,0.537,0.304,2,0.561,219,5256.0,2025-10-25,0,0,0,0.6821
I0028148,C01917,J0044,5.5,1.0,0.911,2,0.579,346,8304.0,2025-06-20,0,0,0,0.57
I0005692,C01918,J0124,6.9,0.331,0.621,4,0.309,201,4824.0,2025-11-12,0,0,0,0.7932
I0053071,C02126,J0056,3.1,0.45,0.831,3,0.397,235,5640.0,2025-10-09,0,0,0,0.7662
I0022933,C02944,J0009,3.9,0.585,0.784,3,0.437,249,5976.0,2025-09-25,0,0,0,0.6996
I0036852,C01335,J0018,6.5,0.755,0.752,4,0.73,349,8376.0,2025-06-17,0,0,0,0.8212
I0042426,C03896,J0145,0.0,0.65,0.596,4,0.701,60,1440.0,2026-04-02,0,0,0,0.6489
I0028714,C01324,J0124,2.4,0.995,0.877,4,0.309,251,6024.0,2025-09-23,0,0,0,0.3212
I0047391,C01792,J0092,,0.494,0.536,4,0.623,241,5784.0,2025-10-03,0,0,0,0.6312
I0029911,C00774,J0119,2.1,0.879,0.812,1,0.541,136,3264.0,2026-01-16,0,0,0,0.5431
I0010434,C02543,J0090,4.9,0.437,0.653,3,0.558,312,7488.0,2025-07-24,0,0,0,0.6986
I0052896,C03084,J0033,3.2,0.294,0.839,1,0.649,289,6936.0,2025-08-16,1,0,0,0.5573
I0026908,C00366,J0130,5.2,0.826,0.618,1,0.81,245,5880.0,2025-09-29,0,0,0,0.7678
I0048561,C03853,J0043,1.1,0.441,0.751,3,0.512,156,3744.0,2025-12-27,1,1,0,0.6972
I0023201,C02867,J0124,7.2,0.786,0.915,4,0.309,218,5232.0,2025-10-26,0,0,0,0.5604
I0032487,C01768,J0050,0.0,0.685,0.673,3,0.587,58,1392.0,2026-04-04,0,0,0,0.6375
I0009924,C02455,J0014,4.1,0.629,0.666,1,0.37,184,4416.0,2025-11-29,0,0,0,0.5914
I0054248,C02139,J0068,2.4,0.232,0.644,2,0.713,275,6600.0,2025-08-30,0,0,0,0.4
I0006558,C03939,J0011,5.2,0.311,0.321,3,0.484,40,960.0,2026-04-22,0,0,0,0.5734
I0045346,C03933,J0010,0.0,0.815,0.966,4,0.566,182,4368.0,1970-01-01 00:00:00,0,0,0,0.6137
I0000251,C03528,J0126,7.2,0.702,0.724,2,0.635,119,2856.0,2026-02-02,0,0,0,0.7956
I0037662,C03267,J0016,,0.45,0.735,4,0.643,350,8400.0,2025-06-16,0,0,0,0.7268
I0038807,C00414,J0070,0.0,0.229,0.752,3,0.423,258,6192.0,2025-09-16,0,0,0,0.5921
I0027486,C00626,J0086,4.0,0.62,0.912,3,0.489,266,6384.0,2025-09-08,0,0,0,0.7493
I0006717,C02482,J0055,3.8,0.782,0.699,3,0.749,346,8304.0,2025-06-20,0,0,0,0.755
I0003001,C01120,J0069,6.5,0.679,0.689,2,0.698,45,1080.0,2026-04-17,0,0,0,0.8077
I0004894,C02774,J0074,0.0,0.601,0.787,1,0.343,264,6336.0,2025-09-10,0,0,0,0.5569
I0032511,C01608,J0019,4.2,0.727,0.819,1,0.693,76,1824.0,2026-03-17,0,0,0,0.7949
I0000454,C01269,J0121,8.2,0.838,0.804,3,0.82,306,7344.0,2025-07-30,0,0,0,0.8696
I0032834,C00678,J0020,5.5,0.72,0.658,4,0.849,121,2904.0,2026-01-31,1,0,0,0.7045
I0017133,C03663,J0087,5.9,0.69,0.725,3,0.578,254,6096.0,2025-09-20,0,0,0,0.7421
I0042610,C03941,J0139,5.8,0.453,0.848,2,0.561,329,7896.0,2025-07-07,0,0,0,0.778
I0010708,C03551,J0023,3.8,0.416,0.546,2,0.472,202,4848.0,2025-11-11,0,0,0,0.6956
I0038448,C03395,J0070,3.6,0.072,0.832,3,0.423,284,6816.0,2025-08-21,0,0,0,0.5649
I0040459,C03100,J0088,,0.432,0.539,2,0.856,388,9312.0,2025-05-09,0,0,0,0.4207
I0030812,C03655,J0022,2.9,0.364,0.785,1,0.577,185,4440.0,2025-11-28,0,0,0,0.6371
I0006434,C02037,J0033,0.0,0.581,0.734,1,0.649,350,8400.0,2025-06-16,0,0,0,0.6759
I0039559,C00497,J0067,7.8,0.749,0.735,4,0.443,247,5928.0,2025-09-27,0,0,0,0.6403
I0028316,C03380,J0120,2.2,0.886,0.488,2,0.522,358,8592.0,2025-06-08,0,0,0,0.4351
I0043777,C01821,J0048,0.0,1.0,0.754,2,0.774,271,6504.0,2025-09-03,0,0,0,0.5701
I0011459,C00830,J0057,6.4,0.489,1.0,2,0.372,338,8112.0,2025-06-28,0,0,0,0.8246
I0043682,C02905,J0094,0.8,1.0,0.894,2,0.625,339,8136.0,2025-06-27,0,0,0,0.5181
I0047501,C00355,J0008,6.6,0.626,0.725,2,0.441,187,4488.0,2025-11-26,0,0,0,0.7025
I0045161,C00733,J0023,2.2,0.946,0.589,2,0.472,259,6216.0,2025-09-15,0,0,0,0.386
I0044169,C01054,J0047,4.8,0.583,0.796,2,0.575,308,7392.0,2025-07-28,1,0,0,0.8169
I0040807,C02445,J0020,2.3,0.493,0.675,4,0.849,343,8232.0,2025-06-23,0,0,0,0.4951
I0044260,C00977,J0041,3.0,0.959,0.621,4,0.655,395,9480.0,2025-05-02,0,0,0,0.5284
I0036162,C03447,J0105,0.9,0.731,0.632,3,0.544,204,4896.0,2025-11-09,0,0,0,0.5785
I0007514,C00992,J0051,0.0,1.0,0.702,3,0.624,180,4320.0,2025-12-03,0,0,0,0.4497
I0027162,C03889,J0149,1.3,0.595,0.604,1,0.593,84,2016.0,2026-03-09,0,0,0,0.7077
I0023941,C01453,J0015,4.4,0.486,0.494,2,0.903,61,1464.0,2026-04-01,0,0,0,0.4366
I0028626,C01265,J0007,1.1,0.498,0.626,3,0.673,77,1848.0,2026-03-16,0,0,0,0.5886
I0008089,C01410,J0099,0.0,0.727,0.556,2,0.707,57,1368.0,2026-04-05,0,0,0,0.6595
I0056258,C01793,J0075,7.4,0.881,0.543,3,0.62,101,2424.0,2026-02-20,0,0,0,0.6112
I0030862,C01609,J0053,8.3,0.62,0.433,2,0.651,131,3144.0,2026-01-21,0,0,0,0.7575
I0051269,C01553,J0035,3.5,0.652,0.914,4,0.644,91,2184.0,2026-03-02,1,0,0,0.8281
I0046329,C02347,J0088,6.8,0.676,0.536,2,0.856,347,8328.0,2025-06-19,1,1,1,0.6561
I0034475,C01619,J0066,4.7,0.499,1.0,2,0.752,337,8088.0,2025-06-29,0,0,0,0.7
I0026137,C03293,J0011,6.2,0.514,0.956,3,0.484,127,3048.0,2026-01-25,0,0,0,0.8702
I0037734,C00486,J0009,,0.697,0.485,3,0.437,1,24.0,2026-05-31,0,0,0,0.4788
I0037343,C00817,J0076,7.4,0.74,1.0,4,0.695,334,8016.0,2025-07-02,0,0,0,0.8923
I0032176,C00999,J0116,1.1,0.201,0.859,4,0.696,75,1800.0,2026-03-18,0,0,0,0.4287
I0059747,C00671,J0095,6.3,0.935,0.882,3,0.582,249,5976.0,2025-09-25,0,0,0,0.6233
I0056567,C01210,J0097,1.9,0.586,0.622,1,0.65,290,6960.0,2025-08-15,0,0,0,0.6793
I0015815,C00109,J0043,6.9,0.83,0.482,3,0.512,121,2904.0,2026-01-31,0,0,0,0.5453
I0005512,C02093,J0062,3.8,0.78,0.911,4,0.382,286,6864.0,2025-08-19,0,0,0,0.5575
I0026294,C03455,J0105,7.7,0.619,0.925,3,0.544,173,4152.0,2025-12-10,1,0,0,0.8551
I0043828,C03004,J0058,6.1,0.949,0.895,1,0.519,2,48.0,2026-05-30,0,0,0,0.5693
I0010500,C01063,J0046,,0.334,0.573,3,0.767,126,3024.0,2026-01-26,0,0,0,0.3732
I0017641,C03740,J0128,3.6,0.316,0.714,3,0.677,155,3720.0,2025-12-28,0,0,0,0.5246
I0022621,C00624,J0055,9.4,0.658,1.0,3,0.749,260,6240.0,2025-09-14,0,0,0,0.8937
I0031264,C00672,J0004,2.9,0.239,0.721,2,0.655,260,6240.0,2025-09-14,0,0,0,0.476
I0019653,C01402,J0026,1.1,0.615,0.839,1,0.881,22,528.0,2026-05-10,1,0,0,0.5845
I0006707,C02959,J0013,4.4,0.024,1.0,3,0.854,198,4752.0,2025-11-15,0,0,0,0.2882
I0056790,C02747,J0141,8.1,0.879,0.732,3,0.672,57,1368.0,2026-04-05,0,0,0,0.7144
I0016245,C01257,J0050,1.9,0.694,0.632,3,0.587,55,1320.0,2026-04-07,0,0,0,0.6518
I0045286,C02479,J0029,0.0,0.616,0.624,1,0.913,290,6960.0,2025-08-15,0,0,0,0.4834
I0012139,C01976,J0052,6.3,0.695,0.781,4,0.406,267,6408.0,2025-09-07,0,0,0,0.6399
I0034628,C03317,J0089,4.3,0.662,0.798,3,0.39,243,5832.0,2025-10-01,0,0,0,0.6229
I0001270,C03187,J0052,7.7,0.646,0.667,4,0.406,301,7224.0,2025-08-04,0,0,0,0.666
I0005718,C03515,J0054,4.6,0.329,0.807,2,0.727,116,2784.0,2026-02-05,0,0,0,0.5417
I0023129,C01838,J0139,0.0,0.273,0.936,2,0.561,322,7728.0,2025-07-14,0,0,0,0.5778
I0059563,C03684,J0101,4.4,0.705,0.577,2,0.588,188,4512.0,2025-11-25,0,0,0,0.6715
I0037603,C03771,J0065,1.8,0.787,0.631,2,0.74,203,4872.0,2025-11-10,0,0,0,0.6921
I0052055,C00702,J0059,4.3,1.0,0.765,2,0.808,375,9000.0,2025-05-22,0,0,0,0.67
I0059741,C03673,J0045,6.8,0.688,0.964,4,0.544,12,288.0,2026-05-20,0,0,0,0.8022
I0008193,C00015,J0056,6.0,0.265,0.789,3,0.397,218,5232.0,2025-10-26,0,0,0,0.7478
I0017683,C02083,J0094,6.8,0.233,0.944,2,0.625,144,3456.0,2026-01-08,0,0,0,0.6217
I0040909,C03959,J0019,1.6,0.541,0.936,1,0.693,201,4824.0,2025-11-12,0,0,0,0.7007
I0002351,C01569,J0112,5.9,0.522,0.635,2,0.583,186,4464.0,2025-11-27,0,0,0,0.7527
I0055189,C03874,J0010,3.4,0.73,0.904,4,0.566,301,7224.0,2025-08-04,0,0,0,0.7137
I0049183,C02359,J0023,7.4,0.688,0.531,2,0.472,260,6240.0,2025-09-14,0,0,0,0.6395
I0056860,C03551,J0017,3.8,0.416,0.546,2,0.748,312,7488.0,2025-07-24,0,0,0,0.5011
I0035002,C03321,J0017,6.8,0.297,0.776,2,0.748,88,2112.0,2026-03-05,0,0,0,0.5328
I0005528,C01658,J0143,8.0,0.182,0.795,1,0.714,218,5232.0,2025-10-26,0,0,0,0.5013
I0017009,C03982,J0084,4.0,0.53,0.816,4,0.431,298,7152.0,2025-08-07,0,0,0,0.7448
I0016745,C01975,J0054,3.8,0.556,0.536,2,0.727,332,7968.0,2025-07-04,1,1,0,0.6117
I0059142,C02755,J0052,3.7,0.111,0.608,4,0.406,89,2136.0,2026-03-04,0,0,0,0.5429
I0048838,C02667,J0060,3.8,0.509,1.0,1,0.633,387,9288.0,2025-05-10,0,0,0,0.7757
I0029109,C01648,J0050,4.7,0.464,0.754,3,0.587,226,5424.0,2025-10-18,0,0,0,0.7223
I0009468,C02307,J0017,3.1,0.504,0.715,2,0.748,366,8784.0,2025-05-31,0,0,0,0.5989
I0050281,C03005,J0086,10.4,0.714,0.902,3,0.489,31,744.0,2026-05-01,0,0,0,0.7885
I0059351,C03806,J0047,1.8,0.7,0.758,2,0.575,134,3216.0,2026-01-18,0,0,0,0.6729
I0018365,C01451,J0109,3.6,0.499,0.713,2,0.714,115,2760.0,2026-02-06,1,1,0,0.6272
I0016886,C01095,J0000,5.3,0.371,0.666,4,0.534,139,3336.0,2026-01-13,0,0,0,0.6794
I0010877,C02266,J0057,9.1,0.816,0.652,2,0.372,102,2448.0,2026-02-19,0,0,0,0.5417
I0038403,C03515,J0097,4.6,0.329,0.807,1,0.65,276,6624.0,2025-08-29,0,0,0,0.5959
I0016031,C01522,J0096,0.0,0.425,0.417,3,0.799,93,2232.0,2026-02-28,0,0,0,0.3708
I0044679,C01798,J0038,7.0,0.671,0.64,4,0.713,202,4848.0,2025-11-11,0,0,0,0.7861
I0017537,C00307,J0073,8.1,0.682,0.678,2,0.624,18,432.0,2026-05-14,1,1,0,0.8042
I0034972,C00982,J0141,5.7,0.564,0.767,3,0.672,121,2904.0,2026-01-31,0,0,0,0.7534
I0009172,C01928,J0070,6.8,0.47,0.974,3,0.423,176,4224.0,1970-01-01 00:00:00,0,0,0,0.8734
I0021234,C02883,J0092,2.9,0.257,0.821,4,0.623,196,4704.0,2025-11-17,0,0,0,0.5394
I0040292,C03158,J0055,6.8,0.497,0.908,3,0.749,136,3264.0,2026-01-16,0,0,0,0.7103
I0052751,C02470,J0104,5.0,0.782,1.0,1,0.821,260,6240.0,2025-09-14,0,0,0,0.8559
I0055883,C03587,J0058,8.5,0.805,0.829,1,0.519,40,960.0,2026-04-22,0,0,0,0.6928
I0018349,C01558,J0131,6.4,0.563,0.663,2,0.716,299,7176.0,2025-08-06,0,0,0,0.7042
I0046642,C03841,J0107,0.5,0.377,0.677,2,0.389,279,6696.0,2025-08-26,0,0,0,0.7077
I0035004,C03193,J0023,0.0,0.57,1.0,2,0.472,116,2784.0,2026-02-05,0,0,0,0.7297
I0058740,C00540,J0040,8.2,0.334,0.784,1,0.393,219,5256.0,2025-10-25,0,0,0,0.835
I0004689,C00917,J0125,2.0,0.373,0.868,1,0.475,127,3048.0,2026-01-25,0,0,0,0.7235
I0012074,C03338,J0128,0.1,0.737,0.835,3,0.677,331,7944.0,2025-07-05,0,0,0,0.7117
I0009836,C03567,J0080,5.9,0.553,0.566,1,0.569,162,3888.0,2025-12-21,0,0,0,0.765
I0028422,C00558,J0118,4.0,0.442,0.65,2,0.57,295,7080.0,2025-08-10,0,0,0,0.6776
I0037269,C02908,J0134,2.4,0.417,0.811,2,0.353,119,2856.0,2026-02-02,0,0,0,0.741
I0055222,C03598,J0126,0.0,0.968,0.933,2,0.635,303,7272.0,2025-08-02,0,0,0,0.5452
I0024871,C03269,J0119,3.7,0.726,0.716,1,0.541,24,576.0,2026-05-08,0,0,0,0.6509
I0056559,C03217,J0045,5.5,0.678,0.649,4,0.544,307,7368.0,2025-07-29,0,0,0,0.6984
I0044445,C02918,J0138,,0.812,0.657,2,0.343,197,4728.0,2025-11-16,0,0,0,0.3715
I0015368,C03397,J0120,2.7,0.693,0.808,2,0.522,297,7128.0,2025-08-08,0,0,0,0.6698
I0035639,C03557,J0133,5.3,0.377,0.569,4,0.772,251,6024.0,2025-09-23,0,0,0,0.4885
I0019535,C00635,J0017,1.1,0.79,0.308,2,0.748,276,6624.0,2025-08-29,0,0,0,0.5927
I0053820,C01089,J0000,6.3,0.28,0.719,4,0.534,46,1104.0,2026-04-16,0,0,0,0.6471
I0000070,C00639,J0034,7.7,1.0,0.581,1,0.634,82,1968.0,2026-03-11,0,0,0,0.5529
I0040742,C01405,J0123,3.5,0.552,0.738,3,0.315,90,2160.0,2026-03-03,0,0,0,0.6171
I0032776,C00628,J0126,1.3,0.665,0.668,2,0.635,157,3768.0,2025-12-26,0,0,0,0.706
I0005766,C02791,J0132,6.8,0.968,0.868,3,0.612,296,7104.0,2025-08-09,1,0,0,0.6257
I0003375,C03949,J0116,4.0,0.623,0.731,4,0.696,19,456.0,2026-05-13,0,0,0,0.7392
I0036337,C01828,J0045,5.4,1.0,0.563,4,0.544,181,4344.0,2025-12-02,0,0,0,0.4455
I0035107,C02154,J0145,4.5,0.158,0.944,4,0.701,251,6024.0,1970-01-01 00:00:00,0,0,0,0.4764
I0000949,C01125,J0120,3.8,0.835,0.89,2,0.522,47,1128.0,2026-04-15,0,0,0,0.6114
I0041367,C03371,J0006,7.5,0.867,0.71,3,0.665,301,7224.0,2025-08-04,0,0,0,0.7015
I0030775,C02006,J0119,5.6,0.687,0.609,1,0.541,385,9240.0,2025-05-12,1,0,0,0.6804
I0051837,C00017,J0118,6.7,0.28,1.0,2,0.57,88,2112.0,2026-03-05,1,1,0,0.7077
I0046782,C01350,J0081,0.0,0.278,0.946,2,0.644,242,5808.0,2025-10-02,0,0,0,0.5256
I0006288,C03273,J0091,5.0,0.425,0.929,2,0.409,365,8760.0,2025-06-01,0,0,0,0.8521
I0019824,C00571,J0009,5.2,0.606,0.674,3,0.437,311,7464.0,2025-07-25,0,0,0,0.6757
I0007722,C02008,J0132,,0.271,0.609,3,0.612,286,6864.0,2025-08-19,0,0,0,0.5192
I0012915,C02573,J0109,2.0,0.661,0.661,2,0.714,393,9432.0,2025-05-04,0,0,0,0.6997
I0040182,C00660,J0056,5.9,0.407,0.788,3,0.397,384,9216.0,1970-01-01 00:00:00,0,0,0,0.8318
I0010276,C00009,J0075,2.0,0.624,0.737,3,0.62,370,8880.0,2025-05-27,0,0,0,0.7557
I0023861,C00956,J0141,1.4,1.0,1.0,3,0.672,252,6048.0,2025-09-22,0,0,0,0.5913
I0029770,C01981,J0059,3.3,0.45,0.89,2,0.808,305,7320.0,2025-07-31,0,0,0,0.5713
I0040712,C01564,J0063,5.4,0.634,0.714,4,0.497,284,6816.0,2025-08-21,0,0,0,0.713
I0009023,C00887,J0032,1.4,0.876,0.801,2,0.954,116,2784.0,2026-02-05,0,0,0,0.7114
I0005522,C01874,J0059,0.4,0.654,0.71,2,0.808,1,24.0,2026-05-31,0,0,0,0.6153
I0037313,C02760,J0012,3.7,0.968,0.931,1,0.468,357,8568.0,1970-01-01 00:00:00,1,0,0,0.4895
I0003186,C01869,J0049,4.5,0.724,0.846,2,0.631,366,8784.0,2025-05-31,0,0,0,0.766
I0012179,C00784,J0030,4.8,0.568,0.6,2,1.0,398,9552.0,2025-04-29,0,0,0,0.4627
I0029912,C02588,J0123,3.9,0.535,0.686,3,0.315,57,1368.0,2026-04-05,0,0,0,0.6212
I0052986,C01117,J0009,0.0,0.386,0.574,3,0.437,153,3672.0,2025-12-30,0,0,0,0.6427
I0053344,C01088,J0123,3.0,0.272,0.659,3,0.315,331,7944.0,2025-07-05,1,0,0,0.7231
I0012520,C00870,J0092,3.8,0.66,0.851,4,0.623,151,3624.0,2026-01-01,0,0,0,0.795
I0000578,C00558,J0093,4.0,0.442,0.65,3,0.757,159,3816.0,2025-12-24,0,0,0,0.5457
I0027849,C02555,J0089,6.3,0.693,0.854,3,0.39,78,1872.0,2026-03-15,1,0,0,0.6506
I0019548,C00398,J0053,4.8,0.317,0.566,2,0.651,94,2256.0,2026-02-27,0,0,0,0.5222
I0027863,C03207,J0017,3.7,0.651,0.775,2,0.748,178,4272.0,2025-12-05,0,0,0,0.7296
I0043657,C00715,J0137,6.5,0.763,0.496,1,0.69,377,9048.0,2025-05-20,0,0,0,0.7152
I0057990,C01197,J0137,1.6,0.684,0.994,1,0.69,119,2856.0,2026-02-02,0,0,0,0.82
I0038496,C00745,J0052,2.7,0.353,0.837,4,0.406,232,5568.0,2025-10-12,0,0,0,0.7612
I0019496,C02080,J0033,4.5,0.745,0.595,1,0.649,126,3024.0,2026-01-26,0,0,0,0.6931
I0007306,C03683,J0094,7.4,0.807,0.755,2,0.625,177,4248.0,2025-12-06,0,0,0,0.7266
I0051132,C03080,J0010,2.0,0.656,0.646,4,0.566,193,4632.0,2025-11-20,0,0,0,0.6694
I0020667,C01619,J0081,4.7,0.499,1.0,2,0.644,244,5856.0,2025-09-30,0,0,0,0.7761
I0053739,C02139,J0006,2.4,0.232,0.644,3,0.665,148,3552.0,2026-01-04,0,0,0,0.4338
I0055527,C02575,J0009,9.2,0.442,0.614,3,0.437,94,2256.0,2026-02-27,0,0,0,0.8421
I0056521,C01707,J0137,2.8,0.989,0.872,1,0.69,113,2712.0,2026-02-08,0,0,0,0.5993
I0055328,C01316,J0129,7.0,0.553,0.946,1,0.574,18,432.0,2026-05-14,0,0,0,0.8872
I0037400,C01342,J0029,3.7,0.844,0.886,1,0.913,10,240.0,2026-05-22,0,0,0,0.7806
I0019217,C01021,J0070,7.2,0.462,0.843,3,0.423,7,168.0,2026-05-25,0,0,0,0.8489
I0045570,C01573,J0132,2.4,0.478,0.838,3,0.612,371,8904.0,2025-05-26,1,1,0,0.6993
I0021361,C02501,J0148,2.1,0.66,0.741,4,0.719,88,2112.0,2026-03-05,1,0,0,0.7197
I0052948,C01025,J0110,5.6,0.534,0.571,2,0.549,292,7008.0,2025-08-13,0,0,0,0.762
I0010311,C02637,J0074,3.9,0.4,0.538,1,0.343,341,8184.0,2025-06-25,0,0,0,0.6943
I0048220,C00448,J0000,6.5,0.163,0.773,4,0.534,18,432.0,2026-05-14,0,0,0,0.5833
I0008870,C02912,J0109,3.6,0.648,0.527,2,0.714,276,6624.0,2025-08-29,0,0,0,0.6798
I0040236,C02671,J0069,5.5,0.623,0.687,2,0.698,95,2280.0,2026-02-26,1,0,0,0.7507
I0041281,C01470,J0079,3.2,0.996,0.651,2,0.518,9,216.0,2026-05-23,0,0,0,0.4176
I0052932,C03646,J0126,6.3,0.47,0.913,2,0.635,186,4464.0,2025-11-27,0,0,0,0.7646
I0014771,C01049,J0099,0.0,0.808,0.723,2,0.707,86,2064.0,2026-03-07,0,0,0,0.6495
I0001975,C00029,J0072,,0.669,0.881,1,0.651,210,5040.0,2025-11-03,0,0,0,0.8439
I0007681,C03551,J0097,3.8,0.416,0.546,1,0.65,101,2424.0,2026-02-20,1,0,0,0.5701
I0056221,C01658,J0001,8.0,0.182,0.795,3,0.47,374,8976.0,2025-05-23,0,0,0,0.6733
I0014144,C02356,J0029,4.2,0.686,0.914,1,0.913,330,7920.0,2025-07-06,1,0,0,0.6856
I0013129,C00782,J0020,7.3,0.411,0.754,4,0.849,97,2328.0,2026-02-24,0,0,0,0.5442
I0035458,C02336,J0065,8.7,0.834,0.724,2,0.74,340,8160.0,2025-06-26,0,0,0,0.8019
I0012447,C02929,J0109,2.4,0.758,0.691,2,0.714,70,1680.0,2026-03-23,0,0,0,0.7213
I0036602,C00633,J0094,4.8,0.426,0.88,2,0.625,305,7320.0,2025-07-31,0,0,0,0.7059
I0029645,C03258,J0009,6.0,0.33,0.6,3,0.437,117,2808.0,2026-02-04,0,0,0,0.7121
I0049852,C03306,J0004,1.1,0.391,0.663,2,0.655,131,3144.0,2026-01-21,0,0,0,0.5363
I0006225,C01132,J0054,4.0,0.712,1.0,2,0.727,23,552.0,2026-05-09,0,0,0,0.8559
I0052652,C03438,J0037,7.9,0.419,0.617,2,0.622,200,4800.0,1970-01-01 00:00:00,0,0,0,0.6814
I0031674,C01696,J0127,3.7,0.791,0.736,3,0.595,280,6720.0,2025-08-25,0,0,0,0.6488
I0039411,C01008,J0031,0.0,0.714,0.692,3,0.886,282,6768.0,2025-08-23,0,0,0,0.5907
I0053099,C03536,J0047,3.7,0.349,0.521,2,0.575,320,7680.0,2025-07-16,0,0,0,0.567
I0032609,C00472,J0062,9.8,0.208,0.719,4,0.382,56,1344.0,2026-04-06,0,0,0,0.7627
I0016814,C02019,J0125,6.7,0.856,0.656,1,0.475,111,2664.0,2026-02-10,0,0,0,0.5466
I0037922,C02814,J0077,2.2,0.683,0.879,4,0.837,137,3288.0,2026-01-15,0,0,0,0.6934
I0058660,C02450,J0140,7.4,0.806,0.864,1,0.66,159,3816.0,2025-12-24,0,0,0,0.7827
I0031033,C00801,J0084,5.7,0.493,0.648,4,0.431,184,4416.0,2025-11-29,1,0,0,0.7523
I0021104,C03387,J0072,4.8,0.645,0.826,1,0.651,142,3408.0,2026-01-10,1,0,0,0.8267
I0034226,C03645,J0116,6.0,0.695,0.846,4,0.696,126,3024.0,2026-01-26,0,0,0,0.8562
I0003753,C03662,J0034,,0.592,0.841,1,0.634,34,816.0,2026-04-28,0,0,0,0.7244
I0020512,C02414,J0034,4.3,0.766,0.88,1,0.634,289,6936.0,2025-08-16,0,0,0,0.7447
I0027876,C03501,J0127,4.7,0.617,0.664,3,0.595,148,3552.0,2026-01-04,0,0,0,0.7681
I0036002,C02133,J0001,3.8,0.908,0.529,3,0.47,334,8016.0,2025-07-02,0,0,0,0.4215
I0009553,C03095,J0072,3.4,0.734,0.816,1,0.651,140,3360.0,2026-01-12,1,0,0,0.7459
I0007168,C03845,J0062,4.0,0.419,0.979,4,0.382,376,9024.0,2025-05-21,0,0,0,0.8345
I0042797,C02932,J0075,9.3,0.508,0.75,3,0.62,64,1536.0,2026-03-29,0,0,0,0.8067
I0025542,C03471,J0056,,0.9,0.767,3,0.397,28,672.0,2026-05-04,0,0,0,0.4327
I0016421,C00221,J0044,1.1,0.462,0.765,2,0.579,223,5352.0,2025-10-21,1,0,0,0.6687
I0016751,C00225,J0008,3.8,0.408,0.674,2,0.441,347,8328.0,2025-06-19,0,0,0,0.7479
I0027954,C02023,J0026,1.9,0.729,0.864,1,0.881,235,5640.0,2025-10-09,0,0,0,0.6855
I0055637,C01904,J0075,5.7,0.261,0.836,3,0.62,176,4224.0,2025-12-07,0,0,0,0.5959
I0004245,C01478,J0049,0.2,0.653,0.66,2,0.631,166,3984.0,2025-12-17,1,0,0,0.6908
I0021617,C01756,J0142,7.0,0.491,0.903,2,0.778,105,2520.0,2026-02-16,0,0,0,0.6876
I0025794,C00442,J0070,3.4,0.648,0.572,3,0.423,253,6072.0,1970-01-01 00:00:00,0,0,0,0.577
I0044862,C02906,J0117,4.7,1.0,0.853,1,0.842,25,600.0,2026-05-07,0,0,0,0.7255
I0033345,C02926,J0076,5.2,0.114,0.988,4,0.695,128,3072.0,2026-01-24,0,0,0,0.4738
I0025894,C01462,J0133,6.3,0.748,0.624,4,0.772,353,8472.0,2025-06-13,0,0,0,0.7825
I0023516,C01058,J0128,2.8,0.533,0.878,3,0.677,74,1776.0,2026-03-19,0,0,0,0.7103
I0053876,C00760,J0117,9.6,0.518,0.725,1,0.842,337,8088.0,2025-06-29,0,0,0,0.6553
I0039456,C01594,J0033,0.7,0.356,0.781,1,0.649,62,1488.0,2026-03-31,0,0,0,0.5424
I0040199,C00733,J0115,2.2,0.946,0.589,1,0.627,281,6744.0,2025-08-24,0,0,0,0.4953
I0057474,C03954,J0010,0.9,0.632,0.934,4,0.566,233,5592.0,2025-10-11,0,0,0,0.7489
I0020003,C03502,J0121,6.4,0.264,0.776,3,0.82,304,7296.0,2025-08-01,1,0,0,0.452
I0042141,C02132,J0055,10.4,0.851,0.676,3,0.749,166,3984.0,2025-12-17,0,0,0,0.8115
I0047572,C03418,J0018,,0.532,0.923,4,0.73,18,432.0,2026-05-14,1,1,0,0.739
I0045299,C00324,J0037,1.1,0.65,0.914,2,0.622,385,9240.0,2025-05-12,0,0,0,0.7734
I0050413,C03561,J0131,6.4,0.416,0.713,2,0.716,12,288.0,2026-05-20,0,0,0,0.6147
I0052226,C02258,J0118,6.0,0.506,0.888,2,0.57,30,720.0,2026-05-02,0,0,0,0.8236
I0024636,C01949,J0098,3.9,0.691,0.55,1,0.723,172,4128.0,2025-12-11,0,0,0,0.7154
I0024929,C01368,J0112,4.4,0.564,0.671,2,0.583,276,6624.0,2025-08-29,0,0,0,0.7671
I0032342,C02395,J0030,0.8,0.481,0.481,2,1.0,371,8904.0,2025-05-26,0,0,0,0.3002
I0008723,C02317,J0088,3.1,0.687,1.0,2,0.856,145,3480.0,2026-01-07,0,0,0,0.7321
I0056177,C02678,J0138,6.5,0.431,0.675,2,0.343,120,2880.0,2026-02-01,0,0,0,0.7551
I0008368,C01786,J0128,6.0,0.482,1.0,3,0.677,105,2520.0,2026-02-16,0,0,0,0.7629
I0027893,C03336,J0014,0.6,0.508,0.718,1,0.37,75,1800.0,2026-03-18,0,0,0,0.6322
I0036891,C02973,J0038,3.3,0.911,0.693,4,0.713,361,8664.0,2025-06-05,0,0,0,0.6285
I0028679,C01665,J0050,5.9,0.505,0.535,3,0.587,374,8976.0,2025-05-23,0,0,0,0.7097
I0041485,C00215,J0135,5.1,0.441,0.829,3,0.587,27,648.0,2026-05-05,0,0,0,0.734
I0053170,C02924,J0063,6.8,0.415,1.0,4,0.497,62,1488.0,2026-03-31,0,0,0,0.8561
I0022344,C03975,J0130,8.6,1.0,0.685,1,0.81,258,6192.0,2025-09-16,0,0,0,0.7216
I0010399,C01051,J0037,1.3,0.343,0.854,2,0.622,11,264.0,2026-05-21,0,0,0,0.583
I0059079,C00181,J0066,6.3,0.52,0.509,2,0.752,42,1008.0,2026-04-20,0,0,0,0.6034
I0000681,C00453,J0016,5.0,0.54,0.785,4,0.643,394,9456.0,2025-05-03,0,0,0,0.7502
I0010563,C00521,J0094,0.0,0.84,0.716,2,0.625,278,6672.0,2025-08-27,0,0,0,0.5672
I0032524,C00656,J0087,5.5,0.358,0.571,3,0.578,195,4680.0,2025-11-18,0,0,0,0.6158
I0030793,C00695,J0031,5.7,0.588,0.87,3,0.886,60,1440.0,2026-04-02,0,0,0,0.6485
I0001388,C00018,J0094,6.4,0.603,0.729,2,0.625,370,8880.0,2025-05-27,0,0,0,0.8152
I0017758,C01681,J0074,1.0,0.702,0.628,1,0.343,363,8712.0,2025-06-03,0,0,0,0.4578
I0040944,C03638,J0125,4.9,0.708,0.733,1,0.475,332,7968.0,2025-07-04,0,0,0,0.6422
I0010993,C01632,J0012,4.4,0.447,0.772,1,0.468,146,3504.0,2026-01-06,0,0,0,0.7942
I0056715,C01331,J0027,3.4,0.635,0.54,1,0.574,164,3936.0,2025-12-19,0,0,0,0.6836
I0036711,C03559,J0013,6.5,0.191,0.724,3,0.854,12,288.0,2026-05-20,0,0,0,0.3636
I0029438,C03031,J0059,3.7,0.997,0.357,2,0.808,313,7512.0,2025-07-23,0,0,0,0.5469
I0023186,C02481,J0048,5.3,0.758,0.729,2,0.774,264,6336.0,2025-09-10,0,0,0,0.8008
I0052742,C00459,J0033,,0.495,0.703,1,0.649,285,6840.0,2025-08-20,0,0,0,0.6657
I0035047,C01801,J0011,1.6,0.533,0.902,3,0.484,394,9456.0,2025-05-03,0,0,0,0.7637
I0013924,C01009,J0032,3.8,0.708,0.925,2,0.954,188,4512.0,2025-11-25,0,0,0,0.6685
I0051135,C02859,J0027,3.9,0.784,0.67,1,0.574,51,1224.0,2026-04-11,0,0,0,0.6237
I0027611,C03125,J0001,2.8,1.0,0.657,3,0.47,202,4848.0,1970-01-01 00:00:00,0,0,0,0.3759
I0035727,C02805,J0084,1.7,0.669,0.488,4,0.431,107,2568.0,2026-02-14,0,0,0,0.5154
I0040671,C01257,J0014,1.9,0.694,0.632,1,0.37,61,1464.0,2026-04-01,0,0,0,0.4988
I0027132,C01913,J0034,0.0,0.336,1.0,1,0.634,9,216.0,2026-05-23,0,0,0,0.5887
I0041836,C03785,J0095,6.2,0.971,1.0,3,0.582,213,5112.0,2025-10-31,0,0,0,0.6295
I0001349,C02518,J0115,6.9,0.447,0.538,1,0.627,379,9096.0,2025-05-18,0,0,0,0.6584
I0043375,C03992,J0015,2.4,0.818,0.785,2,0.903,196,4704.0,2025-11-17,0,0,0,0.7189
I0018210,C03520,J0038,3.5,0.497,0.554,4,0.713,51,1224.0,2026-04-11,0,0,0,0.58
I0022506,C01428,J0001,6.4,0.615,0.571,3,0.47,172,4128.0,2025-12-11,0,0,0,0.6839
I0012946,C01660,J0109,,0.727,0.772,2,0.714,155,3720.0,2025-12-28,0,0,0,0.7863
I0057719,C03301,J0021,4.1,0.795,0.814,2,0.438,135,3240.0,2026-01-17,0,0,0,0.5641
I0036520,C01883,J0072,4.1,0.747,0.797,1,0.651,209,5016.0,2025-11-04,0,0,0,0.7433
I0041782,C03560,J0068,4.4,0.38,0.562,2,0.713,5,120.0,2026-05-27,0,0,0,0.515
I0036313,C03778,J0113,4.7,0.487,0.714,1,0.579,60,1440.0,2026-04-02,0,0,0,0.7328
I0049926,C00725,J0059,0.5,0.81,1.0,2,0.808,258,6192.0,2025-09-16,0,0,0,0.8059
I0016107,C00415,J0024,4.3,0.735,0.847,1,0.346,313,7512.0,2025-07-23,1,0,0,0.5542
I0004187,C02449,J0140,6.2,0.582,0.901,1,0.66,241,5784.0,2025-10-03,0,0,0,0.8208
I0023637,C03932,J0114,4.0,0.631,0.567,4,0.554,127,3048.0,2026-01-25,0,0,0,0.6901
I0003861,C03447,J0133,0.9,0.731,0.632,4,0.772,231,5544.0,2025-10-13,0,0,0,0.6814
I0010331,C02817,J0142,0.0,0.513,0.687,2,0.778,282,6768.0,2025-08-23,0,0,0,0.5238
I0023448,C01455,J0126,,0.467,0.776,2,0.635,166,3984.0,2025-12-17,0,0,0,0.668
I0057963,C00533,J0002,0.0,0.867,0.823,3,0.479,247,5928.0,2025-09-27,0,0,0,0.4754
I0047398,C02536,J0074,4.1,0.442,0.825,1,0.343,367,8808.0,2025-05-30,0,0,0,0.749
I0035091,C00822,J0134,3.5,0.733,0.707,2,0.353,376,9024.0,2025-05-21,0,0,0,0.5075
I0010869,C03266,J0140,8.6,0.303,0.875,1,0.66,369,8856.0,2025-05-28,0,0,0,0.6574
I0059571,C03878,J0111,,0.255,0.899,1,0.646,94,2256.0,2026-02-27,0,0,0,0.5505
I0007569,C03153,J0008,1.9,0.587,0.764,2,0.441,376,9024.0,2025-05-21,0,0,0,0.6615
I0038296,C03196,J0038,3.4,0.717,0.627,4,0.713,260,6240.0,2025-09-14,0,0,0,0.7483
I0003601,C03233,J0025,6.5,0.569,0.752,3,0.501,51,1224.0,2026-04-11,0,0,0,0.7909
I0055191,C00080,J0138,7.6,0.582,0.584,2,0.343,27,648.0,2026-05-05,1,0,0,0.6416
I0058525,C02935,J0139,3.8,0.436,1.0,2,0.561,215,5160.0,2025-10-29,1,0,0,0.775
I0028028,C00062,J0082,0.0,0.615,0.785,1,0.615,117,2808.0,2026-02-04,1,1,0,0.7382
I0041178,C03187,J0140,7.7,0.646,0.667,1,0.66,151,3624.0,2026-01-01,0,0,0,0.8253
I0037691,C03841,J0138,0.5,0.377,0.677,2,0.343,319,7656.0,2025-07-17,0,0,0,0.6922
I0007760,C01213,J0108,0.0,0.206,0.812,4,0.437,250,6000.0,2025-09-24,0,0,0,0.583
I0032429,C02236,J0143,6.9,0.622,0.769,1,0.714,381,9144.0,2025-05-16,0,0,0,0.7856
I0041677,C00487,J0078,4.8,0.523,0.615,2,0.5,333,7992.0,2025-07-03,1,0,0,0.7553
I0045491,C01190,J0137,1.2,0.511,0.665,1,0.69,160,3840.0,2025-12-23,0,0,0,0.5985
I0024249,C01218,J0065,,0.489,0.772,2,0.74,273,6552.0,2025-09-01,1,0,0,0.6489
I0011746,C00326,J0049,7.7,0.567,0.672,2,0.631,361,8664.0,2025-06-05,0,0,0,0.7915
I0025071,C00945,J0107,0.0,0.495,0.826,2,0.389,194,4656.0,2025-11-19,0,0,0,0.675
I0055448,C01722,J0125,0.0,0.746,0.639,1,0.475,351,8424.0,2025-06-15,0,0,0,0.506
I0052667,C01485,J0013,1.5,0.792,0.7,3,0.854,303,7272.0,2025-08-02,0,0,0,0.6959
I0042275,C02461,J0055,,0.597,0.585,3,0.749,368,8832.0,2025-05-29,0,0,0,0.7235
I0059284,C02438,J0079,5.1,0.405,0.584,2,0.518,346,8304.0,2025-06-20,0,0,0,0.6881
I0047163,C00099,J0109,5.4,0.441,0.895,2,0.714,125,3000.0,2026-01-27,0,0,0,0.6681
I0040594,C02628,J0048,0.5,0.422,0.877,2,0.774,244,5856.0,2025-09-30,0,0,0,0.5245
I0053207,C02426,J0024,0.0,0.628,0.443,1,0.346,160,3840.0,2025-12-23,0,0,0,0.443
I0036528,C01759,J0032,3.4,0.791,0.461,2,0.954,181,4344.0,2025-12-02,0,0,0,0.5895
I0055055,C01018,J0082,,0.6,0.4,1,0.615,242,5808.0,2025-10-02,0,0,0,0.7476
I0058231,C00252,J0038,0.0,0.485,0.555,4,0.713,91,2184.0,2026-03-02,0,0,0,0.5126
I0047751,C03372,J0043,1.2,0.549,0.653,3,0.512,281,6744.0,2025-08-24,1,0,0,0.6952
I0038790,C03805,J0020,1.9,0.614,1.0,4,0.849,129,3096.0,2026-01-23,0,0,0,0.6653
I0000501,C01276,J0047,0.8,0.445,0.749,2,0.575,253,6072.0,2025-09-21,1,1,0,0.6499
I0055905,C03387,J0112,4.8,0.645,0.826,2,0.583,123,2952.0,2026-01-29,1,0,0,0.7873
I0009961,C03378,J0001,2.8,0.805,0.929,3,0.47,329,7896.0,2025-07-07,0,0,0,0.59
I0008394,C02013,J0147,9.1,0.998,0.958,2,0.622,48,1152.0,2026-04-14,0,0,0,0.6759
I0016261,C03417,J0019,8.2,0.74,0.954,1,0.693,244,5856.0,2025-09-30,0,0,0,0.8914
I0016425,C03252,J0062,3.7,0.574,0.912,4,0.382,20,480.0,2026-05-12,0,0,0,0.7013
I0016386,C01908,J0069,4.8,0.721,0.58,2,0.698,274,6576.0,2025-08-31,0,0,0,0.7454
I0011838,C03680,J0050,0.4,0.878,0.634,3,0.587,362,8688.0,2025-06-04,0,0,0,0.4973
I0014851,C01208,J0045,6.4,0.336,0.903,4,0.544,111,2664.0,2026-02-10,0,0,0,0.7331
I0029453,C03748,J0091,0.7,0.609,0.706,2,0.409,281,6744.0,2025-08-24,0,0,0,0.5868
I0024936,C01090,J0078,4.1,0.887,0.72,2,0.5,153,3672.0,2025-12-30,0,0,0,0.5164
I0007947,C00351,J0126,2.9,0.655,0.694,2,0.635,268,6432.0,2025-09-06,0,0,0,0.7475
I0038538,C01629,J0097,0.0,0.729,0.645,1,0.65,283,6792.0,2025-08-22,0,0,0,0.643
I0013660,C01287,J0076,6.8,0.541,0.566,4,0.695,205,4920.0,2025-11-08,0,0,0,0.6829
I0014564,C02007,J0047,,0.405,0.659,2,0.575,306,7344.0,2025-07-30,0,0,0,0.6657
I0017113,C02589,J0093,6.6,0.565,0.605,3,0.757,125,3000.0,2026-01-27,0,0,0,0.6638
I0006933,C01523,J0119,4.9,0.406,0.818,1,0.541,7,168.0,2026-05-25,1,0,0,0.7352
I0009194,C02454,J0149,3.2,0.429,0.821,1,0.593,159,3816.0,2025-12-24,0,0,0,0.6869
I0020210,C01701,J0092,5.4,0.566,0.78,4,0.623,217,5208.0,2025-10-27,1,0,0,0.788
I0036714,C03246,J0006,9.4,0.279,0.624,3,0.665,396,9504.0,2025-05-01,0,0,0,0.5797
I0055344,C02711,J0062,2.2,0.658,0.72,4,0.382,2,48.0,2026-05-30,0,0,0,0.5625
I0023825,C01957,J0134,0.0,0.623,0.578,2,0.353,379,9096.0,2025-05-18,1,1,1,0.4895
I0020763,C00298,J0109,4.0,0.375,0.714,2,0.714,328,7872.0,2025-07-08,0,0,0,0.5469
I0028680,C00489,J0053,2.6,0.7,0.685,2,0.651,128,3072.0,2026-01-24,0,0,0,0.7194
I0001194,C01394,J0100,7.0,0.677,1.0,1,0.169,20,480.0,2026-05-12,0,0,0,0.5591
I0054930,C02450,J0019,7.4,0.806,0.864,1,0.693,195,4680.0,1970-01-01 00:00:00,0,0,0,0.806
I0005396,C01108,J0113,1.2,0.519,0.756,1,0.579,52,1248.0,2026-04-10,0,0,0,0.708
I0025646,C00363,J0000,0.8,0.692,0.951,4,0.534,254,6096.0,2025-09-20,0,0,0,0.6872
I0024567,C02502,J0036,9.3,0.493,1.0,4,0.6,109,2616.0,2026-02-12,0,0,0,0.8807
I0043901,C01954,J0072,0.9,0.616,0.734,1,0.651,63,1512.0,2026-03-30,0,0,0,0.7144
I0003142,C01058,J0012,2.8,0.533,0.878,1,0.468,379,9096.0,2025-05-18,0,0,0,0.766
I0044949,C00055,J0089,2.6,0.381,0.697,3,0.39,93,2232.0,2026-02-28,0,0,0,0.751
I0026689,C00045,J0129,2.8,0.664,0.722,1,0.574,8,192.0,2026-05-24,0,0,0,0.7044
I0028839,C03315,J0054,3.5,0.207,0.536,2,0.727,8,192.0,2026-05-24,0,0,0,0.3606
I0047423,C03187,J0029,,0.646,0.667,1,0.913,181,4344.0,2025-12-02,0,0,0,0.647
I0052367,C02135,J0052,0.0,1.0,0.629,4,0.406,230,5520.0,2025-10-14,0,0,0,0.2755
I0006860,C01548,J0029,0.0,0.515,0.668,1,0.913,368,8832.0,2025-05-29,0,0,0,0.4246
I0003638,C00972,J0064,2.4,0.5,0.705,1,0.487,215,5160.0,2025-10-29,0,0,0,0.7471
I0027166,C01711,J0122,,0.662,0.931,2,0.704,1,24.0,2026-05-31,0,0,0,0.8411
I0038204,C00874,J0005,1.4,0.632,1.0,1,0.566,211,5064.0,2025-11-02,0,0,0,0.776
I0005966,C00115,J0070,0.0,0.501,0.91,3,0.423,235,5640.0,2025-10-09,0,0,0,0.7185
I0000776,C02918,J0136,0.0,0.812,0.657,2,0.621,55,1320.0,2026-04-07,0,0,0,0.5675
I0029812,C03516,J0131,4.6,0.653,0.663,2,0.716,57,1368.0,2026-04-05,0,0,0,0.7372
I0056125,C00032,J0053,4.3,0.582,0.863,2,0.651,241,5784.0,2025-10-03,1,1,0,0.7843
I0030046,C00521,J0126,0.0,0.84,0.716,2,0.635,260,6240.0,2025-09-14,0,0,0,0.5742
I0005246,C00954,J0073,6.0,0.524,0.431,2,0.624,118,2832.0,2026-02-03,0,0,0,0.6694
I0038199,C03806,J0098,1.8,0.7,0.758,1,0.723,73,1752.0,2026-03-20,0,0,0,0.7448
I0009621,C03311,J0114,1.4,0.455,1.0,4,0.554,28,672.0,2026-05-04,0,0,0,0.7527
I0009789,C02003,J0118,4.6,0.46,0.898,2,0.57,366,8784.0,2025-05-31,0,0,0,0.7703
I0010612,C00180,J0082,2.7,0.691,0.56,1,0.615,58,1392.0,2026-04-04,1,0,0,0.6669
I0046897,C03605,J0123,4.5,0.638,0.929,3,0.315,63,1512.0,2026-03-30,0,0,0,0.6272
I0046668,C00697,J0001,4.6,0.379,0.777,3,0.47,245,5880.0,2025-09-29,0,0,0,0.7496
I0035511,C01516,J0067,6.1,0.366,0.871,4,0.443,360,8640.0,2025-06-06,0,0,0,0.8114
I0029314,C01654,J0007,5.3,0.854,0.806,3,0.673,311,7464.0,2025-07-25,0,0,0,0.7062
I0049873,C01506,J0095,8.1,1.0,0.735,3,0.582,11,264.0,2026-05-21,0,0,0,0.5665
I0031934,C03612,J0115,0.0,0.598,0.636,1,0.627,376,9024.0,2025-05-21,0,0,0,0.6757
I0033530,C00378,J0091,1.9,0.399,0.641,2,0.409,145,3480.0,2026-01-07,0,0,0,0.7227
I0031517,C01588,J0105,2.2,0.55,0.829,3,0.544,113,2712.0,2026-02-08,0,0,0,0.7836
I0014636,C00818,J0002,3.0,0.862,1.0,3,0.479,281,6744.0,2025-08-24,1,0,0,0.5796
I0037216,C02958,J0133,2.2,0.744,0.874,4,0.772,49,1176.0,2026-04-13,0,0,0,0.7808
I0057798,C01198,J0022,6.7,0.703,0.778,1,0.577,273,6552.0,2025-09-01,0,0,0,0.7608
I0006758,C00905,J0086,3.9,0.706,0.762,3,0.489,136,3264.0,2026-01-16,0,0,0,0.6447
I0057361,C02251,J0145,7.0,0.779,0.753,4,0.701,305,7320.0,2025-07-31,0,0,0,0.7926
I0034861,C02747,J0053,8.1,0.879,0.732,2,0.651,202,4848.0,2025-11-11,0,0,0,0.6996
I0048875,C01014,J0061,4.6,0.779,0.598,1,0.484,134,3216.0,2026-01-18,0,0,0,0.5553
I0023738,C01762,J0040,2.3,0.374,0.957,1,0.393,67,1608.0,2026-03-26,0,0,0,0.8122
I0056548,C03870,J0092,3.8,0.611,0.655,4,0.623,106,2544.0,2026-02-15,0,0,0,0.7574
I0003776,C00236,J0019,8.3,0.343,0.54,1,0.693,42,1008.0,2026-04-20,0,0,0,0.5628
I0022876,C00405,J0115,4.7,0.439,0.649,1,0.627,391,9384.0,2025-05-06,0,0,0,0.6468
I0020579,C03078,J0114,0.7,0.975,0.956,4,0.554,111,2664.0,2026-02-10,0,0,0,0.5015
I0041305,C03172,J0016,7.7,0.693,0.617,4,0.643,275,6600.0,2025-08-30,0,0,0,0.7858
I0013717,C03398,J0002,5.0,0.526,0.606,3,0.479,341,8184.0,2025-06-25,0,0,0,0.7392
I0051106,C00462,J0104,0.0,0.69,0.539,1,0.821,205,4920.0,2025-11-08,0,0,0,0.5765
I0051297,C03148,J0096,11.8,0.626,0.904,3,0.799,342,8208.0,2025-06-24,0,0,0,0.8494
I0017914,C00949,J0055,2.1,0.789,0.684,3,0.749,283,6792.0,2025-08-22,0,0,0,0.717
I0050152,C01987,J0021,3.3,0.992,0.56,2,0.438,166,3984.0,2025-12-17,0,0,0,0.3401
I0049687,C00331,J0005,5.9,0.64,0.83,1,0.566,258,6192.0,2025-09-16,1,1,0,0.7985
I0013719,C02725,J0046,0.0,1.0,0.815,3,0.767,316,7584.0,2025-07-20,0,0,0,0.5824
I0027763,C03802,J0042,2.3,0.583,0.649,3,0.496,308,7392.0,2025-07-28,0,0,0,0.6774
I0001618,C00539,J0101,4.1,0.746,0.774,2,0.588,22,528.0,2026-05-10,0,0,0,0.6931
I0032652,C03655,J0049,2.9,0.364,0.785,2,0.631,57,1368.0,2026-04-05,0,0,0,0.599
I0033010,C01762,J0101,2.3,0.374,0.957,2,0.588,155,3720.0,2025-12-28,0,0,0,0.6747
I0040327,C01203,J0045,3.3,0.766,0.88,4,0.544,122,2928.0,2026-01-30,0,0,0,0.6643
I0032637,C02179,J0095,6.1,0.586,0.688,3,0.582,357,8568.0,2025-06-09,0,0,0,0.8112
I0029501,C02081,J0061,2.5,0.875,0.682,1,0.484,52,1248.0,2026-04-10,0,0,0,0.4758
I0043749,C02044,J0082,0.0,0.759,0.818,1,0.615,45,1080.0,2026-04-17,0,0,0,0.646
I0048187,C02784,J0036,0.3,0.744,0.876,4,0.6,152,3648.0,2025-12-31,0,0,0,0.6674
I0001169,C01943,J0138,7.2,0.537,0.819,2,0.343,393,9432.0,2025-05-04,0,0,0,0.7328
I0002778,C02578,J0069,3.8,0.623,0.873,2,0.698,60,1440.0,2026-04-02,0,0,0,0.7744
I0003445,C03687,J0103,0.1,0.38,0.909,4,0.476,285,6840.0,2025-08-20,0,0,0,0.7072
I0037046,C02402,J0058,,0.568,0.719,1,0.519,147,3528.0,1970-01-01 00:00:00,0,0,0,0.7815
I0048314,C00873,J0100,7.7,0.688,0.761,1,0.169,240,5760.0,2025-10-04,0,0,0,0.4958
I0045294,C03142,J0014,5.6,0.319,0.739,1,0.37,150,3600.0,2026-01-02,0,0,0,0.784
I0009317,C03123,J0148,9.0,0.716,0.633,4,0.719,209,5016.0,2025-11-04,0,0,0,0.8455
I0002996,C00475,J0087,1.9,0.443,0.671,3,0.578,140,3360.0,2026-01-12,0,0,0,0.643
I0016039,C01368,J0135,4.4,0.564,0.671,3,0.587,379,9096.0,2025-05-18,0,0,0,0.7643
I0006995,C01472,J0148,7.7,0.774,0.779,4,0.719,176,4224.0,2025-12-07,0,0,0,0.828
I0054731,C02064,J0129,3.4,0.566,0.805,1,0.574,256,6144.0,2025-09-18,0,0,0,0.7957
I0032168,C02335,J0101,7.7,0.59,0.696,2,0.588,72,1728.0,2026-03-21,0,0,0,0.842
I0047504,C02491,J0110,6.2,0.759,0.777,2,0.549,91,2184.0,2026-03-02,0,0,0,0.6928
I0036909,C00120,J0053,3.5,0.643,0.567,2,0.651,213,5112.0,2025-10-31,0,0,0,0.7303
I0036193,C00153,J0081,7.2,0.409,0.578,2,0.644,373,8952.0,2025-05-24,1,0,0,0.636
I0039079,C00694,J0021,3.8,0.489,0.833,2,0.438,329,7896.0,2025-07-07,0,0,0,0.7801
I0031754,C03702,J0066,3.8,0.341,0.593,2,0.752,221,5304.0,2025-10-23,0,0,0,0.4586
I0041827,C02111,J0054,3.5,0.56,0.75,2,0.727,335,8040.0,2025-07-01,0,0,0,0.6698
I0028845,C01688,J0107,3.4,0.919,0.69,2,0.389,319,7656.0,2025-07-17,0,0,0,0.3953
I0002758,C03610,J0132,5.3,0.684,0.561,3,0.612,162,3888.0,2025-12-21,0,0,0,0.7139
I0018553,C02280,J0041,9.1,0.584,0.642,4,0.655,261,6264.0,2025-09-13,0,0,0,0.8018
I0050872,C00685,J0025,3.1,0.559,0.587,3,0.501,182,4368.0,2025-12-01,0,0,0,0.6939
I0005847,C02423,J0106,4.5,0.708,0.855,3,0.884,360,8640.0,2025-06-06,0,0,0,0.71
I0019264,C00734,J0050,6.6,0.483,0.862,3,0.587,375,9000.0,2025-05-22,0,0,0,0.7983
I0034220,C01836,J0085,5.6,0.224,1.0,1,0.66,117,2808.0,2026-02-04,0,0,0,0.5862
I0026662,C01948,J0109,6.3,0.269,0.825,2,0.714,188,4512.0,2025-11-25,0,0,0,0.5424
I0047891,C02980,J0037,3.9,0.464,0.609,2,0.622,256,6144.0,2025-09-18,0,0,0,0.6432
I0017607,C02136,J0127,6.3,0.529,0.67,3,0.595,325,7800.0,2025-07-11,1,0,0,0.7658
I0041838,C01489,J0086,7.5,0.408,0.786,3,0.489,347,8328.0,2025-06-19,0,0,0,0.8083
I0051250,C03037,J0088,7.6,0.799,0.568,2,0.856,10,240.0,2026-05-22,0,0,0,0.7654
I0011072,C02552,J0137,,0.692,0.636,1,0.69,352,8448.0,2025-06-14,0,0,0,0.8284
I0006132,C00635,J0034,1.1,0.79,0.308,1,0.634,252,6048.0,2025-09-22,0,0,0,0.5123
I0014261,C03066,J0119,8.3,0.932,0.546,1,0.541,106,2544.0,2026-02-15,0,0,0,0.5356
I0018386,C02277,J0022,,0.503,0.989,1,0.577,395,9480.0,2025-05-02,0,0,0,0.7435
I0056379,C03785,J0034,6.2,0.971,1.0,1,0.634,88,2112.0,2026-03-05,0,0,0,0.6661
I0020879,C03559,J0111,6.5,0.191,0.724,1,0.646,94,2256.0,2026-02-27,0,0,0,0.5102
I0025627,C01369,J0062,2.6,0.407,0.321,4,0.382,217,5208.0,2025-10-27,0,0,0,0.6337
I0012350,C03359,J0134,5.8,0.277,0.813,2,0.353,167,4008.0,2025-12-16,0,0,0,0.7906
I0040423,C00041,J0141,3.9,0.856,0.838,3,0.672,363,8712.0,2025-06-03,0,0,0,0.6894
I0006515,C00849,J0145,6.6,0.843,0.579,4,0.701,321,7704.0,2025-07-15,0,0,0,0.6917
I0020419,C03413,J0108,0.6,0.351,0.834,4,0.437,139,3336.0,2026-01-13,0,0,0,0.7015
I0019876,C01761,J0081,5.6,0.82,0.593,2,0.644,263,6312.0,2025-09-11,0,0,0,0.6547
I0039903,C03006,J0006,,0.825,0.8,3,0.665,279,6696.0,2025-08-26,0,0,0,0.6296
I0047229,C02189,J0145,1.5,0.529,0.946,4,0.701,224,5376.0,2025-10-20,0,0,0,0.6877
I0038566,C03198,J0017,5.3,0.725,0.748,2,0.748,68,1632.0,2026-03-25,0,0,0,0.8012
I0028263,C02456,J0062,2.4,0.356,0.682,4,0.382,16,384.0,2026-05-16,0,0,0,0.7314
I0016158,C02295,J0040,3.4,0.117,0.644,1,0.393,324,7776.0,2025-07-12,0,0,0,0.5614
I0035714,C02719,J0092,3.2,0.57,1.0,4,0.623,48,1152.0,2026-04-14,0,0,0,0.8156
I0003914,C02457,J0005,3.0,0.936,0.538,1,0.566,88,2112.0,2026-03-05,0,0,0,0.4585
I0029939,C02816,J0132,5.4,0.438,0.712,3,0.612,310,7440.0,2025-07-26,0,0,0,0.6863
I0010735,C03902,J0116,5.4,1.0,0.703,4,0.696,378,9072.0,2025-05-19,0,0,0,0.5921
I0039826,C00370,J0107,2.9,0.742,0.947,2,0.389,351,8424.0,2025-06-15,0,0,0,0.5841
I0040036,C00007,J0108,3.3,0.504,0.765,4,0.437,336,8064.0,2025-06-30,0,0,0,0.7412
I0053673,C00070,J0132,6.2,0.753,0.482,3,0.612,100,2400.0,2026-02-21,0,0,0,0.6583
I0030998,C00616,J0054,7.1,0.91,0.709,2,0.727,353,8472.0,2025-06-13,1,0,0,0.7079
I0023469,C00922,J0017,0.1,0.265,0.469,2,0.748,232,5568.0,2025-10-12,0,0,0,0.3103
I0022971,C02324,J0102,3.7,0.763,0.868,2,0.438,118,2832.0,2026-02-03,0,0,0,0.5951
I0056747,C01122,J0079,7.5,0.61,0.878,2,0.518,368,8832.0,2025-05-29,1,0,0,0.8264
I0041129,C03498,J0009,0.0,0.268,0.58,3,0.437,359,8616.0,2025-06-07,0,0,0,0.5613
I0024531,C01098,J0147,0.0,0.697,0.852,2,0.622,64,1536.0,2026-03-29,0,0,0,0.7042
I0051814,C01000,J0002,2.5,0.5,0.644,3,0.479,19,456.0,2026-05-13,0,0,0,0.7259
I0014448,C01487,J0069,5.9,0.626,0.59,2,0.698,228,5472.0,2025-10-16,0,0,0,0.7323
I0031420,C03672,J0115,,0.417,0.7,1,0.627,253,6072.0,2025-09-21,0,0,0,0.6897
I0030704,C02768,J0101,3.6,0.62,0.808,2,0.588,40,960.0,2026-04-22,1,0,0,0.783
I0054807,C03124,J0083,4.2,0.756,0.45,3,0.691,207,4968.0,2025-11-06,0,0,0,0.669
I0001138,C03552,J0099,5.1,0.355,0.656,2,0.707,40,960.0,2026-04-22,0,0,0,0.54
I0050102,C02024,J0083,3.3,0.548,0.899,3,0.691,397,9528.0,2025-04-30,0,0,0,0.7254
I0000110,C00907,J0060,0.0,0.51,0.809,1,0.633,303,7272.0,2025-08-02,0,0,0,0.6583
I0045945,C02678,J0065,6.5,0.431,0.675,2,0.74,74,1776.0,2026-03-19,0,0,0,0.5993
I0026383,C00178,J0119,1.5,0.807,0.86,1,0.541,281,6744.0,2025-08-24,0,0,0,0.5972
I0016062,C01488,J0063,5.3,1.0,0.415,4,0.497,119,2856.0,2026-02-02,0,0,0,0.369
I0015814,C00514,J0046,0.0,0.646,0.764,3,0.767,224,5376.0,2025-10-20,0,0,0,0.647
I0038662,C01071,J0148,1.9,0.481,0.587,4,0.719,350,8400.0,2025-06-16,0,0,0,0.5467
I0020548,C01855,J0108,9.8,0.82,0.975,4,0.437,59,1416.0,2026-04-03,0,0,0,0.6876
I0029716,C02127,J0049,2.1,0.276,0.487,2,0.631,46,1104.0,2026-04-16,0,0,0,0.4394
I0046072,C03526,J0137,1.1,0.591,0.705,1,0.69,385,9240.0,2025-05-12,0,0,0,0.6645
I0030247,C00144,J0010,5.2,0.643,1.0,4,0.566,360,8640.0,2025-06-06,0,0,0,0.8325
I0053584,C00566,J0043,2.0,0.641,0.794,3,0.512,301,7224.0,2025-08-04,0,0,0,0.6836
I0034730,C02068,J0034,2.8,0.574,0.792,1,0.634,133,3192.0,2026-01-19,0,0,0,0.7452
I0002522,C00325,J0139,8.2,0.616,0.611,2,0.561,232,5568.0,2025-10-12,0,0,0,0.7891
I0022856,C00899,J0052,2.2,0.547,0.949,4,0.406,364,8736.0,2025-06-02,0,0,0,0.7223
I0059536,C02966,J0113,0.4,0.229,0.8,1,0.579,375,9000.0,2025-05-22,0,0,0,0.5025
I0046755,C03809,J0069,,0.983,0.941,2,0.698,77,1848.0,2026-03-16,0,0,0,0.7065
I0057038,C02188,J0063,,0.812,0.488,4,0.497,210,5040.0,2025-11-03,0,0,0,0.5508
I0004039,C02790,J0074,3.0,0.75,0.907,1,0.343,199,4776.0,2025-11-14,0,0,0,0.5364
I0031475,C02198,J0084,3.2,0.632,0.964,4,0.431,6,144.0,2026-05-26,0,0,0,0.7011
I0006188,C03486,J0126,0.0,0.645,1.0,2,0.635,232,5568.0,2025-10-12,0,0,0,0.7918
I0004053,C02553,J0047,6.9,0.499,0.787,2,0.575,337,8088.0,2025-06-29,0,0,0,0.8019
I0028053,C03561,J0034,6.4,0.416,0.713,1,0.634,37,888.0,2026-04-25,0,0,0,0.6725
I0038189,C01747,J0057,3.5,0.133,0.747,2,0.372,136,3264.0,2026-01-16,0,0,0,0.6182
I0042659,C01922,J0013,0.7,0.531,0.628,3,0.854,217,5208.0,1970-01-01 00:00:00,0,0,0,0.4781
I0009452,C03973,J0040,6.6,0.272,0.781,1,0.393,289,6936.0,2025-08-16,0,0,0,0.7634
I0059717,C01878,J0009,5.6,0.647,0.637,3,0.437,368,8832.0,2025-05-29,1,0,0,0.6432
I0018795,C00507,J0144,1.4,0.539,0.492,2,0.591,76,1824.0,2026-03-17,1,0,0,0.6426
I0034436,C02066,J0039,7.9,0.57,0.81,1,0.53,298,7152.0,2025-08-07,0,0,0,0.8507
I0012610,C01331,J0119,3.4,0.635,0.54,1,0.541,134,3216.0,2026-01-18,0,0,0,0.6604
I0050525,C01176,J0079,6.1,0.521,0.523,2,0.518,0,0.0,2026-06-01,0,0,0,0.7654
I0044184,C00215,J0037,,0.441,0.829,2,0.622,381,9144.0,2025-05-16,0,0,0,0.7093
I0058721,C02248,J0148,0.0,0.854,0.717,4,0.719,362,8688.0,2025-06-04,0,0,0,0.6239
I0000957,C02343,J0099,6.2,0.529,0.969,2,0.707,129,3096.0,2026-01-23,0,0,0,0.7695
I0019498,C00454,J0024,2.9,0.775,0.386,1,0.346,233,5592.0,2025-10-11,0,0,0,0.3723
I0022685,C03072,J0117,8.8,0.724,0.883,1,0.842,154,3696.0,2025-12-29,0,0,0,0.8315
I0056160,C01065,J0028,0.0,0.366,0.403,3,0.898,245,5880.0,2025-09-29,1,0,0,0.2555
I0040999,C03839,J0137,5.9,0.275,0.834,1,0.69,378,9072.0,2025-05-19,0,0,0,0.5593
I0049250,C03742,J0047,0.0,0.351,0.619,2,0.575,213,5112.0,2025-10-31,0,0,0,0.5335
I0030882,C00977,J0045,3.0,0.959,0.621,4,0.544,350,8400.0,2025-06-16,0,0,0,0.4502
I0003698,C00352,J0095,4.9,0.289,0.83,3,0.582,182,4368.0,2025-12-01,0,0,0,0.6272
I0035073,C02333,J0088,3.9,0.56,0.98,2,0.856,301,7224.0,2025-08-04,0,0,0,0.6505
I0053528,C01420,J0027,5.6,0.228,0.7,1,0.574,363,8712.0,2025-06-03,1,0,0,0.5651
I0023592,C03732,J0090,2.9,0.685,0.657,3,0.558,1,24.0,2026-05-31,0,0,0,0.6616
I0030829,C02100,J0038,3.4,0.262,0.816,4,0.713,399,9576.0,2025-04-28,0,0,0,0.4865
I0045064,C02994,J0110,1.8,0.44,0.917,2,0.549,127,3048.0,2026-01-25,0,0,0,0.729
I0009631,C00052,J0117,7.9,0.161,0.661,1,0.842,239,5736.0,2025-10-05,0,0,0,0.3568
I0041558,C00830,J0029,6.4,0.489,1.0,1,0.913,214,5136.0,2025-10-30,0,0,0,0.6082
I0003570,C02115,J0102,5.8,0.491,0.736,2,0.438,189,4536.0,2025-11-24,0,0,0,0.7851
I0037738,C01720,J0059,6.0,0.84,0.747,2,0.808,200,4800.0,2025-11-13,0,0,0,0.8064
I0004107,C00566,J0076,2.0,0.641,0.794,4,0.695,71,1704.0,2026-03-22,0,0,0,0.7365
I0006201,C00468,J0067,0.0,0.242,0.892,4,0.443,370,8880.0,2025-05-27,0,0,0,0.6267
I0047522,C00218,J0088,7.0,0.85,1.0,2,0.856,30,720.0,2026-05-02,1,0,0,0.913
I0027625,C00514,J0034,0.0,0.646,0.764,1,0.634,248,5952.0,2025-09-26,0,0,0,0.7238
I0009206,C02669,J0027,0.0,0.705,0.661,1,0.574,135,3240.0,2026-01-17,0,0,0,0.6109
I0031223,C00936,J0017,3.9,0.859,0.899,2,0.748,262,6288.0,2025-09-12,0,0,0,0.7581
I0005265,C01535,J0058,3.8,0.344,0.922,1,0.519,298,7152.0,2025-08-07,0,0,0,0.7177
I0003184,C01927,J0017,0.0,0.32,0.692,2,0.748,143,3432.0,2026-01-09,0,0,0,0.4103
I0027587,C02374,J0123,5.9,0.482,0.635,3,0.315,320,7680.0,2025-07-16,0,0,0,0.678
I0041154,C00909,J0109,3.6,0.349,0.652,2,0.714,56,1344.0,2026-04-06,1,0,0,0.5043
I0049181,C00107,J0096,3.7,0.831,0.731,3,0.799,201,4824.0,2025-11-12,0,0,0,0.763
I0025687,C02577,J0070,2.3,0.946,0.611,3,0.423,24,576.0,2026-05-08,1,1,0,0.3594
I0026216,C03974,J0009,4.2,0.83,0.837,3,0.437,347,8328.0,2025-06-19,0,0,0,0.5469
I0030488,C03015,J0051,7.1,0.403,0.928,3,0.624,51,1224.0,2026-04-11,0,0,0,0.7428
I0047232,C01383,J0013,1.3,0.64,0.565,3,0.854,365,8760.0,2025-06-01,1,0,0,0.5473
I0042015,C03016,J0000,,0.955,1.0,4,0.534,190,4560.0,2025-11-23,1,1,1,0.568
I0012890,C03176,J0054,6.6,0.656,0.886,2,0.727,41,984.0,2026-04-21,0,0,0,0.8283
I0025980,C02868,J0004,1.7,0.502,0.787,2,0.655,199,4776.0,2025-11-14,1,0,0,0.6597
I0006133,C01383,J0102,1.3,0.64,0.565,2,0.438,147,3528.0,2026-01-05,0,0,0,0.5558
I0053387,C03480,J0127,0.0,0.795,0.751,3,0.595,201,4824.0,2025-11-12,0,0,0,0.5876
I0011807,C01594,J0046,0.7,0.356,0.781,3,0.767,390,9360.0,2025-05-07,0,0,0,0.4592
I0007892,C03943,J0029,7.7,0.464,0.566,1,0.913,101,2424.0,2026-02-20,0,0,0,0.4902
I0006689,C03159,J0146,0.0,0.408,0.709,3,0.57,120,2880.0,2026-02-01,0,0,0,0.6026
I0014446,C03671,J0019,3.9,0.599,0.865,1,0.693,75,1800.0,2026-03-18,0,0,0,0.7605
I0027205,C01223,J0009,4.0,0.437,0.842,3,0.437,137,3288.0,2026-01-15,0,0,0,0.8219
I0004264,C02594,J0086,12.4,0.472,0.79,3,0.489,152,3648.0,2025-12-31,0,0,0,0.9374
I0004097,C02728,J0077,3.0,0.398,0.605,4,0.837,273,6552.0,2025-09-01,0,0,0,0.4287
I0023735,C00940,J0112,1.8,0.678,0.799,2,0.583,195,4680.0,2025-11-18,1,0,0,0.7056
I0031162,C03095,J0115,3.4,0.734,0.816,1,0.627,252,6048.0,2025-09-22,0,0,0,0.729
I0025240,C00496,J0058,3.8,0.636,0.767,1,0.519,393,9432.0,2025-05-04,0,0,0,0.7149
I0006666,C02588,J0082,3.9,0.535,0.686,1,0.615,137,3288.0,2026-01-15,0,0,0,0.7199
I0026438,C02145,J0005,10.0,0.598,0.752,1,0.566,106,2544.0,2026-02-15,0,0,0,0.8755
I0018417,C01745,J0141,5.8,0.742,0.889,3,0.672,375,9000.0,2025-05-22,1,0,0,0.8163
I0029760,C02865,J0103,3.2,0.593,0.59,4,0.476,59,1416.0,2026-04-03,0,0,0,0.6549
I0013126,C02534,J0129,7.7,0.255,0.439,1,0.574,334,8016.0,2025-07-02,0,0,0,0.546
I0009957,C01218,J0084,5.4,0.489,0.772,4,0.431,368,8832.0,2025-05-29,1,0,0,0.785
I0048061,C03560,J0044,4.4,0.38,0.562,2,0.579,376,9024.0,2025-05-21,0,0,0,0.6095
I0040224,C01204,J0048,4.0,0.695,0.96,2,0.774,2,48.0,2026-05-30,0,0,0,0.7995
I0023695,C02711,J0084,2.2,0.658,0.72,4,0.431,310,7440.0,2025-07-26,0,0,0,0.5971
I0044977,C00835,J0081,3.8,0.34,0.614,2,0.644,266,6384.0,2025-09-08,0,0,0,0.54
I0039848,C03651,J0056,5.2,0.478,0.556,3,0.397,321,7704.0,2025-07-15,1,0,0,0.7045
I0010477,C01095,J0083,5.3,0.371,0.666,3,0.691,150,3600.0,2026-01-02,0,0,0,0.5687
I0035582,C03869,J0027,0.8,0.573,0.724,1,0.574,171,4104.0,2025-12-12,1,0,0,0.7338
I0033091,C02872,J0026,7.5,0.358,0.503,1,0.881,16,384.0,2026-05-16,0,0,0,0.4169
I0052490,C02065,J0085,3.8,0.172,0.694,1,0.66,242,5808.0,2025-10-02,1,0,0,0.4328
I0031456,C03331,J0134,3.1,0.629,0.923,2,0.353,134,3216.0,1970-01-01 00:00:00,1,0,0,0.635
I0052221,C01980,J0021,6.7,0.391,0.881,2,0.438,77,1848.0,2026-03-16,1,0,0,0.8455
I0059485,C02031,J0148,5.8,0.309,0.731,4,0.719,204,4896.0,2025-11-09,0,0,0,0.5321
I0053680,C01473,J0026,2.0,0.708,0.421,1,0.881,348,8352.0,2025-06-18,0,0,0,0.5474
I0027337,C02701,J0019,2.1,0.578,0.671,1,0.693,280,6720.0,2025-08-25,0,0,0,0.6605
I0007110,C00768,J0146,5.1,0.03,0.904,3,0.57,193,4632.0,2025-11-20,0,0,0,0.4774
I0031257,C02343,J0038,6.2,0.529,0.969,4,0.713,343,8232.0,2025-06-23,0,0,0,0.7653
I0009451,C00448,J0039,6.5,0.163,0.773,1,0.53,54,1296.0,2026-04-08,1,1,1,0.5861
I0049599,C01215,J0035,3.8,0.694,0.705,4,0.644,290,6960.0,2025-08-15,1,0,0,0.7447
I0054831,C03635,J0121,2.2,0.843,0.819,3,0.82,21,504.0,2026-05-11,1,0,0,0.7688
I0050886,C00827,J0143,4.0,0.426,0.516,1,0.714,110,2640.0,2026-02-11,0,0,0,0.527
I0015811,C03972,J0001,2.3,0.56,1.0,3,0.47,286,6864.0,2025-08-19,1,0,0,0.7743
I0018829,C00929,J0089,0.9,0.517,0.75,3,0.39,313,7512.0,2025-07-23,0,0,0,0.654
I0057212,C01080,J0055,2.5,0.401,0.694,3,0.749,91,2184.0,2026-03-02,0,0,0,0.5095
I0048387,C01287,J0079,6.8,0.541,0.566,2,0.518,328,7872.0,2025-07-08,0,0,0,0.7753
I0030414,C00908,J0075,9.6,0.582,0.788,3,0.62,42,1008.0,2026-04-20,1,0,0,0.8747
I0049797,C03156,J0083,8.7,0.427,0.867,3,0.691,283,6792.0,2025-08-22,0,0,0,0.7224
I0040547,C02974,J0074,6.4,0.743,0.873,1,0.343,240,5760.0,2025-10-04,0,0,0,0.5893
I0035296,C03121,J0104,5.5,0.896,0.781,1,0.821,170,4080.0,2025-12-13,0,0,0,0.7772
I0022376,C00707,J0116,9.0,0.534,0.739,4,0.696,119,2856.0,2026-02-02,0,0,0,0.7633
I0047360,C03648,J0105,3.3,0.83,0.834,3,0.544,243,5832.0,2025-10-01,0,0,0,0.6062
I0039173,C00164,J0064,3.5,0.324,0.663,1,0.487,335,8040.0,2025-07-01,0,0,0,0.6481
I0039141,C01504,J0037,2.4,0.483,0.472,2,0.622,244,5856.0,2025-09-30,0,0,0,0.5926
I0015922,C02916,J0121,4.8,0.704,0.641,3,0.82,368,8832.0,2025-05-29,0,0,0,0.697
I0010393,C00805,J0119,1.4,0.618,1.0,1,0.541,137,3288.0,2026-01-15,0,0,0,0.7682
I0026109,C02280,J0068,9.1,0.584,0.642,2,0.713,272,6528.0,1970-01-01 00:00:00,0,0,0,0.7609
I0026776,C03769,J0043,2.1,0.629,0.888,3,0.512,58,1392.0,2026-04-04,0,0,0,0.7203
I0017282,C00804,J0113,7.3,0.835,0.717,1,0.579,156,3744.0,2025-12-27,0,0,0,0.6621
I0030245,C03868,J0041,11.7,0.706,0.622,4,0.655,389,9336.0,2025-05-08,0,0,0,0.8542
I0052391,C00312,J0086,8.9,0.349,0.763,3,0.489,267,6408.0,2025-09-07,1,0,0,0.7839
I0053247,C00507,J0131,1.4,0.539,0.492,2,0.716,132,3168.0,2026-01-20,0,0,0,0.5545
I0056569,C01767,J0098,2.5,0.489,0.98,1,0.723,285,6840.0,2025-08-20,0,0,0,0.6705
I0003732,C02402,J0042,5.7,0.568,0.719,3,0.496,136,3264.0,2026-01-16,0,0,0,0.7653
I0025400,C02913,J0111,1.0,0.999,0.552,1,0.646,109,2616.0,2026-02-12,0,0,0,0.4406
I0026169,C01617,J0101,0.0,0.79,0.395,2,0.588,392,9408.0,2025-05-05,0,0,0,0.4858
I0058311,C00970,J0096,5.6,0.507,0.995,3,0.799,394,9456.0,2025-05-03,0,0,0,0.6863
I0019221,C03217,J0102,,0.678,0.649,2,0.438,328,7872.0,2025-07-08,0,0,0,0.6237
I0059383,C03027,J0090,2.7,0.251,0.721,3,0.558,347,8328.0,2025-06-19,0,0,0,0.5494
I0043930,C03900,J0004,4.3,0.733,0.616,2,0.655,128,3072.0,2026-01-24,0,0,0,0.7083
I0030454,C03925,J0144,5.7,0.58,0.64,2,0.591,368,8832.0,2025-05-29,0,0,0,0.786
I0010583,C02364,J0128,5.6,0.494,0.535,3,0.677,169,4056.0,2025-12-14,0,0,0,0.6334
I0043098,C02689,J0089,3.6,0.569,0.509,3,0.39,28,672.0,2026-05-04,0,0,0,0.5951
I0030616,C01478,J0012,0.2,0.653,0.66,1,0.468,230,5520.0,2025-10-14,1,0,0,0.5759
I0028136,C02532,J0129,5.8,0.724,0.615,1,0.574,86,2064.0,2026-03-07,0,0,0,0.6826
I0051101,C01510,J0103,,0.742,1.0,4,0.476,320,7680.0,2025-07-16,0,0,0,0.6654
I0033057,C01192,J0010,1.4,0.891,0.776,4,0.566,36,864.0,2026-04-26,0,0,0,0.5302
I0010075,C00012,J0139,5.0,0.596,0.759,2,0.561,232,5568.0,2025-10-12,0,0,0,0.7908
I0008972,C03923,J0102,10.4,0.161,0.783,2,0.438,100,2400.0,2026-02-21,0,0,0,0.7183
I0022367,C03168,J0120,5.8,1.0,0.747,2,0.522,334,8016.0,2025-07-02,0,0,0,0.4887
I0002622,C00931,J0021,5.2,0.705,0.716,2,0.438,395,9480.0,1970-01-01 00:00:00,0,0,0,0.6185
I0016586,C02680,J0138,2.1,0.535,0.722,2,0.343,314,7536.0,2025-07-22,0,0,0,0.6206
I0037231,C02768,J0141,3.6,0.62,0.808,3,0.672,290,6960.0,2025-08-15,0,0,0,0.7689
I0013744,C00490,J0096,1.0,0.371,0.691,3,0.799,196,4704.0,2025-11-17,0,0,0,0.4269
I0045281,C00997,J0105,7.7,0.638,0.77,3,0.544,316,7584.0,2025-07-20,0,0,0,0.798
I0049390,C03425,J0117,9.9,0.608,0.542,1,0.842,358,8592.0,2025-06-08,1,0,0,0.6722
I0057744,C03900,J0072,4.3,0.733,0.616,1,0.651,194,4656.0,2025-11-19,0,0,0,0.7055
I0009694,C00242,J0116,2.8,0.678,0.666,4,0.696,67,1608.0,2026-03-26,0,0,0,0.7393
I0029419,C03874,J0063,3.4,0.73,0.904,4,0.497,44,1056.0,2026-04-18,0,0,0,0.665
I0033664,C00300,J0046,7.4,0.417,0.625,3,0.767,99,2376.0,2026-02-22,0,0,0,0.5715
I0043470,C00119,J0005,,0.783,1.0,1,0.566,133,3192.0,2026-01-19,0,0,0,0.7457
I0005070,C03565,J0035,2.1,0.566,0.597,4,0.644,21,504.0,2026-05-11,0,0,0,0.6657
I0057580,C03083,J0114,5.0,0.952,0.738,4,0.554,372,8928.0,2025-05-25,0,0,0,0.529
I0053605,C02522,J0005,1.3,0.809,0.872,1,0.566,59,1416.0,2026-04-03,1,0,0,0.6134
I0032727,C01424,J0138,4.9,0.631,0.89,2,0.343,217,5208.0,2025-10-27,1,0,0,0.6477
I0054497,C03399,J0017,0.0,0.488,0.574,2,0.748,389,9336.0,2025-05-08,0,0,0,0.4954
I0040316,C02676,J0111,3.6,0.863,0.806,1,0.646,303,7272.0,2025-08-02,0,0,0,0.6521
I0046750,C03832,J0089,,0.914,0.666,3,0.39,133,3192.0,2026-01-19,0,0,0,0.3725
I0054566,C01818,J0118,0.0,0.568,1.0,2,0.57,252,6048.0,2025-09-22,0,0,0,0.7974
I0050709,C02152,J0123,,0.669,0.757,3,0.315,308,7392.0,2025-07-28,0,0,0,0.5214
I0059463,C01513,J0009,0.4,0.535,0.553,3,0.437,272,6528.0,2025-09-02,0,0,0,0.6105
I0039493,C03904,J0029,1.1,0.665,1.0,1,0.913,328,7872.0,2025-07-08,1,0,0,0.6426
I0048249,C03975,J0023,8.6,1.0,0.685,2,0.472,138,3312.0,2026-01-14,0,0,0,0.4833
I0053684,C02143,J0000,2.8,0.562,0.672,4,0.534,283,6792.0,2025-08-22,0,0,0,0.734
I0016344,C02807,J0014,0.6,0.632,0.752,1,0.37,235,5640.0,2025-10-09,0,0,0,0.5543
I0003788,C02120,J0053,,0.457,0.581,2,0.651,131,3144.0,2026-01-21,1,0,0,0.6556
I0058702,C02690,J0091,1.0,0.689,0.808,2,0.409,345,8280.0,2025-06-21,0,0,0,0.5642
I0002836,C02875,J0052,8.6,0.274,0.638,4,0.406,78,1872.0,2026-03-15,0,0,0,0.7492
I0000430,C03437,J0082,0.0,0.664,0.88,1,0.615,19,456.0,1970-01-01 00:00:00,0,0,0,0.7304
I0030754,C00144,J0145,5.2,0.643,1.0,4,0.701,155,3720.0,2025-12-28,0,0,0,0.8459
I0052898,C01954,J0121,0.9,0.616,0.734,3,0.82,249,5976.0,2025-09-25,0,0,0,0.5952
I0052836,C03676,J0019,7.3,0.759,0.692,1,0.693,228,5472.0,2025-10-16,1,0,0,0.7889
I0057297,C01260,J0072,7.0,0.827,0.735,1,0.651,260,6240.0,2025-09-14,0,0,0,0.7185
I0033860,C03000,J0079,4.2,0.567,0.64,2,0.518,249,5976.0,2025-09-25,0,0,0,0.7338
I0038047,C02464,J0089,2.6,0.326,0.799,3,0.39,394,9456.0,2025-05-03,0,0,0,0.741
I0053134,C03529,J0046,4.3,0.574,0.828,3,0.767,66,1584.0,2026-03-27,0,0,0,0.687
I0008755,C02331,J0044,2.4,0.75,0.654,2,0.579,251,6024.0,2025-09-23,0,0,0,0.6213
I0003080,C01410,J0047,0.0,0.727,0.556,2,0.575,144,3456.0,2026-01-08,0,0,0,0.5665
I0045577,C01145,J0103,1.8,0.694,0.706,4,0.476,342,8208.0,2025-06-24,0,0,0,0.5927
I0040405,C00396,J0074,4.0,0.321,0.77,1,0.343,161,3864.0,2025-12-22,0,0,0,0.7861
I0043638,C03659,J0064,4.8,0.622,0.59,1,0.487,47,1128.0,2026-04-15,0,0,0,0.6693
I0015012,C00702,J0073,4.3,1.0,0.765,2,0.624,330,7920.0,2025-07-06,0,0,0,0.5403
I0010010,C02438,J0117,5.1,0.405,0.584,1,0.842,356,8544.0,2025-06-10,0,0,0,0.4597
I0044520,C00638,J0030,0.0,0.503,0.627,2,1.0,177,4248.0,2025-12-06,0,0,0,0.3433
I0033498,C03694,J0028,6.6,0.375,0.875,3,0.898,196,4704.0,2025-11-17,0,0,0,0.5066
I0034195,C02417,J0149,11.7,0.363,0.881,1,0.593,397,9528.0,2025-04-30,1,0,0,0.8011
I0052013,C00414,J0051,0.0,0.229,0.752,3,0.624,323,7752.0,2025-07-13,0,0,0,0.4504
I0011402,C01722,J0095,0.0,0.746,0.639,3,0.582,167,4008.0,2025-12-16,0,0,0,0.5814
I0044195,C02461,J0033,8.8,0.597,0.585,1,0.649,167,4008.0,2025-12-16,0,0,0,0.794
I0036066,C00060,J0018,2.1,0.436,0.753,4,0.73,369,8856.0,2025-05-28,0,0,0,0.5575
I0001281,C02031,J0000,5.8,0.309,0.731,4,0.534,278,6672.0,2025-08-27,0,0,0,0.6625
I0023617,C03163,J0055,6.9,0.522,0.547,3,0.749,187,4488.0,2025-11-26,0,0,0,0.6278
I0026604,C02248,J0111,0.0,0.854,0.717,1,0.646,291,6984.0,2025-08-14,0,0,0,0.5724
I0038822,C01831,J0142,7.4,0.794,1.0,2,0.778,355,8520.0,2025-06-11,0,0,0,0.9127
I0023796,C00746,J0003,4.4,0.361,0.836,1,0.462,169,4056.0,2025-12-14,0,0,0,0.7558
I0001039,C01314,J0042,8.1,0.642,0.862,3,0.496,321,7704.0,2025-07-15,0,0,0,0.794
I0013141,C03309,J0018,,0.954,0.694,4,0.73,4,96.0,2026-05-28,0,0,0,0.6037
I0039175,C03598,J0141,0.0,0.968,0.933,3,0.672,209,5016.0,2025-11-04,0,0,0,0.5713
I0055493,C02005,J0114,3.5,0.689,1.0,4,0.554,358,8592.0,2025-06-08,0,0,0,0.7629
I0022199,C01841,J0046,3.6,0.689,0.956,3,0.767,194,4656.0,2025-11-19,0,0,0,0.7923
I0003242,C00841,J0146,,0.162,0.477,3,0.57,14,336.0,2026-05-18,0,0,0,0.3637
I0003918,C02329,J0009,0.1,0.841,0.701,3,0.437,215,5160.0,2025-10-29,0,0,0,0.4314
I0022461,C03924,J0105,4.8,0.739,0.553,3,0.544,167,4008.0,2025-12-16,0,0,0,0.6165
I0014158,C02202,J0112,3.2,1.0,0.97,2,0.583,362,8688.0,2025-06-04,0,0,0,0.5505
I0034306,C03388,J0034,3.3,0.551,0.606,1,0.634,71,1704.0,2026-03-22,0,0,0,0.685
I0004162,C02810,J0077,0.0,0.414,0.904,4,0.837,382,9168.0,2025-05-15,0,0,0,0.4736
I0002990,C01062,J0104,3.5,0.665,0.734,1,0.821,85,2040.0,2026-03-08,0,0,0,0.6731
I0046968,C00131,J0025,3.5,0.928,0.788,3,0.501,199,4776.0,2025-11-14,0,0,0,0.4973
I0005089,C03278,J0053,2.1,0.71,0.949,2,0.651,129,3096.0,2026-01-23,0,0,0,0.7784
I0035526,C03587,J0037,,0.805,0.829,2,0.622,63,1512.0,2026-03-30,0,0,0,0.7654
I0039344,C02612,J0061,7.2,0.63,1.0,1,0.484,2,48.0,2026-05-30,0,0,0,0.8177
I0007932,C03866,J0032,3.7,0.431,0.621,2,0.954,288,6912.0,2025-08-17,0,0,0,0.3859
I0020279,C00929,J0002,0.9,0.517,0.75,3,0.479,285,6840.0,2025-08-20,0,0,0,0.7168
I0040439,C03332,J0136,7.3,0.54,0.939,2,0.621,394,9456.0,2025-05-03,0,0,0,0.848
I0043319,C01789,J0032,2.8,0.791,0.742,2,0.954,328,7872.0,2025-07-08,0,0,0,0.6585
I0021824,C00562,J0072,4.9,0.681,0.68,1,0.651,25,600.0,2026-05-07,0,0,0,0.7703
I0021397,C01443,J0104,4.9,0.683,0.64,1,0.821,248,5952.0,2025-09-26,0,0,0,0.6829
I0025889,C03375,J0067,4.1,0.404,0.705,4,0.443,254,6096.0,2025-09-20,0,0,0,0.7575
I0025661,C00596,J0126,1.9,0.375,0.741,2,0.635,18,432.0,2026-05-14,0,0,0,0.5747
I0015550,C00034,J0001,1.5,0.749,1.0,3,0.47,14,336.0,2026-05-18,0,0,0,0.6275
I0032447,C00553,J0103,3.8,0.629,0.631,4,0.476,61,1464.0,2026-04-01,0,0,0,0.6512
I0012130,C02809,J0121,4.7,0.692,0.381,3,0.82,232,5568.0,2025-10-12,0,0,0,0.6136
I0032986,C03853,J0104,1.1,0.441,0.751,1,0.821,70,1680.0,2026-03-23,0,0,0,0.4793
I0045317,C03274,J0072,2.7,0.666,0.961,1,0.651,201,4824.0,2025-11-12,0,0,0,0.8229
I0032667,C00182,J0083,10.8,0.843,0.781,3,0.691,75,1800.0,2026-03-18,0,0,0,0.8126
I0053550,C03781,J0062,1.6,0.714,0.925,4,0.382,26,624.0,2026-05-06,0,0,0,0.5707
I0001661,C02314,J0024,4.1,0.411,0.373,1,0.346,87,2088.0,2026-03-06,0,0,0,0.6456
I0031438,C01189,J0094,10.9,0.815,0.578,2,0.625,71,1704.0,2026-03-22,0,0,0,0.7303
I0034577,C03974,J0086,4.2,0.83,0.837,3,0.489,209,5016.0,2025-11-04,1,0,0,0.5835
I0007845,C01412,J0041,6.1,0.759,0.703,4,0.655,2,48.0,2026-05-30,0,0,0,0.745
I0021430,C01203,J0121,3.3,0.766,0.88,3,0.82,168,4032.0,2025-12-15,0,0,0,0.7827
I0042313,C02342,J0128,,0.455,1.0,3,0.677,78,1872.0,2026-03-15,0,0,0,0.6965
I0051159,C00550,J0143,2.3,0.377,0.744,1,0.714,6,144.0,2026-05-26,0,0,0,0.528
I0004057,C02964,J0059,3.4,0.557,0.532,2,0.808,196,4704.0,2025-11-17,0,0,0,0.5474
I0011466,C01435,J0131,0.0,0.468,0.527,2,0.716,165,3960.0,2025-12-18,0,0,0,0.4906
I0004347,C02188,J0115,7.0,0.812,0.488,1,0.627,339,8136.0,2025-06-27,0,0,0,0.6425
I0058252,C02773,J0019,0.0,0.997,0.913,1,0.693,177,4248.0,2025-12-06,1,0,0,0.56
I0009232,C00979,J0149,8.8,0.49,0.643,1,0.593,297,7128.0,2025-08-08,0,0,0,0.7744
I0009284,C03067,J0007,0.0,0.808,0.697,3,0.673,52,1248.0,2026-04-10,0,0,0,0.6182
I0018301,C00690,J0080,7.5,0.63,0.717,1,0.569,6,144.0,2026-05-26,0,0,0,0.8029
I0027784,C01221,J0018,4.2,0.791,0.747,4,0.73,278,6672.0,2025-08-27,0,0,0,0.7555
I0005835,C00630,J0029,0.7,0.842,0.825,1,0.913,141,3384.0,2026-01-11,0,0,0,0.7113
I0018379,C00120,J0024,3.5,0.643,0.567,1,0.346,281,6744.0,2025-08-24,0,0,0,0.5266
I0005325,C02756,J0132,1.8,0.483,1.0,3,0.612,330,7920.0,2025-07-06,0,0,0,0.7383
I0011518,C00178,J0006,1.5,0.807,0.86,3,0.665,106,2544.0,2026-02-15,1,0,0,0.6846
I0005324,C03351,J0120,,0.845,0.724,2,0.522,179,4296.0,2025-12-04,0,0,0,0.5085
I0032639,C00854,J0146,4.9,0.818,0.697,3,0.57,153,3672.0,2025-12-30,0,0,0,0.6215
I0006111,C00343,J0009,2.7,0.567,0.619,3,0.437,160,3840.0,2025-12-23,0,0,0,0.6454
I0056448,C00167,J0092,1.5,0.426,1.0,4,0.623,79,1896.0,2026-03-14,0,0,0,0.6853
I0018465,C01321,J0080,3.1,0.516,0.721,1,0.569,285,6840.0,2025-08-20,1,0,0,0.7352
I0000428,C01065,J0003,0.0,0.366,0.403,1,0.462,290,6960.0,1970-01-01 00:00:00,0,0,0,0.5628
I0007780,C00266,J0020,0.8,0.697,0.592,4,0.849,294,7056.0,2025-08-11,0,0,0,0.5902
I0055737,C00569,J0112,2.5,1.0,0.728,2,0.583,100,2400.0,2026-02-21,0,0,0,0.4705
I0002761,C01345,J0092,8.4,0.735,0.821,4,0.623,48,1152.0,2026-04-14,0,0,0,0.8115
I0033914,C02760,J0031,,0.968,0.931,3,0.886,342,8208.0,2025-06-24,0,0,0,0.7842
I0051839,C02236,J0086,6.9,0.622,0.769,3,0.489,292,7008.0,2025-08-13,0,0,0,0.7567
I0015200,C03957,J0088,3.9,0.56,0.999,2,0.856,75,1800.0,2026-03-18,0,0,0,0.6559
I0000664,C00996,J0085,10.3,0.925,0.986,1,0.66,29,696.0,2026-05-03,0,0,0,0.7823
I0005537,C00971,J0131,0.7,0.44,0.779,2,0.716,96,2304.0,2026-02-25,0,0,0,0.5538
I0040497,C03832,J0080,2.2,0.914,0.666,1,0.569,168,4032.0,2025-12-15,0,0,0,0.4987
I0046294,C02820,J0058,9.5,0.375,0.735,1,0.519,322,7728.0,2025-07-14,0,0,0,0.7833
I0036026,C02640,J0085,0.0,0.392,0.773,1,0.66,223,5352.0,2025-10-21,0,0,0,0.5459
I0048211,C00383,J0063,0.0,0.913,0.869,4,0.497,59,1416.0,2026-04-03,0,0,0,0.4686
I0047060,C01915,J0081,3.4,0.618,0.973,2,0.644,8,192.0,2026-05-24,0,0,0,0.8304
I0007680,C01517,J0093,2.1,1.0,0.954,3,0.757,173,4152.0,2025-12-10,0,0,0,0.6501
I0021623,C01326,J0049,2.1,0.694,0.832,2,0.631,28,672.0,2026-05-04,0,0,0,0.7426
I0054210,C01270,J0001,0.0,0.527,0.703,3,0.47,315,7560.0,2025-07-21,0,0,0,0.6749
I0041112,C01608,J0013,4.2,0.727,0.819,3,0.854,274,6576.0,2025-08-31,0,0,0,0.7293
I0022572,C03813,J0056,4.5,0.519,0.828,3,0.397,396,9504.0,2025-05-01,0,0,0,0.7404
I0057995,C01310,J0019,6.7,0.63,0.735,1,0.693,292,7008.0,2025-08-13,0,0,0,0.793
I0037988,C00736,J0074,3.9,0.7,0.655,1,0.343,183,4392.0,2025-11-30,0,0,0,0.5159
I0023597,C02129,J0078,,0.459,0.831,2,0.5,43,1032.0,2026-04-19,0,0,0,0.817
I0001043,C01691,J0147,3.0,0.259,1.0,2,0.622,337,8088.0,2025-06-29,0,0,0,0.5937
I0056244,C03260,J0071,0.0,0.611,0.852,2,0.587,294,7056.0,2025-08-11,0,0,0,0.7402
I0047699,C00223,J0029,1.7,0.558,0.685,1,0.913,196,4704.0,2025-11-17,0,0,0,0.4885
I0043422,C01396,J0097,8.5,0.474,0.596,1,0.65,203,4872.0,2025-11-10,0,0,0,0.7046
I0037020,C02506,J0073,0.0,0.574,0.599,2,0.624,249,5976.0,2025-09-25,0,0,0,0.6505
I0005201,C00146,J0016,5.7,0.537,0.304,4,0.643,313,7512.0,2025-07-23,0,0,0,0.6243
I0052524,C03387,J0077,4.8,0.645,0.826,4,0.837,324,7776.0,2025-07-12,1,1,1,0.6956
I0037223,C00299,J0103,6.7,0.615,0.724,4,0.476,99,2376.0,2026-02-22,0,0,0,0.7364
I0058530,C00619,J0078,4.6,1.0,0.788,2,0.5,270,6480.0,2025-09-04,0,0,0,0.4644
I0001842,C00452,J0058,5.1,0.435,0.778,1,0.519,163,3912.0,2025-12-20,0,0,0,0.7633
I0001812,C01364,J0028,,0.432,0.778,3,0.898,1,24.0,2026-05-31,0,0,0,0.4433
I0046139,C01309,J0076,7.6,0.858,0.688,4,0.695,83,1992.0,2026-03-10,0,0,0,0.7245
I0044946,C00600,J0048,1.2,0.593,0.71,2,0.774,134,3216.0,2026-01-18,0,0,0,0.6098
I0024727,C01229,J0018,5.4,0.579,0.822,4,0.73,239,5736.0,2025-10-05,0,0,0,0.7335
I0042937,C03198,J0070,5.3,0.725,0.748,3,0.423,101,2424.0,2026-02-20,0,0,0,0.6045
I0007205,C01691,J0096,3.0,0.259,1.0,3,0.799,227,5448.0,2025-10-17,0,0,0,0.4689
I0015962,C03146,J0132,6.7,0.86,0.684,3,0.612,111,2664.0,2026-02-10,0,0,0,0.6482
I0048414,C00345,J0090,,0.862,0.803,3,0.558,83,1992.0,2026-03-10,0,0,0,0.529
I0054658,C01293,J0018,2.6,0.408,0.614,4,0.73,200,4800.0,2025-11-13,0,0,0,0.507
I0049542,C01342,J0036,3.7,0.844,0.886,4,0.6,212,5088.0,2025-11-01,0,0,0,0.6573
I0014097,C02628,J0147,0.5,0.422,0.877,2,0.622,367,8808.0,2025-05-30,1,0,0,0.6316
I0006839,C01497,J0036,7.5,0.239,0.553,4,0.6,319,7656.0,2025-07-17,0,0,0,0.5452
I0007683,C00471,J0127,0.0,0.985,0.715,3,0.595,71,1704.0,2026-03-22,0,0,0,0.4435
I0005763,C03928,J0132,0.1,0.278,0.764,3,0.612,310,7440.0,2025-07-26,0,0,0,0.4985
I0045442,C03608,J0091,6.4,0.423,0.73,2,0.409,333,7992.0,2025-07-03,1,0,0,0.8211
I0004580,C03852,J0106,4.4,0.794,0.937,3,0.884,93,2232.0,2026-02-28,0,0,0,0.792
I0014339,C03055,J0092,5.4,0.925,0.622,4,0.623,366,8784.0,2025-05-31,0,0,0,0.5707
I0057181,C02652,J0020,4.0,0.486,0.639,4,0.849,207,4968.0,2025-11-06,0,0,0,0.5088
I0029947,C01941,J0144,3.9,0.597,0.857,2,0.591,277,6648.0,2025-08-28,0,0,0,0.8202
I0010436,C00463,J0060,2.2,0.506,0.611,1,0.633,151,3624.0,2026-01-01,0,0,0,0.6368
I0018988,C01913,J0064,,0.336,1.0,1,0.487,19,456.0,2026-05-13,0,0,0,0.6924
I0049667,C00788,J0038,6.1,0.833,0.636,4,0.713,132,3168.0,2026-01-20,0,0,0,0.7148
I0034611,C03639,J0069,3.3,0.747,0.932,2,0.698,158,3792.0,2025-12-25,0,0,0,0.8009
I0057125,C03241,J0033,5.3,0.507,0.804,1,0.649,257,6168.0,2025-09-17,0,0,0,0.7331
I0054085,C00509,J0119,4.9,0.564,0.967,1,0.541,82,1968.0,2026-03-11,1,0,0,0.8562
I0013964,C02063,J0121,,0.817,0.99,3,0.82,97,2328.0,2026-02-24,0,0,0,0.87
I0002182,C03777,J0007,0.0,0.484,0.601,3,0.673,221,5304.0,2025-10-23,0,0,0,0.5531
I0034646,C01504,J0004,2.4,0.483,0.472,2,0.655,366,8784.0,2025-05-31,0,0,0,0.5693
I0017943,C01946,J0144,1.5,0.7,0.81,2,0.591,145,3480.0,2026-01-07,0,0,0,0.6938
I0013960,C01709,J0014,3.7,0.646,0.675,1,0.37,327,7848.0,2025-07-09,0,0,0,0.5752
I0012496,C00769,J0129,6.4,0.535,0.499,1,0.574,298,7152.0,2025-08-07,0,0,0,0.7383
I0000292,C03034,J0078,2.3,0.553,0.652,2,0.5,175,4200.0,2025-12-08,0,0,0,0.7022
I0029917,C00951,J0060,3.3,0.364,0.743,1,0.633,52,1248.0,2026-04-10,0,0,0,0.5926
I0047902,C02117,J0106,5.5,0.492,0.649,3,0.884,321,7704.0,2025-07-15,0,0,0,0.5166
I0059422,C00870,J0093,3.8,0.66,0.851,3,0.757,359,8616.0,2025-06-07,0,0,0,0.7527
I0042293,C01412,J0053,6.1,0.759,0.703,2,0.651,207,4968.0,2025-11-06,1,1,1,0.7421
I0002616,C01166,J0107,7.7,0.485,0.661,2,0.389,33,792.0,2026-04-29,0,0,0,0.7658
I0004044,C00331,J0038,5.9,0.64,0.83,4,0.713,8,192.0,2026-05-24,0,0,0,0.7992
I0017963,C03648,J0032,3.3,0.83,0.834,2,0.954,239,5736.0,2025-10-05,1,1,0,0.7204
I0024444,C01532,J0148,4.0,0.58,0.974,4,0.719,69,1656.0,2026-03-24,0,0,0,0.7612
I0021406,C01604,J0023,0.0,0.925,0.672,2,0.472,360,8640.0,2025-06-06,0,0,0,0.387
I0014430,C02406,J0047,9.3,0.399,0.715,2,0.575,223,5352.0,2025-10-21,0,0,0,0.7517
I0015703,C01971,J0120,7.5,0.902,0.962,2,0.522,342,8208.0,2025-06-24,0,0,0,0.6471
I0028356,C02232,J0124,9.0,0.788,0.866,4,0.309,144,3456.0,2026-01-08,0,0,0,0.5756
I0023008,C03699,J0146,0.5,0.384,0.53,3,0.57,333,7992.0,2025-07-03,0,0,0,0.5436
I0050676,C03441,J0076,5.9,0.558,1.0,4,0.695,232,5568.0,2025-10-12,0,0,0,0.8021
I0001390,C01101,J0136,4.9,0.263,0.616,2,0.621,74,1776.0,2026-03-19,1,0,0,0.5211
I0023517,C02103,J0092,6.1,0.561,0.753,4,0.623,169,4056.0,2025-12-14,0,0,0,0.7887
I0048457,C01574,J0062,4.0,0.591,0.798,4,0.382,240,5760.0,2025-10-04,0,0,0,0.6622
I0021609,C02947,J0017,4.0,0.739,0.785,2,0.748,226,5424.0,2025-10-18,0,0,0,0.7995
I0047143,C03020,J0124,1.7,0.608,0.825,4,0.309,139,3336.0,2026-01-13,0,0,0,0.5675
I0003955,C00640,J0114,4.4,0.619,0.7,4,0.554,51,1224.0,2026-04-11,0,0,0,0.7428
I0001644,C02639,J0085,9.1,0.746,0.781,1,0.66,307,7368.0,2025-07-29,1,0,0,0.8304
I0048929,C03054,J0127,3.3,0.327,1.0,3,0.595,208,4992.0,2025-11-05,0,0,0,0.6657
I0000080,C02643,J0106,0.7,0.709,0.801,3,0.884,204,4896.0,2025-11-09,0,0,0,0.6312
I0058711,C01309,J0008,7.6,0.858,0.688,2,0.441,287,6888.0,2025-08-18,0,0,0,0.5455
I0017487,C01976,J0050,6.3,0.695,0.781,3,0.587,266,6384.0,2025-09-08,0,0,0,0.7675
I0022153,C02671,J0083,5.5,0.623,0.687,3,0.691,262,6288.0,2025-09-12,0,0,0,0.7557
I0000124,C01329,J0081,5.0,0.743,0.524,2,0.644,369,8856.0,2025-05-28,0,0,0,0.6794
I0029914,C00626,J0048,4.0,0.62,0.912,2,0.774,152,3648.0,2025-12-31,0,0,0,0.7331
I0047969,C02395,J0090,0.8,0.481,0.481,3,0.558,239,5736.0,2025-10-05,0,0,0,0.6117
I0048088,C01975,J0133,3.8,0.556,0.536,4,0.772,358,8592.0,2025-06-08,0,0,0,0.58
I0033835,C01012,J0023,3.0,0.713,0.651,2,0.472,60,1440.0,2026-04-02,0,0,0,0.5813
I0001402,C03985,J0042,2.2,0.835,1.0,3,0.496,351,8424.0,2025-06-15,0,0,0,0.5971
I0048598,C02586,J0045,4.4,0.718,0.989,4,0.544,341,8184.0,2025-06-25,0,0,0,0.7475
I0026131,C00733,J0036,2.2,0.946,0.589,4,0.6,266,6384.0,2025-09-08,0,0,0,0.4762
I0026821,C03455,J0016,7.7,0.619,0.925,4,0.643,359,8616.0,2025-06-07,0,0,0,0.891
I0041158,C03401,J0063,3.2,0.79,0.648,4,0.497,60,1440.0,2026-04-02,0,0,0,0.5472
I0021490,C01212,J0073,4.5,0.68,0.829,2,0.624,19,456.0,2026-05-13,1,0,0,0.7873
I0006912,C01023,J0015,1.3,0.316,0.655,2,0.903,281,6744.0,2025-08-24,0,0,0,0.3097
I0001901,C01898,J0058,1.1,0.523,0.646,1,0.519,331,7944.0,2025-07-05,0,0,0,0.7148
I0013363,C00488,J0022,4.2,0.466,0.525,1,0.577,120,2880.0,2026-02-01,0,0,0,0.6577
I0015836,C03595,J0124,3.8,0.436,0.891,4,0.309,280,6720.0,2025-08-25,0,0,0,0.7428
I0014664,C03998,J0101,5.7,0.533,0.972,2,0.588,189,4536.0,2025-11-24,0,0,0,0.8486
I0036743,C02773,J0109,0.0,0.997,0.913,2,0.714,263,6312.0,2025-09-11,1,1,1,0.5748
I0054114,C01224,J0050,4.0,0.508,0.854,3,0.587,296,7104.0,2025-08-09,0,0,0,0.7696
I0025228,C00154,J0049,2.0,0.855,0.928,2,0.631,45,1080.0,2026-04-17,0,0,0,0.6544
I0027063,C02334,J0143,2.5,0.576,0.719,1,0.714,89,2136.0,2026-03-04,0,0,0,0.6646
I0043130,C02509,J0100,3.6,0.535,0.663,1,0.169,94,2256.0,2026-02-27,0,0,0,0.5067
I0036256,C01663,J0121,3.0,0.207,0.673,3,0.82,257,6168.0,2025-09-17,0,0,0,0.3253
I0017928,C03931,J0117,3.3,0.543,0.715,1,0.842,353,8472.0,2025-06-13,0,0,0,0.5635
I0034009,C02161,J0034,1.1,1.0,0.409,1,0.634,211,5064.0,2025-11-02,0,0,0,0.3928
I0045185,C00497,J0023,,0.749,0.735,2,0.472,2,48.0,2026-05-30,0,0,0,0.6608
I0035952,C02716,J0115,1.9,0.307,0.767,1,0.627,310,7440.0,2025-07-26,0,0,0,0.5397
I0031109,C00695,J0031,5.7,0.588,0.87,3,0.886,185,4440.0,2025-11-28,0,0,0,0.6485
I0005253,C00685,J0067,3.1,0.559,0.587,4,0.443,121,2904.0,2026-01-31,0,0,0,0.653
I0054910,C02653,J0130,0.0,0.802,0.563,1,0.81,243,5832.0,2025-10-01,0,0,0,0.67
I0019809,C03915,J0040,8.8,0.869,0.94,1,0.393,275,6600.0,2025-08-30,0,0,0,0.5952
I0026087,C02448,J0088,6.4,0.146,0.81,2,0.856,125,3000.0,2026-01-27,0,0,0,0.353
I0056277,C03378,J0026,2.8,0.805,0.929,1,0.881,112,2688.0,2026-02-09,0,0,0,0.7726
I0038950,C00856,J0069,7.6,0.881,0.672,2,0.698,10,240.0,2026-05-22,0,0,0,0.7059
I0028586,C00980,J0104,3.5,0.952,0.963,1,0.821,55,1320.0,2026-04-07,0,0,0,0.7553
I0027031,C03311,J0072,1.4,0.455,1.0,1,0.651,351,8424.0,2025-06-15,0,0,0,0.6843
I0041393,C02805,J0003,1.7,0.669,0.488,1,0.462,147,3528.0,2026-01-05,0,0,0,0.5373
I0035304,C03915,J0089,8.8,0.869,0.94,3,0.39,332,7968.0,2025-07-04,0,0,0,0.5931
I0041968,C01383,J0130,1.3,0.64,0.565,1,0.81,348,8352.0,2025-06-18,0,0,0,0.5783
I0002608,C03132,J0124,4.4,0.388,0.879,4,0.309,358,8592.0,2025-06-08,1,0,0,0.7834
I0037328,C02858,J0124,9.6,0.67,0.89,4,0.309,110,2640.0,2026-02-11,0,0,0,0.6757
I0018831,C00137,J0145,3.6,0.673,0.741,4,0.701,335,8040.0,2025-07-01,0,0,0,0.767
I0004157,C01043,J0020,1.5,0.791,0.687,4,0.849,261,6264.0,2025-09-13,0,0,0,0.6951
I0043875,C00677,J0110,5.4,0.846,1.0,2,0.549,96,2304.0,2026-02-25,0,0,0,0.6808
I0004128,C01362,J0141,6.6,0.585,0.791,3,0.672,33,792.0,2026-04-29,0,0,0,0.7902
I0051950,C02921,J0004,0.0,0.483,0.558,2,0.655,147,3528.0,2026-01-05,0,0,0,0.5529
I0007881,C02188,J0118,7.0,0.812,0.488,2,0.57,68,1632.0,2026-03-25,1,0,0,0.6023
I0032749,C01521,J0056,10.9,0.34,0.845,3,0.397,197,4728.0,2025-11-16,0,0,0,0.8993
I0006904,C03006,J0088,0.0,0.825,0.8,2,0.856,362,8688.0,2025-06-04,0,0,0,0.7206
I0001880,C00372,J0040,8.2,0.681,0.717,1,0.393,298,7152.0,2025-08-07,0,0,0,0.6547
I0031388,C03554,J0125,7.1,0.603,0.945,1,0.475,47,1128.0,2026-04-15,0,0,0,0.8132
I0016307,C03044,J0123,6.9,0.835,0.696,3,0.315,342,8208.0,2025-06-24,0,0,0,0.4633
I0020252,C02676,J0051,3.6,0.863,0.806,3,0.624,260,6240.0,2025-09-14,0,0,0,0.6365
I0024895,C00862,J0120,4.6,0.511,0.924,2,0.522,9,216.0,2026-05-23,0,0,0,0.8475
I0008035,C01137,J0029,8.1,0.563,0.632,1,0.913,396,9504.0,2025-05-01,1,1,0,0.5854
I0034556,C00263,J0016,5.8,0.456,0.501,4,0.643,1,24.0,2026-05-31,0,0,0,0.6244
I0045147,C02833,J0027,8.4,0.564,0.587,1,0.574,147,3528.0,2026-01-05,0,0,0,0.8174
I0045506,C02468,J0132,0.0,0.655,0.843,3,0.612,110,2640.0,2026-02-11,0,0,0,0.7242
I0056954,C00261,J0063,5.5,0.518,0.736,4,0.497,384,9216.0,2025-05-13,1,1,0,0.8026
I0043374,C01392,J0007,,0.577,1.0,3,0.673,19,456.0,2026-05-13,0,0,0,0.7599
I0032137,C00525,J0035,5.1,0.565,0.566,4,0.644,11,264.0,2026-05-21,0,0,0,0.707
I0009519,C00960,J0042,10.5,0.496,0.743,3,0.496,372,8928.0,2025-05-25,0,0,0,0.904
I0050461,C00808,J0127,6.6,0.483,0.615,3,0.595,389,9336.0,2025-05-08,0,0,0,0.723
I0055435,C03253,J0007,4.7,1.0,0.593,3,0.673,55,1320.0,2026-04-07,0,0,0,0.5331
I0058614,C00048,J0142,1.7,0.572,0.774,2,0.778,17,408.0,2026-05-15,0,0,0,0.6186
I0030648,C02245,J0134,3.4,0.753,0.462,2,0.353,77,1848.0,2026-03-16,0,0,0,0.4227
I0049610,C01852,J0008,11.2,0.806,0.789,2,0.441,133,3192.0,2026-01-19,0,0,0,0.6715
I0037128,C03953,J0099,0.9,0.678,0.958,2,0.707,135,3240.0,2026-01-17,0,0,0,0.7818
I0033976,C03922,J0075,10.2,0.695,0.735,3,0.62,198,4752.0,2025-11-15,1,0,0,0.8438
I0030240,C02204,J0009,4.4,0.57,0.922,3,0.437,70,1680.0,1970-01-01 00:00:00,0,0,0,0.7575
I0039109,C03401,J0082,3.2,0.79,0.648,1,0.615,172,4128.0,2025-12-11,0,0,0,0.6303
I0000812,C01187,J0117,3.2,0.327,0.831,1,0.842,285,6840.0,2025-08-20,0,0,0,0.4423
I0008721,C01314,J0061,8.1,0.642,0.862,1,0.484,133,3192.0,2026-01-19,1,0,0,0.7856
I0042057,C01759,J0080,3.4,0.791,0.461,1,0.569,60,1440.0,2026-04-02,0,0,0,0.5479
I0031972,C01122,J0014,7.5,0.61,0.878,1,0.37,334,8016.0,2025-07-02,0,0,0,0.7221
I0025578,C01855,J0051,9.8,0.82,0.975,3,0.624,79,1896.0,2026-03-14,0,0,0,0.8194
I0034089,C01102,J0046,6.3,0.911,0.78,3,0.767,348,8352.0,1970-01-01 00:00:00,0,0,0,0.7419
I0048887,C03188,J0128,0.1,0.645,0.739,3,0.677,79,1896.0,2026-03-14,0,0,0,0.7044
I0012662,C02150,J0078,3.3,0.438,0.734,2,0.5,312,7488.0,2025-07-24,0,0,0,0.7359
I0043199,C00548,J0101,2.1,0.749,0.58,2,0.588,363,8712.0,2025-06-03,0,0,0,0.6024
I0032233,C03274,J0040,2.7,0.666,0.961,1,0.393,255,6120.0,2025-09-19,0,0,0,0.6411
I0026815,C02794,J0092,0.0,0.396,0.901,4,0.623,290,6960.0,2025-08-15,0,0,0,0.6109
I0041839,C02433,J0094,1.5,0.504,0.677,2,0.625,229,5496.0,2025-10-15,0,0,0,0.6478
I0044027,C02657,J0087,,0.488,0.927,3,0.578,391,9384.0,2025-05-06,0,0,0,0.8129
I0015578,C02158,J0068,5.9,0.449,0.796,2,0.713,330,7920.0,2025-07-06,0,0,0,0.655
I0000773,C00540,J0120,8.2,0.334,0.784,2,0.522,199,4776.0,2025-11-14,0,0,0,0.7441
I0031640,C02986,J0029,3.7,0.602,0.53,1,0.913,247,5928.0,2025-09-27,0,0,0,0.5097
I0035856,C01452,J0059,2.5,0.529,1.0,2,0.808,121,2904.0,2026-01-31,1,1,0,0.6444
I0037951,C02366,J0088,3.6,0.544,1.0,2,0.856,304,7296.0,2025-08-01,0,0,0,0.6398
I0000696,C00867,J0016,6.1,0.255,0.858,4,0.643,376,9024.0,2025-05-21,0,0,0,0.5885
I0032883,C03869,J0015,0.8,0.573,0.724,2,0.903,54,1296.0,1970-01-01 00:00:00,0,0,0,0.5019
I0057335,C01174,J0124,4.3,0.543,0.789,4,0.309,215,5160.0,2025-10-29,0,0,0,0.6471
I0022649,C03435,J0074,4.2,0.62,0.754,1,0.343,350,8400.0,2025-06-16,0,0,0,0.6052
I0014700,C01436,J0100,3.8,0.506,0.561,1,0.169,363,8712.0,2025-06-03,0,0,0,0.5018
I0054618,C03519,J0052,,0.74,0.982,4,0.406,228,5472.0,2025-10-16,0,0,0,0.6091
I0049835,C00585,J0044,1.1,0.737,0.789,2,0.579,255,6120.0,2025-09-19,1,0,0,0.6466
I0028201,C03554,J0017,7.1,0.603,0.945,2,0.748,252,6048.0,2025-09-22,0,0,0,0.8012
I0058159,C02552,J0005,7.9,0.692,0.636,1,0.566,338,8112.0,2025-06-28,1,0,0,0.741
I0022213,C01735,J0138,,0.701,0.677,2,0.343,326,7824.0,2025-07-10,0,0,0,0.611
I0049645,C03812,J0050,0.1,0.358,0.819,3,0.587,327,7848.0,2025-07-09,0,0,0,0.588
I0010824,C03160,J0002,3.7,1.0,0.686,3,0.479,197,4728.0,2025-11-16,0,0,0,0.4056
I0046064,C02165,J0050,4.9,0.25,0.802,3,0.587,308,7392.0,2025-07-28,0,0,0,0.5883
I0001489,C00908,J0022,9.6,0.582,0.788,1,0.577,393,9432.0,2025-05-04,0,0,0,0.8979
I0026640,C00539,J0144,4.1,0.746,0.774,2,0.591,177,4248.0,2025-12-06,1,0,0,0.6952
I0020510,C02680,J0045,2.1,0.535,0.722,4,0.544,168,4032.0,2025-12-15,0,0,0,0.7496
I0015750,C00985,J0117,1.5,0.742,0.75,1,0.842,316,7584.0,2025-07-20,0,0,0,0.6832
I0038529,C02243,J0026,1.6,0.804,0.266,1,0.881,211,5064.0,2025-11-02,0,0,0,0.5646
I0012593,C01705,J0040,8.4,0.914,0.691,1,0.393,96,2304.0,2026-02-25,0,0,0,0.4865
I0020524,C03561,J0042,6.4,0.416,0.713,3,0.496,361,8664.0,2025-06-05,1,0,0,0.7698
I0016697,C01318,J0009,4.1,0.357,0.474,3,0.437,170,4080.0,2025-12-13,0,0,0,0.6635
I0027309,C01410,J0070,0.0,0.727,0.556,3,0.423,139,3336.0,2026-01-13,0,0,0,0.4593
I0023326,C03668,J0003,3.7,0.713,0.507,1,0.462,138,3312.0,2026-01-14,0,0,0,0.5455
I0005102,C03779,J0102,5.5,0.657,0.938,2,0.438,98,2352.0,2026-02-23,0,0,0,0.72
I0043328,C03293,J0125,6.2,0.514,0.956,1,0.475,62,1488.0,2026-03-31,0,0,0,0.8638
I0043758,C01419,J0071,1.6,0.671,0.651,2,0.587,231,5544.0,2025-10-13,0,0,0,0.6683
I0056363,C03660,J0043,7.8,0.642,0.656,3,0.512,389,9336.0,2025-05-08,0,0,0,0.7421
I0015067,C02065,J0017,3.8,0.172,0.694,2,0.748,177,4248.0,2025-12-06,0,0,0,0.3708
I0006975,C00274,J0061,0.0,0.684,0.839,1,0.484,345,8280.0,2025-06-21,0,0,0,0.6124
I0006166,C01219,J0017,8.1,0.593,0.695,2,0.748,366,8784.0,2025-05-31,0,0,0,0.7406
I0006425,C02862,J0070,5.6,0.728,0.751,3,0.423,119,2856.0,2026-02-02,0,0,0,0.6083
I0046620,C01184,J0023,0.0,0.815,0.907,2,0.472,305,7320.0,2025-07-31,0,0,0,0.5308
I0016170,C03410,J0129,1.2,0.536,0.541,1,0.574,391,9384.0,2025-05-06,0,0,0,0.6629
I0004464,C01896,J0086,3.1,0.67,0.856,3,0.489,338,8112.0,2025-06-28,0,0,0,0.6831
I0032709,C00737,J0120,,0.534,0.701,2,0.522,212,5088.0,2025-11-01,0,0,0,0.7314
I0051529,C00374,J0098,6.4,0.525,0.759,1,0.723,152,3648.0,2025-12-31,0,0,0,0.6996
I0035357,C00802,J0105,5.3,0.331,0.562,3,0.544,82,1968.0,2026-03-11,0,0,0,0.6148
I0033420,C03783,J0118,2.6,0.729,0.79,2,0.57,224,5376.0,2025-10-20,0,0,0,0.6715
I0009055,C01802,J0035,6.6,0.263,0.55,4,0.644,259,6216.0,2025-09-15,0,0,0,0.515
I0033792,C03254,J0020,2.8,0.417,0.949,4,0.849,117,2808.0,2026-02-04,1,0,0,0.5273
I0014044,C00083,J0130,0.9,0.471,0.581,1,0.81,149,3576.0,2026-01-03,0,0,0,0.4569
I0044043,C02966,J0075,0.4,0.229,0.8,3,0.62,145,3480.0,2026-01-07,0,0,0,0.4736
I0019293,C00080,J0030,7.6,0.582,0.584,2,1.0,49,1176.0,2026-04-13,0,0,0,0.5154
I0017367,C01781,J0086,1.3,0.837,0.638,3,0.489,361,8664.0,2025-06-05,0,0,0,0.4734
I0038938,C02927,J0096,4.0,0.553,0.959,3,0.799,157,3768.0,2025-12-26,0,0,0,0.6815
I0028782,C01433,J0041,4.6,0.633,0.718,4,0.655,59,1416.0,2026-04-03,0,0,0,0.7816
I0034739,C03425,J0130,9.9,0.608,0.542,1,0.81,340,8160.0,1970-01-01 00:00:00,0,0,0,0.6948
I0020406,C00017,J0057,6.7,0.28,1.0,2,0.372,170,4080.0,2025-12-13,0,0,0,0.8473
I0031407,C03072,J0015,8.8,0.724,0.883,2,0.903,157,3768.0,2025-12-26,0,0,0,0.7885
I0029359,C03949,J0030,4.0,0.623,0.731,2,1.0,226,5424.0,2025-10-18,0,0,0,0.5249
I0057202,C02916,J0037,4.8,0.704,0.641,2,0.622,294,7056.0,2025-08-11,0,0,0,0.721
I0041719,C00867,J0146,6.1,0.255,0.858,3,0.57,78,1872.0,2026-03-15,0,0,0,0.6399
I0051629,C01379,J0061,1.7,0.393,0.895,1,0.484,381,9144.0,2025-05-16,0,0,0,0.7338
I0038720,C03454,J0036,2.6,0.384,0.73,4,0.6,203,4872.0,2025-11-10,0,0,0,0.6144
I0035910,C00123,J0038,2.6,0.661,0.863,4,0.713,391,9384.0,2025-05-06,0,0,0,0.7675
I0039571,C02807,J0138,0.6,0.632,0.752,2,0.343,312,7488.0,2025-07-24,1,1,0,0.5353
I0056240,C01137,J0117,8.1,0.563,0.632,1,0.842,260,6240.0,2025-09-14,0,0,0,0.6354
I0001165,C01448,J0025,0.0,0.536,0.714,3,0.501,256,6144.0,2025-09-18,0,0,0,0.6935
I0038728,C00239,J0072,10.0,0.551,0.41,1,0.651,114,2736.0,2026-02-07,1,0,0,0.7311
I0010034,C00830,J0088,6.4,0.489,1.0,2,0.856,52,1248.0,2026-04-10,0,0,0,0.6484
I0037901,C02907,J0022,4.1,0.389,0.67,1,0.577,101,2424.0,2026-02-20,0,0,0,0.6426
I0056783,C01309,J0135,7.6,0.858,0.688,3,0.587,73,1752.0,2026-03-20,0,0,0,0.6484
I0035143,C02556,J0028,4.2,1.0,0.591,3,0.898,355,8520.0,2025-06-11,0,0,0,0.6826
I0055289,C00893,J0114,5.6,0.763,0.951,4,0.554,307,7368.0,2025-07-29,0,0,0,0.7324
I0033647,C02023,J0085,1.9,0.729,0.864,1,0.66,163,3912.0,2025-12-20,0,0,0,0.744
I0021006,C01141,J0091,7.1,0.453,0.866,2,0.409,249,5976.0,2025-09-25,1,0,0,0.8501
I0031920,C02577,J0084,2.3,0.946,0.611,4,0.431,394,9456.0,2025-05-03,0,0,0,0.365
I0039086,C03062,J0076,4.6,0.462,0.716,4,0.695,288,6912.0,2025-08-17,0,0,0,0.6323
I0059813,C02575,J0149,9.2,0.442,0.614,1,0.593,15,360.0,2026-05-17,0,0,0,0.7392
I0014009,C02879,J0084,2.1,0.968,0.635,4,0.431,68,1632.0,2026-03-25,0,0,0,0.3529
I0019475,C00283,J0091,6.5,0.941,0.813,2,0.409,39,936.0,2026-04-23,0,0,0,0.481
I0030231,C01764,J0132,4.1,0.599,0.604,3,0.612,235,5640.0,2025-10-09,0,0,0,0.7474
I0059209,C01711,J0030,5.4,0.662,0.931,2,1.0,78,1872.0,2026-03-15,0,0,0,0.6325
I0016275,C00318,J0073,5.2,0.715,0.729,2,0.624,210,5040.0,2025-11-03,0,0,0,0.7462
I0004361,C02643,J0069,0.7,0.709,0.801,2,0.698,25,600.0,2026-05-07,0,0,0,0.7468
I0026682,C02222,J0104,3.6,0.706,0.661,1,0.821,307,7368.0,2025-07-29,0,0,0,0.6831
I0024612,C00146,J0144,,0.537,0.304,2,0.591,363,8712.0,2025-06-03,0,0,0,0.6609
I0037721,C02538,J0041,8.9,0.559,0.625,4,0.655,335,8040.0,2025-07-01,0,0,0,0.776
I0016510,C01923,J0144,4.6,0.769,0.718,2,0.591,344,8256.0,2025-06-22,0,0,0,0.6716
I0010054,C03981,J0113,5.9,1.0,0.517,1,0.579,41,984.0,2026-04-21,0,0,0,0.4657
I0042034,C01798,J0059,7.0,0.671,0.64,2,0.808,237,5688.0,2025-10-07,0,0,0,0.7192
I0045495,C02202,J0043,3.2,1.0,0.97,3,0.512,57,1368.0,2026-04-05,0,0,0,0.5005
I0026923,C03533,J0146,2.7,0.142,0.598,3,0.57,233,5592.0,2025-10-11,0,0,0,0.4294
I0019027,C02569,J0055,0.0,0.932,0.701,3,0.749,4,96.0,2026-05-28,0,0,0,0.5855
I0027805,C00219,J0032,3.1,0.864,0.771,2,0.954,177,4248.0,2025-12-06,0,0,0,0.7232
I0014769,C02599,J0036,,0.819,0.692,4,0.6,121,2904.0,2026-01-31,0,0,0,0.6303
I0017664,C03654,J0069,1.6,0.552,0.728,2,0.698,2,48.0,2026-05-30,0,0,0,0.6463
I0032722,C01065,J0099,0.0,0.366,0.403,2,0.707,388,9312.0,2025-05-09,0,0,0,0.3901
I0035580,C03046,J0007,3.4,0.472,0.871,3,0.673,316,7584.0,2025-07-20,0,0,0,0.6783
I0037758,C00641,J0030,1.5,0.965,0.666,2,1.0,183,4392.0,2025-11-30,0,0,0,0.7053
I0047470,C00073,J0144,3.2,0.643,0.978,2,0.591,259,6216.0,1970-01-01 00:00:00,0,0,0,0.8101
I0030768,C00848,J0108,4.5,0.611,0.961,4,0.437,305,7320.0,2025-07-31,0,0,0,0.7413
I0052092,C02738,J0046,1.6,0.664,0.711,3,0.767,31,744.0,2026-05-01,0,0,0,0.6718
I0011508,C01164,J0047,9.7,0.698,0.659,2,0.575,113,2712.0,2026-02-08,0,0,0,0.7801
I0028135,C01423,J0070,5.2,0.437,0.91,3,0.423,330,7920.0,2025-07-06,0,0,0,0.8515
I0018049,C02777,J0035,0.0,0.738,0.799,4,0.644,221,5304.0,2025-10-23,0,0,0,0.6759
I0033341,C02998,J0098,0.9,0.819,1.0,1,0.723,159,3816.0,2025-12-24,0,0,0,0.7464
I0015607,C02059,J0066,3.7,0.549,0.665,2,0.752,171,4104.0,2025-12-12,1,1,0,0.6239
I0057422,C01902,J0147,9.7,0.466,0.677,2,0.622,260,6240.0,2025-09-14,0,0,0,0.7619
I0028883,C03383,J0078,1.4,0.286,0.692,2,0.5,253,6072.0,2025-09-21,0,0,0,0.5848
I0046795,C03090,J0069,4.2,0.553,0.602,2,0.698,46,1104.0,2026-04-16,0,0,0,0.6554
I0012590,C03876,J0115,0.7,0.508,0.597,1,0.627,31,744.0,2026-05-01,0,0,0,0.6131
I0032932,C01889,J0112,4.6,0.604,1.0,2,0.583,197,4728.0,2025-11-16,0,0,0,0.8618
I0044863,C00781,J0039,2.2,0.718,0.627,1,0.53,251,6024.0,2025-09-23,0,0,0,0.5983
I0057705,C01705,J0018,8.4,0.914,0.691,4,0.73,380,9120.0,2025-05-17,0,0,0,0.7241
I0007278,C00977,J0053,3.0,0.959,0.621,2,0.651,267,6408.0,1970-01-01 00:00:00,0,0,0,0.5256
I0049471,C02971,J0133,4.4,0.365,0.61,4,0.772,333,7992.0,2025-07-03,0,0,0,0.4764
I0054168,C00643,J0076,2.0,0.649,0.648,4,0.695,34,816.0,2026-04-28,0,0,0,0.701
I0019380,C01136,J0052,0.0,0.62,0.626,4,0.406,69,1656.0,2026-03-24,0,0,0,0.5425
I0013424,C01465,J0041,2.1,0.636,0.831,4,0.655,161,3864.0,2025-12-22,0,0,0,0.7733
I0040263,C00695,J0027,5.7,0.588,0.87,1,0.574,275,6600.0,2025-08-30,0,0,0,0.8487
I0017915,C02988,J0123,4.3,0.48,0.797,3,0.315,21,504.0,2026-05-11,0,0,0,0.698
I0026602,C01539,J0110,3.9,0.487,0.815,2,0.549,301,7224.0,2025-08-04,0,0,0,0.7689
I0048827,C01177,J0085,7.9,0.669,0.504,1,0.66,114,2736.0,2026-02-07,0,0,0,0.7863
I0024257,C00528,J0133,2.7,0.75,0.786,4,0.772,317,7608.0,2025-07-19,0,0,0,0.7686
I0006049,C00522,J0038,3.8,0.616,0.62,4,0.713,245,5880.0,2025-09-29,0,0,0,0.6876
I0001640,C02934,J0120,6.2,0.897,0.51,2,0.522,105,2520.0,2026-02-16,0,0,0,0.5012
I0015984,C01363,J0077,7.3,0.561,0.657,4,0.837,38,912.0,2026-04-24,0,0,0,0.631
I0015673,C01398,J0004,4.4,0.574,0.866,2,0.655,160,3840.0,2025-12-23,0,0,0,0.7784
I0005711,C01496,J0079,,0.334,0.711,2,0.518,337,8088.0,2025-06-29,0,0,0,0.6671
I0041015,C02446,J0135,8.7,0.473,0.59,3,0.587,239,5736.0,2025-10-05,0,0,0,0.75
I0041102,C00117,J0088,1.1,0.723,0.879,2,0.856,352,8448.0,2025-06-14,0,0,0,0.6896
I0041104,C00985,J0143,1.5,0.742,0.75,1,0.714,248,5952.0,2025-09-26,0,0,0,0.734
I0028515,C01424,J0088,4.9,0.631,0.89,2,0.856,60,1440.0,2026-04-02,0,0,0,0.6921
I0012088,C01434,J0051,4.4,0.558,0.807,3,0.624,372,8928.0,2025-05-25,0,0,0,0.7723
I0004939,C03303,J0041,0.6,0.727,0.718,4,0.655,306,7344.0,2025-07-30,0,0,0,0.6787
I0052838,C00076,J0042,1.6,0.672,0.69,3,0.496,55,1320.0,2026-04-07,0,0,0,0.6144
I0041884,C02257,J0136,5.6,0.407,0.698,2,0.621,145,3480.0,2026-01-07,0,0,0,0.6575
I0058185,C02176,J0062,0.8,0.487,0.752,4,0.382,28,672.0,2026-05-04,0,0,0,0.6684
I0031103,C00422,J0144,9.5,0.362,0.854,2,0.591,26,624.0,2026-05-06,0,0,0,0.7569
I0011852,C00076,J0040,1.6,0.672,0.69,1,0.393,45,1080.0,2026-04-17,0,0,0,0.5418
I0040955,C03149,J0137,2.3,0.753,0.852,1,0.69,305,7320.0,2025-07-31,0,0,0,0.7516
I0034951,C01647,J0041,,0.718,0.685,4,0.655,206,4944.0,2025-11-07,1,0,0,0.7417
I0057449,C03412,J0127,0.0,0.24,0.694,3,0.595,64,1536.0,2026-03-29,0,0,0,0.4623
I0043917,C03122,J0084,3.5,0.416,0.456,4,0.431,390,9360.0,2025-05-07,1,1,1,0.6941
I0056077,C03385,J0014,5.2,0.476,0.781,1,0.37,342,8208.0,2025-06-24,0,0,0,0.7503
I0041794,C00253,J0062,0.0,0.917,0.77,4,0.382,155,3720.0,2025-12-28,0,0,0,0.3568
I0036279,C02958,J0117,,0.744,0.874,1,0.842,156,3744.0,2025-12-27,0,0,0,0.7314
I0040705,C03764,J0081,7.1,0.962,0.569,2,0.644,108,2592.0,2026-02-13,0,0,0,0.5732
I0055902,C03723,J0126,0.0,0.529,0.571,2,0.635,293,7032.0,2025-08-12,0,0,0,0.6031
I0002593,C02331,J0128,2.4,0.75,0.654,3,0.677,228,5472.0,2025-10-16,1,0,0,0.6904
I0030188,C00732,J0019,8.6,0.776,0.711,1,0.693,25,600.0,2026-05-07,0,0,0,0.8043
I0011307,C01133,J0043,1.5,0.847,0.943,3,0.512,228,5472.0,2025-10-16,1,1,0,0.572
I0042873,C00296,J0036,8.2,0.856,0.708,4,0.6,388,9312.0,2025-05-09,0,0,0,0.6747
I0031919,C01548,J0045,0.0,0.515,0.668,4,0.544,83,1992.0,2026-03-10,0,0,0,0.6848
I0044666,C02146,J0074,3.7,0.801,0.822,1,0.343,368,8832.0,1970-01-01 00:00:00,0,0,0,0.4884
I0042408,C00931,J0149,5.2,0.705,0.716,1,0.593,326,7824.0,2025-07-10,1,0,0,0.7278
I0040361,C02391,J0102,2.3,0.552,0.797,2,0.438,383,9192.0,2025-05-14,0,0,0,0.7001
I0012691,C03951,J0022,7.1,0.641,0.845,1,0.577,288,6912.0,2025-08-17,0,0,0,0.8301
I0036186,C02609,J0145,1.4,0.66,0.61,4,0.701,64,1536.0,2026-03-29,0,0,0,0.6836
I0056571,C01227,J0123,3.0,0.564,0.694,3,0.315,77,1848.0,2026-03-16,0,0,0,0.5878
I0051170,C03644,J0042,4.4,0.537,0.676,3,0.496,162,3888.0,2025-12-21,0,0,0,0.753
I0012932,C03126,J0111,2.6,0.452,0.93,1,0.646,61,1464.0,2026-04-01,0,0,0,0.6863
I0003025,C00408,J0139,5.8,0.696,0.744,2,0.561,214,5136.0,2025-10-30,0,0,0,0.7296
I0043995,C02759,J0048,6.4,0.51,0.799,2,0.774,382,9168.0,2025-05-15,0,0,0,0.6643
I0037427,C02648,J0094,5.9,0.784,0.665,2,0.625,326,7824.0,2025-07-10,0,0,0,0.6921
I0029708,C02138,J0052,6.6,0.811,0.712,4,0.406,219,5256.0,2025-10-25,0,0,0,0.5438
I0051678,C03557,J0053,5.3,0.377,0.569,2,0.651,29,696.0,2026-05-03,0,0,0,0.5738
I0047171,C03027,J0120,2.7,0.251,0.721,2,0.522,188,4512.0,2025-11-25,0,0,0,0.5748
I0002706,C01113,J0140,7.3,0.637,0.835,1,0.66,295,7080.0,2025-08-10,0,0,0,0.8596
I0016895,C03313,J0103,,0.845,0.804,4,0.476,75,1800.0,2026-03-18,0,0,0,0.5477
I0030458,C01981,J0074,3.3,0.45,0.89,1,0.343,188,4512.0,2025-11-25,0,0,0,0.7482
I0007072,C00428,J0123,4.5,0.833,0.787,3,0.315,74,1776.0,2026-03-19,0,0,0,0.4497
I0029183,C01291,J0032,3.3,0.388,0.606,2,0.954,244,5856.0,2025-09-30,0,0,0,0.3446
I0016046,C03476,J0054,7.3,0.325,0.931,2,0.727,200,4800.0,2025-11-13,0,0,0,0.6195
I0026402,C00345,J0114,0.0,0.862,0.803,4,0.554,365,8760.0,2025-06-01,0,0,0,0.5262
I0028638,C03264,J0146,3.0,0.665,0.863,3,0.57,35,840.0,2026-04-27,0,0,0,0.744
I0059903,C00812,J0106,0.0,0.3,0.469,3,0.884,351,8424.0,2025-06-15,0,0,0,0.2374
I0022179,C03388,J0126,3.3,0.551,0.606,2,0.635,286,6864.0,2025-08-19,0,0,0,0.6843
I0013270,C00330,J0144,3.8,0.682,0.764,2,0.591,382,9168.0,2025-05-15,0,0,0,0.7324
I0032266,C02293,J0095,1.5,0.807,0.648,3,0.582,244,5856.0,2025-09-30,0,0,0,0.5663
I0058010,C02632,J0084,0.0,0.649,0.834,4,0.431,56,1344.0,2026-04-06,0,0,0,0.5983
I0025082,C01846,J0146,,0.354,0.93,3,0.57,251,6024.0,2025-09-23,0,0,0,0.6505
I0020730,C02147,J0095,5.9,0.604,0.765,3,0.582,156,3744.0,2025-12-27,0,0,0,0.8169
I0018068,C00259,J0104,0.9,0.373,0.785,1,0.821,282,6768.0,2025-08-23,0,0,0,0.4376
I0006736,C02260,J0011,3.8,0.608,0.935,3,0.484,166,3984.0,2025-12-17,0,0,0,0.7574
I0044869,C02727,J0025,3.5,0.452,0.795,3,0.501,328,7872.0,2025-07-08,0,0,0,0.7657
I0019896,C00226,J0139,0.8,0.729,0.728,2,0.561,211,5064.0,2025-11-02,0,0,0,0.6172
I0020194,C00733,J0046,2.2,0.946,0.589,3,0.767,4,96.0,2026-05-28,0,0,0,0.594
I0020220,C01131,J0043,0.6,0.487,1.0,3,0.512,310,7440.0,2025-07-26,0,0,0,0.7913
I0054081,C02821,J0022,0.0,0.374,0.971,1,0.577,28,672.0,2026-05-04,0,0,0,0.6475
I0053664,C00150,J0132,5.8,0.904,0.681,3,0.612,265,6360.0,2025-09-09,0,0,0,0.6012
I0059546,C01586,J0080,6.4,0.263,0.699,1,0.569,241,5784.0,2025-10-03,0,0,0,0.6065
I0009720,C03795,J0121,3.1,0.737,0.841,3,0.82,293,7032.0,2025-08-12,0,0,0,0.7479
I0038426,C01336,J0090,7.2,0.595,0.671,3,0.558,122,2928.0,2026-01-30,0,0,0,0.8018
I0050865,C03445,J0003,4.2,0.816,0.667,1,0.462,339,8136.0,2025-06-27,0,0,0,0.5264
I0044258,C01879,J0148,1.3,0.639,0.791,4,0.719,114,2736.0,2026-02-07,1,1,0,0.7055
I0052989,C01824,J0125,8.1,0.356,0.427,1,0.475,201,4824.0,2025-11-12,0,0,0,0.6904
I0009758,C00690,J0138,7.5,0.63,0.717,2,0.343,302,7248.0,2025-08-03,0,0,0,0.6436
I0015502,C01981,J0052,3.3,0.45,0.89,4,0.406,174,4176.0,2025-12-09,0,0,0,0.7926
I0051979,C00833,J0126,3.7,0.602,0.943,2,0.635,279,6696.0,2025-08-26,0,0,0,0.8221
I0057578,C00816,J0046,4.7,0.791,0.76,3,0.767,226,5424.0,2025-10-18,1,1,1,0.7937
I0029950,C01407,J0140,7.2,0.637,0.469,1,0.66,351,8424.0,2025-06-15,0,0,0,0.7547
I0051340,C00792,J0109,6.4,0.322,0.904,2,0.714,326,7824.0,2025-07-10,0,0,0,0.6037
I0029440,C01190,J0074,1.2,0.511,0.665,1,0.343,366,8784.0,2025-05-31,0,0,0,0.6062
I0044030,C02399,J0017,3.0,0.514,0.884,2,0.748,85,2040.0,2026-03-08,0,0,0,0.6519
I0013184,C02438,J0018,5.1,0.405,0.584,4,0.73,13,312.0,2026-05-19,0,0,0,0.5387
I0057254,C00712,J0042,0.7,0.808,0.838,3,0.496,114,2736.0,2026-02-07,0,0,0,0.545
I0055772,C02127,J0144,2.1,0.276,0.487,2,0.591,328,7872.0,2025-07-08,0,0,0,0.4676
I0053815,C02675,J0062,5.2,0.907,0.901,4,0.382,329,7896.0,2025-07-07,0,0,0,0.4888
I0014233,C02383,J0108,8.5,0.764,0.558,4,0.437,247,5928.0,2025-09-27,0,0,0,0.5875
I0020413,C01032,J0027,,0.096,0.759,1,0.574,282,6768.0,2025-08-23,0,0,0,0.4802
I0059467,C02945,J0040,0.1,0.548,0.856,1,0.393,189,4536.0,2025-11-24,0,0,0,0.6506
I0042711,C02325,J0097,9.4,0.803,0.686,1,0.65,170,4080.0,2025-12-13,0,0,0,0.7615
I0046482,C00527,J0100,6.5,0.77,0.648,1,0.169,270,6480.0,2025-09-04,0,0,0,0.3859
I0054304,C02185,J0055,2.4,0.499,0.751,3,0.749,316,7584.0,2025-07-20,0,0,0,0.593
I0022284,C02749,J0064,3.4,0.986,0.711,1,0.487,89,2136.0,2026-03-04,0,0,0,0.4231
I0012004,C00331,J0073,5.9,0.64,0.83,2,0.624,126,3024.0,2026-01-26,0,0,0,0.8394
I0012353,C00161,J0143,0.0,0.876,1.0,1,0.714,73,1752.0,2026-03-20,0,0,0,0.6846
I0033058,C01812,J0045,4.5,0.869,0.67,4,0.544,100,2400.0,2026-02-21,0,0,0,0.5528
I0024749,C03164,J0143,2.9,0.538,0.901,1,0.714,276,6624.0,2025-08-29,0,0,0,0.6959
I0015518,C00581,J0011,3.0,0.237,0.74,3,0.484,339,8136.0,2025-06-27,1,0,0,0.6021
I0044057,C03259,J0115,4.5,0.651,0.489,1,0.627,30,720.0,2026-05-02,0,0,0,0.7139
I0033855,C01698,J0100,3.4,0.823,0.89,1,0.169,207,4968.0,2025-11-06,0,0,0,0.3643
I0040693,C00278,J0049,5.2,0.952,0.795,2,0.631,129,3096.0,2026-01-23,1,0,0,0.6027
I0026794,C00862,J0057,4.6,0.511,0.924,2,0.372,197,4728.0,2025-11-16,0,0,0,0.7572
I0050512,C00445,J0051,0.0,0.346,0.796,3,0.624,2,48.0,2026-05-30,1,0,0,0.5453
I0009598,C00870,J0147,3.8,0.66,0.851,2,0.622,12,288.0,2026-05-20,1,0,0,0.7943
I0001967,C01679,J0074,6.3,0.588,0.92,1,0.343,116,2784.0,2026-02-05,0,0,0,0.7101
I0011900,C02110,J0106,7.2,0.367,0.679,3,0.884,223,5352.0,2025-10-21,0,0,0,0.4657
I0001793,C00386,J0008,4.2,0.721,0.768,2,0.441,339,8136.0,2025-06-27,1,0,0,0.6071
I0042337,C03744,J0138,,0.518,0.887,2,0.343,302,7248.0,2025-08-03,0,0,0,0.7096
I0017479,C03701,J0060,,0.732,0.945,1,0.633,14,336.0,2026-05-18,0,0,0,0.7795
I0045787,C03146,J0148,6.7,0.86,0.684,4,0.719,268,6432.0,2025-09-06,0,0,0,0.7237
I0028348,C00824,J0039,10.7,0.656,0.526,1,0.53,63,1512.0,2026-03-30,0,0,0,0.7574
I0032310,C00224,J0001,5.0,0.341,0.781,3,0.47,105,2520.0,2026-02-16,0,0,0,0.7307
I0054050,C03682,J0068,1.1,0.839,0.533,2,0.713,118,2832.0,2026-02-03,0,0,0,0.5969
I0036974,C01900,J0053,2.3,0.645,0.72,2,0.651,353,8472.0,2025-06-13,0,0,0,0.7545
I0035508,C00387,J0003,5.4,0.425,0.493,1,0.462,152,3648.0,2025-12-31,0,0,0,0.7211
I0011114,C00887,J0000,1.4,0.876,0.801,4,0.534,224,5376.0,2025-10-20,0,0,0,0.5253
I0039481,C02246,J0030,9.3,0.643,0.714,2,1.0,44,1056.0,2026-04-18,0,0,0,0.6239
I0006793,C00076,J0095,1.6,0.672,0.69,3,0.582,390,9360.0,2025-05-07,0,0,0,0.675
I0019834,C01447,J0039,6.6,0.513,0.606,1,0.53,325,7800.0,2025-07-11,0,0,0,0.7874
I0035325,C02318,J0129,3.9,0.605,0.692,1,0.574,340,8160.0,2025-06-26,0,0,0,0.7561
I0032384,C00178,J0149,1.5,0.807,0.86,1,0.593,89,2136.0,2026-03-04,0,0,0,0.6339
I0056466,C01049,J0068,0.0,0.808,0.723,2,0.713,317,7608.0,2025-07-19,0,0,0,0.6537
I0011836,C03865,J0137,7.2,0.485,0.637,1,0.69,171,4104.0,2025-12-12,0,0,0,0.6738
I0036170,C03728,J0149,9.4,0.575,0.542,1,0.593,360,8640.0,2025-06-06,0,0,0,0.816
I0046839,C00238,J0081,4.3,0.592,0.741,2,0.644,106,2544.0,2026-02-15,0,0,0,0.7619
I0014013,C01537,J0096,1.9,0.706,0.887,3,0.799,364,8736.0,2025-06-02,0,0,0,0.7335
I0035244,C00324,J0015,1.1,0.65,0.914,2,0.903,130,3120.0,2026-01-22,0,0,0,0.6148
I0008140,C01589,J0092,5.8,0.97,0.694,4,0.623,168,4032.0,2025-12-15,1,0,0,0.5661
I0040924,C02225,J0051,0.0,0.371,0.979,3,0.624,191,4584.0,2025-11-22,0,0,0,0.6145
I0039330,C02453,J0140,9.5,0.44,0.641,1,0.66,231,5544.0,2025-10-13,0,0,0,0.7032
I0007592,C00508,J0040,7.7,0.787,0.698,1,0.393,298,7152.0,2025-08-07,0,0,0,0.5662
I0013787,C02020,J0014,5.8,0.6,0.728,1,0.37,391,9384.0,2025-05-06,0,0,0,0.6581
I0015363,C02752,J0084,9.9,0.648,0.817,4,0.431,50,1200.0,2026-04-12,0,0,0,0.7617
I0043821,C00275,J0135,11.1,0.709,0.707,3,0.587,323,7752.0,2025-07-13,0,0,0,0.818
I0042395,C03067,J0070,0.0,0.808,0.697,3,0.423,189,4536.0,2025-11-24,0,0,0,0.442
I0001030,C01762,J0119,2.3,0.374,0.957,1,0.541,116,2784.0,2026-02-05,0,0,0,0.7079
I0038932,C00098,J0098,3.0,0.62,0.532,1,0.723,12,288.0,2026-05-20,0,0,0,0.645
I0013912,C00862,J0147,4.6,0.511,0.924,2,0.622,46,1104.0,2026-04-16,0,0,0,0.777
I0046459,C02840,J0087,4.0,0.3,0.982,3,0.578,248,5952.0,2025-09-26,0,0,0,0.6654
I0043488,C00413,J0068,4.3,0.571,0.964,2,0.713,158,3792.0,2025-12-25,1,1,1,0.7613
I0034209,C03528,J0033,7.2,0.702,0.724,1,0.649,7,168.0,2026-05-25,0,0,0,0.8054
I0003418,C02490,J0017,0.9,0.614,0.605,2,0.748,152,3648.0,2025-12-31,0,0,0,0.6082
I0027102,C01932,J0031,2.3,0.553,0.981,3,0.886,175,4200.0,2025-12-08,0,0,0,0.5976
I0022753,C00066,J0149,,0.916,0.758,1,0.593,68,1632.0,2026-03-25,0,0,0,0.5367
I0044584,C01188,J0004,7.2,0.547,0.681,2,0.655,343,8232.0,2025-06-23,0,0,0,0.7545
I0027998,C00970,J0072,5.6,0.507,0.995,1,0.651,174,4176.0,2025-12-09,0,0,0,0.7906
I0033753,C00296,J0033,8.2,0.856,0.708,1,0.649,249,5976.0,2025-09-25,0,0,0,0.7093
I0010801,C01782,J0145,9.4,0.716,0.741,4,0.701,145,3480.0,2026-01-07,0,0,0,0.8742
I0008363,C02473,J0081,1.3,0.488,0.58,2,0.644,200,4800.0,2025-11-13,0,0,0,0.5924
I0045749,C01175,J0018,3.3,0.975,1.0,4,0.73,230,5520.0,2025-10-14,0,0,0,0.6819
I0009760,C01348,J0078,5.5,0.587,0.862,2,0.5,339,8136.0,2025-06-27,0,0,0,0.7916
I0021840,C01654,J0127,5.3,0.854,0.806,3,0.595,76,1824.0,2026-03-17,0,0,0,0.6512
I0016420,C02577,J0048,2.3,0.946,0.611,2,0.774,124,2976.0,2026-01-28,0,0,0,0.6068
I0049162,C03752,J0137,1.6,0.393,0.885,1,0.69,294,7056.0,2025-08-11,0,0,0,0.5841
I0031842,C00911,J0043,,0.302,0.58,3,0.512,352,8448.0,2025-06-14,0,0,0,0.5324
I0005945,C01644,J0087,5.7,1.0,0.887,3,0.578,279,6696.0,2025-08-26,1,0,0,0.5659
I0059989,C00916,J0069,6.3,0.752,0.791,2,0.698,84,2016.0,2026-03-09,0,0,0,0.8084
I0029232,C00125,J0128,5.8,0.641,0.851,3,0.677,249,5976.0,2025-09-25,0,0,0,0.8296
I0003953,C02985,J0014,6.8,1.0,0.715,1,0.37,100,2400.0,2026-02-21,0,0,0,0.3894
I0021095,C00153,J0127,,0.409,0.578,3,0.595,311,7464.0,2025-07-25,1,0,0,0.6705
I0029050,C02672,J0120,0.0,0.716,0.696,2,0.522,350,8400.0,2025-06-16,0,0,0,0.5763
I0018496,C03165,J0042,4.1,0.908,0.772,3,0.496,218,5232.0,2025-10-26,0,0,0,0.5135
I0029603,C02038,J0045,6.5,0.173,0.7,4,0.544,288,6912.0,2025-08-17,0,0,0,0.5627
I0005975,C03074,J0035,2.7,0.564,0.758,4,0.644,38,912.0,2026-04-24,0,0,0,0.7199
I0027727,C03367,J0096,2.2,0.889,0.924,3,0.799,345,8280.0,2025-06-21,0,0,0,0.7512
I0014804,C01483,J0069,0.0,1.0,0.828,2,0.698,279,6696.0,2025-08-26,1,1,0,0.5374
I0054319,C01531,J0089,5.5,0.643,0.836,3,0.39,245,5880.0,2025-09-29,0,0,0,0.6673
I0043367,C00803,J0062,2.3,0.486,0.644,4,0.382,262,6288.0,2025-09-12,0,0,0,0.664
I0012957,C03417,J0146,8.2,0.74,0.954,3,0.57,25,600.0,2026-05-07,0,0,0,0.8047
I0021745,C00175,J0064,2.9,0.361,0.562,1,0.487,270,6480.0,2025-09-04,0,0,0,0.6356
I0022653,C03277,J0048,5.8,0.581,0.655,2,0.774,103,2472.0,2026-02-18,0,0,0,0.6636
I0026704,C03750,J0055,4.1,0.636,0.795,3,0.749,280,6720.0,2025-08-25,0,0,0,0.7307
I0029817,C00487,J0069,4.8,0.523,0.615,2,0.698,98,2352.0,2026-02-23,0,0,0,0.6481
I0012426,C02512,J0149,3.9,0.719,0.909,1,0.593,321,7704.0,1970-01-01 00:00:00,0,0,0,0.7503
I0017202,C03421,J0008,7.4,0.468,0.753,2,0.441,296,7104.0,2025-08-09,0,0,0,0.8353
I0012971,C00294,J0110,5.6,0.699,1.0,2,0.549,68,1632.0,2026-03-25,0,0,0,0.7878
I0004568,C03236,J0000,3.4,0.494,0.677,4,0.534,4,96.0,2026-05-28,0,0,0,0.7371
I0005297,C03248,J0043,4.6,0.359,0.788,3,0.512,164,3936.0,2025-12-19,0,0,0,0.709
I0026513,C01681,J0102,1.0,0.702,0.628,2,0.438,193,4632.0,2025-11-20,0,0,0,0.5247
I0044763,C00480,J0081,0.0,0.69,1.0,2,0.644,281,6744.0,2025-08-24,0,0,0,0.7664
I0055590,C01793,J0060,7.4,0.881,0.543,1,0.633,343,8232.0,2025-06-23,0,0,0,0.6203
I0057093,C00272,J0139,,0.646,0.46,2,0.561,304,7296.0,2025-08-01,1,1,0,0.7152
I0026142,C00227,J0144,2.2,0.73,0.631,2,0.591,238,5712.0,2025-10-06,0,0,0,0.634
I0019253,C03429,J0112,0.9,0.84,0.697,2,0.583,126,3024.0,2026-01-26,1,0,0,0.5474
I0035086,C02532,J0047,5.8,0.724,0.615,2,0.575,178,4272.0,2025-12-05,0,0,0,0.6833
I0037803,C03620,J0133,5.8,0.503,0.784,4,0.772,154,3696.0,2025-12-29,0,0,0,0.6464
I0055104,C00602,J0022,3.2,0.365,1.0,1,0.577,384,9216.0,2025-05-13,0,0,0,0.7035
I0046818,C01722,J0032,0.0,0.746,0.639,2,0.954,179,4296.0,2025-12-04,0,0,0,0.5504
I0046464,C03068,J0002,5.7,0.84,0.794,3,0.479,284,6816.0,2025-08-21,0,0,0,0.5827
I0054537,C02474,J0045,6.2,0.991,0.639,4,0.544,365,8760.0,2025-06-01,0,0,0,0.4868
I0007427,C00622,J0105,6.7,0.729,0.961,3,0.544,126,3024.0,2026-01-26,0,0,0,0.7708
I0012896,C03467,J0016,1.8,0.16,0.838,4,0.643,27,648.0,2026-05-05,0,0,0,0.4431
I0058986,C00866,J0000,3.3,0.264,0.674,4,0.534,362,8688.0,2025-06-04,0,0,0,0.5724
I0053105,C02947,J0029,4.0,0.739,0.785,1,0.913,300,7200.0,2025-08-05,1,1,0,0.6832
I0022477,C03024,J0023,4.3,0.444,0.628,2,0.472,172,4128.0,2025-12-11,0,0,0,0.7469
I0021428,C02937,J0075,5.9,0.374,0.76,3,0.62,119,2856.0,2026-02-02,0,0,0,0.6575
I0019067,C00198,J0099,0.0,0.742,0.572,2,0.707,269,6456.0,2025-09-05,0,0,0,0.6535
I0033375,C03640,J0005,,0.452,0.508,1,0.566,233,5592.0,2025-10-11,0,0,0,0.6863
I0015054,C01902,J0048,9.7,0.466,0.677,2,0.774,292,7008.0,2025-08-13,0,0,0,0.6547
I0025948,C02447,J0138,3.4,0.555,0.923,2,0.343,169,4056.0,2025-12-14,0,0,0,0.6852
I0051186,C01221,J0130,4.2,0.791,0.747,1,0.81,330,7920.0,2025-07-06,0,0,0,0.7851
I0058706,C00504,J0110,6.2,0.445,0.596,2,0.549,87,2088.0,2026-03-06,0,0,0,0.7165
I0029582,C03536,J0008,3.7,0.349,0.521,2,0.441,201,4824.0,2025-11-12,0,0,0,0.6615
I0055278,C01469,J0040,3.1,0.565,0.91,1,0.393,66,1584.0,2026-03-27,0,0,0,0.7046
I0055248,C02884,J0012,5.1,0.614,0.936,1,0.468,47,1128.0,2026-04-15,0,0,0,0.7641
I0004679,C01106,J0101,5.1,0.896,0.563,2,0.588,66,1584.0,2026-03-27,0,0,0,0.5448
I0045072,C02924,J0148,6.8,0.415,1.0,4,0.719,146,3504.0,2026-01-06,0,0,0,0.6996
I0027053,C00187,J0136,0.0,0.473,0.959,2,0.621,0,0.0,2026-06-01,0,0,0,0.6829
I0021867,C03120,J0050,3.2,0.882,0.691,3,0.587,214,5136.0,2025-10-30,0,0,0,0.5579
I0004543,C00259,J0129,0.9,0.373,0.785,1,0.574,158,3792.0,2025-12-25,0,0,0,0.6117
I0016883,C03323,J0124,7.2,0.621,0.623,4,0.309,115,2760.0,2026-02-06,0,0,0,0.5944
I0026574,C01235,J0104,7.2,0.674,0.707,1,0.821,357,8568.0,2025-06-09,0,0,0,0.7344
I0032039,C03354,J0145,7.4,0.645,0.508,4,0.701,172,4128.0,2025-12-11,0,0,0,0.7458
I0019400,C03472,J0027,3.8,0.429,0.725,1,0.574,341,8184.0,2025-06-25,0,0,0,0.6833
I0009987,C00904,J0110,3.9,0.684,0.664,2,0.549,284,6816.0,2025-08-21,0,0,0,0.6749
I0043352,C02764,J0021,0.4,0.345,0.612,2,0.438,65,1560.0,2026-03-28,0,0,0,0.6306
I0029397,C03440,J0007,5.6,0.707,0.578,3,0.673,215,5160.0,2025-10-29,0,0,0,0.7506
I0004788,C02028,J0118,0.6,0.591,0.884,2,0.57,290,6960.0,2025-08-15,0,0,0,0.7615
I0036250,C00998,J0107,6.4,0.8,0.842,2,0.389,268,6432.0,2025-09-06,0,0,0,0.5728
I0021528,C01740,J0024,0.0,0.325,0.523,1,0.346,309,7416.0,2025-07-27,0,0,0,0.6495
I0043793,C02705,J0050,4.2,0.536,0.608,3,0.587,64,1536.0,2026-03-29,1,0,0,0.7234
I0025245,C00383,J0100,0.0,0.913,0.869,1,0.169,160,3840.0,2025-12-23,0,0,0,0.2374
I0039981,C02799,J0102,3.0,0.465,0.781,2,0.438,203,4872.0,2025-11-10,0,0,0,0.7688
I0020296,C03324,J0089,0.6,0.146,0.707,3,0.39,295,7080.0,2025-08-10,0,0,0,0.5543
I0055009,C03250,J0038,4.4,1.0,0.785,4,0.713,206,4944.0,2025-11-07,0,0,0,0.6103
I0033111,C00588,J0094,2.6,0.797,0.683,2,0.625,177,4248.0,2025-12-06,0,0,0,0.6322
I0054997,C03149,J0108,2.3,0.753,0.852,4,0.437,251,6024.0,2025-09-23,0,0,0,0.5732
I0033177,C00302,J0111,4.1,0.6,0.476,1,0.646,109,2616.0,2026-02-12,1,0,0,0.688
I0044178,C00436,J0122,2.3,0.236,0.461,2,0.704,250,6000.0,2025-09-24,0,0,0,0.3558
I0033900,C01881,J0149,8.1,0.715,0.601,1,0.593,169,4056.0,2025-12-14,0,0,0,0.7373
I0014361,C03376,J0047,,0.565,0.676,2,0.575,74,1776.0,2026-03-19,0,0,0,0.7004
I0003467,C01075,J0001,9.7,0.641,0.722,3,0.47,321,7704.0,2025-07-15,1,0,0,0.764
I0046891,C00565,J0110,6.7,0.9,0.866,2,0.549,163,3912.0,2025-12-20,0,0,0,0.627
I0004609,C01978,J0003,5.1,0.486,0.803,1,0.462,90,2160.0,2026-03-03,0,0,0,0.8126
I0056066,C01240,J0074,4.0,0.616,0.658,1,0.343,308,7392.0,2025-07-28,1,0,0,0.5776
I0054228,C02882,J0145,6.2,0.753,0.715,4,0.701,202,4848.0,2025-11-11,0,0,0,0.7867
I0039437,C03398,J0046,5.0,0.526,0.606,3,0.767,344,8256.0,2025-06-22,0,0,0,0.6024
I0014326,C01825,J0044,4.1,0.608,0.938,2,0.579,263,6312.0,2025-09-11,0,0,0,0.8303
I0034252,C03843,J0147,4.6,0.628,0.652,2,0.622,264,6336.0,2025-09-10,0,0,0,0.7743
I0032678,C03983,J0047,2.6,0.509,0.694,2,0.575,238,5712.0,2025-10-06,0,0,0,0.71
I0034826,C02254,J0048,4.2,0.589,0.821,2,0.774,369,8856.0,2025-05-28,0,0,0,0.689
I0038671,C03024,J0079,4.3,0.444,0.628,2,0.518,154,3696.0,2025-12-29,0,0,0,0.7145
I0027815,C00260,J0022,3.7,0.328,0.632,1,0.577,287,6888.0,2025-08-18,0,0,0,0.5821
I0009960,C00121,J0002,4.6,0.626,0.671,3,0.479,320,7680.0,2025-07-16,0,0,0,0.6802
I0027505,C03094,J0129,1.8,0.654,0.862,1,0.574,305,7320.0,2025-07-31,0,0,0,0.734
I0042988,C00293,J0135,0.0,0.26,0.757,3,0.587,182,4368.0,2025-12-01,0,0,0,0.4998
I0001278,C00697,J0121,4.6,0.379,0.777,3,0.82,197,4728.0,2025-11-16,0,0,0,0.5029
I0000800,C00557,J0019,5.6,0.721,0.736,1,0.693,202,4848.0,2025-11-11,1,0,0,0.7994
I0015520,C02452,J0043,7.2,0.221,0.917,3,0.512,329,7896.0,1970-01-01 00:00:00,0,0,0,0.6921
I0042252,C00983,J0130,0.0,0.744,0.71,1,0.81,296,7104.0,2025-08-09,0,0,0,0.6705
I0007682,C01443,J0073,,0.683,0.64,2,0.624,219,5256.0,2025-10-25,0,0,0,0.7386
I0034280,C03115,J0001,6.3,0.985,0.718,3,0.47,284,6816.0,2025-08-21,0,0,0,0.4629
I0058489,C00505,J0002,1.7,0.417,0.741,3,0.479,186,4464.0,2025-11-27,0,0,0,0.7108
I0020571,C02353,J0135,5.4,0.713,0.94,3,0.587,157,3768.0,2025-12-26,0,0,0,0.7844
I0034418,C02572,J0129,3.4,0.655,0.952,1,0.574,54,1296.0,2026-04-08,0,0,0,0.7857
I0049341,C03526,J0084,1.1,0.591,0.705,4,0.431,139,3336.0,2026-01-13,0,0,0,0.6215
I0023096,C01710,J0041,4.1,0.323,0.681,4,0.655,132,3168.0,2026-01-20,0,0,0,0.5442
I0047127,C01426,J0025,7.3,0.774,1.0,3,0.501,366,8784.0,2025-05-31,0,0,0,0.7299
I0019168,C01485,J0055,1.5,0.792,0.7,3,0.749,273,6552.0,2025-09-01,0,0,0,0.7093
I0029503,C00075,J0054,0.0,0.429,0.765,2,0.727,219,5256.0,2025-10-25,0,0,0,0.5225
I0029193,C01832,J0032,6.3,0.963,0.657,2,0.954,369,8856.0,2025-05-28,0,0,0,0.8023
I0024465,C03084,J0147,3.2,0.294,0.839,2,0.622,117,2808.0,2026-02-04,0,0,0,0.5763
I0033771,C00000,J0129,0.9,0.374,0.714,1,0.574,120,2880.0,2026-02-01,1,0,0,0.5924
I0039737,C02479,J0109,0.0,0.616,0.624,2,0.714,56,1344.0,2026-04-06,0,0,0,0.6237
I0038509,C00250,J0120,7.2,0.607,0.581,2,0.522,377,9048.0,2025-05-20,0,0,0,0.7426
I0037618,C00875,J0009,4.9,0.058,0.695,3,0.437,139,3336.0,2026-01-13,0,0,0,0.5285
I0016618,C01301,J0127,0.0,0.511,0.622,3,0.595,366,8784.0,2025-05-31,0,0,0,0.633
I0056139,C00429,J0114,2.6,0.581,0.722,4,0.554,17,408.0,2026-05-15,0,0,0,0.7454
I0020160,C02784,J0114,0.3,0.744,0.876,4,0.554,371,8904.0,2025-05-26,0,0,0,0.635
I0002362,C00629,J0069,4.9,1.0,0.777,2,0.698,218,5232.0,2025-10-26,0,0,0,0.6059
I0039625,C01340,J0071,5.0,0.859,0.73,2,0.587,236,5664.0,2025-10-08,0,0,0,0.6155
I0021235,C01646,J0062,3.5,0.517,1.0,4,0.382,389,9336.0,2025-05-08,0,0,0,0.7629
I0003334,C02430,J0031,7.8,0.583,0.78,3,0.886,362,8688.0,2025-06-04,0,0,0,0.6552
I0017832,C00654,J0059,5.0,0.51,0.914,2,0.808,374,8976.0,2025-05-23,0,0,0,0.6491
I0023870,C01285,J0065,5.7,0.602,0.743,2,0.74,149,3576.0,2026-01-03,1,0,0,0.7255
I0013862,C03246,J0103,9.4,0.279,0.624,4,0.476,295,7080.0,2025-08-10,0,0,0,0.713
I0016339,C01163,J0130,3.9,0.07,0.793,1,0.81,116,2784.0,2026-02-05,0,0,0,0.2848
I0025636,C00352,J0062,4.9,0.289,0.83,4,0.382,111,2664.0,2026-02-10,0,0,0,0.7682
I0043044,C00685,J0140,3.1,0.559,0.587,1,0.66,42,1008.0,2026-04-20,0,0,0,0.6636
I0058630,C00504,J0119,,0.445,0.596,1,0.541,63,1512.0,2026-03-30,0,0,0,0.7221
I0039732,C01673,J0044,5.5,0.384,0.955,2,0.579,245,5880.0,2025-09-29,0,0,0,0.7417
I0032739,C01554,J0088,0.8,0.625,0.988,2,0.856,132,3168.0,2026-01-20,0,0,0,0.6461
I0045634,C01566,J0030,4.8,0.466,0.941,2,1.0,341,8184.0,2025-06-25,1,0,0,0.487
I0039228,C00558,J0120,4.0,0.442,0.65,2,0.522,280,6720.0,2025-08-25,0,0,0,0.7114
I0043644,C03135,J0012,10.1,0.648,0.754,1,0.468,56,1344.0,2026-04-06,1,0,0,0.7734
I0006808,C01601,J0042,5.3,0.821,0.859,3,0.496,272,6528.0,2025-09-02,0,0,0,0.6196
I0051646,C01974,J0104,3.8,0.472,0.705,1,0.821,233,5592.0,2025-10-11,0,0,0,0.5339
I0036936,C02895,J0087,5.8,0.487,0.823,3,0.578,304,7296.0,2025-08-01,1,0,0,0.7829
I0046998,C02184,J0034,3.0,0.641,0.684,1,0.634,86,2064.0,2026-03-07,0,0,0,0.7555
I0057216,C03352,J0092,4.2,0.499,0.687,4,0.623,241,5784.0,2025-10-03,0,0,0,0.6942
I0058936,C00958,J0136,1.3,0.879,1.0,2,0.621,153,3672.0,2025-12-30,0,0,0,0.6389
I0033089,C01505,J0043,6.8,0.296,0.637,3,0.512,336,8064.0,2025-06-30,0,0,0,0.6592
I0020720,C01809,J0053,2.6,0.582,0.843,2,0.651,303,7272.0,2025-08-02,0,0,0,0.7499
I0011943,C02706,J0092,9.1,0.701,0.84,4,0.623,274,6576.0,2025-08-31,1,1,0,0.8527
I0036847,C01723,J0021,8.6,0.937,0.921,2,0.438,294,7056.0,2025-08-11,0,0,0,0.5703
I0026610,C03979,J0004,0.0,0.431,0.629,2,0.655,103,2472.0,2026-02-18,0,0,0,0.5363
I0041206,C01917,J0133,5.5,1.0,0.911,4,0.772,33,792.0,2026-04-29,0,0,0,0.706
I0003834,C03483,J0075,3.7,0.323,0.903,3,0.62,242,5808.0,2025-10-02,0,0,0,0.6247
I0059337,C02916,J0053,4.8,0.704,0.641,2,0.651,294,7056.0,2025-08-11,0,0,0,0.7414
I0012154,C02164,J0041,6.4,0.672,0.662,4,0.655,85,2040.0,2026-03-08,1,1,0,0.7998
I0013561,C03853,J0134,1.1,0.441,0.751,2,0.353,160,3840.0,2025-12-23,1,1,0,0.6852
I0022377,C01628,J0060,1.3,0.577,0.864,1,0.633,310,7440.0,2025-07-26,0,0,0,0.743
I0029029,C03116,J0056,4.1,0.771,0.849,3,0.397,223,5352.0,2025-10-21,0,0,0,0.562
I0013822,C03108,J0106,8.4,0.606,0.902,3,0.884,63,1512.0,2026-03-30,1,0,0,0.7173
I0055578,C03993,J0015,6.5,0.62,0.731,2,0.903,363,8712.0,2025-06-03,0,0,0,0.6334
I0009183,C03836,J0083,0.0,0.236,0.982,3,0.691,117,2808.0,2026-02-04,0,0,0,0.473
I0049233,C03143,J0141,9.3,0.488,0.622,3,0.672,222,5328.0,2025-10-22,1,0,0,0.7199
I0008480,C00044,J0015,3.8,0.596,0.812,2,0.903,399,9576.0,2025-04-28,0,0,0,0.5937
I0052724,C00327,J0046,5.8,0.541,0.676,3,0.767,329,7896.0,2025-07-07,0,0,0,0.6463
I0019690,C03215,J0131,5.1,0.455,0.96,2,0.716,95,2280.0,2026-02-26,0,0,0,0.6898
I0030419,C03113,J0017,7.6,0.605,0.734,2,0.748,343,8232.0,2025-06-23,0,0,0,0.7516
I0004269,C00970,J0081,5.6,0.507,0.995,2,0.644,175,4200.0,2025-12-08,0,0,0,0.7956
I0001326,C03482,J0045,0.3,0.628,0.901,4,0.544,186,4464.0,2025-11-27,1,0,0,0.7168
I0026658,C03358,J0147,2.4,0.259,0.749,2,0.622,63,1512.0,2026-03-30,0,0,0,0.5128
I0055453,C03915,J0002,8.8,0.869,0.94,3,0.479,3,72.0,2026-05-29,0,0,0,0.6559
I0019791,C01840,J0108,1.8,0.599,0.747,4,0.437,223,5352.0,2025-10-21,0,0,0,0.6437
I0046613,C02431,J0013,4.1,0.325,0.969,3,0.854,159,3816.0,2025-12-24,0,0,0,0.4865
I0009025,C01961,J0063,10.1,0.359,0.692,4,0.497,330,7920.0,2025-07-06,0,0,0,0.7856
I0031936,C02927,J0032,4.0,0.553,0.959,2,0.954,368,8832.0,2025-05-29,0,0,0,0.5723
I0049063,C01743,J0003,0.0,0.924,0.723,1,0.462,292,7008.0,2025-08-13,0,0,0,0.395
I0052754,C01996,J0086,,0.581,0.55,3,0.489,234,5616.0,2025-10-10,0,0,0,0.7627
I0042590,C01919,J0013,11.6,0.575,0.896,3,0.854,42,1008.0,2026-04-20,0,0,0,0.7691
I0050156,C00806,J0041,2.2,0.452,0.708,4,0.655,2,48.0,2026-05-30,1,0,0,0.6106
I0048915,C02670,J0065,0.0,0.569,0.726,2,0.74,388,9312.0,2025-05-09,0,0,0,0.601
I0026273,C01366,J0096,2.0,0.537,0.926,3,0.799,384,9216.0,2025-05-13,0,0,0,0.6271
I0033136,C00882,J0090,0.0,0.287,0.682,3,0.558,89,2136.0,2026-03-04,0,0,0,0.5181
I0003836,C00421,J0092,0.0,0.773,0.885,4,0.623,274,6576.0,2025-08-31,1,1,0,0.6607
I0011082,C02492,J0029,7.3,0.286,0.97,1,0.913,91,2184.0,2026-03-02,0,0,0,0.4719
I0043017,C01403,J0048,0.9,0.439,0.748,2,0.774,307,7368.0,2025-07-29,0,0,0,0.5068
I0056859,C00142,J0025,6.7,0.675,0.559,3,0.501,29,696.0,2026-05-03,0,0,0,0.6652
I0021127,C00692,J0138,6.2,0.68,1.0,2,0.343,287,6888.0,2025-08-18,0,0,0,0.6661
I0000147,C00673,J0013,6.4,0.66,0.922,3,0.854,89,2136.0,2026-03-04,0,0,0,0.7483
I0029096,C01396,J0149,8.5,0.474,0.596,1,0.593,285,6840.0,2025-08-20,1,1,0,0.7448
I0011524,C02083,J0016,6.8,0.233,0.944,4,0.643,113,2712.0,2026-02-08,0,0,0,0.6091
I0058045,C00848,J0081,4.5,0.611,0.961,2,0.644,303,7272.0,2025-08-02,0,0,0,0.8407
I0007650,C02418,J0110,3.6,0.861,0.643,2,0.549,62,1488.0,2026-03-31,0,0,0,0.5391
I0006429,C03172,J0003,7.7,0.693,0.617,1,0.462,55,1320.0,2026-04-07,0,0,0,0.6583
I0057113,C00214,J0094,,0.493,0.811,2,0.625,328,7872.0,2025-07-08,0,0,0,0.6694
I0031343,C00671,J0055,6.3,0.935,0.882,3,0.749,269,6456.0,2025-09-05,0,0,0,0.741
I0022500,C02143,J0021,2.8,0.562,0.672,2,0.438,366,8784.0,2025-05-31,0,0,0,0.6663
I0056916,C01902,J0052,9.7,0.466,0.677,4,0.406,96,2304.0,2026-02-25,1,0,0,0.8296
I0044248,C01645,J0109,2.1,0.507,0.605,2,0.714,104,2496.0,2026-02-17,0,0,0,0.577
I0049212,C01609,J0058,8.3,0.62,0.433,1,0.519,126,3024.0,2026-01-26,0,0,0,0.7082
I0004815,C00673,J0089,6.4,0.66,0.922,3,0.39,13,312.0,2026-05-19,0,0,0,0.6948
I0050289,C01062,J0105,3.5,0.665,0.734,3,0.544,386,9264.0,2025-05-11,0,0,0,0.6977
I0027976,C00618,J0092,3.3,0.589,0.714,4,0.623,174,4176.0,2025-12-09,0,0,0,0.75
I0043911,C01889,J0017,4.6,0.604,1.0,2,0.748,299,7176.0,2025-08-06,0,0,0,0.7751
I0059194,C03647,J0067,4.5,0.337,0.792,4,0.443,263,6312.0,2025-09-11,0,0,0,0.7416
I0034303,C00516,J0074,1.0,0.589,0.777,1,0.343,229,5496.0,2025-10-15,0,0,0,0.5794
I0038472,C01194,J0048,7.1,0.448,0.717,2,0.774,323,7752.0,2025-07-13,0,0,0,0.6093
I0009314,C01186,J0012,5.5,0.49,0.954,1,0.468,264,6336.0,2025-09-10,1,1,0,0.8634
I0017518,C03196,J0032,3.4,0.717,0.627,2,0.954,34,816.0,2026-04-28,0,0,0,0.5841
I0024869,C02501,J0063,2.1,0.66,0.741,4,0.497,216,5184.0,2025-10-28,0,0,0,0.6464
I0037673,C02903,J0116,2.6,0.489,0.654,4,0.696,116,2784.0,2026-02-05,0,0,0,0.5993
I0013988,C01298,J0079,0.0,0.411,0.937,2,0.518,377,9048.0,2025-05-20,0,0,0,0.7056
I0057220,C00407,J0140,3.8,0.691,0.752,1,0.66,99,2376.0,2026-02-22,0,0,0,0.7713
I0022968,C00065,J0067,9.1,0.732,0.914,4,0.443,147,3528.0,2026-01-05,0,0,0,0.7248
I0022517,C02937,J0124,5.9,0.374,0.76,4,0.309,235,5640.0,2025-10-09,0,0,0,0.7851
I0015593,C01793,J0113,,0.881,0.543,1,0.579,345,8280.0,2025-06-21,0,0,0,0.5823
I0046050,C03820,J0078,5.9,0.328,0.71,2,0.5,142,3408.0,2026-01-10,0,0,0,0.6956
I0057021,C00665,J0008,5.3,0.398,0.57,2,0.441,317,7608.0,2025-07-19,0,0,0,0.7369
I0038695,C00712,J0106,0.7,0.808,0.838,3,0.884,93,2232.0,2026-02-28,0,0,0,0.7114
I0013941,C03197,J0149,3.6,0.764,0.51,1,0.593,35,840.0,2026-04-27,1,0,0,0.601
I0022091,C03286,J0055,1.9,0.512,0.784,3,0.749,69,1656.0,2026-03-24,0,0,0,0.603
I0014477,C01249,J0081,5.5,0.936,0.677,2,0.644,371,8904.0,2025-05-26,0,0,0,0.595
I0054027,C00156,J0042,4.5,0.666,0.61,3,0.496,396,9504.0,2025-05-01,0,0,0,0.6451
I0034901,C03118,J0057,7.9,0.885,0.661,2,0.372,398,9552.0,2025-04-29,0,0,0,0.4753
I0053264,C00381,J0083,5.2,0.694,1.0,3,0.691,284,6816.0,2025-08-21,0,0,0,0.8847
I0003173,C01504,J0136,2.4,0.483,0.472,2,0.621,19,456.0,2026-05-13,0,0,0,0.5933
I0019025,C03482,J0073,0.3,0.628,0.901,2,0.624,297,7128.0,2025-08-08,0,0,0,0.7732
I0027316,C01555,J0103,3.6,0.948,0.786,4,0.476,213,5112.0,2025-10-31,1,0,0,0.4667
I0037572,C02252,J0014,4.9,0.419,0.718,1,0.37,12,288.0,2026-05-20,0,0,0,0.7677
I0032594,C00088,J0143,7.0,1.0,0.731,1,0.714,261,6264.0,2025-09-13,0,0,0,0.6398
I0009580,C00552,J0037,5.1,0.493,0.696,2,0.622,173,4152.0,2025-12-10,0,0,0,0.7084
I0024155,C02139,J0145,,0.232,0.644,4,0.701,121,2904.0,2026-01-31,0,0,0,0.4084
I0001288,C02744,J0137,1.5,0.525,0.724,1,0.69,75,1800.0,2026-03-18,0,0,0,0.6301
I0050894,C01520,J0120,7.0,0.368,1.0,2,0.522,7,168.0,2026-05-25,0,0,0,0.8087
I0014752,C01570,J0069,6.7,1.0,0.625,2,0.698,234,5616.0,2025-10-10,0,0,0,0.5935
I0039627,C02305,J0093,4.6,0.673,0.828,3,0.757,345,8280.0,2025-06-21,0,0,0,0.7689
I0014313,C01536,J0064,7.5,0.861,1.0,1,0.487,46,1104.0,2026-04-16,0,0,0,0.6621
I0024711,C02660,J0026,2.9,0.366,0.616,1,0.881,54,1296.0,2026-04-08,0,0,0,0.3766
I0039805,C03899,J0057,5.2,0.295,0.485,2,0.372,6,144.0,2026-05-26,0,0,0,0.6873
I0032292,C02150,J0065,3.3,0.438,0.734,2,0.74,288,6912.0,2025-08-17,0,0,0,0.5668
I0006340,C03454,J0109,2.6,0.384,0.73,2,0.714,144,3456.0,2026-01-08,0,0,0,0.534
I0027707,C01845,J0066,7.4,0.729,0.937,2,0.752,92,2208.0,2026-03-01,0,0,0,0.89
I0027442,C03028,J0035,1.8,0.535,0.716,4,0.644,40,960.0,2026-04-22,0,0,0,0.6724
I0045508,C03411,J0025,3.2,1.0,0.427,3,0.501,85,2040.0,2026-03-08,0,0,0,0.3396
I0006769,C03581,J0103,3.5,0.701,0.668,4,0.476,251,6024.0,2025-09-23,0,0,0,0.6058
I0044904,C00763,J0047,2.7,0.616,1.0,2,0.575,379,9096.0,2025-05-18,0,0,0,0.8156
I0008455,C01433,J0101,4.6,0.633,0.718,2,0.588,383,9192.0,2025-05-14,0,0,0,0.7654
I0040396,C00968,J0095,6.8,0.652,0.622,3,0.582,90,2160.0,2026-03-03,0,0,0,0.7579
I0011429,C00432,J0034,,0.826,0.64,1,0.634,159,3816.0,2025-12-24,0,0,0,0.562
I0051709,C00459,J0135,3.5,0.495,0.703,3,0.587,353,8472.0,2025-06-13,0,0,0,0.7094
I0018958,C03435,J0130,4.2,0.62,0.754,1,0.81,210,5040.0,2025-11-03,0,0,0,0.6666
I0049121,C03916,J0023,0.8,0.544,0.819,2,0.472,42,1008.0,2026-04-20,0,0,0,0.7106
I0037217,C03807,J0108,0.5,0.492,0.819,4,0.437,211,5064.0,2025-11-02,0,0,0,0.7175
I0020146,C00527,J0019,6.5,0.77,0.648,1,0.693,182,4368.0,2025-12-01,1,0,0,0.7553
I0053573,C03369,J0111,3.2,0.759,0.812,1,0.646,346,8304.0,2025-06-20,0,0,0,0.7203
I0020330,C01696,J0142,3.7,0.791,0.736,2,0.778,259,6216.0,2025-09-15,0,0,0,0.7778
I0050265,C01401,J0067,6.1,0.339,0.872,4,0.443,261,6264.0,2025-09-13,1,0,0,0.7926
I0018684,C02207,J0072,8.4,0.457,0.81,1,0.651,180,4320.0,2025-12-03,0,0,0,0.7506
I0046504,C02408,J0145,3.8,0.85,0.731,4,0.701,287,6888.0,2025-08-18,0,0,0,0.6822
I0052814,C00187,J0015,0.0,0.473,0.959,2,0.903,272,6528.0,2025-09-02,0,0,0,0.4841
I0059060,C01968,J0003,2.5,0.392,0.951,1,0.462,8,192.0,2026-05-24,0,0,0,0.778
I0024438,C01687,J0117,5.0,0.583,0.767,1,0.842,66,1584.0,2026-03-27,0,0,0,0.6351
I0046634,C03417,J0043,8.2,0.74,0.954,3,0.512,147,3528.0,2026-01-05,0,0,0,0.7639
I0057486,C03849,J0122,4.7,0.361,0.919,2,0.704,301,7224.0,2025-08-04,0,0,0,0.6137
I0001285,C02882,J0124,6.2,0.753,0.715,4,0.309,168,4032.0,2025-12-15,0,0,0,0.5104
I0041705,C01970,J0067,7.8,0.421,0.845,4,0.443,320,7680.0,2025-07-16,0,0,0,0.8716
I0026937,C03776,J0034,1.8,0.221,0.631,1,0.634,244,5856.0,2025-09-30,0,0,0,0.4341
I0006656,C02678,J0011,6.5,0.431,0.675,3,0.484,264,6336.0,2025-09-10,0,0,0,0.7798
I0038473,C02923,J0020,4.6,0.382,0.728,4,0.849,188,4512.0,2025-11-25,0,0,0,0.4707
I0018844,C01781,J0079,1.3,0.837,0.638,2,0.518,176,4224.0,2025-12-07,0,0,0,0.4939
I0013791,C00588,J0094,2.6,0.797,0.683,2,0.625,152,3648.0,2025-12-31,0,0,0,0.6322
I0033795,C02077,J0003,,0.783,0.562,1,0.462,355,8520.0,2025-06-11,0,0,0,0.5455
I0027978,C00182,J0044,10.8,0.843,0.781,2,0.579,139,3336.0,2026-01-13,1,0,0,0.7337
I0043605,C01383,J0038,1.3,0.64,0.565,4,0.713,4,96.0,2026-05-28,0,0,0,0.6467
I0024534,C00480,J0117,0.0,0.69,1.0,1,0.842,282,6768.0,2025-08-23,1,1,1,0.6917
I0049424,C02967,J0031,6.3,0.528,0.657,3,0.886,6,144.0,2026-05-26,0,0,0,0.5563
I0003493,C00504,J0019,6.2,0.445,0.596,1,0.693,96,2304.0,2026-02-25,0,0,0,0.615
I0003829,C02184,J0052,3.0,0.641,0.684,4,0.406,80,1920.0,2026-03-13,0,0,0,0.5948
I0019127,C01481,J0109,3.2,0.587,0.626,2,0.714,390,9360.0,1970-01-01 00:00:00,0,0,0,0.658
I0018111,C03947,J0012,1.8,0.602,0.791,1,0.468,343,8232.0,2025-06-23,0,0,0,0.6759
I0012934,C03331,J0012,3.1,0.629,0.923,1,0.468,235,5640.0,2025-10-09,0,0,0,0.7161
I0012283,C02991,J0017,0.0,0.445,0.752,2,0.748,248,5952.0,2025-09-26,0,0,0,0.5153
I0058378,C03379,J0066,8.6,0.709,0.568,2,0.752,175,4200.0,2025-12-08,0,0,0,0.7922
I0009798,C00220,J0145,3.4,0.772,0.756,4,0.701,2,48.0,2026-05-30,0,0,0,0.7375
I0028705,C01274,J0045,3.8,0.81,0.644,4,0.544,97,2328.0,2026-02-24,0,0,0,0.5752
I0014651,C02017,J0009,1.1,0.752,0.827,3,0.437,107,2568.0,2026-02-14,0,0,0,0.5466
I0021461,C00189,J0013,6.5,0.493,0.763,3,0.854,92,2208.0,2026-03-01,0,0,0,0.5875
I0002089,C02378,J0112,7.7,0.857,1.0,2,0.583,61,1464.0,2026-04-01,0,0,0,0.7359
I0018592,C00271,J0013,1.6,0.967,0.888,3,0.854,322,7728.0,2025-07-14,0,0,0,0.7146
I0017109,C00250,J0131,7.2,0.607,0.581,2,0.716,313,7512.0,2025-07-23,1,0,0,0.7256
I0000006,C00666,J0115,7.1,0.227,0.712,1,0.627,43,1032.0,2026-04-19,0,0,0,0.5558
I0051696,C01581,J0039,,0.366,0.727,1,0.53,175,4200.0,2025-12-08,0,0,0,0.6367
I0055829,C01908,J0002,4.8,0.721,0.58,3,0.479,356,8544.0,2025-06-10,0,0,0,0.591
I0006059,C02681,J0095,4.1,0.612,1.0,3,0.582,178,4272.0,2025-12-05,1,0,0,0.847
I0025234,C01702,J0101,6.8,0.335,0.734,2,0.588,68,1632.0,2026-03-25,0,0,0,0.6605
I0013278,C03652,J0084,5.2,0.855,0.596,4,0.431,169,4056.0,2025-12-14,0,0,0,0.474
I0031082,C00352,J0139,4.9,0.289,0.83,2,0.561,385,9240.0,2025-05-12,0,0,0,0.642
I0044129,C03246,J0132,9.4,0.279,0.624,3,0.612,355,8520.0,2025-06-11,0,0,0,0.6171
I0037889,C01218,J0084,5.4,0.489,0.772,4,0.431,364,8736.0,2025-06-02,0,0,0,0.785
I0019174,C03532,J0117,1.4,0.694,0.541,1,0.842,191,4584.0,2025-11-22,0,0,0,0.5887
I0000543,C00839,J0141,0.3,0.674,0.766,3,0.672,399,9576.0,2025-04-28,0,0,0,0.7365
I0032631,C02986,J0045,3.7,0.602,0.53,4,0.544,87,2088.0,2026-03-06,0,0,0,0.688
I0036761,C00320,J0005,2.0,0.465,0.61,1,0.566,85,2040.0,2026-03-08,0,0,0,0.6515
I0035364,C00198,J0068,0.0,0.742,0.572,2,0.713,322,7728.0,2025-07-14,0,0,0,0.6577
I0006759,C02570,J0083,2.4,0.492,0.726,3,0.691,318,7632.0,2025-07-18,0,0,0,0.6219
I0055135,C03374,J0095,7.7,0.574,0.701,3,0.582,246,5904.0,2025-09-28,0,0,0,0.8391
I0026969,C01111,J0089,6.7,0.485,0.76,3,0.39,115,2760.0,2026-02-06,0,0,0,0.7775
I0033031,C01938,J0144,6.9,0.863,0.871,2,0.591,342,8208.0,2025-06-24,0,0,0,0.6874
I0056255,C01530,J0005,5.0,0.799,0.805,1,0.566,103,2472.0,2026-02-18,0,0,0,0.6642
I0037718,C02563,J0069,4.7,0.704,0.964,2,0.698,235,5640.0,2025-10-09,0,0,0,0.864
I0040238,C00029,J0069,5.4,0.669,0.881,2,0.698,123,2952.0,2026-01-29,0,0,0,0.8362
I0008075,C01716,J0142,2.5,0.581,0.878,2,0.778,17,408.0,2026-05-15,0,0,0,0.6678
I0029772,C00717,J0086,5.2,0.753,0.763,3,0.489,221,5304.0,2025-10-23,0,0,0,0.6339
I0052670,C03399,J0104,0.0,0.488,0.574,1,0.821,5,120.0,1970-01-01 00:00:00,0,0,0,0.444
I0048667,C01380,J0093,6.8,0.753,0.805,3,0.757,365,8760.0,2025-06-01,0,0,0,0.8561
I0019516,C03958,J0092,3.5,0.806,0.505,4,0.623,36,864.0,2026-04-26,0,0,0,0.5895
I0012608,C00703,J0097,10.0,0.499,0.644,1,0.65,103,2472.0,2026-02-18,0,0,0,0.7612
I0000659,C00960,J0079,10.5,0.496,0.743,2,0.518,135,3240.0,2026-01-17,1,0,0,0.8885
I0002721,C00572,J0031,4.6,0.555,0.816,3,0.886,150,3600.0,2026-01-02,0,0,0,0.5914
I0052066,C01195,J0115,3.6,0.632,0.754,1,0.627,298,7152.0,2025-08-07,0,0,0,0.7868
I0056247,C00592,J0117,0.0,0.607,0.885,1,0.842,330,7920.0,2025-07-06,0,0,0,0.6007
I0045047,C03932,J0103,4.0,0.631,0.567,4,0.476,176,4224.0,2025-12-07,0,0,0,0.6351
I0031041,C00048,J0044,1.7,0.572,0.774,2,0.579,265,6360.0,2025-09-09,0,0,0,0.7589
I0035888,C03238,J0116,8.8,0.324,0.734,4,0.696,50,1200.0,2026-04-12,0,0,0,0.6105
I0038848,C02435,J0063,1.6,0.319,0.811,4,0.497,55,1320.0,2026-04-07,1,0,0,0.6471
I0023892,C02846,J0099,,0.932,0.613,2,0.707,237,5688.0,2025-10-07,0,0,0,0.5954
I0014513,C02507,J0000,1.0,0.27,0.919,4,0.534,330,7920.0,2025-07-06,0,0,0,0.6068
I0052388,C00144,J0069,,0.643,1.0,2,0.698,386,9264.0,2025-05-11,0,0,0,0.848
I0001181,C01179,J0129,1.8,0.482,0.872,1,0.574,269,6456.0,2025-09-05,1,1,0,0.7283
I0053887,C03565,J0128,2.1,0.566,0.597,3,0.677,67,1608.0,2026-03-26,0,0,0,0.6425
I0037294,C01614,J0035,1.6,0.693,0.746,4,0.644,398,9552.0,2025-04-29,0,0,0,0.7197
I0041165,C03370,J0065,1.8,0.666,0.841,2,0.74,300,7200.0,2025-08-05,0,0,0,0.7323
I0030739,C00347,J0011,6.9,0.631,0.739,3,0.484,217,5208.0,2025-10-27,0,0,0,0.7383
I0005073,C02901,J0031,2.8,0.631,0.789,3,0.886,205,4920.0,2025-11-08,0,0,0,0.6069
I0013485,C01199,J0107,2.9,0.327,0.614,2,0.389,304,7296.0,2025-08-01,0,0,0,0.6953
I0036720,C03848,J0111,5.6,0.688,0.618,1,0.646,310,7440.0,2025-07-26,0,0,0,0.7562
I0018031,C00224,J0047,5.0,0.341,0.781,2,0.575,196,4704.0,2025-11-17,1,0,0,0.6567
I0014000,C03095,J0118,3.4,0.734,0.816,2,0.57,303,7272.0,2025-08-02,0,0,0,0.6888
I0030840,C03148,J0079,11.8,0.626,0.904,2,0.518,321,7704.0,2025-07-15,1,1,1,0.8952
I0012594,C01681,J0028,1.0,0.702,0.628,3,0.898,343,8232.0,2025-06-23,0,0,0,0.5727
I0037934,C00503,J0072,3.6,0.738,0.644,1,0.651,153,3672.0,2025-12-30,0,0,0,0.698
I0053657,C01079,J0113,4.8,0.152,0.777,1,0.579,315,7560.0,2025-07-21,0,0,0,0.5161
I0015767,C03549,J0073,2.3,0.883,0.663,2,0.624,37,888.0,2026-04-25,0,0,0,0.5601
I0036570,C01277,J0003,4.7,0.422,0.671,1,0.462,66,1584.0,2026-03-27,0,0,0,0.7574
I0033553,C02837,J0042,5.0,0.607,0.833,3,0.496,24,576.0,2026-05-08,0,0,0,0.7581
I0022617,C02209,J0068,0.6,0.502,0.736,2,0.713,267,6408.0,2025-09-07,0,0,0,0.5858
I0026587,C01965,J0055,4.1,0.502,0.827,3,0.749,56,1344.0,2026-04-06,0,0,0,0.6453
I0056749,C03382,J0087,9.3,0.98,0.721,3,0.578,363,8712.0,2025-06-03,0,0,0,0.5941
I0031356,C00990,J0089,4.9,0.578,0.722,3,0.39,375,9000.0,2025-05-22,0,0,0,0.6708
I0027511,C01190,J0022,1.2,0.511,0.665,1,0.577,200,4800.0,2025-11-13,0,0,0,0.6781
I0017041,C01266,J0007,10.2,1.0,1.0,3,0.673,320,7680.0,2025-07-16,0,0,0,0.7409
I0014898,C00392,J0071,2.7,0.822,0.77,2,0.587,381,9144.0,2025-05-16,0,0,0,0.614
I0054800,C01127,J0131,0.0,0.953,1.0,2,0.716,25,600.0,2026-05-07,0,0,0,0.6317
I0030927,C02415,J0053,2.5,0.832,0.675,2,0.651,356,8544.0,2025-06-10,0,0,0,0.6219
I0036956,C00986,J0123,1.4,0.717,0.667,3,0.315,361,8664.0,2025-06-05,0,0,0,0.4452
I0032079,C01037,J0102,9.7,0.95,0.297,2,0.438,34,816.0,2026-04-28,0,0,0,0.4038
I0022001,C02428,J0148,5.1,0.458,0.793,4,0.719,384,9216.0,2025-05-13,0,0,0,0.6427
I0011708,C02674,J0123,4.5,0.489,0.792,3,0.315,10,240.0,2026-05-22,0,0,0,0.6936
I0030760,C03672,J0055,7.3,0.417,0.7,3,0.749,16,384.0,2026-05-16,0,0,0,0.6037
I0042852,C01237,J0037,4.3,0.719,0.912,2,0.622,10,240.0,2026-05-22,0,0,0,0.7784
I0054353,C03099,J0061,0.0,0.509,0.821,1,0.484,28,672.0,2026-05-04,0,0,0,0.7307
I0001256,C02178,J0071,6.3,0.876,0.77,2,0.587,342,8208.0,2025-06-24,0,0,0,0.6368
I0028409,C00125,J0101,5.8,0.641,0.851,2,0.588,43,1032.0,2026-04-19,0,0,0,0.8176
I0015731,C02971,J0055,4.4,0.365,0.61,3,0.749,69,1656.0,2026-03-24,0,0,0,0.4926
I0012542,C02889,J0057,5.2,0.414,0.761,2,0.372,209,5016.0,2025-11-04,0,0,0,0.7898
I0015125,C03419,J0016,2.6,0.498,0.908,4,0.643,74,1776.0,2026-03-19,0,0,0,0.7146
I0036238,C03370,J0063,1.8,0.666,0.841,4,0.497,193,4632.0,2025-11-20,0,0,0,0.6653
I0010915,C03253,J0146,4.7,1.0,0.593,3,0.57,232,5568.0,2025-10-12,0,0,0,0.4605
I0005013,C00359,J0025,5.0,0.364,0.614,3,0.501,389,9336.0,2025-05-08,0,0,0,0.678
I0008943,C03513,J0019,3.6,0.431,0.601,1,0.693,273,6552.0,2025-09-01,0,0,0,0.5625
I0045812,C03633,J0004,2.8,0.802,0.487,2,0.655,379,9096.0,2025-05-18,0,0,0,0.5979
I0015302,C00404,J0139,4.1,0.785,0.933,2,0.561,189,4536.0,1970-01-01 00:00:00,0,0,0,0.6914
I0050715,C00621,J0116,8.3,0.711,0.909,4,0.696,10,240.0,2026-05-22,0,0,0,0.903
I0041314,C03877,J0094,10.5,0.666,0.816,2,0.625,343,8232.0,1970-01-01 00:00:00,0,0,0,0.8957
I0006415,C00129,J0115,3.9,0.323,0.937,1,0.627,163,3912.0,2025-12-20,0,0,0,0.6327
I0035845,C02787,J0058,,0.799,0.631,1,0.519,197,4728.0,2025-11-16,0,0,0,0.5092
I0039249,C03374,J0071,,0.574,0.701,2,0.587,103,2472.0,2026-02-18,0,0,0,0.8356
I0037754,C00804,J0062,7.3,0.835,0.717,4,0.382,197,4728.0,2025-11-16,0,0,0,0.5232
I0028186,C03936,J0003,6.8,0.789,1.0,1,0.462,34,816.0,2026-04-28,0,0,0,0.6833
I0012059,C03909,J0075,0.9,0.906,0.764,3,0.62,76,1824.0,2026-03-17,0,0,0,0.5459
I0005707,C01028,J0040,4.8,0.272,0.836,1,0.393,368,8832.0,2025-05-29,0,0,0,0.7485
I0042234,C03071,J0033,0.0,0.606,0.522,1,0.649,83,1992.0,2026-03-10,0,0,0,0.6337
I0044603,C03907,J0043,0.0,0.586,0.616,3,0.512,96,2304.0,2026-02-25,0,0,0,0.6384
I0044507,C00245,J0103,1.5,0.819,0.677,4,0.476,85,2040.0,2026-03-08,0,0,0,0.4913
I0022346,C03321,J0081,6.8,0.297,0.776,2,0.644,14,336.0,2026-05-18,0,0,0,0.6061
I0034376,C00600,J0116,1.2,0.593,0.71,4,0.696,280,6720.0,2025-08-25,0,0,0,0.6647
I0008115,C03315,J0032,3.5,0.207,0.536,2,0.954,12,288.0,2026-05-20,0,0,0,0.2006
I0043612,C02864,J0129,4.1,0.899,0.666,1,0.574,264,6336.0,2025-09-10,0,0,0,0.5449
I0047210,C00638,J0075,0.0,0.503,0.627,3,0.62,233,5592.0,2025-10-11,0,0,0,0.6112
I0056597,C02651,J0117,3.5,0.29,0.509,1,0.842,229,5496.0,2025-10-15,0,0,0,0.3305
I0000034,C03185,J0054,2.4,0.285,0.57,2,0.727,144,3456.0,2026-01-08,0,0,0,0.4066
I0013413,C03128,J0115,5.7,0.603,0.855,1,0.627,22,528.0,2026-05-10,1,0,0,0.8374
I0018647,C02158,J0019,5.9,0.449,0.796,1,0.693,94,2256.0,2026-02-27,0,0,0,0.6691
I0014637,C03224,J0137,3.4,0.516,0.915,1,0.69,359,8616.0,2025-06-07,1,0,0,0.7097
I0046131,C01479,J0097,3.2,0.461,0.975,1,0.65,233,5592.0,2025-10-11,1,0,0,0.7127
I0028958,C02970,J0133,4.0,0.686,0.859,4,0.772,197,4728.0,2025-11-16,0,0,0,0.7661
I0043800,C02070,J0084,2.3,0.596,0.732,4,0.431,92,2208.0,2026-03-01,0,0,0,0.6458
I0016063,C03885,J0047,2.8,0.503,0.818,2,0.575,355,8520.0,2025-06-11,0,0,0,0.7441
I0003214,C00908,J0131,9.6,0.582,0.788,2,0.716,106,2544.0,2026-02-15,0,0,0,0.807
I0005970,C02429,J0125,0.0,0.682,0.917,1,0.475,369,8856.0,2025-05-28,1,0,0,0.6295
I0050039,C02600,J0096,2.1,0.854,0.753,3,0.799,56,1344.0,2026-04-06,1,1,0,0.7259
I0052359,C02809,J0143,4.7,0.692,0.381,1,0.714,241,5784.0,2025-10-03,0,0,0,0.6883
I0050236,C00254,J0019,5.6,0.369,0.662,1,0.693,270,6480.0,2025-09-04,0,0,0,0.5699
I0009856,C03815,J0055,0.0,0.403,0.701,3,0.749,349,8376.0,2025-06-17,1,0,0,0.4706
I0007040,C00702,J0131,4.3,1.0,0.765,2,0.716,359,8616.0,2025-06-07,0,0,0,0.6051
I0044703,C03074,J0003,2.7,0.564,0.758,1,0.462,288,6912.0,2025-08-17,0,0,0,0.7044
I0036384,C01391,J0125,5.2,0.715,0.667,1,0.475,288,6912.0,2025-08-17,0,0,0,0.6237
I0030822,C02085,J0046,3.1,0.739,0.598,3,0.767,165,3960.0,2025-12-18,0,0,0,0.7182
I0052397,C03879,J0125,5.8,0.893,0.685,1,0.475,3,72.0,2026-05-29,0,0,0,0.5135
I0024988,C01600,J0108,4.5,0.593,0.564,4,0.437,342,8208.0,2025-06-24,0,0,0,0.642
I0018446,C02633,J0098,5.9,0.341,0.648,1,0.723,230,5520.0,2025-10-14,0,0,0,0.5301
I0020633,C03741,J0149,0.0,0.529,0.586,1,0.593,286,6864.0,2025-08-19,0,0,0,0.637
I0032111,C01278,J0089,5.8,0.713,0.766,3,0.39,134,3216.0,2026-01-18,0,0,0,0.6033
I0058075,C01405,J0040,3.5,0.552,0.738,1,0.393,247,5928.0,2025-09-27,0,0,0,0.6721
I0021499,C01753,J0115,4.7,0.626,0.917,1,0.627,278,6672.0,2025-08-27,0,0,0,0.8542
I0014084,C00687,J0081,6.6,0.565,0.429,2,0.644,209,5016.0,2025-11-04,1,0,0,0.6938
I0017284,C00243,J0022,8.4,0.565,0.639,1,0.577,255,6120.0,2025-09-19,0,0,0,0.8307
I0053281,C02872,J0111,7.5,0.358,0.503,1,0.646,76,1824.0,2026-03-17,0,0,0,0.5825
I0027338,C02737,J0079,4.1,0.876,0.801,2,0.518,96,2304.0,2026-02-25,1,0,0,0.5597
I0025438,C02203,J0123,3.4,0.384,0.839,3,0.315,211,5064.0,2025-11-02,0,0,0,0.7623
I0023878,C02936,J0062,3.0,0.456,0.711,4,0.382,37,888.0,2026-04-25,0,0,0,0.7159
I0042237,C03760,J0006,6.8,0.815,0.806,3,0.665,308,7392.0,2025-07-28,1,0,0,0.7534
I0036871,C02108,J0025,7.1,0.638,0.875,3,0.501,347,8328.0,2025-06-19,0,0,0,0.7871
I0051909,C02082,J0141,0.0,0.685,0.845,3,0.672,387,9288.0,1970-01-01 00:00:00,0,0,0,0.7459
I0049910,C03403,J0060,8.9,0.7,0.806,1,0.633,57,1368.0,2026-04-05,0,0,0,0.8475
I0044429,C00968,J0148,6.8,0.652,0.622,4,0.719,393,9432.0,2025-05-04,0,0,0,0.76
I0059359,C02830,J0134,2.2,0.338,0.716,2,0.353,279,6696.0,2025-08-26,0,0,0,0.7454
I0004484,C00424,J0028,8.6,1.0,0.778,3,0.898,119,2856.0,2026-02-02,1,0,0,0.8098
I0005228,C02864,J0097,4.1,0.899,0.666,1,0.65,220,5280.0,2025-10-24,0,0,0,0.5985
I0030338,C01750,J0024,4.0,0.533,0.727,1,0.346,70,1680.0,2026-03-23,0,0,0,0.6577
I0024677,C01922,J0005,0.7,0.531,0.628,1,0.566,241,5784.0,2025-10-03,0,0,0,0.6811
I0030326,C01838,J0096,0.0,0.273,0.936,3,0.799,394,9456.0,2025-05-03,0,0,0,0.41
I0012993,C02228,J0020,0.8,0.399,0.61,4,0.849,365,8760.0,2025-06-01,0,0,0,0.3852
I0043105,C02276,J0070,7.0,0.363,0.649,3,0.423,210,5040.0,2025-11-03,0,0,0,0.776
I0013179,C01081,J0110,6.5,0.381,0.677,2,0.549,238,5712.0,2025-10-06,0,0,0,0.6993
I0029151,C00648,J0009,5.1,0.53,0.693,3,0.437,399,9576.0,2025-04-28,0,0,0,0.733
I0019334,C01402,J0002,1.1,0.615,0.839,3,0.479,236,5664.0,2025-10-08,0,0,0,0.6762
I0049897,C01420,J0041,5.6,0.228,0.7,4,0.655,389,9336.0,2025-05-08,0,0,0,0.508
I0009263,C01079,J0117,4.8,0.152,0.777,1,0.842,83,1992.0,2026-03-10,0,0,0,0.3307
I0058337,C03710,J0003,3.2,0.514,0.951,1,0.462,326,7824.0,2025-07-10,0,0,0,0.8025
I0054288,C01241,J0070,0.1,0.65,1.0,3,0.423,355,8520.0,2025-06-11,0,0,0,0.6405
I0049442,C03698,J0070,3.5,0.499,0.668,3,0.423,69,1656.0,2026-03-24,1,0,0,0.7108
I0045060,C03647,J0119,4.5,0.337,0.792,1,0.541,84,2016.0,2026-03-09,0,0,0,0.6725
I0036893,C01905,J0139,6.7,0.624,0.72,2,0.561,356,8544.0,2025-06-10,0,0,0,0.7888
I0013972,C02110,J0046,7.2,0.367,0.679,3,0.767,338,8112.0,2025-06-28,0,0,0,0.5481
I0042588,C00083,J0091,0.9,0.471,0.581,2,0.409,280,6720.0,2025-08-25,0,0,0,0.6522
I0009869,C02902,J0123,5.0,0.648,0.825,3,0.315,57,1368.0,2026-04-05,1,0,0,0.5993
I0023747,C01618,J0030,5.4,0.584,0.738,2,1.0,331,7944.0,2025-07-05,0,0,0,0.5231
I0007144,C02814,J0043,2.2,0.683,0.879,3,0.512,190,4560.0,2025-11-23,0,0,0,0.6814
I0049092,C01497,J0069,7.5,0.239,0.553,2,0.698,172,4128.0,2025-12-11,0,0,0,0.4761
I0022338,C01155,J0138,3.3,0.81,0.677,2,0.343,344,8256.0,2025-06-22,0,0,0,0.4344
I0041390,C02357,J0039,0.6,0.546,0.667,1,0.53,20,480.0,2026-05-12,1,1,1,0.7038
I0051902,C01883,J0126,4.1,0.747,0.797,2,0.635,307,7368.0,2025-07-29,0,0,0,0.732
I0013695,C01362,J0094,6.6,0.585,0.791,2,0.625,134,3216.0,2026-01-18,0,0,0,0.8233
I0027813,C03535,J0107,0.7,0.877,0.742,2,0.389,399,9576.0,2025-04-28,0,0,0,0.3939
I0030721,C00081,J0086,1.3,0.526,0.705,3,0.489,261,6264.0,2025-09-13,0,0,0,0.7115
I0057054,C00220,J0137,3.4,0.772,0.756,1,0.69,152,3648.0,2025-12-31,0,0,0,0.7297
I0028603,C02362,J0039,5.1,0.5,0.909,1,0.53,348,8352.0,2025-06-18,0,0,0,0.8383
I0057851,C01566,J0050,,0.466,0.941,3,0.587,132,3168.0,2026-01-20,0,0,0,0.7781
I0049808,C02496,J0119,3.5,0.519,0.723,1,0.541,261,6264.0,2025-09-13,0,0,0,0.7644
I0012597,C01091,J0088,1.3,0.62,0.832,2,0.856,81,1944.0,2026-03-12,0,0,0,0.6071
I0052171,C02526,J0088,5.0,0.236,0.73,2,0.856,223,5352.0,2025-10-21,0,0,0,0.3702
I0001621,C02958,J0041,2.2,0.744,0.874,4,0.655,363,8712.0,2025-06-03,0,0,0,0.7378
I0048509,C01585,J0032,2.4,0.622,0.778,2,0.954,267,6408.0,2025-09-07,0,0,0,0.5428
I0051815,C00685,J0035,3.1,0.559,0.587,4,0.644,76,1824.0,2026-03-17,0,0,0,0.6749
I0005223,C01769,J0079,5.1,0.746,0.643,2,0.518,139,3336.0,2026-01-13,0,0,0,0.6237
I0003697,C03124,J0111,4.2,0.756,0.45,1,0.646,258,6192.0,2025-09-16,0,0,0,0.6372
I0005134,C00446,J0136,0.9,0.449,0.681,2,0.621,197,4728.0,2025-11-16,0,0,0,0.6028
I0005657,C02782,J0061,3.3,0.85,0.567,1,0.484,216,5184.0,2025-10-28,0,0,0,0.4746
I0018967,C02792,J0008,1.6,0.473,0.56,2,0.441,324,7776.0,2025-07-12,0,0,0,0.6793
I0053906,C03391,J0096,4.2,0.827,0.926,3,0.799,213,5112.0,2025-10-31,0,0,0,0.8293
I0050775,C01582,J0003,3.2,0.746,0.804,1,0.462,102,2448.0,2026-02-19,0,0,0,0.5975
I0030434,C00403,J0070,4.1,0.624,0.807,3,0.423,174,4176.0,2025-12-09,1,0,0,0.6721
I0035564,C01572,J0102,6.0,0.547,0.721,2,0.438,375,9000.0,2025-05-22,1,0,0,0.7448
I0015854,C02128,J0105,3.1,0.39,0.533,3,0.544,95,2280.0,2026-02-26,0,0,0,0.611
I0015692,C01982,J0094,6.5,0.603,0.705,2,0.625,179,4296.0,2025-12-04,0,0,0,0.8101
I0003419,C03452,J0053,2.3,0.477,0.889,2,0.651,387,9288.0,2025-05-10,0,0,0,0.6838
I0035514,C02603,J0025,1.9,0.699,0.636,3,0.501,288,6912.0,2025-08-17,0,0,0,0.5887
I0012123,C01991,J0069,5.4,0.49,0.796,2,0.698,268,6432.0,2025-09-06,0,0,0,0.686
I0006919,C02117,J0063,5.5,0.492,0.649,4,0.497,340,8160.0,2025-06-26,0,0,0,0.7894
I0018524,C01210,J0121,1.9,0.586,0.622,3,0.82,340,8160.0,2025-06-26,0,0,0,0.5594
I0031834,C01403,J0007,0.9,0.439,0.748,3,0.673,219,5256.0,2025-10-25,0,0,0,0.578
I0033582,C03103,J0101,2.2,0.796,0.916,2,0.588,344,8256.0,2025-06-22,0,0,0,0.6657
I0057810,C00508,J0081,7.7,0.787,0.698,2,0.644,276,6624.0,2025-08-29,0,0,0,0.7431
I0058804,C01795,J0141,4.1,0.594,0.603,3,0.672,331,7944.0,2025-07-05,0,0,0,0.7013
I0036305,C02658,J0127,7.5,0.566,0.844,3,0.595,135,3240.0,2026-01-17,0,0,0,0.8613
I0043681,C03285,J0087,1.1,0.841,0.985,3,0.578,39,936.0,2026-04-23,0,0,0,0.6278
I0024742,C03306,J0117,1.1,0.391,0.663,1,0.842,241,5784.0,2025-10-03,0,0,0,0.4045
I0020589,C03768,J0080,3.4,0.609,0.812,1,0.569,40,960.0,2026-04-22,0,0,0,0.7751
I0026334,C02134,J0145,0.0,0.701,0.823,4,0.701,147,3528.0,2026-01-05,0,0,0,0.7489
I0006502,C02233,J0042,5.1,0.766,0.808,3,0.496,118,2832.0,2026-02-03,0,0,0,0.6406
I0025807,C03866,J0013,3.7,0.431,0.621,3,0.854,135,3240.0,2026-01-17,0,0,0,0.4564
I0026389,C01100,J0011,1.6,0.093,0.857,3,0.484,19,456.0,2026-05-13,0,0,0,0.5099
I0036969,C02830,J0067,2.2,0.338,0.716,4,0.443,339,8136.0,2025-06-27,0,0,0,0.6819
I0022122,C00570,J0135,6.3,0.343,0.876,3,0.587,75,1800.0,2026-03-18,0,0,0,0.6984
I0018969,C01397,J0079,9.4,0.608,0.785,2,0.518,139,3336.0,2026-01-13,0,0,0,0.8338
I0025238,C02999,J0034,4.1,0.615,0.542,1,0.634,249,5976.0,2025-09-25,0,0,0,0.7256
I0043048,C02414,J0076,4.3,0.766,0.88,4,0.695,305,7320.0,2025-07-31,0,0,0,0.7877
I0001916,C03745,J0081,3.8,0.475,0.692,2,0.644,57,1368.0,2026-04-05,0,0,0,0.6571
I0053248,C00694,J0114,3.8,0.489,0.833,4,0.554,314,7536.0,2025-07-22,0,0,0,0.7702
I0047305,C00770,J0094,1.2,0.329,0.579,2,0.625,56,1344.0,2026-04-06,0,0,0,0.4918
I0012553,C03667,J0124,3.4,0.641,1.0,4,0.309,32,768.0,2026-04-30,0,0,0,0.6223
I0016723,C01425,J0000,9.1,0.506,0.988,4,0.534,316,7584.0,2025-07-20,0,0,0,0.9296
I0012862,C03135,J0056,10.1,0.648,0.754,3,0.397,144,3456.0,2026-01-08,0,0,0,0.7234
I0011504,C00790,J0097,7.2,0.841,0.467,1,0.65,140,3360.0,2026-01-12,0,0,0,0.6357
I0059294,C00744,J0004,5.3,0.606,0.707,2,0.655,357,8568.0,2025-06-09,0,0,0,0.7713
I0058177,C02164,J0067,6.4,0.672,0.662,4,0.443,365,8760.0,2025-06-01,0,0,0,0.6504
I0024753,C00008,J0112,3.1,0.466,0.688,2,0.583,276,6624.0,2025-08-29,0,0,0,0.6808
I0033863,C02459,J0017,1.0,0.575,0.832,2,0.748,319,7656.0,2025-07-17,0,0,0,0.6464
I0059902,C01525,J0143,7.1,0.404,0.885,1,0.714,389,9336.0,2025-05-08,0,0,0,0.668
I0013813,C03835,J0051,5.3,0.67,0.811,3,0.624,53,1272.0,2026-04-09,1,1,1,0.8028
I0048131,C02505,J0125,3.1,0.839,0.77,1,0.475,31,744.0,2026-05-01,1,0,0,0.5298
I0005370,C00913,J0068,2.0,0.684,0.733,2,0.713,44,1056.0,2026-04-18,0,0,0,0.7369
I0042551,C02304,J0044,7.0,0.567,0.547,2,0.579,233,5592.0,2025-10-11,0,0,0,0.7811
I0004883,C03788,J0000,2.2,0.734,0.705,4,0.534,186,4464.0,2025-11-27,0,0,0,0.6119
I0025925,C03429,J0015,0.9,0.84,0.697,2,0.903,378,9072.0,2025-05-19,0,0,0,0.6842
I0034224,C03018,J0145,0.0,0.668,0.49,4,0.701,258,6192.0,2025-09-16,0,0,0,0.6317
I0050070,C01272,J0034,2.0,0.266,0.632,1,0.634,273,6552.0,2025-09-01,0,0,0,0.4695
I0012066,C01748,J0137,0.0,0.507,0.594,1,0.69,40,960.0,2026-04-22,0,0,0,0.5553
I0012955,C00622,J0090,6.7,0.729,0.961,3,0.558,348,8352.0,2025-06-18,0,0,0,0.7806
I0029611,C03453,J0115,2.8,0.705,0.712,1,0.627,192,4608.0,2025-11-21,0,0,0,0.71
I0024389,C02921,J0125,0.0,0.483,0.558,1,0.475,362,8688.0,2025-06-04,0,0,0,0.6685
I0044342,C03784,J0104,0.6,0.825,0.649,1,0.821,322,7728.0,2025-07-14,0,0,0,0.7072
I0032377,C03355,J0038,2.7,0.832,0.754,4,0.713,200,4800.0,2025-11-13,0,0,0,0.6912
I0033975,C00801,J0005,5.7,0.493,0.648,1,0.566,92,2208.0,2026-03-01,0,0,0,0.7445
I0059049,C02843,J0083,3.6,0.226,0.655,3,0.691,168,4032.0,2025-12-15,0,0,0,0.4347
I0002098,C00559,J0074,3.1,0.366,0.548,1,0.343,222,5328.0,2025-10-22,0,0,0,0.7076
I0022311,C01693,J0029,8.0,0.731,0.915,1,0.913,218,5232.0,2025-10-26,0,0,0,0.7819
I0042077,C03240,J0084,6.9,0.319,0.86,4,0.431,65,1560.0,2026-03-28,1,0,0,0.7971
I0006271,C00701,J0003,2.7,0.41,0.776,1,0.462,319,7656.0,2025-07-17,0,0,0,0.7447
I0040043,C01830,J0012,0.0,0.501,0.909,1,0.468,120,2880.0,2026-02-01,0,0,0,0.7499
I0019842,C03444,J0132,0.0,0.41,0.706,3,0.612,345,8280.0,2025-06-21,0,0,0,0.5735
I0041118,C01128,J0040,6.1,0.313,0.491,1,0.393,81,1944.0,2026-03-12,0,0,0,0.7021
I0052628,C02675,J0057,5.2,0.907,0.901,2,0.372,309,7416.0,2025-07-27,0,0,0,0.4817
I0043719,C00326,J0127,,0.567,0.672,3,0.595,32,768.0,2026-04-30,0,0,0,0.8169
I0046641,C03203,J0014,7.0,0.594,0.938,1,0.37,274,6576.0,2025-08-31,0,0,0,0.7419
I0047082,C02698,J0128,3.6,0.795,0.787,3,0.677,333,7992.0,2025-07-03,0,0,0,0.7165
I0001655,C00919,J0038,3.3,0.74,0.709,4,0.713,355,8520.0,2025-06-11,0,0,0,0.7536
I0023263,C01424,J0148,4.9,0.631,0.89,4,0.719,150,3600.0,2026-01-02,0,0,0,0.7887
I0049952,C02329,J0145,0.1,0.841,0.701,4,0.701,335,8040.0,2025-07-01,0,0,0,0.6175
I0053903,C02466,J0079,2.0,1.0,0.819,2,0.518,244,5856.0,2025-09-30,0,0,0,0.4418
I0042807,C00410,J0027,1.2,1.0,0.606,1,0.574,62,1488.0,2026-03-31,0,0,0,0.4077
I0034778,C00587,J0074,0.0,0.551,0.774,1,0.343,12,288.0,2026-05-20,0,0,0,0.5885
I0033196,C00348,J0106,0.0,0.715,0.668,3,0.884,279,6696.0,2025-08-26,0,0,0,0.5861
I0036900,C02382,J0092,2.4,0.712,0.79,4,0.623,288,6912.0,2025-08-17,0,0,0,0.7175
I0057551,C03004,J0082,6.1,0.949,0.895,1,0.615,76,1824.0,2026-03-17,0,0,0,0.637
I0035012,C01829,J0023,6.0,0.501,0.615,2,0.472,162,3888.0,2025-12-21,0,0,0,0.7713
I0057841,C02252,J0137,4.9,0.419,0.718,1,0.69,81,1944.0,2026-03-12,1,0,0,0.6112
I0023454,C03288,J0102,2.3,0.59,0.761,2,0.438,147,3528.0,2026-01-05,0,0,0,0.6632
I0050618,C02031,J0026,5.8,0.309,0.731,1,0.881,334,8016.0,2025-07-02,0,0,0,0.4179
I0029638,C00612,J0096,0.8,0.492,0.51,3,0.799,129,3096.0,2026-01-23,0,0,0,0.4578
I0027432,C03300,J0146,1.9,0.753,0.553,3,0.57,38,912.0,2026-04-24,0,0,0,0.5759
I0042798,C01880,J0013,,0.801,0.809,3,0.854,261,6264.0,2025-09-13,0,0,0,0.7381
I0038569,C02665,J0045,0.6,0.628,0.56,4,0.544,75,1800.0,2026-03-18,0,0,0,0.6257
I0014127,C01792,J0060,3.2,0.494,0.536,1,0.633,204,4896.0,2025-11-09,0,0,0,0.6241
I0029133,C01162,J0052,2.6,0.765,0.679,4,0.406,2,48.0,2026-05-30,0,0,0,0.4992
I0015711,C02530,J0073,6.4,0.408,0.77,2,0.624,236,5664.0,2025-10-08,1,0,0,0.69
I0054702,C02973,J0029,3.3,0.911,0.693,1,0.913,255,6120.0,2025-09-19,0,0,0,0.7667
I0047390,C01511,J0130,0.4,0.692,0.677,1,0.81,101,2424.0,2026-02-20,0,0,0,0.6313
I0028938,C02923,J0023,4.6,0.382,0.728,2,0.472,68,1632.0,2026-03-25,0,0,0,0.7365
I0036259,C01720,J0098,6.0,0.84,0.747,1,0.723,348,8352.0,2025-06-18,0,0,0,0.7465
I0041195,C01726,J0054,4.0,0.706,0.681,2,0.727,317,7608.0,2025-07-19,0,0,0,0.7617
I0017115,C03607,J0112,3.6,0.612,0.505,2,0.583,68,1632.0,2026-03-25,0,0,0,0.6997
I0009019,C00264,J0093,4.2,0.535,0.749,3,0.757,229,5496.0,2025-10-15,1,1,1,0.6426
I0023805,C02378,J0039,7.7,0.857,1.0,1,0.53,351,8424.0,2025-06-15,0,0,0,0.6986
I0044060,C00449,J0059,2.9,0.96,0.808,2,0.808,99,2376.0,2026-02-22,0,0,0,0.6866
I0019211,C03575,J0016,0.0,0.442,0.866,4,0.643,93,2232.0,2026-02-28,0,0,0,0.6193
I0036447,C02429,J0007,0.0,0.682,0.917,3,0.673,248,5952.0,2025-09-26,0,0,0,0.7691
I0021363,C00383,J0097,0.0,0.913,0.869,1,0.65,286,6864.0,2025-08-19,0,0,0,0.5765
I0040303,C01479,J0085,3.2,0.461,0.975,1,0.66,263,6312.0,2025-09-11,0,0,0,0.7056
I0057939,C00158,J0061,1.5,0.685,0.518,1,0.484,160,3840.0,2025-12-23,0,0,0,0.5466
I0016295,C00529,J0004,6.5,0.378,0.665,2,0.655,96,2304.0,2026-02-25,0,0,0,0.6191
I0018591,C03803,J0122,7.1,0.308,0.935,2,0.704,178,4272.0,2025-12-05,0,0,0,0.6215
I0044709,C02574,J0120,3.0,0.577,0.638,2,0.522,243,5832.0,2025-10-01,0,0,0,0.7087
I0044102,C00825,J0028,0.0,0.571,0.492,3,0.898,180,4320.0,2025-12-03,0,0,0,0.4251
I0043234,C00161,J0102,0.0,0.876,1.0,2,0.438,249,5976.0,2025-09-25,0,0,0,0.4901
I0037047,C02246,J0051,9.3,0.643,0.714,3,0.624,4,96.0,2026-05-28,0,0,0,0.8621
I0037476,C00305,J0128,3.6,0.399,0.768,3,0.677,205,4920.0,2025-11-08,0,0,0,0.5983
I0043334,C02598,J0059,2.3,0.637,0.82,2,0.808,283,6792.0,2025-08-22,0,0,0,0.6664
I0029235,C01665,J0135,5.9,0.505,0.535,3,0.587,285,6840.0,2025-08-20,1,0,0,0.7097
I0031677,C00519,J0035,0.0,0.625,0.8,4,0.644,129,3096.0,2026-01-23,0,0,0,0.729
I0017363,C01082,J0070,0.0,0.747,0.799,3,0.423,330,7920.0,2025-07-06,0,0,0,0.5137
I0008270,C02883,J0036,,0.257,0.821,4,0.6,285,6840.0,2025-08-20,0,0,0,0.5556
I0039838,C01690,J0013,4.9,0.506,0.935,3,0.854,9,216.0,2026-05-23,0,0,0,0.6181
I0037368,C01003,J0006,5.5,0.291,0.713,3,0.665,105,2520.0,2026-02-16,0,0,0,0.5473
I0013139,C01240,J0018,4.0,0.616,0.658,4,0.73,92,2208.0,2026-03-01,0,0,0,0.6897
I0015253,C02282,J0044,3.5,0.523,0.7,2,0.579,123,2952.0,2026-01-29,0,0,0,0.734
I0018081,C00977,J0073,3.0,0.959,0.621,2,0.624,115,2760.0,2026-02-06,0,0,0,0.5066
I0037115,C02894,J0022,3.6,0.496,0.871,1,0.577,162,3888.0,2025-12-21,0,0,0,0.7662
I0053408,C02178,J0099,,0.876,0.77,2,0.707,131,3144.0,2026-01-21,1,0,0,0.7214
I0004035,C02418,J0138,3.6,0.861,0.643,2,0.343,343,8232.0,2025-06-23,0,0,0,0.3939
I0055988,C03260,J0052,0.0,0.611,0.852,4,0.406,293,7032.0,2025-08-12,0,0,0,0.6126
I0037775,C01560,J0143,5.1,0.45,0.724,1,0.714,118,2832.0,2026-02-03,0,0,0,0.6212
I0003248,C02779,J0100,0.7,0.508,0.719,1,0.169,100,2400.0,2026-02-21,0,0,0,0.4925
I0023187,C03955,J0054,2.9,0.779,0.82,2,0.727,328,7872.0,2025-07-08,0,0,0,0.7605
I0036530,C00305,J0034,3.6,0.399,0.768,1,0.634,354,8496.0,2025-06-12,0,0,0,0.6286
I0022397,C01965,J0095,4.1,0.502,0.827,3,0.582,310,7440.0,2025-07-26,0,0,0,0.763
I0003393,C03314,J0019,5.7,0.343,0.714,1,0.693,154,3696.0,2025-12-29,0,0,0,0.5679
I0019765,C02079,J0065,2.6,0.661,0.594,2,0.74,374,8976.0,2025-05-23,0,0,0,0.6726
I0059332,C03651,J0133,5.2,0.478,0.556,4,0.772,244,5856.0,2025-09-30,0,0,0,0.5543
I0059689,C00994,J0075,4.1,0.315,0.864,3,0.62,272,6528.0,2025-09-02,0,0,0,0.6148
I0053029,C03290,J0126,1.0,0.519,0.844,2,0.635,305,7320.0,2025-07-31,1,0,0,0.69
I0018607,C03563,J0005,5.1,0.939,0.81,1,0.566,30,720.0,2026-05-02,0,0,0,0.5686
I0040956,C01163,J0129,3.9,0.07,0.793,1,0.574,164,3936.0,2025-12-19,0,0,0,0.4511
I0035376,C03353,J0132,7.5,0.653,0.665,3,0.612,218,5232.0,2025-10-26,0,0,0,0.8023
I0022545,C00887,J0075,1.4,0.876,0.801,3,0.62,258,6192.0,2025-09-16,0,0,0,0.5859
I0058625,C00833,J0102,3.7,0.602,0.943,2,0.438,214,5136.0,2025-10-30,0,0,0,0.7297
I0048501,C00390,J0062,9.0,0.497,0.759,4,0.382,297,7128.0,2025-08-08,0,0,0,0.8021
I0033566,C03859,J0037,0.0,0.727,0.712,2,0.622,270,6480.0,2025-09-04,0,0,0,0.6436
I0033817,C00273,J0072,4.2,0.277,0.529,1,0.651,174,4176.0,2025-12-09,0,0,0,0.4734
I0057244,C00665,J0105,5.3,0.398,0.57,3,0.544,293,7032.0,2025-08-12,0,0,0,0.6643
I0034240,C03413,J0054,0.6,0.351,0.834,2,0.727,39,936.0,2026-04-23,0,0,0,0.4971
I0058583,C00109,J0105,6.9,0.83,0.482,3,0.544,123,2952.0,2026-01-29,0,0,0,0.5679
I0021091,C03336,J0132,0.6,0.508,0.718,3,0.612,341,8184.0,2025-06-25,0,0,0,0.6561
I0035557,C03618,J0087,2.6,0.851,0.971,3,0.578,269,6456.0,2025-09-05,0,0,0,0.6422
I0039694,C02016,J0091,0.2,0.774,0.741,2,0.409,346,8304.0,2025-06-20,0,0,0,0.4719
I0024663,C00142,J0135,6.7,0.675,0.559,3,0.587,385,9240.0,2025-05-12,0,0,0,0.7258
I0018872,C03562,J0078,4.6,0.507,1.0,2,0.5,69,1656.0,2026-03-24,0,0,0,0.8717
I0015277,C02050,J0145,0.0,0.444,0.68,4,0.701,172,4128.0,2025-12-11,0,0,0,0.5274
I0059870,C00292,J0070,1.6,0.674,0.75,3,0.423,376,9024.0,2025-05-21,0,0,0,0.5785
I0013443,C03865,J0069,7.2,0.485,0.637,2,0.698,381,9144.0,2025-05-16,0,0,0,0.6681
I0002814,C00714,J0017,4.2,0.562,1.0,2,0.748,79,1896.0,2026-03-14,0,0,0,0.7388
I0031254,C02356,J0069,,0.686,0.914,2,0.698,184,4416.0,2025-11-29,0,0,0,0.8372
I0011868,C03854,J0079,2.3,0.491,1.0,2,0.518,127,3048.0,2026-01-25,0,0,0,0.8187
I0027367,C02173,J0110,0.0,0.556,0.602,2,0.549,291,6984.0,2025-08-14,0,0,0,0.6817
I0038479,C00128,J0119,10.6,0.574,0.719,1,0.541,204,4896.0,2025-11-09,0,0,0,0.8757
I0040013,C02335,J0062,7.7,0.59,0.696,4,0.382,158,3792.0,2025-12-25,0,0,0,0.6967
I0000285,C02659,J0122,1.0,0.949,0.838,2,0.704,158,3792.0,2025-12-25,0,0,0,0.5973
I0000210,C00452,J0012,5.1,0.435,0.778,1,0.468,125,3000.0,2026-01-27,0,0,0,0.7992
I0027887,C03842,J0063,1.9,0.599,0.874,4,0.497,312,7488.0,2025-07-24,0,0,0,0.7235
I0015177,C01100,J0054,1.6,0.093,0.857,2,0.727,3,72.0,2026-05-29,0,0,0,0.3386
I0043540,C03382,J0011,9.3,0.98,0.721,3,0.484,312,7488.0,2025-07-24,0,0,0,0.5278
I0047528,C00444,J0148,4.3,0.768,0.559,4,0.719,383,9192.0,2025-05-14,0,0,0,0.7127
I0053713,C02333,J0052,3.9,0.56,0.98,4,0.406,58,1392.0,2026-04-04,0,0,0,0.7506
I0049441,C01456,J0115,4.9,0.186,0.595,1,0.627,291,6984.0,2025-08-14,0,0,0,0.4566
I0005777,C03150,J0013,8.5,0.309,0.594,3,0.854,354,8496.0,2025-06-12,0,0,0,0.444
I0046100,C03238,J0090,8.8,0.324,0.734,3,0.558,133,3192.0,2026-01-19,0,0,0,0.7077
I0057627,C03301,J0100,4.1,0.795,0.814,1,0.169,77,1848.0,2026-03-16,0,0,0,0.3745
I0009441,C03365,J0062,5.4,0.487,0.576,4,0.382,340,8160.0,2025-06-26,1,0,0,0.6966
I0018841,C01016,J0066,0.0,0.366,0.663,2,0.752,184,4416.0,2025-11-29,0,0,0,0.4317
I0013449,C01753,J0074,,0.626,0.917,1,0.343,297,7128.0,2025-08-08,0,0,0,0.6554
I0034167,C01466,J0099,4.2,0.775,0.935,2,0.707,20,480.0,2026-05-12,1,0,0,0.8036
I0036795,C00781,J0125,2.2,0.718,0.627,1,0.475,368,8832.0,2025-05-29,0,0,0,0.5596
I0058379,C02654,J0129,5.4,0.457,0.48,1,0.574,319,7656.0,2025-07-17,0,0,0,0.6611
I0014543,C03898,J0005,0.2,0.642,0.741,1,0.566,303,7272.0,2025-08-02,0,0,0,0.6756
I0046143,C01263,J0101,3.7,0.572,0.793,2,0.588,20,480.0,2026-05-12,0,0,0,0.7918
I0028150,C01701,J0060,5.4,0.566,0.78,1,0.633,45,1080.0,2026-04-17,0,0,0,0.7809
I0044344,C00443,J0059,,0.533,0.709,2,0.808,44,1056.0,2026-04-18,0,0,0,0.5331
I0041946,C02281,J0061,3.3,0.598,0.716,1,0.484,294,7056.0,2025-08-11,0,0,0,0.6942
I0057502,C02797,J0063,4.0,0.493,0.514,4,0.497,303,7272.0,2025-08-02,0,0,0,0.7266
I0017737,C01728,J0010,5.3,0.444,0.85,4,0.566,33,792.0,2026-04-29,0,0,0,0.7602
I0027817,C03919,J0046,3.4,0.499,0.76,3,0.767,376,9024.0,2025-05-21,0,0,0,0.5997
I0030833,C03905,J0070,6.1,1.0,0.535,3,0.423,202,4848.0,1970-01-01 00:00:00,0,0,0,0.3642
I0053917,C01112,J0079,1.7,0.682,0.627,2,0.518,305,7320.0,2025-07-31,0,0,0,0.6068
I0002517,C03616,J0045,2.4,0.817,0.749,4,0.544,39,936.0,2026-04-23,0,0,0,0.5762
I0049738,C03120,J0082,3.2,0.882,0.691,1,0.615,229,5496.0,2025-10-15,0,0,0,0.5776
I0038056,C01516,J0121,6.1,0.366,0.871,3,0.82,245,5880.0,2025-09-29,0,0,0,0.5456
I0038013,C03705,J0073,2.4,0.404,1.0,2,0.624,321,7704.0,2025-07-15,0,0,0,0.6843
I0024778,C02437,J0011,7.6,0.46,0.98,3,0.484,96,2304.0,2026-02-25,0,0,0,0.9048
I0037250,C00151,J0095,3.7,0.876,0.71,3,0.582,4,96.0,2026-05-28,0,0,0,0.5724
I0050561,C02300,J0013,7.1,0.572,0.714,3,0.854,143,3432.0,2026-01-09,0,0,0,0.6395
I0046618,C03478,J0019,6.1,0.834,0.83,1,0.693,16,384.0,2026-05-16,0,0,0,0.7547
I0057869,C02344,J0088,7.0,0.97,0.63,2,0.856,89,2136.0,2026-03-04,0,0,0,0.7326
I0039179,C01667,J0115,3.8,0.735,0.734,1,0.627,225,5400.0,2025-10-19,0,0,0,0.712
I0007829,C03374,J0044,7.7,0.574,0.701,2,0.579,324,7776.0,2025-07-12,0,0,0,0.8413
I0050249,C02735,J0001,0.9,0.633,1.0,3,0.47,399,9576.0,2025-04-28,0,0,0,0.6991
I0026429,C02743,J0080,2.6,0.766,0.628,1,0.569,144,3456.0,2026-01-08,0,0,0,0.599
I0000433,C03647,J0028,4.5,0.337,0.792,3,0.898,108,2592.0,2026-02-13,0,0,0,0.4208
I0001314,C01445,J0006,1.5,0.629,0.493,3,0.665,103,2472.0,2026-02-18,0,0,0,0.6559
I0035513,C01591,J0007,,0.388,0.822,3,0.673,271,6504.0,2025-09-03,0,0,0,0.5765
I0005488,C01393,J0146,1.6,0.411,0.639,3,0.57,105,2520.0,2026-02-16,0,0,0,0.612
I0014768,C03953,J0098,0.9,0.678,0.958,1,0.723,226,5424.0,2025-10-18,0,0,0,0.7705
I0011756,C01214,J0101,3.0,0.471,0.345,2,0.588,134,3216.0,2026-01-18,0,0,0,0.5824
I0006065,C03292,J0128,6.5,0.516,0.591,3,0.677,229,5496.0,2025-10-15,0,0,0,0.68
I0051743,C02406,J0003,9.3,0.399,0.715,1,0.462,120,2880.0,2026-02-01,0,0,0,0.8314
I0052883,C00099,J0128,,0.441,0.895,3,0.677,153,3672.0,2025-12-30,0,0,0,0.6942
I0024037,C02566,J0051,0.0,0.507,0.933,3,0.624,231,5544.0,2025-10-13,0,0,0,0.6974
I0020364,C00334,J0001,0.9,0.68,0.75,3,0.47,39,936.0,2026-04-23,0,0,0,0.5955
I0015614,C01702,J0107,6.8,0.335,0.734,2,0.389,20,480.0,2026-05-12,0,0,0,0.8008
I0047806,C02462,J0000,5.9,0.68,0.522,4,0.534,180,4320.0,2025-12-03,0,0,0,0.6609
I0043089,C00707,J0020,9.0,0.534,0.739,4,0.849,99,2376.0,2026-02-22,0,0,0,0.6554
I0037035,C02806,J0073,1.0,0.717,0.952,2,0.624,187,4488.0,2025-11-26,0,0,0,0.7366
I0014888,C01162,J0107,2.6,0.765,0.679,2,0.389,387,9288.0,2025-05-10,0,0,0,0.4872
I0035469,C00629,J0046,4.9,1.0,0.777,3,0.767,184,4416.0,2025-11-29,0,0,0,0.6546
I0018585,C03949,J0120,4.0,0.623,0.731,2,0.522,366,8784.0,2025-05-31,0,0,0,0.7194
I0001696,C03852,J0110,4.4,0.794,0.937,2,0.549,84,2016.0,2026-03-09,0,0,0,0.6828
I0000144,C01859,J0040,9.0,0.093,0.924,1,0.393,224,5376.0,2025-10-20,0,0,0,0.7182
I0051201,C03248,J0047,4.6,0.359,0.788,2,0.575,337,8088.0,2025-06-29,0,0,0,0.6646
I0040890,C03798,J0120,9.3,0.434,0.755,2,0.522,289,6936.0,2025-08-16,0,0,0,0.825
I0046629,C02900,J0126,6.3,0.448,0.778,2,0.635,98,2352.0,2026-02-23,0,0,0,0.711
I0017396,C02874,J0025,0.5,0.886,0.649,3,0.501,260,6240.0,2025-09-14,0,0,0,0.4369
I0017753,C02181,J0084,1.9,0.415,1.0,4,0.431,198,4752.0,2025-11-15,0,0,0,0.8197
I0026021,C00393,J0063,7.3,0.48,1.0,4,0.497,5,120.0,2026-05-27,0,0,0,0.9103
I0052502,C01329,J0061,5.0,0.743,0.524,1,0.484,314,7536.0,2025-07-22,0,0,0,0.5666
I0009059,C00510,J0014,5.1,0.805,0.744,1,0.37,9,216.0,2026-05-23,0,0,0,0.5063
I0030415,C01372,J0068,0.0,0.346,0.668,2,0.713,151,3624.0,2026-01-01,0,0,0,0.4465
I0017690,C03274,J0031,2.7,0.666,0.961,3,0.886,133,3192.0,2026-01-19,0,0,0,0.6784
I0000842,C00038,J0055,7.9,0.72,0.982,3,0.749,118,2832.0,2026-02-03,0,0,0,0.907
I0011100,C03882,J0052,2.6,0.483,0.528,4,0.406,12,288.0,2026-05-20,0,0,0,0.6554
I0006165,C00789,J0011,3.7,0.534,0.7,3,0.484,362,8688.0,2025-06-04,0,0,0,0.7416
I0014217,C01944,J0075,5.9,0.487,0.806,3,0.62,74,1776.0,2026-03-19,0,0,0,0.7502
I0056135,C00950,J0121,2.4,0.514,0.654,3,0.82,229,5496.0,2025-10-15,0,0,0,0.5262
I0019898,C00091,J0083,0.2,0.65,0.54,3,0.691,30,720.0,2026-05-02,0,0,0,0.6436
I0004172,C01682,J0132,4.2,0.467,0.755,3,0.612,114,2736.0,2026-02-07,0,0,0,0.6986
I0020904,C02836,J0077,5.6,0.533,1.0,4,0.837,334,8016.0,2025-07-02,0,0,0,0.6793
I0001090,C03090,J0029,4.2,0.553,0.602,1,0.913,381,9144.0,2025-05-16,0,0,0,0.5039
I0023414,C02693,J0029,3.1,0.374,0.85,1,0.913,63,1512.0,2026-03-30,0,0,0,0.429
I0044500,C00367,J0142,2.8,0.539,0.782,2,0.778,297,7128.0,2025-08-08,0,0,0,0.6162
I0015618,C02888,J0018,3.0,0.524,0.396,4,0.73,350,8400.0,2025-06-16,0,0,0,0.534
I0059447,C00299,J0096,6.7,0.615,0.724,3,0.799,328,7872.0,2025-07-08,0,0,0,0.7046
I0005751,C00068,J0096,,0.946,0.728,3,0.799,330,7920.0,2025-07-06,0,0,0,0.7014
I0052355,C01615,J0073,6.5,0.728,0.99,2,0.624,387,9288.0,2025-05-10,1,0,0,0.8327
I0004285,C00063,J0036,4.7,0.692,0.8,4,0.6,47,1128.0,2026-04-15,0,0,0,0.7571
I0009887,C03965,J0042,2.3,1.0,0.903,3,0.496,64,1536.0,2026-03-29,1,0,0,0.4551
I0001483,C00188,J0028,5.7,0.557,0.633,3,0.898,252,6048.0,2025-09-22,0,0,0,0.5514
I0024792,C03902,J0050,5.4,1.0,0.703,3,0.587,224,5376.0,2025-10-20,0,0,0,0.5153
I0055673,C01879,J0061,1.3,0.639,0.791,1,0.484,174,4176.0,2025-12-09,0,0,0,0.6526
I0026656,C00203,J0015,5.7,0.747,0.573,2,0.903,6,144.0,2026-05-26,1,0,0,0.6649
I0005761,C01889,J0120,4.6,0.604,1.0,2,0.522,44,1056.0,2026-04-18,0,0,0,0.8188
I0038276,C03007,J0079,1.5,0.358,0.658,2,0.518,66,1584.0,2026-03-27,0,0,0,0.615
I0027342,C00827,J0047,4.0,0.426,0.516,2,0.575,210,5040.0,2025-11-03,0,0,0,0.625
I0055503,C01779,J0110,8.1,0.191,0.93,2,0.549,288,6912.0,2025-08-17,0,0,0,0.6638
I0017688,C01489,J0048,7.5,0.408,0.786,2,0.774,40,960.0,2026-04-22,0,0,0,0.6074
I0042825,C03217,J0111,5.5,0.678,0.649,1,0.646,138,3312.0,2026-01-14,0,0,0,0.7703
I0051559,C01948,J0082,6.3,0.269,0.825,1,0.615,179,4296.0,2025-12-04,0,0,0,0.6122
I0048039,C02414,J0092,4.3,0.766,0.88,4,0.623,314,7536.0,2025-07-22,0,0,0,0.7369
I0024414,C02807,J0136,0.6,0.632,0.752,2,0.621,281,6744.0,2025-08-24,1,0,0,0.7313
I0037079,C03626,J0079,5.3,0.422,0.715,2,0.518,77,1848.0,2026-03-16,1,0,0,0.7404
I0022384,C00303,J0109,4.9,0.57,0.656,2,0.714,16,384.0,2026-05-16,1,0,0,0.6832
I0021610,C03020,J0077,1.7,0.608,0.825,4,0.837,277,6648.0,2025-08-28,0,0,0,0.6168
I0059180,C00566,J0039,2.0,0.641,0.794,1,0.53,320,7680.0,2025-07-16,0,0,0,0.6963
I0017437,C01668,J0028,5.2,0.728,0.667,3,0.898,250,6000.0,2025-09-24,0,0,0,0.6731
I0014813,C01104,J0096,0.0,0.526,0.551,3,0.799,59,1416.0,2026-04-03,0,0,0,0.4798
I0000962,C03584,J0051,0.2,0.634,0.798,3,0.624,99,2376.0,2026-02-22,0,0,0,0.7382
I0012060,C03642,J0078,4.8,0.892,0.656,2,0.5,88,2112.0,2026-03-05,0,0,0,0.5067
I0004729,C03424,J0101,2.9,0.778,0.833,2,0.588,37,888.0,2026-04-25,0,0,0,0.6669
I0050545,C01314,J0131,8.1,0.642,0.862,2,0.716,398,9552.0,2025-04-29,0,0,0,0.8448
I0020237,C01722,J0033,0.0,0.746,0.639,1,0.649,202,4848.0,2025-11-11,0,0,0,0.6286
I0047863,C00013,J0094,3.1,0.823,0.615,2,0.625,323,7752.0,2025-07-13,0,0,0,0.6031
I0014018,C02680,J0139,2.1,0.535,0.722,2,0.561,252,6048.0,2025-09-22,0,0,0,0.7376
I0015949,C00130,J0064,1.9,0.655,0.445,1,0.487,61,1464.0,2026-04-01,0,0,0,0.556
I0003394,C01611,J0136,1.0,0.519,0.984,2,0.621,98,2352.0,2026-02-23,0,0,0,0.7393
I0004990,C02015,J0099,0.4,0.714,0.962,2,0.707,205,4920.0,2025-11-08,0,0,0,0.7899
I0019265,C01308,J0013,1.7,0.315,0.909,3,0.854,239,5736.0,2025-10-05,0,0,0,0.422
I0030928,C02200,J0136,7.9,0.524,0.7,2,0.621,143,3432.0,2026-01-09,0,0,0,0.7795
I0011863,C02661,J0123,0.3,0.734,0.883,3,0.315,202,4848.0,2025-11-11,0,0,0,0.4755
I0044938,C01532,J0083,4.0,0.58,0.974,3,0.691,246,5904.0,2025-09-28,0,0,0,0.7809
I0000173,C01302,J0100,5.1,0.591,0.855,1,0.169,370,8880.0,2025-05-27,0,0,0,0.5467
I0010646,C02063,J0066,4.5,0.817,0.99,2,0.752,123,2952.0,2026-01-29,0,0,0,0.8263
I0015262,C02069,J0076,2.3,0.466,0.942,4,0.695,168,4032.0,1970-01-01 00:00:00,0,0,0,0.6599
I0046793,C02603,J0078,1.9,0.699,0.636,2,0.5,68,1632.0,2026-03-25,0,0,0,0.588
I0039910,C00368,J0106,6.3,0.401,0.662,3,0.884,176,4224.0,2025-12-07,0,0,0,0.4696
I0013371,C00479,J0030,5.8,0.913,0.81,2,1.0,381,9144.0,2025-05-16,0,0,0,0.782
I0016875,C01590,J0145,6.2,0.814,0.867,4,0.701,301,7224.0,2025-08-04,0,0,0,0.7866
I0011400,C03887,J0019,0.4,0.755,0.905,1,0.693,208,4992.0,2025-11-05,0,0,0,0.7351
I0039680,C02125,J0016,5.2,1.0,0.594,4,0.643,29,696.0,2026-05-03,0,0,0,0.5207
I0029731,C00191,J0084,3.3,0.956,0.634,4,0.431,294,7056.0,2025-08-11,0,0,0,0.3814
I0053944,C03442,J0002,8.1,0.543,0.826,3,0.479,339,8136.0,2025-06-27,1,0,0,0.8417
I0008632,C02989,J0044,0.4,0.548,0.593,2,0.579,297,7128.0,2025-08-08,0,0,0,0.669
I0038143,C01730,J0047,5.1,0.378,0.594,2,0.575,392,9408.0,2025-05-05,0,0,0,0.6317
I0025260,C02133,J0050,3.8,0.908,0.529,3,0.587,365,8760.0,2025-06-01,1,0,0,0.504
I0011671,C01808,J0088,4.0,0.245,0.813,2,0.856,344,8256.0,2025-06-22,0,0,0,0.3831
I0044581,C00213,J0066,6.2,0.784,0.782,2,0.752,31,744.0,2026-05-01,1,0,0,0.8197
I0051753,C00368,J0107,6.3,0.401,0.662,2,0.389,272,6528.0,2025-09-02,0,0,0,0.8016
I0028691,C00633,J0124,4.8,0.426,0.88,4,0.309,254,6096.0,2025-09-20,0,0,0,0.7637
I0022458,C03482,J0122,0.3,0.628,0.901,2,0.704,193,4632.0,2025-11-20,0,0,0,0.7224
I0038480,C01724,J0054,0.0,0.634,0.752,2,0.727,270,6480.0,2025-09-04,0,0,0,0.6633
I0018954,C01282,J0071,4.3,0.491,0.559,2,0.587,214,5136.0,2025-10-30,0,0,0,0.6795
I0032674,C03701,J0042,3.9,0.732,0.945,3,0.496,54,1296.0,2026-04-08,0,0,0,0.6829
I0033425,C01634,J0116,5.8,0.6,0.505,4,0.696,366,8784.0,2025-05-31,0,0,0,0.6897
I0054688,C01857,J0026,4.4,0.356,0.831,1,0.881,17,408.0,2026-05-15,0,0,0,0.4555
I0020273,C02369,J0069,8.9,0.452,0.792,2,0.698,239,5736.0,2025-10-05,0,0,0,0.7173
I0052444,C01599,J0066,0.3,0.564,0.702,2,0.752,211,5064.0,2025-11-02,0,0,0,0.5873
I0031565,C00976,J0133,,0.699,0.819,4,0.772,240,5760.0,2025-10-04,0,0,0,0.786
I0011359,C00880,J0147,9.9,0.327,0.774,2,0.622,261,6264.0,2025-09-13,0,0,0,0.6946
I0015388,C01351,J0110,4.7,0.456,0.829,2,0.549,20,480.0,2026-05-12,0,0,0,0.7646
I0004772,C00484,J0093,0.8,0.555,0.634,3,0.757,105,2520.0,2026-02-16,1,1,0,0.5668
I0049524,C03419,J0076,2.6,0.498,0.908,4,0.695,383,9192.0,2025-05-14,0,0,0,0.678
I0012415,C02871,J0010,8.7,0.559,0.658,4,0.566,191,4584.0,2025-11-22,1,0,0,0.8446
I0053837,C02811,J0018,3.9,0.675,0.834,4,0.73,22,528.0,2026-05-10,0,0,0,0.7792
I0016971,C02972,J0136,0.0,0.506,0.742,2,0.621,326,7824.0,2025-07-10,0,0,0,0.645
I0023503,C02789,J0081,2.6,0.623,0.759,2,0.644,183,4392.0,2025-11-30,0,0,0,0.76
I0059822,C01616,J0067,3.5,0.554,0.682,4,0.443,253,6072.0,2025-09-21,0,0,0,0.6901
I0051964,C01464,J0121,3.8,0.548,0.887,3,0.82,298,7152.0,2025-08-07,0,0,0,0.6395
I0041339,C03929,J0134,7.8,0.638,0.972,2,0.353,277,6648.0,2025-08-28,0,0,0,0.722
I0005428,C01636,J0141,3.8,0.488,0.793,3,0.672,293,7032.0,2025-08-12,0,0,0,0.675
I0054824,C01566,J0113,4.8,0.466,0.941,1,0.579,259,6216.0,2025-09-15,0,0,0,0.7837
I0039407,C03184,J0114,6.5,0.587,0.645,4,0.554,252,6048.0,2025-09-22,0,0,0,0.7854
I0027760,C00812,J0093,0.0,0.3,0.469,3,0.757,109,2616.0,2026-02-12,0,0,0,0.3269
I0009908,C03228,J0054,1.7,0.324,0.983,2,0.727,183,4392.0,2025-11-30,0,0,0,0.5387
I0004528,C03137,J0089,4.4,0.57,0.914,3,0.39,133,3192.0,2026-01-19,0,0,0,0.7221
I0021063,C03533,J0137,2.7,0.142,0.598,1,0.69,370,8880.0,2025-05-27,0,0,0,0.3448
I0030302,C01956,J0041,2.2,0.727,0.76,4,0.655,289,6936.0,2025-08-16,1,0,0,0.7176
I0012838,C01703,J0132,1.9,0.733,0.381,3,0.612,72,1728.0,2026-03-21,0,0,0,0.5711
I0021986,C01955,J0016,5.4,0.703,0.884,4,0.643,117,2808.0,2026-02-04,0,0,0,0.8152
I0005476,C02758,J0041,2.7,0.442,0.489,4,0.655,187,4488.0,2025-11-26,0,0,0,0.5503
I0015818,C00375,J0075,2.6,0.564,1.0,3,0.62,319,7656.0,2025-07-17,0,0,0,0.8033
I0056895,C02585,J0136,3.9,0.563,0.439,2,0.621,233,5592.0,2025-10-11,0,0,0,0.6657
I0037671,C03138,J0092,5.7,0.599,0.665,4,0.623,57,1368.0,2026-04-05,0,0,0,0.7839
I0015598,C01693,J0116,8.0,0.731,0.915,4,0.696,137,3288.0,2026-01-15,0,0,0,0.8855
I0015719,C02004,J0017,5.7,0.65,0.758,2,0.748,397,9528.0,2025-04-30,0,0,0,0.7579
I0056334,C01946,J0070,1.5,0.7,0.81,3,0.423,375,9000.0,2025-05-22,0,0,0,0.5754
I0001603,C02912,J0064,3.6,0.648,0.527,1,0.487,289,6936.0,2025-08-16,0,0,0,0.6129
I0053671,C03793,J0024,3.3,0.924,0.543,1,0.346,347,8328.0,2025-06-19,1,0,0,0.3183
I0009654,C03526,J0065,1.1,0.591,0.705,2,0.74,382,9168.0,2025-05-15,0,0,0,0.6292
I0026621,C00816,J0081,4.7,0.791,0.76,2,0.644,301,7224.0,2025-08-04,0,0,0,0.707
I0010180,C00157,J0053,5.2,0.473,0.919,2,0.651,120,2880.0,2026-02-01,0,0,0,0.7385
I0029242,C00048,J0126,1.7,0.572,0.774,2,0.635,223,5352.0,2025-10-21,0,0,0,0.7194
I0023381,C01346,J0020,6.4,0.415,0.803,4,0.849,379,9096.0,2025-05-18,0,0,0,0.5456
I0010572,C00967,J0136,2.7,0.393,0.606,2,0.621,28,672.0,2026-05-04,0,0,0,0.5727
I0021324,C02323,J0135,6.6,0.616,0.624,3,0.587,240,5760.0,2025-10-04,0,0,0,0.784
I0006942,C01183,J0110,5.4,0.637,1.0,2,0.549,129,3096.0,2026-01-23,1,0,0,0.8281
I0025882,C01784,J0024,3.2,0.724,0.498,1,0.346,95,2280.0,2026-02-26,0,0,0,0.4449
I0042014,C01206,J0061,8.9,0.787,0.833,1,0.484,372,8928.0,2025-05-25,0,0,0,0.6887
I0040038,C02202,J0148,3.2,1.0,0.97,4,0.719,120,2880.0,2026-02-01,0,0,0,0.6464
I0026609,C02462,J0127,,0.68,0.522,3,0.595,131,3144.0,2026-01-21,0,0,0,0.7039
I0054460,C03589,J0114,4.7,0.577,0.807,4,0.554,244,5856.0,2025-09-30,0,0,0,0.8077
I0028741,C00588,J0038,2.6,0.797,0.683,4,0.713,180,4320.0,2025-12-03,0,0,0,0.6942
I0008042,C00836,J0117,3.4,0.444,0.7,1,0.842,392,9408.0,2025-05-05,0,0,0,0.4912
I0038337,C03836,J0033,,0.236,0.982,1,0.649,318,7632.0,2025-07-18,0,0,0,0.5026
I0003735,C00040,J0032,3.8,0.517,0.653,2,0.954,351,8424.0,2025-06-15,0,0,0,0.4572
I0009807,C03683,J0029,7.4,0.807,0.755,1,0.913,140,3360.0,2026-01-12,0,0,0,0.7802
I0008907,C03118,J0061,7.9,0.885,0.661,1,0.484,221,5304.0,2025-10-23,0,0,0,0.5542
I0002110,C01993,J0114,3.0,0.65,0.937,4,0.554,268,6432.0,2025-09-06,0,0,0,0.7641
I0016366,C02084,J0083,4.7,0.494,0.692,3,0.691,337,8088.0,2025-06-29,0,0,0,0.6526
I0039254,C03321,J0070,6.8,0.297,0.776,3,0.423,62,1488.0,2026-03-31,0,0,0,0.7619
I0034373,C00370,J0113,2.9,0.742,0.947,1,0.579,262,6288.0,2025-09-12,0,0,0,0.718
I0017237,C02226,J0055,6.2,0.231,0.797,3,0.749,148,3552.0,2026-01-04,1,0,0,0.4813
I0056132,C01751,J0030,4.5,0.848,0.56,2,1.0,7,168.0,2026-05-25,1,0,0,0.6437
I0049433,C00545,J0112,5.2,0.701,1.0,2,0.583,285,6840.0,2025-08-20,0,0,0,0.8036
I0027972,C03862,J0110,7.7,0.556,0.542,2,0.549,340,8160.0,2025-06-26,0,0,0,0.795
I0027308,C01136,J0116,0.0,0.62,0.626,4,0.696,211,5064.0,2025-11-02,0,0,0,0.6398
I0040210,C00528,J0005,2.7,0.75,0.786,1,0.566,209,5016.0,2025-11-04,0,0,0,0.6544
I0010648,C01567,J0053,0.8,0.546,0.623,2,0.651,370,8880.0,2025-05-27,0,0,0,0.632
I0016601,C02678,J0053,6.5,0.431,0.675,2,0.651,30,720.0,2026-05-02,0,0,0,0.6621
I0037561,C02219,J0090,5.5,0.737,0.832,3,0.558,200,4800.0,2025-11-13,0,0,0,0.7183
I0053894,C00697,J0042,4.6,0.379,0.777,3,0.496,184,4416.0,2025-11-29,0,0,0,0.7313
I0033433,C01307,J0050,1.9,1.0,0.906,3,0.587,18,432.0,2026-05-14,0,0,0,0.5133
I0051834,C03455,J0003,7.7,0.619,0.925,1,0.462,14,336.0,2026-05-18,0,0,0,0.7973
I0050082,C03882,J0092,2.6,0.483,0.528,4,0.623,233,5592.0,2025-10-11,0,0,0,0.611
I0041931,C03103,J0131,2.2,0.796,0.916,2,0.716,58,1392.0,2026-04-04,0,0,0,0.756
I0010544,C00264,J0096,4.2,0.535,0.749,3,0.799,152,3648.0,2025-12-31,0,0,0,0.613
I0049554,C01542,J0065,3.4,0.692,1.0,2,0.74,118,2832.0,2026-02-03,0,0,0,0.8225
I0059641,C02746,J0124,5.3,0.766,0.72,4,0.309,264,6336.0,2025-09-10,0,0,0,0.4874
I0058761,C01853,J0028,5.7,0.0,0.852,3,0.898,38,912.0,2026-04-24,0,0,0,0.2205
I0057268,C01756,J0013,7.0,0.491,0.903,3,0.854,22,528.0,2026-05-10,0,0,0,0.634
I0055300,C03480,J0013,0.0,0.795,0.751,3,0.854,344,8256.0,2025-06-22,0,0,0,0.687
I0020568,C02029,J0002,6.3,0.757,0.958,3,0.479,45,1080.0,2026-04-17,0,0,0,0.6976
I0017394,C00537,J0136,0.8,0.753,0.558,2,0.621,34,816.0,2026-04-28,0,0,0,0.5947
I0004805,C03540,J0034,7.4,0.201,0.601,1,0.634,273,6552.0,2025-09-01,1,0,0,0.5063
I0004229,C02134,J0149,0.0,0.701,0.823,1,0.593,237,5688.0,2025-10-07,1,1,1,0.6728
I0001670,C00873,J0106,7.7,0.688,0.761,3,0.884,369,8856.0,2025-05-28,0,0,0,0.7235
I0016053,C02199,J0092,11.3,0.33,0.81,4,0.623,201,4824.0,2025-11-12,0,0,0,0.7299
I0023787,C03053,J0109,9.2,0.563,0.74,2,0.714,374,8976.0,2025-05-23,0,0,0,0.7747
I0020450,C02204,J0041,4.4,0.57,0.922,4,0.655,223,5352.0,2025-10-21,0,0,0,0.7913
I0051423,C01138,J0031,6.7,0.771,0.974,3,0.886,166,3984.0,2025-12-17,0,0,0,0.8238
I0024388,C03290,J0119,1.0,0.519,0.844,1,0.541,19,456.0,2026-05-13,0,0,0,0.7562
I0028012,C03339,J0027,5.3,0.353,0.884,1,0.574,245,5880.0,2025-09-29,0,0,0,0.7
I0056058,C02852,J0013,6.7,0.711,0.925,3,0.854,101,2424.0,2026-02-20,0,0,0,0.7902
I0031399,C02234,J0021,9.9,0.639,0.374,2,0.438,41,984.0,2026-04-21,0,0,0,0.6481
I0006561,C01357,J0027,3.7,0.292,0.578,1,0.574,191,4584.0,2025-11-22,0,0,0,0.5436
I0042561,C03965,J0117,2.3,1.0,0.903,1,0.842,158,3792.0,1970-01-01 00:00:00,0,0,0,0.699
I0002309,C00848,J0122,4.5,0.611,0.961,2,0.704,111,2664.0,2026-02-10,0,0,0,0.7984
I0005946,C00738,J0006,3.8,0.574,0.803,3,0.665,53,1272.0,2026-04-09,0,0,0,0.7434
I0018295,C03357,J0027,5.3,0.766,0.727,1,0.574,294,7056.0,2025-08-11,1,0,0,0.6762
I0027732,C02230,J0091,3.6,0.624,0.658,2,0.409,119,2856.0,2026-02-02,1,0,0,0.6117
I0007781,C00422,J0110,9.5,0.362,0.854,2,0.549,207,4968.0,2025-11-06,0,0,0,0.7866
I0036211,C00378,J0064,1.9,0.399,0.641,1,0.487,66,1584.0,2026-03-27,0,0,0,0.6677
I0041270,C01169,J0013,4.2,0.496,0.706,3,0.854,134,3216.0,2026-01-18,0,0,0,0.5346
I0035749,C01999,J0102,1.4,0.847,0.675,2,0.438,283,6792.0,2025-08-22,0,0,0,0.4425
I0039361,C03293,J0024,6.2,0.514,0.956,1,0.346,243,5832.0,2025-10-01,0,0,0,0.7729
I0020260,C02202,J0035,3.2,1.0,0.97,4,0.644,294,7056.0,2025-08-11,0,0,0,0.5935
I0026633,C00667,J0141,5.1,0.684,0.811,3,0.672,11,264.0,2026-05-21,0,0,0,0.8233
I0053232,C01723,J0083,8.6,0.937,0.921,3,0.691,352,8448.0,2025-06-14,0,0,0,0.7486
I0041736,C03594,J0145,2.3,0.58,0.814,4,0.701,80,1920.0,2026-03-13,0,0,0,0.7
I0054479,C02869,J0121,3.7,0.333,0.894,3,0.82,134,3216.0,2026-01-18,0,0,0,0.4882
I0037801,C01757,J0078,3.7,0.654,0.81,2,0.5,166,3984.0,2025-12-17,0,0,0,0.6993
I0049665,C03854,J0050,2.3,0.491,1.0,3,0.587,199,4776.0,2025-11-14,0,0,0,0.7701
I0039719,C02155,J0043,5.5,0.684,0.615,3,0.512,218,5232.0,2025-10-26,0,0,0,0.6621
I0004244,C01442,J0133,2.3,0.918,0.893,4,0.772,332,7968.0,2025-07-04,0,0,0,0.7046
I0014966,C00533,J0075,0.0,0.867,0.823,3,0.62,186,4464.0,2025-11-27,0,0,0,0.5748
I0035239,C02572,J0061,3.4,0.655,0.952,1,0.484,154,3696.0,2025-12-29,0,0,0,0.7223
I0011821,C00296,J0121,8.2,0.856,0.708,3,0.82,321,7704.0,2025-07-15,0,0,0,0.8298
I0004144,C01722,J0106,0.0,0.746,0.639,3,0.884,342,8208.0,2025-06-24,0,0,0,0.5997
I0024279,C00349,J0135,7.4,0.452,0.802,3,0.587,93,2232.0,2026-02-28,0,0,0,0.773
I0030817,C02323,J0030,6.6,0.616,0.624,2,1.0,381,9144.0,2025-05-16,0,0,0,0.5338
I0000381,C00639,J0067,7.7,1.0,0.581,4,0.443,123,2952.0,2026-01-29,0,0,0,0.4183
I0027329,C00488,J0078,4.2,0.466,0.525,2,0.5,214,5136.0,2025-10-30,0,0,0,0.712
I0005359,C02803,J0098,2.8,0.495,0.666,1,0.723,2,48.0,2026-05-30,0,0,0,0.5913
I0030217,C01491,J0118,7.6,0.596,0.601,2,0.57,86,2064.0,2026-03-07,0,0,0,0.7966
I0008188,C03139,J0040,6.2,0.643,0.779,1,0.393,380,9120.0,2025-05-17,0,0,0,0.6652
I0048696,C02444,J0050,10.2,0.256,0.872,3,0.587,124,2976.0,2026-01-28,0,0,0,0.702
I0012851,C02169,J0058,1.3,0.905,0.538,1,0.519,75,1800.0,2026-03-18,0,0,0,0.4184
I0044851,C02399,J0142,3.0,0.514,0.884,2,0.778,237,5688.0,2025-10-07,0,0,0,0.6308
I0037354,C03484,J0018,1.8,0.478,0.887,4,0.73,366,8784.0,2025-05-31,0,0,0,0.6198
I0045741,C03841,J0043,0.5,0.377,0.677,3,0.512,77,1848.0,2026-03-16,0,0,0,0.621
I0044341,C02899,J0069,1.7,0.528,0.863,2,0.698,33,792.0,2026-04-29,1,0,0,0.6691
I0010127,C00122,J0074,0.3,0.705,0.885,1,0.343,248,5952.0,2025-09-26,0,0,0,0.5163
I0058238,C01988,J0110,5.7,0.575,0.741,2,0.549,131,3144.0,2026-01-21,0,0,0,0.8039
I0046234,C02988,J0064,,0.48,0.797,1,0.487,96,2304.0,2026-02-25,0,0,0,0.8094
I0011056,C00587,J0106,0.0,0.551,0.774,3,0.884,318,7632.0,2025-07-18,0,0,0,0.5004
I0022087,C00664,J0106,4.9,0.206,0.789,3,0.884,1,24.0,2026-05-31,0,0,0,0.3443
I0049295,C00669,J0116,0.0,0.606,0.709,4,0.696,237,5688.0,2025-10-07,0,0,0,0.6533
I0021667,C01547,J0003,5.7,0.734,0.722,1,0.462,202,4848.0,2025-11-11,0,0,0,0.6251
I0006667,C01430,J0059,4.9,0.518,0.845,2,0.808,222,5328.0,2025-10-22,0,0,0,0.6336
I0041790,C01981,J0024,3.3,0.45,0.89,1,0.346,59,1416.0,2026-04-03,0,0,0,0.7503
I0053760,C02521,J0002,3.2,0.839,0.793,3,0.479,365,8760.0,2025-06-01,0,0,0,0.5408
I0024666,C01145,J0084,1.8,0.694,0.706,4,0.431,46,1104.0,2026-04-16,0,0,0,0.561
I0005169,C02496,J0087,3.5,0.519,0.723,3,0.578,209,5016.0,2025-11-04,0,0,0,0.7383
I0039167,C01659,J0058,0.4,0.358,0.756,1,0.519,30,720.0,2026-05-02,0,0,0,0.6233
I0020262,C02098,J0058,1.0,0.893,0.651,1,0.519,238,5712.0,2025-10-06,0,0,0,0.4537
I0049139,C03672,J0012,7.3,0.417,0.7,1,0.468,291,6984.0,2025-08-14,0,0,0,0.8018
I0015769,C03748,J0059,0.7,0.609,0.706,2,0.808,217,5208.0,2025-10-27,0,0,0,0.5875
I0043107,C00848,J0129,4.5,0.611,0.961,1,0.574,191,4584.0,2025-11-22,0,0,0,0.8379
I0009167,C02791,J0074,6.8,0.968,0.868,1,0.343,288,6912.0,1970-01-01 00:00:00,0,0,0,0.4361
I0056475,C02281,J0039,3.3,0.598,0.716,1,0.53,38,912.0,2026-04-24,0,0,0,0.7266
I0013980,C00804,J0020,7.3,0.835,0.717,4,0.849,233,5592.0,2025-10-11,0,0,0,0.8327
I0050075,C02308,J0027,4.0,0.604,0.701,1,0.574,97,2328.0,2026-02-24,0,0,0,0.761
I0044083,C02529,J0146,7.3,0.474,0.766,3,0.57,320,7680.0,2025-07-16,0,0,0,0.7887
I0024012,C01887,J0138,5.2,0.56,0.986,2,0.343,59,1416.0,2026-04-03,0,0,0,0.7299
I0044329,C03328,J0087,9.0,0.49,1.0,3,0.578,127,3048.0,2026-01-25,1,1,0,0.889
I0056157,C01660,J0127,3.6,0.727,0.772,3,0.595,74,1776.0,2026-03-19,0,0,0,0.7024
I0020283,C00496,J0052,3.8,0.636,0.767,4,0.406,76,1824.0,2026-03-17,0,0,0,0.6353
I0035869,C02287,J0123,3.6,0.706,0.873,3,0.315,162,3888.0,2025-12-21,0,0,0,0.5483
I0021351,C03174,J0120,3.6,0.515,0.881,2,0.522,314,7536.0,2025-07-22,1,0,0,0.8212
I0015010,C02988,J0077,4.3,0.48,0.797,4,0.837,2,48.0,2026-05-30,0,0,0,0.5627
I0054926,C03296,J0067,,0.612,0.463,4,0.443,81,1944.0,2026-03-12,0,0,0,0.5689
I0046884,C02014,J0130,12.1,0.412,0.804,1,0.81,382,9168.0,2025-05-15,0,0,0,0.6677
I0015798,C03511,J0006,0.2,0.916,0.926,3,0.665,332,7968.0,2025-07-04,0,0,0,0.6044
I0007180,C01968,J0073,2.5,0.392,0.951,2,0.624,1,24.0,2026-05-31,1,0,0,0.6638
I0037974,C01663,J0049,,0.207,0.673,2,0.631,131,3144.0,2026-01-21,0,0,0,0.4585
I0016356,C02658,J0103,7.5,0.566,0.844,4,0.476,300,7200.0,2025-08-05,0,0,0,0.8183
I0023356,C03561,J0142,6.4,0.416,0.713,2,0.778,171,4104.0,2025-12-12,0,0,0,0.571
I0022704,C00338,J0052,4.6,0.645,0.686,4,0.406,170,4080.0,2025-12-13,0,0,0,0.6196
I0009912,C02240,J0000,0.0,0.636,0.325,4,0.534,239,5736.0,2025-10-05,0,0,0,0.5366
I0011026,C01369,J0121,2.6,0.407,0.321,3,0.82,188,4512.0,2025-11-25,0,0,0,0.3602
I0030689,C00387,J0003,5.4,0.425,0.493,1,0.462,384,9216.0,2025-05-13,0,0,0,0.7211
I0002851,C02888,J0033,3.0,0.524,0.396,1,0.649,276,6624.0,2025-08-29,0,0,0,0.5911
I0056524,C00461,J0114,6.2,0.405,0.862,4,0.554,23,552.0,2026-05-09,0,0,0,0.7598
I0009086,C01760,J0066,2.1,0.731,0.994,2,0.752,268,6432.0,1970-01-01 00:00:00,0,0,0,0.8178
I0026919,C02618,J0108,6.8,0.49,0.923,4,0.437,106,2544.0,2026-02-15,0,0,0,0.8548
I0008819,C02746,J0120,5.3,0.766,0.72,2,0.522,348,8352.0,2025-06-18,1,0,0,0.6375
I0035625,C02849,J0006,0.4,0.818,0.767,3,0.665,84,2016.0,2026-03-09,0,0,0,0.632
I0018086,C03167,J0074,0.0,0.0,0.786,1,0.343,9,216.0,2026-05-23,0,0,0,0.4967
I0017051,C01419,J0138,1.6,0.671,0.651,2,0.343,123,2952.0,2026-01-29,0,0,0,0.4963
I0048883,C00202,J0000,5.7,0.578,0.942,4,0.534,262,6288.0,2025-09-12,0,0,0,0.8479
I0052642,C02765,J0002,0.0,0.741,0.978,3,0.479,232,5568.0,2025-10-12,0,0,0,0.6079
I0016540,C00132,J0059,4.3,0.505,0.665,2,0.808,70,1680.0,2026-03-23,0,0,0,0.5635
I0030440,C02273,J0022,,0.58,0.59,1,0.577,180,4320.0,2025-12-03,0,0,0,0.7911
I0019433,C02796,J0095,1.0,0.826,0.713,3,0.582,217,5208.0,2025-10-27,0,0,0,0.5628
I0030713,C03846,J0010,4.9,0.78,0.563,4,0.566,197,4728.0,2025-11-16,0,0,0,0.6076
I0050658,C02848,J0000,2.6,0.736,0.684,4,0.534,319,7656.0,2025-07-17,0,0,0,0.6113
I0041892,C03638,J0017,4.9,0.708,0.733,2,0.748,256,6144.0,2025-09-18,0,0,0,0.7782
I0020458,C02705,J0123,4.2,0.536,0.608,3,0.315,290,6960.0,2025-08-15,0,0,0,0.6036
I0008182,C01663,J0040,3.0,0.207,0.673,1,0.393,36,864.0,2026-04-26,0,0,0,0.6263
I0017937,C02667,J0135,3.8,0.509,1.0,3,0.587,373,8952.0,2025-05-24,0,0,0,0.8081
I0004233,C00254,J0000,5.6,0.369,0.662,4,0.534,57,1368.0,2026-04-05,0,0,0,0.6819
I0021418,C00006,J0071,0.0,0.38,0.787,2,0.587,163,3912.0,2025-12-20,0,0,0,0.5928
I0049934,C00042,J0066,1.8,0.314,0.628,2,0.752,282,6768.0,2025-08-23,0,0,0,0.4156
I0010465,C01316,J0093,7.0,0.553,0.946,3,0.757,110,2640.0,2026-02-11,0,0,0,0.7582
I0006592,C02291,J0123,4.4,0.421,0.823,3,0.315,241,5784.0,2025-10-03,0,0,0,0.7486
I0032313,C00541,J0138,4.0,1.0,0.559,2,0.343,55,1320.0,2026-04-07,0,0,0,0.279
I0051586,C00826,J0147,2.8,0.55,0.913,2,0.622,2,48.0,2026-05-30,0,0,0,0.7709
I0026607,C02203,J0010,3.4,0.384,0.839,4,0.566,222,5328.0,2025-10-22,0,0,0,0.6826
I0004828,C02694,J0054,5.9,0.644,0.903,2,0.727,69,1656.0,2026-03-24,0,0,0,0.8128
I0001590,C00813,J0062,1.3,1.0,0.581,4,0.382,222,5328.0,2025-10-22,0,0,0,0.267
I0012486,C00661,J0138,5.3,0.457,0.709,2,0.343,48,1152.0,2026-04-14,0,0,0,0.7261
I0054728,C02598,J0054,2.3,0.637,0.82,2,0.727,161,3864.0,2025-12-22,0,0,0,0.7235
I0045458,C03556,J0015,4.4,0.243,0.461,2,0.903,183,4392.0,2025-11-30,0,0,0,0.256
I0016817,C02717,J0037,3.7,0.927,0.898,2,0.622,45,1080.0,2026-04-17,0,0,0,0.6177
I0057326,C02345,J0101,2.3,0.802,0.582,2,0.588,398,9552.0,2025-04-29,0,0,0,0.569
I0042584,C00056,J0081,3.3,0.885,0.631,2,0.644,176,4224.0,2025-12-07,0,0,0,0.5807
I0026914,C00684,J0092,4.7,0.616,0.964,4,0.623,253,6072.0,2025-09-21,0,0,0,0.8632
I0029664,C03262,J0058,3.6,0.818,0.507,1,0.519,153,3672.0,2025-12-30,0,0,0,0.5099
I0011541,C02973,J0008,3.3,0.911,0.693,2,0.441,27,648.0,2026-05-05,0,0,0,0.4368
I0006752,C01487,J0130,5.9,0.626,0.59,1,0.81,94,2256.0,2026-02-27,1,0,0,0.6533
I0027438,C01445,J0071,1.5,0.629,0.493,2,0.587,166,3984.0,2025-12-17,0,0,0,0.6516
I0014092,C00763,J0034,2.7,0.616,1.0,1,0.634,174,4176.0,2025-12-09,1,0,0,0.8318
I0018192,C01566,J0041,4.8,0.466,0.941,4,0.655,302,7248.0,2025-08-03,0,0,0,0.7302
I0044718,C03785,J0022,6.2,0.971,1.0,1,0.577,174,4176.0,2025-12-09,0,0,0,0.626
I0010628,C03026,J0021,8.3,0.617,0.638,2,0.438,209,5016.0,2025-11-04,0,0,0,0.711
I0059073,C00721,J0064,0.9,0.88,0.64,1,0.487,223,5352.0,2025-10-21,0,0,0,0.4355
I0033059,C01917,J0122,5.5,1.0,0.911,2,0.704,211,5064.0,2025-11-02,0,0,0,0.6581
I0044957,C02401,J0109,0.0,0.697,0.752,2,0.714,353,8472.0,2025-06-13,0,0,0,0.7169
I0029903,C01584,J0096,3.4,0.234,0.832,3,0.799,18,432.0,2026-05-14,0,0,0,0.4107
I0015665,C01911,J0071,5.0,0.385,0.62,2,0.587,133,3192.0,2026-01-19,0,0,0,0.6339
I0022605,C03763,J0111,7.7,0.763,0.634,1,0.646,302,7248.0,2025-08-03,1,0,0,0.7434
I0011915,C03375,J0001,4.1,0.404,0.705,3,0.47,96,2304.0,2026-02-25,0,0,0,0.7385
I0003653,C00362,J0071,0.2,0.696,0.716,2,0.587,221,5304.0,2025-10-23,0,0,0,0.6453
I0051459,C02111,J0064,3.5,0.56,0.75,1,0.487,284,6816.0,2025-08-21,1,0,0,0.7361
I0039007,C02506,J0103,0.0,0.574,0.599,4,0.476,95,2280.0,2026-02-26,1,0,0,0.6167
I0059842,C00760,J0078,9.6,0.518,0.725,2,0.5,85,2040.0,2026-03-08,1,0,0,0.871
I0021728,C03952,J0144,0.7,0.261,0.572,2,0.591,103,2472.0,2026-02-18,0,0,0,0.4574
I0034500,C02633,J0032,5.9,0.341,0.648,2,0.954,35,840.0,2026-04-27,0,0,0,0.3673
I0044972,C03608,J0130,6.4,0.423,0.73,1,0.81,234,5616.0,2025-10-10,0,0,0,0.5582
I0017860,C00337,J0127,3.9,0.518,0.935,3,0.595,76,1824.0,2026-03-17,0,0,0,0.7922
I0035961,C03388,J0091,3.3,0.551,0.606,2,0.409,154,3696.0,2025-12-29,0,0,0,0.6435
I0003288,C00338,J0128,4.6,0.645,0.686,3,0.677,318,7632.0,2025-07-18,0,0,0,0.7655
I0057032,C00292,J0131,1.6,0.674,0.75,2,0.716,157,3768.0,2025-12-26,0,0,0,0.7258
I0009351,C03388,J0148,3.3,0.551,0.606,4,0.719,289,6936.0,2025-08-16,0,0,0,0.6251
I0040012,C00120,J0112,3.5,0.643,0.567,2,0.583,307,7368.0,2025-07-29,0,0,0,0.6936
I0021469,C02592,J0024,7.8,0.7,0.611,1,0.346,5,120.0,2026-05-27,0,0,0,0.5715
I0043432,C01170,J0054,6.5,0.501,0.96,2,0.727,252,6048.0,2025-09-22,0,0,0,0.7382
I0028056,C02315,J0077,6.3,0.59,0.959,4,0.837,219,5256.0,2025-10-25,1,0,0,0.7197
I0000926,C01308,J0065,1.7,0.315,0.909,2,0.74,49,1176.0,2026-04-13,0,0,0,0.5023
I0010130,C01220,J0097,4.8,0.719,0.591,1,0.65,2,48.0,2026-05-30,0,0,0,0.7161
I0024632,C01240,J0029,,0.616,0.658,1,0.913,191,4584.0,2025-11-22,0,0,0,0.5607
I0031046,C03739,J0136,8.1,0.357,0.874,2,0.621,66,1584.0,2026-03-27,0,0,0,0.7142
I0052045,C02380,J0115,4.2,0.538,0.572,1,0.627,303,7272.0,2025-08-02,0,0,0,0.6865
I0016073,C00930,J0047,7.6,0.299,0.665,2,0.575,343,8232.0,2025-06-23,0,0,0,0.6384
I0055684,C03834,J0068,0.0,0.629,0.848,2,0.713,236,5664.0,2025-10-08,0,0,0,0.6967
I0021907,C03144,J0104,5.6,0.633,0.792,1,0.821,245,5880.0,1970-01-01 00:00:00,0,0,0,0.7024
I0044269,C01176,J0124,6.1,0.521,0.523,4,0.309,353,8472.0,2025-06-13,0,0,0,0.6181
I0007363,C00917,J0138,2.0,0.373,0.868,2,0.343,158,3792.0,2025-12-25,1,0,0,0.7743
I0051642,C00593,J0004,7.3,0.642,0.759,2,0.655,263,6312.0,2025-09-11,0,0,0,0.8452
I0050947,C03072,J0004,8.8,0.724,0.883,2,0.655,388,9312.0,2025-05-09,0,0,0,0.8661
I0031991,C03081,J0087,0.4,0.404,0.733,3,0.578,161,3864.0,2025-12-22,0,0,0,0.6076
I0000062,C02097,J0141,5.6,0.613,0.788,3,0.672,281,6744.0,2025-08-24,0,0,0,0.7922
I0017346,C00586,J0039,5.0,0.517,0.662,1,0.53,234,5616.0,2025-10-10,1,1,0,0.7789
I0042088,C03489,J0142,6.7,0.502,0.718,2,0.778,130,3120.0,2026-01-22,0,0,0,0.6381
I0046363,C00174,J0098,4.2,0.845,0.687,1,0.723,184,4416.0,2025-11-29,0,0,0,0.6956
I0035663,C02956,J0030,3.1,1.0,0.666,2,1.0,274,6576.0,2025-08-31,0,0,0,0.7571
I0037270,C00355,J0025,6.6,0.626,0.725,3,0.501,22,528.0,2026-05-10,0,0,0,0.7448
I0021771,C02542,J0083,,0.596,0.77,3,0.691,390,9360.0,2025-05-07,0,0,0,0.7753
I0050146,C03305,J0044,2.8,0.54,0.745,2,0.579,58,1392.0,2026-04-04,1,0,0,0.7468
I0015306,C00786,J0015,3.6,0.762,0.663,2,0.903,190,4560.0,2025-11-23,1,0,0,0.6653
I0003011,C02888,J0143,3.0,0.524,0.396,1,0.714,277,6648.0,2025-08-28,0,0,0,0.5453
I0031293,C01923,J0086,4.6,0.769,0.718,3,0.489,379,9096.0,1970-01-01 00:00:00,0,0,0,0.5997
I0042242,C03438,J0039,7.9,0.419,0.617,1,0.53,312,7488.0,2025-07-24,0,0,0,0.7462
I0039703,C03584,J0076,0.2,0.634,0.798,4,0.695,65,1560.0,2026-03-28,0,0,0,0.7022
I0034830,C02348,J0100,0.5,0.567,0.955,1,0.169,342,8208.0,2025-06-24,0,0,0,0.514
I0013702,C00937,J0031,6.6,0.821,0.724,3,0.886,26,624.0,2026-05-06,0,0,0,0.7868
I0012532,C01212,J0027,4.5,0.68,0.829,1,0.574,392,9408.0,2025-05-05,0,0,0,0.752
I0037935,C01134,J0078,,0.369,0.631,2,0.5,260,6240.0,2025-09-14,0,0,0,0.6887
I0002191,C00007,J0054,3.3,0.504,0.765,2,0.727,45,1080.0,2026-04-17,0,0,0,0.6312
I0002055,C00057,J0060,1.6,0.413,0.8,1,0.633,337,8088.0,2025-06-29,0,0,0,0.6144
I0059364,C02197,J0082,4.5,0.219,0.488,1,0.615,374,8976.0,2025-05-23,0,0,0,0.4514
I0048525,C03273,J0013,5.0,0.425,0.929,3,0.854,148,3552.0,2026-01-04,0,0,0,0.561
I0048644,C02679,J0032,,0.396,0.666,2,0.954,107,2568.0,2026-02-14,0,0,0,0.3942
I0056266,C00387,J0080,5.4,0.425,0.493,1,0.569,271,6504.0,2025-09-03,0,0,0,0.6457
I0048165,C03858,J0034,,0.572,0.727,1,0.634,166,3984.0,2025-12-17,0,0,0,0.7746
I0006990,C03135,J0117,10.1,0.648,0.754,1,0.842,143,3432.0,2026-01-09,1,0,0,0.7636
I0038355,C01561,J0047,6.8,0.27,0.531,2,0.575,363,8712.0,2025-06-03,0,0,0,0.5666
I0005268,C02744,J0138,1.5,0.525,0.724,2,0.343,295,7080.0,2025-08-10,0,0,0,0.6181
I0042980,C00695,J0016,5.7,0.588,0.87,4,0.643,143,3432.0,2026-01-09,0,0,0,0.8198
I0042155,C01537,J0059,1.9,0.706,0.887,2,0.808,344,8256.0,2025-06-22,1,0,0,0.7272
I0020815,C00294,J0080,5.6,0.699,1.0,1,0.569,291,6984.0,2025-08-14,0,0,0,0.8019
I0041313,C02655,J0056,2.6,0.763,0.696,3,0.397,81,1944.0,2026-03-12,0,0,0,0.4991
I0028364,C00390,J0082,9.0,0.497,0.759,1,0.615,126,3024.0,2026-01-26,0,0,0,0.7999
I0038435,C03894,J0104,3.6,0.469,0.794,1,0.821,213,5112.0,2025-10-31,0,0,0,0.5535
I0056102,C03924,J0116,4.8,0.739,0.553,4,0.696,139,3336.0,2026-01-13,0,0,0,0.7237
I0023575,C00662,J0023,3.7,0.387,0.786,2,0.472,297,7128.0,2025-08-08,0,0,0,0.7412
I0032582,C01081,J0090,6.5,0.381,0.677,3,0.558,83,1992.0,2026-03-10,0,0,0,0.6929
I0036108,C00493,J0052,2.6,0.832,0.852,4,0.406,171,4104.0,2025-12-12,0,0,0,0.5008
I0002296,C01785,J0084,8.3,1.0,0.734,4,0.431,171,4104.0,2025-12-12,0,0,0,0.4631
I0017631,C03935,J0124,,0.89,1.0,4,0.309,337,8088.0,2025-06-29,0,0,0,0.418
I0048902,C02830,J0089,2.2,0.338,0.716,3,0.39,202,4848.0,2025-11-11,0,0,0,0.7193
I0031855,C01538,J0124,0.0,0.428,0.781,4,0.309,272,6528.0,2025-09-02,0,0,0,0.6532
I0052738,C00303,J0013,4.9,0.57,0.656,3,0.854,343,8232.0,2025-06-23,0,0,0,0.5845
I0054285,C01984,J0095,10.0,0.475,0.844,3,0.582,292,7008.0,2025-08-13,0,0,0,0.8486
I0030658,C01853,J0069,5.7,0.0,0.852,2,0.698,188,4512.0,2025-11-25,0,0,0,0.3615
I0052610,C01023,J0137,1.3,0.316,0.655,1,0.69,197,4728.0,2025-11-16,0,0,0,0.4599
I0022632,C01379,J0124,1.7,0.393,0.895,4,0.309,139,3336.0,2026-01-13,1,0,0,0.7388
I0056191,C03540,J0012,7.4,0.201,0.601,1,0.468,260,6240.0,2025-09-14,0,0,0,0.6233
I0052081,C03861,J0065,3.8,0.582,0.808,2,0.74,328,7872.0,2025-07-08,1,0,0,0.6976
I0038625,C00301,J0023,3.0,0.854,0.61,2,0.472,194,4656.0,2025-11-19,0,0,0,0.4703
I0033254,C01134,J0112,5.1,0.369,0.631,2,0.583,365,8760.0,2025-06-01,0,0,0,0.6302
I0034776,C02081,J0060,2.5,0.875,0.682,1,0.633,390,9360.0,2025-05-07,0,0,0,0.5809
I0014938,C02727,J0074,3.5,0.452,0.795,1,0.343,278,6672.0,2025-08-27,0,0,0,0.7234
I0012418,C00842,J0097,6.6,0.235,0.663,1,0.65,156,3744.0,2025-12-27,0,0,0,0.5229
I0008530,C02770,J0114,5.6,0.793,0.683,4,0.554,308,7392.0,2025-07-28,0,0,0,0.6357
I0033211,C02020,J0021,5.8,0.6,0.728,2,0.438,259,6216.0,2025-09-15,0,0,0,0.706
I0043031,C01934,J0014,4.0,0.256,0.437,1,0.37,162,3888.0,2025-12-21,0,0,0,0.6274
I0039406,C01832,J0045,6.3,0.963,0.657,4,0.544,159,3816.0,2025-12-24,0,0,0,0.5133
I0046417,C03857,J0082,3.9,0.32,0.76,1,0.615,198,4752.0,2025-11-15,0,0,0,0.5892
I0054692,C01139,J0004,0.9,1.0,0.713,2,0.655,133,3192.0,2026-01-19,0,0,0,0.4899
I0019704,C00534,J0142,3.9,0.893,1.0,2,0.778,1,24.0,2026-05-31,0,0,0,0.7837
I0015727,C03756,J0098,2.4,0.33,0.791,1,0.723,374,8976.0,2025-05-23,0,0,0,0.5035
I0049503,C03132,J0084,4.4,0.388,0.879,4,0.431,396,9504.0,2025-05-01,0,0,0,0.8088
I0035156,C03992,J0068,2.4,0.818,0.785,2,0.713,60,1440.0,2026-04-02,0,0,0,0.7048
I0024814,C00707,J0045,9.0,0.534,0.739,4,0.544,299,7176.0,2025-08-06,0,0,0,0.8704
I0040814,C03003,J0147,2.2,0.674,0.631,2,0.622,368,8832.0,2025-05-29,0,0,0,0.6953
I0014076,C01756,J0010,7.0,0.491,0.903,4,0.566,115,2760.0,2026-02-06,0,0,0,0.837
I0046901,C01286,J0092,8.2,0.227,0.646,4,0.623,179,4296.0,2025-12-04,0,0,0,0.5586
I0045224,C01860,J0099,3.7,0.683,0.903,2,0.707,88,2112.0,2026-03-05,0,0,0,0.8171
I0057595,C01585,J0072,2.4,0.622,0.778,1,0.651,197,4728.0,2025-11-16,0,0,0,0.7564
I0002436,C01962,J0053,4.5,0.442,0.683,2,0.651,204,4896.0,2025-11-09,0,0,0,0.6382
I0019737,C03698,J0121,3.5,0.499,0.668,3,0.82,206,4944.0,2025-11-07,0,0,0,0.5381
I0047909,C00057,J0122,1.6,0.413,0.8,2,0.704,346,8304.0,2025-06-20,0,0,0,0.5644
I0025244,C00802,J0034,5.3,0.331,0.562,1,0.634,52,1248.0,2026-04-10,0,0,0,0.5514
I0002601,C03470,J0064,0.0,0.448,0.904,1,0.487,392,9408.0,2025-05-05,0,0,0,0.7443
I0043297,C00855,J0103,8.8,0.463,0.749,4,0.476,179,4296.0,2025-12-04,0,0,0,0.8678
I0016948,C00293,J0016,,0.26,0.757,4,0.643,395,9480.0,2025-05-02,0,0,0,0.4603
I0037357,C02121,J0085,0.0,0.703,0.778,1,0.66,161,3864.0,2025-12-22,0,0,0,0.7059
I0025031,C03701,J0112,3.9,0.732,0.945,2,0.583,96,2304.0,2026-02-25,0,0,0,0.7443
I0058627,C01589,J0067,5.8,0.97,0.694,4,0.443,373,8952.0,1970-01-01 00:00:00,1,0,0,0.4392
I0006234,C02546,J0014,3.9,0.552,0.738,1,0.37,263,6312.0,2025-09-11,0,0,0,0.6626
I0002357,C03264,J0093,3.0,0.665,0.863,3,0.757,42,1008.0,2026-04-20,0,0,0,0.7461
I0046982,C02763,J0051,5.5,0.506,0.601,3,0.624,101,2424.0,2026-02-20,0,0,0,0.6962
I0014971,C01896,J0025,3.1,0.67,0.856,3,0.501,270,6480.0,2025-09-04,0,0,0,0.6915
I0028262,C02891,J0146,8.6,0.825,0.589,3,0.57,285,6840.0,2025-08-20,0,0,0,0.6487
I0024006,C01370,J0077,2.7,0.262,0.91,4,0.837,229,5496.0,2025-10-15,0,0,0,0.4138
I0029857,C01699,J0032,4.3,0.797,0.893,2,0.954,230,5520.0,2025-10-14,1,0,0,0.7307
I0000505,C03822,J0144,3.1,0.481,0.833,2,0.591,246,5904.0,2025-09-28,0,0,0,0.7266
I0004935,C03641,J0062,5.4,0.746,0.515,4,0.382,198,4752.0,2025-11-15,0,0,0,0.4968
I0047012,C03300,J0005,1.9,0.753,0.553,1,0.566,357,8568.0,2025-06-09,0,0,0,0.5731
I0009485,C03401,J0040,3.2,0.79,0.648,1,0.393,191,4584.0,2025-11-22,0,0,0,0.4738
I0004579,C02700,J0121,5.9,0.685,0.8,3,0.82,264,6336.0,2025-09-10,0,0,0,0.7471
I0055781,C01386,J0011,4.3,0.376,1.0,3,0.484,366,8784.0,2025-05-31,0,0,0,0.7954
I0021420,C03768,J0081,3.4,0.609,0.812,2,0.644,101,2424.0,2026-02-20,0,0,0,0.7787
I0051996,C01471,J0019,7.0,0.65,1.0,1,0.693,313,7512.0,2025-07-23,0,0,0,0.8869
I0058567,C01329,J0133,5.0,0.743,0.524,4,0.772,192,4608.0,2025-11-21,0,0,0,0.7287
I0000098,C02411,J0027,,0.68,1.0,1,0.574,288,6912.0,2025-08-17,0,0,0,0.8408
I0028076,C03989,J0108,6.4,0.614,0.635,4,0.437,333,7992.0,2025-07-03,0,0,0,0.6794
I0002360,C02091,J0011,0.0,0.563,0.765,3,0.484,310,7440.0,2025-07-26,0,0,0,0.6769
I0003180,C01435,J0024,0.0,0.468,0.527,1,0.346,219,5256.0,2025-10-25,0,0,0,0.5794
I0054399,C00313,J0097,5.6,0.476,0.91,1,0.65,294,7056.0,2025-08-11,0,0,0,0.7455
I0030145,C03759,J0103,1.9,0.539,1.0,4,0.476,326,7824.0,2025-07-10,0,0,0,0.7866
I0013723,C02970,J0100,4.0,0.686,0.859,1,0.169,228,5472.0,2025-10-16,0,0,0,0.4623
I0019620,C03841,J0090,0.5,0.377,0.677,3,0.558,351,8424.0,2025-06-15,0,0,0,0.5886
I0018310,C02269,J0091,4.1,0.506,0.73,2,0.409,290,6960.0,2025-08-15,0,0,0,0.7237
I0034921,C00718,J0073,2.4,0.486,0.833,2,0.624,52,1248.0,2026-04-10,0,0,0,0.6951
I0041904,C01948,J0064,6.3,0.269,0.825,1,0.487,63,1512.0,2026-03-30,0,0,0,0.7024
I0000930,C03913,J0037,7.0,0.562,0.569,2,0.622,394,9456.0,2025-05-03,0,0,0,0.7534
I0037977,C02087,J0124,0.0,0.924,0.826,4,0.309,226,5424.0,2025-10-18,0,0,0,0.3162
I0004985,C03998,J0128,5.7,0.533,0.972,3,0.677,293,7032.0,2025-08-12,0,0,0,0.7858
I0012727,C02777,J0146,0.0,0.738,0.799,3,0.57,282,6768.0,2025-08-23,0,0,0,0.6237
I0021464,C00578,J0045,9.1,0.576,0.89,4,0.544,353,8472.0,2025-06-13,0,0,0,0.8992
I0019393,C01869,J0021,4.5,0.724,0.846,2,0.438,84,2016.0,2026-03-09,0,0,0,0.6299
I0040282,C00715,J0040,6.5,0.763,0.496,1,0.393,123,2952.0,2026-01-29,0,0,0,0.5059
I0056378,C00322,J0047,7.5,0.69,0.688,2,0.575,57,1368.0,2026-04-05,0,0,0,0.7567
I0027561,C02982,J0016,0.8,0.524,1.0,4,0.643,167,4008.0,2025-12-16,0,0,0,0.7285
I0014471,C03194,J0066,5.7,0.475,0.864,2,0.752,128,3072.0,2026-01-24,0,0,0,0.6616
I0025707,C00834,J0080,3.7,0.295,0.96,1,0.569,30,720.0,2026-05-02,0,0,0,0.657
I0025414,C03505,J0115,6.8,0.425,0.601,1,0.627,67,1608.0,2026-03-26,0,0,0,0.659
I0042445,C00331,J0018,5.9,0.64,0.83,4,0.73,15,360.0,2026-05-17,1,1,1,0.7873
I0054545,C03538,J0105,4.6,0.741,0.584,3,0.544,76,1824.0,2026-03-17,0,0,0,0.6205
I0005819,C01025,J0097,5.6,0.534,0.571,1,0.65,295,7080.0,2025-08-10,0,0,0,0.6908
I0053632,C03791,J0131,6.0,0.55,0.816,2,0.716,65,1560.0,2026-03-28,0,0,0,0.7314
I0058261,C02273,J0042,6.5,0.58,0.59,3,0.496,274,6576.0,2025-08-31,0,0,0,0.734
I0024372,C00674,J0138,4.4,0.402,0.93,2,0.343,14,336.0,2026-05-18,1,0,0,0.8119
I0035860,C02500,J0122,0.6,0.806,0.755,2,0.704,117,2808.0,2026-02-04,0,0,0,0.668
I0005739,C03502,J0030,6.4,0.264,0.776,2,1.0,230,5520.0,2025-10-14,0,0,0,0.3251
I0049315,C00582,J0134,9.3,0.655,1.0,2,0.353,223,5352.0,2025-10-21,0,0,0,0.7433
I0029366,C02939,J0072,0.0,0.661,0.71,1,0.651,288,6912.0,2025-08-17,0,0,0,0.71
I0032070,C03499,J0069,2.3,0.388,0.779,2,0.698,22,528.0,2026-05-10,0,0,0,0.5569
I0027389,C03854,J0128,2.3,0.491,1.0,3,0.677,206,4944.0,2025-11-07,0,0,0,0.7066
I0042360,C00744,J0067,5.3,0.606,0.707,4,0.443,346,8304.0,2025-06-20,0,0,0,0.691
I0022385,C03749,J0093,2.8,0.64,0.575,3,0.757,56,1344.0,2026-04-06,0,0,0,0.6439
I0036299,C02939,J0027,0.0,0.661,0.71,1,0.574,368,8832.0,2025-05-29,0,0,0,0.6557
I0039623,C01737,J0022,0.0,0.374,0.631,1,0.577,78,1872.0,2026-03-15,0,0,0,0.5517
I0013670,C03068,J0119,5.7,0.84,0.794,1,0.541,137,3288.0,2026-01-15,0,0,0,0.6264
I0035048,C00249,J0097,8.0,0.251,0.64,1,0.65,22,528.0,2026-05-10,0,0,0,0.5514
I0000373,C03566,J0093,7.7,0.702,0.504,3,0.757,42,1008.0,2026-04-20,0,0,0,0.7505
I0003377,C02886,J0088,4.2,0.972,0.73,2,0.856,275,6600.0,2025-08-30,1,0,0,0.712
I0031341,C00372,J0129,8.2,0.681,0.717,1,0.574,30,720.0,2026-05-02,0,0,0,0.7823
I0004639,C00631,J0137,6.1,0.661,0.745,1,0.69,177,4248.0,2025-12-06,1,1,0,0.8097
I0019349,C00124,J0045,5.8,0.708,0.823,4,0.544,299,7176.0,2025-08-06,1,0,0,0.7314
I0055271,C00754,J0087,5.7,0.638,0.709,3,0.578,138,3312.0,2026-01-14,0,0,0,0.7709
I0005348,C03855,J0044,5.4,0.402,0.862,2,0.579,24,576.0,2026-05-08,1,1,0,0.7265
I0029149,C01146,J0141,,0.69,0.662,3,0.672,204,4896.0,2025-11-09,0,0,0,0.7602
I0038257,C00394,J0114,1.8,0.713,0.685,4,0.554,31,744.0,2026-05-01,0,0,0,0.6284
I0042672,C03654,J0027,1.6,0.552,0.728,1,0.574,298,7152.0,2025-08-07,1,0,0,0.7337
I0029976,C00639,J0090,7.7,1.0,0.581,3,0.558,23,552.0,2026-05-09,0,0,0,0.4994
I0014488,C00816,J0057,4.7,0.791,0.76,2,0.372,77,1848.0,2026-03-16,0,0,0,0.5153
I0000216,C01986,J0120,4.1,0.722,0.941,2,0.522,259,6216.0,2025-09-15,0,0,0,0.7106
I0058674,C02790,J0099,3.0,0.75,0.907,2,0.707,385,9240.0,2025-05-12,0,0,0,0.793
I0054088,C03468,J0077,0.8,0.475,0.691,4,0.837,147,3528.0,2026-01-05,0,0,0,0.47
I0017324,C03411,J0137,3.2,1.0,0.427,1,0.69,307,7368.0,2025-07-29,0,0,0,0.4729
I0035463,C03012,J0005,8.2,0.747,1.0,1,0.566,102,2448.0,2026-02-19,0,0,0,0.81
I0007324,C01393,J0006,1.6,0.411,0.639,3,0.665,204,4896.0,2025-11-09,0,0,0,0.545
I0023217,C01679,J0128,6.3,0.588,0.92,3,0.677,51,1224.0,2026-04-11,0,0,0,0.8201
I0006175,C00083,J0070,0.9,0.471,0.581,3,0.423,186,4464.0,2025-11-27,0,0,0,0.6621
I0000268,C00264,J0133,4.2,0.535,0.749,4,0.772,89,2136.0,2026-03-04,1,0,0,0.632
I0018896,C02477,J0132,10.2,0.465,0.736,3,0.612,35,840.0,2026-04-27,0,0,0,0.7933
I0015897,C03133,J0057,7.5,0.662,0.545,2,0.372,2,48.0,2026-05-30,0,0,0,0.593
I0015452,C01142,J0055,5.3,0.341,0.5,3,0.749,140,3360.0,2026-01-12,0,0,0,0.4599
I0019533,C03413,J0077,0.6,0.351,0.834,4,0.837,10,240.0,2026-05-22,0,0,0,0.4196
I0017853,C03484,J0078,1.8,0.478,0.887,2,0.5,118,2832.0,2026-02-03,0,0,0,0.7819
I0018536,C02706,J0137,9.1,0.701,0.84,1,0.69,236,5664.0,2025-10-08,0,0,0,0.8999
I0038639,C03372,J0002,1.2,0.549,0.653,3,0.479,113,2712.0,2026-02-08,0,0,0,0.6719
I0048482,C00405,J0012,4.7,0.439,0.649,1,0.468,248,5952.0,2025-09-26,0,0,0,0.7589
I0034745,C02885,J0088,1.8,0.613,0.741,2,0.856,77,1848.0,2026-03-16,0,0,0,0.5849
I0015334,C03754,J0094,2.1,0.521,0.842,2,0.625,75,1800.0,2026-03-18,1,0,0,0.7165
I0019244,C02806,J0019,,0.717,0.952,1,0.693,30,720.0,2026-05-02,0,0,0,0.7853
I0059709,C00392,J0055,2.7,0.822,0.77,3,0.749,201,4824.0,2025-11-12,0,0,0,0.7282
I0000736,C02422,J0129,8.3,0.766,0.959,1,0.574,251,6024.0,2025-09-23,0,0,0,0.7923
I0008489,C00057,J0115,1.6,0.413,0.8,1,0.627,261,6264.0,2025-09-13,0,0,0,0.6186
I0046430,C03679,J0059,1.1,0.441,0.917,2,0.808,3,72.0,2026-05-29,0,0,0,0.5353
I0044524,C02845,J0134,5.8,0.35,0.673,2,0.353,101,2424.0,2026-02-20,1,0,0,0.8026
I0041948,C03525,J0005,6.3,0.83,0.799,1,0.566,169,4056.0,2025-12-14,0,0,0,0.6626
I0006851,C00448,J0068,6.5,0.163,0.773,2,0.713,376,9024.0,2025-05-21,0,0,0,0.4571
I0059304,C02751,J0075,0.0,0.66,0.959,3,0.62,74,1776.0,2026-03-19,0,0,0,0.7591
I0032346,C03080,J0065,2.0,0.656,0.646,2,0.74,357,8568.0,2025-06-09,0,0,0,0.6736
I0017526,C00987,J0066,,0.854,0.735,2,0.752,160,3840.0,2025-12-23,0,0,0,0.7148
I0017643,C02494,J0140,4.1,0.546,0.568,1,0.66,22,528.0,2026-05-10,0,0,0,0.666
I0018360,C00730,J0093,2.6,0.65,0.457,3,0.757,378,9072.0,2025-05-19,0,0,0,0.6143
I0045092,C01416,J0057,4.1,1.0,0.732,2,0.372,47,1128.0,2026-04-15,0,0,0,0.3499
I0025330,C03530,J0123,1.8,0.758,0.719,3,0.315,88,2112.0,2026-03-05,0,0,0,0.4378
I0007143,C03357,J0116,5.3,0.766,0.727,4,0.696,259,6216.0,2025-09-15,0,0,0,0.7622
I0002782,C02787,J0047,0.7,0.799,0.631,2,0.575,33,792.0,2026-04-29,0,0,0,0.5487
I0047990,C01959,J0064,8.0,0.855,0.505,1,0.487,74,1776.0,2026-03-19,0,0,0,0.5352
I0042146,C01855,J0100,9.8,0.82,0.975,1,0.169,92,2208.0,2026-03-01,1,1,0,0.4987
I0059329,C02702,J0146,,0.549,0.708,3,0.57,99,2376.0,2026-02-22,0,0,0,0.7017
I0015242,C00161,J0006,0.0,0.876,1.0,3,0.665,6,144.0,2026-05-26,1,0,0,0.6501
I0030749,C00454,J0034,2.9,0.775,0.386,1,0.634,144,3456.0,2026-01-08,0,0,0,0.5754
I0018200,C02627,J0105,8.2,0.886,0.65,3,0.544,343,8232.0,2025-06-23,0,0,0,0.5978
I0007091,C02885,J0059,1.8,0.613,0.741,2,0.808,100,2400.0,2026-02-21,0,0,0,0.6188
I0058209,C02177,J0033,0.0,0.248,0.705,1,0.649,375,9000.0,2025-05-22,0,0,0,0.433
I0002767,C00962,J0146,0.4,0.889,0.751,3,0.57,58,1392.0,2026-04-04,0,0,0,0.5105
I0017150,C02549,J0055,4.8,0.65,0.593,3,0.749,268,6432.0,2025-09-06,0,0,0,0.6955
I0048198,C01082,J0133,0.0,0.747,0.799,4,0.772,141,3384.0,2026-01-11,0,0,0,0.7245
I0008745,C00893,J0115,5.6,0.763,0.951,1,0.627,281,6744.0,2025-08-24,0,0,0,0.7839
I0052890,C01271,J0081,2.0,0.801,0.6,2,0.644,300,7200.0,2025-08-05,0,0,0,0.6092
I0059132,C00367,J0090,2.8,0.539,0.782,3,0.558,130,3120.0,2026-01-22,0,0,0,0.7713
I0007696,C00303,J0026,4.9,0.57,0.656,1,0.881,143,3432.0,2026-01-09,0,0,0,0.5655
I0037452,C01782,J0033,9.4,0.716,0.741,1,0.649,198,4752.0,2025-11-15,0,0,0,0.8376
I0018683,C00184,J0069,1.7,0.738,0.667,2,0.698,42,1008.0,2026-04-20,0,0,0,0.7055
I0007646,C02338,J0013,1.4,0.606,0.595,3,0.854,18,432.0,2026-05-14,0,0,0,0.5335
I0000469,C01201,J0020,5.8,0.576,0.853,4,0.849,371,8904.0,2025-05-26,0,0,0,0.663
I0004196,C03906,J0084,2.1,0.639,0.677,4,0.431,168,4032.0,2025-12-15,0,0,0,0.5966
I0047816,C00465,J0064,9.3,0.877,0.656,1,0.487,229,5496.0,2025-10-15,1,0,0,0.5842
I0001811,C03441,J0040,5.9,0.558,1.0,1,0.393,256,6144.0,2025-09-18,1,0,0,0.7823
I0031244,C03440,J0021,5.6,0.707,0.578,2,0.438,136,3264.0,2026-01-16,0,0,0,0.5849
I0003617,C00619,J0128,4.6,1.0,0.788,3,0.677,329,7896.0,2025-07-07,0,0,0,0.5892
I0003885,C03873,J0095,3.4,0.271,0.827,3,0.582,375,9000.0,2025-05-22,0,0,0,0.5883
I0036757,C00597,J0032,8.8,0.61,0.656,2,0.954,28,672.0,2026-05-04,0,0,0,0.6082
I0053779,C01330,J0003,1.8,0.567,0.984,1,0.462,228,5472.0,2025-10-16,1,1,0,0.7507
I0047979,C00313,J0087,5.6,0.476,0.91,3,0.578,387,9288.0,2025-05-10,0,0,0,0.7963
I0051959,C03331,J0082,3.1,0.629,0.923,1,0.615,0,0.0,2026-06-01,1,0,0,0.8197
I0004374,C01017,J0120,7.4,0.738,0.68,2,0.522,171,4104.0,2025-12-12,0,0,0,0.6815
I0009672,C02379,J0000,1.1,0.699,0.722,4,0.534,146,3504.0,2026-01-06,0,0,0,0.6227
I0008901,C00088,J0083,7.0,1.0,0.731,3,0.691,179,4296.0,2025-12-04,0,0,0,0.6236
I0054299,C03161,J0022,5.2,0.813,1.0,1,0.577,107,2568.0,2026-02-14,0,0,0,0.7204
I0014757,C00800,J0088,1.6,0.504,1.0,2,0.856,92,2208.0,2026-03-01,1,0,0,0.5778
I0003168,C03361,J0135,5.4,0.757,0.687,3,0.587,50,1200.0,2026-04-12,1,0,0,0.6821
I0001507,C03012,J0018,8.2,0.747,1.0,4,0.73,62,1488.0,2026-03-31,0,0,0,0.9256
I0057426,C02764,J0079,0.4,0.345,0.612,2,0.518,367,8808.0,2025-05-30,0,0,0,0.5742
I0057839,C03246,J0090,9.4,0.279,0.624,3,0.558,296,7104.0,2025-08-09,0,0,0,0.6552
I0000482,C01893,J0106,0.0,0.332,0.749,3,0.884,26,624.0,2026-05-06,0,0,0,0.3389
I0009384,C03615,J0116,5.4,0.441,0.669,4,0.696,292,7008.0,2025-08-13,0,0,0,0.6171
I0005157,C01799,J0049,5.3,0.559,0.801,2,0.631,295,7080.0,2025-08-10,0,0,0,0.7816
I0049749,C02836,J0102,5.6,0.533,1.0,2,0.438,89,2136.0,2026-03-04,1,0,0,0.8266
I0012181,C01477,J0051,7.4,0.744,0.832,3,0.624,68,1632.0,2026-03-25,0,0,0,0.792
I0030385,C01485,J0090,1.5,0.792,0.7,3,0.558,95,2280.0,2026-02-26,0,0,0,0.5747
I0035353,C00405,J0061,4.7,0.439,0.649,1,0.484,89,2136.0,2026-03-04,1,0,0,0.7476
I0021744,C01498,J0077,0.0,0.554,0.652,4,0.837,245,5880.0,2025-09-29,0,0,0,0.5012
I0027325,C03670,J0106,8.0,0.602,0.998,3,0.884,226,5424.0,2025-10-18,0,0,0,0.7348
I0016317,C03952,J0090,0.7,0.261,0.572,3,0.558,338,8112.0,2025-06-28,0,0,0,0.4806
I0009393,C00942,J0033,3.0,0.847,0.706,1,0.649,105,2520.0,2026-02-16,0,0,0,0.6271
I0016323,C01339,J0069,7.2,0.568,0.681,2,0.698,313,7512.0,2025-07-23,0,0,0,0.739
I0026043,C03264,J0092,3.0,0.665,0.863,4,0.623,214,5136.0,2025-10-30,0,0,0,0.7813
I0021570,C00072,J0054,,0.386,0.888,2,0.727,147,3528.0,2026-01-05,0,0,0,0.6114
I0006526,C03083,J0094,5.0,0.952,0.738,2,0.625,193,4632.0,2025-11-20,0,0,0,0.579
I0000004,C00473,J0123,4.9,0.581,0.653,3,0.315,99,2376.0,2026-02-22,0,0,0,0.5964
I0054524,C03332,J0095,7.3,0.54,0.939,3,0.582,314,7536.0,2025-07-22,0,0,0,0.8755
I0036326,C03529,J0042,4.3,0.574,0.828,3,0.496,331,7944.0,2025-07-05,0,0,0,0.7681
I0010742,C02462,J0080,5.9,0.68,0.522,1,0.569,286,6864.0,2025-08-19,0,0,0,0.6856
I0002324,C03114,J0029,2.2,0.426,0.827,1,0.913,41,984.0,2026-04-21,0,0,0,0.444
I0039035,C01923,J0016,4.6,0.769,0.718,4,0.643,51,1224.0,2026-04-11,0,0,0,0.7083
I0050429,C00202,J0062,5.7,0.578,0.942,4,0.382,161,3864.0,2025-12-22,0,0,0,0.7407
I0037610,C02807,J0142,0.6,0.632,0.752,2,0.778,399,9576.0,2025-04-28,0,0,0,0.6361
I0015564,C01422,J0123,5.2,0.49,0.761,3,0.315,372,8928.0,2025-05-25,1,1,0,0.696
I0000199,C00733,J0119,,0.946,0.589,1,0.541,381,9144.0,1970-01-01 00:00:00,1,1,1,0.4347
I0000225,C00289,J0100,0.0,0.341,0.685,1,0.169,87,2088.0,2026-03-06,0,0,0,0.5887
I0028347,C02344,J0095,7.0,0.97,0.63,3,0.582,198,4752.0,2025-11-15,0,0,0,0.5394
I0046894,C02733,J0148,3.3,0.851,0.8,4,0.719,355,8520.0,2025-06-11,0,0,0,0.7052
I0022475,C01658,J0059,8.0,0.182,0.795,2,0.808,146,3504.0,2026-01-06,0,0,0,0.4351
I0041495,C02000,J0070,6.1,0.353,1.0,3,0.423,218,5232.0,2025-10-26,0,0,0,0.8527
I0057314,C03847,J0126,3.2,0.582,0.816,2,0.635,47,1128.0,2026-04-15,0,0,0,0.7637
I0029322,C01394,J0070,7.0,0.677,1.0,3,0.423,46,1104.0,2026-04-16,0,0,0,0.7382
I0056669,C02583,J0021,2.7,0.609,0.999,2,0.438,145,3480.0,2026-01-07,0,0,0,0.7237
I0056982,C01054,J0048,4.8,0.583,0.796,2,0.774,263,6312.0,2025-09-11,0,0,0,0.6879
I0019602,C01367,J0144,0.0,0.821,0.707,2,0.591,300,7200.0,2025-08-05,0,0,0,0.5541
I0030880,C03053,J0116,9.2,0.563,0.74,4,0.696,216,5184.0,2025-10-28,0,0,0,0.7874
I0007836,C03554,J0140,7.1,0.603,0.945,1,0.66,48,1152.0,2026-04-14,0,0,0,0.8632
I0044141,C03882,J0149,2.6,0.483,0.528,1,0.593,336,8064.0,1970-01-01 00:00:00,0,0,0,0.6322
I0027918,C01663,J0042,3.0,0.207,0.673,3,0.496,369,8856.0,2025-05-28,0,0,0,0.5536
I0005227,C03658,J0077,2.0,0.638,0.619,4,0.837,224,5376.0,2025-10-20,0,0,0,0.5849
I0009877,C03482,J0083,0.3,0.628,0.901,3,0.691,228,5472.0,2025-10-16,0,0,0,0.7316
I0017616,C02465,J0139,4.4,0.478,0.626,2,0.561,134,3216.0,2026-01-18,0,0,0,0.7093
I0039428,C03260,J0057,0.0,0.611,0.852,2,0.372,320,7680.0,2025-07-16,0,0,0,0.5886
I0032906,C00439,J0087,0.0,0.657,0.821,3,0.578,84,2016.0,2026-03-09,0,0,0,0.6927
I0024848,C02721,J0015,2.0,0.811,0.512,2,0.903,156,3744.0,2025-12-27,0,0,0,0.6302
I0051817,C01081,J0078,6.5,0.381,0.677,2,0.5,274,6576.0,2025-08-31,0,0,0,0.7338
I0045940,C00150,J0026,5.8,0.904,0.681,1,0.881,310,7440.0,2025-07-26,0,0,0,0.7908
I0043784,C03675,J0014,0.0,0.951,0.644,1,0.37,245,5880.0,2025-09-29,0,0,0,0.2889
I0029106,C01709,J0008,3.7,0.646,0.675,2,0.441,147,3528.0,2026-01-05,0,0,0,0.6253
I0034403,C00141,J0139,4.2,0.801,0.773,2,0.561,364,8736.0,2025-06-02,0,0,0,0.6367
I0031569,C00786,J0148,3.6,0.762,0.663,4,0.719,177,4248.0,2025-12-06,0,0,0,0.7344
I0030282,C01107,J0145,2.7,0.56,0.686,4,0.701,309,7416.0,2025-07-27,0,0,0,0.6566
I0042696,C03201,J0090,5.7,0.852,0.932,3,0.558,208,4992.0,2025-11-05,0,0,0,0.6688
I0027936,C03811,J0126,0.0,0.656,0.889,2,0.635,228,5472.0,2025-10-16,0,0,0,0.7527
I0019721,C00718,J0003,2.4,0.486,0.833,1,0.462,4,96.0,2026-05-28,0,0,0,0.7754
I0016129,C02882,J0119,6.2,0.753,0.715,1,0.541,291,6984.0,2025-08-14,0,0,0,0.6739
I0014391,C03069,J0052,5.6,0.611,0.633,4,0.406,122,2928.0,2026-01-30,0,0,0,0.6456
I0045635,C01619,J0006,4.7,0.499,1.0,3,0.665,249,5976.0,2025-09-25,0,0,0,0.7613
I0051428,C02234,J0074,9.9,0.639,0.374,1,0.343,320,7680.0,2025-07-16,0,0,0,0.5811
I0024467,C00904,J0112,3.9,0.684,0.664,2,0.583,33,792.0,2026-04-29,0,0,0,0.6989
I0037971,C03220,J0135,1.7,0.694,0.812,3,0.587,49,1176.0,2026-04-13,1,0,0,0.6991
I0030381,C01392,J0014,1.7,0.577,1.0,1,0.37,57,1368.0,2026-04-05,0,0,0,0.6817
I0022128,C03973,J0027,6.6,0.272,0.781,1,0.574,125,3000.0,2026-01-27,0,0,0,0.6358
I0058808,C01073,J0000,4.6,0.639,0.698,4,0.534,56,1344.0,2026-04-06,0,0,0,0.7175
I0000429,C03790,J0043,2.5,0.644,0.777,3,0.512,331,7944.0,2025-07-05,0,0,0,0.6852
I0006144,C03044,J0121,6.9,0.835,0.696,3,0.82,139,3336.0,2026-01-13,1,0,0,0.8193
I0012083,C02507,J0062,1.0,0.27,0.919,4,0.382,204,4896.0,2025-11-09,1,0,0,0.7139
I0029962,C00357,J0134,2.6,0.652,0.8,2,0.353,12,288.0,2026-05-20,0,0,0,0.5756
I0043743,C00048,J0004,,0.572,0.774,2,0.655,36,864.0,2026-04-26,0,0,0,0.7053
I0033369,C00238,J0086,4.3,0.592,0.741,3,0.489,286,6864.0,2025-08-19,0,0,0,0.7259
I0027820,C01490,J0107,0.0,0.455,0.452,2,0.389,1,24.0,2026-05-31,0,0,0,0.5978
I0041829,C02488,J0075,7.5,0.692,0.611,3,0.62,356,8544.0,2025-06-10,0,0,0,0.7653
I0058902,C03405,J0079,4.5,0.635,0.709,2,0.518,162,3888.0,2025-12-21,0,0,0,0.7104
I0031882,C01309,J0000,7.6,0.858,0.688,4,0.534,369,8856.0,2025-05-28,0,0,0,0.611
I0030507,C00176,J0046,7.1,0.561,0.68,3,0.767,64,1536.0,2026-03-29,0,0,0,0.6835
I0041350,C02976,J0092,3.3,0.547,0.475,4,0.623,34,816.0,2026-04-28,0,0,0,0.653
I0037787,C01147,J0037,3.9,0.507,0.654,2,0.622,32,768.0,2026-04-30,0,0,0,0.6862
I0029395,C03691,J0055,6.8,0.589,0.7,3,0.749,362,8688.0,2025-06-04,0,0,0,0.7165
I0023020,C03767,J0055,0.2,0.59,0.862,3,0.749,23,552.0,2026-05-09,0,0,0,0.6512
I0027030,C00642,J0003,,0.641,0.639,1,0.462,310,7440.0,2025-07-26,0,0,0,0.6893
I0006423,C01706,J0053,,0.856,0.585,2,0.651,153,3672.0,2025-12-30,0,0,0,0.6439
I0049562,C01172,J0078,1.0,0.452,1.0,2,0.5,76,1824.0,2026-03-17,1,0,0,0.7819
I0024554,C02600,J0023,2.1,0.854,0.753,2,0.472,142,3408.0,2026-01-10,0,0,0,0.4954
I0035823,C02507,J0013,1.0,0.27,0.919,3,0.854,197,4728.0,2025-11-16,0,0,0,0.3812
I0009011,C02176,J0048,0.8,0.487,0.752,2,0.774,229,5496.0,2025-10-15,0,0,0,0.5401
I0026112,C02745,J0141,0.7,0.548,0.635,3,0.672,78,1872.0,2026-03-15,0,0,0,0.6203
I0016013,C00047,J0032,0.0,0.267,0.527,2,0.954,47,1128.0,2026-04-15,0,0,0,0.1812
I0013958,C01471,J0148,7.0,0.65,1.0,4,0.719,6,144.0,2026-05-26,0,0,0,0.8686
I0058560,C00017,J0045,6.7,0.28,1.0,4,0.544,304,7296.0,2025-08-01,0,0,0,0.7261
I0019313,C00947,J0080,7.6,0.317,0.936,1,0.569,153,3672.0,2025-12-30,0,0,0,0.7317
I0037878,C02247,J0110,10.3,0.807,1.0,2,0.549,183,4392.0,2025-11-30,1,0,0,0.7912
I0046966,C00872,J0141,3.0,0.587,0.884,3,0.672,173,4152.0,2025-12-10,0,0,0,0.7569
I0025871,C02326,J0101,3.5,0.653,0.627,2,0.588,42,1008.0,2026-04-20,0,0,0,0.707
I0050543,C01059,J0059,0.7,0.541,0.832,2,0.808,250,6000.0,2025-09-24,0,0,0,0.5751
I0048196,C01560,J0037,5.1,0.45,0.724,2,0.622,259,6216.0,1970-01-01 00:00:00,0,0,0,0.686
I0038343,C03108,J0092,8.4,0.606,0.902,4,0.623,115,2760.0,2026-02-06,0,0,0,0.9013
I0010592,C00857,J0053,5.1,0.655,0.8,2,0.651,347,8328.0,2025-06-19,0,0,0,0.8259
I0006348,C01776,J0004,1.0,0.449,0.723,2,0.655,162,3888.0,2025-12-21,0,0,0,0.5924
I0040349,C03655,J0096,2.9,0.364,0.785,3,0.799,17,408.0,2026-05-15,0,0,0,0.4806
I0016870,C02493,J0106,1.1,0.387,0.741,3,0.884,122,2928.0,2026-01-30,0,0,0,0.3941
I0048262,C03486,J0032,0.0,0.645,1.0,2,0.954,276,6624.0,2025-08-29,1,1,0,0.581
I0028632,C01700,J0107,4.7,0.914,0.985,2,0.389,59,1416.0,2026-04-03,0,0,0,0.504
I0035174,C00555,J0004,2.1,0.55,1.0,2,0.655,172,4128.0,2025-12-11,0,0,0,0.7603
I0024499,C02683,J0065,9.2,0.699,0.875,2,0.74,228,5472.0,2025-10-16,0,0,0,0.8903
I0059404,C03024,J0140,,0.444,0.628,1,0.66,208,4992.0,2025-11-05,0,0,0,0.6144
I0003095,C00921,J0060,0.0,0.737,0.833,1,0.633,32,768.0,2026-04-30,0,0,0,0.6784
I0047989,C03456,J0023,3.9,0.305,0.633,2,0.472,104,2496.0,2026-02-17,0,0,0,0.6436
I0027242,C00114,J0132,0.0,0.749,0.862,3,0.612,72,1728.0,2026-03-21,0,0,0,0.6633
I0010406,C00534,J0090,,0.893,1.0,3,0.558,276,6624.0,2025-08-29,0,0,0,0.6286
I0028235,C00268,J0038,5.2,0.464,0.668,4,0.713,195,4680.0,2025-11-18,0,0,0,0.6177
I0005517,C02172,J0009,1.6,0.29,0.903,3,0.437,227,5448.0,2025-10-17,0,0,0,0.6949
I0032506,C02100,J0098,3.4,0.262,0.816,1,0.723,231,5544.0,1970-01-01 00:00:00,0,0,0,0.4795
I0041963,C03881,J0103,2.9,0.427,0.83,4,0.476,38,912.0,2026-04-24,0,0,0,0.7654
I0029261,C00448,J0016,6.5,0.163,0.773,4,0.643,189,4536.0,2025-11-24,0,0,0,0.5064
I0051099,C02033,J0081,0.0,0.438,0.866,2,0.644,98,2352.0,2026-02-23,0,0,0,0.6158
I0016528,C03789,J0114,7.5,0.599,0.763,4,0.554,58,1392.0,2026-04-04,0,0,0,0.8272
I0038315,C01390,J0058,5.9,0.416,0.88,1,0.519,170,4080.0,2025-12-13,0,0,0,0.7922
I0010153,C00524,J0084,5.6,0.46,0.878,4,0.431,3,72.0,2026-05-29,0,0,0,0.8387
I0011740,C00211,J0101,1.8,0.751,0.793,2,0.588,151,3624.0,2026-01-01,0,0,0,0.656
I0042653,C01054,J0071,4.8,0.583,0.796,2,0.587,197,4728.0,2025-11-16,0,0,0,0.8197
I0020453,C02604,J0106,5.2,0.7,0.663,3,0.884,228,5472.0,2025-10-16,0,0,0,0.6621
I0050774,C02905,J0009,0.8,1.0,0.894,3,0.437,204,4896.0,2025-11-09,0,0,0,0.3856
I0001639,C03252,J0142,3.7,0.574,0.912,2,0.778,16,384.0,2026-05-16,0,0,0,0.6928
I0011566,C00393,J0020,7.3,0.48,1.0,4,0.849,276,6624.0,2025-08-29,0,0,0,0.6622
I0049258,C00494,J0032,1.9,0.521,0.507,2,0.954,377,9048.0,2025-05-20,0,0,0,0.3867
I0050983,C01871,J0036,2.2,0.234,1.0,4,0.6,205,4920.0,2025-11-08,0,0,0,0.578
I0055960,C00763,J0085,2.7,0.616,1.0,1,0.66,193,4632.0,2025-11-20,0,0,0,0.8135
I0050559,C00647,J0094,8.9,0.393,0.918,2,0.625,390,9360.0,2025-05-07,0,0,0,0.7627
I0044475,C03175,J0005,6.6,0.354,0.666,1,0.566,245,5880.0,2025-09-29,0,0,0,0.6669
I0018655,C02146,J0135,3.7,0.801,0.822,3,0.587,328,7872.0,2025-07-08,0,0,0,0.6604
I0050145,C00119,J0092,5.9,0.783,1.0,4,0.623,79,1896.0,2026-03-14,0,0,0,0.7858
I0001977,C00620,J0097,1.9,0.561,0.819,1,0.65,148,3552.0,2026-01-04,0,0,0,0.7172
I0055350,C02835,J0041,8.4,0.733,0.576,4,0.655,343,8232.0,2025-06-23,0,0,0,0.7664
I0046658,C00803,J0119,2.3,0.486,0.644,1,0.541,392,9408.0,2025-05-05,0,0,0,0.6986
I0022916,C00076,J0072,1.6,0.672,0.69,1,0.651,140,3360.0,2026-01-12,0,0,0,0.7237
I0057443,C03253,J0037,4.7,1.0,0.593,2,0.622,10,240.0,2026-05-22,0,0,0,0.4971
I0021026,C02604,J0131,5.2,0.7,0.663,2,0.716,378,9072.0,2025-05-19,0,0,0,0.7805
I0037746,C02330,J0078,0.9,0.706,0.766,2,0.5,188,4512.0,2025-11-25,0,0,0,0.6028
I0047722,C02347,J0007,6.8,0.676,0.536,3,0.673,64,1536.0,2026-03-29,0,0,0,0.7809
I0031137,C03707,J0092,2.0,0.621,0.728,4,0.623,46,1104.0,2026-04-16,0,0,0,0.7545
I0032540,C03817,J0023,8.9,0.086,0.572,2,0.472,72,1728.0,2026-03-21,0,0,0,0.5566
I0052816,C03353,J0147,7.5,0.653,0.665,2,0.622,67,1608.0,2026-03-26,1,0,0,0.8094
I0036010,C02600,J0101,2.1,0.854,0.753,2,0.588,231,5544.0,2025-10-13,0,0,0,0.5772
I0022425,C02447,J0069,3.4,0.555,0.923,2,0.698,225,5400.0,2025-10-19,0,0,0,0.7338
I0053951,C01946,J0126,1.5,0.7,0.81,2,0.635,266,6384.0,2025-09-08,0,0,0,0.7248
I0024199,C01555,J0125,3.6,0.948,0.786,1,0.475,395,9480.0,2025-05-02,0,0,0,0.466
I0055666,C03881,J0131,2.9,0.427,0.83,2,0.716,277,6648.0,2025-08-28,0,0,0,0.5962
I0058419,C02167,J0145,0.0,0.098,0.7,4,0.701,33,792.0,2026-04-29,0,0,0,0.2892
I0027116,C02870,J0066,0.3,0.699,0.827,2,0.752,229,5496.0,2025-10-15,0,0,0,0.7177
I0035212,C01345,J0127,8.4,0.735,0.821,3,0.595,292,7008.0,2025-08-13,1,1,0,0.7918
I0026225,C02467,J0127,4.4,0.727,1.0,3,0.595,251,6024.0,2025-09-23,0,0,0,0.7802
I0043438,C02104,J0095,6.3,0.68,0.604,3,0.582,270,6480.0,2025-09-04,0,0,0,0.7247
I0022352,C03694,J0136,6.6,0.375,0.875,2,0.621,79,1896.0,2026-03-14,0,0,0,0.7018
I0019863,C01967,J0061,7.3,0.241,0.657,1,0.484,116,2784.0,2026-02-05,0,0,0,0.6543
I0052184,C03145,J0125,9.9,0.825,0.779,1,0.475,360,8640.0,2025-06-06,0,0,0,0.6573
I0054442,C01491,J0045,7.6,0.596,0.601,4,0.544,214,5136.0,2025-10-30,0,0,0,0.7782
I0031083,C02113,J0035,0.0,0.684,0.823,4,0.644,266,6384.0,2025-09-08,1,0,0,0.7207
I0013935,C00390,J0005,9.0,0.497,0.759,1,0.566,7,168.0,2026-05-25,0,0,0,0.8345
I0004289,C00043,J0066,11.2,0.929,0.83,2,0.752,46,1104.0,2026-04-16,0,0,0,0.8156
I0048115,C01227,J0096,3.0,0.564,0.694,3,0.799,131,3144.0,1970-01-01 00:00:00,0,0,0,0.5976
I0055785,C01757,J0100,3.7,0.654,0.81,1,0.169,241,5784.0,2025-10-03,0,0,0,0.466
I0009367,C02106,J0014,,0.437,0.786,1,0.37,127,3048.0,2026-01-25,0,0,0,0.7149
I0012617,C03329,J0118,4.1,0.401,0.749,2,0.57,185,4440.0,2025-11-28,0,0,0,0.6783
I0004506,C00431,J0018,3.3,0.901,0.944,4,0.73,214,5136.0,2025-10-30,0,0,0,0.7183
I0048451,C01966,J0117,0.2,0.765,0.759,1,0.842,22,528.0,2026-05-10,0,0,0,0.68
I0050030,C01701,J0136,5.4,0.566,0.78,2,0.621,133,3192.0,2026-01-19,0,0,0,0.7894
I0053727,C01811,J0012,5.4,0.61,0.623,1,0.468,154,3696.0,2025-12-29,0,0,0,0.6838
I0042726,C03595,J0086,3.8,0.436,0.891,3,0.489,23,552.0,2026-05-09,0,0,0,0.795
I0057234,C03915,J0002,8.8,0.869,0.94,3,0.479,82,1968.0,2026-03-11,1,0,0,0.6559
I0004706,C03842,J0135,1.9,0.599,0.874,3,0.587,118,2832.0,2026-02-03,0,0,0,0.787
I0032440,C02761,J0061,1.3,0.821,0.773,1,0.484,177,4248.0,2025-12-06,0,0,0,0.5192
I0055968,C02972,J0050,0.0,0.506,0.742,3,0.587,52,1248.0,2026-04-10,0,0,0,0.669
I0057806,C02502,J0079,9.3,0.493,1.0,2,0.518,269,6456.0,2025-09-05,1,0,0,0.9385
I0050380,C02460,J0006,1.2,0.919,0.74,3,0.665,326,7824.0,2025-07-10,1,0,0,0.5668
I0042525,C03378,J0037,2.8,0.805,0.929,2,0.622,138,3312.0,2026-01-14,0,0,0,0.6972
I0058450,C00229,J0019,,0.735,0.838,1,0.693,83,1992.0,2026-03-10,0,0,0,0.8014
I0057575,C00041,J0008,3.9,0.856,0.838,2,0.441,51,1224.0,2026-04-11,0,0,0,0.5266
I0054417,C00911,J0097,0.0,0.302,0.58,1,0.65,303,7272.0,2025-08-02,0,0,0,0.4351
I0011376,C01341,J0098,1.4,1.0,0.933,1,0.723,196,4704.0,2025-11-17,0,0,0,0.6083
I0026731,C00910,J0007,5.7,0.566,0.667,3,0.673,135,3240.0,2026-01-17,1,1,1,0.7259
I0015856,C02651,J0126,3.5,0.29,0.509,2,0.635,185,4440.0,2025-11-28,0,0,0,0.4764
I0020352,C01921,J0113,2.4,0.522,0.74,1,0.579,229,5496.0,2025-10-15,0,0,0,0.7259
I0012187,C00935,J0141,0.6,0.76,0.508,3,0.672,158,3792.0,2025-12-25,0,0,0,0.6082
I0055362,C03169,J0050,3.0,0.637,0.979,3,0.587,254,6096.0,2025-09-20,0,0,0,0.8084
I0014614,C02215,J0005,3.2,0.76,0.72,1,0.566,5,120.0,2026-05-27,0,0,0,0.6372
I0033200,C01103,J0144,0.2,0.394,0.795,2,0.591,102,2448.0,2026-02-19,0,0,0,0.6055
I0021110,C01831,J0061,7.4,0.794,1.0,1,0.484,257,6168.0,2025-09-17,0,0,0,0.7055
I0004384,C03475,J0116,2.7,0.69,0.741,4,0.696,67,1608.0,2026-03-26,0,0,0,0.7672
I0020850,C01701,J0146,,0.566,0.78,3,0.57,385,9240.0,2025-05-12,0,0,0,0.8253
I0004108,C02885,J0020,1.8,0.613,0.741,4,0.849,354,8496.0,2025-06-12,0,0,0,0.5899
I0004016,C02746,J0019,5.3,0.766,0.72,1,0.693,149,3576.0,2026-01-03,0,0,0,0.7581
I0025843,C02557,J0124,0.3,0.662,0.757,4,0.309,139,3336.0,2026-01-13,0,0,0,0.4865
I0013927,C03953,J0021,0.9,0.678,0.958,2,0.438,121,2904.0,2026-01-31,0,0,0,0.633
I0021488,C03397,J0133,2.7,0.693,0.808,4,0.772,82,1968.0,2026-03-11,0,0,0,0.7347
I0030417,C02962,J0050,,0.495,0.464,3,0.587,83,1992.0,2026-03-10,0,0,0,0.6454
I0033003,C00444,J0080,4.3,0.768,0.559,1,0.569,276,6624.0,2025-08-29,0,0,0,0.6069
I0033424,C03877,J0021,10.5,0.666,0.816,2,0.438,254,6096.0,2025-09-20,1,0,0,0.7639
I0046802,C02168,J0110,10.2,0.946,0.609,2,0.549,21,504.0,2026-05-11,0,0,0,0.5813
I0058818,C01054,J0080,4.8,0.583,0.796,1,0.569,0,0.0,2026-06-01,0,0,0,0.8126
I0047424,C00510,J0069,5.1,0.805,0.744,2,0.698,286,6864.0,2025-08-19,0,0,0,0.7375
I0019469,C02986,J0126,3.7,0.602,0.53,2,0.635,360,8640.0,2025-06-06,0,0,0,0.7056
I0054519,C01988,J0124,5.7,0.575,0.741,4,0.309,297,7128.0,2025-08-08,0,0,0,0.6347
I0030259,C02769,J0117,,0.688,0.771,1,0.842,244,5856.0,2025-09-30,0,0,0,0.6731
I0038022,C02961,J0031,7.3,0.226,0.85,3,0.886,336,8064.0,2025-06-30,0,0,0,0.4148
I0043500,C01506,J0086,8.1,1.0,0.735,3,0.489,306,7344.0,2025-07-30,1,0,0,0.5009
I0032982,C01297,J0002,3.3,0.543,0.905,3,0.479,81,1944.0,2026-03-12,0,0,0,0.7827
I0011839,C03228,J0003,1.7,0.324,0.983,1,0.462,370,8880.0,2025-05-27,0,0,0,0.7255
I0046239,C00898,J0114,9.9,0.45,0.662,4,0.554,52,1248.0,2026-04-10,0,0,0,0.7977
I0033251,C01254,J0063,8.8,0.847,0.717,4,0.497,198,4752.0,2025-11-15,0,0,0,0.6212
I0012114,C00716,J0054,9.5,0.38,1.0,2,0.727,380,9120.0,2025-05-17,0,0,0,0.7149
I0040010,C01929,J0149,1.7,0.524,0.506,1,0.593,245,5880.0,2025-09-29,0,0,0,0.6396
I0004031,C00440,J0025,5.2,0.431,0.684,3,0.501,237,5688.0,2025-10-07,0,0,0,0.7483
I0050734,C01149,J0075,2.8,0.453,0.783,3,0.62,166,3984.0,2025-12-17,1,0,0,0.6673
I0057623,C00691,J0065,9.7,0.543,1.0,2,0.74,246,5904.0,2025-09-28,0,0,0,0.8241
I0005442,C03156,J0071,8.7,0.427,0.867,2,0.587,337,8088.0,2025-06-29,0,0,0,0.7957
I0049097,C01826,J0107,3.0,0.573,0.762,2,0.389,333,7992.0,2025-07-03,0,0,0,0.6528
I0044456,C01374,J0072,1.0,0.705,0.577,1,0.651,22,528.0,2026-05-10,1,0,0,0.6584
I0039319,C00063,J0022,4.7,0.692,0.8,1,0.577,75,1800.0,2026-03-18,0,0,0,0.7409
I0000585,C02529,J0147,7.3,0.474,0.766,2,0.622,184,4416.0,2025-11-29,0,0,0,0.752
I0039731,C01010,J0024,4.8,0.557,0.724,1,0.346,196,4704.0,2025-11-17,0,0,0,0.6535
I0009125,C01625,J0140,4.5,0.196,1.0,1,0.66,237,5688.0,1970-01-01 00:00:00,0,0,0,0.5479
I0025730,C02541,J0103,8.4,0.791,0.732,4,0.476,43,1032.0,2026-04-19,0,0,0,0.6433
I0053234,C02934,J0145,6.2,0.897,0.51,4,0.701,62,1488.0,2026-03-31,1,0,0,0.6274
I0054096,C01369,J0105,2.6,0.407,0.321,3,0.544,374,8976.0,2025-05-23,0,0,0,0.5548
I0047185,C02026,J0122,0.0,0.647,0.731,2,0.704,86,2064.0,2026-03-07,0,0,0,0.6828
I0050826,C02741,J0095,0.0,0.265,0.787,3,0.582,388,9312.0,2025-05-09,0,0,0,0.5153
I0040682,C03758,J0011,3.6,0.62,0.836,3,0.484,119,2856.0,2026-02-02,0,0,0,0.7176
I0044935,C01357,J0139,3.7,0.292,0.578,2,0.561,10,240.0,2026-05-22,0,0,0,0.5528
I0026530,C01410,J0023,,0.727,0.556,2,0.472,13,312.0,2026-05-19,0,0,0,0.4939
I0052965,C03696,J0039,2.4,0.476,0.624,1,0.53,60,1440.0,2026-04-02,0,0,0,0.6953
I0042650,C02571,J0057,,0.793,0.921,2,0.372,312,7488.0,2025-07-24,0,0,0,0.5356
I0039814,C00250,J0123,7.2,0.607,0.581,3,0.315,131,3144.0,2026-01-21,0,0,0,0.5966
I0057913,C00447,J0003,1.7,0.122,0.778,1,0.462,279,6696.0,2025-08-26,0,0,0,0.5253
I0024242,C00632,J0052,7.2,0.771,0.812,4,0.406,115,2760.0,2026-02-06,0,0,0,0.6103
I0008257,C01353,J0099,6.7,0.608,0.671,2,0.707,49,1176.0,2026-04-13,0,0,0,0.7496
I0047172,C00847,J0044,2.2,0.504,0.658,2,0.579,336,8064.0,2025-06-30,1,0,0,0.6867
I0025758,C00340,J0035,2.1,0.862,0.656,4,0.644,291,6984.0,2025-08-14,0,0,0,0.5837
I0005989,C03949,J0031,4.0,0.623,0.731,3,0.886,380,9120.0,2025-05-17,0,0,0,0.6052
I0035346,C03517,J0015,0.0,0.698,0.636,2,0.903,356,8544.0,2025-06-10,0,0,0,0.5517
I0053665,C02279,J0145,4.2,0.36,0.656,4,0.701,289,6936.0,2025-08-16,0,0,0,0.5325
I0002960,C00781,J0013,2.2,0.718,0.627,3,0.854,21,504.0,2026-05-11,0,0,0,0.635
I0048551,C03164,J0076,2.9,0.538,0.901,4,0.695,388,9312.0,2025-05-09,1,1,0,0.7093
I0026843,C00690,J0029,7.5,0.63,0.717,1,0.913,144,3456.0,2026-01-08,0,0,0,0.6464
I0002899,C02840,J0029,,0.3,0.982,1,0.913,135,3240.0,2026-01-17,0,0,0,0.4293
I0034918,C00821,J0114,3.0,0.363,0.663,4,0.554,274,6576.0,2025-08-31,0,0,0,0.6199
I0033164,C01929,J0111,1.7,0.524,0.506,1,0.646,253,6072.0,2025-09-21,0,0,0,0.6023
I0053168,C00482,J0087,4.5,0.528,0.474,3,0.578,355,8520.0,2025-06-11,0,0,0,0.6914
I0024258,C02237,J0024,2.6,0.481,0.699,1,0.346,255,6120.0,2025-09-19,0,0,0,0.6628
I0053316,C01786,J0103,6.0,0.482,1.0,4,0.476,231,5544.0,2025-10-13,0,0,0,0.8961
I0047679,C03141,J0098,7.0,0.654,0.73,1,0.723,91,2184.0,2026-03-02,0,0,0,0.7925
I0031563,C02083,J0130,6.8,0.233,0.944,1,0.81,87,2088.0,2026-03-06,0,0,0,0.4913
I0034309,C00976,J0125,5.3,0.699,0.819,1,0.475,194,4656.0,2025-11-19,0,0,0,0.6795
I0004421,C01227,J0129,3.0,0.564,0.694,1,0.574,39,936.0,2026-04-23,0,0,0,0.7562
I0012432,C00283,J0051,6.5,0.941,0.813,3,0.624,154,3696.0,2025-12-29,1,0,0,0.6326
I0046974,C02330,J0063,0.9,0.706,0.766,4,0.497,290,6960.0,2025-08-15,0,0,0,0.6007
I0019241,C02127,J0017,2.1,0.276,0.487,2,0.748,126,3024.0,2026-01-26,0,0,0,0.357
I0032962,C00550,J0030,2.3,0.377,0.744,2,1.0,339,8136.0,2025-06-27,1,0,0,0.3264
I0007556,C00446,J0116,0.9,0.449,0.681,4,0.696,59,1416.0,2026-04-03,0,0,0,0.55
I0056338,C00525,J0115,5.1,0.565,0.566,1,0.627,387,9288.0,2025-05-10,0,0,0,0.719
I0025610,C01634,J0032,5.8,0.6,0.505,2,0.954,140,3360.0,2026-01-12,0,0,0,0.5078
I0008588,C01223,J0093,4.0,0.437,0.842,3,0.757,287,6888.0,2025-08-18,0,0,0,0.5964
I0052605,C01242,J0063,8.9,0.619,0.722,4,0.497,365,8760.0,2025-06-01,0,0,0,0.785
I0050148,C02926,J0145,5.2,0.114,0.988,4,0.701,331,7944.0,2025-07-05,0,0,0,0.4696
I0051016,C02389,J0045,4.3,0.373,0.501,4,0.544,126,3024.0,2026-01-26,0,0,0,0.6103
I0008886,C03346,J0052,4.3,0.666,0.756,4,0.406,7,168.0,2026-05-25,0,0,0,0.6195
I0002658,C02807,J0148,0.6,0.632,0.752,4,0.719,329,7896.0,2025-07-07,0,0,0,0.6777
I0056935,C03644,J0015,4.4,0.537,0.676,2,0.903,105,2520.0,1970-01-01 00:00:00,0,0,0,0.5239
I0031163,C00730,J0058,2.6,0.65,0.457,1,0.519,355,8520.0,2025-06-11,0,0,0,0.5973
I0050552,C01766,J0040,3.0,0.853,1.0,1,0.393,316,7584.0,2025-07-20,0,0,0,0.5253
I0036599,C03959,J0106,1.6,0.541,0.936,3,0.884,399,9576.0,2025-04-28,0,0,0,0.5661
I0021092,C02129,J0096,5.6,0.459,0.831,3,0.799,16,384.0,2026-05-16,0,0,0,0.6062
I0002299,C02487,J0096,3.2,0.499,0.59,3,0.799,373,8952.0,2025-05-24,0,0,0,0.5259
I0006986,C00554,J0068,7.3,0.331,0.794,2,0.713,371,8904.0,2025-05-26,0,0,0,0.595
I0033890,C00274,J0122,0.0,0.684,0.839,2,0.704,127,3048.0,2026-01-25,0,0,0,0.7393
I0032414,C03462,J0142,6.1,0.468,0.873,2,0.778,38,912.0,2026-04-24,0,0,0,0.6477
I0020443,C01351,J0067,4.7,0.456,0.829,4,0.443,6,144.0,2026-05-26,0,0,0,0.821
I0039576,C00438,J0101,1.3,0.279,0.774,2,0.588,118,2832.0,2026-02-03,0,0,0,0.5393
I0052308,C03018,J0053,0.0,0.668,0.49,2,0.651,85,2040.0,1970-01-01 00:00:00,0,0,0,0.643
I0023540,C03408,J0085,0.4,0.094,0.791,1,0.66,232,5568.0,2025-10-12,0,0,0,0.3477
I0013651,C01839,J0054,,0.439,0.807,2,0.727,155,3720.0,2025-12-28,0,0,0,0.5414
I0016000,C01370,J0110,2.7,0.262,0.91,2,0.549,233,5592.0,2025-10-11,0,0,0,0.6168
I0052508,C03403,J0060,8.9,0.7,0.806,1,0.633,188,4512.0,2025-11-25,1,0,0,0.8475
I0045200,C02186,J0068,5.4,0.755,0.819,2,0.713,332,7968.0,2025-07-04,0,0,0,0.8095
I0025647,C01205,J0051,6.4,0.539,0.518,3,0.624,189,4536.0,2025-11-24,0,0,0,0.7113
I0037897,C03096,J0091,1.7,0.643,0.812,2,0.409,360,8640.0,2025-06-06,1,0,0,0.6096
I0020513,C00923,J0093,0.0,0.576,0.849,3,0.757,170,4080.0,2025-12-13,0,0,0,0.6286
I0052959,C03165,J0070,4.1,0.908,0.772,3,0.423,207,4968.0,2025-11-06,0,0,0,0.462
I0019962,C01014,J0028,4.6,0.779,0.598,3,0.898,235,5640.0,1970-01-01 00:00:00,0,0,0,0.6794
I0029589,C01947,J0122,3.2,0.531,0.765,2,0.704,87,2088.0,2026-03-06,0,0,0,0.6647
I0051897,C02981,J0103,7.0,0.878,0.806,4,0.476,74,1776.0,2026-03-19,0,0,0,0.5792
I0036164,C02692,J0057,6.7,0.818,0.749,2,0.372,142,3408.0,2026-01-10,0,0,0,0.527
I0055946,C03089,J0118,0.9,1.0,0.567,2,0.57,85,2040.0,2026-03-08,0,0,0,0.3888
I0021908,C03601,J0049,1.7,0.746,0.711,2,0.631,60,1440.0,2026-04-02,0,0,0,0.665
I0033923,C02396,J0073,7.0,0.528,0.484,2,0.624,336,8064.0,2025-06-30,0,0,0,0.7041
I0045514,C02988,J0143,4.3,0.48,0.797,1,0.714,376,9024.0,2025-05-21,0,0,0,0.6494
I0007128,C02665,J0088,0.6,0.628,0.56,2,0.856,131,3144.0,2026-01-21,1,0,0,0.5242
I0044728,C03608,J0129,6.4,0.423,0.73,1,0.574,216,5184.0,2025-10-28,0,0,0,0.7245
I0036995,C02979,J0056,0.9,0.258,0.785,3,0.397,346,8304.0,2025-06-20,0,0,0,0.6554
I0041778,C02841,J0066,2.9,0.73,0.48,2,0.752,44,1056.0,2026-04-18,0,0,0,0.6857
I0048063,C03209,J0102,0.6,0.317,0.9,2,0.438,343,8232.0,2025-06-23,0,0,0,0.6955
I0033579,C03934,J0025,3.4,0.436,0.866,3,0.501,84,2016.0,2026-03-09,0,0,0,0.7727
I0035261,C00995,J0000,,0.713,0.484,4,0.534,211,5064.0,2025-11-02,0,0,0,0.6033
I0045910,C03027,J0112,2.7,0.251,0.721,2,0.583,161,3864.0,2025-12-22,0,0,0,0.5318
I0033918,C01125,J0022,3.8,0.835,0.89,1,0.577,257,6168.0,2025-09-17,0,0,0,0.6502
I0058271,C03630,J0063,0.1,0.434,0.555,4,0.497,214,5136.0,2025-10-30,0,0,0,0.6306
I0020920,C00812,J0054,,0.3,0.469,2,0.727,248,5952.0,2025-09-26,0,0,0,0.3481
I0049595,C03574,J0096,4.4,0.674,1.0,3,0.799,51,1224.0,2026-04-11,0,0,0,0.7851
I0048263,C01815,J0044,13.5,0.762,0.714,2,0.579,19,456.0,2026-05-13,0,0,0,0.8176
I0034045,C03359,J0078,5.8,0.277,0.813,2,0.5,330,7920.0,2025-07-06,0,0,0,0.687
I0032077,C01400,J0045,8.1,0.517,0.876,4,0.544,214,5136.0,2025-10-30,1,0,0,0.8819
I0020780,C01046,J0000,7.4,0.702,0.63,4,0.534,138,3312.0,2026-01-14,0,0,0,0.7013
I0050390,C01318,J0134,4.1,0.357,0.474,2,0.353,17,408.0,2026-05-15,0,0,0,0.717
I0004704,C03523,J0002,8.1,0.667,0.802,3,0.479,256,6144.0,2025-09-18,0,0,0,0.7475
I0006329,C03438,J0009,7.9,0.419,0.617,3,0.437,394,9456.0,2025-05-03,0,0,0,0.8118
I0039985,C03788,J0132,2.2,0.734,0.705,3,0.612,367,8808.0,2025-05-30,0,0,0,0.6669
I0040932,C03110,J0100,1.6,0.827,0.966,1,0.169,110,2640.0,2026-02-11,0,0,0,0.3525
I0027026,C00605,J0101,1.8,0.477,0.534,2,0.588,296,7104.0,2025-08-09,0,0,0,0.6196
I0039240,C02890,J0139,0.0,0.393,0.644,2,0.561,322,7728.0,2025-07-14,0,0,0,0.58
I0023044,C03776,J0037,1.8,0.221,0.631,2,0.622,70,1680.0,2026-03-23,0,0,0,0.4425
I0032489,C03178,J0091,1.9,0.47,0.841,2,0.409,70,1680.0,2026-03-23,0,0,0,0.7431
I0018843,C01614,J0100,1.6,0.693,0.746,1,0.169,169,4056.0,2025-12-14,0,0,0,0.3849
I0033730,C01572,J0116,6.0,0.547,0.721,4,0.696,335,8040.0,2025-07-01,1,1,0,0.7166
I0024943,C03412,J0047,0.0,0.24,0.694,2,0.575,167,4008.0,2025-12-16,0,0,0,0.4764
I0027333,C00076,J0021,1.6,0.672,0.69,2,0.438,119,2856.0,2026-02-02,0,0,0,0.5735
I0033940,C01251,J0005,0.0,0.856,0.937,1,0.566,367,8808.0,2025-05-30,0,0,0,0.5766
I0030170,C01598,J0093,2.5,0.543,0.643,3,0.757,3,72.0,2026-05-29,0,0,0,0.5896
I0051992,C01897,J0021,2.9,0.306,0.709,2,0.438,384,9216.0,2025-05-13,1,0,0,0.6728
I0036248,C00023,J0060,6.3,0.272,0.647,1,0.633,227,5448.0,2025-10-17,0,0,0,0.5514
I0057656,C01017,J0060,7.4,0.738,0.68,1,0.633,233,5592.0,2025-10-11,0,0,0,0.7598
I0018692,C00828,J0056,1.7,0.758,1.0,3,0.397,232,5568.0,2025-10-12,0,0,0,0.5731
I0009728,C03101,J0076,3.5,0.663,0.631,4,0.695,253,6072.0,2025-09-21,0,0,0,0.7314
I0045323,C00122,J0140,0.3,0.705,0.885,1,0.66,51,1224.0,2026-04-11,1,0,0,0.7397
I0041564,C03425,J0124,9.9,0.608,0.542,4,0.309,63,1512.0,2026-03-30,0,0,0,0.6264
I0000274,C03475,J0025,2.7,0.69,0.741,3,0.501,97,2328.0,2026-02-24,0,0,0,0.6382
I0024708,C03164,J0141,2.9,0.538,0.901,3,0.672,18,432.0,2026-05-14,0,0,0,0.7255
I0058112,C02080,J0084,4.5,0.745,0.595,4,0.431,87,2088.0,2026-03-06,0,0,0,0.5394
I0040102,C02847,J0071,5.5,0.484,0.561,2,0.587,17,408.0,2026-05-15,1,0,0,0.6955
I0001731,C01647,J0038,4.5,0.718,0.685,4,0.713,224,5376.0,1970-01-01 00:00:00,0,0,0,0.7826
I0026458,C03595,J0103,3.8,0.436,0.891,4,0.476,322,7728.0,2025-07-14,0,0,0,0.8042
I0029347,C01592,J0119,2.5,0.196,0.698,1,0.541,354,8496.0,2025-06-12,0,0,0,0.5128
I0017819,C02117,J0124,5.5,0.492,0.649,4,0.309,350,8400.0,2025-06-16,0,0,0,0.6639
I0050660,C03861,J0040,3.8,0.582,0.808,1,0.393,111,2664.0,2026-02-10,0,0,0,0.6757
I0024292,C01628,J0112,1.3,0.577,0.864,2,0.583,188,4512.0,2025-11-25,0,0,0,0.7782
I0027754,C01933,J0078,3.2,0.55,0.778,2,0.5,346,8304.0,2025-06-20,0,0,0,0.7551
I0012051,C03917,J0016,4.0,0.357,0.777,4,0.643,348,8352.0,2025-06-18,0,0,0,0.602
I0026185,C00239,J0010,10.0,0.551,0.41,4,0.566,240,5760.0,2025-10-04,0,0,0,0.7911
I0046834,C01542,J0016,3.4,0.692,1.0,4,0.643,118,2832.0,2026-02-03,1,0,0,0.8218
I0053069,C00830,J0112,6.4,0.489,1.0,2,0.583,329,7896.0,2025-07-07,0,0,0,0.8408
I0036765,C02832,J0103,0.0,0.555,0.799,4,0.476,125,3000.0,2026-01-27,0,0,0,0.6865
I0028417,C01423,J0032,5.2,0.437,0.91,2,0.954,389,9336.0,2025-05-08,0,0,0,0.497
I0018813,C01208,J0101,6.4,0.336,0.903,2,0.588,101,2424.0,2026-02-20,1,0,0,0.7021
I0024720,C02644,J0061,3.2,0.655,0.765,1,0.484,254,6096.0,2025-09-20,0,0,0,0.6661
I0032240,C01828,J0051,5.4,1.0,0.563,3,0.624,192,4608.0,2025-11-21,0,0,0,0.5019
I0046992,C00566,J0098,2.0,0.641,0.794,1,0.723,234,5616.0,2025-10-10,0,0,0,0.7168
I0027390,C01219,J0123,8.1,0.593,0.695,3,0.315,182,4368.0,2025-12-01,0,0,0,0.6539
I0038298,C01965,J0120,4.1,0.502,0.827,2,0.522,133,3192.0,2026-01-19,0,0,0,0.8053
I0040376,C03266,J0098,8.6,0.303,0.875,1,0.723,292,7008.0,2025-08-13,0,0,0,0.613
I0015000,C01474,J0044,2.0,0.655,0.807,2,0.579,279,6696.0,2025-08-26,0,0,0,0.7247
I0030243,C02039,J0144,1.3,0.523,0.535,2,0.591,351,8424.0,2025-06-15,0,0,0,0.6418
I0027487,C03347,J0077,3.1,0.679,0.782,4,0.837,227,5448.0,2025-10-17,0,0,0,0.6784
I0010453,C03454,J0045,2.6,0.384,0.73,4,0.544,304,7296.0,2025-08-01,0,0,0,0.6539
I0016372,C01401,J0061,6.1,0.339,0.872,1,0.484,101,2424.0,2026-02-20,0,0,0,0.7637
I0040356,C03873,J0133,3.4,0.271,0.827,4,0.772,133,3192.0,2026-01-19,0,0,0,0.4544
I0005394,C01603,J0144,4.0,0.389,0.679,2,0.591,90,2160.0,2026-03-03,0,0,0,0.6336
I0052673,C01890,J0036,1.7,0.716,1.0,4,0.6,308,7392.0,2025-07-28,0,0,0,0.7458
I0002746,C02788,J0037,3.1,0.706,0.941,2,0.622,11,264.0,2026-05-21,1,1,0,0.7754
I0002494,C03423,J0020,11.5,0.279,0.791,4,0.849,59,1416.0,2026-04-03,0,0,0,0.5326
I0027130,C02844,J0119,1.6,0.587,0.683,1,0.541,174,4176.0,2025-12-09,0,0,0,0.7041
I0007217,C00510,J0015,5.1,0.805,0.744,2,0.903,258,6192.0,2025-09-16,0,0,0,0.7438
I0001319,C02573,J0060,2.0,0.661,0.661,1,0.633,155,3720.0,2025-12-28,0,0,0,0.7173
I0058179,C01552,J0063,,0.681,0.971,4,0.497,81,1944.0,2026-03-12,0,0,0,0.7574
I0057106,C03068,J0010,5.7,0.84,0.794,4,0.566,117,2808.0,2026-02-04,0,0,0,0.644
I0024864,C01101,J0074,4.9,0.263,0.616,1,0.343,192,4608.0,2025-11-21,0,0,0,0.717
I0004573,C03998,J0093,5.7,0.533,0.972,3,0.757,65,1560.0,2026-03-28,1,0,0,0.7295
I0053549,C02392,J0010,,0.732,0.616,4,0.566,77,1848.0,2026-03-16,1,1,1,0.7207
I0009842,C03943,J0081,7.7,0.464,0.566,2,0.644,183,4392.0,2025-11-30,0,0,0,0.6798
I0054971,C00928,J0084,0.0,0.627,0.669,4,0.431,94,2256.0,2026-02-27,1,0,0,0.5673
I0008797,C02842,J0045,6.1,0.532,0.781,4,0.544,270,6480.0,2025-09-04,0,0,0,0.8318
I0053443,C00324,J0036,1.1,0.65,0.914,4,0.6,310,7440.0,2025-07-26,0,0,0,0.7579
I0037187,C01123,J0116,6.5,1.0,0.688,4,0.696,357,8568.0,2025-06-09,0,0,0,0.6065
I0039648,C01846,J0138,1.4,0.354,0.93,2,0.343,25,600.0,2026-05-07,0,0,0,0.795
I0021749,C03734,J0058,0.0,0.435,0.552,1,0.519,159,3816.0,2025-12-24,0,0,0,0.6133
I0018078,C03215,J0052,,0.455,0.96,4,0.406,101,2424.0,2026-02-20,0,0,0,0.8393
I0022589,C03205,J0136,4.6,0.428,0.518,2,0.621,275,6600.0,2025-08-30,0,0,0,0.6047
I0006623,C02907,J0098,4.1,0.389,0.67,1,0.723,230,5520.0,2025-10-14,0,0,0,0.5397
I0013022,C01103,J0130,0.2,0.394,0.795,1,0.81,134,3216.0,2026-01-18,0,0,0,0.4511
I0019015,C02267,J0132,4.7,0.179,0.755,3,0.612,292,7008.0,2025-08-13,0,0,0,0.504
I0045387,C02369,J0018,8.9,0.452,0.792,4,0.73,239,5736.0,2025-10-05,0,0,0,0.6948
I0051790,C00827,J0118,4.0,0.426,0.516,2,0.57,41,984.0,2026-04-21,0,0,0,0.6285
I0057437,C02024,J0037,3.3,0.548,0.899,2,0.622,55,1320.0,2026-04-07,0,0,0,0.774
I0044618,C03174,J0088,3.6,0.515,0.881,2,0.856,206,4944.0,2025-11-07,0,0,0,0.5858
I0048607,C03680,J0006,0.4,0.878,0.634,3,0.665,143,3432.0,1970-01-01 00:00:00,0,0,0,0.5522
I0019474,C03879,J0030,5.8,0.893,0.685,2,1.0,307,7368.0,2025-07-29,1,1,0,0.7327
I0019291,C00052,J0126,7.9,0.161,0.661,2,0.635,42,1008.0,2026-04-20,0,0,0,0.5027
I0008891,C03667,J0000,3.4,0.641,1.0,4,0.534,206,4944.0,2025-11-07,0,0,0,0.7809
I0042792,C03099,J0071,0.0,0.509,0.821,2,0.587,390,9360.0,2025-05-07,0,0,0,0.6934
I0025516,C03263,J0065,3.8,0.487,0.607,2,0.74,391,9384.0,2025-05-06,0,0,0,0.5739
I0008235,C03051,J0121,3.4,0.614,0.664,3,0.82,365,8760.0,2025-06-01,1,0,0,0.6164
I0036264,C03176,J0054,6.6,0.656,0.886,2,0.727,101,2424.0,2026-02-20,1,1,0,0.8283
I0012711,C03517,J0009,0.0,0.698,0.636,3,0.437,8,192.0,2026-05-24,0,0,0,0.5122
I0032379,C02622,J0123,3.1,0.824,0.884,3,0.315,349,8376.0,2025-06-17,0,0,0,0.4597
I0045684,C02588,J0093,3.9,0.535,0.686,3,0.757,67,1608.0,2026-03-26,1,0,0,0.6198
I0033088,C01012,J0063,3.0,0.713,0.651,4,0.497,193,4632.0,2025-11-20,0,0,0,0.5989
I0044003,C02392,J0033,8.7,0.732,0.616,1,0.649,391,9384.0,2025-05-06,0,0,0,0.7792
I0049655,C00847,J0124,2.2,0.504,0.658,4,0.309,277,6648.0,2025-08-28,0,0,0,0.6021
I0031091,C03634,J0142,2.8,0.864,0.878,2,0.778,307,7368.0,2025-07-29,0,0,0,0.7512
I0036829,C01166,J0088,7.7,0.485,0.661,2,0.856,242,5808.0,2025-10-02,0,0,0,0.572
I0045318,C02148,J0059,2.4,0.434,0.996,2,0.808,197,4728.0,2025-11-16,0,0,0,0.5747
I0007340,C01251,J0049,0.0,0.856,0.937,2,0.631,5,120.0,2026-05-27,0,0,0,0.6224
I0035203,C00693,J0125,4.1,0.765,0.534,1,0.475,142,3408.0,2026-01-10,0,0,0,0.5324
I0020376,C02541,J0080,8.4,0.791,0.732,1,0.569,105,2520.0,2026-02-16,0,0,0,0.7089
I0025974,C02759,J0086,6.4,0.51,0.799,3,0.489,189,4536.0,2025-11-24,0,0,0,0.8356
I0051014,C02782,J0046,3.3,0.85,0.567,3,0.767,276,6624.0,2025-08-29,0,0,0,0.674
I0039253,C00924,J0097,,0.367,0.638,1,0.65,318,7632.0,2025-07-18,0,0,0,0.5091
I0056801,C01004,J0068,5.1,0.344,0.855,2,0.713,363,8712.0,2025-06-03,0,0,0,0.5841
I0043189,C01409,J0011,8.0,0.486,0.735,3,0.484,24,576.0,2026-05-08,1,0,0,0.858
I0043343,C00722,J0123,0.0,0.636,0.84,3,0.315,23,552.0,2026-05-09,0,0,0,0.5274
I0009538,C00274,J0071,0.0,0.684,0.839,2,0.587,374,8976.0,2025-05-23,0,0,0,0.685
I0010941,C01771,J0049,6.5,0.874,0.725,2,0.631,90,2160.0,2026-03-03,0,0,0,0.6599
I0051956,C00554,J0143,7.3,0.331,0.794,1,0.714,136,3264.0,2026-01-16,0,0,0,0.5942
I0021417,C03371,J0135,7.5,0.867,0.71,3,0.587,242,5808.0,2025-10-02,0,0,0,0.6466
I0015393,C00645,J0020,5.1,0.789,1.0,4,0.849,206,4944.0,1970-01-01 00:00:00,0,0,0,0.8428
I0027650,C03173,J0107,7.1,0.749,0.421,2,0.389,41,984.0,2026-04-21,0,0,0,0.5019
I0038251,C00119,J0017,5.9,0.783,1.0,2,0.748,4,96.0,2026-05-28,0,0,0,0.874
I0019908,C02946,J0047,2.7,0.34,0.749,2,0.575,325,7800.0,2025-07-11,0,0,0,0.6081
I0016840,C00127,J0079,4.5,0.275,0.988,2,0.518,171,4104.0,2025-12-12,0,0,0,0.7003
I0036414,C03671,J0099,3.9,0.599,0.865,2,0.707,141,3384.0,2026-01-11,0,0,0,0.7506
I0011451,C02116,J0088,0.0,0.85,0.9,2,0.856,268,6432.0,2025-09-06,0,0,0,0.7664
I0011203,C03552,J0046,5.1,0.355,0.656,3,0.767,382,9168.0,2025-05-15,0,0,0,0.4977
I0005866,C00500,J0081,3.8,0.802,0.646,2,0.644,189,4536.0,2025-11-24,0,0,0,0.6519
I0043639,C03548,J0033,8.4,0.475,0.814,1,0.649,205,4920.0,2025-11-08,0,0,0,0.7658
I0025841,C02737,J0063,4.1,0.876,0.801,4,0.497,245,5880.0,2025-09-29,0,0,0,0.5449
I0044613,C03174,J0039,3.6,0.515,0.881,1,0.53,284,6816.0,2025-08-21,0,0,0,0.8156
I0000167,C01638,J0108,9.1,0.805,0.804,4,0.437,165,3960.0,2025-12-18,0,0,0,0.6381
I0013378,C02396,J0074,7.0,0.528,0.484,1,0.343,25,600.0,2026-05-07,0,0,0,0.6413
I0014880,C01279,J0023,4.0,0.475,0.85,2,0.472,356,8544.0,2025-06-10,0,0,0,0.8221
I0036507,C00757,J0046,6.7,0.079,1.0,3,0.767,261,6264.0,2025-09-13,0,0,0,0.4272
I0015124,C01050,J0148,5.8,0.564,0.728,4,0.719,7,168.0,2026-05-25,0,0,0,0.711
I0018067,C02450,J0095,7.4,0.806,0.864,3,0.582,17,408.0,2026-05-15,0,0,0,0.7278
I0014467,C01574,J0078,4.0,0.591,0.798,2,0.5,96,2304.0,2026-02-25,0,0,0,0.7454
I0000176,C01292,J0047,4.8,0.651,0.518,2,0.575,25,600.0,2026-05-07,0,0,0,0.6905
I0045157,C00437,J0032,5.1,0.789,0.886,2,0.954,230,5520.0,2025-10-14,0,0,0,0.7366
I0011489,C01694,J0097,,0.767,0.832,1,0.65,126,3024.0,2026-01-26,1,1,0,0.7688
I0025903,C02911,J0056,2.2,0.52,0.665,3,0.397,232,5568.0,2025-10-12,1,0,0,0.6549
I0042143,C01168,J0076,5.2,0.385,0.593,4,0.695,372,8928.0,2025-05-25,0,0,0,0.5535
I0036054,C01244,J0006,4.1,0.383,0.64,3,0.665,24,576.0,2026-05-08,0,0,0,0.5679
I0020949,C00557,J0045,5.6,0.721,0.736,4,0.544,289,6936.0,2025-08-16,0,0,0,0.6943
I0005683,C02219,J0032,5.5,0.737,0.832,2,0.954,260,6240.0,2025-09-14,0,0,0,0.6915
I0011141,C03654,J0004,1.6,0.552,0.728,2,0.655,292,7008.0,2025-08-13,1,1,0,0.6766
I0020285,C01639,J0106,7.0,0.271,0.689,3,0.884,212,5088.0,2025-11-01,0,0,0,0.3974
I0005687,C03238,J0098,8.8,0.324,0.734,1,0.723,317,7608.0,2025-07-19,0,0,0,0.5914
I0058759,C02889,J0041,5.2,0.414,0.761,4,0.655,166,3984.0,2025-12-17,0,0,0,0.6495
I0037398,C03340,J0095,6.7,0.613,0.966,3,0.582,323,7752.0,2025-07-13,0,0,0,0.8807
I0031421,C00593,J0100,7.3,0.642,0.759,1,0.169,341,8184.0,2025-06-25,0,0,0,0.5209
I0003211,C02996,J0111,1.5,0.742,0.61,1,0.646,375,9000.0,2025-05-22,1,0,0,0.6466
I0041322,C01011,J0125,6.9,0.381,0.626,1,0.475,279,6696.0,2025-08-26,0,0,0,0.7438
I0055975,C00294,J0104,5.6,0.699,1.0,1,0.821,88,2112.0,2026-03-05,0,0,0,0.8076
I0040454,C00810,J0059,4.9,0.881,0.9,2,0.808,191,4584.0,2025-11-22,0,0,0,0.8021
I0052964,C03044,J0099,6.9,0.835,0.696,2,0.707,228,5472.0,2025-10-16,0,0,0,0.7396
I0002578,C01791,J0122,0.0,0.944,0.606,2,0.704,347,8328.0,2025-06-19,0,0,0,0.5185
I0029804,C00455,J0035,2.2,0.497,0.847,4,0.644,51,1224.0,2026-04-11,0,0,0,0.6893
I0008249,C02160,J0029,0.5,0.631,0.494,1,0.913,176,4224.0,2025-12-07,0,0,0,0.4658
I0050333,C01373,J0038,5.1,0.33,0.535,4,0.713,321,7704.0,2025-07-15,0,0,0,0.484
I0012848,C02986,J0068,3.7,0.602,0.53,2,0.713,6,144.0,2026-05-26,0,0,0,0.6506
I0018152,C02380,J0096,4.2,0.538,0.572,3,0.799,101,2424.0,2026-02-20,0,0,0,0.5652
I0000262,C00552,J0014,5.1,0.493,0.696,1,0.37,213,5112.0,2025-10-31,0,0,0,0.7127
I0000040,C00807,J0019,8.9,0.847,0.621,1,0.693,242,5808.0,2025-10-02,0,0,0,0.734
I0019387,C02706,J0084,9.1,0.701,0.84,4,0.431,388,9312.0,2025-05-09,0,0,0,0.7173
I0041891,C02107,J0058,1.1,0.459,0.894,1,0.519,299,7176.0,2025-08-06,0,0,0,0.7452
I0058394,C00757,J0096,6.7,0.079,1.0,3,0.799,203,4872.0,2025-11-10,0,0,0,0.4046
I0048731,C02004,J0013,5.7,0.65,0.758,3,0.854,19,456.0,2026-05-13,0,0,0,0.6832
I0013293,C02360,J0054,3.8,0.478,0.838,2,0.727,368,8832.0,2025-05-29,0,0,0,0.6419
I0051876,C00920,J0064,,0.244,0.997,1,0.487,312,7488.0,2025-07-24,0,0,0,0.7603
I0038584,C03691,J0079,6.8,0.589,0.7,2,0.518,92,2208.0,2026-03-01,0,0,0,0.7792
I0034432,C02453,J0067,9.5,0.44,0.641,4,0.443,358,8592.0,2025-06-08,0,0,0,0.8562
I0044514,C01482,J0126,8.8,0.538,0.727,2,0.635,187,4488.0,2025-11-26,0,0,0,0.8023
I0040951,C02632,J0064,0.0,0.649,0.834,1,0.487,295,7080.0,2025-08-10,0,0,0,0.6378
I0040759,C02507,J0036,1.0,0.27,0.919,4,0.6,171,4104.0,2025-12-12,0,0,0,0.5603
I0017155,C02339,J0070,2.5,0.584,0.814,3,0.423,205,4920.0,2025-11-08,0,0,0,0.6752
I0042325,C01007,J0003,4.3,0.568,0.395,1,0.462,240,5760.0,2025-10-04,0,0,0,0.6263
I0042658,C03263,J0005,3.8,0.487,0.607,1,0.566,376,9024.0,2025-05-21,1,0,0,0.6966
I0026479,C01912,J0045,,0.512,0.952,4,0.544,373,8952.0,2025-05-24,0,0,0,0.8118
I0035263,C03525,J0133,6.3,0.83,0.799,4,0.772,166,3984.0,2025-12-17,0,0,0,0.8078
I0001791,C01967,J0139,7.3,0.241,0.657,2,0.561,155,3720.0,2025-12-28,0,0,0,0.6
I0043033,C00428,J0075,4.5,0.833,0.787,3,0.62,336,8064.0,2025-06-30,0,0,0,0.6647
I0050632,C01918,J0099,6.9,0.331,0.621,2,0.707,309,7416.0,2025-07-27,0,0,0,0.5436
I0043166,C03948,J0076,4.5,0.797,0.85,4,0.695,224,5376.0,2025-10-20,0,0,0,0.7608
I0012136,C02009,J0115,4.4,0.652,0.984,1,0.627,153,3672.0,2025-12-30,0,0,0,0.8511
I0055633,C01444,J0122,7.0,0.523,0.578,2,0.704,314,7536.0,2025-07-22,0,0,0,0.6707
I0012203,C02819,J0033,3.4,0.576,0.96,1,0.649,79,1896.0,2026-03-14,1,1,0,0.7936
I0015521,C00771,J0067,0.7,0.644,0.713,4,0.443,112,2688.0,2026-02-09,0,0,0,0.588
I0017436,C01189,J0101,10.9,0.815,0.578,2,0.588,388,9312.0,2025-05-09,0,0,0,0.7042
I0025779,C02517,J0136,8.5,0.396,0.43,2,0.621,332,7968.0,2025-07-04,1,0,0,0.6233
I0029651,C02536,J0068,4.1,0.442,0.825,2,0.713,316,7584.0,2025-07-20,0,0,0,0.6278
I0052787,C02504,J0084,1.0,0.746,0.875,4,0.431,209,5016.0,2025-11-04,0,0,0,0.5584
I0016671,C02036,J0027,7.7,0.657,0.555,1,0.574,29,696.0,2026-05-03,0,0,0,0.7451
I0038488,C03126,J0117,2.6,0.452,0.93,1,0.842,344,8256.0,2025-06-22,0,0,0,0.5481
I0052631,C02598,J0052,2.3,0.637,0.82,4,0.406,285,6840.0,2025-08-20,0,0,0,0.6241
I0044124,C01643,J0034,3.5,0.829,1.0,1,0.634,327,7848.0,2025-07-09,0,0,0,0.7206
I0012528,C01540,J0041,7.9,0.435,0.788,4,0.655,271,6504.0,2025-09-03,0,0,0,0.7176
I0022389,C01870,J0046,7.9,0.272,0.646,3,0.767,143,3432.0,2026-01-09,0,0,0,0.4837
I0002742,C03977,J0043,0.0,0.817,0.779,3,0.512,240,5760.0,2025-10-04,0,0,0,0.5215
I0016554,C00175,J0041,2.9,0.361,0.562,4,0.655,397,9528.0,2025-04-30,0,0,0,0.5171
I0010324,C01781,J0072,,0.837,0.638,1,0.651,147,3528.0,2026-01-05,0,0,0,0.5876
I0059659,C00478,J0027,3.1,0.637,0.928,1,0.574,295,7080.0,2025-08-10,0,0,0,0.7866
I0037761,C03304,J0079,4.5,1.0,0.656,2,0.518,295,7080.0,2025-08-10,0,0,0,0.4382
I0019719,C02759,J0070,6.4,0.51,0.799,3,0.423,298,7152.0,2025-08-07,1,0,0,0.7891
I0050982,C01455,J0073,3.0,0.467,0.776,2,0.624,237,5688.0,2025-10-07,0,0,0,0.6757
I0017224,C00866,J0135,3.3,0.264,0.674,3,0.587,60,1440.0,2026-04-02,0,0,0,0.535
I0000007,C00338,J0092,4.6,0.645,0.686,4,0.623,230,5520.0,2025-10-14,1,0,0,0.7726
I0022527,C01966,J0033,0.2,0.765,0.759,1,0.649,346,8304.0,2025-06-20,0,0,0,0.6525
I0059677,C01132,J0056,4.0,0.712,1.0,3,0.397,145,3480.0,2026-01-07,0,0,0,0.6444
I0011069,C00876,J0039,4.2,0.535,0.509,1,0.53,150,3600.0,2026-01-02,0,0,0,0.7279
I0044157,C02317,J0098,3.1,0.687,1.0,1,0.723,138,3312.0,2026-01-14,0,0,0,0.8259
I0024898,C01526,J0075,1.2,0.739,0.811,3,0.62,359,8616.0,2025-06-07,0,0,0,0.6819
I0006528,C02208,J0029,0.1,0.765,0.667,1,0.913,215,5160.0,2025-10-29,0,0,0,0.6023
I0020395,C00073,J0048,3.2,0.643,0.978,2,0.774,156,3744.0,1970-01-01 00:00:00,0,0,0,0.7544
I0018701,C01366,J0009,2.0,0.537,0.926,3,0.437,173,4152.0,2025-12-10,0,0,0,0.7413
I0030372,C00076,J0072,1.6,0.672,0.69,1,0.651,199,4776.0,2025-11-14,0,0,0,0.7237
I0027063,C02334,J0143,2.5,0.576,0.719,1,0.714,89,2136.0,2026-03-04,0,0,0,0.6646
I0028297,C00465,J0058,9.3,0.877,0.656,1,0.519,132,3168.0,2026-01-20,0,0,0,0.6068
I0043153,C00719,J0081,,0.363,0.95,2,0.644,69,1656.0,2026-03-24,0,0,0,0.6949
I0059073,C00721,J0064,0.9,0.88,0.64,1,0.487,223,5352.0,2025-10-21,0,0,0,0.4355
I0010713,C01811,J0140,5.4,0.61,0.623,1,0.66,120,2880.0,2026-02-01,0,0,0,0.7486
I0034086,C00797,J0124,5.7,0.505,0.994,4,0.309,227,5448.0,2025-10-17,0,0,0,0.7554
I0030088,C03444,J0133,0.0,0.41,0.706,4,0.772,268,6432.0,2025-09-06,0,0,0,0.4607
I0030852,C03306,J0061,1.1,0.391,0.663,1,0.484,15,360.0,2026-05-17,0,0,0,0.6568
I0058164,C00442,J0094,3.4,0.648,0.572,2,0.625,54,1296.0,2026-04-08,0,0,0,0.7194
I0054285,C01984,J0095,10.0,0.475,0.844,3,0.582,292,7008.0,2025-08-13,0,0,0,0.8486
I0053817,C00089,J0007,,0.336,0.876,3,0.673,80,1920.0,2026-03-13,0,0,0,0.5821
I0014998,C03816,J0129,3.0,0.607,0.672,1,0.574,96,2304.0,2026-02-25,1,0,0,0.7338
I0051232,C03201,J0140,5.7,0.852,0.932,1,0.66,121,2904.0,2026-01-31,1,0,0,0.7407
I0030882,C00977,J0045,3.0,0.959,0.621,4,0.544,350,8400.0,2025-06-16,0,0,0,0.4502
I0021114,C00587,J0093,0.0,0.551,0.774,3,0.757,383,9192.0,2025-05-14,0,0,0,0.5899
I0052286,C01373,J0065,5.1,0.33,0.535,2,0.74,326,7824.0,2025-07-10,0,0,0,0.465
I0055781,C01386,J0011,4.3,0.376,1.0,3,0.484,366,8784.0,2025-05-31,0,0,0,0.7954
I0030378,C00455,J0045,2.2,0.497,0.847,4,0.544,140,3360.0,2026-01-12,0,0,0,0.7598
I0000212,C02723,J0036,2.9,0.308,0.821,4,0.6,244,5856.0,2025-09-30,0,0,0,0.5916
I0053092,C00925,J0075,1.6,0.886,0.854,3,0.62,186,4464.0,2025-11-27,0,0,0,0.5972
I0053779,C01330,J0003,1.8,0.567,0.984,1,0.462,228,5472.0,2025-10-16,1,1,0,0.7507
I0033664,C00300,J0046,7.4,0.417,0.625,3,0.767,99,2376.0,2026-02-22,0,0,0,0.5715
I0058024,C00554,J0075,7.3,0.331,0.794,3,0.62,347,8328.0,2025-06-19,0,0,0,0.6605
I0035749,C01999,J0102,1.4,0.847,0.675,2,0.438,283,6792.0,2025-08-22,0,0,0,0.4425
I0016697,C01318,J0009,4.1,0.357,0.474,3,0.437,170,4080.0,2025-12-13,0,0,0,0.6635
I0029056,C02278,J0022,4.7,0.777,0.872,1,0.577,137,3288.0,2026-01-15,0,0,0,0.7013
I0032414,C03462,J0142,6.1,0.468,0.873,2,0.778,38,912.0,2026-04-24,0,0,0,0.6477
I0018349,C01558,J0131,6.4,0.563,0.663,2,0.716,299,7176.0,2025-08-06,0,0,0,0.7042
I0013141,C03309,J0018,,0.954,0.694,4,0.73,4,96.0,2026-05-28,0,0,0,0.6037
I0022425,C02447,J0069,3.4,0.555,0.923,2,0.698,225,5400.0,2025-10-19,0,0,0,0.7338
I0027817,C03919,J0046,3.4,0.499,0.76,3,0.767,376,9024.0,2025-05-21,0,0,0,0.5997
I0001640,C02934,J0120,6.2,0.897,0.51,2,0.522,105,2520.0,2026-02-16,0,0,0,0.5012
I0018172,C01889,J0075,,0.604,1.0,3,0.62,171,4104.0,1970-01-01 00:00:00,0,0,0,0.8654
I0031112,C02014,J0123,12.1,0.412,0.804,3,0.315,144,3456.0,2026-01-08,0,0,0,0.8799
I0003867,C02857,J0019,2.1,0.503,0.621,1,0.693,13,312.0,2026-05-19,0,0,0,0.5935
I0047060,C01915,J0081,3.4,0.618,0.973,2,0.644,8,192.0,2026-05-24,0,0,0,0.8304
I0030959,C01229,J0077,5.4,0.579,0.822,4,0.837,386,9264.0,2025-05-11,0,0,0,0.6581
I0058808,C01073,J0000,4.6,0.639,0.698,4,0.534,56,1344.0,2026-04-06,0,0,0,0.7175
I0049307,C01343,J0099,8.3,0.487,0.579,2,0.707,74,1776.0,2026-03-19,0,0,0,0.6654
I0056064,C00641,J0089,1.5,0.965,0.666,3,0.39,315,7560.0,2025-07-21,0,0,0,0.3247
I0025697,C02569,J0056,0.0,0.932,0.701,3,0.397,46,1104.0,2026-04-16,0,0,0,0.3374
I0052766,C00781,J0094,2.2,0.718,0.627,2,0.625,18,432.0,2026-05-14,0,0,0,0.6653
I0041281,C01470,J0079,3.2,0.996,0.651,2,0.518,9,216.0,2026-05-23,0,0,0,0.4176
I0013139,C01240,J0018,4.0,0.616,0.658,4,0.73,92,2208.0,2026-03-01,0,0,0,0.6897
I0051950,C02921,J0004,0.0,0.483,0.558,2,0.655,147,3528.0,2026-01-05,0,0,0,0.5529
I0037452,C01782,J0033,9.4,0.716,0.741,1,0.649,198,4752.0,2025-11-15,0,0,0,0.8376
I0047699,C00223,J0029,1.7,0.558,0.685,1,0.913,196,4704.0,2025-11-17,0,0,0,0.4885
I0034526,C00406,J0066,3.9,0.479,0.627,2,0.752,222,5328.0,2025-10-22,0,0,0,0.5672
I0021377,C00537,J0060,0.8,0.753,0.558,1,0.633,161,3864.0,2025-12-22,0,0,0,0.6031
I0059645,C00598,J0131,6.2,0.542,0.677,2,0.716,232,5568.0,2025-10-12,0,0,0,0.69
I0016231,C03429,J0013,0.9,0.84,0.697,3,0.854,202,4848.0,2025-11-11,1,0,0,0.7187
I0035496,C01937,J0050,6.2,0.749,0.89,3,0.587,25,600.0,2026-05-07,0,0,0,0.7585
I0028028,C00062,J0082,0.0,0.615,0.785,1,0.615,117,2808.0,2026-02-04,1,1,0,0.7382
I0017683,C02083,J0094,6.8,0.233,0.944,2,0.625,144,3456.0,2026-01-08,0,0,0,0.6217
I0021499,C01753,J0115,4.7,0.626,0.917,1,0.627,278,6672.0,2025-08-27,0,0,0,0.8542
I0057474,C03954,J0010,0.9,0.632,0.934,4,0.566,233,5592.0,2025-10-11,0,0,0,0.7489
I0035304,C03915,J0089,8.8,0.869,0.94,3,0.39,332,7968.0,2025-07-04,0,0,0,0.5931
I0035077,C00169,J0030,2.6,0.883,0.778,2,1.0,191,4584.0,2025-11-22,0,0,0,0.6977
I0003393,C03314,J0019,5.7,0.343,0.714,1,0.693,154,3696.0,2025-12-29,0,0,0,0.5679
I0057254,C00712,J0042,0.7,0.808,0.838,3,0.496,114,2736.0,2026-02-07,0,0,0,0.545
I0006247,C00685,J0010,3.1,0.559,0.587,4,0.566,28,672.0,2026-05-04,0,0,0,0.7299
I0033003,C00444,J0080,4.3,0.768,0.559,1,0.569,276,6624.0,2025-08-29,0,0,0,0.6069
I0013413,C03128,J0115,5.7,0.603,0.855,1,0.627,22,528.0,2026-05-10,1,0,0,0.8374
I0008675,C02874,J0116,0.5,0.886,0.649,4,0.696,357,8568.0,2025-06-09,0,0,0,0.5744
I0026294,C03455,J0105,7.7,0.619,0.925,3,0.544,173,4152.0,2025-12-10,1,0,0,0.8551
I0040236,C02671,J0069,5.5,0.623,0.687,2,0.698,95,2280.0,2026-02-26,1,0,0,0.7507
I0044169,C01054,J0047,4.8,0.583,0.796,2,0.575,308,7392.0,2025-07-28,1,0,0,0.8169
I0010134,C03842,J0097,1.9,0.599,0.874,1,0.65,291,6984.0,2025-08-14,0,0,0,0.7595
I0039355,C00641,J0121,1.5,0.965,0.666,3,0.82,253,6072.0,2025-09-21,0,0,0,0.6278
I0050413,C03561,J0131,6.4,0.416,0.713,2,0.716,12,288.0,2026-05-20,0,0,0,0.6147
I0000543,C00839,J0141,0.3,0.674,0.766,3,0.672,399,9576.0,2025-04-28,0,0,0,0.7365
I0041372,C01863,J0011,,0.837,0.776,3,0.484,5,120.0,2026-05-27,0,0,0,0.5849
I0011296,C00496,J0087,3.8,0.636,0.767,3,0.578,190,4560.0,2025-11-23,0,0,0,0.7565
I0032709,C00737,J0120,,0.534,0.701,2,0.522,212,5088.0,2025-11-01,0,0,0,0.7314
I0013671,C01842,J0056,5.2,0.548,0.794,3,0.397,157,3768.0,2025-12-26,0,0,0,0.7223
I0019672,C01472,J0112,7.7,0.774,0.779,2,0.583,395,9480.0,2025-05-02,0,0,0,0.7321
I0036372,C03326,J0116,5.1,0.527,0.773,4,0.696,116,2784.0,2026-02-05,0,0,0,0.702
I0019777,C00595,J0054,6.4,0.31,0.837,2,0.727,230,5520.0,2025-10-14,0,0,0,0.5672
I0000971,C00757,J0136,6.7,0.079,1.0,2,0.621,382,9168.0,2025-05-15,0,0,0,0.5301
I0026704,C03750,J0055,4.1,0.636,0.795,3,0.749,280,6720.0,2025-08-25,0,0,0,0.7307
I0046464,C03068,J0002,5.7,0.84,0.794,3,0.479,284,6816.0,2025-08-21,0,0,0,0.5827
I0036974,C01900,J0053,2.3,0.645,0.72,2,0.651,353,8472.0,2025-06-13,0,0,0,0.7545
I0027917,C03877,J0086,10.5,0.666,0.816,3,0.489,38,912.0,2026-04-24,0,0,0,0.7998
I0016853,C02635,J0103,7.2,0.703,0.718,4,0.476,265,6360.0,2025-09-09,0,0,0,0.6811
I0033211,C02020,J0021,5.8,0.6,0.728,2,0.438,259,6216.0,2025-09-15,0,0,0,0.706
I0017008,C02143,J0002,2.8,0.562,0.672,3,0.479,48,1152.0,2026-04-14,0,0,0,0.6952
I0037231,C02768,J0141,3.6,0.62,0.808,3,0.672,290,6960.0,2025-08-15,0,0,0,0.7689
I0040036,C00007,J0108,3.3,0.504,0.765,4,0.437,336,8064.0,2025-06-30,0,0,0,0.7412
I0035927,C01441,J0096,3.9,0.478,0.428,3,0.799,148,3552.0,2026-01-04,0,0,0,0.4772
I0015418,C00188,J0039,5.7,0.557,0.633,1,0.53,20,480.0,2026-05-12,0,0,0,0.7727
I0053961,C02197,J0129,4.5,0.219,0.488,1,0.574,336,8064.0,2025-06-30,0,0,0,0.4803
I0037971,C03220,J0135,1.7,0.694,0.812,3,0.587,49,1176.0,2026-04-13,1,0,0,0.6991
I0005712,C03045,J0110,6.1,0.827,0.668,2,0.549,127,3048.0,2026-01-25,0,0,0,0.6124
I0042328,C02822,J0001,6.8,0.18,0.806,3,0.47,342,8208.0,2025-06-24,0,0,0,0.6547
I0015984,C01363,J0077,7.3,0.561,0.657,4,0.837,38,912.0,2026-04-24,0,0,0,0.631
I0042898,C02314,J0041,4.1,0.411,0.373,4,0.655,377,9048.0,2025-05-20,0,0,0,0.5194
I0011562,C02687,J0134,2.4,0.441,0.631,2,0.353,104,2496.0,2026-02-17,0,0,0,0.6733
I0057659,C02048,J0091,1.3,0.727,0.714,2,0.409,328,7872.0,2025-07-08,0,0,0,0.516
I0014522,C03367,J0056,2.2,0.889,0.924,3,0.397,18,432.0,2026-05-14,0,0,0,0.4678
I0002630,C00535,J0082,,0.653,0.853,1,0.615,40,960.0,2026-04-22,0,0,0,0.7458
I0015530,C02931,J0000,3.7,0.458,0.614,4,0.534,7,168.0,2026-05-25,0,0,0,0.699
I0036211,C00378,J0064,1.9,0.399,0.641,1,0.487,66,1584.0,2026-03-27,0,0,0,0.6677
I0001169,C01943,J0138,7.2,0.537,0.819,2,0.343,393,9432.0,2025-05-04,0,0,0,0.7328
I0007478,C02958,J0080,2.2,0.744,0.874,1,0.569,158,3792.0,2025-12-25,0,0,0,0.6771
I0016723,C01425,J0000,9.1,0.506,0.988,4,0.534,316,7584.0,2025-07-20,0,0,0,0.9296
I0012792,C01568,J0135,1.4,0.339,0.7,3,0.587,276,6624.0,2025-08-29,0,0,0,0.5631
I0005757,C03873,J0081,3.4,0.271,0.827,2,0.644,45,1080.0,2026-04-17,0,0,0,0.5446
I0038425,C00972,J0080,2.4,0.5,0.705,1,0.569,10,240.0,1970-01-01 00:00:00,0,0,0,0.7076
I0040959,C02373,J0004,11.7,0.427,0.849,2,0.655,313,7512.0,2025-07-23,0,0,0,0.7935
I0027267,C01584,J0094,3.4,0.234,0.832,2,0.625,27,648.0,2026-05-05,0,0,0,0.5333
I0013935,C00390,J0005,9.0,0.497,0.759,1,0.566,7,168.0,2026-05-25,0,0,0,0.8345
I0025055,C00822,J0129,3.5,0.733,0.707,1,0.574,68,1632.0,2026-03-25,0,0,0,0.6633
I0012139,C01976,J0052,6.3,0.695,0.781,4,0.406,267,6408.0,2025-09-07,0,0,0,0.6399
I0032572,C01421,J0117,5.7,0.631,0.592,1,0.842,271,6504.0,2025-09-03,0,0,0,0.6315
I0047300,C02609,J0120,1.4,0.66,0.61,2,0.522,81,1944.0,2026-03-12,0,0,0,0.6153
I0033928,C03221,J0132,2.4,0.448,0.684,3,0.612,238,5712.0,2025-10-06,0,0,0,0.6347
I0028435,C01745,J0109,5.8,0.742,0.889,2,0.714,378,9072.0,2025-05-19,0,0,0,0.8459
I0030686,C00818,J0116,3.0,0.862,1.0,4,0.696,302,7248.0,2025-08-03,0,0,0,0.7326
I0009501,C00943,J0116,3.4,0.693,0.905,4,0.696,232,5568.0,2025-10-12,1,0,0,0.8274
I0046573,C02025,J0134,3.9,0.693,0.85,2,0.353,382,9168.0,2025-05-15,0,0,0,0.5828
I0013114,C00828,J0025,1.7,0.758,1.0,3,0.501,300,7200.0,2025-08-05,0,0,0,0.6464
I0039109,C03401,J0082,3.2,0.79,0.648,1,0.615,172,4128.0,2025-12-11,0,0,0,0.6303
I0034611,C03639,J0069,3.3,0.747,0.932,2,0.698,158,3792.0,2025-12-25,0,0,0,0.8009
I0030414,C00908,J0075,9.6,0.582,0.788,3,0.62,42,1008.0,2026-04-20,1,0,0,0.8747
I0035203,C00693,J0125,4.1,0.765,0.534,1,0.475,142,3408.0,2026-01-10,0,0,0,0.5324
I0056559,C03217,J0045,5.5,0.678,0.649,4,0.544,307,7368.0,2025-07-29,0,0,0,0.6984
I0013396,C02489,J0075,0.2,0.676,0.77,3,0.62,131,3144.0,2026-01-21,0,0,0,0.6979
I0006165,C00789,J0011,3.7,0.534,0.7,3,0.484,362,8688.0,2025-06-04,0,0,0,0.7416
I0052661,C01481,J0004,3.2,0.587,0.626,2,0.655,138,3312.0,2026-01-14,0,0,0,0.6996
I0005223,C01769,J0079,5.1,0.746,0.643,2,0.518,139,3336.0,2026-01-13,0,0,0,0.6237
I0055988,C03260,J0052,0.0,0.611,0.852,4,0.406,293,7032.0,2025-08-12,0,0,0,0.6126
I0044679,C01798,J0038,7.0,0.671,0.64,4,0.713,202,4848.0,2025-11-11,0,0,0,0.7861
I0051646,C01974,J0104,3.8,0.472,0.705,1,0.821,233,5592.0,2025-10-11,0,0,0,0.5339
I0005843,C00523,J0145,0.0,0.643,0.723,4,0.701,272,6528.0,2025-09-02,0,0,0,0.6798
I0047501,C00355,J0008,6.6,0.626,0.725,2,0.441,187,4488.0,2025-11-26,0,0,0,0.7025
I0047751,C03372,J0043,1.2,0.549,0.653,3,0.512,281,6744.0,2025-08-24,1,0,0,0.6952
I0052482,C03318,J0001,0.2,0.691,0.62,3,0.47,243,5832.0,2025-10-01,0,0,0,0.5393
I0009008,C03662,J0145,0.0,0.592,0.841,4,0.701,53,1272.0,2026-04-09,0,0,0,0.6771
I0018427,C00393,J0065,7.3,0.48,1.0,2,0.74,317,7608.0,2025-07-19,0,0,0,0.739
I0045732,C03044,J0096,6.9,0.835,0.696,3,0.799,349,8376.0,2025-06-17,0,0,0,0.8045
I0043654,C02578,J0091,3.8,0.623,0.873,2,0.409,61,1464.0,2026-04-01,0,0,0,0.6764
I0019653,C01402,J0026,1.1,0.615,0.839,1,0.881,22,528.0,2026-05-10,1,0,0,0.5845
I0022128,C03973,J0027,6.6,0.272,0.781,1,0.574,125,3000.0,2026-01-27,0,0,0,0.6358
I0028537,C02145,J0022,10.0,0.598,0.752,1,0.577,189,4536.0,2025-11-24,0,0,0,0.8833
I0047253,C03177,J0030,3.7,0.886,0.808,2,1.0,28,672.0,2026-05-04,0,0,0,0.7269
I0044304,C00194,J0133,1.7,0.358,0.553,4,0.772,348,8352.0,2025-06-18,0,0,0,0.4097
I0031964,C03401,J0070,3.2,0.79,0.648,3,0.423,36,864.0,2026-04-26,0,0,0,0.495
I0030213,C02819,J0043,3.4,0.576,0.96,3,0.512,366,8784.0,2025-05-31,0,0,0,0.7999
I0012542,C02889,J0057,5.2,0.414,0.761,2,0.372,209,5016.0,2025-11-04,0,0,0,0.7898
I0009186,C03120,J0068,3.2,0.882,0.691,2,0.713,279,6696.0,2025-08-26,0,0,0,0.6467
I0040010,C01929,J0149,1.7,0.524,0.506,1,0.593,245,5880.0,2025-09-29,0,0,0,0.6396
I0040989,C03912,J0117,4.1,0.505,0.753,1,0.842,77,1848.0,2026-03-16,0,0,0,0.561
I0011591,C01258,J0058,0.0,0.425,0.711,1,0.519,229,5496.0,2025-10-15,0,0,0,0.6511
I0025807,C03866,J0013,3.7,0.431,0.621,3,0.854,135,3240.0,2026-01-17,0,0,0,0.4564
I0036139,C01420,J0112,5.6,0.228,0.7,2,0.583,151,3624.0,2026-01-01,0,0,0,0.5587
I0050991,C03522,J0080,1.8,0.232,0.664,1,0.569,372,8928.0,2025-05-25,0,0,0,0.497
I0009798,C00220,J0145,3.4,0.772,0.756,4,0.701,2,48.0,2026-05-30,0,0,0,0.7375
I0001866,C00410,J0135,1.2,1.0,0.606,3,0.587,357,8568.0,2025-06-09,0,0,0,0.4169
I0048303,C02636,J0102,2.7,0.557,0.822,2,0.438,220,5280.0,2025-10-24,0,0,0,0.7104
I0058660,C02450,J0140,7.4,0.806,0.864,1,0.66,159,3816.0,2025-12-24,0,0,0,0.7827
I0013818,C01694,J0112,5.9,0.767,0.832,2,0.583,326,7824.0,2025-07-10,0,0,0,0.7216
I0053791,C00001,J0096,0.0,0.093,0.712,3,0.799,234,5616.0,2025-10-10,0,0,0,0.2199
I0026150,C00995,J0049,4.5,0.713,0.484,2,0.631,170,4080.0,2025-12-13,0,0,0,0.6716
I0022527,C01966,J0033,0.2,0.765,0.759,1,0.649,346,8304.0,2025-06-20,0,0,0,0.6525
I0013443,C03865,J0069,7.2,0.485,0.637,2,0.698,381,9144.0,2025-05-16,0,0,0,0.6681
I0026253,C00223,J0134,1.7,0.558,0.685,2,0.353,166,3984.0,2025-12-17,0,0,0,0.5942
I0054612,C03378,J0112,2.8,0.805,0.929,2,0.583,245,5880.0,2025-09-29,0,0,0,0.6697
I0025687,C02577,J0070,2.3,0.946,0.611,3,0.423,24,576.0,2026-05-08,1,1,0,0.3594
I0033091,C02872,J0026,7.5,0.358,0.503,1,0.881,16,384.0,2026-05-16,0,0,0,0.4169
I0059052,C01356,J0143,1.0,1.0,0.719,1,0.714,317,7608.0,2025-07-19,0,0,0,0.5349
I0050296,C01872,J0083,3.2,0.576,0.788,3,0.691,310,7440.0,2025-07-26,0,0,0,0.7121
I0008935,C00020,J0143,0.0,0.209,0.687,1,0.714,66,1584.0,2026-03-27,0,0,0,0.3546
I0009519,C00960,J0042,10.5,0.496,0.743,3,0.496,372,8928.0,2025-05-25,0,0,0,0.904
I0041322,C01011,J0125,6.9,0.381,0.626,1,0.475,279,6696.0,2025-08-26,0,0,0,0.7438
I0009887,C03965,J0042,2.3,1.0,0.903,3,0.496,64,1536.0,2026-03-29,1,0,0,0.4551
I0042551,C02304,J0044,7.0,0.567,0.547,2,0.579,233,5592.0,2025-10-11,0,0,0,0.7811
I0015242,C00161,J0006,0.0,0.876,1.0,3,0.665,6,144.0,2026-05-26,1,0,0,0.6501
I0016969,C02669,J0031,0.0,0.705,0.661,3,0.886,306,7344.0,2025-07-30,0,0,0,0.5756
I0051992,C01897,J0021,2.9,0.306,0.709,2,0.438,384,9216.0,2025-05-13,1,0,0,0.6728
I0031366,C00733,J0131,2.2,0.946,0.589,2,0.716,125,3000.0,2026-01-27,0,0,0,0.558
I0011756,C01214,J0101,3.0,0.471,0.345,2,0.588,134,3216.0,2026-01-18,0,0,0,0.5824
I0005751,C00068,J0096,,0.946,0.728,3,0.799,330,7920.0,2025-07-06,0,0,0,0.7014
I0053134,C03529,J0046,4.3,0.574,0.828,3,0.767,66,1584.0,2026-03-27,0,0,0,0.687
I0044329,C03328,J0087,9.0,0.49,1.0,3,0.578,127,3048.0,2026-01-25,1,1,0,0.889
I0010840,C00694,J0025,3.8,0.489,0.833,3,0.501,345,8280.0,2025-06-21,0,0,0,0.8076
I0009232,C00979,J0149,8.8,0.49,0.643,1,0.593,297,7128.0,2025-08-08,0,0,0,0.7744
I0038933,C02215,J0042,3.2,0.76,0.72,3,0.496,260,6240.0,2025-09-14,0,0,0,0.5879
I0019182,C00146,J0139,5.7,0.537,0.304,2,0.561,219,5256.0,2025-10-25,0,0,0,0.6821
I0058196,C02930,J0035,8.1,0.685,0.612,4,0.644,103,2472.0,2026-02-18,1,1,0,0.7975
I0049095,C00173,J0102,6.6,0.402,0.651,2,0.438,303,7272.0,2025-08-02,0,0,0,0.7867
I0001880,C00372,J0040,8.2,0.681,0.717,1,0.393,298,7152.0,2025-08-07,0,0,0,0.6547
I0059307,C00180,J0023,2.7,0.691,0.56,2,0.472,296,7104.0,2025-08-09,0,0,0,0.5661
I0023575,C00662,J0023,3.7,0.387,0.786,2,0.472,297,7128.0,2025-08-08,0,0,0,0.7412
I0037936,C00251,J0055,5.4,0.56,0.866,3,0.749,305,7320.0,2025-07-31,0,0,0,0.7192
I0053614,C03913,J0030,7.0,0.562,0.569,2,1.0,356,8544.0,2025-06-10,0,0,0,0.487
I0057437,C02024,J0037,3.3,0.548,0.899,2,0.622,55,1320.0,2026-04-07,0,0,0,0.774
I0034921,C00718,J0073,2.4,0.486,0.833,2,0.624,52,1248.0,2026-04-10,0,0,0,0.6951
I0020730,C02147,J0095,5.9,0.604,0.765,3,0.582,156,3744.0,2025-12-27,0,0,0,0.8169
I0013447,C03526,J0149,1.1,0.591,0.705,1,0.593,105,2520.0,2026-02-16,1,1,0,0.7328
I0038913,C02325,J0079,9.4,0.803,0.686,2,0.518,107,2568.0,2026-02-14,1,0,0,0.6684
I0005777,C03150,J0013,8.5,0.309,0.594,3,0.854,354,8496.0,2025-06-12,0,0,0,0.444
I0032342,C02395,J0030,0.8,0.481,0.481,2,1.0,371,8904.0,2025-05-26,0,0,0,0.3002
I0051964,C01464,J0121,3.8,0.548,0.887,3,0.82,298,7152.0,2025-08-07,0,0,0,0.6395
I0029208,C02736,J0104,2.2,0.657,0.597,1,0.821,340,8160.0,2025-06-26,1,0,0,0.6068
I0048165,C03858,J0034,,0.572,0.727,1,0.634,166,3984.0,2025-12-17,0,0,0,0.7746
I0009760,C01348,J0078,5.5,0.587,0.862,2,0.5,339,8136.0,2025-06-27,0,0,0,0.7916
I0035562,C03218,J0008,2.8,0.43,0.618,2,0.441,272,6528.0,2025-09-02,0,0,0,0.7307
I0040405,C00396,J0074,4.0,0.321,0.77,1,0.343,161,3864.0,2025-12-22,0,0,0,0.7861
I0039364,C01436,J0123,3.8,0.506,0.561,3,0.315,101,2424.0,2026-02-20,0,0,0,0.6047
I0029029,C03116,J0056,4.1,0.771,0.849,3,0.397,223,5352.0,2025-10-21,0,0,0,0.562
I0044628,C02489,J0119,0.2,0.676,0.77,1,0.541,383,9192.0,2025-05-14,0,0,0,0.6422
I0051179,C03329,J0078,4.1,0.401,0.749,2,0.5,6,144.0,2026-05-26,0,0,0,0.7276
I0050177,C01727,J0104,0.0,0.599,1.0,1,0.821,64,1536.0,2026-03-29,0,0,0,0.6423
I0034646,C01504,J0004,2.4,0.483,0.472,2,0.655,366,8784.0,2025-05-31,0,0,0,0.5693
I0031605,C03852,J0040,4.4,0.794,0.937,1,0.393,120,2880.0,2026-02-01,0,0,0,0.5728
I0043567,C03148,J0004,11.8,0.626,0.904,2,0.655,237,5688.0,2025-10-07,0,0,0,0.9509
I0054353,C03099,J0061,0.0,0.509,0.821,1,0.484,28,672.0,2026-05-04,0,0,0,0.7307
I0057841,C02252,J0137,4.9,0.419,0.718,1,0.69,81,1944.0,2026-03-12,1,0,0,0.6112
I0004894,C02774,J0074,0.0,0.601,0.787,1,0.343,264,6336.0,2025-09-10,0,0,0,0.5569
I0009011,C02176,J0048,0.8,0.487,0.752,2,0.774,229,5496.0,2025-10-15,0,0,0,0.5401
I0021122,C02821,J0030,0.0,0.374,0.971,2,1.0,341,8184.0,2025-06-25,1,0,0,0.3494
I0030507,C00176,J0046,7.1,0.561,0.68,3,0.767,64,1536.0,2026-03-29,0,0,0,0.6835
I0009957,C01218,J0084,5.4,0.489,0.772,4,0.431,368,8832.0,2025-05-29,1,0,0,0.785
I0026226,C00563,J0069,1.7,0.498,0.932,2,0.698,0,0.0,2026-06-01,0,0,0,0.6674
I0055408,C02356,J0074,4.2,0.686,0.914,1,0.343,376,9024.0,2025-05-21,0,0,0,0.6038
I0058821,C01859,J0098,9.0,0.093,0.924,1,0.723,130,3120.0,2026-01-22,0,0,0,0.4855
I0031456,C03331,J0134,3.1,0.629,0.923,2,0.353,134,3216.0,1970-01-01 00:00:00,1,0,0,0.635
I0036954,C03425,J0145,9.9,0.608,0.542,4,0.701,340,8160.0,2025-06-26,1,0,0,0.7716
I0038045,C00913,J0130,2.0,0.684,0.733,1,0.81,254,6096.0,2025-09-20,0,0,0,0.6685
I0037058,C02935,J0136,3.8,0.436,1.0,2,0.621,271,6504.0,2025-09-03,0,0,0,0.7327
I0009932,C00805,J0043,1.4,0.618,1.0,3,0.512,82,1968.0,2026-03-11,0,0,0,0.7478
I0026131,C00733,J0036,2.2,0.946,0.589,4,0.6,266,6384.0,2025-09-08,0,0,0,0.4762
I0054831,C03635,J0121,2.2,0.843,0.819,3,0.82,21,504.0,2026-05-11,1,0,0,0.7688
I0021761,C02561,J0127,8.4,0.548,1.0,3,0.595,123,2952.0,2026-01-29,0,0,0,0.9078
I0040263,C00695,J0027,5.7,0.588,0.87,1,0.574,275,6600.0,2025-08-30,0,0,0,0.8487
I0000828,C01604,J0105,0.0,0.925,0.672,3,0.544,299,7176.0,2025-08-06,0,0,0,0.4378
I0016421,C00221,J0044,1.1,0.462,0.765,2,0.579,223,5352.0,2025-10-21,1,0,0,0.6687
I0037951,C02366,J0088,3.6,0.544,1.0,2,0.856,304,7296.0,2025-08-01,0,0,0,0.6398
I0056524,C00461,J0114,6.2,0.405,0.862,4,0.554,23,552.0,2026-05-09,0,0,0,0.7598
I0006415,C00129,J0115,3.9,0.323,0.937,1,0.627,163,3912.0,2025-12-20,0,0,0,0.6327
I0027017,C00985,J0143,1.5,0.742,0.75,1,0.714,237,5688.0,2025-10-07,0,0,0,0.734
I0004448,C00955,J0057,5.5,0.371,0.518,2,0.372,385,9240.0,2025-05-12,0,0,0,0.7553
I0026303,C03914,J0125,4.5,0.315,0.752,1,0.475,372,8928.0,2025-05-25,0,0,0,0.6922
I0027561,C02982,J0016,0.8,0.524,1.0,4,0.643,167,4008.0,2025-12-16,0,0,0,0.7285
I0055772,C02127,J0144,2.1,0.276,0.487,2,0.591,328,7872.0,2025-07-08,0,0,0,0.4676
I0000943,C00045,J0005,2.8,0.664,0.722,1,0.566,393,9432.0,2025-05-04,0,0,0,0.6987
I0017967,C03637,J0148,8.8,0.666,0.613,4,0.719,117,2808.0,2026-02-04,0,0,0,0.8012
I0056569,C01767,J0098,2.5,0.489,0.98,1,0.723,285,6840.0,2025-08-20,0,0,0,0.6705
I0015602,C00332,J0012,4.1,0.364,0.661,1,0.468,177,4248.0,2025-12-06,1,0,0,0.6993
I0059462,C02156,J0058,8.9,0.42,0.753,1,0.519,281,6744.0,1970-01-01 00:00:00,0,0,0,0.81
I0009393,C00942,J0033,3.0,0.847,0.706,1,0.649,105,2520.0,2026-02-16,0,0,0,0.6271
I0012899,C02504,J0041,1.0,0.746,0.875,4,0.655,347,8328.0,2025-06-19,1,0,0,0.7163
I0043544,C02775,J0047,,0.744,0.822,2,0.575,307,7368.0,2025-07-29,0,0,0,0.6769
I0047807,C03581,J0000,,0.701,0.668,4,0.534,288,6912.0,2025-08-17,0,0,0,0.6467
I0045741,C03841,J0043,0.5,0.377,0.677,3,0.512,77,1848.0,2026-03-16,0,0,0,0.621
I0016187,C03519,J0141,3.0,0.74,0.982,3,0.672,252,6048.0,2025-09-22,0,0,0,0.7966
I0024628,C00341,J0025,8.4,0.637,0.635,3,0.501,88,2112.0,2026-03-05,0,0,0,0.7421
I0057595,C01585,J0072,2.4,0.622,0.778,1,0.651,197,4728.0,2025-11-16,0,0,0,0.7564
I0039488,C01543,J0079,,0.542,0.638,2,0.518,308,7392.0,2025-07-28,0,0,0,0.7035
I0007208,C00164,J0089,3.5,0.324,0.663,3,0.39,294,7056.0,2025-08-11,0,0,0,0.7165
I0015153,C03507,J0056,0.0,0.8,0.831,3,0.397,64,1536.0,2026-03-29,0,0,0,0.4671
I0048362,C02270,J0065,0.0,0.684,0.891,2,0.74,175,4200.0,2025-12-08,0,0,0,0.7286
I0027375,C03113,J0037,7.6,0.605,0.734,2,0.622,336,8064.0,2025-06-30,0,0,0,0.8404
I0026242,C01128,J0054,6.1,0.313,0.491,2,0.727,292,7008.0,2025-08-13,0,0,0,0.4667
I0011983,C00495,J0126,8.6,0.726,0.841,2,0.635,55,1320.0,2026-04-07,0,0,0,0.8353
I0036757,C00597,J0032,8.8,0.61,0.656,2,0.954,28,672.0,2026-05-04,0,0,0,0.6082
I0016883,C03323,J0124,7.2,0.621,0.623,4,0.309,115,2760.0,2026-02-06,0,0,0,0.5944
I0050775,C01582,J0003,3.2,0.746,0.804,1,0.462,102,2448.0,2026-02-19,0,0,0,0.5975
I0034045,C03359,J0078,5.8,0.277,0.813,2,0.5,330,7920.0,2025-07-06,0,0,0,0.687
I0022818,C01337,J0106,4.4,0.503,0.922,3,0.884,294,7056.0,2025-08-11,0,0,0,0.5827
I0007318,C03601,J0131,1.7,0.746,0.711,2,0.716,348,8352.0,2025-06-18,0,0,0,0.7249
I0050660,C03861,J0040,3.8,0.582,0.808,1,0.393,111,2664.0,2026-02-10,0,0,0,0.6757
I0031936,C02927,J0032,4.0,0.553,0.959,2,0.954,368,8832.0,2025-05-29,0,0,0,0.5723
I0009937,C01277,J0081,4.7,0.422,0.671,2,0.644,99,2376.0,2026-02-22,0,0,0,0.6291
I0056396,C01031,J0032,1.1,0.365,0.517,2,0.954,87,2088.0,2026-03-06,0,0,0,0.266
I0017346,C00586,J0039,5.0,0.517,0.662,1,0.53,234,5616.0,2025-10-10,1,1,0,0.7789
I0023048,C02662,J0042,1.9,0.811,0.959,3,0.496,10,240.0,2026-05-22,0,0,0,0.5973
I0020376,C02541,J0080,8.4,0.791,0.732,1,0.569,105,2520.0,2026-02-16,0,0,0,0.7089
I0016228,C03810,J0032,3.7,0.217,0.797,2,0.954,151,3624.0,2026-01-01,0,0,0,0.2846
I0011402,C01722,J0095,0.0,0.746,0.639,3,0.582,167,4008.0,2025-12-16,0,0,0,0.5814
I0029740,C01311,J0041,5.8,0.499,0.704,4,0.655,310,7440.0,2025-07-26,0,0,0,0.7035
I0001005,C03036,J0120,4.4,0.317,0.588,2,0.522,93,2232.0,2026-02-28,0,0,0,0.6126
I0048741,C00706,J0094,2.3,0.619,0.883,2,0.625,218,5232.0,2025-10-26,0,0,0,0.8005
I0045438,C03786,J0083,6.5,0.454,0.769,3,0.691,101,2424.0,2026-02-20,0,0,0,0.6766
I0055112,C03368,J0013,10.5,0.939,0.395,3,0.854,220,5280.0,2025-10-24,0,0,0,0.7459
I0041999,C01200,J0068,3.2,0.635,0.477,2,0.713,158,3792.0,2025-12-25,0,0,0,0.6505
I0032111,C01278,J0089,5.8,0.713,0.766,3,0.39,134,3216.0,2026-01-18,0,0,0,0.6033
I0035156,C03992,J0068,2.4,0.818,0.785,2,0.713,60,1440.0,2026-04-02,0,0,0,0.7048
I0002622,C00931,J0021,5.2,0.705,0.716,2,0.438,395,9480.0,1970-01-01 00:00:00,0,0,0,0.6185
I0034901,C03118,J0057,7.9,0.885,0.661,2,0.372,398,9552.0,2025-04-29,0,0,0,0.4753
I0033111,C00588,J0094,2.6,0.797,0.683,2,0.625,177,4248.0,2025-12-06,0,0,0,0.6322
I0051729,C01119,J0036,3.5,0.455,0.922,4,0.6,165,3960.0,2025-12-18,0,0,0,0.7338
I0034058,C01406,J0042,3.9,0.747,0.776,3,0.496,335,8040.0,2025-07-01,0,0,0,0.6247
I0031865,C03780,J0088,4.8,0.976,0.425,2,0.856,328,7872.0,2025-07-08,0,0,0,0.6333
I0057575,C00041,J0008,3.9,0.856,0.838,2,0.441,51,1224.0,2026-04-11,0,0,0,0.5266
I0053917,C01112,J0079,1.7,0.682,0.627,2,0.518,305,7320.0,2025-07-31,0,0,0,0.6068
I0058076,C02640,J0034,0.0,0.392,0.773,1,0.634,250,6000.0,2025-09-24,1,0,0,0.5642
I0024414,C02807,J0136,0.6,0.632,0.752,2,0.621,281,6744.0,2025-08-24,1,0,0,0.7313
I0027562,C00013,J0077,3.1,0.823,0.615,4,0.837,131,3144.0,2026-01-21,0,0,0,0.7328
