candidate_id,skill_score,exp_years,group
0,0.3540396841506309,1,B
1,-0.004965368265851146,4,A
2,-0.5315980204626579,11,A
3,-2.27656646738474,3,B
4,0.018715377503071538,11,A
5,0.9273688169889243,4,A
6,1.04333471223595,2,A
7,-0.5361980682592878,12,A
8,2.2293638251358496,4,A
9,1.9436919725173452,4,B
10,-0.2282261494011879,7,A
11,-0.15518113263191194,13,A
12,0.9589650032946045,2,B
13,-0.2547654546817906,8,B
14,0.22476604786943014,10,B
15,1.2198602161614789,13,A
16,1.189720511179412,13,A
17,-0.5298005225309926,0,A
18,-0.4556210442596798,2,B
19,-0.5490484899641733,3,A
20,-0.014158213733149905,0,A
21,0.07491487644629682,6,B
22,-0.3886871673952396,12,A
23,0.7746939773858059,1,B
24,0.04961166685080974,3,A
25,0.013364802881392435,2,A
26,-1.9687560808282676,14,B
27,-1.3848386724173019,2,A
28,-0.6952254251309311,8,A
29,0.3604558900085395,7,A
30,-0.8661642515899808,6,B
31,1.559258571445595,0,A
32,0.14763065225772823,14,A
33,0.2571032861402623,8,B
34,0.1199626794847736,3,A
35,0.4926233230275515,1,A
36,0.9239783608193567,8,A
37,-0.5509024272675509,4,A
38,1.5685336676461867,10,B
39,-0.7791051049437804,10,B
40,0.5174087168164516,3,B
41,-0.20632348156510463,12,B
42,-0.16641061421632186,7,A
43,0.6701483778463362,10,A
44,0.20181373342498857,7,A
45,1.6074200032750119,13,A
46,-0.5078405440907392,3,B
47,0.5163087627818853,9,A
48,0.5838730930775634,8,B
49,2.1121054998208346,4,A
50,1.6093174391556833,13,B
51,0.7045759857576647,4,B
52,1.6725192258085841,2,A
53,0.8497750841524744,0,B
54,-0.7818255157008109,8,A
55,0.33119384393163476,13,B
56,1.227485959152611,8,B
57,-0.5220961113147181,6,A
58,1.5266260054596967,1,B
59,0.35555790705890916,3,A
60,-0.6288846266806212,11,A
61,0.46295922718201793,7,A
62,-1.5698195128766215,7,B
63,-0.6888920698507784,11,A
64,-1.0452707205120946,5,A
65,0.49902375919967346,9,B
66,-1.023240343333598,12,B
67,-1.564364570748956,12,B
68,0.30398989800332243,8,B
69,-0.4797152597893526,2,A
70,-0.7249728556054829,10,A
71,-0.5960752834847165,2,A
72,1.0466201734360112,5,A
73,0.1715199048852369,8,B
74,-0.7508374432014661,6,A
75,2.802191825660094,10,B
76,0.4890519444162596,11,A
77,1.9148703924731834,7,B
78,1.0518056762151695,0,B
79,1.366146289456645,1,A
80,-0.8759603141970402,5,B
81,-0.5707127573516251,7,A
82,0.6441810001727681,7,A
83,-0.08400139404617617,12,A
84,0.07818210748558983,8,A
85,1.0882973630235406,11,B
86,-2.3025247930851296,1,B
87,-0.3328811763022821,14,B
88,1.5363519294637775,7,B
89,-0.4673171070238983,6,A
90,0.041992303204161155,5,A
91,0.38256312625742755,9,A
92,0.31958617786344307,5,A
93,0.31618644120889516,12,B
94,-0.9325361463811137,10,A
95,0.33399171339768363,13,A
96,-0.602237443375247,1,A
97,1.5785244939153444,9,A
98,-0.6262742446348667,7,B
99,0.25522243799622374,10,A
100,-0.19937099369709496,6,A
101,1.130903263293041,12,B
102,0.12103378053967322,12,A
103,0.7092786454983112,5,A
104,-0.5647659329909674,9,A
105,-0.3806761889938276,1,B
106,-0.9458063186005585,3,B
107,-0.17089587113955884,6,B
108,-0.2827983177543794,7,A
109,-1.1331129242121305,8,B
110,-1.2564169602676096,2,A
111,0.15964547558969563,0,A
112,-0.17118107075927452,6,B
113,-0.7068636312580265,12,A
114,-0.9205985499460365,3,B
115,-1.1079230421515438,12,A
116,0.09720268613504214,13,B
117,-0.5341761055420519,3,B
118,-0.6368553916681325,6,A
119,-0.5634127292008303,7,B
120,-0.4736552125360425,9,A
121,-0.30974244600201356,6,B
122,0.08450109157128341,2,B
123,-1.7590268375039713,13,B
124,-0.26072657659447357,7,A
125,-1.2026110351196775,5,B
126,-0.3739290581687834,2,A
127,1.2447281409127704,2,A
128,-1.9155040235679937,14,B
129,-1.292410234839239,7,A
130,-0.5201739369575917,13,B
131,-2.2988616982653967,6,A
132,2.385126952243134,4,B
133,-0.6351038724703052,10,A
134,1.6142547086707912,13,B
135,-0.0868650763080445,13,B
136,1.1845518699437108,3,A
137,0.8083278742845112,4,A
138,-0.3092626617007144,8,A
139,0.49812482510587974,0,A
140,-0.66247863612088,8,B
141,-0.48188630027727875,7,B
142,1.4860425949661098,14,B
143,-0.8679636283330758,5,A
144,-0.9139831259420692,1,A
145,2.555921717240161,6,A
146,-0.3870872219959422,2,A
147,0.3001704587592878,13,A
148,1.6387117406856069,1,B
149,-0.48802181482552254,0,B
150,-0.5634098574599227,8,A
151,1.8272322026730894,4,A
152,-0.02150280438129188,6,B
153,0.2650441808022512,5,A
154,-0.33137745996055884,3,A
155,0.529754029149427,3,A
156,-1.5881390785605611,5,B
157,0.16812773168946157,3,B
158,1.0017032746325099,8,B
159,0.956801207213286,2,A
160,-0.5126004004939266,8,A
161,0.6357007386673099,5,B
162,2.1370932680737873,11,A
163,0.12329710286963186,10,B
164,0.6756783421469383,11,B
165,-0.3551360587548742,13,A
166,-1.731340651200614,13,B
167,0.7429987937643826,14,B
168,-0.9557259297220158,9,A
169,-0.6988802016476103,13,A
170,0.0584779298430523,12,B
171,-0.018708764383634197,5,B
172,-0.12451102697758105,3,B
173,1.1128121805839744,4,B
174,0.1362000178845666,12,B
175,0.04067868434202199,8,B
176,-1.0799535241821707,12,A
177,0.9090852055306673,9,B
178,-1.2787490765489131,3,A
179,-2.269146079521028,2,B
180,-0.8147103520802578,4,B
181,0.7023180730608086,6,A
182,0.3481900112411395,2,A
183,1.2712628509707942,9,A
184,0.4011626052109944,0,A
185,0.37109931618431297,5,A
186,0.33000729588161104,9,B
187,-0.6417974256253315,14,A
188,-0.46001850480298323,10,B
189,-0.4583461731369784,2,A
190,0.1830759458821705,10,A
191,-0.9317044859931699,0,A
192,-0.42222202486715676,3,B
193,0.27634254968484084,13,A
194,-0.07804333270551765,1,A
195,-0.28068464289011696,14,B
196,-0.20696937818217478,4,B
197,-1.2353850232037318,10,A
198,-1.3597756869302537,8,B
199,-0.8045038061207221,5,A
200,0.9471725339217494,0,A
201,0.7827091127930011,12,A
202,0.2702689444069532,10,A
203,0.616187774192549,0,B
204,0.7862415356311107,8,B
205,-2.3686881696580784,7,B
206,-0.5535839717032988,10,B
207,0.8344891908913972,3,A
208,1.7596526505367276,2,B
209,0.17959006982930398,1,A
210,1.724191521667953,14,A
211,1.160823659574389,9,A
212,0.14011635188676083,14,B
213,-1.0495783064638748,3,A
214,-1.0097186586554114,1,A
215,-0.058459689096036056,2,A
216,0.19172205047106686,8,A
217,-0.07185534909255721,0,A
218,0.6091925801265499,11,B
219,0.5702230069167668,6,B
220,0.044031096296146745,6,B
221,0.43691688006331564,13,B
222,0.29647678686115725,2,B
223,-1.8856059016570288,13,B
224,-1.2806739116798018,10,B
225,0.31277362946223664,13,B
226,0.7626791933408243,0,B
227,0.09485397053239812,9,B
228,-0.2959518161659941,1,A
229,0.2099805813467306,4,A
230,0.45782030007796753,3,A
231,0.1752653790892617,8,A
232,-1.9810163679485508,13,B
233,0.3211463707552701,5,A
234,0.73521873654347,13,B
235,0.11781525148310629,3,A
236,2.2046494529738454,3,B
237,-1.418160682168752,11,A
238,-1.8082021553228729,10,B
239,3.370023181831863,0,B
240,-1.0000690137088297,12,B
241,-2.4453801820724297,12,A
242,-0.566224032434944,10,A
243,0.827222135071063,2,A
244,-0.7153881007925209,7,A
245,-0.4227392727410965,13,A
246,0.7465454922302805,9,B
247,1.9446185857629645,4,A
248,0.7620217988102919,6,B
249,0.31547230811398624,9,A
250,-0.4419744070480968,2,B
251,0.7531307534793433,10,A
252,2.793154990748989,6,A
253,-1.129498677765437,0,B
254,-1.0726666993098672,13,A
255,-0.37124593537805245,0,A
256,0.7187868409621374,5,A
257,0.6176247612327831,3,A
258,-0.22207633881890204,8,B
259,-0.4678343147818037,4,A
260,1.357409691958232,10,A
261,0.45893314154344245,12,B
262,1.3322976895833891,5,B
263,-0.23313095782934345,14,B
264,1.143265674789309,3,B
265,-0.8404007761486365,5,A
266,2.0613681165508844,1,A
267,-0.3998595001041209,1,A
268,-0.3578531754698278,11,B
269,0.43681065220995413,11,A
270,-0.18594421917422793,5,A
271,-0.6032693016990295,2,A
272,0.455052108224932,0,A
273,-0.6450958593331355,2,A
274,1.9272831228844158,8,A
275,-0.6923062361321382,12,B
276,0.828613722344223,1,A
277,-0.7530497179293031,5,B
278,-1.7399053321501032,2,B
279,-2.3303258803220372,6,A
280,0.043196536565342024,13,A
281,-1.4124378975062128,7,A
282,0.14361799425387786,2,A
283,-0.8081774126549782,2,A
284,-0.0854248665664205,4,A
285,-0.026163410317532936,12,A
286,1.7792866562003042,0,A
287,-0.18872808445476,13,A
288,-1.3955092836964225,14,A
289,-2.327373435539872,12,A
290,0.8980586868367981,6,A
291,0.0986320196795216,14,A
292,1.4260336429328788,4,A
293,-1.604322190603503,9,B
294,-0.18285459418876454,12,B
295,-0.8292471892104415,6,A
296,0.4915122878570852,9,B
297,-0.32271916335137946,3,B
298,1.4067976206967492,5,A
299,-0.42496654794347555,12,A
300,-0.22048545567502253,10,B
301,-0.6408268445418258,9,A
302,0.4702186960356857,7,B
303,1.0928876091372461,11,A
304,0.5420536442248179,6,B
305,-0.6172525111912264,6,A
306,-1.0557209891136248,8,B
307,-0.9116841941241273,1,A
308,0.18325677831132295,14,B
309,-0.5024521824672545,5,A
310,-0.1653632617870115,4,A
311,1.1267548399449159,6,B
312,0.4745349134301127,11,A
313,0.22323933664835047,6,A
314,-0.4972657790124328,13,A
315,-0.19358817099999884,6,B
316,-0.29441439055535024,7,A
317,0.044412448248318886,8,B
318,-0.20884257207760334,8,A
319,0.17016347886414396,6,A
320,-0.6398335327550475,3,B
321,1.298880568548161,1,A
322,0.38487987557375164,0,B
323,0.30609635043370326,6,B
324,0.9028976392528592,8,B
325,-1.0678546199537908,14,A
326,-1.1880679760957022,5,A
327,-1.4888833512354818,7,A
328,-0.7590063246044053,4,A
329,0.5647461253844039,13,B
330,0.18287631390182438,0,B
331,1.576467479632227,11,A
332,-1.4075137998684015,13,A
333,0.4419233728367722,10,A
334,-1.2741434167862464,5,A
335,-1.278116868999641,3,A
336,-1.2705424555307891,4,B
337,1.2005269681783062,9,A
338,0.07562601958032478,12,A
339,1.2620675564196968,11,A
340,0.0873031578324804,13,A
341,0.6998676951007154,0,B
342,0.6604934472505254,11,B
343,0.5495834985709621,3,A
344,0.1465220563334789,2,B
345,0.9552068820468754,3,A
346,0.19037619235790756,2,A
347,0.07814387145746318,9,A
348,0.042409416360465226,1,B
349,-0.5795018434504766,7,B
350,-1.5187849816001224,9,A
351,-0.7634604089523968,3,A
352,1.7860276985331929,12,B
353,0.15366393549667254,9,A
354,-1.0187214376338747,14,B
355,-0.26527005692315664,7,B
356,0.9750909452813495,9,B
357,1.8527714923370258,6,B
358,-1.8617493720649188,8,A
359,-1.614904083795972,4,A
360,-2.145078984397006,8,B
361,-0.6131197548233105,2,A
362,-0.9310182327710218,10,A
363,1.1536863171751823,5,B
364,0.6548707670216672,11,A
365,-0.5611751406538557,10,A
366,2.312537542776966,9,A
367,-0.6124496127596035,6,A
368,0.32174056535458734,10,B
369,0.7631548889759052,0,B
370,-1.0090384581693503,4,B
371,0.1275425701535049,2,A
372,0.27510309229291524,14,B
373,-0.1675858691818282,13,A
374,0.7187221671634141,0,B
375,-0.1655426253125277,9,B
376,-0.648960171034972,2,A
377,0.8466534655256985,6,B
378,-0.4958118895446977,13,A
379,0.4629523629599924,0,A
380,-0.4913921142632256,5,B
381,0.587965235715295,6,A
382,0.14372812681033814,14,A
383,-1.2071354612358436,10,A
384,0.4148422407084458,3,B
385,-0.43263543225271606,10,A
386,1.7708758009328895,11,B
387,-0.5388532355537631,9,B
388,0.8409868467772856,12,A
389,-2.269504419420257,10,B
390,-0.5079391020857246,8,A
391,-1.7945074727449966,11,A
392,0.04786134469819158,11,B
393,-0.8068141664651547,5,B
394,1.3793754410911117,13,A
395,0.7011934278415044,9,B
396,1.482794091132957,5,B
397,-0.9185391859534852,9,B
398,-2.236912057546303,4,B
399,-0.027369191766853956,4,B
400,1.4111081967506844,1,A
401,0.2959430395026134,7,A
402,1.911644215117884,0,B
403,-0.25143091552955643,0,A
404,-0.6657519980069967,13,B
405,0.5412935143175563,12,A
406,1.096906933003817,8,A
407,-0.3772937887072629,12,A
408,-0.6397460820747768,12,B
409,-0.6674967515428102,1,A
410,1.9852591497080092,12,B
411,-2.0868496711576383,4,B
412,1.207563778480383,14,A
413,-0.12540675377957253,7,B
414,1.590458284083731,8,A
415,0.8254867928063687,14,B
416,-1.134246255496575,5,B
417,0.2409608741302857,12,B
418,-0.4806449722588052,7,A
419,-0.5433575387106238,11,B
420,-1.3876899996484502,7,B
421,1.293394694458536,7,A
422,-1.901886350682376,5,A
423,0.2457005986971033,12,B
424,2.06956482228666,3,A
425,0.523731301817298,7,B
426,1.6468506071696942,4,B
427,0.9246980704996453,9,B
428,1.332842380312345,12,A
429,-0.8571843853305717,5,B
430,0.18057028956418614,2,B
431,0.5059074522871886,9,A
432,0.25041527122262847,1,B
433,-0.9066606857599893,5,B
434,-0.9915658131915795,11,A
435,0.034911947425910146,14,A
436,0.4416569845266169,4,B
437,0.28692033572757136,12,A
438,-1.6218597143476525,9,B
439,-0.5278388873410679,4,B
440,-0.5540454054467021,3,A
441,0.42182601114824014,3,A
442,-0.8593392461625653,12,A
443,0.11774550354033447,11,A
444,-1.2235044282134153,8,A
445,-0.3991783356913868,1,A
446,0.7069233401050825,14,B
447,0.8408275253396778,12,A
448,-1.2298738533114901,7,A
449,0.11224129724061226,8,A
450,-0.6764009159171281,11,A
451,1.8942880277259206,8,A
452,0.4744419570399953,12,B
453,0.08337295805421349,11,A
454,1.9416391017449228,8,A
455,-2.922139069851382,2,A
456,-0.8272198136265027,4,A
457,0.6668223381641396,11,B
458,-0.0034668171666841574,1,B
459,0.4583281480306128,3,B
460,-0.5602060064908454,0,B
461,-0.2036550569132401,5,A
462,0.31896388498438905,11,A
463,1.246109113547895,6,A
464,2.252940140990888,6,A
465,-1.0781754674335802,12,A
466,0.6088685998015129,8,B
467,-2.090406998918412,13,A
468,-0.39988881258210107,1,A
469,0.4042273492680625,0,A
470,-0.7506775593311028,4,B
471,0.3103683623810141,9,A
472,-0.08123135665121275,9,B
473,1.8283738760539674,8,A
474,0.191524033456207,14,A
475,-0.5462208743105064,0,B
476,-1.552081174483661,12,A
477,-0.3152469353164281,5,A
478,0.829565722651191,10,B
479,2.4289143283149373,14,B
480,0.26351097043779453,0,A
481,-0.15076196600355005,0,A
482,-0.02165607470947082,0,A
483,0.4842352989425276,11,A
484,1.1139442611292143,10,A
485,1.0919073944141449,13,A
486,0.25215539946861903,12,B
487,0.5446321354464523,7,A
488,-0.10750169347308944,10,A
489,1.2827207781959817,5,B
490,-1.3906250712366302,11,B
491,1.0728246747390735,8,B
492,0.16350537700934484,9,B
493,0.08529948822896441,13,A
494,0.31906458774479773,14,A
495,0.0057568224502638245,9,B
496,-0.7633813780626244,7,B
497,0.05366409963879276,7,A
498,0.1882499330590873,2,B
499,0.36332684327810133,6,B
500,0.9432300020790735,3,B
501,-0.2007154549506611,3,B
502,-1.8307727074682436,3,B
503,-0.047723566913363644,2,A
504,0.28773966649798033,14,A
505,0.3809008962258231,14,A
506,-1.8273430366075754,14,A
507,0.9213080220617557,11,A
508,1.6664987005338796,3,A
509,0.10545116267187564,13,B
510,1.025916721254949,3,A
511,1.2512287620725577,4,A
512,1.5609830256316393,10,B
513,-1.2672738918448072,5,B
514,0.9535306102944304,4,A
515,-0.22588912890212628,14,A
516,-1.3569998968864014,13,A
517,0.24448351320143114,7,B
518,-0.1318039419586428,7,B
519,1.0924679516064577,11,A
520,0.8578482424620275,6,B
521,-0.7484178223259444,14,A
522,0.5546380366963489,14,B
523,0.6555108259087249,1,B
524,-1.3060015391709217,4,A
525,0.3276516015380726,8,A
526,-0.17748251989980404,3,A
527,1.369624197062164,6,B
528,0.6510522949790514,4,B
529,-0.5300987298753022,0,A
530,-0.7337866409552519,14,B
531,-2.204632148631518,13,A
532,1.237175133453444,2,A
533,1.1893673517425662,9,A
534,0.9442264833204694,10,A
535,0.0839963628125847,6,A
536,0.5970410398701771,1,A
537,-0.7532670108392491,12,B
538,0.46014340514998064,14,B
539,0.6323076226013064,0,A
540,0.09458069873989527,14,A
541,1.9890173298410811,8,B
542,-0.024073464335339436,9,B
543,-0.7748229175568815,3,B
544,-1.190349812620315,9,A
545,0.8191542219780403,1,B
546,-0.43998513309630893,14,A
547,-0.4948387411855132,6,B
548,-0.8640188712580082,8,A
549,-1.1864450562126292,5,A
550,0.6688238649466778,12,A
551,-1.723998907285714,3,A
552,2.263675916175712,10,B
553,-0.5752335714113794,10,B
554,0.7814316886608378,1,B
555,-0.28053281249860673,6,B
556,0.6901406950580118,8,A
557,0.7140390676383461,10,B
558,0.4347693373101135,2,A
559,1.9608377604252045,0,A
560,-1.1337206787563239,3,A
561,0.08148893909663188,1,A
562,-0.6243628639635315,0,A
563,0.23214412241600632,9,A
564,-0.4869163881842201,1,B
565,-0.9703828551702931,8,B
566,-0.12819804439729876,8,B
567,-0.29487952100001663,10,B
568,0.050030244321855856,5,A
569,0.16214448912655896,1,A
570,-0.8758420861433159,7,B
571,-0.911556498132822,9,B
572,-1.5728866538113246,5,B
573,-0.23699250933614333,7,A
574,-0.15583870795919771,5,B
575,0.4731418698103659,14,B
576,0.5989896220198799,9,B
577,-1.1920662679149163,5,A
578,0.3007291576712736,4,B
579,0.046891128319084305,4,A
580,-2.4330376586819074,1,B
581,-0.3718501662759629,11,A
582,0.4488180830489662,0,B
583,1.014074084123022,9,A
584,0.5226077421865001,5,A
585,0.8857384495638305,12,B
586,-1.0260680605866446,7,B
587,1.8183617630624034,9,A
588,-1.6822136735169402,8,A
589,0.7969407363927932,4,A
590,-0.7183329075257088,4,A
591,-0.08039208257178349,12,B
592,-0.3818779501906152,0,B
593,-1.349673611775668,12,A
594,1.2615692087981485,11,B
595,-1.254102681921808,12,A
596,-1.5147204087061112,8,B
597,0.6189478171457624,9,B
598,-0.23858462272122327,11,B
599,1.9763498729439495,14,A
600,0.5904279577469914,1,A
601,0.32642093583099246,13,B
602,0.6377762796846818,8,A
603,0.7853402429667239,4,A
604,-1.9079178236431704,13,A
605,-1.2121418425723816,0,B
606,-1.077543711677101,5,B
607,2.0670087158986212,12,A
608,-0.4153322206953148,12,A
609,-0.26448006814383124,4,B
610,1.264254619267204,13,A
611,0.4747965114935715,4,B
612,-0.1402177643696717,6,A
613,-0.6691805193931334,7,A
614,-0.7765864312859958,0,B
615,0.08076830198583004,3,B
616,0.53690894924866,1,B
617,0.657169614131833,0,B
618,0.8907253626374284,6,A
619,-1.1926742009707454,14,A
620,-0.011924395346617375,8,A
621,-0.35814034560878105,3,A
622,-0.8850427401764006,12,B
623,0.6503368155390958,10,A
624,1.6813684803399598,12,B
625,0.2813990783341646,3,B
626,-1.322406873420879,8,A
627,0.31658447988926525,11,A
628,1.3856293402396576,8,B
629,-0.6372558112632766,12,B
630,-0.8051263744047689,2,A
631,0.19070281535622258,7,A
632,-0.5966973643360965,8,A
633,0.21484145418838488,11,A
634,2.1014304816482023,14,B
635,0.14688107263483882,1,A
636,-0.42718921190185494,0,A
637,0.5446815854420519,12,A
638,-0.1932871831660271,10,A
639,1.9222906848757095,3,A
640,0.4990087418338103,0,B
641,0.07894165326089694,10,B
642,-1.1970503639552899,2,A
643,0.908311795086305,0,A
644,1.492109371747783,5,B
645,-0.22178178667551407,0,A
646,0.454370864165918,0,B
647,0.8330466735668678,4,A
648,1.0595364702089465,10,A
649,1.6802434193163345,8,A
650,0.33133506934314083,13,A
651,0.5473522902035275,13,B
652,0.6535605259296325,12,B
653,0.22902363761059655,8,A
654,1.3488625398575997,8,A
655,1.2583178745794648,14,B
656,-1.979257958889817,5,A
657,0.03702557816214311,13,A
658,-1.9809189733910755,12,B
659,0.8038466642313734,13,A
660,0.7750686710323533,2,A
661,-0.1168328645593898,10,A
662,2.5185328067655193,8,A
663,-0.6626582006338383,13,A
664,0.8195617883963846,4,A
665,-0.07602657457268963,8,A
666,-0.07521298109363635,5,A
667,-1.7174638780244624,2,B
668,0.323116476944179,6,B
669,1.4855493603438061,10,B
670,0.10537733537913357,12,B
671,1.7739643280515223,1,B
672,0.3590785553012173,0,A
673,0.43251778415180736,7,B
674,-0.26019047196712347,1,B
675,-0.035498778266983604,3,B
676,-0.14147432120551062,8,A
677,1.052034114045305,13,B
678,-0.1958370323231901,14,A
679,0.676780529447545,2,A
680,0.8176385331098441,0,A
681,0.741019696164929,1,A
682,-0.20248267234240733,6,A
683,-1.7295428050027455,7,A
684,0.781209056842613,7,A
685,0.3220046240947859,0,B
686,1.7032638376928417,10,A
687,0.26105124369391697,8,B
688,-0.01990472198323141,5,B
689,-0.5501593711146301,1,A
690,0.8105605967625449,1,A
691,-0.8458520984713276,9,B
692,-6.532737296412542e-05,1,B
693,-0.21452405635342905,10,B
694,-0.5374458082534393,11,B
695,-1.8032100483143116,11,A
696,1.648132340203381,13,A
697,0.7685333202158618,7,A
698,-1.4098516467860354,10,A
699,-1.363115990334221,14,B
700,-1.5369317745832876,6,A
701,-0.4187380276539156,8,A
702,0.7278717375259459,6,B
703,-0.6431841262473791,9,B
704,0.3393067424232017,7,B
705,0.9197139307827427,8,A
706,-0.6308718276658295,13,B
707,-0.6873143158628925,5,A
708,-0.5261520128602722,6,A
709,-0.5145635686926345,8,A
710,0.17304457966140702,7,B
711,0.8020983071332954,11,B
712,1.7744231021914998,10,A
713,0.29200863934928917,6,A
714,-0.40537842444728883,4,A
715,-0.06889708639506885,0,B
716,-1.3854389845809958,7,B
717,0.8118983012199678,3,B
718,-0.4472466386697959,6,A
719,0.6774116659417867,13,B
720,-0.29968298272125254,12,B
721,-0.7835340992946592,7,B
722,1.2871413028819219,2,B
723,-0.026352515880994704,5,A
724,-0.15673994510750527,12,A
725,0.16599569384055737,9,A
726,-1.9259551230348049,0,B
727,-0.6514935675726998,6,A
728,-0.10184586977545411,8,B
729,-0.4389027311964484,4,A
730,-1.7670819965180635,12,A
731,0.7532157521987758,1,B
732,0.37007597950590826,9,A
733,1.272757855997376,10,A
734,1.4404701954384753,10,A
735,-1.7608218221297547,5,A
736,0.6198453206964726,5,A
737,0.49298548969534395,7,B
738,-0.7530305383944589,5,B
739,0.3734219975987154,2,B
740,0.7987282312208517,9,B
741,-0.3506111952750646,14,B
742,-0.293277699090594,11,A
743,-1.8727423707011899,10,A
744,-1.5005067306951134,14,B
745,-0.43144824137661736,11,B
746,1.4398299119693365,3,B
747,-1.5132960134010414,7,B
748,0.43974238195478427,11,A
749,0.11301745964155745,1,A
750,0.1842094750234255,3,B
751,-2.2746244592958975,3,B
752,-1.0128435772135325,6,B
753,1.0061260720637397,5,A
754,-0.16064366343827138,1,B
755,-1.2149029102615503,4,A
756,0.12515292746940307,13,A
757,0.28566690039225173,13,B
758,-0.33694021590303747,0,B
759,-1.289256740591428,13,A
760,0.06491332695280869,8,B
761,-0.3196406276605067,10,B
762,0.42421904102379354,2,A
763,-0.8784635976470633,0,A
764,-0.1196100685527967,9,A
765,-1.5204012512344982,8,B
766,-1.0040020397533127,12,B
767,-0.5516654524788953,0,A
768,0.3966055547192223,10,A
769,-0.717010500250434,14,A
770,-1.1006225651169077,3,A
771,0.04520879742309364,14,A
772,0.7053184091767911,13,B
773,-0.9444224998769055,2,B
774,0.22095942760308354,10,B
775,1.0856091368285696,0,B
776,0.4730707507873113,6,A
777,-1.0354575539436217,10,B
778,0.19935644607003566,9,A
779,-1.0871937533099445,13,A
780,-0.2752838636533429,8,B
781,1.5766337754223108,10,A
782,1.8576823377672718,0,B
783,-0.9780593301348692,9,B
784,0.14253904769926512,12,B
785,0.971848765816184,4,A
786,-1.6109283853540284,0,A
787,-0.021116238445531725,5,B
788,-0.6054508396005917,12,B
789,-0.05060183619047457,13,B
790,0.49151815931081067,11,A
791,-0.6328367152769029,8,A
792,-1.2730817271716877,9,A
793,-0.9894800724491529,9,B
794,0.9246075906554593,12,B
795,0.4348563369752469,7,B
796,0.6115640773018285,2,A
797,-0.5925033434721673,10,A
798,0.29006516175423414,1,A
799,0.26223924181589686,5,A
800,0.790677649245144,6,B
801,0.13423206962561435,3,A
802,1.3147159011697551,7,B
803,0.13051809161525538,3,A
804,2.076640184562776,8,A
805,-1.0081243182362576,10,B
806,0.5922658211731363,7,A
807,-0.4789320252634903,2,B
808,0.33178043238344374,13,B
809,0.695038333533125,12,A
810,-1.348873956290093,4,A
811,1.881614560318695,1,B
812,-0.4136550861752891,11,A
813,-0.2146289193421864,12,A
814,-2.020272702480875,10,B
815,0.4240103308474943,14,A
816,1.6306555713769548,5,A
817,0.4440063302834734,3,A
818,0.1777132468640157,10,B
819,0.5839757803921187,7,A
820,-0.5130727259722622,7,A
821,-0.3018736333989752,6,A
822,1.4383366128608828,5,B
823,-0.2956401186797726,4,A
824,-0.732601881123305,5,B
825,-0.8390175350112968,3,B
826,0.4137311596018112,8,B
827,0.7369372200299382,6,A
828,-1.2909475683730993,5,B
829,-0.015352774099290478,12,A
830,-0.159556873348838,14,B
831,-1.6628314726202273,3,B
832,2.36973699190532,0,B
833,0.3782143062956548,9,A
834,-0.5971737807364713,4,A
835,-1.629815730803451,12,A
836,-0.47198620530652335,2,B
837,0.44657220634499556,2,B
838,-1.2976316688453475,14,A
839,-0.5631147767454939,3,A
840,1.156049535270715,8,A
841,0.8633997576797235,0,B
842,0.4770060950521914,10,B
843,-0.005872014939088369,5,B
844,-0.693738961987068,0,A
845,-0.7777867439101203,1,A
846,0.8539906780100607,14,A
847,-0.37393042993802533,10,A
848,-0.8178644852546819,7,A
849,0.3466090032745329,14,A
850,-0.2969507192368515,0,B
851,0.1356204277279551,8,A
852,0.12450256593152483,14,B
853,1.6152167216316218,12,A
854,-0.2338565284372821,13,A
855,1.2799648569323916,9,B
856,-0.23199421689156102,6,A
857,0.5916234085036173,9,B
858,-0.3527894760400785,2,B
859,-0.19091320381032323,4,A
860,0.6721396774468701,13,A
861,0.3940697481740373,5,A
862,-1.409441237567761,3,A
863,-0.2101421611750808,6,A
864,1.336764699192227,0,B
865,-0.0861349514159269,10,A
866,0.038412712857441654,5,B
867,-1.447765081088067,7,A
868,2.616358018156856,12,A
869,-0.3892183724683466,5,A
870,-1.0011368552491906,12,B
871,-1.0255099805322936,14,A
872,-0.29210571803497953,12,B
873,-0.915285771267115,2,B
874,-1.0868055917118107,3,A
875,0.5060754225524964,5,A
876,0.2862507728379951,4,A
877,-0.0378359927330581,13,B
878,0.9014085369082514,8,B
879,0.3434777426316576,10,A
880,1.8294590533563027,9,A
881,2.332550408206132,11,B
882,0.8114873454032063,9,B
883,-0.16553639071117018,2,A
884,1.30497994013759,9,B
885,-0.8938290268022338,4,A
886,-0.013496897893174533,1,A
887,-0.2237753573892378,2,A
888,0.48445175254716,9,B
889,0.6311053884253093,14,A
890,0.12122176909797754,6,A
891,1.3776662953879928,13,B
892,0.016101814497015064,3,A
893,0.071876180102668,7,A
894,-0.3212610417738743,1,A
895,-0.6240882084901116,5,A
896,0.11459653546817015,8,B
897,0.41778997381811583,2,B
898,0.18733389724373384,6,A
899,1.3650076231505053,7,A
900,0.5409386306522056,10,B
901,1.0085378506463352,14,A
902,0.34660429486265054,11,B
903,-2.339056079745845,8,A
904,0.08783851031400154,7,A
905,-0.2767111070557566,3,A
906,0.5672480114928954,1,B
907,-0.2714880212310314,4,B
908,-0.35629119362591977,6,A
909,0.8681373299272304,14,A
910,0.07180549159387038,1,A
911,0.7269651974979672,3,A
912,1.4344087165423152,1,B
913,-0.11610993760936106,3,B
914,-1.665610164717782,6,A
915,-0.4002166195455367,6,A
916,-1.1532344879691516,14,B
917,-1.4040851612682723,14,A
918,1.4321991038140178,11,B
919,2.3714882472537018,8,A
920,-1.368631105040485,2,B
921,1.569043829700254,7,A
922,1.867492757612553,7,B
923,0.5794571622643356,3,A
924,0.1722699088154626,3,A
925,1.2316665571748655,4,A
926,0.478637955608827,11,A
927,0.5905623841218806,13,B
928,0.4367454465336843,6,B
929,-0.17552461782997705,10,A
930,0.08520386995100761,6,A
931,-0.1723359496342604,9,B
932,-0.09197776562624067,3,B
933,0.7370678916322584,11,B
934,-0.8688530094427706,1,A
935,-0.6555038515145399,13,A
936,0.230945108589664,13,A
937,1.2343756356798907,14,A
938,0.7275937771365204,0,A
939,0.2749237352811141,7,A
940,-0.4453184623683493,7,A
941,-1.3708360590417303,3,B
942,-0.03510491393551537,3,B
943,0.42555524238898773,11,B
944,-1.18710988827216,6,B
945,2.0984957520926577,4,A
946,0.5158435583954123,2,B
947,1.142252991571732,4,A
948,0.8818840087982475,9,B
949,-2.1682646336429787,10,A
950,1.039900239309921,5,B
951,0.8624997659006852,3,B
952,-1.4574051949247822,14,A
953,0.16142984062797702,8,A
954,0.045632668473685224,12,A
955,0.002990567932515256,10,A
956,0.83944037558584,0,A
957,-1.0305060122110536,4,A
958,-0.6701522327820157,2,A
959,-1.7405813472517624,5,B
960,1.0240089734503826,12,A
961,-0.5347122581632491,7,A
962,-0.17071419348061925,10,B
963,-0.2755889591914984,8,A
964,0.13820563542512596,0,A
965,-1.7495839748958202,1,B
966,0.6823054983234118,5,B
967,-0.9266336563785054,2,A
968,-0.646567315426073,1,A
969,0.3806774361496145,0,A
970,1.0973195765362085,7,A
971,0.7807271208856659,5,A
972,-0.43617712820364507,10,A
973,0.40999183009542517,4,A
974,-1.435443275119191,2,A
975,0.9470869610088908,12,A
976,0.1578877500747885,12,A
977,-0.3209908310195628,11,A
978,-0.8179789851396267,3,B
979,-0.38332840998053935,5,B
980,0.462087353401156,13,A
981,-1.2198785590231391,8,A
982,1.0822490115799455,4,A
983,-1.4944275688382604,9,A
984,0.42365760578523065,0,A
985,1.7734731663335472,7,B
986,-0.8152014504441955,11,A
987,0.7709017832664657,11,B
988,0.151985426552595,8,A
989,2.420245026325039,11,A
990,-0.025092400085050186,12,B
991,-0.39712696099269157,4,A
992,-0.1946620085736783,6,B
993,-0.0009028339972982567,12,A
994,0.1925615517824097,4,B
995,-0.8010628526629715,11,A
996,-0.13124558615493628,12,B
997,2.2173249349832678,7,A
998,1.7438538453187304,2,A
999,-0.6965384557005567,5,A
1000,-0.8350108635004792,6,A
1001,0.43511872771589694,1,A
1002,-0.22053726877219934,6,B
1003,-0.03760687734973304,5,A
1004,0.7833968085347225,9,A
1005,0.24831295724050578,7,B
1006,-0.36766453846758673,8,B
1007,-0.7761483020559972,12,A
1008,0.11076802369688994,7,A
1009,0.1185904751727178,6,A
1010,-0.12506914610580927,1,A
1011,-0.9866544893404988,8,B
1012,1.0579147980980654,13,B
1013,-0.614368620223687,6,B
1014,-1.3190880704847423,4,B
1015,0.21124019390865337,13,B
1016,0.6811274949378352,3,B
1017,0.30440779441579996,11,A
1018,-0.5426465379976447,1,B
1019,-1.430733003982204,11,A
1020,0.01716608620778467,7,B
1021,1.133375534716148,12,B
1022,0.8018077831657324,14,A
1023,0.17015988047864608,7,B
1024,0.7544830811446485,5,B
1025,-1.3485075654252234,5,B
1026,1.1971221292455603,12,A
1027,-0.9609464364701812,7,A
1028,-0.636023764145814,9,A
1029,0.6439707148142225,11,A
1030,-0.56496373825122,9,A
1031,-1.4207966102815925,7,A
1032,1.0353013911716005,14,B
1033,0.07508793376622616,1,A
1034,0.4706370065875227,0,B
1035,0.7270007295733258,2,A
1036,0.4555106741564497,13,B
1037,-0.5925498736512013,10,B
1038,-0.3715150120428753,14,B
1039,1.9156490554969747,14,A
1040,0.36660080553883984,13,B
1041,0.11044360555804011,12,A
1042,0.9939323603572691,2,A
1043,1.0125000525498475,9,B
1044,0.7598652185413834,4,B
1045,0.5933246205552059,8,B
1046,-0.571752356009862,13,A
1047,1.1795438630029687,13,B
1048,1.103309665508314,8,B
1049,0.0688102294407597,0,A
1050,0.36593430638153446,4,A
1051,1.1699746251345986,7,B
1052,-0.8769562803099799,7,A
1053,0.14428661408737914,5,A
1054,-0.6131292585484133,12,B
1055,-0.005684191916507665,2,A
1056,0.8290648135351267,5,A
1057,0.4396225986350423,9,B
1058,-1.2899487551233486,1,B
1059,-2.0438280598648726,14,B
1060,-0.612874283407821,5,B
1061,-1.6788705114368458,8,A
1062,0.1343480390284691,1,B
1063,-0.7020012121986255,14,B
1064,-0.1907398240547785,6,B
1065,-1.0839305125537317,1,B
1066,0.517313512280379,3,B
1067,0.7822173128340852,6,A
1068,-0.5732252127742843,5,B
1069,0.14881763914797685,4,A
1070,0.5915956950034622,4,A
1071,1.4179548193477465,2,B
1072,-0.3198966799705179,0,B
1073,1.111075849759741,1,A
1074,-0.0926568550153346,7,B
1075,0.8319205565153023,14,B
1076,-0.25008213285168057,13,B
1077,-0.4317588808514664,9,A
1078,0.03582458545013756,1,B
1079,-0.8613057759997529,1,B
1080,-0.3740840720793452,13,A
1081,-0.13459264613689764,1,B
1082,-0.36253940567950466,11,A
1083,-0.378159992433274,9,A
1084,0.45271644147493917,9,A
1085,2.2174332052705052,4,A
1086,0.6760676049487797,0,A
1087,-0.4448409678655085,11,A
1088,0.6909742190767536,6,B
1089,0.7135038142383782,6,B
1090,0.2869747083421152,1,B
1091,-2.1155614980178856,4,A
1092,-0.3594922487794632,11,B
1093,-0.003980537502720818,0,B
1094,2.6317490077828074,12,B
1095,-2.585485777036899,4,A
1096,0.5419119812345291,8,A
1097,-1.131340568867631,11,B
1098,-0.3179063531122468,1,B
1099,-0.7356295947994096,7,A
1100,-0.389167578789244,0,A
1101,0.235652746639868,10,A
1102,0.6096933099332804,6,B
1103,1.2413170867038843,11,A
1104,-0.4296221513512761,13,A
1105,-0.2537525687015788,10,A
1106,0.39077705114623423,6,B
1107,-0.3197304000403259,1,B
1108,-0.7742076252588657,7,A
1109,1.5342242194234432,0,A
1110,1.7354623381527112,5,A
1111,-1.053064426687403,7,A
1112,1.63936454728468,10,A
1113,-0.5420549022421293,12,A
1114,-0.1188706566671545,0,A
1115,-1.8086082113979494,8,A
1116,-0.828670191015613,13,A
1117,0.4731663116018274,9,A
1118,-0.10026735628046,1,B
1119,-0.27684579992922215,9,A
1120,-0.5118199460458774,14,B
1121,-0.49749843899801266,10,A
1122,0.29014645486847335,3,B
1123,-0.06847640425866063,0,A
1124,-0.050618990389674316,8,B
1125,-0.033169088620394305,14,B
1126,0.4860085304335772,3,A
1127,1.0749613093253756,4,B
1128,-0.07653802850945288,7,B
1129,-1.2477501390400367,9,B
1130,1.131714604574377,0,B
1131,0.5243680079850316,5,A
1132,0.9800512271557792,6,B
1133,-1.4090795713447044,9,B
1134,-1.3433531280677535,12,B
1135,-0.42098636354817814,2,A
1136,0.7608289366859496,4,A
1137,-0.9625436502433804,6,A
1138,0.07262896716765961,4,B
1139,0.6306459475827378,9,A
1140,-0.24834419487659845,11,B
1141,0.01934312489415938,13,B
1142,-1.5327993831726574,14,B
1143,1.1853495572673338,8,A
1144,0.6948449543631086,2,B
1145,0.23860278932331527,2,A
1146,0.252236240962305,13,A
1147,-0.3400837840287982,11,A
1148,2.5469356995776167,5,B
1149,0.5349415717284096,14,A
1150,1.530201764818041,6,A
1151,-0.10191606002483494,9,B
1152,0.34053684819599583,14,A
1153,-0.3631022538347193,9,B
1154,0.30627071975503717,2,B
1155,0.32166369220986396,9,B
1156,0.613574275409635,11,B
1157,1.0046567445301302,9,A
1158,1.0609301519092842,14,A
1159,0.9575302311771924,14,B
1160,-0.23965220291841394,7,A
1161,0.7496572887851635,9,B
1162,-0.31808570935904207,12,A
1163,0.678572281661339,13,A
1164,0.3455266525944137,1,A
1165,-1.0572085286148898,2,B
1166,-1.612604600661467,14,B
1167,1.814622983526043,4,A
1168,-0.45885497779871826,1,B
1169,0.631869548884517,1,A
1170,-0.019140435602963614,5,A
1171,-1.6801061787199212,0,B
1172,0.14385983179370498,0,A
1173,-0.9940169586243555,12,B
1174,1.0557465212005344,0,B
1175,-0.14555507081444857,0,B
1176,1.8347678735040196,11,A
1177,0.7483820811898375,11,B
1178,-0.7825537957831766,2,B
1179,1.4487025352779805,9,A
1180,-2.4977580635592997,12,B
1181,2.133484425027112,2,B
1182,0.34697514926724776,7,A
1183,-0.14642056562696512,4,A
1184,-0.8976064653155069,11,A
1185,-0.6327242273910261,14,B
1186,-0.08127627706407164,10,B
1187,-1.0450143217800942,11,A
1188,-0.3908718749643966,5,A
1189,0.014928407737525717,5,A
1190,-1.4302002447908204,11,A
1191,0.3875687798496642,7,B
1192,1.84475498540652,12,A
1193,0.2555916404801401,10,A
1194,-0.7073351504490649,13,B
1195,-0.36939026659772844,7,A
1196,0.21294581369712795,12,A
1197,0.03226010270377298,9,B
1198,1.0550224832795851,10,A
1199,-1.0323533081546175,2,A
1200,-1.5117980232432449,3,A
1201,0.0232999337277919,14,B
1202,-0.5230009712275288,9,B
1203,1.2807122970397413,3,A
1204,-0.8474039440710567,1,B
1205,0.0695701904613002,10,A
1206,-0.6886202628638094,7,B
1207,-0.3197339466369894,3,B
1208,1.6910510368615612,7,B
1209,-2.2829533713659926,4,A
1210,1.2581602598368913,2,B
1211,1.3401552500052967,8,B
1212,1.1084163050797136,9,A
1213,0.6771293447964907,8,B
1214,0.31136233023177456,0,A
1215,-0.11597580536837322,4,A
1216,-0.8858414392000141,1,A
1217,-1.760064786894418,14,B
1218,1.7858207298737014,9,A
1219,0.9799781806281145,8,B
1220,-0.6632433892680366,12,A
1221,-0.45933221773252675,10,A
1222,1.58685016582792,8,A
1223,-0.5123467253120573,8,B
1224,-0.33838633585966066,14,A
1225,0.2702766971288783,4,A
1226,-1.8741945677500906,3,B
1227,0.8768892066433874,10,A
1228,2.3870527114545665,1,A
1229,-0.024211214519866315,6,B
1230,-1.1393140700789093,5,A
1231,-0.5325780822933178,3,A
1232,-1.64073178346263,6,A
1233,0.2373275994819822,9,A
1234,1.0871823864436525,13,B
1235,-2.1157464760999396,13,A
1236,-1.507647662573958,11,B
1237,0.2779344766808677,14,A
1238,0.2158568951475837,7,B
1239,-1.0260698015246905,2,A
1240,1.1087820142197535,9,B
1241,-1.1169992189838869,3,B
1242,-1.3756990096663706,8,A
1243,-1.309318978465728,10,A
1244,1.188297662735582,0,A
1245,-0.42984805890235595,11,A
1246,1.381979527082824,13,B
1247,1.363943556533319,1,B
1248,0.15094724264373266,1,A
1249,-0.1692723656131615,2,A
1250,0.9512127599773735,7,A
1251,1.076381421180638,3,A
1252,-1.4409545751955686,3,B
1253,0.5401181651641803,6,B
1254,-1.7115711804840774,10,B
1255,0.23228635100010478,5,A
1256,0.717368916719437,14,B
1257,0.164800205454329,7,B
1258,-0.4857814187439944,0,B
1259,0.8661478335254965,7,A
1260,1.2711526916361955,1,A
1261,0.9112094036350523,5,A
1262,-1.437259369577666,12,B
1263,-0.4540406808075476,8,A
1264,-0.8485620673715012,3,B
1265,0.8951228785178904,0,B
1266,-0.039777799479879604,11,A
1267,1.6352863476388277,2,B
1268,-0.09560716121210278,8,A
1269,-1.098015856136713,3,B
1270,0.9584982455541325,9,A
1271,-1.8254008824951153,13,A
1272,0.10677586328624003,11,B
1273,0.17065441622438357,7,B
1274,-0.754850444817644,1,B
1275,1.3144951905961164,5,A
1276,-0.7553037388186288,14,B
1277,0.6780820052898388,14,A
1278,-0.7419285999445705,10,A
1279,-0.7747452679301449,0,B
1280,0.5125099973952575,10,A
1281,0.9652221831025815,3,A
1282,0.781611491857258,8,A
1283,0.3265746767666949,10,B
1284,-1.9771462169142962,4,B
1285,-0.719181242121215,12,B
1286,-0.4261720733025445,5,A
1287,-0.49550634474238175,9,A
1288,-0.5894997788473244,4,B
1289,1.172703945056509,9,A
1290,-0.0158350212666464,9,A
1291,0.4890425385314379,11,B
1292,1.0490817790282625,0,A
1293,-0.9020913006502863,11,A
1294,1.2437166128374662,7,A
1295,-3.6401036859367597,11,B
1296,-1.3457023544001099,2,A
1297,-1.6554721291319332,0,B
1298,-1.475954093384452,14,A
1299,-1.5237238227321985,11,B
1300,-2.210081245095302,3,A
1301,1.8529815394993572,3,B
1302,0.1401834249758225,1,A
1303,1.3995007388818452,4,A
1304,1.5886265357343605,12,B
1305,1.3929306446739105,9,B
1306,1.5763741202450947,0,A
1307,-0.9733019998312674,1,B
1308,0.3056984376333005,9,A
1309,-0.6406646933035142,2,A
1310,-0.9346190203656446,10,B
1311,-0.279804912743215,0,A
1312,1.0148041629366975,14,A
1313,0.32851851663353704,0,A
1314,0.8030259897930625,1,A
1315,-1.6029871821452122,11,B
1316,-1.1982038883320327,10,A
1317,0.04030822320572998,11,A
1318,-0.5507453252939064,14,B
1319,1.8908669749612819,5,A
1320,-0.8292856443912713,10,A
1321,-0.14055240637046995,3,B
1322,1.1975262813625136,4,A
1323,0.8151437397996653,7,B
1324,-0.6011509608062574,4,A
1325,0.950563839411741,0,A
1326,1.0706466702201618,2,B
1327,-0.707523210173105,13,B
1328,-1.1323175267436418,14,A
1329,0.5835965775305414,3,A
1330,1.074981729634046,8,A
1331,-0.6515434531204779,12,A
1332,0.3112936188820952,7,A
1333,0.9712560290287496,6,A
1334,-0.8162578685197722,3,A
1335,0.6412949426227766,9,A
1336,-1.0439241631661362,2,A
1337,-0.634622888274491,8,B
1338,-1.4915751834722202,7,B
1339,-1.2522234679558812,6,B
1340,0.32905414648948556,13,A
1341,0.3474678029810966,14,A
1342,1.294532466773663,1,B
1343,0.1708806744015258,2,A
1344,1.5295705470263845,5,A
1345,1.229473521415435,4,A
1346,0.020396549982205685,2,B
1347,-0.8996496266303815,3,A
1348,-0.9361762407851618,0,A
1349,-0.014471848591022959,2,B
1350,1.0996458706777172,7,A
1351,0.7040464153746487,7,B
1352,2.338651395123305,8,A
1353,0.4666580253985821,9,B
1354,-0.30923320339808585,10,A
1355,-0.7538582422249939,3,A
1356,0.9380690092918506,0,A
1357,0.2749738976216138,5,B
1358,-0.48863669482346744,6,A
1359,0.9910809658720954,9,B
1360,-0.23043071337456247,10,A
1361,0.44215278889894744,10,B
1362,-1.2768778344272325,13,B
1363,0.569496155711523,9,A
1364,2.0150554013117237,4,A
1365,0.5846907072036108,0,A
1366,0.619442324867424,13,B
1367,-1.9508245759204303,14,B
1368,-0.08486672049123434,14,A
1369,0.5733998140353183,6,A
1370,0.24529520239111915,3,B
1371,-0.7843186557708334,1,B
1372,0.682733660420789,5,A
1373,0.3603417058468153,14,A
1374,2.063564939852445,14,A
1375,-2.603140240288373,8,A
1376,1.5230384852255698,11,A
1377,-0.501014013395357,2,A
1378,0.20902051111224315,11,A
1379,-0.952940501805652,13,A
1380,-2.0676868847986394,12,B
1381,0.12258616195592603,7,A
1382,0.9357541013929201,6,A
1383,-1.499161539696601,1,A
1384,-0.22798800923781423,9,A
1385,1.9403383957968927,1,B
1386,0.6491503797383367,10,A
1387,1.9370804798616892,9,B
1388,0.6692985969828724,4,A
1389,-0.27213890030651766,4,A
1390,2.603693194947114,1,B
1391,-1.8823555258325515,3,A
1392,-1.853642437052892,13,B
1393,-0.6918123877974002,9,A
1394,0.1441834773701686,5,A
1395,0.5093402497206005,14,B
1396,-0.597658235155586,6,B
1397,-1.2769016714005885,5,A
1398,-0.12677071240091156,5,B
1399,-0.4674000039109891,7,B
1400,-0.6680508723462097,7,A
1401,0.18504877530418404,5,B
1402,-1.3486586147976918,10,A
1403,-0.058377911990952804,2,A
1404,0.17087435777040477,8,B
1405,0.9533189514177192,12,B
1406,-1.7133078817204812,4,B
1407,0.19265691365919185,5,A
1408,0.3404662611743176,5,B
1409,-1.2475302913772783,14,A
1410,0.10658111578417362,14,A
1411,0.4331993706438311,7,A
1412,1.3688159309671637,6,B
1413,0.484248899439665,9,A
1414,0.6687859031529221,3,B
1415,1.7929650856721095,10,B
1416,0.020101583230028173,10,B
1417,0.21136709005159648,11,A
1418,0.1341362603641855,7,A
1419,0.7474716146610563,8,B
1420,-0.5116518653546969,13,A
1421,0.5311850506449222,12,A
1422,-0.1972621624369845,3,A
1423,0.8874206332968624,13,B
1424,-0.039007179257285945,11,B
1425,-1.6342452385086217,6,A
1426,-1.1436281401404975,9,A
1427,0.11230986357777847,7,B
1428,1.7221973299476054,11,B
1429,0.2693103587924695,9,B
1430,-1.5796713590958817,5,B
1431,0.35325504339436414,2,A
1432,2.2967360440646454,13,B
1433,-0.682562015477886,11,A
1434,2.3844733026661507,7,A
1435,1.421555298829832,11,A
1436,-0.7084611028855411,3,B
1437,1.3305835093619933,12,A
1438,-0.625117621460735,12,B
1439,0.5101914808709537,4,B
1440,-0.7441480980760438,11,B
1441,-0.06251492783261813,4,A
1442,-0.3368074666379008,1,B
1443,1.2574604065858965,5,A
1444,-0.2496277829707679,7,B
1445,-0.5870475542704359,8,A
1446,1.5431985342309202,2,B
1447,-1.2629929160396733,5,A
1448,0.4686892769138752,8,A
1449,1.562770282916673,11,B
1450,-0.7420003170444047,0,A
1451,-1.1602903744791644,10,A
1452,-1.427147745668579,7,A
1453,1.4503585752621464,5,B
1454,-1.3986302715952537,13,B
1455,1.1302962828215448,1,B
1456,0.08102593254560723,12,B
1457,0.7104030057401279,1,B
1458,0.898425249285049,1,A
1459,-1.0147494830417723,11,A
1460,2.231520427637866,7,A
1461,1.718005504924521,0,B
1462,1.010164352974097,0,B
1463,-0.5778658398029638,13,A
1464,-0.299705847230148,2,B
1465,0.8486189056294575,2,A
1466,-1.5614234771613995,13,B
1467,-0.10956883751467517,9,A
1468,1.4762289853341712,13,B
1469,-0.01691985973556853,3,A
1470,-0.96491399274739,0,A
1471,0.8013788953662272,5,B
1472,-1.5348766896707242,12,B
1473,1.455580349088853,10,A
1474,-0.5242756852633946,8,A
1475,1.4189138100580918,0,B
1476,0.38925452495987944,11,A
1477,0.3475650980522228,8,A
1478,0.9162545439749441,7,B
1479,-1.3950950727397613,11,B
1480,0.33573490546990625,3,A
1481,1.256488923476952,3,B
1482,0.07693319936123476,12,A
1483,0.9660803605363597,3,B
1484,-2.1193480531417754,10,B
1485,-0.7472849721538743,6,A
1486,-1.2192161228979124,2,B
1487,-0.2242677703537471,13,B
1488,0.29160571746416286,1,B
1489,1.4362050633639956,5,A
1490,-0.2921712468170617,9,B
1491,-1.6418909251950253,13,B
1492,-1.2149811776744135,5,B
1493,2.03338040359321,11,A
1494,-1.505186487076893,10,B
1495,0.9973565158303624,14,A
1496,0.027913702049002554,0,A
1497,-0.7340453871950272,6,A
1498,1.8151435892215266,10,A
1499,-0.5101815363582577,0,B
1500,0.058759024925879935,2,A
1501,-0.11417334325090633,12,A
1502,-0.3991019846023223,8,B
1503,-0.05353640731431968,11,B
1504,-1.3380459043411468,9,A
1505,0.17908673088036506,9,A
1506,-0.3199917797402142,4,B
1507,1.5796900955091584,1,A
1508,-1.6149667795460407,6,A
1509,0.29764464258921053,4,B
1510,-0.169967077821397,1,B
1511,-0.8172460008712124,0,A
1512,0.8668420158066183,1,A
1513,-0.4087939121572121,11,A
1514,0.562013376911139,2,B
1515,0.023283624339405062,9,A
1516,0.1713812733249716,4,A
1517,0.7779694468288229,13,B
1518,-0.07661939652329253,5,A
1519,-0.2706246967108832,0,B
1520,-2.3191210952575942,5,B
1521,-0.47584715347709894,11,A
1522,-0.23154762035890222,12,B
1523,0.33607307400740766,9,A
1524,-0.5150983675356828,14,B
1525,-0.8139351867019596,6,A
1526,0.02141398194910059,8,A
1527,-0.7342677687274074,9,A
1528,-1.1206518872972826,1,B
1529,0.46856294916561064,7,A
1530,-0.22340050340345208,3,A
1531,-1.454775020052997,9,A
1532,1.6224553912969892,4,B
1533,-0.6814512098336417,13,B
1534,-1.5449270426904687,0,B
1535,-0.5636932647599928,8,B
1536,-1.4971182301555492,9,A
1537,-0.06177682716175529,2,B
1538,-0.6066052916150474,10,B
1539,1.305708297999422,13,B
1540,2.106551881789888,10,A
1541,-1.3135438918065652,11,B
1542,-0.1873398291375265,13,B
1543,1.172915932483038,1,B
1544,0.09432719495839792,4,B
1545,-0.061002164591777715,11,A
1546,0.7364452467717644,14,A
1547,-0.2769515095437266,1,A
1548,0.5297186072973354,11,B
1549,-0.43987333896478703,12,A
1550,-1.9789843339839552,4,B
1551,-2.59032423358687,11,B
1552,-0.18524880358318502,7,B
1553,-0.12012100668059182,4,B
1554,0.3716496009753175,10,B
1555,1.368129057100506,6,A
1556,-0.8588481591815607,0,B
1557,-0.05577773497704245,10,B
1558,0.6220459592278074,6,B
1559,0.361762256103846,10,A
1560,-1.8972987731316373,12,B
1561,-0.6235387030816184,13,A
1562,-1.4879356495867573,11,B
1563,-0.876200719321899,13,A
1564,0.8598553255603391,12,B
1565,1.1494821243207383,2,B
1566,-0.009532481929752633,3,B
1567,0.5257663827886673,13,B
1568,1.6126816470663772,6,B
1569,0.16409302890683666,9,B
1570,0.07449341638842354,2,B
1571,-0.12064299869398912,12,A
1572,0.14874705363325408,8,A
1573,0.8206092450983716,14,A
1574,-1.067397712805209,6,B
1575,1.8489470949769349,11,B
1576,-1.530679198493973,14,B
1577,-1.2164992548268518,2,A
1578,-1.1375881994671961,14,A
1579,0.9675250575703285,5,A
1580,-0.09062901293024381,1,A
1581,-0.3757951698915374,2,A
1582,0.7776868148346044,10,B
1583,1.1852906120789244,14,A
1584,1.318116343007023,14,B
1585,1.2508838915008689,0,A
1586,-1.641209576217383,8,B
1587,-0.03370951281881974,1,A
1588,1.6054636715107402,5,B
1589,0.7503767045610374,7,A
1590,-2.085253867182205,5,A
1591,2.2470163486498462,6,A
1592,0.5566409014118892,14,A
1593,0.5654484975195347,4,A
1594,0.8631652823287156,5,B
1595,0.787728617743191,11,B
1596,0.4730236611347354,2,B
1597,0.2238007423188684,9,A
1598,-0.5819256807080575,14,A
1599,0.0698883367891801,2,A
1600,0.6168180649853972,0,B
1601,0.9498361279970831,4,A
1602,1.907379360909425,5,A
1603,0.9507695793659912,0,A
1604,0.5521021649350195,4,B
1605,0.7323219105492336,12,B
1606,0.03940736170970004,2,A
1607,-1.0614969224138266,9,B
1608,0.739050504376127,9,A
1609,1.5320942700026468,10,A
1610,-1.7295920431514606,8,A
1611,0.711950650211812,10,A
1612,-0.24888750795336012,4,A
1613,-0.26448213368486845,0,B
1614,0.26484355393329606,13,B
1615,0.06708014236437206,7,B
1616,-0.26316107026649693,12,B
1617,-1.182596999426081,9,A
1618,0.22016578685731222,1,A
1619,-1.7019558137769915,1,A
1620,-0.45187393179318025,4,A
1621,1.3175237336919121,1,A
1622,0.7895396732084123,6,A
1623,-1.6272302068246751,6,A
1624,1.56428429859186,4,A
1625,0.8966212329746641,6,B
1626,-0.6860525744731109,2,A
1627,-0.4396949318282434,5,A
1628,-0.062826373988762,0,A
1629,1.505436875740667,10,A
1630,-0.6484897629276096,1,B
1631,1.8315638955939983,8,A
1632,0.04019439342834906,11,A
1633,-1.6879092605492345,7,B
1634,-0.8186943541529803,9,A
1635,0.3110440451413511,3,B
1636,-1.8002903655104625,5,B
1637,0.26374703877184924,14,A
1638,-0.4112978714522307,10,A
1639,0.6502369265615765,10,A
1640,1.373709418453858,2,B
1641,0.6524800139941879,3,B
1642,-0.7567744210796897,8,A
1643,-1.2939492383765387,13,B
1644,-0.8418468017565849,0,B
1645,0.6127259209834419,3,A
1646,-0.09117787112617536,1,A
1647,1.3414566761792763,8,A
1648,-1.9143103354724333,10,A
1649,-0.3318615668657639,4,A
1650,-0.36413388125466134,10,A
1651,0.8153007634654196,1,A
1652,-0.6557587827082061,2,A
1653,-1.080004750322569,14,A
1654,0.2889789560844729,9,A
1655,1.1402252543276776,0,A
1656,-1.4980242314280114,12,A
1657,1.1104599985314534,7,A
1658,0.1470474260700706,10,A
1659,-1.2801360436426632,12,B
1660,0.039242451184216896,4,A
1661,-0.9314739640229417,7,B
1662,-1.018722165192588,3,A
1663,-1.43588427091524,11,A
1664,-1.2052501001090339,5,B
1665,-0.20154252739608366,0,B
1666,-2.072455185980453,1,A
1667,-0.29873499214895,6,B
1668,-0.19462553305676322,3,A
1669,-0.8324409265599934,6,B
1670,-0.26414972201555315,11,A
1671,0.3491385323773312,0,B
1672,0.09641651421839456,7,A
1673,1.974542509215248,10,A
1674,-1.209888700496727,11,B
1675,0.979534566849551,12,A
1676,0.17056594029466648,9,A
1677,0.19166597803854582,2,A
1678,-1.4904709797243945,12,B
1679,-1.0088258576764906,13,B
1680,-0.6629110918517425,14,A
1681,-1.5744057571842236,3,B
1682,-1.4301369400926927,10,A
1683,-2.535378501556666,6,B
1684,-0.6789146688441802,2,B
1685,-0.32391013322740686,11,A
1686,0.8453572744311328,8,B
1687,-0.14448477651882274,0,A
1688,0.6813405711758879,2,A
1689,-0.7003483478644591,2,B
1690,-1.4542987254271407,11,B
1691,-0.5297822580689507,1,A
1692,0.8992742207747548,0,A
1693,1.1758545295882774,3,A
1694,1.3980238009975743,5,B
1695,1.685972461023537,13,B
1696,-0.1898161086979119,2,B
1697,-0.6018769562356451,1,A
1698,0.2471991457336592,12,A
1699,0.16207340156416752,5,B
1700,-1.2300708046384785,0,A
1701,1.0903093177695988,4,B
1702,-0.08145814221153386,3,B
1703,0.028295325624611525,11,A
1704,-1.8906715908398606,1,A
1705,1.6237630405687864,3,B
1706,-1.6072198080318796,7,B
1707,1.480217811934747,3,A
1708,-0.16109599307762598,10,B
1709,0.04831813210228227,2,A
1710,-0.1510583756221129,5,A
1711,-0.14732486085340069,12,A
1712,-1.768501855968258,6,A
1713,0.1857319651228831,5,A
1714,-0.746623307062919,1,A
1715,-1.3463921753534802,8,B
1716,1.1276347644780675,14,A
1717,1.4988529981092609,0,B
1718,0.06480326270549042,12,A
1719,1.7189739108310873,5,B
1720,-0.18844625557305408,4,A
1721,0.04034336140319341,7,B
1722,-0.347086986821359,5,A
1723,-0.8642418986909643,13,A
1724,0.9952184313592063,13,A
1725,0.07044119414580471,2,B
1726,-1.0221265861476854,11,B
1727,-0.7471896597407227,9,A
1728,0.6175654416187234,4,A
1729,-0.8892743969578026,0,A
1730,-2.586706751037606,0,A
1731,1.0584268799327687,9,A
1732,1.8199370980542808,13,B
1733,-1.6252680790789844,14,A
1734,1.3759107578462728,2,B
1735,-0.6441025461610633,10,A
1736,1.7388027393007002,12,A
1737,0.488377916048191,14,B
1738,1.2635985037489816,13,A
1739,1.5567502438254615,9,A
1740,-0.6250153006476027,7,A
1741,0.4432644038100076,5,A
1742,-0.2767631350023848,4,A
1743,-2.057223713542728,11,B
1744,-0.1055635810803526,3,B
1745,-0.7642045620622966,14,B
1746,-1.1627525810124522,4,A
1747,-0.5905848558754029,7,B
1748,1.2136568471257443,3,B
1749,-2.458988366084158,3,B
1750,-1.042495466622605,12,A
1751,0.5923515500783338,6,A
1752,-0.742069408508482,2,A
1753,1.4486441779055017,11,B
1754,0.9700385428255616,4,A
1755,-0.1549923621075935,14,A
1756,-0.22680849269184147,3,B
1757,-1.4410533112111463,11,B
1758,-1.9260480611251085,8,B
1759,-0.8190763937293738,0,B
1760,0.751406350019449,9,A
1761,1.0472514346621002,5,B
1762,0.08130554129423168,4,A
1763,-0.42384900455514507,11,B
1764,0.9498229143916876,11,A
1765,-1.8541456219382322,6,A
1766,1.4140435550074617,1,A
1767,-0.5400989236348295,2,A
1768,1.3916041469684555,7,B
1769,-0.4864844409786584,4,A
1770,0.08366548242691972,4,A
1771,-0.30067874574513104,1,A
1772,2.4153939970224054,8,A
1773,-0.7546009320338067,2,A
1774,-1.3489106713829513,1,B
1775,0.1703374383707878,7,B
1776,0.12185434565360773,7,A
1777,0.5442751446037872,2,B
1778,-2.2107722649791883,10,B
1779,1.1985156210211254,13,B
1780,-1.000073329599392,0,B
1781,-0.8499595282157311,12,A
1782,-1.4195511974799466,1,A
1783,0.09156999425152815,3,B
1784,-0.21411874783142917,14,A
1785,0.7982996521467253,14,A
1786,-0.7354871227147505,14,B
1787,-0.055138150957044635,8,A
1788,0.8276318014627417,9,B
1789,-1.2590061552762748,1,A
1790,0.9349905858118222,2,A
1791,0.464717906914075,2,A
1792,1.5968147280202045,5,A
1793,0.3156353916166321,11,A
1794,0.678286630072594,1,B
1795,-0.6374404085761045,0,A
1796,1.2051239281827948,8,B
1797,-0.6455151799835269,13,A
1798,-0.5198214971784224,1,B
1799,-1.7459758449622407,6,B
1800,1.3927396804244847,9,A
1801,1.174675036334395,8,A
1802,1.2488735823725345,7,A
1803,2.176081277817601,3,B
1804,-0.00019291175015253504,11,B
1805,-0.17642109313202892,7,B
1806,-2.3684560645847594,10,B
1807,-0.7474773728190913,7,A
1808,0.15564212700607533,4,A
1809,-0.20429582366322616,13,A
1810,-0.34700447033945997,5,B
1811,0.25667923056811687,12,B
1812,-0.6434545739339093,12,A
1813,0.11334783464858968,5,B
1814,0.7736389944436636,14,A
1815,0.46179511409626595,4,B
1816,1.2810859092741358,4,B
1817,1.3375827015510755,6,B
1818,0.568567129939764,0,A
1819,0.7480977449099085,2,A
1820,1.2612613678078965,6,B
1821,0.385422135879339,6,A
1822,0.9660704775154305,13,A
1823,0.46507421874464894,14,B
1824,1.6826904371086557,3,A
1825,0.07812702314050782,4,A
1826,0.16454529341177718,13,A
1827,2.257251217841304,2,A
1828,0.9687949662921137,13,B
1829,0.8506762176240454,14,B
1830,0.9847456225816682,5,A
1831,0.8435872990609496,2,A
1832,1.7375053688429076,10,A
1833,-1.5463469855346652,1,B
1834,-1.3706802142389076,10,A
1835,-0.560746282970092,12,A
1836,-0.22434549325943198,14,B
1837,0.727735040799579,12,B
1838,0.12270622081908523,7,A
1839,1.2962114639326454,6,A
1840,0.4483950705562974,2,A
1841,-0.3259151285727561,6,B
1842,0.7104637351073139,2,B
1843,0.423018955004395,11,A
1844,0.5009812188628269,14,A
1845,2.233964631502273,11,B
1846,-1.675988276005932,9,B
1847,0.18963150123166897,10,A
1848,0.43651534904220185,8,A
1849,0.944758888664754,1,B
1850,-0.9975184124696669,1,A
1851,0.6178172393855892,6,B
1852,-0.6814141081511216,4,B
1853,1.2570027276244007,9,A
1854,1.1769093173290615,8,A
1855,-1.9870080908558285,8,A
1856,0.9164358537568742,11,A
1857,1.55531894650542,6,B
1858,-1.0234116803437427,3,B
1859,-1.4557692687142314,2,B
1860,-2.810713768923914,10,B
1861,0.44566576984730216,1,B
1862,-0.46888074965259124,5,B
1863,1.2967038265624315,12,B
1864,0.6597664327119173,5,B
1865,-0.6442159536802258,12,B
1866,1.0343316569919239,14,B
1867,-2.1631744723540094,10,A
1868,0.06298509406935832,3,A
1869,-1.177704054988216,7,A
1870,-0.607243235613658,5,B
1871,-0.5865790373175531,1,A
1872,0.21558065254924522,14,A
1873,1.2665162096705422,5,B
1874,1.1041497919949095,11,B
1875,-0.11947072755662842,10,A
1876,-0.9863424402928245,8,A
1877,0.07916027913533,0,A
1878,-0.7777643183072288,3,A
1879,2.021362499746812,5,A
1880,0.5754765252571152,1,B
1881,-0.33650380962736837,4,A
1882,0.19445191229127343,10,A
1883,-1.0836149183563901,11,A
1884,0.6030973409775594,5,B
1885,0.8750800832397574,8,B
1886,-0.17860943040929814,12,B
1887,0.09380168769012567,3,A
1888,-0.29437717096119487,8,A
1889,-1.2153825063300498,2,B
1890,-0.17089978400628913,9,A
1891,2.0323637121978964,5,B
1892,0.3514111811028071,6,B
1893,0.7130350399551251,2,A
1894,-0.8389102309178927,6,A
1895,-0.19308526597172476,7,A
1896,0.6607684398014513,12,A
1897,0.9277672964874403,7,B
1898,0.7572673657455528,1,B
1899,-0.7587555600180073,8,A
1900,-0.5188439865349569,8,A
1901,-1.9534917270326546,1,A
1902,-1.48078099937449,5,A
1903,-0.6069051957250226,4,B
1904,0.3980352078083294,9,A
1905,1.0748968733841593,11,A
1906,1.4793835745295831,14,A
1907,-0.6719088121537325,0,A
1908,-0.682500920933198,11,B
1909,0.8384048203500921,6,B
1910,0.668228796530892,3,B
1911,0.322138783709847,0,B
1912,-0.2354132516383729,4,B
1913,-0.18480390702478589,11,A
1914,-0.7557073900114548,5,A
1915,1.2665152771035766,4,B
1916,0.4731351723616105,13,A
1917,0.13040108212445417,1,A
1918,0.24685662769771055,14,B
1919,-1.431251790163592,0,A
1920,-0.8861333336149588,3,A
1921,-1.9221681666757577,13,B
1922,-1.0900839911680127,5,B
1923,-1.0766622525016705,12,A
1924,-0.8493535688797449,10,B
1925,-1.4476222645178802,11,B
1926,-0.3398302652972497,5,B
1927,-0.23704694502787313,13,A
1928,0.1812283678060327,1,A
1929,0.27340895379906344,5,A
1930,-0.3285004124791474,2,B
1931,-1.0385393537843781,11,B
1932,-1.3193108743681563,2,B
1933,0.15984893333871442,14,A
1934,0.16892405314755043,13,A
1935,-0.663582426888719,2,B
1936,0.9267239820341413,7,A
1937,-1.1003546825802817,2,B
1938,0.14103039665797273,11,B
1939,0.5190533154724729,9,B
1940,1.3277175135714363,8,A
1941,0.007331290088409755,1,A
1942,0.11330568343294788,11,A
1943,-0.953046850702068,5,A
1944,-0.8628372368577681,13,B
1945,-0.976248152148152,1,A
1946,-0.34870582029701547,0,A
1947,0.9877634954117154,8,B
1948,-0.4548563468798294,9,B
1949,-0.6611035711051252,0,B
1950,0.38528316440909627,13,B
1951,1.145996327284967,2,A
1952,1.1346805234257402,11,A
1953,-0.3364198665002896,12,B
1954,0.6278584041791984,14,B
1955,2.0648970055780778,5,B
1956,-0.873137546535284,6,A
1957,0.5660183988774932,1,A
1958,-1.5134940310826586,11,A
1959,2.295513510716575,3,B
1960,0.48060404424148107,2,B
1961,0.5457067179942937,7,B
1962,0.6715826978874606,9,B
1963,-0.4620334073317298,0,B
1964,-0.5438132908909752,4,A
1965,-1.535241059468889,12,B
1966,-0.570167624500228,14,A
1967,-0.9548610547792065,14,A
1968,0.6710713124198554,7,A
1969,-1.1059713902821642,13,B
1970,1.9165912658073914,2,B
1971,1.754134745455434,13,B
1972,-0.73611514462708,8,B
1973,-0.8127223962692289,8,A
1974,0.9393581673901021,1,B
1975,0.4642659621734265,14,B
1976,-1.690644663991641,8,B
1977,-0.6814252382429452,14,A
1978,-0.5228818989229927,5,A
1979,1.580265514738248,13,B
1980,-0.2061700036331438,14,B
1981,0.9492587936252223,10,A
1982,0.5401633677899376,10,B
1983,1.1748723349452008,11,A
1984,-1.5147510773574708,3,B
1985,1.5705752427373387,13,A
1986,0.7398421602600869,3,B
1987,-0.6380725574434459,9,A
1988,-0.5594679131422939,6,B
1989,0.1378432204176615,6,A
1990,0.15125031275203157,11,B
1991,-1.2647327554408396,1,A
1992,1.3655123347532823,8,B
1993,-1.4510879148567197,9,B
1994,1.20178078730561,0,B
1995,0.1413727770029246,3,B
1996,0.7888269561410062,2,A
1997,-0.42515325927993686,9,B
1998,0.24744674885260973,8,B
1999,-0.20488126166423112,11,A
2000,3.0032840787378277,10,A
2001,-0.9854615354280437,9,B
2002,0.6448639895205035,3,B
2003,0.24496282940246264,11,A
2004,-0.41736624558684343,0,B
2005,1.5286586449735033,3,A
2006,1.9415912256294081,3,A
2007,-0.3873671231133514,7,A
2008,0.8647560867061046,11,B
2009,-0.8420461045371666,14,A
2010,-0.8457028253077221,10,A
2011,0.6068483256519339,14,A
2012,-0.09755683336513356,11,A
2013,2.4360469846886086,11,A
2014,-0.176651607386786,11,B
2015,0.8707986829333522,6,A
2016,-1.1508967298642012,9,A
2017,-1.4781544203811423,3,A
2018,0.21084510461793365,5,A
2019,-0.04037759842019969,5,A
2020,-1.42606626685175,9,B
2021,1.0409584040491648,9,A
2022,-1.261933979420589,7,A
2023,1.2235364805977824,8,A
2024,0.16227781574476183,10,A
2025,-0.53782126361214,2,B
2026,-1.8198630437652088,0,B
2027,1.3010527975271318,0,A
2028,-0.7796547018518545,8,A
2029,1.061342187247358,12,A
2030,-0.006644937386628217,11,A
2031,1.3201336006541347,5,A
2032,0.029037184894095607,6,A
2033,1.402604769635816,14,A
2034,-0.36563406552915895,8,B
2035,-0.6198454541487188,13,A
2036,1.055108464402956,6,B
2037,-2.3747998416233402,6,B
2038,-0.5561578779822753,5,A
2039,-0.7243082186285094,9,B
2040,0.683073495289912,11,B
2041,1.265113692914659,6,A
2042,-0.5555687022412268,14,B
2043,-0.049602802753920414,14,A
2044,0.032769623521522746,0,A
2045,-0.6451587927601619,11,A
2046,0.860320378703641,10,A
2047,0.22379062524149995,11,A
2048,0.23937817970349295,13,B
2049,0.8638039441491249,13,A
2050,-0.9270579045286164,6,B
2051,-0.8847171007489407,14,B
2052,-0.8256046927184997,12,A
2053,-0.05381225921151534,1,B
2054,1.250033054643607,13,A
2055,-0.701661057350502,10,A
2056,1.547763018579717,3,A
2057,0.8937093646280402,11,A
2058,-1.7829222263990527,5,A
2059,1.3379868767845982,0,B
2060,0.6145604946513444,11,A
2061,-0.2690388367795096,6,A
2062,-1.6008653883838253,0,A
2063,-0.12477860391658686,14,B
2064,1.291246404700197,3,A
2065,1.4710083293893843,12,A
2066,0.8370903231724249,14,A
2067,1.344396837863122,14,A
2068,0.6475017101231114,3,B
2069,0.09618968815246033,5,B
2070,0.34854448804856886,14,A
2071,-0.2317439749945893,0,B
2072,1.5064068990340715,11,A
2073,-1.1461940113070628,2,B
2074,0.33514361024106815,0,B
2075,-1.403639886935056,9,A
2076,-1.704507542038776,0,B
2077,-0.15758151796478118,14,B
2078,0.3093754813200363,6,B
2079,1.4808444186338756,14,B
2080,-0.8025703885313202,7,B
2081,-0.45853868188427604,12,A
2082,0.3277384071498102,1,B
2083,1.579413763374672,5,A
2084,0.7443617372529663,11,A
2085,-0.6913766889695931,12,A
2086,2.8885607450369224,6,A
2087,1.1635228370861035,3,A
2088,0.43526295996935566,10,B
2089,-0.9120221208030475,5,B
2090,-0.7774918275229159,9,A
2091,0.14493224089457687,8,A
2092,-0.6474576927403537,1,A
2093,0.20556771266321933,10,A
2094,0.9875710195080937,7,A
2095,1.7114117958814095,12,B
2096,-2.974082692108655,1,A
2097,-0.31509391228041556,10,A
2098,0.7546742664102238,13,A
2099,-0.35873822478208434,5,A
2100,-0.9558697592232197,13,A
2101,-0.26154183375856743,0,B
2102,-1.5368069598765903,11,B
2103,0.5978001838876557,6,B
2104,1.5114698620149545,13,B
2105,0.01739404195355494,5,A
2106,-2.605250985784234,5,A
2107,0.165055811200547,13,B
2108,-0.4286463552598224,7,A
2109,-1.233957204373646,14,B
2110,-0.2701627593576404,6,B
2111,-0.23350277931493507,4,A
2112,-1.5916371613469507,1,B
2113,1.1576699445466088,7,A
2114,-0.9065345335757773,12,A
2115,0.7025295803488821,1,B
2116,0.3521458683749377,7,A
2117,-0.5755924841743345,5,A
2118,0.265078363701854,9,B
2119,-2.4754944299037103,9,B
2120,0.840097637214346,11,B
2121,-0.9635336743219431,13,A
2122,-0.06000513683661688,2,A
2123,-0.11596954190756455,3,A
2124,-0.009368980937577867,10,A
2125,-0.7885307054805615,8,A
2126,0.05310141978025292,5,B
2127,0.21226977823528365,1,B
2128,-0.5763297177231466,8,A
2129,-0.7762967304612469,12,A
2130,0.22827366679773387,1,A
2131,0.20830108246728274,7,A
2132,0.12111730578092685,13,A
2133,-0.764604097797216,6,A
2134,0.8231338059867391,8,B
2135,-0.08149116829650807,1,B
2136,-0.7890064512796503,2,B
2137,0.24908339469581628,6,A
2138,1.5738902076076449,10,A
2139,-0.6566368017309041,5,A
2140,0.2814243605302896,12,B
2141,1.4019093937396883,4,A
2142,1.3467033591400088,8,B
2143,-0.5652929616942131,7,B
2144,0.652237250566138,13,A
2145,-1.573629970682252,3,B
2146,0.6516929385903841,4,B
2147,0.8714447003651928,1,A
2148,1.1765629641825701,10,A
2149,-2.041710501226477,1,A
2150,0.019796841090380147,13,B
2151,1.167978328542296,13,B
2152,-1.0254365694832626,11,A
2153,-0.12326371684213464,2,B
2154,-0.1763183880095325,10,A
2155,-1.1101586108727879,4,A
2156,0.022234201304010943,13,A
2157,-0.5466884513000903,5,B
2158,-2.0241461210831413,8,B
2159,0.9655504938489248,12,B
2160,1.1592588535825168,8,B
2161,0.2590248147773846,13,B
2162,0.3894867492847997,8,A
2163,-0.18732362264174224,5,B
2164,-0.03848950854118905,8,A
2165,0.2747956281530617,12,A
2166,0.08702759614876167,10,A
2167,0.9949092567009568,14,A
2168,2.5731831268060077,8,B
2169,-1.177982094354453,3,A
2170,1.1227443888483977,14,A
2171,0.3266674449047755,4,A
2172,-1.2723339263288558,10,B
2173,0.17698305860773286,3,A
2174,-0.14541956055520427,3,B
2175,0.9939115180440902,4,A
2176,0.6851164304007746,14,A
2177,-0.6861964003031307,1,A
2178,0.42825127971154237,14,A
2179,-0.8052441292521294,12,B
2180,0.5595910724131461,0,A
2181,-0.3141453929225291,14,A
2182,0.8955429722408347,11,A
2183,-2.340131468170779,13,A
2184,0.20514557350115478,6,A
2185,0.12199370650694343,10,A
2186,-2.7371976501951214,6,B
2187,0.267438499723304,3,A
2188,-1.304634620590228,4,B
2189,0.09345816260375567,13,B
2190,1.526673882944942,13,B
2191,1.3900359077687627,8,B
2192,2.777030018898393,3,B
2193,1.6089216697901307,8,B
2194,0.9064915171063492,12,B
2195,-0.5337181755297894,13,A
2196,1.5769661420348093,8,B
2197,-1.2253278602435536,13,B
2198,-0.1679894913568526,8,B
2199,0.17936973879983176,1,B
2200,1.3662630419510253,9,A
2201,-0.005710723423287308,6,A
2202,-1.4578563256191275,12,A
2203,-0.12312551834603741,13,B
2204,-0.17555493573054934,7,A
2205,1.0710256679116492,10,A
2206,-0.11414051340075124,2,A
2207,1.8110957879781582,9,A
2208,-1.554053737507378,4,B
2209,0.537150216907327,8,A
2210,-0.9847337008154013,10,A
2211,-2.034811321685057,7,B
2212,0.22765501142907402,13,A
2213,0.26924405686630887,11,A
2214,2.9786206505743733,9,A
2215,0.755726189207165,10,B
2216,-0.12473522570688152,5,B
2217,0.12035515928700628,7,A
2218,-1.3931048161596709,3,A
2219,1.606898968272393,9,A
2220,0.30490656862284726,6,B
2221,-0.20841876500041087,1,A
2222,0.029458566363937233,7,A
2223,1.9745582324253061,1,A
2224,0.3785892657646682,1,A
2225,1.4840533851626094,4,B
2226,0.35649253355263505,11,A
2227,-0.3101426573924596,0,A
2228,0.41528255806600084,6,A
2229,0.046082974614003056,11,B
2230,-1.0535482426731326,11,B
2231,-0.9154648778420176,4,A
2232,0.6678829760307937,5,B
2233,0.4816408588373987,9,A
2234,1.4256025060811808,4,A
2235,0.6940281978643881,13,A
2236,-1.0442326146523457,9,B
2237,0.2748526477889904,7,A
2238,0.1264666686473423,14,A
2239,0.5287412512543477,4,A
2240,1.4317972064833648,2,A
2241,1.1554701828079093,4,B
2242,0.8947081264691025,0,A
2243,-1.944215105264063,3,B
2244,-1.5454168097643435,3,A
2245,-0.6720971646767936,1,B
2246,-0.266110106619694,0,A
2247,-0.9993395838462671,1,B
2248,-0.6565292252952809,0,B
2249,-1.2817845231773624,5,A
2250,-0.4183797133970326,5,A
2251,0.005419761387222241,1,A
2252,0.39130272415398853,0,B
2253,-1.3096747765511376,10,A
2254,-1.9499940628394024,1,A
2255,0.6813273017956568,1,A
2256,-0.918817402554433,4,A
2257,-0.8857903729849863,3,B
2258,-0.21360290322895778,8,B
2259,1.6150392572242824,8,B
2260,-0.5225685885999098,12,A
2261,-0.38061040920568023,2,A
2262,-0.9169148597543209,4,B
2263,-0.5104200343534567,12,B
2264,0.5399258980560865,9,B
2265,-0.6257113335595974,11,A
2266,0.389922718907101,1,B
2267,0.5096002847027188,0,A
2268,0.5926571600948395,1,B
2269,1.0976446210471995,0,A
2270,-0.004784140094656279,2,B
2271,-2.597379028709283,4,A
2272,0.858471046357889,3,A
2273,1.6909333735365504,4,A
2274,-0.05789927325737092,11,B
2275,1.0600647850006661,9,A
2276,-1.4352313235209657,7,A
2277,0.5819448635952429,14,A
2278,2.2355167792922965,6,A
2279,0.3476638759685962,3,B
2280,0.5427778804322924,2,A
2281,0.5426038550877273,5,A
2282,0.24087570018875223,3,A
2283,1.482477409767073,13,A
2284,0.8220970222944263,2,B
2285,-0.2504311411019848,8,A
2286,0.33554504728679124,5,A
2287,0.5687045716088334,13,A
2288,1.0889898048719346,7,A
2289,0.38908051158753476,8,B
2290,0.8322223851619219,11,B
2291,2.35059540098325,14,B
2292,-1.1762906356682792,7,A
2293,1.7846740127249645,13,A
2294,-0.03169654762713964,4,B
2295,0.10415095216506645,14,A
2296,-0.12345619204807981,6,B
2297,-1.1750753713794295,2,B
2298,-0.1729337609839033,6,A
2299,0.1322832999287961,11,A
2300,-0.6476505262264701,12,B
2301,-1.8995465907860154,1,B
2302,-0.33508659411127084,8,A
2303,-0.8037532465431048,4,B
2304,0.14610957091351823,14,A
2305,-0.9044476726917093,11,B
2306,-0.11439049250702187,11,A
2307,-1.1916008006535432,5,A
2308,1.1697699436794569,6,A
2309,0.49233645740043847,9,A
2310,1.5655437705093926,4,A
2311,0.9138517774985847,1,A
2312,-0.4610392445750456,0,A
2313,-0.14937507751809329,11,A
2314,-0.7004731512436154,9,A
2315,2.4375079066096488,0,A
2316,0.2307765463503122,1,A
2317,0.134402446304437,5,A
2318,-0.7535059948445132,12,A
2319,2.3906518028352526,4,B
2320,0.38705127103544373,2,A
2321,1.5438190017036961,10,B
2322,1.7122557102508023,5,B
2323,0.23466157658533637,4,B
2324,0.076047884052473,8,B
2325,-0.34209858393625736,8,A
2326,0.42741798907851786,12,A
2327,-0.21199173798447152,9,A
2328,-1.8300189001625096,9,B
2329,0.1494329227383459,5,B
2330,-0.292193285124971,7,A
2331,0.46873937283252015,5,A
2332,0.26618630404162125,14,A
2333,-0.2891959033358819,13,A
2334,-0.5633986782281565,5,A
2335,0.7430354214093322,9,A
2336,-0.5231305539347121,11,B
2337,-0.9809839702429841,12,A
2338,1.2154103497997684,6,A
2339,0.7688143823879409,11,B
2340,-0.9697517865743106,12,A
2341,-0.44588041793568794,4,A
2342,0.46370331012753957,12,B
2343,0.900085827672851,8,A
2344,2.1552030555925903,10,B
2345,0.6459946581729685,13,B
2346,1.5769019358212135,4,B
2347,1.3109865488050718,8,A
2348,-0.7661632923734425,4,A
2349,1.7855206688039909,11,B
2350,-1.8621818600860927,11,A
2351,-0.542797602218363,1,B
2352,0.19251342979900146,4,A
2353,-2.25060692116794,0,B
2354,0.7743532448282203,11,B
2355,1.6960353784833355,12,A
2356,0.8511335023483376,4,B
2357,-0.3304896341107578,5,A
2358,-1.5347648262783615,14,B
2359,0.5188783491736425,2,A
2360,-0.2577466235168805,8,B
2361,-0.5220804494727219,1,A
2362,1.3320364702087975,14,A
2363,0.34694619283756134,7,A
2364,-0.6016799550918291,4,A
2365,-0.34692358252040967,4,A
2366,0.5683555431327053,5,A
2367,1.1588597020277371,12,B
2368,-0.675857275628947,0,B
2369,0.6187756487195945,0,B
2370,0.27241139578189155,4,B
2371,-0.5581465703853089,0,A
2372,-0.08840823250409348,9,B
2373,0.824560622318671,13,B
2374,-0.8692129917118178,13,B
2375,0.3893065173520796,10,B
2376,-0.7014533880763274,6,B
2377,0.5114222927262231,5,B
2378,-1.5645800051357803,14,B
2379,0.06270972798753628,12,A
2380,0.25828836967669383,10,B
2381,-0.5423270558262492,12,A
2382,0.16968312020902407,12,B
2383,0.12135256511441496,12,B
2384,-0.14027677791423623,11,B
2385,-0.7836513172339866,2,A
2386,1.1993631352346654,2,A
2387,0.10470037588361504,12,A
2388,-0.6668116345927878,9,B
2389,0.8116262650444528,5,A
2390,1.3605618613577624,7,A
2391,-0.6496312207019453,8,B
2392,0.4431249277469576,7,B
2393,0.7703924466001328,9,A
2394,-0.6457540693181222,5,A
2395,-0.10728711636817855,9,A
2396,1.9197663890037537,12,A
2397,-0.7393439451854402,9,B
2398,-0.8573058964911151,14,A
2399,1.647838545823235,10,B
2400,-0.018127843890898637,12,B
2401,0.5963585933806521,9,A
2402,-1.3148991372534424,0,A
2403,0.0010463887894968647,10,B
2404,0.8659504457381756,9,A
2405,1.2732514730139484,1,B
2406,-0.6159589793384398,14,A
2407,-0.8926624435186801,11,A
2408,1.5796292176826976,1,A
2409,0.2127298640041982,12,B
2410,0.6480064979942497,14,B
2411,-0.8604964922073954,0,A
2412,-0.5351949278754649,6,A
2413,-0.45706734877124827,3,A
2414,1.0213214737332041,8,A
2415,1.2766310570593655,4,B
2416,0.5788293146463577,10,A
2417,-1.230444819666962,6,B
2418,0.6887516709834896,13,B
2419,-0.2596292085441888,0,B
2420,0.938619526159045,7,A
2421,0.2479437749167865,13,B
2422,0.34523566172877207,9,B
2423,-2.01393304281134,5,A
2424,-1.009641051635496,0,A
2425,-0.24898970335026163,11,A
2426,0.2923264881799358,12,A
2427,0.8715791927824004,3,A
2428,0.12618641702007288,12,B
2429,-0.9469782148049141,13,A
2430,0.6075381264204481,11,B
2431,-0.7767303787291482,3,A
2432,-1.5714266524317773,8,A
2433,1.3484393559303895,0,B
2434,0.07833745939499805,4,A
2435,0.49559439066830063,4,B
2436,0.5102544482216378,13,A
2437,-1.5198084684341728,12,B
2438,0.22623759123352988,0,A
2439,-0.21601004824588438,2,B
2440,0.37140153259910524,1,A
2441,-1.0989912524035546,10,B
2442,0.1556358806929924,11,A
2443,-0.3553817233060927,7,B
2444,0.7744123525075539,2,A
2445,0.6601935740964403,14,A
2446,0.087935370409447,12,B
2447,1.6037455367619684,11,B
2448,1.1049692327532425,1,A
2449,-0.12422264463488943,3,B
2450,-0.4012733410855318,5,A
2451,0.5677295816560564,7,A
2452,-0.3024984537672778,12,B
2453,-0.8212444419240067,3,B
2454,-1.0715089993102895,12,A
2455,-2.2168314462753163,6,A
2456,-0.5224069883545498,6,A
2457,0.2688068188729852,3,A
2458,2.1933351603523383,7,A
2459,-0.3942745891614065,3,A
2460,-2.110120656388455,1,A
2461,-1.3074072448418492,9,B
2462,-0.303033973611618,3,B
2463,-0.1863613074442921,12,A
2464,-1.1584716135585167,13,A
2465,-0.8419522549515219,10,B
2466,1.0982958201961606,1,A
2467,-0.6561748895535445,7,A
2468,-0.24902211011160458,9,A
2469,0.7766741128182173,11,B
2470,0.4935547226996458,8,A
2471,0.7295025098751069,13,B
2472,0.15654898044630183,0,A
2473,-1.508333940529653,13,A
2474,-0.06566530636470935,8,A
2475,-1.1896509138960438,8,A
2476,1.4752763544834149,10,A
2477,0.27877362045210796,10,A
2478,-0.5925170133459123,10,A
2479,1.3578737867851092,10,A
2480,-0.19264304476782393,2,B
2481,0.5647313804547575,12,A
2482,0.6274325889332377,11,B
2483,0.610400805534798,8,B
2484,0.08365858507040681,2,B
2485,0.9986301684954224,3,B
2486,1.5575005827027217,10,A
2487,-0.3017063881367438,13,B
2488,0.023500426546650112,12,A
2489,-0.7121138126751058,7,B
2490,0.7231110314995144,10,B
2491,0.5116724924576911,10,A
2492,-0.20769386313781527,1,A
2493,-0.3759384800784445,11,A
2494,0.1404732572726216,11,A
2495,1.3094136654866755,0,B
2496,-0.787848272477954,5,A
2497,0.7213063071579899,14,B
2498,-0.7135260205758949,14,A
2499,0.7081837624891826,7,B
2500,0.41391264749790624,13,A
2501,-0.15113480218449177,3,A
2502,0.3591315464306536,0,A
2503,0.021951803214497096,2,B
2504,0.84005982851479,14,B
2505,-0.013782952947135408,10,A
2506,0.38626791494871365,7,A
2507,-0.3046547011696826,7,A
2508,1.1231697346282326,0,A
2509,0.6545305359198722,13,B
2510,-0.20203588062064312,1,A
2511,0.4447609346130185,6,A
2512,-0.8255296064438126,12,B
2513,0.681176914066917,14,A
2514,-1.2448640043773282,1,A
2515,-0.22024294365642977,3,B
2516,0.24075142695195167,6,A
2517,-1.181477309141963,2,B
2518,0.162372922718832,11,A
2519,0.09466062714877617,3,A
2520,-0.5254689196343681,14,A
2521,-0.6961881998029408,0,B
2522,0.3184084705074748,0,A
2523,0.6114163022522433,5,A
2524,-1.149860254523834,2,A
2525,-0.5752880519112524,6,B
2526,0.0990368023871979,5,A
2527,0.35402470665929947,6,A
2528,-1.0527780615238287,13,A
2529,-0.350359702204282,8,A
2530,-0.0921958045882197,0,B
2531,-0.6727320180467065,1,A
2532,0.6675219495689694,12,B
2533,0.42141343543106957,10,B
2534,0.9301174169266507,5,A
2535,0.7240926195606746,7,A
2536,0.9284483151360932,6,A
2537,-0.5523463847330858,4,A
2538,2.6469691728231735,14,A
2539,0.5103711087374689,14,A
2540,0.6943682865271507,7,B
2541,1.9660627236242316,3,A
2542,-0.5970045852411938,9,B
2543,-0.4136844083876873,3,A
2544,-1.0242722098287027,2,A
2545,0.8797764786040169,9,A
2546,1.3162996271508152,13,A
2547,-0.8324552843592595,12,A
2548,-0.5832548646839202,1,A
2549,0.9752971927389453,10,B
2550,0.11326503021498077,6,B
2551,0.8614377870102289,11,B
2552,1.1686599106455415,0,B
2553,0.834765441113562,0,A
2554,0.22730903494530766,14,B
2555,1.6518751367149276,5,B
2556,-0.07991108694816519,8,B
2557,0.9788577502533876,6,A
2558,-0.8294216907698616,5,A
2559,0.7034152509923514,8,A
2560,-1.5249650232552259,9,A
2561,-1.0463403546451053,3,A
2562,-0.5239029177208414,1,A
2563,2.7314857680366225,4,B
2564,-2.2596183215898242,5,B
2565,-0.37616757861442934,10,A
2566,-1.0749027216641394,13,B
2567,-1.4348156958917595,3,B
2568,-0.03716904763450111,10,A
2569,-2.121658429668083,4,B
2570,-0.3019633718754335,13,B
2571,1.0509940520748233,2,A
2572,0.28463111905187694,14,A
2573,1.9782731878968158,11,B
2574,1.1326117163379463,12,B
2575,0.41829921103715756,2,A
2576,0.3881395189799341,5,B
2577,1.561459028097974,14,A
2578,-0.04051531584989354,9,B
2579,-1.1824978392996655,4,A
2580,-1.7327122673107753,9,B
2581,2.391808033945765,10,A
2582,-1.5258510173605682,14,A
2583,-1.5140102009309149,7,A
2584,0.5514891064543104,6,B
2585,1.4546048326111538,1,B
2586,0.4294959129400335,12,B
2587,1.4987075119715623,14,A
2588,-0.4067909060738832,8,A
2589,-0.11560306278096417,9,A
2590,-0.22197911277366797,2,B
2591,0.6517373097923334,12,A
2592,1.0479749003602117,9,A
2593,-0.36851842990631045,11,A
2594,0.13451890753561224,12,B
2595,1.4034218024941683,0,A
2596,1.2952355602007741,1,A
2597,-0.8695981518750613,6,A
2598,0.032264045082968304,14,B
2599,-1.1437996660146845,3,B
2600,1.3593363438747905,4,B
2601,0.8648903941931336,0,B
2602,-0.35592655953814,7,B
2603,0.23518235521683287,8,A
2604,0.33461372622848456,1,B
2605,1.7857258775871998,13,A
2606,-0.7066466749284573,3,A
2607,-0.36217114257942934,9,B
2608,0.19371076657327987,7,A
2609,-0.14181370204638494,1,A
2610,-0.030742007147464948,7,A
2611,-0.8363464618550538,6,A
2612,-1.0491244136679971,8,A
2613,1.1578686714684066,1,B
2614,-0.9267140832052748,4,A
2615,0.036027130557488636,13,B
2616,0.41811473615678707,5,A
2617,1.570339070524525,5,B
2618,-0.29678535337096174,10,B
2619,-0.7298669742236741,13,A
2620,1.0417611180515067,9,A
2621,1.0052946967013456,12,A
2622,-0.7251099259240303,1,A
2623,0.8826995128484488,9,B
2624,1.063248743406678,5,B
2625,0.9728577165212347,11,A
2626,-0.650052532482862,8,A
2627,0.3429604682898593,9,A
2628,0.19427370580223363,4,B
2629,1.5141100045106695,10,B
2630,1.0840493560310147,2,B
2631,-0.010182033992597095,14,A
2632,0.3019552199102725,4,B
2633,-0.5083734330115508,3,B
2634,-1.4917522187835754,10,A
2635,-1.0618780211241843,9,B
2636,0.7283910563921385,3,A
2637,-0.6062359287747604,12,A
2638,0.3604980729987763,9,A
2639,-0.25497619372595515,10,A
2640,0.7050838710313795,11,A
2641,-0.4432196921237348,0,A
2642,0.32926144007966446,1,A
2643,0.6120659717255489,0,B
2644,0.553684367060987,14,A
2645,-0.7302160817161633,10,B
2646,0.14340195264493855,3,A
2647,0.8211882807604901,9,A
2648,0.05287084192947872,7,A
2649,1.2882645260832357,13,A
2650,-0.8925372750555822,8,A
2651,1.7602017641398524,3,A
2652,-1.6184711949655028,4,A
2653,0.07593937426539109,13,A
2654,0.5593058577944439,12,A
2655,-1.0566881345580106,8,A
2656,1.6878719397681423,4,B
2657,-0.1310133361558107,13,B
2658,1.5188755061377959,14,A
2659,-1.0102555335356975,3,B
2660,1.0057707683419914,0,B
2661,-1.0663574734622017,11,A
2662,0.02781575759486572,13,A
2663,0.19186229782417197,10,B
2664,2.1535590143273797,5,B
2665,-0.18399212138895085,8,B
2666,0.774808686430883,11,A
2667,-1.147210165616042,0,A
2668,-0.11539509521103913,13,A
2669,-0.8556208735052956,8,A
2670,-0.5361572100965957,4,B
2671,-0.300080395522348,11,B
2672,0.12160916540132573,0,B
2673,0.7427451390042549,8,A
2674,0.18489264309893388,5,A
2675,-0.34507783103140116,2,A
2676,-0.2705563286893027,0,A
2677,0.046384335826801654,9,A
2678,0.04905731346054258,11,A
2679,1.9188229612251584,9,A
2680,-0.2636311754299949,4,A
2681,-0.42498618253201464,6,A
2682,0.5159530327244107,12,A
2683,0.4352421537866693,11,A
2684,-0.9133228025113238,3,A
2685,-1.5405646107843958,6,A
2686,-0.439628890310309,11,B
2687,-1.3236538378648743,10,B
2688,0.18600162647229881,14,B
2689,2.6129750342102938,13,A
2690,0.732722400575133,1,B
2691,-1.051071814292644,5,B
2692,-0.7857475317548152,9,B
2693,-1.8444307845494132,6,B
2694,-1.1140732072263002,2,B
2695,1.4441368754044228,12,A
2696,-0.585161303542454,8,B
2697,-1.1687690975708862,9,B
2698,-1.733834554388692,9,A
2699,0.9361678455505559,6,A
2700,-2.034510185204549,7,B
2701,-0.18007771961785524,9,A
2702,-3.1950444618979716,5,A
2703,1.3769081241637537,10,B
2704,-0.855069151612781,2,A
2705,1.7326310001504606,10,A
2706,0.23936473684196294,7,A
2707,0.6353882203039012,10,B
2708,-0.37104063277705607,11,B
2709,-0.3209837880348171,7,B
2710,0.03803763329458027,11,B
2711,0.28960638898747854,13,A
2712,0.5984639559329168,1,B
2713,0.09436763326809985,11,A
2714,0.9593258772295721,11,B
2715,1.7883729131299257,3,A
2716,-1.9750364423429074,4,A
2717,-1.1586497717152329,11,A
2718,1.6078765105182686,11,A
2719,0.8553873025104256,0,A
2720,1.0218280985834618,4,A
2721,-1.4463783136824355,11,B
2722,0.37503427043485693,2,A
2723,-0.13002730797707066,3,B
2724,-0.46853820362986387,0,B
2725,-1.6029078988657264,5,A
2726,-1.1382699961642009,8,B
2727,1.1889856039078612,6,A
2728,1.0780049299937655,12,B
2729,-0.8329960868284846,7,B
2730,0.09345239683216608,6,B
2731,-0.1449159830882942,14,B
2732,-0.7008296285670343,7,B
2733,-0.39831380472125133,13,B
2734,-0.09360623253270513,0,B
2735,-1.8450519098548746,5,A
2736,1.1045222246109672,12,B
2737,0.8679556286333033,4,A
2738,0.8173077695920463,13,A
2739,-1.0800336221276874,7,B
2740,1.0590265221639505,2,B
2741,-0.016998398265716193,2,B
2742,0.42147480215768135,7,A
2743,0.40328354098432545,4,A
2744,1.476318318033063,0,B
2745,-0.9544914199142338,5,A
2746,2.200044894195212,6,B
2747,0.6003813549322117,2,B
2748,0.7954500722598578,2,A
2749,-0.27725044592739184,1,A
2750,-0.24404724918904022,9,B
2751,-0.01588282849974227,1,A
2752,0.13410017168770405,1,A
2753,-0.10491488535347246,7,A
2754,0.28541116450919973,12,A
2755,1.4994866821463049,2,B
2756,0.07904746425330929,11,A
2757,0.02435545864753505,13,A
2758,-0.026914200741465825,2,A
2759,0.04214540693130691,7,B
2760,1.4988424473387156,8,B
2761,-0.5698085899743172,10,A
2762,0.9455199237917897,4,B
2763,2.132756501661548,14,A
2764,-0.2232718761796967,14,B
2765,-1.1220015444307803,3,A
2766,-0.556953225149021,2,B
2767,0.26384105744579256,9,A
2768,-1.6697595898824664,0,A
2769,-0.2574387697675898,2,A
2770,-1.623399664674905,7,B
2771,0.2757361321586408,6,B
2772,1.7954688009441815,3,A
2773,-0.7535722346999232,9,A
2774,-2.4257507967971916,11,B
2775,0.7417459146506286,11,B
2776,0.844113065991385,5,B
2777,-2.138493588777574,13,A
2778,-1.4849444363192388,1,A
2779,-0.035377713923970815,2,B
2780,0.039605879755821895,4,A
2781,-0.8730824303956212,3,B
2782,1.7616854565370696,13,B
2783,-0.8093368076704626,10,A
2784,0.22634893727985492,4,B
2785,-0.6192052838160396,5,B
2786,-1.7827493896481204,10,A
2787,-1.112663445164053,2,B
2788,2.0168547874515155,12,B
2789,-1.380008533191484,5,B
2790,-1.3591739106612883,5,B
2791,0.41479249066266044,11,A
2792,-1.0432613910641964,0,A
2793,0.5782284365695569,2,B
2794,-2.41754088178607,12,B
2795,0.12468297169807538,4,A
2796,0.15575236846689822,1,B
2797,1.8594034484896216,9,B
2798,-1.0120512619693651,9,B
2799,-1.1676281354949023,0,B
2800,-0.5742494014353977,11,A
2801,1.3558735992334812,0,A
2802,-2.08684598809922,5,B
2803,-0.7993123943555327,3,A
2804,0.8791324600731496,14,A
2805,-0.7518705785263132,3,A
2806,-0.876162703458733,13,A
2807,-0.6142611204440642,6,B
2808,0.14580544044984153,10,B
2809,0.24141853431624646,10,B
2810,-0.5122613507526982,12,A
2811,-2.4853226039921057,12,A
2812,0.12739929761353952,6,A
2813,0.645321317630535,1,B
2814,0.025943473543780536,6,B
2815,0.6659912000752075,7,A
2816,-1.8448268071297793,0,B
2817,-0.12029759425004498,6,B
2818,0.20229839538300676,8,B
2819,0.783137015273854,3,A
2820,0.30030893952412263,6,A
2821,-0.5875527687584163,0,A
2822,-0.03130861602639528,13,B
2823,1.3637766428417752,4,A
2824,-1.7894924470722318,8,B
2825,-0.8219079463050143,14,B
2826,1.0331239804212338,6,A
2827,0.8186593873438203,4,A
2828,-0.3333378077079293,9,B
2829,-0.45344072730909346,1,A
2830,-0.3862216776404147,0,A
2831,-2.0695603244645198,9,A
2832,-1.6267631214497376,4,A
2833,0.31645367019019766,8,B
2834,-1.8986699602686163,14,B
2835,-1.086237887542732,12,A
2836,-0.48845263914025167,12,A
2837,-0.6011330518813376,5,A
2838,0.5444411265479153,6,A
2839,2.2479069359398087,3,B
2840,-0.44447322799167127,0,A
2841,0.6394059753053222,8,B
2842,-1.2655301089973952,13,B
2843,-0.6989862437174876,13,A
2844,-0.42763631696577525,11,B
2845,-0.04393072365914146,9,B
2846,0.600563594200045,0,B
2847,-0.4217560820741317,3,A
2848,1.4271629269609016,13,A
2849,-0.8367187960512918,13,A
2850,0.5176833248626732,1,A
2851,-0.5690341098954076,14,A
2852,1.070381807759397,0,B
2853,0.10135101865640214,3,A
2854,0.003298081637089507,3,A
2855,0.35601560759105133,3,A
2856,-0.46588154506206436,0,A
2857,1.3198396127675902,13,A
2858,0.5117825029964959,10,A
2859,-1.7793998521257448,1,B
2860,-0.32627508458091914,14,A
2861,-0.2505319409064172,10,B
2862,1.7413830393535672,14,A
2863,0.6084201583017216,1,B
2864,-4.020663564793163,13,B
2865,0.7187925057222679,6,B
2866,0.1749859177821711,10,B
2867,-0.05205859432042666,2,B
2868,-1.9780882929790697,7,B
2869,0.12364444234127024,5,B
2870,-0.8277100161692283,1,A
2871,0.14298546222056438,13,A
2872,1.4922231450000392,5,A
2873,-0.8597507376871861,5,A
2874,-0.5235968221710527,7,B
2875,0.12034726169344985,9,B
2876,-0.5925561611930189,6,A
2877,1.7535919426106585,4,B
2878,-0.019910794243481997,0,B
2879,-0.023901880255476335,0,B
2880,1.2153216383399537,0,A
2881,-0.027687069665338744,2,A
2882,-0.18274919455052746,10,A
2883,-0.5082955270496854,0,A
2884,0.2660599434897058,6,B
2885,-0.3321301287818233,5,A
2886,1.334262240761496,1,B
2887,0.31908803347630277,8,B
2888,-0.4211364709807164,0,B
2889,1.5274193870684765,12,B
2890,-1.5696884899495944,8,B
2891,0.9008725078156898,5,A
2892,-0.14190040989439226,0,A
2893,-0.8927379057733716,9,A
2894,-2.64586199228003,11,A
2895,1.350462276667141,2,A
2896,0.02270147034024832,7,A
2897,0.24722753955679141,7,A
2898,-1.2203394383277013,5,A
2899,-1.1591771375683255,9,B
2900,-1.4705420452727185,0,A
2901,1.4895693748695573,4,B
2902,-2.1258681700146913,11,B
2903,0.791851448811206,0,A
2904,-2.114928936432574,5,B
2905,0.08492604580941272,10,A
2906,-1.4518354068461947,7,A
2907,-1.3276756230633533,9,B
2908,-0.05556451693347219,9,A
2909,1.6187404725789984,11,A
2910,-0.32594952533026034,7,B
2911,1.3255533747197892,10,A
2912,-0.1519098258495257,13,B
2913,0.3486575026292546,11,A
2914,1.1418988952476519,12,A
2915,0.28914920188920545,2,A
2916,-1.0549370302099788,11,B
2917,0.360563040887468,14,A
2918,0.7875901547900303,10,B
2919,-0.10705778960144718,5,B
2920,-0.5229357384016469,9,B
2921,0.010388880505670613,2,B
2922,-1.2298922100644851,1,A
2923,2.407474999927342,12,A
2924,-1.0167994521572123,8,A
2925,0.6878849244371434,3,B
2926,-0.864718279138039,2,B
2927,0.9080284921389599,3,B
2928,0.5288855896270012,4,B
2929,0.1814458054293698,13,A
2930,-1.3774792226438013,4,A
2931,-0.1709291621335546,10,B
2932,0.873552950194252,3,B
2933,0.6992202511281717,0,A
2934,0.484645239361992,0,B
2935,-0.015461031675391042,8,A
2936,-0.6955063606674506,2,A
2937,0.967138978809125,8,A
2938,0.9553494994390893,6,A
2939,0.29314051115974454,10,A
2940,-0.09199409590901249,13,B
2941,1.6500774631730009,7,B
2942,0.28343232358300574,7,B
2943,0.7609296116250553,2,A
2944,0.6480467757345073,0,B
2945,-0.9338295766583669,8,B
2946,1.0044283247924646,4,A
2947,-0.8502483087455015,3,A
2948,-0.6020972858988449,6,A
2949,0.05501714252227584,6,A
2950,-0.3003925729279543,11,A
2951,-0.7678043435084904,7,A
2952,1.469666959998449,5,B
2953,0.4179499763826352,6,A
2954,-1.275808554430944,4,B
2955,-0.5990502339410677,0,A
2956,1.6252623422678805,8,A
2957,1.523434805014612,10,A
2958,-0.17841756104839962,0,A
2959,1.8748105166070534,8,A
2960,2.2440775618910718,14,A
2961,0.885221294319621,2,A
2962,1.0208466277331445,1,B
2963,2.6352738343593045,4,A
2964,-0.4767339901145948,4,A
2965,1.2099219160483345,4,B
2966,2.744607558322678,12,A
2967,0.08702619866503923,10,B
2968,0.43980572560943554,0,A
2969,1.797664426571963,5,A
2970,0.5673853847386343,8,B
2971,-1.2555826620324817,3,A
2972,-2.1700209395825043,10,B
2973,1.8036580374986737,13,A
2974,0.20094893335218844,0,B
2975,0.38509825804807,0,B
2976,0.0386730212825502,4,A
2977,-0.37438262513228887,6,A
2978,-0.6834090185785753,7,A
2979,-0.9135502816686665,4,B
2980,-1.8367534062109743,1,A
2981,-1.8770856606798718,0,B
2982,-2.343550983096051,8,A
2983,-0.6494886049569926,9,A
2984,-1.9575928624434327,14,A
2985,-0.11639604816187747,4,B
2986,2.0395627377373446,12,A
2987,-0.9557809793183129,13,B
2988,-0.6574453250562103,5,A
2989,0.3198873613266371,13,B
2990,-1.8880172808278768,14,B
2991,-0.9380425346153548,3,B
2992,-2.2446072382963873,13,B
2993,0.6104410910402586,5,B
2994,0.3792920779831994,14,A
2995,-0.8784357916227232,11,B
2996,0.25879396533075244,5,B
2997,-0.9547671854352106,13,B
2998,0.9206090077260378,10,A
2999,-1.4358270003372,6,A
3000,-0.3803209788207824,5,B
3001,0.2664890290083784,6,A
3002,-0.55441670467621,12,A
3003,0.6281664374504098,13,B
3004,-0.6170063933351674,10,A
3005,-0.31450339508489,1,B
3006,0.5020570674133432,3,A
3007,-0.002211736142583116,12,A
3008,-1.9898829919886045,4,A
3009,1.5042311952203642,8,B
3010,0.7484615042967583,9,A
3011,-0.806232218990845,1,A
3012,-0.0714581449296451,0,B
3013,-0.41529712206193414,14,A
3014,-0.7809343971124393,9,A
3015,0.505832444908607,10,A
3016,2.174048865349163,8,B
3017,-1.597797418718835,10,A
3018,-0.32299836598835324,0,B
3019,1.7619863584790814,2,B
3020,-1.1853994357151199,6,B
3021,0.2871996468394404,0,B
3022,-2.7055579505367064,7,A
3023,-0.8760280571812705,4,A
3024,-1.8977544700697981,11,B
3025,0.6573633156581358,8,B
3026,-0.6244081395658441,3,B
3027,0.5085410677642375,7,B
3028,0.7987300752948345,5,A
3029,0.5679041357724928,13,A
3030,0.5115921971548377,1,B
3031,-0.5229407959848262,6,B
3032,-0.0971988444237461,6,B
3033,-1.1820572307185966,12,B
3034,-1.7103590149857546,4,A
3035,0.9087542583747321,4,A
3036,0.39181237577369726,5,A
3037,0.6573181494413224,6,A
3038,-1.2535342057527294,3,A
3039,-0.2501048828598826,9,A
3040,0.5880893743581045,4,B
3041,0.005930271483511712,10,B
3042,1.3192336239201063,5,B
3043,-0.12455712452428148,4,A
3044,-0.6413341067737991,0,A
3045,1.4426220946230643,1,B
3046,-2.096448899905464,6,A
3047,0.3690007587783602,0,B
3048,-0.8462594391063092,13,B
3049,-0.9898900714826409,9,B
3050,0.44348134973618336,11,B
3051,0.07542162309931631,11,B
3052,0.8035959574684659,7,B
3053,-1.1731685572138864,1,A
3054,0.1257454712856271,5,B
3055,-1.637588208198997,5,B
3056,-0.5964450555653984,10,B
3057,-0.15536185799186686,0,B
3058,-2.3235924168489435,4,A
3059,-0.23306244697996994,8,A
3060,-1.4865151492555027,7,A
3061,1.8374694464302646,3,B
3062,-0.004166497100505696,11,A
3063,0.5468456769027095,1,B
3064,0.3676904149776258,10,A
3065,-0.60959543780784,1,A
3066,-1.3512704988514903,11,A
3067,-0.028212608578963263,2,B
3068,-1.1877333035573725,9,B
3069,1.186533653274569,3,A
3070,-0.23384906768661473,4,A
3071,-2.8248227130799144,2,A
3072,1.2968192913713585,5,A
3073,-0.4037297947300016,1,A
3074,-0.3726864601848197,1,B
3075,-0.3047190386104603,11,A
3076,1.5685763545731752,13,A
3077,-0.04448707411460033,13,B
3078,-1.111265768765308,12,A
3079,0.9220940364751209,7,B
3080,0.053764333325778665,10,B
3081,-1.0293949100415785,7,A
3082,-0.784143951915444,12,B
3083,-1.383574641436006,3,A
3084,-0.18437160280265177,10,A
3085,1.7771019614010068,8,A
3086,-0.19702189486042063,10,A
3087,1.6738419667331859,1,B
3088,1.5852887913142781,3,B
3089,1.3406626730702713,2,A
3090,-0.8332826794922635,3,B
3091,-0.9320275144359869,8,A
3092,-0.3004562116324505,0,A
3093,0.19150251048216296,14,B
3094,0.3055248893957684,9,A
3095,0.5906504858742505,8,A
3096,-0.6582137969700428,14,A
3097,0.12828236042033664,1,A
3098,-2.215073434744934,5,B
3099,0.5010591732786694,1,A
3100,0.9228489263277869,1,A
3101,-2.726401568476276,1,A
3102,-0.4071694653411692,4,A
3103,-1.4652040115315221,8,A
3104,2.229044171692078,7,B
3105,-1.2391780650632236,0,A
3106,-0.30965008172152003,2,A
3107,0.09112208122038311,3,B
3108,0.8994077687252364,12,A
3109,0.4179395629196735,4,B
3110,-0.24762863891886183,1,B
3111,1.2805498704212703,13,A
3112,0.44999036477395055,11,A
3113,-0.0021793846483620758,1,B
3114,1.9082229285540213,13,A
3115,0.39955285867451185,6,A
3116,0.7522463060819083,1,A
3117,0.11870725441527381,7,B
3118,0.1618454215255247,9,A
3119,-0.778361176857278,13,B
3120,-0.4763645242367281,5,B
3121,2.3072337764016937,9,A
3122,-0.8081468975062703,5,B
3123,0.4966686292323397,7,B
3124,1.7499217577462143,12,A
3125,-0.8661908533952098,7,A
3126,-2.1163154909057824,13,A
3127,-0.979381181102414,6,B
3128,-0.43975523660928256,8,B
3129,-0.2915899173417746,10,B
3130,-0.1566519939808802,2,A
3131,-0.2237872443858401,5,B
3132,0.22487500104509053,10,A
3133,-0.12775042410613122,2,B
3134,0.6888490959044334,5,B
3135,-0.7981115596430638,11,B
3136,1.3119315978151862,5,B
3137,-2.3747774347934647,0,A
3138,0.45919376643235427,12,B
3139,-0.1922392631548148,7,B
3140,0.02692714756530263,14,B
3141,0.1792488358251494,13,B
3142,0.7878216980955008,2,B
3143,0.9662612117975984,14,B
3144,-1.915453898971574,5,B
3145,-0.6778487179047066,1,A
3146,-0.0630674200001061,8,B
3147,-0.40985426377673273,7,A
3148,-0.1568640764385264,0,A
3149,-0.9076208131242797,8,A
3150,0.3151327087481568,0,A
3151,-0.6820510541826079,11,A
3152,2.393200120220632,0,B
3153,-1.3325180065133158,6,B
3154,-2.083280880896926,6,B
3155,-1.6542642333842068,13,A
3156,0.49800700117427876,8,B
3157,0.7399603140395133,4,A
3158,-1.4070631761890713,10,B
3159,-1.3256536559822338,5,A
3160,0.5715632055120096,13,A
3161,-0.04882505696788223,1,A
3162,-1.5982340938367234,8,B
3163,-0.6773514465433418,11,A
3164,1.512587705379908,5,B
3165,1.1995669397451145,0,A
3166,0.1316376439745254,12,B
3167,-0.5280370989028883,3,B
3168,1.5230108285782282,5,B
3169,-0.618493677076489,2,B
3170,-1.9873796810463773,6,A
3171,-0.42242488106353276,8,A
3172,-1.084739355074245,8,A
3173,0.8705636719524638,0,B
3174,0.8420338171862545,8,B
3175,0.22216003243988214,3,B
3176,0.18763790536617636,9,A
3177,2.4882280449274354,5,A
3178,-0.0691767064183608,14,A
3179,-1.046986528039574,0,A
3180,0.8939312700213812,5,B
3181,-0.49006012778738156,7,A
3182,0.20782360412578574,0,A
3183,-0.849365170013334,9,A
3184,0.33379756291467066,12,A
3185,1.8579973773859595,3,A
3186,-0.6111732329304767,4,A
3187,1.7135463366107317,1,A
3188,-0.030119279197623538,1,A
3189,-0.14483359529809955,1,A
3190,0.08139469959921797,8,B
3191,0.5736716384973453,1,B
3192,0.915429050057233,2,A
3193,-0.19273118612931658,4,A
3194,0.051268079310952265,10,B
3195,0.8693939568570948,6,A
3196,-0.6310691897251264,2,A
3197,0.26263883327211546,10,B
3198,0.6320736311003169,5,A
3199,0.11257842099118744,1,B
3200,-0.332438297900032,2,B
3201,0.46600620024352074,1,B
3202,1.1115692703162119,7,A
3203,0.5075164787324374,8,B
3204,0.7395894807514118,10,A
3205,-0.363963694160398,1,A
3206,1.1785628911729606,8,A
3207,-0.1578599690000715,12,A
3208,-0.09258986901286022,11,A
3209,1.5310424347608036,11,B
3210,-0.5779225938834073,4,B
3211,-0.0683449077354203,13,A
3212,-0.8025107588649145,9,A
3213,0.41406099715914574,3,B
3214,-0.7375269414097949,1,B
3215,-0.35284407218884484,11,A
3216,2.0237737495557586,8,B
3217,-0.015153038786439383,5,B
3218,-0.8323053242087615,1,B
3219,0.744194566085623,8,B
3220,0.8037809329174469,13,A
3221,-0.9483495866074598,2,A
3222,-0.9930086558573867,1,B
3223,0.07801045873293681,1,A
3224,-0.3565943259818996,5,B
3225,0.9847758749084993,13,B
3226,-0.5759657089941187,6,A
3227,-0.0085192059175426,12,B
3228,-0.9263664776744284,13,A
3229,0.4557504606478038,6,B
3230,0.3864333785647288,1,A
3231,-0.9352581363930903,10,A
3232,1.3678790869038309,3,B
3233,-0.09014853139125042,8,B
3234,0.1131041765404681,8,A
3235,1.5667529316000262,5,B
3236,0.0932311535648869,0,A
3237,0.048695896766268607,6,A
3238,0.264579975272554,1,A
3239,1.1081134897001872,10,B
3240,0.5651729530997825,7,A
3241,-0.6890383609869214,6,B
3242,0.7870204589236599,14,A
3243,1.8101912061948795,4,A
3244,-1.6451990811219375,4,B
3245,0.03250507220698447,0,A
3246,-0.35532338700978827,1,B
3247,1.4201093348913172,3,B
3248,-0.027340100104739074,2,A
3249,0.12954832966852456,12,A
3250,-0.37546430407177483,2,B
3251,-0.6242331330346866,6,B
3252,0.03504635327303151,11,A
3253,0.9995586121045917,9,B
3254,-0.18507415436123398,3,A
3255,0.2185380013037216,13,A
3256,1.0541747275573914,9,A
3257,-0.8876021664964003,12,A
3258,-0.018909585930990395,13,A
3259,0.4913818481819612,6,B
3260,0.806682895666183,11,B
3261,-1.9151296638300705,3,A
3262,0.565814224166011,12,B
3263,-0.1765960389302796,3,A
3264,0.34589307172891043,9,A
3265,-1.0298784613920193,10,A
3266,1.7254137768122384,6,A
3267,1.0380121091629744,7,A
3268,1.0159214769118223,10,A
3269,0.4027727139987643,8,A
3270,-1.1763963446026258,4,A
3271,-0.18326814373797673,12,A
3272,-0.3704366021620879,3,B
3273,-0.40032616675571864,9,A
3274,2.0625151078668122,11,A
3275,-0.6882715189769524,3,A
3276,-0.8995625635204781,4,A
3277,1.0591936877732975,13,B
3278,0.34098106547310814,12,A
3279,-0.07089161305278299,4,B
3280,1.6576584599908133,8,B
3281,-0.3509116252493689,0,A
3282,-0.06283835426396228,12,A
3283,-1.3206849119753021,11,A
3284,0.40320345648005246,9,B
3285,0.48902413552011986,8,A
3286,0.6754271322350406,13,A
3287,0.861525814206806,13,B
3288,-1.8466146803306234,7,B
3289,1.6605427964022108,0,A
3290,1.3390096170764023,4,B
3291,1.1924936751540822,8,B
3292,1.0676055642303073,14,B
3293,0.04307259477940221,3,B
3294,-1.8666503695390542,3,A
3295,-0.5486966239004677,4,A
3296,0.5213630181276402,11,B
3297,0.5910243505593928,7,B
3298,0.49682194512333056,12,A
3299,-1.3735377536359679,3,A
3300,0.33885799998132565,10,A
3301,-0.263982469217762,7,A
3302,-1.3799913311645835,9,B
3303,2.4033155976297382,13,A
3304,0.5412074763960756,14,B
3305,-1.8806148265620752,13,B
3306,1.2148163669344316,3,A
3307,0.8577960156739212,8,B
3308,0.7946040897381268,4,A
3309,0.5105941861556357,3,B
3310,-0.172793309867031,13,A
3311,-0.32744585769796297,12,B
3312,-0.2965137108197376,12,B
3313,-1.8537022631799793,14,A
3314,0.6363156755531406,11,A
3315,1.2061720707178216,5,A
3316,0.5377257863102191,8,A
3317,-0.8857777821226798,11,B
3318,-0.2962041980404829,14,A
3319,-0.22021450943193815,2,B
3320,0.8995789264141092,8,B
3321,-0.3911507833221706,0,B
3322,-0.6960809103530187,7,A
3323,-0.9074350265612554,1,A
3324,-2.478421517794636,13,B
3325,-0.4043037035850433,13,B
3326,-0.38703204515514184,0,B
3327,0.4846599444419816,2,B
3328,-1.0782635101948685,14,B
3329,0.1843684752065688,13,A
3330,-0.0857529868381794,2,A
3331,-0.08129049052143994,9,A
3332,-0.25050573169968443,4,A
3333,1.0505756680263563,4,A
3334,-1.1977753764918924,5,B
3335,0.3122335664069119,14,A
3336,-1.9275484125895128,10,B
3337,0.20887547141756932,2,A
3338,-0.008132434424419079,12,A
3339,-1.1442066983335453,5,B
3340,0.0998334317439868,14,A
3341,-0.4284379716137436,9,A
3342,-1.8514364577401805,5,A
3343,2.6187693347788903,3,B
3344,0.6542041185136066,10,A
3345,-1.140217062608378,3,A
3346,-0.36848783570400284,13,B
3347,0.69465633227843,1,A
3348,-2.74278317886479,12,A
3349,0.7716175775761834,11,B
3350,-1.0276161153804126,6,A
3351,0.1098479920843678,1,A
3352,-0.7812968975920548,14,A
3353,0.5592980733639702,4,A
3354,0.721979281624541,9,A
3355,0.18555562292321298,9,B
3356,1.540151724219643,12,B
3357,1.427540656467167,10,A
3358,-0.6836375207695635,3,B
3359,0.48390035158176187,8,B
3360,-1.0475007829060605,0,B
3361,1.6512914443981697,12,A
3362,0.847939797839483,0,B
3363,-1.7772466838705827,9,A
3364,-0.3462205546444928,14,A
3365,-0.5915350877875186,9,B
3366,-0.22090214341000364,1,B
3367,-0.10604385841073297,13,B
3368,-0.07559423567511438,13,B
3369,1.599855727793666,3,B
3370,0.36255421293159806,13,A
3371,0.46899789898436556,11,A
3372,1.0682633268671486,12,A
3373,-1.5560250325574685,8,A
3374,-1.3423470151288406,3,B
3375,0.6747338298040501,11,A
3376,2.623557309130638,3,B
3377,-0.12041957391234638,12,B
3378,0.45407833613833026,8,B
3379,-0.5061334371112076,0,B
3380,-0.6540250754364813,4,A
3381,-0.9032254349824846,7,A
3382,0.3178653046069588,10,A
3383,1.0356471574071857,5,A
3384,-1.2490778178609991,13,A
3385,-0.8660603047316685,7,B
3386,0.1847440635642489,1,A
3387,-1.2409858513069416,14,A
3388,-0.5457758443397926,14,A
3389,1.1624785162119433,13,B
3390,1.2048492245535138,1,B
3391,-1.5009456860141688,14,A
3392,0.17794723271100954,13,A
3393,-0.8887320643884563,14,A
3394,-0.027116175450457213,5,A
3395,-1.4054200870977827,14,B
3396,-0.6304374355286332,0,B
3397,-0.6925106950603679,0,A
3398,-0.45730121432067933,14,A
3399,-0.8788537932636484,8,B
3400,2.1864815722012465,11,A
3401,-0.29074490323884356,11,B
3402,0.3986215121290777,10,B
3403,0.48621671689669055,8,A
3404,0.48465482605124327,2,A
3405,1.0925503296391088,6,A
3406,0.3565731451799557,5,B
3407,2.031106486489065,5,B
3408,-1.136339791236194,13,A
3409,1.8277653948092183,9,B
3410,0.2318052760049748,2,A
3411,1.0590228729453137,10,B
3412,-1.5056897128765903,12,B
3413,0.8706867861170315,2,B
3414,-0.2813066467308012,9,B
3415,0.33553888491639566,14,B
3416,0.16427236348997104,8,A
3417,-0.1901081228365433,3,A
3418,0.3271310500493277,13,A
3419,2.002178078529534,3,A
3420,-1.3100709154183408,12,B
3421,-0.24114013833212278,6,A
3422,1.1672206062889152,5,A
3423,-0.0025778291210706876,13,A
3424,-0.020942296101811676,11,B
3425,-0.4229591800948779,6,A
3426,1.717848025203355,2,A
3427,0.39781721960912486,9,A
3428,-1.2670770013664516,3,A
3429,-0.16494274728629568,12,A
3430,0.4009938580695187,2,A
3431,0.7837472359816609,5,A
3432,0.5464804082342128,6,A
3433,-1.1649822864630066,0,B
3434,-0.4322553980426804,13,B
3435,0.33300470706458307,13,A
3436,-0.3304817926085132,4,A
3437,0.40607857225552174,0,A
3438,0.9168791748244758,3,B
3439,-1.1199891372138362,13,A
3440,-0.16871137370325717,10,A
3441,-1.3785012087873838,13,A
3442,-0.1962818840939845,0,B
3443,1.1012043026350353,10,B
3444,-1.222285469838284,13,A
3445,1.3287387649614253,6,B
3446,0.06428678910721006,12,B
3447,-2.4205231502758426,11,A
3448,-1.6227882421237958,0,A
3449,-1.2973890044875445,13,B
3450,-0.9969777401649209,9,A
3451,-0.11431524965793737,1,B
3452,0.5876138312249298,3,B
3453,-1.2659776336092359,8,B
3454,-0.24188086325924313,4,A
3455,-2.5591476591696853,9,B
3456,0.9981534201006829,7,A
3457,0.03592050462948841,5,A
3458,1.9561151097737122,0,A
3459,0.38236252058924997,10,A
3460,-1.052758392062659,9,B
3461,-0.25271971270115196,7,A
3462,-1.3404723054339451,7,B
3463,-0.6014935861578732,7,A
3464,-0.18820517862657554,12,A
3465,-0.6624160016632534,2,A
3466,0.838409724668937,0,B
3467,0.8263904819127644,3,A
3468,0.5052981749204122,7,A
3469,-0.04583158293419369,4,A
3470,1.7227330054336323,4,B
3471,-0.1977921712731489,1,A
3472,0.5655904976171796,8,A
3473,0.3459122408797175,10,A
3474,1.8777174564834707,6,A
3475,-0.19243300550980091,11,B
3476,-0.3870378813240859,10,B
3477,-0.3177109814356997,4,A
3478,-0.8873058613382911,10,A
3479,0.3078085066496698,14,A
3480,0.7357800171324613,12,A
3481,-1.1190956652246096,11,A
3482,-0.27710772846696413,11,A
3483,0.49322438326273077,7,A
3484,1.4229374649405777,4,A
3485,0.21088562651159104,1,A
3486,2.256666358452022,0,A
3487,1.8239595936939874,7,B
3488,0.4748413082716607,12,B
3489,-0.225116778193025,0,B
3490,-0.6456652540601977,13,A
3491,-2.6863678524870687,5,A
3492,0.781266792744539,0,A
3493,0.7413049486351461,9,A
3494,-0.5378267181032508,2,B
3495,-0.3831943700424925,13,A
3496,-0.3337072582342502,7,A
3497,-0.3074456407175582,6,B
3498,0.6249360485588735,0,A
3499,-0.7332260930862203,2,B
3500,1.8627726720152826,13,B
3501,-0.42948189631592604,7,A
3502,-1.3208588763800515,1,B
3503,-0.7342738222488485,9,B
3504,0.32558509773086936,14,A
3505,0.2161629334693131,11,A
3506,0.8153950267801353,4,A
3507,0.045260061507698214,5,A
3508,0.4488592258280216,9,A
3509,0.8718860684822038,14,A
3510,-2.0967974980037996,0,B
3511,1.785880028521527,1,A
3512,-1.7245308795883194,10,A
3513,1.6702040537903369,13,A
3514,-1.4738155401377713,0,B
3515,-0.23929159533279776,3,A
3516,-1.4325190156280656,12,B
3517,0.26106592164927644,9,B
3518,0.1472645960730404,3,A
3519,0.9225116502181487,6,B
3520,1.3209786253016849,6,B
3521,-0.11411880009490648,13,B
3522,0.11067049726058419,5,B
3523,0.9648222778107979,3,B
3524,0.0744322992908681,14,B
3525,0.39670815250091507,3,A
3526,-0.28610307687114733,4,B
3527,0.6285363020701816,10,B
3528,0.7722832890107413,5,A
3529,0.5930833821000541,6,B
3530,2.2950205860672965,4,B
3531,0.883170667396519,14,B
3532,1.1047120937762445,3,B
3533,1.283124647265862,7,A
3534,-0.6252501283992856,3,A
3535,0.8717734106138394,12,B
3536,0.9084455326364027,12,A
3537,1.2459543156672543,4,B
3538,-1.9558317640540144,14,B
3539,-1.9027187959974114,13,A
3540,-1.7583537555186963,4,B
3541,-0.3428092074345782,1,A
3542,0.954852852781688,12,B
3543,-0.5140452569237369,9,A
3544,-0.2616526530251176,2,A
3545,-0.3535748243892516,12,B
3546,-0.40448768611939007,14,B
3547,0.023948508042644905,10,B
3548,0.08030143735688786,5,B
3549,1.2717349145630779,4,B
3550,0.7868582754465343,5,B
3551,0.8129796033351155,11,A
3552,-0.08470160190984347,13,B
3553,0.9918760713720095,5,B
3554,0.4217016965362454,3,B
3555,-0.8236640351726586,7,B
3556,0.5534865661648004,11,A
3557,0.5117075352675686,13,B
3558,-0.6155242370214463,13,A
3559,-0.002109998203112487,7,A
3560,0.6148045224244368,0,A
3561,-0.3783678531872099,3,A
3562,-0.4428317922530085,5,B
3563,-0.6502783168247319,4,B
3564,-1.8226800277922508,4,A
3565,0.9095932730055863,8,A
3566,-1.1065461058462418,7,A
3567,0.2365681168703786,3,A
3568,-2.6410063048375028,14,B
3569,-1.0141942907696608,8,A
3570,-0.2782673138357022,0,A
3571,0.5714729002085649,3,A
3572,-1.225374750482875,13,B
3573,0.004598857235858826,12,B
3574,-0.30053489975233805,9,A
3575,-0.1518184803791228,4,A
3576,0.18631503562013454,12,B
3577,-1.240523400736151,12,B
3578,-0.16116634839358185,13,B
3579,0.7377015032259918,7,B
3580,-0.5221687675711333,1,A
3581,-0.17281254382506195,5,A
3582,-0.353926331843839,11,B
3583,1.989479312131728,10,B
3584,-1.8588002800286498,12,B
3585,1.4982221107050988,10,B
3586,-1.1581618753447867,3,B
3587,0.09513676182845011,8,B
3588,0.6714200022958823,3,A
3589,-0.7417928850393621,3,A
3590,1.1420689575283884,10,B
3591,0.24641428832128645,14,A
3592,-0.012263721777532327,9,A
3593,-0.9881900307369381,3,A
3594,0.9549845039154652,12,A
3595,1.3441180935503443,1,B
3596,-1.5842970267744398,8,A
3597,0.022451690393491347,6,A
3598,-0.3336559518732585,3,A
3599,1.1974338826260238,13,B
3600,-1.2695583790892544,4,A
3601,0.025313425398706114,14,A
3602,-0.7641561655277718,13,A
3603,-1.1145557007545248,3,A
3604,0.5450039159661915,8,B
3605,-1.2380202397425706,14,B
3606,2.1441451297846728,5,A
3607,-0.27777131720115783,12,B
3608,-1.276542656697393,14,B
3609,-0.7115144109092414,1,A
3610,-1.7279575717654212,12,B
3611,0.30490703989318035,6,B
3612,-0.030057637125305025,6,B
3613,-0.9264070342674814,0,A
3614,0.2704453090188481,14,B
3615,1.3753974447733208,4,B
3616,-0.16342457553094553,7,A
3617,-1.5480686840631803,4,B
3618,1.9185847813741428,12,B
3619,1.0725747557542644,11,A
3620,-0.7949184839985336,4,A
3621,1.8010651644568831,6,B
3622,1.0282036618982855,10,A
3623,1.0770467735926526,7,A
3624,-0.693153926701289,6,B
3625,-1.1453173634703562,1,A
3626,-1.4663612362655762,14,A
3627,0.4482967971386122,6,A
3628,0.7911877126379052,10,B
3629,0.00632506760781716,14,A
3630,0.2696044737062522,14,A
3631,-0.20982545737440045,10,A
3632,0.35790308234785606,0,B
3633,-2.2914238350534,14,B
3634,0.59950424335244,10,A
3635,-0.3743277552711387,9,A
3636,-0.6466467739764548,2,A
3637,0.4027762233545232,7,B
3638,-0.31841520654294625,10,B
3639,-0.6597581879220261,6,A
3640,0.5862145767624561,3,B
3641,-0.9298196035953753,6,A
3642,-0.982653710114356,4,B
3643,-1.3817113056284298,0,A
3644,0.9382774278374094,6,A
3645,-0.2722753791165132,10,A
3646,0.5794731062247852,13,B
3647,-0.8271236296849522,12,A
3648,0.05177731757254532,14,A
3649,-0.6170438819439028,6,B
3650,0.29862164584300066,0,A
3651,-0.0273022494179301,12,B
3652,-0.9925288583704277,14,B
3653,-0.18675507584490994,10,A
3654,0.6936825064608529,12,B
3655,0.4629729435867318,8,A
3656,-1.476152317908479,7,B
3657,-0.35694946409070805,11,A
3658,-0.36451055232060725,0,A
3659,-0.4701027620520998,10,B
3660,0.7988727196130435,14,B
3661,0.49227737417261797,8,A
3662,2.2829352170106327,8,A
3663,0.3216948962901542,2,B
3664,1.6087748292149757,13,B
3665,-1.3667767319495143,1,A
3666,-1.0705215833859831,13,B
3667,0.029505628094256362,14,B
3668,0.5528769557408953,0,B
3669,-0.38242764844924027,2,A
3670,0.4536522818874674,11,A
3671,-0.8255378129621919,7,A
3672,-0.20792466141294777,9,A
3673,0.06699257099728825,14,B
3674,-0.4757296045107319,3,A
3675,-0.039293419666037006,1,A
3676,-0.247055477148377,12,B
3677,1.2241121288979626,9,A
3678,0.05159991111572514,11,A
3679,-0.1505349195283908,13,B
3680,1.1098546138482284,11,B
3681,-1.7009844063163795,5,A
3682,-0.2347427962253789,14,A
3683,-0.0655226537602198,5,A
3684,-0.3328886236440358,1,A
3685,-1.4401894815880927,0,A
3686,-0.8834452544490398,5,B
3687,-1.539405806155421,2,B
3688,0.873426252870942,6,A
3689,0.3553258898729872,5,A
3690,-0.2372175545005358,4,B
3691,0.46086304394031785,12,A
3692,-0.35757489222104144,4,A
3693,-1.4706906793680343,10,A
3694,0.949342358185955,2,B
3695,-0.26779925410258154,13,A
3696,-1.4963375876762082,4,A
3697,-1.3265951034303052,2,A
3698,-2.0303301616124054,1,B
3699,0.11908338287688229,1,A
3700,-0.5570799375957141,3,B
3701,1.864052050618261,13,A
3702,1.9792767674132155,13,B
3703,-0.5815802071454438,6,B
3704,-2.0631749648618243,3,A
3705,0.7182863172167642,9,A
3706,-0.963198875143569,13,A
3707,-1.0475267554361412,10,A
3708,0.33995230417481254,9,B
3709,-0.5641464224262548,2,B
3710,-1.964816370264224,0,B
3711,-0.1415485729661549,1,A
3712,0.5845106741614877,4,B
3713,0.42457179879240636,12,A
3714,0.35340003944095105,13,A
3715,0.06812335245122557,12,B
3716,-1.1622196350472072,7,A
3717,1.126481016214056,9,A
3718,-0.2443366252401629,6,A
3719,-0.18836663609226195,12,B
3720,0.32070584895846743,14,A
3721,-0.3691037887630131,7,A
3722,-0.20068168347885718,12,A
3723,-2.953987812775547,5,B
3724,-0.9869519941819791,7,A
3725,-1.1863778369829179,7,B
3726,-0.10722770531168169,5,A
3727,-0.5305592389358973,4,B
3728,1.2717414045358248,11,A
3729,-0.05186542571095992,1,A
3730,1.3701039769904046,9,B
3731,0.6807503818433995,6,A
3732,-0.3884672420559987,7,A
3733,1.4050232653655057,8,A
3734,2.524795685335966,7,A
3735,1.6086036285858205,14,A
3736,1.0828134005393568,14,B
3737,-0.5260710898347055,4,A
3738,-0.6174937193936694,6,B
3739,-0.42090251659548383,10,A
3740,0.22208072399352755,6,A
3741,-1.6565079580791946,14,A
3742,-0.8947776974045086,13,A
3743,0.4227193013292267,3,A
3744,-1.801557374809281,13,A
3745,-0.17433776482959804,12,B
3746,-0.044391516524456345,2,A
3747,1.8970538443306137,4,A
3748,0.2443764497401798,0,A
3749,-0.13855269043113747,7,B
3750,-2.4272446403506818,3,B
3751,-1.8711818994090432,0,A
3752,0.5836771475018521,3,A
3753,0.9692211804253841,1,B
3754,-0.39720796827643484,4,B
3755,-1.7592561921170635,12,B
3756,1.6294750597996104,5,A
3757,0.5012942573504732,12,B
3758,0.03615011494319165,1,A
3759,-0.6091619438758132,0,B
3760,-0.22542795731196888,10,A
3761,1.32718653819229,12,A
3762,-1.1559621567822014,10,A
3763,0.09117622995188956,9,B
3764,0.40797707012726925,7,A
3765,-1.6279808447787971,10,B
3766,1.0876062295435225,11,B
3767,1.1686538528941284,10,A
3768,0.5028885823258457,12,A
3769,-0.47829779935396516,9,B
3770,0.08633432016682718,13,B
3771,0.42324906596525724,3,B
3772,-1.2509846813192318,0,A
3773,0.45586910301240585,5,A
3774,1.5698676111757417,0,A
3775,1.4822447117293964,5,A
3776,1.2988710993460257,0,B
3777,0.2030955693911233,8,B
3778,-0.9192252148481919,1,B
3779,-1.6108594302068449,1,A
3780,-1.4221803453797612,6,B
3781,-1.1783765044705494,14,B
3782,-0.6516089623358672,9,B
3783,0.6170405965957015,0,B
3784,-2.2484860192229172,8,B
3785,-0.3595839465876173,4,B
3786,-0.5184395919368355,6,A
3787,0.08807261096556476,10,A
3788,0.009410518271600339,0,B
3789,1.4205208156102493,4,B
3790,1.662525149012982,8,A
3791,0.23173279584182552,2,B
3792,-0.878438631823531,8,A
3793,1.1211706286271923,10,A
3794,-0.34634323588044674,14,B
3795,0.47406398984102166,3,B
3796,2.3331373158898217,4,A
3797,-0.4140445813699329,11,A
3798,0.6161914053884805,7,A
3799,1.0071311101878115,7,B
3800,0.6682891116160027,6,A
3801,-0.7216405549641741,14,B
3802,-0.9916302717907794,1,A
3803,0.8764509533411377,14,A
3804,0.6553140142193643,11,A
3805,0.763699796255723,9,A
3806,-0.1627842071380129,8,B
3807,-1.7153464947072512,2,B
3808,0.0710988082682834,3,B
3809,-0.5516161117361231,3,B
3810,-0.3376083493839568,0,B
3811,0.9456227156403998,2,B
3812,0.44265747764997115,14,B
3813,0.4978262903050696,8,A
3814,0.3509166753182888,10,B
3815,0.2288499251421111,3,B
3816,2.1208695145762215,5,B
3817,0.5660856954859356,11,A
3818,-0.6633279718053763,3,A
3819,0.12565219217244084,5,B
3820,0.04962980148077738,12,A
3821,0.2251324743097203,3,A
3822,-0.2972082302445048,14,A
3823,1.0162006903877323,5,B
3824,-0.3039464305457199,13,A
3825,2.365723748529897,10,A
3826,-0.5596841262222445,0,A
3827,0.3981930165489438,1,B
3828,-1.9167987097423866,9,A
3829,-0.5152819706137826,0,A
3830,0.8705561154428334,6,B
3831,0.03070937845229536,2,B
3832,-1.0713830461156244,14,A
3833,1.6335996970981659,1,A
3834,-0.3368907245361633,11,A
3835,0.15087797875773137,7,A
3836,-0.44108490096699904,6,A
3837,-1.0449731875054458,9,A
3838,-1.0503030451235664,9,B
3839,-0.6339928911867264,14,A
3840,0.09702232636260498,6,B
3841,1.1421424790812191,0,A
3842,-1.0070342394895668,6,A
3843,0.6874552050818592,13,B
3844,1.4292306246784727,13,B
3845,0.09834291668874448,10,A
3846,0.04218534411215867,5,B
3847,0.36008974789112624,0,A
3848,0.7242111701594698,12,B
3849,0.19473829415713048,7,A
3850,-1.1961775909572498,12,A
3851,1.5627615719505594,14,A
3852,1.1596302871879753,0,A
3853,1.34708138503495,1,B
3854,1.3887986496728644,8,A
3855,0.5530077383320153,8,B
3856,-1.2283490864550466,6,A
3857,-0.9019771911677807,12,B
3858,-1.495726944223721,7,B
3859,-0.9941780304515697,1,A
3860,0.5016486715518897,2,B
3861,1.7960288697880893,3,B
3862,0.8685550459835976,1,A
3863,0.23188315139329238,5,A
3864,0.3969837877369046,4,A
3865,0.3033254190537424,5,B
3866,0.6011499950390242,14,B
3867,1.1477060144219478,13,B
3868,0.02192435267216091,1,B
3869,1.1055782432660555,12,B
3870,1.341040052612886,14,B
3871,-0.8810882992506478,6,A
3872,0.41658587752881127,14,B
3873,-1.3355450807606437,11,B
3874,-1.218968659573943,8,A
3875,-0.24899057391789034,1,B
3876,-0.2832484635945296,12,B
3877,1.2232795919423083,14,B
3878,1.1968298816854381,0,B
3879,-0.3529476296984002,2,B
3880,-1.8886304968705958,6,A
3881,-0.08931617388584016,12,A
3882,0.46855795183742405,13,B
3883,0.4479607355180664,4,A
3884,-0.765380388568985,3,A
3885,1.7358657295012871,13,A
3886,0.031835737474260876,3,A
3887,0.2029530639275287,1,B
3888,-1.227839721618105,4,B
3889,-0.6123540605562378,12,B
3890,-1.3930310602911689,9,B
3891,2.7898348423718593,14,A
3892,0.7244021130576959,3,A
3893,0.2677654732388517,7,A
3894,0.12966345743646296,5,B
3895,-1.1530860813743111,10,B
3896,-0.7641921515995425,10,A
3897,-1.2139272518344406,11,A
3898,-0.03927680552844218,14,B
3899,-2.3840288584064764,3,A
3900,0.8291998902552672,6,A
3901,-0.37888958752472385,1,B
3902,0.49497285024561327,1,A
3903,-0.21906509590350365,12,B
3904,-1.5843638534693063,3,A
3905,2.0942789867951817,2,B
3906,-1.0716377241662722,7,B
3907,-0.30438826845677525,8,A
3908,-1.0772553447019144,11,A
3909,-0.29026981844028676,3,B
3910,0.9183363274714516,1,B
3911,1.1022845261269847,12,B
3912,-0.44595920116488624,4,B
3913,-0.05717555064612298,4,A
3914,-0.18838347416308857,2,A
3915,0.0964995467670264,12,A
3916,1.4492055131178496,5,B
3917,0.06520265434358552,1,A
3918,2.4178254862364406,14,B
3919,0.7197253493024808,3,A
3920,0.5109914430733327,8,A
3921,1.1631671615065078,6,B
3922,1.353455666991272,6,A
3923,0.7351826814749849,8,B
3924,-0.07695575021537225,14,B
3925,0.6122026637429746,0,B
3926,-0.07193734566478954,4,B
3927,0.1175034411434699,0,A
3928,-0.18024143779997107,10,A
3929,-0.6928752700128297,5,B
3930,-1.219438259380033,12,A
3931,1.6671357075602382,8,A
3932,-0.2998278969824014,2,B
3933,-2.7297902906132236,12,B
3934,-0.8103852118614214,10,B
3935,-0.2219515429486657,5,A
3936,0.07889823751804462,2,A
3937,-0.7833061666037522,7,A
3938,-0.8144417014260353,9,B
3939,-0.6383500603221938,3,A
3940,-1.083593591726355,2,A
3941,-0.06108279781162161,13,B
3942,-0.0033148689671800456,5,B
3943,0.44630779259745473,4,A
3944,0.9245715281699803,2,B
3945,1.7969518791200088,7,B
3946,-0.6184777749926105,10,B
3947,0.4562092848850787,13,A
3948,-1.715886739048333,12,B
3949,1.5442526976674045,2,A
3950,1.9770920874321654,7,A
3951,-0.1111670625585886,4,B
3952,-0.6930357108870202,1,B
3953,0.6289165763750302,6,A
3954,-0.7071019677004684,10,A
3955,-0.32767728011052666,10,A
3956,0.16731196459092929,7,A
3957,-0.03086381207187766,14,A
3958,-0.13568616115214,10,A
3959,1.570792088905623,3,B
3960,-0.5931125960769541,11,A
3961,2.254352179825636,14,A
3962,0.6951754449072882,0,A
3963,0.13996586387794943,5,A
3964,-0.2912771441963676,10,A
3965,0.24582522706221174,7,A
3966,-1.2574441337845743,13,A
3967,0.6046090737030214,1,A
3968,-0.3661151493136345,14,B
3969,0.22216988511893265,1,A
3970,-2.1940704988038493,3,A
3971,-0.9974823529337865,6,B
3972,-1.5341081619072945,8,B
3973,1.7054840676310339,2,B
3974,0.9992898231240451,5,B
3975,0.21310425664320212,11,B
3976,0.8270957199345799,11,B
3977,-0.8086292979283372,13,A
3978,1.0528254054223973,12,B
3979,0.5434871124215268,14,A
3980,0.7046552300698673,5,A
3981,-0.0975419786276464,4,A
3982,-0.20519240875856018,13,A
3983,-0.7093593395938925,7,A
3984,1.128266113300894,1,A
3985,-0.25924858818817403,13,B
3986,0.7059375649875888,10,B
3987,-0.8043968053603555,11,B
3988,1.4028845058197636,1,B
3989,-0.803435592009094,14,B
3990,-1.009128687795747,9,A
3991,-0.9879897074375443,1,A
3992,-0.2357771451300726,10,A
3993,1.4428154548346261,10,A
3994,-0.5437236877115513,3,B
3995,0.5772891446491413,6,B
3996,-0.4410140858600647,8,A
3997,-0.4561874100590928,10,B
3998,0.7517171769019267,1,A
3999,0.29372892404391204,13,A
