{
  "skill_overlap_score": {
    "edges": [
      0.1460749911289149,
      0.4643101116193899,
      0.5418333326874204,
      0.5968438694426601,
      0.6421416032237324,
      0.6838609246332089,
      0.7232304151765694,
      0.7624033310178303,
      0.8052614454951365,
      0.8563301635770473,
      0.9830513417421738
    ],
    "proportions": [
      0.1,
      0.1,
      0.1,
      0.1,
      0.1,
      0.1,
      0.1,
      0.1,
      0.1,
      0.1
    ]
  },
  "years_experience": {
    "edges": [
      0.0506874373182053,
      0.9782407035534036,
      1.480272300713198,
      1.964121282099212,
      2.433829816945815,
      2.9568817601899173,
      3.56300277740212,
      4.285835144529972,
      5.269209669485391,
      6.72151855525857,
      20.0
    ],
    "proportions": [
      0.1,
      0.1,
      0.1,
      0.1,
      0.1,
      0.1,
      0.1,
      0.1,
      0.1,
      0.1
    ]
  },
  "experience_gap": {
    "edges": [
      -16.655661915886856,
      -4.4239370791893515,
      -2.901746705076374,
      -1.8875106103158443,
      -1.1350225497508597,
      -0.4620431553604475,
      0.23316010450826324,
      0.9619113799382821,
      1.8963924357503645,
      3.258953396201103,
      13.396421960305164
    ],
    "proportions": [
      0.1,
      0.1,
      0.1,
      0.1,
      0.1,
      0.1,
      0.1,
      0.1,
      0.1,
      0.1
    ]
  },
  "resume_parse_confidence": {
    "edges": [
      0.2335561934241918,
      0.6926834623359367,
      0.7620435020404885,
      0.8043104129250097,
      0.8386208760934459,
      0.8680681035983482,
      0.8926252880657822,
      0.9161664606820287,
      0.9394941180897197,
      0.9642578943263597,
      0.999401797811581
    ],
    "proportions": [
      0.1,
      0.1,
      0.1,
      0.1,
      0.1,
      0.1,
      0.1,
      0.1,
      0.1,
      0.1
    ]
  },
  "interview_eval_score": {
    "edges": [
      0.1010214576854736,
      0.39996773189258533,
      0.48332818362817287,
      0.5381951944077394,
      0.5887058543295735,
      0.6355684496651679,
      0.6801199260025326,
      0.7245789574184133,
      0.7735654229223441,
      0.8311068198128969,
      0.9863888622107614
    ],
    "proportions": [
      0.1,
      0.1,
      0.1,
      0.1,
      0.1,
      0.1,
      0.1,
      0.1,
      0.1,
      0.1
    ]
  },
  "communication_score": {
    "edges": [
      0.1136835603169598,
      0.3977607289286984,
      0.478891593310871,
      0.5384304508462426,
      0.587092460164408,
      0.6347954939450218,
      0.676830138215527,
      0.724225197345898,
      0.7692547603252341,
      0.8317171022070649,
      0.978599676233676
    ],
    "proportions": [
      0.1,
      0.1,
      0.1,
      0.1,
      0.1,
      0.1,
      0.1,
      0.1,
      0.1,
      0.1
    ]
  },
  "role_historical_hire_rate": {
    "edges": [
      0.18,
      0.2,
      0.22,
      0.24,
      0.3
    ],
    "proportions": [
      0.21511111111111111,
      0.19777777777777777,
      0.19111111111111112,
      0.396
    ]
  }
}