candidate_id,gender,college_tier,pincode_tier,experience_years,skill_match_score,test_score,applications_count,shortlisted
C000000,F,3,3,5.742397803449673,44.36106320272556,47.878610661449855,8,0
C000001,M,2,1,1.779350516783702,63.377082116573646,86.62592888623557,2,1
C000002,F,1,2,9.558396986762503,90.08713044768052,43.8673441502335,5,1
C000003,F,1,3,1.552804295891225,60.539664671538084,41.22224527170329,2,0
C000004,M,1,2,6.226557955248536,56.24860488540112,27.13421788433753,6,1
C000005,F,2,1,6.807204180794508,78.68123530866067,55.434257632029954,7,1
C000006,F,1,1,1.052475784002338,83.27887131818153,36.785633762194124,2,1
C000007,F,3,2,3.0107484070872657,55.472042325071996,99.56170517325666,3,0
C000008,M,3,1,3.494177098580825,56.57353187596853,35.492065116005335,4,0
C000009,M,2,2,11.661725044293954,77.98004363161743,46.158316545533204,1,1
C000010,M,3,2,3.460220373063242,69.50044362854837,99.11045932740998,2,0
C000011,F,2,2,1.4959937964095924,69.83857195358422,79.4307130000447,8,1
C000012,F,3,3,5.0818383177227835,68.55012279209284,27.099071883217647,4,0
C000013,F,1,1,1.6954646327775529,64.2405802086724,60.1923282060945,6,0
C000014,M,2,1,3.864603113262437,80.03889372691373,64.26046582221689,3,0
C000015,M,1,2,2.999132433140577,85.82829182882058,42.232742020951605,3,0
C000016,M,3,1,5.139627399702728,49.55333262324088,71.03647242028043,5,0
C000017,M,3,2,2.7653342605546096,78.30683584954696,34.341636264080705,4,0
C000018,F,2,3,2.4685157054688798,64.34132444665964,29.177118863191225,3,0
C000019,F,2,2,6.373892980284554,45.71079012676519,77.02213890736945,1,1
C000020,F,3,2,4.635937722547391,51.13535957589178,70.17544215983858,4,1
C000021,M,2,2,4.0621279602169675,58.85790732731397,93.0177662653276,2,1
C000022,F,2,2,0.0,80.87222841000786,57.93394670939499,2,0
C000023,F,2,2,5.368031801821536,49.48698015002087,87.91283456092597,2,0
C000024,F,2,3,2.9645359761392034,37.989771580994585,49.74909417878834,4,0
C000025,M,2,1,4.612506570723955,61.02791601791319,80.50581006474052,7,1
C000026,M,3,1,0.0,57.838792628824066,93.4164401140508,5,1
C000027,M,2,2,4.609879869983341,81.05950671248496,43.35680758142823,5,1
C000028,M,2,1,4.424844456085283,68.85376308319236,27.612703137259054,3,0
C000029,F,2,1,3.49501222560567,75.68696450793801,63.81390206084079,2,1
C000030,F,2,1,2.0507373213122237,59.099036346360066,63.36875956107485,4,1
C000031,F,2,2,6.565297293816172,46.73453361679792,56.979768764564525,6,0
C000032,M,3,1,2.357614848046899,84.68249706877648,77.24646875760044,3,1
C000033,M,1,3,6.002437260642116,56.15256464877215,39.6048551097238,4,1
C000034,M,2,2,6.303747387630598,74.71105033858171,57.64088897869481,1,1
C000035,M,3,2,2.16911589537703,59.47948468535733,45.918709968388775,3,1
C000036,M,2,1,5.645719728452668,74.86393096316456,89.17564307521081,4,0
C000037,M,2,3,3.054645476056622,69.53051379840726,73.77594979311878,5,0
C000038,M,2,2,5.40475611432184,66.92217565673516,47.07964149343584,3,0
C000039,F,2,3,1.9410291575940706,71.19914952057681,60.65803011116321,5,0
C000040,M,1,2,3.7467863053439325,61.383936381473795,56.734562152608525,2,0
C000041,F,2,1,4.1695273171847385,39.42717989969543,36.117709672506635,4,0
C000042,F,3,2,3.935327957565825,69.333496350437,88.45371533742289,3,0
C000043,M,1,1,4.838649760539559,82.1818326075379,52.13705033060667,2,0
C000044,F,3,2,2.2206665500657343,64.33484789024598,100.0,7,1
C000045,F,1,1,2.7848105057999986,60.296556409605735,60.52613215664176,3,0
C000046,M,2,2,5.5704511088043045,68.91672208247995,82.37299148624489,3,1
C000047,M,2,3,3.0928423644385568,79.68855459726306,60.44050333097973,4,0
C000048,F,2,3,2.9059996936996795,60.784183688277665,65.46635479883729,8,0
C000049,M,2,2,2.1479925996778455,42.581375021587846,52.440467733193785,4,0
C000050,M,2,1,2.9879090830858615,67.36919214982612,27.596639005576996,2,0
C000051,M,1,1,1.7404766266524763,70.46875122936967,90.00296558382044,9,0
C000052,F,2,3,5.6044602874244385,67.61170515600502,48.94640549977126,3,0
C000053,F,1,3,3.0120602225033255,57.580910970369125,86.32146066374729,2,0
C000054,F,3,3,1.6159237232785295,70.01678886018203,97.61667508039216,3,0
C000055,F,2,2,3.553029473518718,61.53760274632908,48.1419812267102,9,1
C000056,M,2,1,0.9277354205105048,58.44293976319108,44.75906268252185,8,0
C000057,M,3,1,2.1172995375252963,60.71366870714463,49.48425947355188,3,0
C000058,M,2,2,6.979879883862237,67.5955246059337,25.594942159895474,4,0
C000059,M,2,1,1.6061090216220082,69.21213070743897,66.19291749967228,3,0
C000060,F,1,3,3.684453529491773,57.29476389469013,83.28193952856736,7,1
C000061,M,2,3,8.854067399846308,67.98570777873628,42.93367456198135,4,0
C000062,M,2,3,4.548358545813827,70.72762462320621,68.42663025547091,6,1
C000063,F,1,1,2.8762581445950137,73.36119810721095,55.89939814272328,5,1
C000064,F,3,2,0.0,72.22805733432925,56.01487119548662,5,0
C000065,M,2,2,4.36722588653603,84.54027126396784,59.62996469984474,5,0
C000066,M,1,2,2.311054688688806,75.29278305475145,65.95017049765798,7,1
C000067,M,3,1,5.227162130454057,95.06259043408996,48.491497742572676,6,0
C000068,M,1,3,2.512247643585453,80.47294151931513,60.185683881982605,2,1
C000069,M,2,1,4.609759399170812,79.99573886449197,49.14911678535816,5,1
C000070,M,2,1,7.182027711156985,46.60541523269902,62.27943202661896,4,0
C000071,M,1,2,5.47678544427528,76.34465515885206,43.4364605051871,3,0
C000072,F,1,2,1.099666439580644,77.76591743719703,76.34161193651553,5,1
C000073,M,1,3,4.195726412833577,64.33682576922764,53.69752694827467,6,0
C000074,M,2,1,6.119656350053011,34.28397124899638,37.483960906136744,4,0
C000075,M,3,2,0.6568404223039308,30.06162803040892,56.1127175665499,3,0
C000076,M,2,3,7.711896662924582,60.80676715800132,58.646118104068634,3,1
C000077,F,2,1,4.310024597304415,56.93057863803951,51.167521734853665,4,0
C000078,M,1,1,5.268191941681498,42.62889834762562,30.967126679338836,5,0
C000079,F,2,3,3.2435766148733345,70.80700591031068,57.64213203751465,5,0
C000080,F,2,3,4.101904655686237,47.997748882591026,62.90373036356752,2,0
C000081,M,3,1,2.032213655763316,40.013109570454745,67.5877046967785,6,0
C000082,F,2,3,7.40356628721772,95.95003375241068,78.22602905206504,2,1
C000083,M,2,2,7.94471767219643,72.5699873420692,68.99636695109108,5,1
C000084,M,3,2,8.722663496595608,58.61188311208342,65.91651391534319,6,0
C000085,M,3,1,0.11538191512527529,43.81162151795183,70.22657521551228,3,0
C000086,F,2,2,4.724992785821662,51.71529731998488,49.78570561026799,4,0
C000087,M,1,2,4.950658972888384,55.662117210513436,76.79744840249934,4,0
C000088,M,1,1,2.447776905487287,56.84547443338401,58.604926098253976,4,1
C000089,M,2,1,4.820193173339443,60.1601431544133,56.5637199323068,6,0
C000090,M,2,2,0.8394636496453991,47.284917711760045,37.54526806843934,4,0
C000091,F,3,2,7.237505304197777,51.897767658220936,67.94627759166289,4,1
C000092,M,1,2,0.6270205376641296,39.33399232784697,66.0587708224311,6,0
C000093,M,2,3,4.550948967641307,35.30119898308554,73.381502900273,2,0
C000094,M,2,2,5.736220097071358,41.96662762160326,35.067189182234415,5,0
C000095,F,3,3,2.6811004775249474,55.85326934172481,72.93357499821171,4,0
C000096,M,2,1,7.019729531798985,60.3804908734195,56.790820343110624,5,1
C000097,M,1,2,0.0,71.97975113336108,43.862333208049066,1,0
C000098,M,3,2,3.9326037467603046,71.22851445083252,51.67458457540239,6,0
C000099,F,3,2,0.2894013992911759,74.35663857853028,45.29976141948747,5,0
C000100,F,2,3,2.2987687830512984,60.42551328501629,65.92338507394311,4,0
C000101,F,2,3,2.9135947192943026,74.83059322283525,52.16105333717032,1,0
C000102,M,2,1,2.77933356622344,32.85033822927985,58.511253743713894,4,0
C000103,F,2,2,6.7959699598940535,74.056391073413,51.58950427965287,5,0
C000104,F,3,2,1.4207332106024237,64.40295083699763,57.726743184660926,5,0
C000105,F,2,2,0.5805948878832132,79.42545269959162,39.53947490879442,7,0
C000106,M,2,1,3.051655209876126,24.80038156642196,23.829236530314233,2,0
C000107,M,1,2,4.249333057842141,78.68133365248762,100.0,4,1
C000108,M,2,2,5.107029712640852,40.60629935616042,60.66219000091073,4,0
C000109,F,1,3,6.53840479880007,81.78769988779061,100.0,1,1
C000110,M,2,1,0.0,52.353898779542085,58.63420424641107,4,0
C000111,M,2,3,7.715005296998818,71.23159527812982,59.43816193358658,4,1
C000112,M,2,2,2.1994545914642334,63.707231692239176,54.6926373433208,4,0
C000113,M,1,2,3.3873628873456685,80.2226914701672,70.05994093169889,3,0
C000114,M,2,2,4.050972794633674,67.26795925598077,61.71742047224343,5,0
C000115,F,3,1,0.0,88.5549673629875,35.70905915348149,4,0
C000116,F,1,1,3.048646745611724,54.19930740189499,40.88401409456269,2,1
C000117,F,3,2,6.182505763139904,49.47624758433728,38.01813821943763,3,1
C000118,M,1,1,5.389135357011912,55.19653879573512,61.81117296559544,4,1
C000119,F,3,2,2.8990057724773286,74.4999498887435,62.631937973077676,4,0
C000120,M,2,2,4.468683562432346,75.12160211390234,61.78450803049803,5,0
C000121,F,1,1,5.0153722000098835,45.69344338114371,46.89578643099159,4,0
C000122,M,1,3,3.4306806438704043,52.279279227077375,37.96120460433248,3,0
C000123,M,3,1,5.083476339359766,69.32613977053778,80.26205123881826,4,1
C000124,M,3,3,2.2390209584513077,83.68079111375681,63.41053460028257,3,0
C000125,M,3,1,1.9202431411927954,54.46526913988707,70.14871968366319,3,0
C000126,M,1,1,3.3466205182716893,43.601989700344774,76.93841790877381,5,0
C000127,M,2,2,0.0,80.04745993663298,22.848133834624768,1,0
C000128,M,1,3,5.525204695743502,38.776735297401565,60.815301768724794,5,0
C000129,M,3,2,4.182920349641712,73.09917761072752,79.81504294531116,4,0
C000130,M,2,1,3.5112102380508885,32.471359215771265,37.458938045021064,1,0
C000131,F,1,3,5.752411058064791,63.19428205068924,39.32089210905739,6,0
C000132,M,2,2,4.851642088400419,59.70161731294746,38.933970872951946,5,0
C000133,M,3,2,6.340361390001827,53.26310172880444,32.116272917774396,5,1
C000134,M,3,1,7.475651024829315,86.59274855274057,69.99430630774741,6,1
C000135,M,2,1,4.72723239270126,63.74999474680697,62.99114335132432,2,1
C000136,F,1,3,2.416567225013699,62.47655278509264,37.065996608677295,3,0
C000137,M,3,1,5.59475894039368,61.1477536853189,26.51034971009412,2,0
C000138,F,2,3,2.423843443483147,53.47999307884592,44.054317184040805,7,0
C000139,M,3,1,2.3230378751254004,92.4147898589218,78.79172077328502,4,1
C000140,M,2,2,3.3561456043675344,59.34693094871865,38.19868373236133,3,0
C000141,M,2,3,6.547882742963257,92.82155832324612,27.754782524393114,5,0
C000142,F,3,2,5.650417086579415,52.61648897742919,56.30995258053609,1,0
C000143,M,1,3,5.948855854013095,65.2731997446046,36.80317157235105,4,0
C000144,M,2,1,4.270360461430273,57.82706293604248,88.89532914624962,2,1
C000145,M,1,2,5.2526917213274515,52.94760896402679,60.9818751457751,8,0
C000146,M,2,2,5.321940230272542,62.165069740304475,51.35623180060651,5,0
C000147,M,3,3,2.485739222556858,89.97101814342443,51.635920428458846,3,0
C000148,M,1,2,5.294225224186607,84.31421401804201,47.43271970296391,4,0
C000149,M,2,1,3.991342885148291,65.36761146904627,49.21012107919684,3,1
C000150,F,2,1,3.1090608476890713,44.499416790486606,100.0,3,1
C000151,F,1,1,3.2146276911528933,69.82954104036794,75.37575793963815,1,1
C000152,M,3,2,2.784666378976488,57.065283264685334,54.1354336571252,1,1
C000153,M,2,1,3.3819614591127305,50.52362901327825,61.93728009166645,4,0
C000154,M,2,2,3.9821561057952533,74.58003002785638,44.5498445369075,5,1
C000155,F,1,1,5.463028554745698,45.78950445838774,76.06410883873832,6,0
C000156,M,3,1,7.320437280949587,66.55799058915562,0.0,3,0
C000157,F,2,1,5.250692772518445,71.69813858455579,47.022039948066336,3,0
C000158,F,2,2,4.2577481674278665,74.88412296235538,37.950233692585805,3,0
C000159,F,3,1,0.0,45.7606181425415,73.16252747256134,7,0
C000160,M,1,3,9.321645554647372,90.07850227763981,56.671808512386846,2,1
C000161,F,2,2,2.4425030376842773,68.99968859194425,25.121578108796392,4,0
C000162,M,1,3,2.513627954678432,64.59679735417956,54.38588510857794,6,0
C000163,M,2,2,6.7811893673104695,44.70681616898343,55.99171038095004,5,1
C000164,M,1,3,1.5773362770661654,52.22715428570978,82.72200569725219,2,1
C000165,M,1,1,4.817926054177475,59.2116602521955,61.07264331358646,6,0
C000166,F,3,2,2.981620171800693,64.13862470168078,55.17598847851435,7,0
C000167,F,3,1,3.4440843349016372,69.7129553163218,56.89646551588127,4,0
C000168,M,1,1,4.1093537169920165,59.25325311340166,14.639350279821997,3,0
C000169,F,2,2,1.3739721505732887,86.2710496253473,41.048037924669046,5,1
C000170,M,2,1,3.728333323655521,58.86784249784211,20.288852156389446,4,0
C000171,M,3,3,6.257097978972968,67.45074697251994,92.12115127107255,4,1
C000172,M,1,3,3.835847037769046,81.60183643153243,47.08931261906416,4,1
C000173,F,1,2,11.696861351104797,56.30966941738608,67.45075066071558,5,0
C000174,M,3,3,4.201545288719471,44.043054167177544,37.36003822857959,4,1
C000175,M,2,3,1.3675104189082696,58.329078256662015,48.66109841200045,3,0
C000176,M,2,1,2.8526012312280735,78.23557257354646,49.67505137121058,3,0
C000177,F,2,1,0.0,65.57522445680992,65.10275052546335,2,0
C000178,F,3,1,6.370745613275439,74.69191685228772,52.882294292759724,4,1
C000179,F,2,1,7.532022123310233,44.86040659632462,43.79188190193771,3,1
C000180,F,3,3,5.854485195540337,40.34309999576762,18.497236766245187,2,0
C000181,F,2,2,2.151713425007914,73.25854038478295,95.63052379703652,2,1
C000182,M,3,1,2.0806161583347693,69.8091073046457,46.056988939362014,3,1
C000183,M,2,1,5.620599971829851,50.83532042660298,48.39624698463997,4,0
C000184,F,1,3,2.853924176297083,47.375311427103576,44.9758869035431,4,0
C000185,F,1,1,2.1065615555618082,62.095588042695745,80.66367911939808,2,0
C000186,M,1,3,1.860580724485101,63.89396461305261,43.46301646633812,4,0
C000187,M,1,2,8.111918359647262,46.280120241154734,46.65469532324028,4,0
C000188,F,3,3,2.9789129335265443,63.53122222648092,59.148607744034635,7,0
C000189,M,1,2,5.8297105602008585,42.81830074305357,77.34074923462907,2,1
C000190,F,3,1,5.209064054702715,55.025592896600884,55.16431050379572,4,1
C000191,M,1,2,2.1329419448415656,44.86437880350668,56.331844230533015,3,1
C000192,M,1,1,4.089197972110474,62.951176398632334,53.354025678766206,7,1
C000193,F,3,3,1.7974765907823174,54.98868782335555,46.99344663652716,3,1
C000194,M,1,1,7.185479058090827,84.83616196855391,88.75026661951031,4,1
C000195,M,1,1,1.9962508651380642,69.16521180214272,40.8554197239838,5,1
C000196,M,1,3,4.803600847661206,44.90617252532094,62.66298490784436,5,0
C000197,F,3,3,2.9127657480221467,78.25875760701497,45.34795407155022,5,1
C000198,M,2,2,1.9652225880286887,61.62579567266255,66.23526242665353,6,0
C000199,M,3,3,6.370088789800912,75.93006250375512,54.454317925698774,6,1
C000200,F,3,2,2.8534156145906917,45.18505301734868,59.90110620795019,3,0
C000201,F,2,3,0.0,73.60207085194999,57.084214247631046,5,0
C000202,M,2,2,4.933483833887037,95.33582750683154,35.63143962694015,2,0
C000203,M,3,1,2.4435132229157173,73.34862241342825,54.35620913597924,2,0
C000204,M,2,3,4.346716226793564,55.696358842136085,22.742383697255477,4,0
C000205,M,2,1,5.883465816975543,81.84004623817515,59.45842484171708,3,0
C000206,M,2,3,4.784584517809146,54.33548048831274,46.33555431153723,2,0
C000207,F,3,1,5.955369211603162,71.84217609403571,51.40756364976676,6,0
C000208,M,2,2,1.1440563682699558,98.29758336220576,55.941324947728475,3,1
C000209,M,1,3,6.636612230577102,55.92447000317093,58.105614547851715,2,0
C000210,F,2,1,3.3456139788786343,72.28749928677065,13.84608189156421,6,0
C000211,M,1,3,0.8613785304117569,94.69276743569252,48.67092845213894,5,0
C000212,M,2,1,0.0,79.375452436212,60.168578754531126,8,0
C000213,F,2,2,3.3215473484431888,75.31781462428292,83.81958196869866,2,1
C000214,F,2,1,2.2703493455033827,35.14988888914414,100.0,5,0
C000215,F,1,1,2.3044500382002564,50.17515008612175,91.3231079538257,3,1
C000216,M,2,2,4.735595906073506,77.62222654994137,42.31650011276372,2,1
C000217,M,2,2,7.784594427318223,59.97159439450998,65.47798691046536,4,1
C000218,F,1,2,2.0163607728296418,57.2026442813635,75.89368124198938,4,0
C000219,M,2,2,4.202470143566667,82.26726535578956,67.87059146906941,8,1
C000220,M,2,2,2.750887529571624,74.54187291157061,55.30379816862241,3,1
C000221,M,2,1,1.8287001802861673,52.288985906589296,61.40124676723879,5,0
C000222,F,3,3,1.7649441137676543,76.04133315920687,63.563895661305736,3,0
C000223,F,3,2,7.61302675600551,50.18636674550054,45.6436310002968,4,1
C000224,M,1,2,4.029198245869499,40.74798450994551,61.59528502487344,2,0
C000225,F,2,3,3.5818065331997087,69.32834628462113,34.653255531788304,4,0
C000226,M,1,1,2.492354222153624,45.95751729862045,99.8813414186495,2,0
C000227,M,2,3,4.147922315099313,45.700148649487296,50.79645715685934,4,0
C000228,F,1,3,2.596347300242562,49.20376519323547,67.63484629457261,6,0
C000229,M,2,1,8.246083043275931,66.94510132765852,62.03556458588753,7,1
C000230,M,2,3,4.553988305126239,76.24168614304617,60.25945481173214,5,0
C000231,M,3,3,4.306810808923604,60.037086766804855,69.06680134067382,3,0
C000232,F,2,3,4.256977534017782,46.35230733118418,78.33870074953352,7,1
C000233,M,1,2,6.8771777451554605,47.5087267323548,60.01610163843144,6,1
C000234,F,2,2,3.9514436490746405,41.09023118680642,72.9090391552674,3,0
C000235,F,2,2,2.951774515598118,75.13718642399019,66.9449361684037,3,0
C000236,M,2,1,4.354332054817486,50.83448836699314,35.23777161318618,1,0
C000237,F,3,3,5.7409498572675135,67.75647347375656,58.99949335947316,4,1
C000238,M,3,1,6.602516690580154,37.25614428418659,54.5753805107571,5,1
C000239,M,3,2,4.473023102733535,83.40043392658653,69.60722726541738,4,1
C000240,F,3,2,4.504630580439667,64.14279248304345,71.16942377882985,3,1
C000241,F,1,3,6.184025834328673,40.790664804430726,60.84714432154465,2,0
C000242,M,2,1,0.0,55.24561137484459,65.65679799895508,3,0
C000243,M,3,3,4.194059507569458,67.05198352396106,61.552596328273715,6,1
C000244,M,3,2,2.7142567190290325,51.02962497177077,48.46169125141951,4,0
C000245,F,2,2,4.127695414332506,69.7569234965951,81.18500828727792,3,1
C000246,M,2,3,4.782544647702894,83.47817341058516,69.54717615763008,6,0
C000247,M,2,1,6.739007464033153,78.01223853574642,93.39909266449001,6,1
C000248,M,2,3,0.9540793632275824,63.92270555588574,55.80368552825557,1,0
C000249,M,2,3,2.417614671878379,85.71592336560373,48.76145545036874,7,0
C000250,F,2,1,2.0432037288709632,67.20969176857088,21.209260018952712,5,0
C000251,F,3,3,2.6649188436998927,62.37769139684416,100.0,7,0
C000252,M,3,1,0.9855327999502701,62.77371693536076,68.90097959974956,5,0
C000253,M,1,1,8.70236845830587,65.58563417197882,73.61664953095976,5,1
C000254,M,1,3,5.915619200966608,70.78707546550925,90.37603531321426,5,1
C000255,F,2,1,2.2941474214045203,50.8415576436968,62.25334220587088,2,0
C000256,F,2,3,4.034096798428568,81.254560525159,46.93507786015919,6,0
C000257,M,1,3,3.0435551044703986,83.71538865423054,76.00339127839732,2,0
C000258,M,2,2,4.343474197823674,100.0,55.59766208621255,7,0
C000259,M,3,1,2.3109854179300098,38.514843534506724,26.98133758313525,4,0
C000260,M,2,3,0.6493278625137466,64.77681685265074,87.03439083593192,3,0
C000261,F,3,3,2.7410625119842837,52.24536861445809,39.98561781079919,3,0
C000262,M,2,2,7.038905051658158,74.00292134181778,46.43204858720965,5,0
C000263,M,1,1,0.7330394341036266,82.62972638558209,73.75072593021216,3,0
C000264,F,3,2,6.413675309232467,64.90493937061862,23.510977238708634,9,0
C000265,M,1,1,5.231887164613548,59.73449228785607,61.38411614666629,3,1
C000266,M,2,3,3.1208014153661834,57.133301062705144,64.22398938298717,6,0
C000267,M,1,1,5.650130754175825,61.513092952405,78.9275974912459,4,1
C000268,M,1,1,4.4589540564266965,70.0650736664217,70.5668101084505,1,1
C000269,M,1,3,0.0,69.96865542571351,72.7634820092427,3,1
C000270,M,3,3,3.1100114030657298,86.89046173487792,75.85224023070056,6,1
C000271,M,1,2,3.1744705351357476,62.06878583459537,86.08775422763591,4,0
C000272,M,1,3,7.17899644929428,78.20398327566065,51.38509160641211,6,0
C000273,M,1,1,3.1181850675661402,51.23509470184328,41.76859610232252,5,0
C000274,F,2,1,3.536102032361303,45.60884338823378,42.71327051714343,6,0
C000275,M,2,3,1.4452876767308296,79.74273447616109,70.90253432494569,3,0
C000276,M,3,2,3.8607530519864217,70.89409614855465,54.470875518453944,2,1
C000277,M,2,1,1.3844454335445286,56.897308874617565,48.80393275034898,4,0
C000278,F,3,1,6.389292341361164,51.0241348003378,78.97253818650145,6,0
C000279,F,2,2,3.074819547624158,57.71209698135527,69.95755234148925,2,0
C000280,M,1,1,1.3791699367155466,68.12087031830103,87.95391480711635,5,0
C000281,M,3,2,6.696120791130797,67.2204933276432,64.65198565263925,5,0
C000282,M,3,1,1.126719983951248,43.17832130616153,69.61049535908577,1,0
C000283,M,1,1,4.561768504440685,45.830665963074566,52.450167821407064,8,0
C000284,M,2,1,0.7279731855149203,66.95642098684664,21.62605945907041,4,0
C000285,M,1,1,4.644640462173628,73.68867473453541,50.125366205363896,3,1
C000286,M,2,2,6.34861832219954,53.09290540545919,46.57406038197569,5,0
C000287,M,3,2,2.573935842505162,43.622531241210666,35.48833397402518,3,0
C000288,M,3,2,1.4044547717085178,65.43643548666513,62.96262116122979,5,0
C000289,M,2,2,1.4729188548674657,31.881721107616244,76.41554224536074,4,1
C000290,F,2,2,3.8781955174814966,59.14377437738615,51.474479414825254,4,0
C000291,M,2,1,8.24159850870788,73.90436073839244,66.96621167477814,1,1
C000292,F,2,2,6.349510772984262,61.30086944131823,49.5599358161747,3,1
C000293,M,2,2,6.575052943805801,41.48195143493119,57.13393310920448,4,1
C000294,F,2,3,1.6461879236861834,87.59007575386828,49.077453370355386,3,1
C000295,F,2,2,6.413217444758873,65.0850377031289,65.34236962342898,4,0
C000296,F,2,1,6.171550174445896,68.12399041521766,70.44066619259884,3,0
C000297,F,3,2,4.671005728798582,78.17071968061312,90.7808696712558,3,0
C000298,F,1,1,2.6105821761461474,62.27610951807673,49.650478016232924,4,0
C000299,F,3,3,6.138819564031794,60.867696227356184,56.10805917836651,2,0
C000300,F,2,2,2.5087069324123146,83.40479523356055,80.24610085847637,6,0
C000301,M,2,2,5.445881433130206,52.725035780784594,53.85661273431655,4,0
C000302,M,3,3,3.162447070826635,78.7202321203603,69.03509556131876,5,1
C000303,M,2,2,1.8318614127481907,48.042326666625705,50.90674116894675,1,0
C000304,F,1,3,3.108437430476141,54.07201403275489,67.08707150948054,3,0
C000305,M,2,1,8.329390099129085,69.3689161864399,70.73456417659904,2,1
C000306,M,2,3,1.4350378978825904,86.42498688016406,83.46103082602423,4,1
C000307,F,3,2,6.181344167914957,67.21121773877316,46.24175175256312,3,0
C000308,M,2,1,5.848581135507699,43.997835291224575,68.79637144737751,6,0
C000309,M,2,1,3.5943556207455956,75.6660454771355,57.438352238280295,6,1
C000310,M,3,2,2.785377015179279,53.08565290477486,30.467984648689345,6,0
C000311,M,2,3,1.2536486537881766,74.49572036222277,48.7503786847941,9,0
C000312,M,1,3,6.834954035906404,69.31228955047905,46.52819123507739,3,1
C000313,M,2,2,1.382745959235693,42.48200800814763,67.70525037493447,5,0
C000314,M,2,1,0.0,70.4037772265349,44.239331653535785,3,0
C000315,M,2,3,4.677479803830606,46.477707743675566,61.63893238747487,3,1
C000316,M,3,3,1.0283286481846639,85.28161473285516,60.23175325593529,2,1
C000317,F,1,3,3.7585943957169743,41.410430814528866,71.66951998018791,2,1
C000318,M,2,2,1.0436352106052915,62.608491361088504,51.40560791965114,6,0
C000319,F,2,1,2.7210984968531355,50.807750562196645,33.35618085549844,8,0
C000320,F,2,3,4.152696879137906,86.16266530315669,76.6735420180956,5,1
C000321,M,2,3,4.597388526732134,41.76938815957478,49.89493571124843,4,0
C000322,M,1,1,6.945296142178449,99.95770510518429,79.78306170768842,2,1
C000323,M,2,3,4.003072504536102,59.58099713964572,59.65160537815427,4,0
C000324,F,2,2,4.23578268978293,56.535487824948376,61.24862892198046,4,0
C000325,F,3,2,3.472404885207329,76.58911834971805,70.95430510165609,6,0
C000326,F,1,3,6.032690516233319,64.48617256056208,71.58844459043972,1,1
C000327,M,1,1,1.5117361790687633,52.2490107702244,58.641501210759806,1,0
C000328,F,2,2,3.0373535700798038,53.53913083891568,52.17815362671212,7,0
C000329,M,2,1,3.997183374157873,57.542709752870174,59.19389242400397,2,0
C000330,F,1,2,2.006432559479125,54.60453535760258,27.50564717433752,2,1
C000331,M,2,3,7.070704737569125,77.15504483019772,77.66693578728888,5,0
C000332,F,3,1,4.700718710622214,66.2901625242667,44.528783667346175,3,0
C000333,F,1,3,1.3035418747335314,71.94120039588398,50.7685216961723,3,0
C000334,M,1,3,4.898347368226015,58.71978229742298,52.84137378398191,3,0
C000335,M,2,1,6.8822082319551825,74.66497464967033,66.73740873581927,5,1
C000336,M,1,1,2.416710240031925,54.59191521081694,57.65107092731065,2,0
C000337,F,2,1,6.995574053369502,51.18408255413799,71.99020369318659,2,0
C000338,M,2,1,4.565178947348407,57.36026920416248,69.28238615349689,4,1
C000339,F,2,3,4.4437031519072745,86.36887458184457,45.32098460140864,7,0
C000340,M,2,1,6.636462109954641,56.36083746807557,45.41391272052278,5,0
C000341,F,1,3,4.44816771646975,57.03754640051116,55.122193334375936,4,1
C000342,F,3,2,4.858634673648106,68.27693499090532,72.87943850073735,5,0
C000343,M,3,2,4.203046715875957,63.04068501718616,69.6510118705479,1,1
C000344,F,1,3,0.14165664601589167,48.6886991425157,71.4220105134928,3,0
C000345,F,2,2,4.905346070975223,47.28010601961722,55.35279529483889,2,0
C000346,F,2,1,4.5547520049572014,76.23478008395978,78.06084608075062,5,1
C000347,M,1,3,3.16392718769546,47.173222595584775,66.26099871393545,2,0
C000348,M,3,3,0.0,78.26486700697183,49.35930666224144,7,0
C000349,M,1,3,5.368566156052193,57.99396337680773,55.25922330509402,2,0
C000350,M,3,2,2.1072222754895726,30.153070140227136,74.6266898423574,4,0
C000351,M,2,2,1.5211369000447221,74.70490740443734,87.0658334475284,4,0
C000352,M,2,2,1.3118866755411802,77.02315833539255,28.86919150476164,3,1
C000353,M,2,2,0.0,73.73183856592107,64.78791576538562,1,0
C000354,M,1,1,5.0157623096747646,58.00716749563614,31.11613821242883,4,1
C000355,M,2,2,9.183247144145646,59.66763366585344,46.52019276749223,3,0
C000356,F,3,1,2.72422757687509,58.175194602815274,68.42611862419075,4,1
C000357,F,2,2,5.806219035172254,54.18537004647784,62.083714281167055,3,0
C000358,M,3,2,3.7940530389534146,69.20926170303665,45.367780134390514,6,0
C000359,M,3,1,4.60663156821834,61.92109877819801,52.09794204834052,3,0
C000360,F,2,3,3.8534518118974113,58.033109870209344,76.73886348696017,7,1
C000361,M,2,3,5.721087452404738,54.320901969774255,61.42637101937419,7,1
C000362,M,1,3,1.3420483058798331,67.21515433283493,59.97102303998819,7,0
C000363,M,2,3,4.219028318527008,84.01519046142835,78.34938124574299,1,0
C000364,F,2,3,6.496595656167263,66.78488843169129,73.97705862911741,3,1
C000365,M,3,1,5.542560345967669,44.674166370992566,53.08189771629739,1,0
C000366,F,1,1,4.717958124616995,64.63268494889269,71.02176302184799,3,1
C000367,F,3,1,4.214533081785883,72.21909745333626,55.42463801556941,5,0
C000368,M,2,3,3.206078647148769,75.6470325864403,61.72033053885998,2,0
C000369,F,2,3,3.2239827365244533,72.73884048557717,29.084362477719953,6,0
C000370,F,1,2,0.5827240987652118,67.00704377469661,49.76699843271683,2,0
C000371,M,1,3,5.106996503597022,100.0,62.78508328381543,4,1
C000372,M,1,2,7.002621358297949,47.14199086472131,39.81153215539015,4,0
C000373,M,1,1,4.646887935796653,87.34669747471006,54.07041578790905,5,1
C000374,M,1,2,4.036569975006202,73.30318315637116,31.04086415950196,2,1
C000375,M,1,2,5.317970578331954,99.40858757911997,72.64251501414552,6,1
C000376,F,1,1,0.0,43.26988601657195,85.08586218982114,6,0
C000377,M,3,3,2.884201268592398,88.05222569694769,41.86482764326166,4,0
C000378,M,3,2,3.837528796644113,89.57084389920824,31.527107172040854,8,0
C000379,F,2,3,0.24510984950446435,62.641783088740524,69.72988658577674,1,0
C000380,M,3,1,4.353079612466111,52.24572727027883,64.44460845569257,5,0
C000381,F,1,3,0.0,96.84520903322138,68.058619143354,3,0
C000382,F,2,3,5.520469988326573,52.63752468890263,72.61193446980262,4,1
C000383,M,2,2,4.496880505613531,80.70028382033587,62.49393453634528,1,1
C000384,M,2,3,3.5801141897906055,87.42811493598072,84.58995428454685,3,0
C000385,F,1,3,5.675158387236925,62.590551085770024,86.62315838338651,3,1
C000386,F,2,2,4.3234669393847245,62.48942764447153,94.43611808251545,2,1
C000387,F,2,2,5.045856291245305,91.48001276069796,97.10962618902278,6,1
C000388,M,3,3,4.623806055575773,60.390682721802534,47.131563991873776,4,0
C000389,F,1,2,2.107987917993193,56.63659450700883,79.25568886167605,5,0
C000390,F,2,2,7.450177923024224,24.51814983687987,63.414853623818956,4,0
C000391,M,2,2,6.740627130866668,81.82345204117743,25.612800277818813,6,1
C000392,M,3,2,4.9431593143137365,59.39819852410121,69.32606530312638,3,0
C000393,F,3,2,4.330807175901177,76.74270583931559,47.13019315273715,5,0
C000394,M,1,1,5.6507277081699705,62.79276192509671,59.97984862607145,5,1
C000395,M,2,2,6.772338169665444,85.03185802845086,39.460881293093564,3,1
C000396,F,2,2,8.188923676745851,85.62719879217484,83.48980791598144,5,1
C000397,M,2,1,2.8086821308049528,50.068198912778286,43.86875420439211,3,0
C000398,M,1,1,6.300798773308852,58.04056284391834,46.722698033937185,4,1
C000399,M,2,1,3.808155486920725,73.71714906879662,80.52446131739015,4,0
C000400,M,2,2,0.4598455620675468,86.10851308820884,64.94941541761494,2,1
C000401,F,1,3,5.84374388220009,66.69475816127157,92.29907742447706,4,1
C000402,F,1,1,7.228155236070831,68.21401039724788,75.98624277642077,5,1
C000403,M,2,2,6.140659693025318,70.22790891153336,79.79700531886435,4,1
C000404,F,2,1,3.6279988927357154,51.86359903799557,41.223591458970986,1,0
C000405,F,1,2,4.852562588951071,58.19812047691395,66.27507806798444,5,0
C000406,M,2,2,5.537478533530174,62.221606872014846,92.90345255008926,7,1
C000407,F,1,2,5.260509893256394,80.01381691545492,40.4144404337157,3,0
C000408,M,2,3,6.706173352095994,91.9238612364896,60.185383304599526,2,1
C000409,F,3,3,6.074564048699743,51.34897770351867,58.20806113385889,5,1
C000410,F,2,1,2.7265762178215818,75.82351031901922,64.93971691935324,3,0
C000411,F,2,2,4.058252718717905,68.27489065722132,73.71065227064783,3,0
C000412,M,3,2,2.889497071538381,57.47441471409274,62.44047168749461,5,0
C000413,F,2,2,4.354701822802813,50.603769875443845,96.49537260697251,4,1
C000414,M,2,1,0.0,68.42949059609695,17.60684978523011,1,0
C000415,M,3,2,8.2421563989467,56.225646526508186,11.65504083736419,3,0
C000416,M,3,2,2.28469726373876,70.5949654695159,55.51030197774345,6,0
C000417,F,2,3,2.871056759768045,49.96731041955962,82.97609976959028,4,1
C000418,M,2,3,4.182046164114372,48.442632928285455,57.18944652281162,3,0
C000419,F,3,2,0.9690740599354184,81.12817385326481,52.41940091393372,3,0
C000420,F,3,2,3.262156243193861,67.92985839361364,25.80373078146208,6,0
C000421,M,1,3,4.370928855830085,67.58116057919676,54.49531254487829,1,0
C000422,M,2,1,7.627038411076969,57.409712068140514,50.468219854772975,4,1
C000423,M,1,3,4.312593908151517,76.3745423043031,56.945662001069266,2,0
C000424,M,1,1,3.1075853855148026,62.259850021954186,57.451566287799835,1,0
C000425,F,2,1,1.523604252240212,76.67253461380605,72.43797665252912,6,0
C000426,M,2,2,8.704275677823068,58.19815746966564,52.15855704524309,4,1
C000427,F,2,2,4.168723809220889,49.06427461135972,44.661029115716744,5,0
C000428,M,3,3,4.181323856073833,54.099604167393046,60.3273697010758,3,0
C000429,F,3,1,0.9827516602284789,71.35009418328775,59.6568396262265,4,0
C000430,F,2,2,5.154421567634667,50.176539348086365,37.93023003275451,6,0
C000431,F,1,3,2.706242347039173,92.17620314158856,66.73639222880007,4,0
C000432,F,2,1,7.237682103024682,44.58780819673213,37.24299087870446,7,1
C000433,F,1,3,5.021653165721492,62.754690598958426,71.74499773389908,1,0
C000434,M,2,3,4.275013599534352,82.86431774787425,50.52742374491332,2,0
C000435,M,2,1,1.0898329559531903,69.28374366161684,39.52389585574015,2,1
C000436,M,1,1,3.7839796618712525,59.70781667471574,100.0,5,0
C000437,M,1,1,3.5296051628195113,82.25762933557263,61.90401792169547,2,0
C000438,F,3,3,4.270527175969087,51.07050221140058,79.02837928906976,6,1
C000439,F,1,1,0.0,60.673872132244945,58.682259529491326,4,0
C000440,F,2,2,1.998953035726465,40.740524830350125,83.6262274472328,1,0
C000441,M,2,1,2.909067091057464,78.25849381927614,73.26511279695322,3,1
C000442,F,1,2,5.100452447855618,73.40144677166316,55.037023941469094,4,1
C000443,M,1,2,0.0,73.43853907123055,77.49195380219226,3,1
C000444,M,2,2,7.039782271333805,66.95290990906128,81.39526907989054,4,0
C000445,F,2,1,6.732327820411254,66.21929207158709,52.50443040972223,3,0
C000446,F,3,3,1.8123119468364282,66.621075356532,59.73320607406209,3,0
C000447,M,2,3,9.431867983021807,69.57374607245268,97.61703457687273,2,1
C000448,M,3,2,4.524361611685935,66.95313294268233,63.540311665410265,4,0
C000449,M,2,3,3.7603005584662346,51.02689083238771,80.03400384384082,3,0
C000450,M,1,2,5.306998922986086,31.126875235996195,74.89736990129941,3,1
C000451,F,3,3,4.919810223045102,96.32040143053946,79.66190617576268,4,1
C000452,F,2,3,4.257852646489063,55.27378463416551,77.96898933078265,6,0
C000453,M,2,1,1.6140465510355004,62.36537244870937,10.934573326425259,4,0
C000454,M,2,2,3.038207868218718,81.7022721104719,50.48651947119621,6,0
C000455,M,3,2,4.786050908357517,70.05346053341073,54.57305147034725,1,0
C000456,F,3,3,5.835058213115089,43.54385879803411,65.2711406747246,4,0
C000457,M,2,3,7.167043378725356,47.52823782841828,44.16880899111585,6,1
C000458,F,3,1,2.9941454424259333,78.2042542171293,58.05789507212201,2,0
C000459,F,3,2,4.174324670325559,73.9540080647536,37.38332914779181,4,1
C000460,M,3,3,2.5473115251855063,57.25510571655539,23.65682104876351,5,0
C000461,M,2,1,6.4064570182563845,64.38017486320912,100.0,6,0
C000462,F,2,1,3.31505672280823,65.5772486099988,52.27310615782988,2,0
C000463,M,1,2,2.7065685408710474,68.71330497574502,82.94940340730115,7,1
C000464,M,3,1,4.136305020346459,71.31235951704066,76.17193756107363,4,0
C000465,F,2,3,0.31933173375052126,59.167452416572154,52.52029810386098,5,0
C000466,F,1,3,5.1902993443586665,75.51329683368489,87.45844789195849,3,0
C000467,F,3,3,3.3184251044564035,73.90903788447348,43.93305786215446,2,0
C000468,M,1,1,10.088652322579033,78.07758584123764,58.649105904803726,4,1
C000469,M,1,3,2.6399617675251354,76.56056022917545,70.9942632849539,2,0
C000470,M,2,1,3.4118624478722106,76.17970338534668,60.575478234534614,7,1
C000471,M,1,1,6.237925419216282,58.17917810168693,57.16196044354662,3,0
C000472,M,1,1,5.7204026439794005,63.1393589479431,24.835735174881684,4,0
C000473,M,1,3,6.279013026863126,52.229107824928946,73.85304749264384,1,0
C000474,M,2,3,3.384576454177072,68.01630426347343,76.46905941507698,5,1
C000475,M,2,1,1.4766530007474836,52.978551165659574,51.35959605386701,5,0
C000476,M,2,2,9.869977826660556,72.04861191915936,76.8219114844058,4,1
C000477,M,2,1,5.135918006527725,82.99224803131338,64.51088583242885,6,1
C000478,F,3,2,4.496547954734282,64.9896198963836,79.89167494482966,5,0
C000479,M,2,1,5.772815246488012,56.8791978186044,74.10822791016585,3,1
C000480,M,3,3,1.1329325068132916,72.41048117706802,54.655722141409484,5,0
C000481,M,2,2,2.99583959652373,80.48424500916029,97.7451189092356,2,1
C000482,M,1,2,1.7054011879687083,53.78354414989725,43.98100565781908,3,0
C000483,M,3,1,4.3672065460086955,66.733202105659,5.553729785880364,1,1
C000484,M,2,3,0.968125686125024,69.7040103421217,12.82809691177819,3,0
C000485,M,2,3,5.482290059428847,60.829771369905004,68.01545422448638,5,0
C000486,M,1,1,6.603780730586239,72.693305499942,19.2324677303545,5,1
C000487,M,2,2,6.522821984647187,40.43599227094938,48.59400986861296,3,1
C000488,M,3,2,4.968917649654652,70.15795472958528,80.15894083563357,5,1
C000489,M,1,3,4.4228969512283545,91.90318769850342,14.778824994718065,5,1
C000490,F,2,2,3.080431204172889,73.40618189014832,55.665716755977094,3,0
C000491,F,1,2,4.986800189681704,65.57447262402356,58.64307837624995,5,1
C000492,F,2,1,3.7584151275965683,46.75794948677492,32.26768283019079,3,0
C000493,M,3,2,0.0,59.853858087852565,64.54897664170593,2,0
C000494,F,3,3,2.643164333842228,69.63391643532825,56.51529062793586,1,0
C000495,M,3,1,5.743070519530015,66.39994720898368,71.0544708816163,5,1
C000496,M,2,3,1.523384423430206,46.487850684033944,59.077803552765225,3,1
C000497,F,1,1,1.480146018785513,68.739208342363,51.19638805157746,6,1
C000498,M,1,2,3.5606703597049236,52.138009247391,66.51037150345925,4,0
C000499,M,1,2,0.0,56.38187906086891,82.85739562139555,1,0
C000500,F,3,2,5.605112621951773,78.45340965758722,84.84346262315447,6,0
C000501,F,2,1,5.410599973926077,61.42089234866417,70.77363600565963,3,1
C000502,F,3,2,6.083778570237806,55.307020674209305,74.78731645905918,5,1
C000503,M,3,2,4.486723790887764,50.22989393897601,48.17329164233558,3,0
C000504,M,2,2,2.1236560454330524,54.27117352854175,55.27426756153686,5,0
C000505,F,3,1,1.2938709844023752,56.907118138463886,68.4333204212702,6,0
C000506,M,2,1,5.2121031336662424,77.86985092475312,64.43363140987113,4,0
C000507,F,1,3,5.573962513925216,64.51956599292993,70.99313238924017,4,0
C000508,M,3,2,1.543113963645164,83.06282329330398,85.95473931371791,4,1
C000509,M,2,3,1.2485149415339776,47.4758922078133,57.913301639746045,3,0
C000510,M,1,2,3.9581274230840275,84.36353241997975,33.359804294301405,6,1
C000511,F,3,3,4.300521224987966,62.75526702412092,43.96189929970643,4,0
C000512,M,1,2,6.056715500928238,61.608980826692246,63.75080196728733,4,1
C000513,M,2,1,5.457241942178019,61.4370637537884,53.29185437594662,3,1
C000514,M,2,2,3.823927647482159,98.89393562175574,37.89570069996445,5,1
C000515,M,2,2,6.278118917801242,57.84931308775931,59.23076244756444,3,1
C000516,M,2,2,3.231009308585421,96.06240898256121,46.690241149982135,4,1
C000517,F,2,3,3.3211820915206385,77.95234178085181,70.542553077769,5,1
C000518,M,1,1,5.866177954115574,48.42251509043143,87.35940300710395,5,1
C000519,F,3,3,6.106635543870603,50.575463105458276,81.011459783191,3,0
C000520,F,1,2,6.164198574715142,67.88033828969981,43.308112077970485,6,1
C000521,M,2,2,3.605117672554259,66.55688356801231,48.808386085305145,3,0
C000522,M,3,3,4.157553963133807,59.02498977801374,32.295073120358865,5,1
C000523,M,1,2,2.0940229611212704,56.97146415278743,80.1626435729002,3,0
C000524,M,2,2,5.979883642731296,88.23220321695756,62.4819759463638,4,1
C000525,M,1,1,2.6991246349347726,67.3086069292299,88.77649150889188,2,1
C000526,F,2,2,0.0,72.0539588250781,70.95670919267351,4,0
C000527,F,2,3,3.0296635709389323,66.759973897507,51.98297401122595,5,0
C000528,F,2,2,2.117274403625916,65.65018748408194,28.045809670013142,4,0
C000529,M,1,1,0.0,97.31758365497954,65.51457033639724,2,1
C000530,F,2,3,2.7383400533301856,73.59666718714529,97.91101195263289,3,0
C000531,F,2,2,5.721405271102839,100.0,75.3602920627674,5,0
C000532,M,2,2,4.910113661255668,76.67536807111847,57.700174660091825,3,0
C000533,F,3,3,4.90598794772224,55.215287763129524,75.1879276751115,1,0
C000534,M,2,2,7.1365030381235055,83.65677490566651,73.17301754404562,1,1
C000535,M,3,1,2.7265248850388213,63.84770821285322,82.84451819377372,5,0
C000536,M,1,3,1.4801357586169805,87.87094850747654,44.627600316201836,3,1
C000537,M,2,1,5.086710216519357,54.85912835111495,67.83015864754638,8,1
C000538,M,3,2,4.78555794060164,41.22586407641256,33.228755646135795,5,0
C000539,F,3,1,1.2142892528452665,66.53190552184574,26.299696968594205,6,0
C000540,F,2,1,3.612559386418466,87.0182103951079,72.63252386047515,5,0
C000541,M,2,2,5.184695617950196,55.54081518377683,82.46443454204956,2,1
C000542,F,2,3,4.604553881560356,73.6977990823057,60.07543361150518,7,1
C000543,F,2,2,5.610129347311141,54.89034473718253,58.40642852404393,4,1
C000544,M,2,2,2.521204644108435,79.16268914453255,66.29708096348662,4,0
C000545,M,3,1,0.8794696513875704,59.52480347457798,80.79550221763034,3,1
C000546,M,3,2,1.9907021117410633,69.02414259955638,76.1341856021203,4,0
C000547,M,1,2,5.901580817661297,60.00297206264424,65.91404172593828,5,0
C000548,F,3,2,6.278454208658852,53.74461733867441,72.38041124546554,7,0
C000549,M,2,2,3.6314284552758416,36.16008173619976,74.78366830056682,3,0
C000550,M,2,2,7.327726317627881,45.50194729047445,40.68496433668584,4,0
C000551,M,2,3,3.643374191986833,60.82393432689409,69.66597479588117,4,0
C000552,M,2,1,2.872603563566127,71.73157050567426,36.824043311202416,2,0
C000553,F,1,3,0.8959684091960827,92.80998984631741,79.38457046132388,7,0
C000554,M,3,2,3.833453973420414,57.2028620585203,75.25585844366282,3,1
C000555,M,2,1,6.333103977461202,55.44557971605319,61.10215967118574,3,1
C000556,M,1,1,6.790730439200216,45.12504583919225,56.6714688148355,7,0
C000557,M,2,2,6.352404714999042,77.83338427289564,80.70681355581704,8,1
C000558,M,2,1,5.0988897648293365,73.57206839020606,64.9331709083298,5,1
C000559,M,1,3,7.512812014907361,71.71192597232437,64.63919426509811,4,1
C000560,M,1,1,1.8688828314324204,70.17000301722769,66.02494516188108,3,0
C000561,M,2,1,6.607036146159758,59.40141364338175,67.36085373297786,1,0
C000562,F,2,3,4.618728463792575,85.37659845000726,81.05299380283245,5,0
C000563,F,3,2,4.463252651959621,53.34969047580623,31.03968432328529,2,0
C000564,F,2,2,0.8692868807740104,57.89256177472932,57.935040857334194,7,0
C000565,F,1,2,4.750957764224564,49.755236336090846,23.582881673591224,2,0
C000566,F,2,3,6.538846985980112,63.0668153596661,67.2141751605155,5,0
C000567,M,2,2,0.0,53.36922693443196,48.462436992900024,2,0
C000568,M,3,2,5.750208138900557,55.55929979549841,62.571615781924656,4,1
C000569,M,2,2,0.0,47.00205165354723,46.10345787190455,2,0
C000570,M,2,3,0.881750129200948,50.62327919894425,45.26824541879239,3,0
C000571,F,1,3,3.79253515949983,40.87110509315439,52.17661286953183,4,0
C000572,M,2,3,7.481960742569953,70.37116549758476,61.47414046016092,3,1
C000573,F,2,1,3.7181999331934836,52.066481469719314,72.35608393707003,5,1
C000574,F,2,3,5.033923958706917,89.16800088404963,46.73326409346734,7,1
C000575,M,2,1,1.998327031537647,79.20459429496442,62.487578715083856,4,0
C000576,F,2,3,3.5726039299087526,66.04510618282711,67.29315336391085,6,0
C000577,M,3,1,3.879265581967488,73.55159252151125,51.1787956829321,2,1
C000578,F,2,1,7.584275537722284,77.87762501677925,66.82860278868472,4,0
C000579,M,2,1,2.3559575914081528,57.57581245387669,36.661886454998964,2,1
C000580,M,1,1,2.549812124188842,61.94814455504648,43.73638266036428,2,0
C000581,M,1,1,6.369016445339299,81.17177806194746,79.07156793985584,4,1
C000582,M,2,2,3.4569988806021494,82.14169540935093,19.78504439905722,5,1
C000583,M,3,1,4.248975533669156,53.43108051356736,53.88554513933685,4,1
C000584,F,2,3,4.957411834149662,99.43934773721506,61.2505767761264,3,1
C000585,F,3,1,2.5996842696849356,44.71048899356951,64.39354020018872,5,0
C000586,M,1,1,0.0,30.717380563416988,65.07733384984158,5,0
C000587,M,2,1,6.365345475609031,90.8381134638249,56.008916955998416,4,0
C000588,M,2,2,4.255516436414579,75.93044195331402,53.16104544722822,6,1
C000589,M,3,2,1.1906508164838114,67.7809188062452,44.7324148358098,4,0
C000590,F,2,3,5.711813516306801,77.15107905631464,87.84196178696823,3,1
C000591,M,3,1,8.420316775291552,54.814901283671055,73.8430279101177,6,0
C000592,M,3,2,6.623730943450891,38.93034354008823,65.27036136577367,4,1
C000593,M,2,2,8.578069767039223,58.25480354487287,58.73312339272501,3,1
C000594,M,2,3,1.2988926423085485,54.54166958450938,49.24321114414975,4,0
C000595,M,2,2,4.548988455879734,50.17314824154939,59.100040771641105,10,1
C000596,F,2,1,4.780649279095642,55.95911856357127,42.59899678442426,4,0
C000597,F,3,3,3.7431226576573655,56.16994835408026,84.66597923985933,3,0
C000598,F,2,3,3.278961187649389,57.92080420324538,44.15223203339286,2,0
C000599,F,2,2,0.0,70.71624432949945,37.486434331267674,2,0
C000600,M,2,1,7.723484815838421,73.3675978945696,100.0,3,1
C000601,F,1,1,0.4430851442924202,69.49297023838841,57.43112163704011,2,0
C000602,F,2,1,5.988155328477385,26.886247589165897,44.406803378047066,6,0
C000603,F,2,1,4.0241267728008,49.74019867877734,73.78898318196794,2,1
C000604,F,1,2,3.9329242338076695,49.94380566661191,35.968708873502436,4,0
C000605,F,2,1,3.5479424292529154,82.95044022360102,47.507334895912464,3,0
C000606,F,3,2,4.437840069736385,52.273161435040734,74.437181848152,8,0
C000607,M,3,1,5.40971298673904,36.540976580630215,98.5896187836231,2,1
C000608,F,2,1,6.09373293352791,75.33490067365943,78.43772183052667,7,1
C000609,M,3,3,3.723018163563186,66.36871856188483,73.08125464231038,1,1
C000610,M,2,2,1.347920968909167,100.0,85.1081089350166,3,1
C000611,F,3,2,1.2724189135587416,44.283017899958615,54.870600989733944,3,0
C000612,F,1,3,6.285649577518718,61.73076104293465,33.63922923124097,6,0
C000613,F,2,3,3.403107263048116,49.443511977940766,47.4039751485805,5,0
C000614,M,1,3,1.7454791537146952,49.472815238719555,84.74149690531368,5,0
C000615,F,2,3,2.3681472303208944,52.65919350272763,38.63818395958929,3,1
C000616,F,2,3,3.793420069739931,48.524128210985594,57.47550727283838,3,0
C000617,M,2,1,1.1765850782321188,67.78845871277613,60.83254773634415,3,0
C000618,M,1,3,3.9314921975553307,65.94494839363597,67.64595457862258,3,0
C000619,M,3,3,6.7567342087791395,64.52701605228894,70.92255897583198,7,1
C000620,F,2,3,3.7388801704349905,84.024093530142,71.77773160813811,2,0
C000621,M,3,2,0.11133909835789524,73.37163424310083,100.0,2,0
C000622,F,2,3,5.909115165598552,77.5318625901441,73.85794468675974,4,1
C000623,M,2,3,6.442418692469231,67.42147353537133,86.09057586876818,4,1
C000624,F,1,2,6.558420108377957,69.63785342943356,61.127810486919934,4,0
C000625,M,2,1,4.129782294420303,78.91557412658051,96.05285457852577,4,0
C000626,F,2,2,9.129251948549376,47.8522430401717,46.073661582631686,2,0
C000627,M,1,2,5.6191389571985955,55.18854692761808,78.44600051815009,3,0
C000628,M,1,3,10.577555829244755,66.09751205044843,58.22515489051391,6,0
C000629,F,1,2,6.973500144549844,65.62285792581584,77.90271637436301,6,1
C000630,F,3,2,6.63672710405121,43.681727133116475,70.024599960903,7,1
C000631,F,3,2,2.630160892410891,76.43058133991605,83.25052131609534,1,0
C000632,M,3,3,1.9143949216023586,86.59187068455607,69.22926145348957,2,1
C000633,M,2,1,4.254123365959375,85.45482108751466,59.26177473663555,3,0
C000634,M,1,1,3.576439349461268,54.60102879694747,78.2721376057811,2,1
C000635,M,2,1,2.817321182205623,77.74891801072262,45.334463209069426,3,0
C000636,F,2,2,3.713674533775731,58.952426411632416,28.268595604684375,1,1
C000637,F,2,2,3.5643097902993817,66.05736171028306,20.632669441799514,4,0
C000638,F,3,1,2.5917051029478397,81.5307423215278,92.87699142105508,4,0
C000639,F,2,2,5.445821325056711,85.10955117972128,64.80063806550285,5,1
C000640,F,2,2,2.3463079908874427,58.36994092290089,68.79078107819842,4,0
C000641,F,3,3,3.90507902711591,57.21057283861386,53.81408625126518,3,0
C000642,M,2,1,1.328318322775036,87.47474751759263,65.90988315810203,9,0
C000643,M,1,3,4.220188598490385,63.48608995314058,47.44942821457151,3,1
C000644,F,2,2,4.442902859871748,19.989586700503587,59.78579830462697,6,0
C000645,F,3,2,1.8850767885129698,71.59943675173002,27.745832748541453,2,0
C000646,M,1,1,4.1550373350766545,52.979641166699324,26.28572838453526,3,0
C000647,M,2,1,3.78479712285594,60.73597734016385,36.610721570014874,2,1
C000648,F,2,1,2.9863241356517918,73.89743412143733,44.834527839173205,6,1
C000649,M,2,2,3.007102605845725,37.26580433891799,84.78278993631251,2,1
C000650,M,1,2,4.985148245828042,76.4637091414163,100.0,4,0
C000651,F,3,3,4.0623402363331875,42.273350957189464,80.75724254214622,1,0
C000652,F,1,3,6.106813423509056,53.858342236989586,2.858821769539439,5,0
C000653,M,2,1,1.7199973583828396,69.77258197789162,91.97168202336965,3,1
C000654,F,3,3,3.587363904162717,46.5435540141917,53.20722124174289,3,0
C000655,M,2,1,2.6482990001179556,46.595505106803685,31.94969244679326,3,0
C000656,F,3,3,4.133025685654198,70.02477236655987,94.38627092145155,2,0
C000657,M,2,2,4.592186483983557,72.93988042629167,52.82608109094649,3,1
C000658,M,3,2,1.3997929813235186,62.3347391171195,42.7826892738703,3,0
C000659,M,1,1,5.304635498634153,74.29321757553413,50.40599102388537,3,0
C000660,M,3,1,8.758140651856369,100.0,54.231369333979494,5,1
C000661,F,3,3,4.375364424010621,42.65247961114931,71.06454421481104,1,0
C000662,M,2,2,2.0908106721263313,31.409296846477908,63.84661308961451,3,0
C000663,M,2,3,3.357621027698918,81.85075749397186,48.458526065944476,3,0
C000664,M,1,2,3.286822343907598,47.26138656605152,25.046576133122578,5,0
C000665,F,1,1,2.531974577135213,70.54319323701438,45.969277556786764,6,0
C000666,F,2,3,5.589990924467028,74.10713898405588,64.52853756799625,4,1
C000667,F,2,3,0.0,64.47996983874216,46.91304090548696,2,1
C000668,M,2,2,4.599442007720754,69.16767732522814,62.646584026271874,2,1
C000669,M,3,2,6.839053893388626,90.63958099496712,60.147099323513565,4,1
C000670,M,1,2,6.697202954907949,55.81710417069915,80.67038847737474,2,0
C000671,M,3,3,6.253914153263839,84.15168591302532,65.17495470402014,2,1
C000672,F,3,1,2.547764288661736,45.350801445029916,75.8011558573639,6,0
C000673,F,3,3,7.2065988598975315,70.26415859187027,56.03431456654863,4,1
C000674,M,2,2,4.806576142468304,72.30194263775944,89.60033755016248,3,1
C000675,M,1,2,7.1311809935930235,63.85530103552954,51.86589709215888,5,1
C000676,F,1,3,6.379435932588507,79.55313612530973,44.87841850963653,2,0
C000677,M,2,1,4.691668799300265,65.64928480703358,84.14580587827973,4,1
C000678,M,1,2,3.461609883742896,69.98753882513145,48.72466824423954,6,0
C000679,M,2,1,9.2010362175653,54.41058945806168,40.43268841409539,5,1
C000680,M,3,3,0.08427463106007416,50.02647088864182,39.88908400784008,5,0
C000681,M,2,2,3.6183823606006174,49.65166450264819,51.05106008238529,2,1
C000682,M,1,2,0.9081016658220591,55.804669008748064,55.22325810516689,6,0
C000683,M,1,1,4.257382913249676,45.78200668369114,67.49827181596343,4,0
C000684,F,2,2,4.784770880826388,93.01560592284426,73.90341133047262,1,0
C000685,M,2,3,2.585556430886103,60.37951923222707,60.554598084671234,4,0
C000686,M,2,1,2.7510204246337766,64.86357317334435,77.09029888742606,6,0
C000687,F,2,3,1.0946576702669883,47.78389583417693,74.69993055106895,3,0
C000688,F,3,2,4.994206983211899,95.66588055685648,43.37212896597315,4,1
C000689,M,2,1,2.974072703308565,61.178356209475304,42.444211247512534,6,0
C000690,M,2,1,4.9293086237085255,56.162600612718336,52.00019305213437,9,0
C000691,F,2,1,2.8477069460714075,57.544082938059496,21.340336855785253,3,0
C000692,M,3,2,4.543770968779656,61.835094821279164,61.47110556333349,6,0
C000693,M,1,3,5.627067404006143,60.44283635464171,55.95702441521077,1,1
C000694,F,2,3,5.052702374433132,44.81071373786061,89.3647154238193,7,0
C000695,M,3,2,4.463427973489114,77.9030268151156,79.81340129451637,4,1
C000696,F,3,1,3.7725028713828515,48.291995759445825,54.63599030915698,3,0
C000697,M,3,2,5.049804505857704,77.14158428260727,77.62058165625504,2,1
C000698,F,1,1,2.6740504858869194,45.04427741293941,57.103834076835724,5,0
C000699,M,2,2,3.5697370455967623,67.59855443479177,68.50160276019724,2,0
C000700,M,2,3,4.762492963885633,49.63454409558858,25.26856507231347,2,0
C000701,M,2,1,7.381843934782613,54.083123038620904,49.98174208472797,6,0
C000702,M,2,3,2.6536382932267113,72.21567769589106,62.994724426560914,8,1
C000703,F,3,2,2.0525409938997727,82.71445012822974,55.23989545351005,7,0
C000704,M,2,1,4.627462232869761,92.33807103845966,83.32801090638101,3,1
C000705,M,3,2,6.655676158164589,70.59633504132346,66.49517396519673,4,0
C000706,F,2,2,5.785891308868427,64.91820826136933,71.06593385493765,2,0
C000707,F,2,1,4.04807775347229,50.55023821875976,63.91109774088033,8,0
C000708,M,2,3,6.696388522721094,38.159447687600675,60.357261090955355,9,0
C000709,M,1,3,0.01766378071659025,74.30500830120391,76.61995844068018,4,0
C000710,F,3,1,6.225171072715355,61.199072017044855,92.19745320129434,5,0
C000711,F,3,1,3.308788675269337,65.13579125345774,22.40543080867633,5,0
C000712,F,2,1,5.38597400300711,59.02718598371243,41.84761360041202,3,0
C000713,F,3,2,6.217557845719488,54.23155904993894,61.07858516190388,9,1
C000714,F,3,2,4.426170825426039,75.14981436963505,84.27810351886711,5,0
C000715,M,1,2,4.154309908826069,90.57404542203476,74.18767289905016,7,0
C000716,M,2,2,3.1387124991982787,47.00233193505412,45.33758313613084,2,0
C000717,M,2,3,7.721299913327014,36.88983085264017,52.980537588241866,2,0
C000718,F,2,1,4.757841794606851,61.47556048060668,73.56483775941186,1,0
C000719,F,2,2,4.489154853539037,54.23361163943215,49.232247362112375,3,1
C000720,M,1,2,7.320774004228148,82.75516185380843,65.10994136743582,3,1
C000721,M,1,3,2.894484273857243,72.59103460300945,47.761226508580776,5,1
C000722,M,1,2,3.4504954335348406,93.43421005712554,68.79952414342496,4,0
C000723,F,2,3,6.062346627554709,81.16718209542154,71.46111113828086,3,0
C000724,M,1,3,7.9035812908251,66.57196319458428,11.556343947858693,4,1
C000725,M,1,1,4.09797317676203,67.21353834185449,92.37975350943321,7,1
C000726,M,3,2,4.850485473113217,70.86931658956262,94.33621383030189,8,1
C000727,M,2,3,0.5054593156327014,51.348013473722276,23.3862530169457,7,0
C000728,M,2,1,6.820868448293609,71.528175475749,55.88906542786832,3,1
C000729,M,2,2,1.6170474787048228,85.55907287034498,30.630469449796166,7,0
C000730,M,3,1,2.813244896085588,55.52269328260149,21.646593515335276,6,1
C000731,M,1,3,4.414487741558634,61.37239645387991,74.59244513776636,6,1
C000732,M,1,1,2.572124554451478,74.85072761949112,92.6179089406503,4,0
C000733,M,3,1,0.0,87.4831512261132,59.58535637840089,4,1
C000734,M,3,2,1.281441661143682,53.86610416041883,88.12001575497843,3,0
C000735,F,2,1,4.216578420836405,68.6680161395206,48.0851055012416,7,0
C000736,M,2,1,7.291821063397984,64.5302888195223,33.90594316335428,2,0
C000737,M,3,1,7.114763334729034,60.888994198305184,52.988076332282695,5,1
C000738,M,2,3,4.840445552935935,37.11485875407186,45.9045986938586,7,0
C000739,M,2,3,4.344784962091871,53.837176928032726,67.72518160328717,2,0
C000740,M,3,2,5.754827605396157,46.58687478957142,79.5736239317854,3,1
C000741,M,1,1,6.916460137106812,62.98308897355187,39.223879393714704,7,0
C000742,F,3,3,4.257533273477096,58.204383139705214,35.62609489781562,2,0
C000743,M,2,2,4.3331181843846975,47.161678881492094,75.82180485586855,6,1
C000744,M,3,2,4.447807516653095,61.00486016362215,53.69833170777089,3,0
C000745,M,1,1,6.221130225970441,92.98465487680241,74.02213817333688,3,1
C000746,M,3,1,0.9893475562707028,55.05595129439608,45.18559688426592,2,0
C000747,M,2,1,4.036052554264049,59.18440799659777,48.161643940138894,6,1
C000748,F,2,3,4.881320725657563,61.60805287081454,78.45495453151021,6,0
C000749,F,1,2,0.0,54.07455793547551,74.78450715296944,7,0
C000750,M,3,2,6.017706065611973,41.335428096877365,85.061222409231,5,0
C000751,M,1,2,6.367601858969108,92.13925416077888,56.23283141009627,2,0
C000752,M,2,2,0.0,37.53627104914952,83.30323884518239,4,1
C000753,M,1,2,3.090611335519148,39.28672597272251,68.0159377876885,4,1
C000754,F,1,1,3.163825257074798,76.23331164014027,67.29331982540867,5,0
C000755,M,3,1,2.0445261101588548,34.260858751436274,44.6292174059177,5,0
C000756,M,1,1,2.3479055841813183,76.56518840284848,71.89053129242454,5,1
C000757,F,1,1,2.850694295618254,77.91769440420174,55.42283670519076,7,0
C000758,M,2,2,5.341875538638494,52.97666669286848,93.49496588733717,2,0
C000759,M,2,2,6.744351740485088,65.62313373943971,59.97083427246223,5,1
C000760,F,1,2,5.214006126463436,64.24263942677364,56.72894361801854,8,0
C000761,M,2,1,1.9895098730596787,52.92218990158962,82.99873478985772,6,1
C000762,M,2,1,5.74026978932515,55.77161870884251,61.51408186766226,3,1
C000763,M,2,2,5.328794265611324,62.645851963446916,44.668564452898785,3,0
C000764,F,2,2,0.0,57.99494059197413,32.43207385369038,5,0
C000765,M,1,2,6.727792365800059,73.63494324298658,43.89059542559505,4,0
C000766,M,1,1,4.293763418590357,62.744907103811855,27.127841726388652,4,0
C000767,M,2,3,4.3754477006631145,71.76973907524484,58.309885324913814,3,0
C000768,M,2,1,0.16559678092555918,59.183161956893926,75.4692014123394,2,1
C000769,F,1,1,7.55061840962367,74.60188930601551,49.76099078229867,5,1
C000770,M,2,2,4.741319149477283,78.25824048233788,100.0,1,0
C000771,M,1,2,5.70524628911901,35.30252638041357,34.48612710735882,3,0
C000772,M,2,3,1.0876640856272952,70.6721422238237,69.53992023439181,4,1
C000773,F,1,2,5.125909971164306,54.580664893194296,67.8330199056095,1,0
C000774,M,2,1,5.1697567291062985,58.418152904983124,52.382316995511445,2,1
C000775,F,1,1,3.6577645459069026,69.69496482260057,57.19697578424383,1,1
C000776,M,2,3,1.1550161184266199,66.8367587473488,89.92891327218355,2,0
C000777,M,1,3,3.8648117663887795,61.495696167011445,79.31346814772029,6,1
C000778,F,2,2,1.8988675079162496,74.91887683640942,76.84160035363037,2,0
C000779,F,2,2,2.4639191421669997,67.6889417144459,43.16357763533855,4,1
C000780,M,1,1,6.552074841601387,53.62484098647781,68.92201552219677,2,1
C000781,F,2,3,4.190843456362814,81.48035825728441,74.70005294446607,6,0
C000782,M,2,1,3.8220789904021952,80.96756526833516,75.57711553914848,5,1
C000783,M,2,1,1.4140094862778319,65.19963779824567,34.85787534074673,3,0
C000784,F,2,2,3.8992387671596527,56.623911969911326,66.13166147166235,5,0
C000785,M,2,1,3.6695974405664185,53.428954968062655,65.96297982048587,5,0
C000786,F,2,1,1.8403993718428477,90.09349634051117,80.15486020658939,4,0
C000787,M,3,3,6.3870088804663645,62.23591738789098,55.25084058692424,5,0
C000788,F,2,3,6.281682676752346,67.18384824239303,39.23387951018483,7,0
C000789,M,1,2,2.2961128602882157,71.33352859441683,42.92754339731981,2,0
C000790,M,2,1,4.870825902378011,23.564018031493376,66.53797502377816,3,0
C000791,M,1,2,0.0,51.26162102585198,80.91551810058031,5,0
C000792,M,2,3,4.700126793948733,98.02367896608035,53.41020987504574,4,0
C000793,M,1,2,5.7189582609807665,23.04713419972999,65.2700484363343,3,0
C000794,M,1,3,1.5298896302007243,42.553949553331194,23.123537546639177,4,0
C000795,M,2,3,4.033041705676163,58.25684606828561,21.64904439204755,4,0
C000796,M,3,2,4.2807353061206435,50.11750687104066,68.5695291281202,2,1
C000797,M,1,3,10.356078698749675,53.73645997045926,68.24937109986024,3,1
C000798,F,1,2,9.677785229111954,47.67311976256113,72.87022541107683,3,1
C000799,F,1,2,4.708221994473265,62.421014347626596,22.372604163647367,4,0
C000800,F,2,3,2.539875118484232,70.3572916528232,86.18466499697512,4,1
C000801,M,2,1,4.5378078845605705,71.00909653472155,49.91329638883346,4,1
C000802,F,3,2,6.477785144087761,52.67164886496724,49.09336965832214,1,0
C000803,M,1,2,0.3172804500517117,79.58844940969512,72.00813135617129,2,0
C000804,M,2,3,0.0,67.145116990147,61.47660255701619,6,0
C000805,M,1,1,1.4788778024274842,81.0667179007456,90.47129432021129,5,1
C000806,F,2,3,5.67716010896305,69.32368741858804,72.95290027241685,3,1
C000807,M,3,2,5.8054030583104534,61.076463469748155,87.75759449558322,8,1
C000808,M,3,1,4.973047849797367,61.44690342065313,52.49472664611074,6,0
C000809,F,1,1,6.443662320897026,70.284100726121,82.07643810015065,2,1
C000810,M,2,2,3.6005117146054797,83.93641083584704,20.021134523754654,2,0
C000811,M,2,2,3.403906314812386,66.87693088621654,58.48436109165852,4,0
C000812,F,3,1,4.847216178651207,68.1349257274861,35.8059036420176,4,0
C000813,M,1,1,7.764829966313865,73.47685189899627,62.36784474992031,1,0
C000814,M,1,1,4.904519560314687,38.37454201525099,63.318619210647,5,0
C000815,F,1,3,3.789356892015816,43.54437576251807,77.22768809500158,4,0
C000816,F,2,2,4.886233438056944,68.26732270464296,64.61199516329923,2,0
C000817,M,3,3,7.130315158484374,50.65663007018341,46.87147359781051,6,1
C000818,F,2,2,3.208396700305225,61.038094290698005,51.792462011664256,2,0
C000819,M,2,1,3.0145609953165793,64.79943935039802,63.71575625581802,6,0
C000820,M,1,2,2.95711842155778,100.0,48.43716307776063,8,1
C000821,M,1,2,5.793597007072542,62.349122604541,81.50648215202504,7,1
C000822,M,1,2,2.285644547526318,33.28590415267249,53.32464009756074,4,0
C000823,F,1,3,5.409459379162629,68.05870416774407,78.51387218679264,6,0
C000824,F,3,2,0.763573372494065,80.26239049516123,47.86618939249326,4,0
C000825,M,3,3,3.4286651843107725,72.98572233204342,71.28057428838753,3,0
C000826,M,3,2,3.871836477728547,71.9706117344077,56.25195714260326,4,0
C000827,M,1,1,7.933327522656034,53.9480329959537,81.01758326455388,4,1
C000828,F,1,2,6.134656903440492,58.69351232318398,94.47494805550392,6,1
C000829,M,1,2,3.2169168943180573,52.26373817283509,63.76855862201396,11,1
C000830,M,2,2,2.859103239749414,53.9751398351823,94.24561525928857,4,1
C000831,M,2,1,2.516745237770059,61.874078946219,57.268476094731085,1,0
C000832,M,1,3,1.5311024358817478,78.80128470225675,63.609577822116506,4,1
C000833,F,1,2,7.554603689061816,100.0,58.09694734122785,3,1
C000834,F,1,1,2.3366670588134983,67.19852147329905,41.951657361601654,4,1
C000835,M,1,2,7.78588101539642,73.10731240586986,86.35917897161508,5,1
C000836,F,1,1,4.218421236499562,28.816853764157116,62.83183197460554,3,0
C000837,F,3,3,3.818524870211213,58.40475368282323,52.45596821233532,3,0
C000838,M,2,3,4.214705539416037,87.97561801187823,47.14049814306601,7,1
C000839,M,3,1,6.66196733759566,66.40404281106153,94.09196690744153,4,1
C000840,M,2,1,2.120312891924626,63.42622142325849,57.42722471690486,8,0
C000841,F,2,2,5.11802360005835,100.0,57.24199962203933,7,1
C000842,M,3,1,3.9146384213783922,82.84645639355179,78.48516925734836,4,1
C000843,M,1,2,4.887250030764641,76.57427822874855,87.86491090218192,1,1
C000844,M,1,2,3.5502009349547956,64.04528981737876,50.74087600488838,1,0
C000845,F,2,3,3.205844658843716,69.07998224619065,71.25802711982442,4,1
C000846,M,2,1,5.1555397121393876,97.06871858209203,71.22240152188436,4,0
C000847,F,1,3,0.962730100099074,98.48514808756991,56.859175643450214,2,0
C000848,M,1,3,7.066649122303918,56.93906308382593,53.11694221206152,4,0
C000849,F,1,2,4.237496947541077,40.64184852887546,49.060581468308506,3,0
C000850,M,2,2,2.791141242746033,65.74107757135108,78.72038317680278,3,1
C000851,M,3,2,4.81090755891817,76.45540155058646,64.55244784256907,3,1
C000852,F,1,1,2.4720880418055033,92.09360325296328,61.43422970458017,8,0
C000853,F,2,3,4.173453358086465,63.424922562102395,47.15391074440137,7,1
C000854,M,3,1,4.18704586126965,59.76982029322875,78.73628704054123,2,0
C000855,M,2,2,6.7679367000347295,81.68023713586676,65.7154810517035,9,1
C000856,F,3,3,4.613454560689757,51.15562364198785,44.36416662623996,6,1
C000857,F,2,3,1.5368868273464145,61.438135080318375,53.76176685989759,4,0
C000858,M,3,1,5.278637297412884,65.08240357512847,73.70707328077125,3,1
C000859,M,2,3,5.58622981062126,63.92507457826895,28.312690849496207,5,0
C000860,F,2,3,0.45304217700577176,84.18823635997329,59.37280339212917,4,0
C000861,F,2,3,1.3859865619586431,73.03279012810995,75.05010454755889,3,0
C000862,F,3,3,8.421624036469527,56.89481164857634,64.4701480723814,6,1
C000863,M,1,1,3.2702658594581235,61.470734785550164,73.29288240196993,1,1
C000864,M,2,3,3.3219431608367,100.0,22.44013806566653,2,1
C000865,F,2,2,3.9231054380571604,43.34523678896869,36.59451527653016,5,0
C000866,F,2,3,2.590183917980898,36.82246397395572,76.13693727134284,6,0
C000867,F,1,1,0.10042697925349264,46.38102570107333,67.26195955137173,5,0
C000868,M,1,3,1.5310617385233085,69.56123944997002,55.22332205959148,7,0
C000869,M,1,3,2.594299499854377,82.05406487096353,64.99291353021266,5,1
C000870,F,2,3,2.89345932406306,63.27399655476094,70.87338498783669,8,0
C000871,M,1,1,2.307312200624526,56.54030424075117,51.262867779419786,3,0
C000872,F,3,3,0.7178162495893079,53.98195463372434,47.53812132365915,1,0
C000873,M,3,2,2.7822166976100533,39.00490472300403,35.999882600433345,3,1
C000874,F,3,3,6.4535715543861,88.99074488621604,86.19648447043757,1,1
C000875,F,3,3,2.5217630263760737,61.96231490938098,61.322445061865025,2,0
C000876,M,3,2,3.5989254207143153,68.33814061466155,87.40629487150616,3,1
C000877,M,1,1,7.176466348326448,77.79346753688264,35.89388476450581,4,1
C000878,M,2,1,2.4877330755933063,85.80237240130991,62.3473786523949,2,0
C000879,M,2,1,10.725641552438141,61.611991271840665,38.58531308710532,7,1
C000880,M,1,1,5.962311649998378,51.3177194753105,91.66304944236842,6,1
C000881,M,2,3,4.16997601959852,64.67593695218748,100.0,7,0
C000882,F,3,3,3.4542712749901816,63.024704248233796,82.56919516524582,2,0
C000883,M,3,1,6.9525953042078985,56.63307702052366,39.856167497441895,8,0
C000884,M,3,3,2.474977111435267,46.066105307052155,39.18698833772639,6,0
C000885,M,3,3,3.048076541031486,70.83627126728328,58.25496755601527,8,1
C000886,M,2,3,7.5360056904658625,84.8794397765441,62.506773097269196,6,1
C000887,M,1,1,3.173873951801776,91.27623479301042,69.35619392173741,5,0
C000888,M,3,2,2.9732863089846133,53.65386874134229,68.54328073038442,5,1
C000889,F,1,2,2.542698711956232,91.38023080656079,60.3149435581535,4,1
C000890,M,2,3,0.0,48.49098960817316,55.901939506503204,5,0
C000891,F,3,2,6.23263031749017,67.23830463892251,45.22251560273,5,0
C000892,M,1,1,3.9054255116920813,80.68335163291867,72.20272595048013,3,1
C000893,M,1,1,6.3532440295619725,73.28785521584074,17.180374896706738,3,0
C000894,F,2,1,3.628437478252346,86.1795333186412,61.79186337317173,6,1
C000895,F,2,1,3.0714165647021616,49.62816582693728,64.09384026220307,6,0
C000896,M,1,2,2.5404660506238743,62.260992628691945,56.01174634222782,3,0
C000897,M,2,2,5.504741505485661,61.95376628419042,74.658818781136,4,1
C000898,M,3,3,2.2307496572944934,82.08789134068033,77.72868887385334,9,0
C000899,M,2,3,4.845906244771495,61.52849902645074,63.67892834591317,3,1
C000900,M,1,2,4.083865833154888,68.50597664729807,100.0,6,1
C000901,M,2,1,1.706234822483244,61.12551534594007,47.47465271917132,6,1
C000902,M,3,3,3.01381392593881,70.42921157327996,51.662999884880236,4,1
C000903,M,3,1,4.022142282025923,53.73215885031304,52.52053858471473,4,0
C000904,F,1,3,3.316919221883581,48.20751647884528,80.32280992972795,5,0
C000905,F,3,2,8.169594454658034,57.51985033009074,66.54108177204131,6,0
C000906,M,3,2,4.517025805166024,51.22691205669528,25.390961469023935,7,0
C000907,M,2,1,3.568591146079839,61.957975847279,54.07586835521668,2,1
C000908,M,2,1,3.201155481411031,76.72614741266156,49.21046042203987,1,0
C000909,M,1,1,3.4956585349953455,44.93671588537599,90.47074908670317,4,1
C000910,F,2,2,2.662823604488522,58.79180337230742,45.44760199131055,5,0
C000911,F,2,2,2.1891844754011336,97.55517288017597,59.70506341563983,5,0
C000912,F,2,2,5.316950753790062,38.0778948318512,31.66134975841643,6,0
C000913,F,2,3,7.387991694710507,48.245966170290856,62.83513938889344,7,0
C000914,F,2,2,3.008438482713206,69.53281048202007,93.87730430306392,5,1
C000915,F,2,3,4.944642011626604,40.94122557923967,45.006924071599656,2,0
C000916,M,2,2,2.538595937614174,63.03433526532756,76.77260050967482,5,1
C000917,M,3,2,4.228293552195021,90.09575508126959,56.29311884595997,5,1
C000918,M,1,2,1.1213165722377387,55.61211711651556,59.64755320646823,4,0
C000919,M,2,3,2.122309811965492,51.566943005143045,71.16668203350024,8,0
C000920,M,2,1,2.043808391578139,40.575624324141096,37.38507607752844,4,0
C000921,F,1,2,3.680503110114217,51.78514627762112,46.19744105491773,7,0
C000922,M,1,2,1.426310021302775,61.39442647915553,43.69500061520211,4,0
C000923,M,1,3,0.0,97.02027187536956,90.43594232842506,3,1
C000924,M,3,2,0.9858511341015199,62.20067283330686,78.97793778697657,5,0
C000925,M,1,2,3.6159916974985773,62.9113858341391,77.78017378184178,2,0
C000926,M,2,1,2.2564267256776582,64.2695746729914,78.18612614628005,5,0
C000927,F,2,2,2.725948347623539,51.90869876352618,74.55887184640336,3,1
C000928,M,1,2,4.581851552112269,29.59328897295164,30.78631522707628,4,0
C000929,F,1,2,2.1936526736291233,86.6457177226514,49.26502010257027,4,1
C000930,M,2,3,3.8238203581996113,74.05348925783801,56.09152618772583,6,0
C000931,M,2,2,8.700661978120465,81.6559524415231,62.37798216914451,1,1
C000932,M,2,3,3.161793251899457,68.52154633893983,41.691970532530185,3,0
C000933,F,3,1,3.547857713644743,82.38192904189663,35.06157150301295,4,1
C000934,F,3,1,4.837010540938062,41.84762071069163,41.03949809165341,4,1
C000935,M,1,1,2.201015321056957,65.76050204425215,46.34765137398789,4,1
C000936,F,3,2,2.6981699048933327,72.7401800340538,53.37943490913033,5,1
C000937,M,2,3,3.7901024111816968,84.77741530637638,67.668678810932,2,1
C000938,F,3,3,4.426994801375485,71.24287306023963,57.22687968782369,7,0
C000939,M,2,2,1.9529857139398654,71.25473760215579,81.93234734890454,7,0
C000940,M,2,2,5.2279211228630045,68.39120081629892,71.17760910670239,2,1
C000941,F,2,1,7.402636205045797,42.82549331355726,54.39907635173868,5,1
C000942,M,2,1,0.0,56.096116548986764,68.08579317902286,5,0
C000943,M,3,1,4.8613773190275325,57.43039586368914,58.13863945375227,4,1
C000944,M,2,2,3.7990444466901048,77.49717174542009,49.39087194134366,2,0
C000945,M,2,2,3.346431030715241,72.70685086840601,61.05485709952845,3,1
C000946,F,1,2,4.717800956256979,87.59157274745044,67.4707190836442,2,0
C000947,F,2,3,7.034395648674806,72.3210585133427,78.06242223858942,4,1
C000948,F,3,3,4.565650920440355,61.80161016635152,99.69581364334694,4,0
C000949,M,3,2,6.110193464383752,84.23793232644131,82.91499552340164,7,1
C000950,M,2,1,3.9142297974924856,46.335848830254875,42.041784136301786,4,0
C000951,M,1,3,4.803173435530028,60.63680744080968,31.279177463803173,3,1
C000952,M,1,2,2.8034436545033463,50.794839026787685,83.2861988075997,7,0
C000953,M,2,1,4.083369952374161,48.18774740805445,57.765273251638575,5,1
C000954,F,2,1,3.4016940472111243,48.69940439982065,47.32449332865465,8,0
C000955,F,2,1,4.2349974951968505,55.07800602201701,89.36890042984027,3,0
C000956,F,1,2,0.35849698317962675,67.85533058177265,56.61768101172933,2,0
C000957,M,2,2,1.546755797266699,59.74044133741162,58.0098380375832,4,0
C000958,M,3,1,6.613859199791083,68.89592195056221,48.5014892254396,6,1
C000959,M,3,1,7.066963606656548,68.31776493941823,23.387380123649727,5,0
C000960,M,1,1,0.1907818154698906,29.94819656055718,43.39293294106078,3,0
C000961,M,2,2,2.752574046046682,67.31982781640302,48.55207392362351,3,1
C000962,M,3,2,2.3547392414672776,53.74968721184497,30.48218391228041,2,0
C000963,M,3,3,4.55735998081884,40.36122869849761,61.43345377812327,3,0
C000964,F,3,3,3.8157130290242773,68.39694981678343,64.80329351474687,3,0
C000965,M,2,1,5.4965291182165705,65.9550892706855,76.37547033891751,5,1
C000966,F,1,1,1.0272344118745158,67.20787577318166,46.37984813105312,5,0
C000967,M,1,2,4.769889945150647,75.40187704224431,26.296303842411135,2,1
C000968,M,1,2,3.265510524089709,54.77775551180484,54.103394610984964,6,0
C000969,M,2,2,2.3780582285934684,50.11290907130623,37.481818355092116,3,0
C000970,M,1,2,4.971778780196894,64.38615025617848,59.52489496631029,4,0
C000971,M,2,2,3.456274583695758,58.06709716566833,75.61734855373543,5,0
C000972,M,3,2,3.7784238937297374,100.0,50.452418649688376,5,1
C000973,F,2,2,6.939956991747433,62.608094054565846,58.70795998674287,4,0
C000974,M,1,2,4.155977320630767,64.52476024051748,23.11609620092225,6,1
C000975,M,1,2,8.278943145246465,51.27131235128727,52.99660756558222,4,0
C000976,M,2,1,0.0,48.74909231919172,88.87916533747921,6,0
C000977,M,2,1,3.978954115394567,39.23318273126472,70.04367400845851,4,1
C000978,M,1,1,1.5544745441081447,59.15237344230207,45.93554523776414,2,0
C000979,M,3,1,1.958206576668844,60.897785321079944,39.7952447771863,6,0
C000980,F,2,1,2.5577232488725645,80.39930605519127,59.54086842827583,5,1
C000981,F,2,2,6.029676220338605,60.13073323755091,69.15951574566817,4,1
C000982,F,2,3,3.1053336166406766,57.75026042220049,46.185893746152956,5,0
C000983,M,2,1,1.4885443758939352,67.32315913959184,56.508870160149065,3,0
C000984,M,2,2,5.4513926449152565,62.09631800080122,25.245134171979828,2,0
C000985,F,2,2,1.3987619297971485,77.99277368464658,74.62907281405347,6,0
C000986,M,3,1,7.678434837255398,85.13097493943056,44.58673442452989,4,1
C000987,M,1,3,1.1597168228768941,62.98351749077141,71.41019452914982,1,0
C000988,M,2,3,3.3679121141286767,48.94063768484395,66.27172817291407,4,0
C000989,F,1,3,8.23369653718865,61.316225930926336,68.31816372879062,2,0
C000990,F,3,1,3.2858492071555974,66.66189639907918,55.34304282290372,6,0
C000991,F,3,1,4.931998365756031,43.242685574289695,89.61298281709934,3,0
C000992,F,2,1,3.759039145168254,59.10607397929904,48.28427262912954,4,0
C000993,M,1,2,3.9970910143027343,40.99750174628628,89.88780333396902,3,0
C000994,F,1,2,2.199324923650085,69.74316302106342,64.56720685177616,6,1
C000995,M,2,1,4.997023382478314,46.863927149853595,62.226205359723096,6,0
C000996,F,2,1,6.920135591432514,58.60908415569283,55.84982027296802,5,0
C000997,M,2,2,0.0,61.17244819786676,62.01885812091872,4,0
C000998,F,1,1,1.9664466594888248,44.17661656891549,60.17673374570322,3,0
C000999,M,2,1,2.784228047758078,64.16059926334847,91.37253823035903,7,1
C001000,M,2,2,2.047929618724903,47.31839959555697,38.14395395354449,4,0
C001001,M,2,3,5.413887465653715,85.82855245382089,56.50308094383974,3,1
C001002,M,3,3,2.666831990147384,83.55959409278609,42.96477481393352,3,0
C001003,M,2,1,4.178108629204227,81.24975843556999,49.64426095467227,2,0
C001004,F,2,2,7.280426909948483,65.8382457267129,60.31394279544854,4,0
C001005,M,2,1,0.05138546404669819,68.72482267209104,87.08509719075376,4,1
C001006,F,1,3,4.697399843442726,60.99259911819759,68.68764301664886,4,0
C001007,M,2,2,3.7299887486106753,71.69688325024904,42.78263732173194,7,1
C001008,F,3,3,3.7364863031216893,88.21192739584647,54.71743987833864,2,0
C001009,M,2,2,2.008863854912737,48.96348060127323,80.74547949929823,4,1
C001010,F,2,1,3.1626956399994484,70.25999967022489,49.47941533398857,4,0
C001011,M,2,1,3.9825556763636625,37.96517877529052,62.433636147755536,6,0
C001012,M,3,1,3.595014405907415,57.468280972866744,67.35969172945413,5,0
C001013,F,1,2,5.533656056459668,62.717820781548774,56.05182084625154,4,0
C001014,M,1,2,1.5932336175936186,68.42284771505606,43.56805284489468,7,0
C001015,M,1,3,0.9269455671578655,73.80680163888742,64.5273271599883,3,1
C001016,F,3,3,0.0,83.30374221163956,100.0,3,0
C001017,F,1,3,4.310930438295434,42.64654491765509,51.61138957089542,2,0
C001018,M,2,1,5.664192363045132,76.70420256733344,50.36061964340412,2,1
C001019,M,1,1,1.4186263827629317,90.71910724909681,73.34785125126535,4,1
C001020,F,3,2,1.2223863359587548,58.05531279838818,100.0,2,0
C001021,F,2,3,8.15482652530725,56.18088640200099,44.69682585916354,3,1
C001022,F,3,3,6.81023755568796,66.79696806570797,38.724212590849525,1,0
C001023,M,1,1,6.934260381663174,62.73423184839167,74.33288821472908,3,0
C001024,F,3,1,4.768255734658247,61.72976109918651,74.74671062647045,2,0
C001025,M,1,3,5.551865432509523,86.52398370788424,42.42872119532562,5,1
C001026,F,3,2,3.368500154973768,100.0,54.64874650627409,5,1
C001027,M,2,3,0.8677864382549361,60.11857594548229,39.15153723299926,3,0
C001028,F,2,1,0.9790024272956681,99.68304618997436,53.3971729729743,5,1
C001029,M,2,3,4.007007228871825,59.66624947322493,54.80708081030947,5,1
C001030,M,1,1,6.035015312053941,76.34994503174562,77.12741866125728,1,1
C001031,F,1,3,3.631542049442812,49.31006517407735,82.03656146003024,3,0
C001032,M,1,2,5.33982022013319,51.74831652267332,58.27349438838202,2,0
C001033,F,2,2,3.8026451015575162,60.118674232538275,87.0438786866664,3,0
C001034,M,1,2,4.6696286597898675,77.47041398542176,77.26819419960566,10,1
C001035,F,3,2,5.695862970947184,68.11563902425613,36.244763051421245,2,1
C001036,M,3,1,6.927874501109686,40.32901296981377,80.38696974915838,4,1
C001037,M,2,2,4.627760032436738,44.99875714381284,74.55965983823504,3,0
C001038,M,1,3,8.26663113215348,39.07466733259567,94.5934772779153,6,0
C001039,M,3,3,3.4871872309718386,69.75731946218944,64.80127038064282,8,1
C001040,M,3,1,6.9121451297333,67.2049912432682,91.91498266810423,4,1
C001041,F,2,3,5.281511204007379,66.91726490969377,28.807051724981786,5,0
C001042,F,2,1,0.0,66.75869105263482,52.023676761086755,6,0
C001043,F,2,2,7.109995717089641,53.61545236207831,24.337859816857808,7,0
C001044,M,3,1,1.9799948566287098,67.52550461343935,54.455107836061,5,1
C001045,M,3,1,3.4525260761637426,86.49034956013202,62.98936715881683,3,1
C001046,M,2,2,5.920923542041217,73.52166557617348,59.54210975659414,4,0
C001047,F,2,3,2.362025671775485,47.43822206643195,76.75816562085316,3,0
C001048,F,3,1,3.843635888629913,59.96657688024988,100.0,6,0
C001049,M,1,1,5.4458629838277215,55.564754597176844,53.53898024668117,3,1
C001050,F,2,3,2.1911305390676556,78.2149209204994,82.89660929064053,4,1
C001051,M,3,1,3.4811462633791943,49.12973109297465,72.79511579199638,4,0
C001052,M,1,2,3.222445608853786,67.71199335554365,66.7087013224168,5,1
C001053,M,2,3,6.120712783200023,59.837540246419564,75.41510287880435,2,0
C001054,M,1,1,7.450300635563094,53.31844144758834,53.86324670342468,5,0
C001055,F,3,2,1.5798949901657227,68.09924568569559,79.02057035488848,6,0
C001056,F,2,2,4.170985592944768,61.66595268846127,34.0355189615656,5,1
C001057,M,2,3,2.846923904596466,76.15355252751837,62.858180614733456,2,0
C001058,M,2,2,4.068254340910121,57.66942732696227,54.4993125483122,3,0
C001059,F,1,1,7.88679355824492,47.24972107596274,100.0,6,1
C001060,F,3,2,4.835616088837692,61.88968796423235,40.62721488668067,8,1
C001061,M,3,3,2.7613056179341138,68.75082918791416,68.8900623967097,3,1
C001062,M,2,3,0.9898467229394452,74.15594045509431,82.76749011725082,2,1
C001063,F,1,2,6.198004411266673,62.205399925066814,49.91888635459058,6,1
C001064,M,2,2,2.989792148027258,77.645547103808,60.697612455116534,3,1
C001065,F,2,2,2.2928204369410277,44.880320292239844,50.880867247180106,2,0
C001066,M,3,2,4.668786892527554,79.69599161438374,52.20585197468994,5,0
C001067,F,1,1,5.2738025619743185,73.5361917635306,90.41181034827325,2,0
C001068,M,1,3,3.1892480932895695,58.34753937160467,26.062714947294054,2,1
C001069,M,2,2,1.918945933711338,80.72261731211466,65.00450287210268,4,0
C001070,F,2,1,7.010828401445707,69.66833051700159,22.498118253626444,5,1
C001071,M,1,2,5.503783950076981,84.15932127319547,77.19587390255184,3,1
C001072,M,2,1,6.171956767001428,53.346339211892186,53.133748752403775,3,1
C001073,F,2,2,3.2146802266721597,54.76042431071917,28.99300921704147,3,0
C001074,F,2,1,2.174741255283104,73.24583806230828,57.40404479255618,2,0
C001075,M,3,3,2.827947121235809,66.00948758349378,38.32124701284145,4,0
C001076,M,2,3,0.6479803766770025,43.40431565154411,77.93661843484605,6,0
C001077,M,3,1,3.264050693442114,93.05143726567556,78.79014498849054,3,1
C001078,F,3,1,2.5142252214557885,91.27749830165962,39.49620777853592,4,0
C001079,M,3,1,3.829060267573102,67.87163380279446,69.88300998618412,5,0
C001080,M,2,2,4.107866800332259,54.69638018101165,48.44646334378787,3,0
C001081,F,1,2,4.199554750843976,55.036100322565645,54.87246090048041,1,1
C001082,F,2,1,2.71221379861644,70.80176604786881,95.95054850992852,5,0
C001083,F,3,1,1.3858581724881538,86.54763055349181,53.32796780319908,4,0
C001084,F,2,1,0.8271760238372106,100.0,86.46554267362997,5,0
C001085,F,3,3,4.429805518911698,60.47894778094967,91.92022783529418,2,0
C001086,F,1,3,4.297783358002263,59.65992205237788,54.443633359596504,7,0
C001087,F,3,2,0.9374395919084861,62.51908536860015,65.26258547410565,5,0
C001088,M,3,1,7.138218961498541,71.12877565173233,51.69258777098502,5,1
C001089,M,3,3,5.836453465047889,52.18010359151954,60.51568665942353,6,0
C001090,M,2,1,1.752730075477054,44.558922827323485,72.10086450031729,4,0
C001091,F,1,2,4.584061895166573,61.506497834475795,58.7413830137251,5,0
C001092,M,2,2,3.6989059238071222,69.64853965286217,67.34213754171076,3,1
C001093,M,3,1,4.5798872312649115,90.71387590597887,47.77920820125061,5,1
C001094,M,2,1,4.378387272033893,48.809136135513654,44.14437688984711,1,0
C001095,M,2,1,5.477673827479891,81.94114644288659,53.68210932387013,4,0
C001096,M,1,1,7.254209575013421,63.46698254474894,62.877358977290136,1,1
C001097,F,2,1,4.658200222909082,61.34025101640176,83.55783951343112,4,1
C001098,F,2,2,5.172495957628811,41.72219199559582,57.028522312857405,4,0
C001099,M,2,2,7.222617674795439,70.87872420624805,67.72044580666973,2,0
C001100,M,1,3,2.816728555283283,69.12387750378312,43.383849686869894,4,0
C001101,M,1,3,1.9472495677399433,99.01646250614533,75.79385915539817,5,0
C001102,F,1,2,5.478293797657341,61.12920973759687,53.31410281377055,4,0
C001103,F,1,3,1.3096294051943111,88.3032514132835,56.326684529433884,2,0
C001104,M,2,2,2.2232482838078056,60.42796184663953,61.42343930085637,6,0
C001105,F,3,2,7.3109660429244725,59.87398813326361,50.53969923402654,10,1
C001106,M,3,1,0.22065492956821853,39.79352220663351,40.339672399177275,2,0
C001107,M,2,1,4.666274982161873,82.24666927430158,68.51805731779034,1,1
C001108,F,2,2,0.8271461359329337,67.06643596081567,76.65614822926841,3,0
C001109,M,1,2,4.903151874150621,64.92742693930987,36.30065960338684,6,0
C001110,M,2,3,8.031297161510459,60.64695541685043,64.80195146189354,5,1
C001111,M,1,1,1.7719904047706696,68.53215988801017,64.53062555552641,1,0
C001112,M,1,1,0.0,54.332705605579974,53.821094192537174,5,0
C001113,F,3,3,4.784526159661454,71.74554823243922,53.73636279225534,2,1
C001114,F,2,2,2.6193285667271047,50.68115874512222,79.56917646847675,4,0
C001115,M,3,2,3.5950095504736184,62.991088155854214,99.33504892074433,3,0
C001116,M,2,2,4.802367533607924,72.46072315833868,83.68709771703703,2,1
C001117,F,2,1,5.23846351350258,86.1142067069431,70.03341133800112,6,0
C001118,M,2,1,5.260088019715289,68.14779575734028,81.5579346672858,5,0
C001119,F,1,3,3.9395880978556748,84.44969122418254,68.78723489382071,1,0
C001120,F,1,3,4.9585992954843165,64.81171727962885,47.91997273989348,1,1
C001121,M,2,2,3.586444356852475,50.97342422218898,66.80017247666964,6,0
C001122,F,3,1,3.276255966237941,96.22391449416793,36.04771656936231,1,1
C001123,M,3,2,3.9641806873675014,63.2666496250621,46.84266518739374,6,1
C001124,M,3,2,5.269961124651182,79.20180316852525,77.1380831168237,3,1
C001125,M,1,3,2.5765419043987525,55.68862894254303,56.76950305354699,4,0
C001126,M,2,1,4.47260658921088,72.81115120019709,45.25064171712311,3,1
C001127,F,2,1,2.99015996455695,70.1678837950007,49.29402264338507,4,1
C001128,F,2,2,2.3808991073322057,64.99718655534033,38.142434009079885,4,0
C001129,F,3,3,6.313111981627447,95.43558142470971,65.92792392533,4,1
C001130,F,2,3,4.816471944292961,71.4312965973523,52.40677668212854,3,0
C001131,M,3,1,4.836765785444668,59.43436108015647,55.65468791159197,5,1
C001132,M,2,1,1.9202080024731085,88.61058669683445,67.51268411851986,4,0
C001133,F,2,1,3.457476248900813,37.83047910653457,66.1780639942457,3,0
C001134,F,3,2,5.321641890475956,43.12895001391452,38.686184441282606,4,0
C001135,M,3,1,4.818862238115023,78.20068958333866,39.2815042702302,8,0
C001136,M,1,2,9.64212883313504,68.40122304870377,58.75540434677606,2,1
C001137,M,1,3,4.483770679575858,56.80386564097419,71.71927589960616,4,1
C001138,M,1,1,2.5370600478559924,70.88344989868763,47.97152681222587,2,0
C001139,F,3,3,3.0426532081760405,80.9956912135579,50.475744230478014,3,0
C001140,M,2,1,2.1156689360935417,49.149567708572654,62.543347557428575,3,0
C001141,F,2,2,2.5779963477992887,63.68658115449993,62.22148065776229,4,1
C001142,F,3,3,4.219395502189762,65.57744180914932,59.080971218888706,5,0
C001143,F,2,3,2.979717851844923,69.59387762214416,66.91856909773857,6,1
C001144,M,2,2,6.939377472633785,74.66350584442209,43.68206901299447,5,1
C001145,M,1,2,5.938218967370931,35.479901776892326,87.25487316987562,2,0
C001146,F,1,2,5.900948950801888,73.04260682178396,54.60440014489707,4,0
C001147,F,2,3,3.445853260079417,36.370930519874676,90.25262291324158,3,0
C001148,M,2,3,6.010402337165326,64.44477317891798,20.82430714865547,8,1
C001149,F,2,3,6.250879130249728,49.1712224688855,29.507488734033185,6,0
C001150,M,2,3,7.51087379868817,67.94880821852838,58.50664459923334,2,1
C001151,F,1,2,2.8094989855125148,74.98426233401777,78.01669089522096,5,0
C001152,M,2,3,4.025543398478042,65.85775328838133,64.2023720506898,4,1
C001153,M,2,1,2.34816622904358,55.20239841439882,58.061447446673945,5,0
C001154,M,3,2,9.806424411098055,45.261394577973086,65.13333781602628,5,1
C001155,M,3,2,3.5558927392757034,64.44536218676711,59.62118495755979,5,1
C001156,M,2,2,6.806776306013575,58.89350993867649,95.32457222897531,7,1
C001157,M,2,2,4.344518541083841,70.0474545733152,50.73446939166345,5,1
C001158,M,3,1,5.934738618854921,58.5402472635373,82.9410568141825,2,0
C001159,F,3,3,3.9681305675608503,86.0320339684,46.676063438764054,2,1
C001160,M,1,2,6.030960752278438,65.70026953946979,54.70688187241505,4,1
C001161,F,3,3,4.607895635690026,78.7915048983237,42.523616118451386,2,1
C001162,F,3,3,7.751366708906452,57.513443729621805,75.3498498121382,2,1
C001163,M,1,2,4.673628256135115,76.02590646057685,81.83078335594334,2,0
C001164,M,1,1,2.410576113444205,74.35887496284417,56.869525030697226,6,0
C001165,F,2,1,5.13983105772394,54.789724579060895,69.81715873429008,4,1
C001166,F,3,3,4.020358263529718,42.5379096068401,62.30050170782276,2,0
C001167,M,2,3,1.8294967790354333,84.02389437365296,70.69461763337242,2,1
C001168,F,2,1,4.834319124840748,58.70089351898124,81.28675539675793,3,0
C001169,M,1,1,2.6430386505237546,55.30847317474954,39.430672593171764,6,0
C001170,M,3,2,3.481307156111178,60.495144397955045,40.99066974411567,4,0
C001171,F,2,3,4.090391145062936,50.79932518257111,50.08259354022228,5,0
C001172,M,3,3,0.0,74.45016079420344,52.07732707889234,4,0
C001173,F,3,2,3.051065020493799,64.86552833748343,63.78013261072523,6,0
C001174,M,1,3,6.032385914274688,65.78517813812228,60.206704925173675,5,0
C001175,F,2,3,3.576985793682646,82.07611881505095,56.39599707229696,6,0
C001176,M,2,1,0.0,66.49632853204054,58.66796954450246,2,1
C001177,M,2,2,3.8203046791538195,88.63352698904006,63.99490503077599,4,1
C001178,M,1,1,5.062518382470152,64.70293436156655,46.196609961990035,3,1
C001179,M,3,1,3.344780427078788,42.411707106779254,21.89867556243083,5,0
C001180,F,2,2,3.415946988885338,51.70132166079026,43.697754859792944,4,0
C001181,M,3,2,3.0181322003181803,54.09049838032717,79.95148590943884,3,0
C001182,M,1,1,5.365353067808084,66.69171269430498,13.389752975628369,5,0
C001183,M,1,1,2.1914460023649864,87.83127358898948,80.41187427453914,2,0
C001184,M,2,1,5.20178593538943,67.82958702490671,49.79119187429505,3,0
C001185,F,3,3,3.4105719906381555,61.57154994942289,75.3266526140559,4,0
C001186,M,1,1,6.756905552324266,60.45182847144353,41.6173939649574,4,0
C001187,F,2,3,2.9323117146483955,73.18168032684332,14.874318277192906,4,0
C001188,M,1,2,1.5563470496800162,71.23226145438784,44.545462245649965,6,0
C001189,F,1,1,5.361439952698006,76.96551478659444,57.62577220323845,3,1
C001190,M,1,3,5.084071971715742,54.444665907370556,66.9668157828071,5,1
C001191,M,3,3,4.906140902383266,98.76229064569938,34.555807064070486,3,0
C001192,F,1,2,5.862259424688065,59.83235235491431,66.7897452685743,2,1
C001193,F,3,3,1.7959696445430038,55.46977934035315,60.494219127844346,3,0
C001194,F,3,2,2.2655551219187635,82.91966360488806,48.89081261006139,7,0
C001195,M,2,3,6.903309041744214,78.53798459906832,62.102765987300174,5,0
C001196,M,3,1,4.958120400179466,55.342172126736486,61.61110729486919,9,1
C001197,F,3,3,2.9975574554374456,75.16763390982038,69.48133490878725,3,1
C001198,M,1,3,0.12005763832840133,58.60970853678369,63.61551105710423,4,0
C001199,F,1,2,1.262662501755814,71.28357902495992,61.89686341360662,5,1
C001200,M,3,1,1.8936178814510036,68.51994725410891,95.60256057935887,4,0
C001201,M,1,2,2.765308034254036,100.0,24.98423667243823,6,0
C001202,F,3,3,4.672089810037214,85.85505572491613,36.54734581005063,3,1
C001203,F,2,3,0.9951864087758566,80.99915629188673,79.62040527703215,3,1
C001204,M,2,1,2.8388009729810015,76.4834149644577,33.60573741348389,2,0
C001205,M,2,1,1.2203610927516437,46.19997596968292,76.13864408314937,5,0
C001206,M,2,3,3.0729928345844284,67.77531521681874,65.75170206024048,3,0
C001207,M,3,2,9.246244874863848,58.416555255930376,36.466347170615265,3,0
C001208,M,2,2,6.616367605977055,64.23048957733826,77.8280338514962,3,0
C001209,M,3,1,5.261804430446469,66.28955367829953,81.39159965954104,5,0
C001210,F,1,1,2.8510492490684634,39.27757764722601,60.56261426186144,5,0
C001211,F,3,1,1.6307611694149493,60.74198637968371,58.22049085549024,2,0
C001212,M,2,2,3.809307306095501,66.90590419479227,83.35557871550672,4,1
C001213,M,2,1,0.58239249708617,78.8806494279543,29.427227136880333,5,1
C001214,M,3,1,5.4258742911722635,53.24546754472782,72.50810651185972,3,1
C001215,M,1,2,3.5639185561264557,53.144870351067766,34.04954973205189,3,0
C001216,M,3,3,3.939420604647726,52.1496498462615,70.44982157597985,3,1
C001217,M,2,3,0.33875206555667425,60.22784590141516,57.67519134678061,5,0
C001218,F,2,1,4.109586330749819,48.08488916056854,59.38653865393851,3,1
C001219,M,2,1,3.474091776910046,84.90322751289825,89.63704539773013,3,1
C001220,M,2,1,1.8953598475069575,76.63863498714508,31.815850351824984,4,0
C001221,M,2,1,4.493806234899713,100.0,72.93742270407142,4,1
C001222,F,2,3,3.123282644616536,57.02876644017025,58.718412705476275,7,0
C001223,F,1,3,4.648316942434333,77.90723541352091,61.79914790260712,5,1
C001224,M,2,3,5.360291218463666,46.79743637146605,75.45126028676694,1,0
C001225,F,3,2,1.6133717744038232,87.0431643744111,74.53924438512836,6,0
C001226,M,2,1,4.235427750485764,61.78153090849755,71.21381042485078,6,1
C001227,M,2,2,4.193932280156993,63.73622116640333,44.33227828367414,1,0
C001228,F,3,3,6.73607237787172,84.1315428091834,71.12063744149513,7,0
C001229,M,2,3,5.850186045590249,83.21867025764234,73.69507913819987,6,1
C001230,M,2,3,3.2336720808613846,50.3005330227174,69.05692189294192,4,0
C001231,M,2,2,3.0634054759313196,63.40981583131282,71.37668872236941,1,1
C001232,M,2,1,4.329212343768375,86.3739334295972,61.741217231506816,2,1
C001233,F,2,2,1.5280072421467872,59.4812368889381,39.087233451958994,5,0
C001234,M,2,3,1.8580236678134314,69.58906333032289,52.716003900860656,3,0
C001235,M,1,1,2.970640024896386,73.07082015486931,51.600778568209265,3,0
C001236,M,1,1,0.0,86.13421081896092,60.52490300019606,8,0
C001237,M,2,1,1.8227452700371907,75.01674955396263,52.8401175695726,4,0
C001238,M,1,2,3.2690361330523587,61.34779213460577,92.51325094402905,7,1
C001239,M,1,2,10.06318131070206,35.54891774446946,68.19849277026125,3,1
C001240,F,3,1,2.5829137279323806,75.55316260147055,58.96091108941805,5,0
C001241,M,2,1,5.452492992963468,67.58533740089415,65.10292528118025,5,1
C001242,M,3,2,3.564222841395714,91.63800836659068,67.6539236746645,7,1
C001243,M,1,2,4.967913893372411,73.63622260245307,99.07315544927518,6,1
C001244,M,1,1,1.6184760463831696,56.50038015781956,68.14108489319797,4,1
C001245,M,3,2,0.5996185019427793,46.30531253503523,52.777981836002915,2,0
C001246,M,3,1,7.030171423286037,62.412586097810305,41.587312096775946,5,1
C001247,M,1,1,1.0738392682521156,70.44174071434124,64.13848419837866,3,0
C001248,F,1,2,7.26397694654982,66.57062135196797,96.94952701815734,3,1
C001249,F,3,3,3.183791273367853,46.0681676237379,57.21984246067251,2,0
C001250,M,3,1,2.180460439082654,23.19765605776317,43.21793728315611,3,0
C001251,M,1,1,2.8639150952245203,50.64530953192748,77.88658904044321,4,0
C001252,M,2,1,7.52478478234686,28.411102305773582,62.19100587524895,4,0
C001253,M,1,2,2.463292130084632,50.27633282228713,30.651833454071117,4,0
C001254,M,2,3,3.1593903675567496,68.62233009043585,63.77622580495033,2,0
C001255,F,1,1,6.145538892165727,86.6915082410934,80.54571187096757,4,1
C001256,F,1,3,5.042250595942722,28.285643620925974,22.204956354192625,7,0
C001257,F,1,3,8.570452202653662,49.620973053033914,72.93803406217103,2,1
C001258,M,1,3,6.563672991130542,70.92976615926572,37.482401368284485,3,1
C001259,F,2,2,2.46820395972496,58.24171788176289,56.34084737736068,1,0
C001260,M,2,1,6.8656495410836245,67.43939684878534,51.4750690664144,2,0
C001261,M,1,2,0.0,70.6583180185575,80.01123644859383,5,1
C001262,M,1,1,5.694511789041787,58.82281222766263,77.9699235871836,3,0
C001263,F,3,1,2.559725974126577,83.07037432474363,35.6330004940757,6,0
C001264,M,1,1,5.310356574484412,100.0,24.172887271850897,4,0
C001265,F,3,3,8.319759445162202,48.992028152827984,32.74476058404943,7,1
C001266,M,2,1,0.32511556743455916,78.90389934714815,67.66018233637998,4,0
C001267,F,3,2,6.030413534236,96.61740106252525,18.920979031800016,5,0
C001268,M,2,3,5.848289029304093,86.70731661863556,48.40833117235852,5,1
C001269,M,3,1,5.452547062540344,54.66418790823596,76.74779430896767,4,1
C001270,F,3,1,1.8435877472509374,60.07744612547903,70.77858882472634,4,0
C001271,M,2,2,3.803092820942345,39.011378983360935,29.459947989925475,4,0
C001272,M,3,1,1.8812813787912233,56.450569537877655,63.56673577173876,4,1
C001273,M,1,3,4.94599832558477,56.90502922915662,42.76367154865247,11,0
C001274,M,2,1,1.1305100881119188,71.86287435246177,48.37537560957104,4,0
C001275,M,3,1,3.037994661737176,47.95657459788599,49.70165619188449,1,0
C001276,M,2,3,5.386214744402176,66.08283938766102,51.81747853498385,5,1
C001277,M,3,3,2.3879547084702835,68.12479431918706,58.448438427192876,2,0
C001278,F,3,2,3.128209510301193,58.012040123832335,46.733903727135264,1,0
C001279,M,2,1,2.005662052809101,77.57519974324474,47.450792586803004,3,0
C001280,M,2,2,4.564738238960465,58.2195363537721,76.0663489684417,4,0
C001281,M,1,3,3.697168624761911,69.88201615478958,60.079732627965655,4,0
C001282,M,3,2,2.3881901705196875,45.51450350267375,40.36889828604785,7,0
C001283,F,1,2,2.612486100685109,53.322709805823955,61.824057250788236,5,0
C001284,F,2,2,4.347804889413184,79.40452191515386,33.24114090233107,6,0
C001285,F,2,3,1.671916405146837,39.93481814810596,62.058579045694565,5,0
C001286,M,3,1,3.9025609866986346,76.28982080001217,70.08291424654342,6,1
C001287,M,3,3,4.073012828625972,60.08808025397282,74.52341161474138,5,1
C001288,M,2,3,4.3434773426893845,34.5216124204739,67.59693604640432,5,0
C001289,M,3,3,2.8333787645766204,58.32793638130507,40.52185002710284,2,0
C001290,M,3,3,5.331187852571597,76.01292086547987,49.8163039455534,6,0
C001291,F,3,1,6.115534031442699,99.60317255743544,80.51106696342161,4,1
C001292,M,2,2,5.4241116519496515,92.98483007604179,54.33816157784682,2,1
C001293,M,1,2,4.461611728501146,51.04264668150406,58.440522464478136,3,0
C001294,M,1,3,0.8618718055788337,76.98699415041787,72.19730030551511,6,0
C001295,M,1,2,7.686280104373198,58.282983639532766,87.14124524327457,7,1
C001296,M,2,2,4.12893989817949,55.82854675795762,58.630332860607346,2,0
C001297,M,1,2,4.6860258683592235,80.08950121312594,52.97721659698151,6,1
C001298,F,1,1,2.4489564432179813,68.40751003021172,94.10845543293043,2,0
C001299,M,2,1,3.5274693990589245,68.46442832092124,95.39798702727774,3,1
C001300,M,2,2,6.594645025778593,39.83899700350572,60.67363263982154,2,0
C001301,M,3,2,5.721878508654897,50.50564715962969,60.34514760642455,1,0
C001302,F,3,3,3.315183476619202,51.490290755633225,76.33426741625829,5,0
C001303,M,3,1,7.360874414251783,72.69019788539144,67.88194152027245,3,1
C001304,F,1,2,1.7796114610063607,75.97824740326655,60.51082866638521,7,1
C001305,F,3,3,0.30213648439787155,91.0315682373249,73.28059290241376,2,0
C001306,M,3,2,0.0,50.88370198676844,48.35514367418696,7,1
C001307,F,3,2,5.748885163119674,91.3878519412447,80.04283689916556,5,0
C001308,M,1,2,2.468658466695469,61.09571593433179,71.94476330463502,2,1
C001309,F,3,1,3.691189190767709,66.18533582228798,68.16173345551944,4,1
C001310,M,2,1,6.407620620361213,63.24665422208859,58.060647541584196,4,1
C001311,F,2,3,4.723231978935811,68.80150006909986,48.81809075439925,5,0
C001312,M,1,3,1.3905357612597977,75.45846813836368,28.22380005565291,4,0
C001313,M,3,2,7.573225191068158,80.56329903814472,28.268731980290955,6,1
C001314,M,1,1,3.3598109854057068,61.334112752780946,29.894899478942545,7,0
C001315,F,2,2,3.861523486733554,66.3311436556243,82.01256297698262,5,0
C001316,M,2,2,2.43178520407617,51.33353475245664,48.16631835116733,4,0
C001317,M,2,2,1.5455819025767235,75.16735743650048,38.229245931451686,3,0
C001318,F,3,2,4.506791763879653,68.99058272787299,58.37103709159261,2,1
C001319,F,1,3,0.8289431618803147,53.34219646808432,42.89124493268159,5,0
C001320,M,1,3,3.817221452486377,46.348971198518505,52.93084945665118,4,0
C001321,M,1,1,7.487877117339776,67.4119293429844,69.99857074174724,4,1
C001322,M,3,2,5.65277228029538,84.59783873007127,54.07276276005918,3,1
C001323,F,1,3,4.446559355690273,88.79240437866238,54.08976747841432,4,0
C001324,M,2,3,1.5837296263048795,45.59655345245305,59.633149390907896,6,1
C001325,F,2,2,3.866449420084146,79.01718993203087,34.828960685209864,3,0
C001326,M,3,1,2.2486677715964767,76.9624625639598,65.20378816503548,8,0
C001327,M,1,2,7.172885226727029,85.77285135162312,85.67204644158141,10,1
C001328,M,1,2,2.9573327469492954,72.13320481071922,53.403979036181276,4,0
C001329,M,2,1,2.2708573471420523,59.98441417716564,61.771352359312274,1,1
C001330,F,3,2,3.52104487570616,76.78874302447103,44.93625793147201,4,1
C001331,M,2,1,2.2802141530457147,26.347419434177517,47.01256604194979,7,0
C001332,M,2,1,4.518437880195953,50.126682496768865,77.70380551468054,3,1
C001333,F,2,1,8.006799500822048,51.957272223976595,62.89621813777386,1,0
C001334,F,3,1,4.015770919370444,54.90968729045644,71.92758638408107,7,0
C001335,F,3,2,1.9698877247776623,42.19879187817222,64.80856535803134,5,0
C001336,M,1,1,3.652349911906451,56.534648291025796,57.17777690829247,5,1
C001337,M,3,1,1.2040374670323493,56.69548549458608,81.8312906689446,10,1
C001338,F,3,1,10.321680119592003,61.047273926131005,27.859293406469995,2,1
C001339,M,1,2,7.961955040076365,69.25747292721381,45.449570460781345,5,1
C001340,M,1,2,6.743440622833307,46.23142367748267,53.16383114974076,4,1
C001341,F,2,1,5.653111002763858,58.20832923116466,60.816116927865274,4,0
C001342,M,1,3,3.6359283842693064,63.62739513163787,54.63557866227664,3,0
C001343,M,1,2,3.684487583619012,37.19126990240093,63.7653696058928,2,0
C001344,F,2,1,3.5151551329307362,63.8949555502657,84.6479645655234,2,1
C001345,M,3,2,9.229089804389702,68.58088224516429,39.28156302730163,6,0
C001346,M,3,1,3.577270601239631,76.37069458464121,87.42620353826216,2,1
C001347,M,3,3,2.7590067563179836,45.201723198564025,56.08030467082197,3,0
C001348,M,2,2,3.770003957251103,62.72614860154319,63.485101584813115,4,1
C001349,M,2,1,5.137345401575437,83.59658772980718,60.435803677841875,4,1
C001350,F,1,3,0.0,38.9614457824486,65.0209807585405,4,0
C001351,F,1,1,4.8653110433450895,64.89854598982349,81.65417841883426,5,1
C001352,M,2,2,0.0,42.16229309823963,39.32558214567375,3,0
C001353,M,2,2,7.23856602702017,58.55706067318793,47.06666956550414,3,1
C001354,F,2,2,0.20690492733123644,52.9250282817773,71.28828834989496,3,0
C001355,M,2,2,2.2330034858524,70.61408016648664,45.57138776781041,3,0
C001356,M,1,1,0.0,60.57141042319352,26.359376884513253,5,1
C001357,M,1,2,7.961800075498839,45.85081614526314,71.62767173457267,5,1
C001358,F,2,2,3.9729778600336045,87.84834350826164,46.1213646519907,7,0
C001359,M,1,2,8.898483066833236,67.67073235332151,75.83633906424548,7,1
C001360,F,3,3,8.373396800076918,79.80264625058375,51.92647190176457,3,1
C001361,M,1,3,6.748409935355713,48.57151415790537,80.53281319950851,5,1
C001362,M,2,2,0.9162308198550164,59.102586748490765,64.58151521859254,6,0
C001363,M,3,1,4.364054231589808,79.98659056253933,47.4316039316345,2,1
C001364,M,2,3,7.00566353543626,53.75043900631752,37.9499258536108,4,1
C001365,M,1,2,4.855424260269629,64.9238802065935,55.81239381440932,4,1
C001366,M,2,2,3.186345739266362,64.01808523243157,61.003939285719945,3,0
C001367,M,2,1,4.773380140024778,29.55575042835516,48.45420539131244,3,0
C001368,M,2,2,4.984940934012016,63.96859755702823,36.72837040020837,5,0
C001369,M,2,2,0.7500924038569723,58.717079008860125,55.88040859759013,2,0
C001370,M,1,1,2.7529152821056235,62.51167270355992,87.6574938107716,6,0
C001371,F,1,2,5.4369073540364905,54.20778132240236,64.46392141754485,6,1
C001372,M,1,1,5.923656688855921,45.666408188793,48.347287730992356,5,1
C001373,F,1,3,4.535447380140235,52.79697576318641,62.63602358089319,5,0
C001374,F,1,2,3.102661667555592,57.09828608573141,71.3301484539238,7,0
C001375,M,3,1,3.5776727415332066,74.10398643600269,43.3241072376304,2,0
C001376,F,2,2,2.340489325236323,56.60263132786619,55.36617971429979,3,0
C001377,F,3,3,3.7710621751343503,66.64884286008828,57.351197225582176,6,0
C001378,F,2,3,5.870162989583344,68.01694964769743,52.77031800418305,4,0
C001379,M,3,1,9.34201612337855,56.88655278482797,37.80482200292613,4,1
C001380,M,1,3,1.3506607513867497,79.57109296561894,71.90339286443897,7,0
C001381,M,2,3,6.7868758081547735,59.37419925149645,22.093142111529232,2,0
C001382,M,1,1,4.842171548485599,56.58366243201931,48.132400978565194,4,0
C001383,F,1,2,0.4772800116588516,81.5730438743656,46.92142012636837,1,0
C001384,F,3,3,3.7850713122178568,67.05469715809954,49.935643632027265,7,0
C001385,M,2,1,3.599622450394948,29.123686316433187,86.27729394817786,5,0
C001386,F,2,3,3.996440205642808,25.118055431267514,54.43763344966061,7,0
C001387,M,3,2,6.3051161865428025,88.901593278776,79.18098553160465,8,0
C001388,F,3,3,8.3447259691238,66.24351229715167,62.403244027820406,3,0
C001389,M,3,2,6.849164915448467,62.391859864754444,68.05747834540232,5,1
C001390,F,3,1,4.468178518914056,31.722007667658325,54.67484915161651,3,0
C001391,F,3,3,4.712595951653505,62.806072987704276,73.01654727944486,3,0
C001392,M,3,1,8.573701167493176,49.17982218481998,48.91383886452242,5,1
C001393,M,1,2,1.6708365075476834,60.2661967983807,51.99067593274126,2,0
C001394,F,2,1,6.732577603123607,54.0742391935675,50.63827853186732,5,1
C001395,M,3,2,1.4759894346316114,60.656491399989214,41.17760490476289,6,1
C001396,M,1,1,0.6439564798655741,67.90346307485957,59.61594440646192,3,0
C001397,F,2,3,5.388572364637081,70.59175837420341,75.62205690214125,2,0
C001398,M,2,3,0.3532094922717559,64.02012986595724,53.910779942841295,6,0
C001399,M,1,1,3.1358012346476576,66.59908598847623,45.621756466650154,4,0
C001400,M,1,1,7.023381324639653,38.23345070010724,95.09861707590257,4,1
C001401,M,2,3,1.9894485029822722,63.74116242128387,52.982681214562,3,0
C001402,F,2,3,7.952917151682994,68.10379559857495,73.16212928309449,2,0
C001403,M,2,1,0.0,63.810571976754055,60.08478721076345,7,0
C001404,M,1,2,6.297389370654086,87.28792905335891,79.36621837052576,2,1
C001405,M,2,2,0.9549275830703525,61.03620870892834,59.070895358699126,7,0
C001406,F,3,3,3.572490222237864,45.13493050228996,59.12572185750284,5,0
C001407,M,2,3,4.47463765156447,64.99285102959816,58.962308893414935,2,1
C001408,F,3,2,3.3789387771961565,56.38601812485863,55.40881501186525,7,1
C001409,F,3,3,3.434028757815891,39.12664487461389,61.11595160375652,5,0
C001410,F,2,1,0.8082368613178441,60.43152331539571,46.1365363282912,10,0
C001411,F,3,2,7.1129523339029745,87.13742724517743,68.9216920392646,4,1
C001412,F,3,2,1.2944197421531878,59.46637777279245,100.0,4,0
C001413,F,3,1,1.2924488749531964,81.24919288829422,43.17511799068228,3,0
C001414,M,1,3,3.786083253161935,75.76345926913673,65.68926411471878,2,1
C001415,F,3,2,2.466977081667296,100.0,60.28845720508811,5,0
C001416,M,3,1,5.844881352351124,71.80849355253781,39.623659741856144,6,1
C001417,M,2,2,2.8261493034579575,66.14663003593355,74.05815946009133,2,0
C001418,F,2,3,3.9974109321609883,66.34088134141786,52.01634222690098,1,0
C001419,F,2,1,4.251884751544509,69.17720482571903,47.61831193132584,5,0
C001420,F,2,2,6.1423593450309415,61.10142136631308,84.61521589954701,4,1
C001421,M,3,3,2.8390805229981084,57.373441222208996,53.85747921900724,9,0
C001422,M,3,1,0.32206645020549285,71.91560106313392,81.01268409100916,2,1
C001423,M,2,3,2.2188184722029303,55.51046407256262,69.7247479260555,1,1
C001424,M,2,1,6.502074476121533,36.99635925652247,61.71039807518414,3,1
C001425,M,2,1,4.765733909590665,45.34558579146716,71.45488781499091,2,0
C001426,M,3,1,3.185094472263686,89.7032123468367,74.14925347397796,2,1
C001427,M,2,3,4.1344650262267715,60.2146654958671,56.84626776757424,8,1
C001428,F,1,2,3.4156107529042767,76.52487196279534,53.373797886905926,3,0
C001429,M,3,2,5.732920902571788,54.53291158511243,75.4371880142639,5,1
C001430,F,2,2,4.742450416513145,78.3388078446687,100.0,5,1
C001431,M,2,1,3.38645457040558,71.03495863841896,30.817491089960235,10,0
C001432,M,2,1,6.0188518216214915,94.86558758630817,39.930420821866704,6,1
C001433,M,2,1,6.588971235517798,84.74902700267411,42.66220985040032,3,0
C001434,M,3,2,1.977442433762144,76.03532037513972,54.15932912563274,4,0
C001435,F,3,1,2.017673263886114,56.16886394256181,42.45401096964287,4,0
C001436,M,2,1,9.282188779204308,47.36363236051287,71.01760000279803,5,1
C001437,M,2,1,5.377376941287496,62.89600958507767,33.93838389408486,10,1
C001438,F,1,2,7.67253476468675,65.28555771198928,52.30639852498904,3,1
C001439,F,2,2,5.963209283118434,58.866022865285046,51.08227287956802,4,0
C001440,M,3,2,5.010740951114737,75.5770885102555,77.90139546355903,3,0
C001441,M,1,2,0.0,66.16271560184379,59.12188442014233,3,0
C001442,M,2,1,1.3134407510035389,64.96372086619445,35.89900364097022,3,0
C001443,M,3,1,5.430710309353308,87.86162330510771,65.33710788606443,3,1
C001444,M,2,2,2.0091521730658357,66.56973225407626,43.326034506807424,7,1
C001445,M,1,3,3.6738288914231116,44.67114627001506,38.53502762486172,3,1
C001446,F,3,2,6.0027602438338565,80.35884010830505,79.95727858843279,4,1
C001447,M,1,2,4.29841006375144,68.14264446886072,52.23964420262756,3,1
C001448,F,2,1,4.877311084501685,60.91239665346249,68.8303656843156,4,0
C001449,M,1,3,7.05349982173642,50.660588389143115,51.42690674865939,5,1
C001450,F,1,2,7.271350895462819,83.91799630680907,64.4374955720764,4,0
C001451,M,2,3,3.8761070450730477,90.35434583993026,85.17873705998133,4,0
C001452,F,2,3,6.8026946671025,54.91397384389375,63.39202108016267,4,1
C001453,F,1,2,1.886167564765349,69.46377854936001,53.50937978782787,4,0
C001454,M,1,2,4.498936062544566,71.58501412531362,36.280800142742876,5,1
C001455,M,2,2,5.2452371287182284,38.846900854119696,76.01065636462607,4,0
C001456,M,1,3,3.768117228437331,64.34453712337543,68.65631466145857,5,1
C001457,M,3,1,3.511489141133584,38.88189273204934,65.84444324430991,8,0
C001458,F,2,1,1.5372889311908162,64.72605017560606,58.55876151610463,4,1
C001459,M,2,1,3.9217485770669334,98.94520147303064,80.22326672637661,2,1
C001460,F,2,3,0.4613545750598971,43.26278347161709,52.114235496064595,6,0
C001461,M,2,1,3.7070027818589804,93.14381742555275,69.91716729394858,3,1
C001462,M,2,2,4.132674874573901,91.64571646437349,92.71074221975093,4,1
C001463,M,1,3,5.639506999836745,64.91637632229586,61.44880491488135,6,1
C001464,F,1,1,1.4121483224809062,72.72733616916068,53.931950317100785,3,0
C001465,F,2,3,4.7477306923456615,60.74879386161516,50.00715227752362,2,0
C001466,M,1,2,5.253340684391668,58.292316267906735,49.77449515333468,2,1
C001467,M,2,2,3.9514711639014446,68.04993745105432,60.659194973419694,6,1
C001468,F,1,3,4.984332822859395,53.37883573274446,89.78079645859034,4,0
C001469,M,1,1,4.593735415640716,72.09660098357828,67.79074792120373,3,1
C001470,F,3,1,0.0,65.62254529247257,63.67594115753107,3,0
C001471,M,2,1,1.971321552968921,48.98986576699618,62.61428082044592,5,0
C001472,M,1,3,8.714061143830426,75.6430128130443,32.08490204910713,8,1
C001473,M,1,1,5.443264594301301,76.03558111269459,58.25618873941424,5,1
C001474,M,2,2,2.676468349362529,81.84509638708965,43.32455453727181,3,0
C001475,M,2,1,4.8065807628773625,57.80456529825925,87.09248498706322,4,1
C001476,M,2,3,5.564153959102786,80.43413190912409,44.29883709848553,4,1
C001477,F,1,3,7.3904700708486795,97.5003652669551,35.97225227389242,3,0
C001478,M,3,2,3.1434952006788497,65.44521162807091,29.001113589686977,7,0
C001479,M,3,2,2.688754524137607,66.78023325082575,46.06154616165733,6,1
C001480,M,2,1,2.9049473416109146,75.17999932022525,7.719379435396036,3,0
C001481,M,1,1,2.7429395272447046,32.514797928240036,63.35686768101779,3,0
C001482,M,1,2,2.668981715722011,44.50834145043186,64.22894760472157,3,0
C001483,M,1,2,4.4122569994742955,56.739023631103926,40.39176291756774,1,0
C001484,F,1,2,3.073691386734395,59.884327767119515,75.52667745219475,4,0
C001485,M,3,2,3.8634184876779987,66.6828495050157,56.98377431756798,6,1
C001486,F,3,3,8.119189515283905,69.00890043124754,57.23942562328593,4,1
C001487,M,1,3,1.8926354708932789,44.405015119135015,75.61322148837458,2,0
C001488,F,2,3,4.741030920888653,82.2838038482099,80.36135059291877,4,0
C001489,M,3,2,1.5016705623181736,69.99687744659848,41.67742243063431,3,0
C001490,M,1,2,6.03942743549883,65.89712846837031,34.10463301778418,2,1
C001491,F,3,1,6.461764257791456,72.35817500410215,53.16247818084865,2,0
C001492,F,3,1,2.0911226913054275,55.76997915043611,87.89866380530404,4,1
C001493,F,2,3,2.469089564106909,61.42217559968606,46.073088737811574,4,0
C001494,M,2,1,5.466772798738106,48.7597010498414,77.42835526252689,6,0
C001495,F,1,2,3.3961289065422533,31.939818542569384,42.46823760925295,9,0
C001496,F,1,3,7.117743244845575,61.454244607446626,57.23401731964953,4,1
C001497,F,3,3,1.3559712942102253,90.86913100133677,49.65356267945887,6,0
C001498,M,1,1,6.369507665283544,56.46983323590634,67.41473530081925,5,0
C001499,F,3,3,8.92255657529599,41.649685447327045,62.66544335849237,4,0
C001500,F,3,2,4.8625879363020825,73.47090037583743,43.896937324286895,5,1
C001501,F,3,2,2.5988393743066607,57.81938191088948,51.30438452955927,5,0
C001502,M,2,1,2.29037474284947,71.56057976809453,40.80528936633653,6,0
C001503,M,1,2,3.643551115181424,74.91228191390077,64.1377574030562,5,1
C001504,F,2,1,5.487336866115862,57.40197850752518,41.69014098435538,5,0
C001505,M,2,3,0.7141158573688817,71.22183701234172,61.71806108198655,1,0
C001506,F,2,1,3.318479431756028,64.46818169569916,67.15004264443134,2,1
C001507,M,3,1,4.289552480460131,35.48196627671188,71.8739319435987,2,0
C001508,M,1,1,7.419154069613867,57.1312702784398,72.11821664816739,3,1
C001509,F,2,2,8.095745479581089,52.553668391195984,66.0468786447201,4,1
C001510,M,2,3,3.7104726553457636,42.37767187071315,40.52808110045164,7,0
C001511,M,2,1,1.5615986139599882,52.290570060477,44.39089113362145,5,1
C001512,F,3,2,4.3083168174633135,75.06809787347125,44.31047738221645,6,0
C001513,F,2,1,4.387109748220795,65.21035005068364,58.82833040493862,5,1
C001514,F,1,2,6.609477297419188,37.163902920778995,79.63597520769937,3,0
C001515,M,3,2,3.0238842566550286,48.33659731771934,47.44691195807505,4,1
C001516,M,2,3,1.8241903874189997,65.22770599572382,54.438477153712896,6,0
C001517,F,3,2,3.974379476533123,64.95544568000592,81.60783539610574,5,1
C001518,M,2,2,3.2517595099001535,60.19350896843931,35.33334652738336,5,0
C001519,M,2,1,3.193400584831847,76.30078861803095,87.37782046846253,2,0
C001520,M,2,1,2.089746808318931,70.53500962995156,71.19779353982965,6,0
C001521,M,3,3,1.2379875951367834,56.42945132468837,47.39267870995196,8,0
C001522,F,2,1,5.342790888014867,54.870574807809184,53.86061531084489,5,0
C001523,F,2,3,4.580822379489898,61.97675618131541,90.55489034288297,4,1
C001524,F,1,1,2.232216066445191,33.74745197827002,50.99610476936073,5,0
C001525,M,1,1,5.803859462442565,69.38168154855292,72.89941214581044,5,0
C001526,M,2,2,0.0,46.152821359670924,96.71584804401871,4,0
C001527,M,1,1,3.10241199112495,83.14292820080908,59.244622515406256,5,0
C001528,M,2,2,4.473776143266323,39.32036809874506,59.82900961250145,3,0
C001529,M,2,3,6.437265421551658,70.54405305920784,99.78176835535551,4,1
C001530,M,3,1,2.777887610792451,35.13159172141456,40.405830393191536,2,0
C001531,M,1,1,6.472881350419929,55.31542744533615,59.66487180218662,9,0
C001532,M,1,1,2.566197918844579,70.93276473088595,67.6690607859316,3,0
C001533,F,3,1,5.8072137516255395,78.76064786158034,32.22664583946375,2,0
C001534,M,2,2,7.700758618134278,78.00517955446267,39.08442760767425,4,1
C001535,M,2,3,1.8001286272012638,75.3092426815003,49.7213876844462,3,0
C001536,F,2,2,4.333152716650525,76.97346796866478,67.34706742369333,5,0
C001537,F,2,3,5.189363637571049,78.24135610663114,51.276585591806054,3,1
C001538,F,2,2,1.262636992284833,56.509700535851806,58.43155800393785,4,0
C001539,M,3,1,4.9514761889217995,59.175938260096814,74.06846997745343,6,1
C001540,F,2,2,2.7538846680420868,75.04418948969835,70.82543789073004,4,0
C001541,M,3,3,2.145584626524487,81.30600595595044,23.102684966101727,6,0
C001542,M,1,1,3.0687066871295547,62.463092039773585,63.27957813290141,3,0
C001543,M,1,3,2.9086051771153585,56.646962952539766,69.87253140318597,5,0
C001544,M,1,2,5.76151462462004,56.14471619017445,58.53066242679367,3,0
C001545,M,3,3,3.9980009165096044,52.20785271342738,69.45849759156786,4,1
C001546,M,3,3,9.083598736743966,71.66279437682536,73.85108812760006,5,1
C001547,F,3,3,2.820605288857299,81.61305295579223,65.84183467691372,6,0
C001548,M,2,2,5.042543229436298,71.88808629643432,58.26944438197775,9,1
C001549,M,1,1,3.6685352114771526,64.33975435889236,64.5291345810289,3,0
C001550,M,1,1,1.1924068628319806,93.37967485560094,18.112476658903503,4,0
C001551,M,3,1,7.498967103098527,64.71958301515016,85.39732844993992,4,1
C001552,M,1,2,4.263050012966191,85.54144242536374,83.81599635302878,2,1
C001553,M,3,3,2.281888282925191,48.52827023453135,82.53786218453452,4,0
C001554,M,3,2,4.879677396883837,68.13078008472273,62.30703758700811,4,1
C001555,F,2,2,6.273504797260566,50.160378261132855,70.28792122154542,5,0
C001556,F,3,2,2.1325039075761785,51.09139004666431,62.522558920847466,6,0
C001557,M,3,2,4.110768932772891,52.78991389046275,65.80692134643395,1,1
C001558,F,1,2,6.288743479304367,65.9160781354089,84.62349306745017,4,0
C001559,F,1,2,4.363168419371493,58.03884204586456,28.134531488246317,4,0
C001560,F,2,1,5.219179063638501,33.935777649290955,67.90635704063664,2,0
C001561,M,1,3,3.419073565484628,58.4599400404964,44.99550232394998,2,0
C001562,F,2,3,0.5396578042357869,55.611187451390435,39.26312219437541,7,0
C001563,F,2,2,3.44606681256229,38.765047840989425,57.715157339322396,5,0
C001564,F,2,3,2.766610041295918,71.79068839462464,37.45031359708282,3,0
C001565,M,2,2,3.760179786390955,74.97742924658246,37.415756702195566,2,0
C001566,M,2,3,2.790711266412795,74.2505329227786,30.093067105629057,3,0
C001567,M,1,3,4.374639307085381,90.54821507766391,51.323372543886805,3,0
C001568,M,2,1,3.237226588334817,48.169221796924205,69.57172923446436,5,0
C001569,M,3,1,5.779471790516325,48.538742199479074,74.85700303228758,4,0
C001570,M,2,1,5.354468445070859,64.48379697820967,95.60298758912774,4,1
C001571,M,1,2,1.9662368931453686,63.21407039884976,52.7130146369957,7,0
C001572,M,3,1,6.764435505266908,67.00367955395357,74.35894801287309,3,1
C001573,F,3,3,2.408818553763081,77.53938125126906,63.24195726155915,5,0
C001574,M,2,1,1.5264992912143267,61.16252208480405,62.716114636554266,4,1
C001575,M,3,3,6.3217825670290075,80.49281302839384,66.72768775090088,3,1
C001576,F,3,3,2.696928317057108,53.43021983935068,74.42147184479491,2,1
C001577,F,2,2,4.2152169985747205,57.395182489375216,68.606010411581,2,0
C001578,F,3,2,1.1667944859843344,48.33353081753011,52.87449306016856,2,0
C001579,F,3,1,3.194731567790879,13.827772227563813,70.52268583730684,6,0
C001580,F,3,1,3.746186532738675,38.74773655635885,48.6757951056931,3,0
C001581,M,1,2,3.136400878644954,78.42409013632889,70.57013643954288,4,1
C001582,M,2,3,2.869624032500914,81.53822333583426,62.09315172580522,7,0
C001583,M,2,1,4.090139421853764,45.813363463900025,26.364883460744082,2,0
C001584,M,2,2,6.178071785105963,78.97174922955016,57.50872024526113,3,1
C001585,F,3,2,1.9284329530918707,28.57377066821708,76.77190480008422,5,0
C001586,M,2,1,0.0,49.527626481284585,57.72337717735171,4,0
C001587,M,3,3,6.726944232542265,57.98628640436692,64.1215464608095,3,0
C001588,M,2,3,2.551704634773716,80.80583245925303,51.38326088077544,8,0
C001589,M,2,1,2.7391139658924986,92.09639423291799,55.06786367248295,6,1
C001590,M,1,2,2.8001826776760907,58.053098226098065,77.07405226206858,3,1
C001591,M,2,1,1.0776217238920465,63.973568837837455,52.24341808133499,1,0
C001592,F,2,2,3.1312069824875453,80.61066896186863,39.28370927767453,4,0
C001593,M,1,3,3.384419951569929,98.71715556072164,20.75611216739817,4,1
C001594,F,1,3,4.957545821154259,82.81914694349882,46.29154882596666,6,1
C001595,F,1,2,2.795110004124156,46.8477718375711,40.22275157376329,7,0
C001596,M,2,3,0.0,78.13842239609559,33.248571295154505,4,0
C001597,M,3,2,1.057815915538006,55.309583674743195,40.677699683864184,5,0
C001598,F,3,3,6.454070124230226,86.01469854599094,42.171528210058774,6,0
C001599,M,2,1,2.1516624723418625,74.49484139300478,40.95814461987724,4,0
C001600,F,3,2,5.200795777522154,49.65737257607232,84.89742507266399,2,0
C001601,M,1,1,2.4304106410029402,81.57732911512183,30.29814983378729,1,0
C001602,F,3,3,5.788229144118921,72.9343350985838,70.39872468571974,4,1
C001603,F,3,3,4.2179848838384935,70.97628438606671,69.63571422337176,3,0
C001604,M,1,2,0.8070673051875801,65.4497807013007,71.06805213578826,4,1
C001605,M,2,1,1.42392635272601,57.14509670731087,59.14067932494612,4,0
C001606,F,3,3,0.7224872900368391,74.25937367793016,82.77869082960771,4,1
C001607,M,3,2,6.007428431544673,98.02374015347526,60.01093433294555,2,1
C001608,M,2,1,1.23070601211709,93.62311802187156,56.20178372951503,4,0
C001609,M,1,1,3.187626899677231,62.23411920592959,80.99080071300068,4,1
C001610,M,3,1,3.823424039117324,33.441380026545346,56.87307944745019,3,0
C001611,F,2,3,4.488400791778573,56.78620316412562,31.365153938455073,3,0
C001612,F,3,1,2.985726828054996,67.19123532639965,69.01749904235633,3,0
C001613,M,2,1,0.5338486776883196,69.27846391925262,79.52759993316182,5,1
C001614,F,3,3,1.3450424987104492,78.47679063730958,65.27313548018887,3,0
C001615,M,1,1,1.6856754736666506,75.89231260473824,53.48267063338471,3,1
C001616,M,1,1,0.0,76.11396061428536,64.70424091638019,4,1
C001617,M,3,2,4.949489045857219,55.498551543677024,72.29197443223683,2,1
C001618,F,3,3,5.111948781581322,57.15450183768751,41.416021959269024,6,0
C001619,M,2,1,1.6420371509315221,48.778107914074994,23.26393059411452,2,0
C001620,M,2,3,6.869970499654571,68.89920867689082,57.53220603894631,5,1
C001621,M,2,3,3.7659205332465975,77.97755913638211,78.67417964094672,2,0
C001622,F,2,3,5.864477302209254,81.03542495331672,39.54515398129143,2,1
C001623,M,3,2,5.706977862002959,27.375998793638153,36.95259499606873,6,1
C001624,M,1,1,3.70484678233892,72.05761830782772,63.64419893477251,2,0
C001625,F,1,2,0.0,49.36940273374769,55.81906662347147,6,0
C001626,M,2,2,4.437890288271449,73.85307761144634,47.53306956850183,8,0
C001627,M,2,3,5.158099797901577,49.26999566126624,80.93885106361728,3,1
C001628,M,3,3,2.5643666063720527,76.01770905061426,47.91510746766738,5,1
C001629,M,2,1,4.353804562930937,55.28883603653541,66.45797906877065,6,1
C001630,M,1,3,3.936917577240109,55.60687692120258,75.11218774023536,2,0
C001631,F,3,2,1.9027758129940304,77.0527097689285,56.26124526490074,4,0
C001632,F,2,3,3.780259364769224,56.7259570315377,75.15261023413532,2,1
C001633,F,3,2,2.879740452194654,79.38197595907558,72.02657644495171,6,0
C001634,F,3,3,4.8251549503615365,76.12881371994582,63.302530062502,1,0
C001635,M,1,1,2.7019863640547026,63.33093400352744,53.255657268492726,5,0
C001636,M,1,3,2.4343302949789596,58.19749232440776,85.76560014391221,6,0
C001637,F,2,2,0.39697655008989763,84.14338261924789,76.3310370228146,4,0
C001638,M,3,2,8.85418423559698,77.44975216670977,73.29599479129156,4,1
C001639,F,2,2,3.004346099672968,89.63733243697021,61.037176575298766,4,0
C001640,F,2,3,1.512869139686214,38.85838249568112,50.29256161947647,2,1
C001641,M,2,1,5.327728242114047,60.66359102233006,25.174231901575574,2,0
C001642,M,2,2,4.411239977932558,58.16956741679426,69.4289995079327,4,1
C001643,M,1,1,5.206037472600173,72.68273147826432,54.00254663741247,7,1
C001644,M,1,3,5.439007065577142,50.763715378231495,63.98423532193965,3,0
C001645,M,3,2,6.413542961560277,52.87786788026945,100.0,3,1
C001646,M,2,2,1.6575291178745069,65.61456017889013,82.51153928995387,2,1
C001647,F,2,2,4.322467256573699,36.865054876215666,68.05688166374773,4,0
C001648,F,2,3,0.5261070636731877,34.825930506414984,58.1851141203384,5,0
C001649,F,2,1,3.3252150310055812,63.2726036880218,74.05383110402207,4,1
C001650,M,3,2,5.475437295318622,100.0,76.29602633139538,6,0
C001651,M,1,2,2.0305362893598207,66.70285739016785,53.02787626499532,5,1
C001652,M,1,2,8.907915255446442,59.351945268225876,55.29025911376968,7,1
C001653,M,2,3,4.039664945068818,71.47079475461113,64.223816983186,3,0
C001654,F,3,2,0.017284023173703034,73.67565332479863,46.38046301442959,5,0
C001655,M,1,1,5.551520826039566,63.07700574019054,47.64167768939214,3,0
C001656,M,3,2,8.884424568111342,54.857501670345485,39.70552481309761,4,1
C001657,F,2,2,0.0,41.474058753232406,91.35663540068947,3,0
C001658,M,2,3,5.571767913691787,78.50908426547419,35.72636232192531,6,1
C001659,M,1,2,1.8234472454367934,57.93937100670855,36.384016041528994,3,0
C001660,M,2,1,3.881126766062599,72.11350915962404,18.916570427315143,6,0
C001661,F,3,2,1.1198154229783124,80.84973850947632,71.13366822114067,3,1
C001662,F,2,2,5.877699766046811,60.39656987674981,42.95322315629189,4,0
C001663,M,2,2,3.299469201166777,43.018715464200106,73.63431807229713,2,1
C001664,F,3,2,6.552851996877724,61.60269691031632,59.12040570879559,3,0
C001665,F,2,2,1.7348476447238999,62.667416723558645,82.90684851133844,6,0
C001666,F,3,3,3.5455133483282237,72.42671475834811,44.69583192088716,5,0
C001667,M,3,2,0.0,56.421399016821965,61.0584738118214,5,0
C001668,M,2,2,9.714959349371322,55.655739660709415,80.00304852004757,5,1
C001669,F,2,1,8.223245675356228,59.21667511292447,81.86868690714435,4,1
C001670,M,3,1,8.794388653192758,70.5784997145141,79.5537094767985,5,1
C001671,M,3,2,7.372829497003911,78.49939259040025,69.9777923962865,8,0
C001672,F,1,1,2.700013232098332,99.9999977821274,59.53940574257615,3,0
C001673,M,1,3,3.9028827802812844,93.93350321490921,70.51495488755523,3,1
C001674,F,2,3,4.641170917289157,62.99563026722852,36.42698093683944,4,0
C001675,F,2,1,4.823799993523463,54.217714733975896,53.206355168604674,3,0
C001676,F,3,1,1.5898841105149764,55.64849730138091,85.38681082783098,6,0
C001677,M,2,2,1.4792201856368035,45.31030972796262,76.60776411383739,2,0
C001678,F,2,2,1.058425741501026,66.86431453779464,38.04368120300623,5,0
C001679,M,1,1,3.061634999248372,50.14395417093834,66.33657657266619,5,1
C001680,F,2,2,3.296112761960354,48.39581176967387,43.76744864246746,8,0
C001681,F,1,2,3.0041191139473455,49.38517591237195,54.8756447430229,1,0
C001682,F,2,3,4.552688620254712,78.32693417207956,86.6693733368171,2,1
C001683,M,2,2,0.9576583559311227,63.76130635583493,27.247108931776125,4,0
C001684,M,2,2,2.120373024246921,44.559240661644495,37.00422596877938,5,0
C001685,M,1,1,2.327301024694577,78.21775956535267,62.72115868815777,8,0
C001686,M,2,1,5.801693898486196,82.86825505338506,68.45381321255648,7,0
C001687,M,2,2,4.434477155670794,58.10380319751671,54.57973230111384,1,0
C001688,M,2,1,4.744034645548031,53.24669235646249,80.85449849236602,2,1
C001689,M,2,3,1.9453238227952712,51.914644132189345,55.88268104151162,2,1
C001690,F,2,3,4.089086899596202,68.97871689109543,64.88537283896606,4,0
C001691,F,2,1,2.2962874267573277,78.67346329891913,61.04090635590758,6,1
C001692,M,1,1,2.371596121428209,67.5281886226954,55.40690824951989,5,1
C001693,F,3,2,4.813068162525203,44.8149001170693,73.44246960689715,5,0
C001694,F,2,3,2.5768328971925385,80.96246450737549,45.46560458141411,4,0
C001695,M,2,1,3.767870917870557,64.18545713109283,83.27472207569832,2,0
C001696,M,1,2,3.4062396231283714,61.98538508877686,77.37211848958889,3,1
C001697,F,3,3,1.416698172969269,71.4653976298332,77.65240757463627,4,0
C001698,F,3,2,2.7294932881355263,80.65101620731791,100.0,4,0
C001699,F,3,2,2.7647004415584693,47.92028482357611,67.58685610100466,5,0
C001700,F,3,1,3.1603004535768244,44.87678491734353,62.23468954717611,5,0
C001701,F,1,1,0.03359282726621782,64.2806919940657,68.42768546952551,7,1
C001702,M,1,1,2.395574170837908,64.45748684659226,52.60557768586249,5,0
C001703,F,2,3,6.006079398285916,78.53501288097291,58.460248608460226,7,0
C001704,M,1,3,4.962254119657071,84.01768928377368,45.030548085851336,8,1
C001705,F,3,3,3.121196710272427,57.45444607947926,84.46804300641823,3,0
C001706,M,1,1,1.4045677948332593,69.92506312777766,41.900597134904515,7,0
C001707,M,2,1,4.2208798430398,71.89151885221294,45.283504993274576,4,0
C001708,F,2,2,6.1288970990193885,73.35192011763401,56.17941965989896,2,0
C001709,M,1,3,7.33749284269302,40.682334927809926,40.15253890648003,3,0
C001710,F,3,1,2.8472181602447835,72.82533405447136,48.28504098548446,5,0
C001711,M,2,1,1.6678162764097832,52.52833708909275,53.61292355714657,2,1
C001712,F,2,1,5.059873052668971,73.57878091726141,74.32216498849398,2,1
C001713,F,3,3,4.790038071355792,47.64887974283838,33.95097779183379,4,0
C001714,M,2,1,4.022958846700597,65.87893252074508,50.6158771232415,1,0
C001715,F,2,1,2.6025463106395206,60.35544456440759,65.40130487494754,5,1
C001716,M,2,1,1.1205544722834944,96.94483121665229,69.01056360456298,4,0
C001717,M,1,2,5.484112953143802,51.54710511272263,100.0,4,0
C001718,F,1,2,5.97238196889937,50.42022467743952,86.33551901987842,2,1
C001719,F,3,2,3.208052045298233,86.95977262520252,89.73881904044087,2,1
C001720,M,2,1,7.763190300359332,77.7117366847655,32.36549054518983,2,1
C001721,M,1,3,4.519688736854951,68.56303559503745,66.0294939421498,2,1
C001722,F,3,2,3.615097009590739,57.20376922464114,71.32118596116813,1,0
C001723,M,2,1,1.3976899163749352,47.108381085373026,37.99245029621349,3,0
C001724,M,3,2,0.25896605188338295,57.890581070333674,55.75329028397879,4,0
C001725,M,3,3,2.873687342285744,56.30573610815259,74.61027515172718,6,1
C001726,M,2,1,4.81125469285809,53.82012227724533,75.64516779193426,11,1
C001727,F,2,3,9.133882534369608,56.64826627765755,82.96763150957743,3,1
C001728,M,1,2,4.148637038949712,55.94942685136654,62.381878903132844,3,0
C001729,M,3,2,5.302966888542428,78.80506902336995,50.27832115538335,4,0
C001730,F,2,3,2.180048178149179,43.460652419238386,70.93564687920718,2,1
C001731,M,2,2,4.459036426135232,70.26691782153057,63.65949155956987,2,0
C001732,F,2,3,4.171553956913516,68.39679600430073,68.45843919874251,5,0
C001733,M,3,1,1.9199575740250512,63.392148688498935,26.51560075846573,2,0
C001734,F,2,2,6.944002459793339,74.3905749955285,60.12843077263318,6,1
C001735,F,3,3,3.7050822752046715,70.82605300017404,67.70431754748222,7,0
C001736,F,2,2,6.431794894067918,65.90314052128463,60.10622853728221,3,1
C001737,M,2,3,4.021224628954279,80.94461762971518,57.66199749775852,3,0
C001738,M,3,3,3.270922834627976,27.558130124033433,57.63788884562303,6,0
C001739,F,1,3,2.2811878998384185,97.26608993650532,44.25649959808425,4,1
C001740,M,2,3,3.2292063404980866,82.00737883225287,75.5346733973577,2,0
C001741,M,2,1,7.222335494405828,90.30416424437428,54.71999408208355,2,0
C001742,M,2,2,2.0229217147481164,51.3337401989463,14.80512515457361,3,0
C001743,F,2,1,5.4659090710337255,65.5744414463286,49.00892858072018,3,1
C001744,F,2,3,3.315398422820185,69.20120018146368,46.24752140505811,5,0
C001745,F,3,2,5.296887364820956,58.979580173248095,54.15026985158247,4,0
C001746,F,3,3,4.455119285447008,67.25836756789772,48.34951555820502,2,0
C001747,M,2,3,1.0667606227160067,68.52053706260483,58.02834195785158,4,0
C001748,M,1,3,4.364517139473584,46.59820821977442,63.558271860727466,2,0
C001749,M,2,3,8.764617878287684,75.72750069583526,45.75308493693264,4,0
C001750,F,1,2,4.676452211005724,74.49011114467909,60.93671276882764,7,0
C001751,M,2,2,6.03953812139736,54.459062135824986,71.96129213438091,3,1
C001752,F,2,2,4.653901342043572,45.13715719707584,53.58463762366259,3,0
C001753,F,2,2,5.734099434536127,66.56477062503858,71.87206232714387,5,1
C001754,M,1,1,2.4203368951978987,52.3359464844505,83.8215112172182,4,1
C001755,M,3,2,3.732851170231253,69.0328608981127,43.03378055490177,5,0
C001756,M,3,1,5.936166657254034,53.09930724120734,65.32013242988945,3,1
C001757,F,3,3,3.229637531972112,87.46336895630218,96.64169288344988,7,1
C001758,F,1,2,6.358758923379737,54.68816946188422,64.32844972555195,5,0
C001759,F,3,2,1.7922080450780964,51.59148755336756,45.12642840137822,1,0
C001760,M,2,3,4.129381180450797,65.35971799642682,68.79613545315569,4,1
C001761,M,2,1,3.430485305503179,41.02054341361579,56.975779898784474,6,0
C001762,M,1,1,9.804206254516039,52.012734614356624,37.20908031950279,3,1
C001763,M,2,3,3.142473720267175,40.15847713939449,56.94713166048688,5,0
C001764,M,2,1,4.924485370153984,68.18411283399627,39.37707002136233,5,0
C001765,M,2,2,0.0,78.91520135705424,30.428919807320597,7,0
C001766,F,3,1,1.4307826120359564,58.554726601238926,75.61536482075317,4,0
C001767,M,2,2,4.672668615465041,83.81487484482822,17.877111013083223,1,0
C001768,M,2,1,3.419438951636547,52.24700873361992,85.14321140513665,4,1
C001769,F,2,1,3.4617739337991824,58.00417316534402,70.23502320780135,4,0
C001770,M,3,3,3.2850499427533535,78.42261905772018,86.90374201204261,5,1
C001771,F,3,2,3.5929425390042145,75.74155468693424,89.97783304370512,2,1
C001772,F,1,1,0.23470757034023793,71.84547840708278,80.23201335840665,3,1
C001773,F,1,1,3.8091030985277867,81.64916810855406,52.29383333796482,3,1
C001774,F,2,3,3.517526344796466,64.22801348936736,48.8400268734245,5,1
C001775,M,2,1,6.346253356622675,69.54448157303864,62.04470655644845,6,0
C001776,F,3,3,5.837323825020805,54.782421101504504,77.89161548648181,3,0
C001777,M,3,1,0.0,93.8905932106169,94.07658643220176,7,1
C001778,M,1,3,2.3837903811780174,58.24832223079288,41.91929012478816,3,0
C001779,M,2,2,7.964622104402428,61.80539149960736,74.60799914129981,3,1
C001780,M,2,1,5.9930187789469676,68.14392710059738,60.72041965835232,2,1
C001781,F,1,2,5.0798859482725005,75.00735633831681,60.76160094571851,8,1
C001782,M,2,3,2.89399342115886,74.85315451265919,71.7062814339099,5,1
C001783,M,1,1,5.628217822639395,24.362520059407785,13.658773550348073,5,0
C001784,M,3,2,0.6663316858709205,91.50529513845011,60.51423256361795,5,0
C001785,F,2,1,2.7549481006576064,89.14755350222833,37.74120518622095,4,0
C001786,M,2,3,4.758643875854567,83.78567083385248,73.22727220910458,1,0
C001787,F,1,2,5.336744899806228,67.19799497101613,65.63306004304825,5,1
C001788,F,3,1,4.476069736297644,83.71548922868713,90.49148376404567,3,1
C001789,M,2,1,4.865863270449621,68.93109881706391,86.91183300061806,2,1
C001790,F,3,1,4.361205643108488,68.74401199791302,49.15282623725324,2,1
C001791,M,3,1,3.3064397293232464,75.4727547442664,64.9737090178101,8,0
C001792,M,1,2,6.9495324969309085,73.15126483104302,89.03214967345957,3,1
C001793,F,1,2,8.072970925812827,80.36019012094806,68.64383071316824,5,1
C001794,F,3,3,3.8882589036080497,32.72422592558205,73.0429307249727,3,0
C001795,M,2,3,1.4144231793170445,63.6685762310811,89.76701884921385,4,1
C001796,M,1,3,3.4831679742132517,46.685954383013154,86.9209490972899,4,1
C001797,M,2,1,4.191060047667804,78.96425638300954,64.01125718213723,5,1
C001798,M,1,2,0.0,51.31627211320456,79.89041932845089,4,1
C001799,F,2,3,6.944644408142406,60.75595135791233,76.89541750214319,5,1
C001800,M,2,3,2.595765133597742,79.04384879152035,91.1658476598646,1,0
C001801,F,2,1,2.181084437478212,84.62440822011004,62.651042768897895,3,0
C001802,M,1,2,3.2529759422949187,78.24352430314745,83.63762974912775,2,1
C001803,F,3,1,2.9599530054130616,76.2954872292492,53.68472899895997,3,0
C001804,F,2,2,4.124696517822072,47.19074105586822,69.48289401614201,5,1
C001805,F,2,3,5.737243166887705,49.74295123255437,77.26677043875236,4,1
C001806,M,1,1,6.80620686074983,44.894139312079496,73.64595248710064,2,0
C001807,M,2,1,5.739178778503494,49.16010926706838,66.88629116122574,3,1
C001808,M,2,3,1.9258898820512957,67.37280867480675,60.800498420638306,5,1
C001809,M,3,1,3.7601160896786134,80.08293087184255,74.18056503714998,2,0
C001810,M,1,1,4.230276160958165,80.02910207657817,70.62373449883586,7,1
C001811,M,2,2,4.675855111579604,37.22664913302985,63.28125646494717,6,0
C001812,F,2,1,5.076406468287753,64.45488083805465,73.46503951347839,4,1
C001813,M,2,2,4.17114887163739,60.88965451922409,34.31088372062075,2,1
C001814,F,2,3,3.8098578249379957,30.2414140669158,68.87968550232111,2,0
C001815,M,3,2,6.003618108278174,77.44815037846803,30.49854864168264,5,0
C001816,F,2,1,3.707860105901081,77.02983742215828,45.268222645794275,2,0
C001817,M,3,1,6.1052681321555475,55.8846293392682,67.08561211896807,5,1
C001818,M,1,2,5.7895850120819246,60.35709081267837,60.17830010894284,4,1
C001819,M,3,1,7.196025943652861,67.18237051731347,30.61757536046844,7,0
C001820,F,3,1,4.4790516849269215,71.20687674872909,27.037573864808728,2,0
C001821,M,3,2,7.176119124472059,55.2694297008807,54.760748628108225,3,1
C001822,M,2,2,3.3323082721242043,52.11413938227016,28.116635787555666,2,0
C001823,M,3,3,4.760360979063371,48.71205994353701,36.007261224010946,4,0
C001824,F,1,1,5.683027737527745,87.333885968638,49.93961865672867,1,0
C001825,M,2,2,1.776526829133823,83.29355781963687,76.1769973262409,6,0
C001826,M,2,2,3.1359012444524215,48.61417960231334,39.30106141348655,3,0
C001827,M,2,1,2.5306854934216156,51.5630152159177,21.418960418353144,6,0
C001828,F,3,2,3.873291153367668,49.090956020694136,84.327831277991,4,0
C001829,M,1,1,2.8280491245781976,42.7250310941653,75.45106330503747,5,0
C001830,M,1,2,4.2343993429867295,94.26581980462196,66.56120708853857,5,1
C001831,F,3,2,3.8285345632225503,53.98478255100138,59.39783112323062,5,0
C001832,M,2,2,3.3852423901352853,76.39338506904369,97.66962616757544,1,0
C001833,M,3,1,4.331765183472812,59.92086977815246,65.80126012529837,3,1
C001834,M,2,1,2.498753152991783,61.707341950755534,61.54694781406202,3,0
C001835,M,3,3,2.103182726692795,60.66573402354833,56.81412102113567,3,0
C001836,M,3,1,1.3748554224489031,70.5124739432946,67.85089136419795,3,0
C001837,M,2,2,0.06647353926821697,62.227272710843366,46.85285654571209,8,0
C001838,F,2,2,2.5046564277653305,76.1812637970866,80.05895840696975,3,0
C001839,F,2,1,5.185400487694885,82.3323099795455,83.4665038992563,4,1
C001840,M,1,2,3.5650423939673517,55.695131525735505,82.93808706098763,5,1
C001841,M,2,1,4.026806989469964,68.06299054765528,59.174411827369156,2,1
C001842,M,2,2,3.109667645509987,40.495134944826766,66.78448499647993,3,1
C001843,F,2,2,8.250881513519783,57.16910256349378,36.15230669048467,6,0
C001844,M,2,1,4.36420519854262,65.27350061160871,37.44266492069286,3,0
C001845,F,2,2,2.74889247638683,62.014692012740866,73.87535507093892,6,0
C001846,M,3,3,1.67494143679215,63.366744908101914,76.47801474094263,5,0
C001847,F,3,3,7.769027432814764,72.7495116836785,28.626412987385958,6,0
C001848,M,3,3,0.915814187369127,75.88067709197573,36.88708706318161,3,1
C001849,F,3,2,2.2515419380296864,33.11031201472966,43.241119452354084,5,0
C001850,M,2,3,2.2528299316435847,67.74493245796522,66.23302655653688,2,1
C001851,F,2,2,3.923654985073906,60.27820809625433,52.250586239675826,4,0
C001852,M,1,2,4.781114191403773,57.77334230199463,39.05338073209276,2,1
C001853,F,3,3,4.1505701533548525,85.93942069060721,54.34866776859894,2,0
C001854,F,2,2,3.1977759438490017,38.64867528207453,54.063310375920715,7,1
C001855,F,1,1,0.9262040970082994,64.20232760442501,76.34917941252712,5,1
C001856,M,3,3,8.084568419321062,86.58513627938643,55.21157728705645,4,0
C001857,M,2,1,4.582806552181814,66.0797198917742,86.30722274107954,3,1
C001858,M,2,3,5.2487461717727895,50.751760712005975,23.201048932861823,5,1
C001859,M,3,1,2.512768791196967,61.754237100644325,68.22927235338501,3,0
C001860,M,2,2,3.346369331910393,91.56683551368238,97.79270944347942,2,1
C001861,F,3,3,6.580280693597236,82.57894013029382,57.56089453461828,4,1
C001862,F,2,2,0.0,57.229818189021806,54.978622402795004,4,0
C001863,M,2,1,5.679698442613462,88.02318975472136,48.06982450773741,8,0
C001864,F,2,2,3.456554029681996,74.55882601144666,33.796308331428676,11,0
C001865,F,3,1,4.91516585349301,26.86500928725779,79.0510640541907,4,0
C001866,F,2,2,7.662785221887683,63.40775255782959,45.788799814671556,4,0
C001867,M,3,3,2.9488190027203505,92.3780299320947,76.31258171022061,4,1
C001868,M,1,1,0.0,62.649390898183995,67.04886595561076,7,0
C001869,F,2,3,1.598995730499309,87.80974949888648,71.84034585668783,5,0
C001870,M,2,3,4.02842659280063,43.48250116538873,42.99635701311009,3,0
C001871,M,2,2,7.628019139433947,45.36674078471601,66.16779647527657,1,1
C001872,F,2,3,3.1460258591406713,81.98856478636077,60.08282362449267,4,1
C001873,F,3,3,7.405692253818915,77.78163890504882,63.43262400180776,7,1
C001874,F,2,2,0.0,64.6081887202897,14.757585968875773,2,0
C001875,F,2,1,2.892127850837253,78.03301583683348,69.45932648258726,3,0
C001876,M,1,1,6.283368315595357,56.110079283579935,100.0,3,1
C001877,M,1,1,6.076509291070699,48.10487760108261,37.032031048173764,3,1
C001878,M,3,2,0.0,70.80038933636808,77.03417692244042,3,1
C001879,M,2,1,2.151909302184921,60.69630101790545,55.759508435357695,3,1
C001880,M,2,1,3.6955307366427244,71.25025741020379,41.3360009566271,4,0
C001881,F,2,1,2.538972981936713,68.09643598775608,47.3506162966136,2,0
C001882,M,2,2,6.572434900362729,59.97274629961824,86.25808083205969,8,0
C001883,F,3,3,4.02832678937435,93.26324781116969,65.20679580071287,3,0
C001884,M,2,2,0.8224021377207378,49.43444407782928,57.73644048506875,9,0
C001885,M,2,1,5.013517760441407,67.2957507615085,31.679447114960738,1,0
C001886,M,3,1,5.130092285185965,63.60141791092721,69.90262260540548,2,1
C001887,M,3,1,1.4716578274641683,69.61017265967897,79.43426813405505,3,0
C001888,F,1,3,2.039809456207302,65.69985210260283,65.43346591456188,4,1
C001889,M,1,2,2.434302991235584,81.19586058395433,39.44300640052894,3,0
C001890,M,3,1,7.0064886838437355,69.68985925650296,69.47890528799799,4,1
C001891,F,2,2,3.8057845738718687,55.24003556634721,93.48113216256847,6,0
C001892,M,3,1,0.0,49.59780322436313,57.12937829655225,5,0
C001893,M,2,2,1.35248971643639,53.45922476973375,78.64439425933136,4,0
C001894,M,1,2,5.574912211145149,52.8010488018885,56.001651216933276,3,0
C001895,M,3,1,3.1019341653715538,75.17899505415588,56.778422925432224,4,1
C001896,F,2,1,1.299730903274884,63.76113751087272,63.6962275156922,6,0
C001897,M,2,1,3.167423036185618,70.93222408304818,53.50568962532895,3,1
C001898,M,2,1,6.158883536586515,44.335940181094706,51.77543597875894,3,0
C001899,M,2,1,8.787462349598488,60.261614091419695,60.33874932636011,2,1
C001900,M,2,1,3.8724768560476726,72.2470598924454,77.38748760224502,5,0
C001901,M,2,3,5.077102128386738,80.60003233056618,61.49856250915138,7,0
C001902,F,3,1,3.779576546097781,42.71981750227626,59.35594786026709,1,0
C001903,M,2,3,4.4816825657731805,88.51896636865999,63.54893925323478,6,1
C001904,M,1,1,1.9649904004296248,86.61476005190828,88.54868158692452,6,0
C001905,M,3,1,7.179038758209185,80.26589246728315,42.28959549924156,5,1
C001906,M,2,2,2.99152788907772,83.9812928249907,72.08862203216005,5,0
C001907,M,2,2,1.5812014798604146,59.32519901584185,75.15890025329746,3,0
C001908,F,1,3,2.3078998306457486,53.035268472072694,57.05035821353046,2,1
C001909,F,3,2,5.46293453056678,66.27365125874198,82.12816985051315,3,0
C001910,M,2,3,2.4624334208979937,69.51580180589482,76.90850343936634,4,0
C001911,M,1,2,7.336703324408842,55.622191767289,75.06289594625832,3,1
C001912,F,2,3,5.407024571103767,73.83902380280855,37.11638585436812,5,0
C001913,M,1,3,5.895333308096691,86.14336254745197,50.36537959450374,2,1
C001914,M,3,1,3.078832156370342,78.43099101612736,47.98909688500367,6,0
C001915,M,2,3,2.6328173988157495,65.7084056704998,73.03142504644659,3,1
C001916,F,2,1,4.072438206989342,28.39340907307438,76.23631943684019,4,1
C001917,F,2,2,1.3882621068307617,41.96109206916552,55.457613852866835,3,0
C001918,M,2,3,5.0393045599754025,63.58969382346086,55.51087570238183,6,0
C001919,F,2,1,6.017973085976141,74.6315321186532,99.98635092981324,4,1
C001920,M,3,1,2.477548196588553,43.668245359376144,63.622875944546074,2,0
C001921,M,2,2,5.517482654118792,66.43836646549619,68.26417105425092,2,1
C001922,M,2,2,4.560233475473409,75.67036324263643,55.79947129394726,7,1
C001923,M,3,1,6.455744968099493,64.0268836559281,83.99730245541728,3,0
C001924,M,2,1,7.615937074173011,55.68183981454073,67.45464716220903,7,1
C001925,M,2,1,5.719841823609028,42.761375004892884,63.2951079704965,3,0
C001926,M,2,1,3.87617987205632,76.58821770006863,64.05358362925887,3,1
C001927,F,1,2,6.652690147436706,55.18323419183602,52.59958768849616,5,0
C001928,M,2,1,4.104081103216226,89.6946973775824,43.03608170386697,3,1
C001929,M,2,3,3.4157903407741665,67.65594861521063,60.1548181440865,5,0
C001930,F,1,2,2.658502917071503,70.53871460352104,87.99627887252389,7,0
C001931,M,2,3,4.2150712146869145,77.48982162084712,54.83960312930511,6,1
C001932,F,2,2,6.211338191337715,59.5338944801056,79.01272149692122,3,1
C001933,F,2,1,1.7307361575578586,72.04848650796858,52.97862706707333,3,0
C001934,F,3,2,1.2716603619958846,55.316603312868445,26.255056130068333,4,0
C001935,M,2,2,1.3153551640030505,52.990956365101326,50.609551180873645,3,0
C001936,M,3,2,6.248138931747135,51.32844100753935,30.798387127751642,9,0
C001937,M,2,1,4.876115385802116,57.66176398778161,73.49016119385598,3,0
C001938,M,2,3,7.243842901955443,95.87723697793737,27.013254180103367,9,1
C001939,M,3,2,2.8582089727040394,51.4435670364525,61.50373753282395,2,1
C001940,M,3,1,1.31004399693194,74.2067403688612,46.50532563570347,6,0
C001941,M,2,2,7.425365717176442,61.595251775640314,48.80869074100339,4,1
C001942,M,2,1,2.3820122642283907,47.959760458527086,75.62960469217391,2,0
C001943,M,1,1,5.486900204638902,76.87157626071502,57.894225907498786,5,1
C001944,F,3,3,1.064718046834289,57.4484680191723,59.48064830668726,3,0
C001945,F,2,1,4.397709443580993,58.305588146905436,58.339039769830215,6,0
C001946,M,3,1,3.6411027102928766,81.24586617766192,52.90754088064525,2,1
C001947,F,2,1,0.8673099200664729,61.068278289254195,45.67397555785329,4,0
C001948,M,3,1,8.162272025632202,68.35840278850793,30.01175355335834,1,1
C001949,F,2,2,2.0456580415126644,64.58341717692417,66.90782641590003,3,0
C001950,F,2,1,1.9425621045695785,63.590901496804776,65.43048852020381,3,0
C001951,M,3,2,2.5604145630517836,45.20536854621978,80.6142627835324,4,0
C001952,F,3,1,0.0,77.86904216295235,67.2722787086798,5,0
C001953,F,2,3,3.2802582071552777,68.32981194775165,51.92459258293983,7,0
C001954,F,2,1,2.561006595116529,77.2067761549863,57.143176845696466,6,0
C001955,F,3,2,6.183088967483724,66.72986359658316,70.33064061753737,4,1
C001956,M,1,3,4.695060461768895,80.84200494496784,79.84097676663976,5,1
C001957,M,2,3,1.2108320084949784,67.27421560191188,52.80035048008099,4,0
C001958,F,1,1,2.562602059010338,85.58308327923886,79.95696838212628,1,1
C001959,M,1,1,8.742588472233372,51.41701444760534,58.681351972520574,3,0
C001960,M,3,1,1.9938675927188316,53.1410672671254,48.11429039793613,3,0
C001961,M,1,1,5.8117837111826365,91.80627143952552,48.53409830534987,3,1
C001962,M,3,1,2.5037727720854805,77.40579121623047,54.896024767032394,8,0
C001963,M,2,1,1.7933021879382118,92.9836399207771,59.81105191179845,6,0
C001964,F,3,1,2.807887732938708,74.19388979843706,80.723082333245,4,1
C001965,M,3,1,7.234872524421462,60.82892430853872,94.01274376726245,3,1
C001966,F,3,2,0.7718249865658433,93.00967930565321,56.187931530183896,3,0
C001967,F,2,3,5.444470141982653,37.72235279739076,35.15505211127911,6,0
C001968,M,1,1,6.682763442309753,76.99831359082549,49.38514569656644,3,1
C001969,M,3,1,2.7856363419467227,26.901493084365768,54.61739504388686,6,1
C001970,M,3,3,6.193448550567352,87.59366660484642,65.0533304254156,3,1
C001971,F,2,1,5.851065322937334,49.58536740166011,27.714591771749397,2,0
C001972,F,1,3,2.225535740163287,60.40704241545183,79.05449023306751,1,0
C001973,M,2,1,1.910426822103262,50.495064750051476,43.8513956203292,3,0
C001974,M,1,1,3.6612867778329266,73.88228440310688,65.55884925236633,9,0
C001975,M,3,3,4.237975853653552,62.22822868608197,57.82671687300193,6,0
C001976,M,1,2,3.1865647312634677,85.73168416891373,48.00969232693053,2,1
C001977,F,2,3,5.243103668550252,55.1146429334743,84.1753119442917,4,0
C001978,F,3,1,2.2976802212009364,47.28762058432263,51.94111844490449,5,0
C001979,M,3,1,1.994429383921931,57.93729729491035,42.84776452550728,3,0
C001980,F,3,3,4.008687106140664,89.56891512161079,69.62266877696021,4,1
C001981,M,1,2,4.5026676645165224,80.64544003135613,75.87387268689304,4,0
C001982,F,3,2,6.886238021558928,82.35093657238896,56.475017306220764,5,1
C001983,M,2,1,4.999520796278845,56.733501827502366,63.338161928262785,3,0
C001984,M,3,1,5.560716110104964,45.20449243684141,77.34815785180159,5,1
C001985,F,3,3,3.240963971272305,86.32396119727287,56.25213024338673,2,0
C001986,M,1,2,3.2558600196549037,44.33700637425329,55.60212488558012,2,0
C001987,F,3,1,2.6017900825062146,65.09142920633253,74.19929625686817,7,0
C001988,F,2,1,4.402169336488563,55.02285756773532,57.36170790937889,3,0
C001989,M,1,3,4.3202905557348865,66.13097581160778,46.12308273307927,1,0
C001990,M,2,3,4.213047646134576,39.361885142713106,59.97255299766358,6,0
C001991,F,2,2,3.554269677773248,77.76046025771954,42.71885633714024,6,0
C001992,M,2,3,3.906196724426459,85.55756545502537,58.8256300741938,4,1
C001993,M,2,2,7.645086261023559,80.67064612680505,77.45716249235115,3,1
C001994,M,2,2,4.603523098770526,48.308766711444775,38.10136830707232,6,1
C001995,F,1,3,5.2835104033551525,71.51372481298148,59.23592952781802,7,1
C001996,M,1,1,5.0315164405764765,62.430666675925096,70.76794205329134,6,1
C001997,M,2,2,3.6167046826714473,64.99016142151945,58.965367359890294,3,0
C001998,F,2,2,5.18112776580443,89.89059453254245,85.10984990952545,5,0
C001999,M,2,3,4.0457839367531,58.472535684780745,61.062259599321116,3,1
C002000,F,2,3,1.2493612322963754,75.18981466757462,67.06465141404415,4,0
C002001,M,2,3,2.722594200249993,38.82387515472415,84.96734425889397,4,0
C002002,F,1,2,8.38569038450488,66.07949116824973,69.34160761600178,5,1
C002003,F,3,1,6.567015442783033,78.96423210622044,59.74392852977715,3,0
C002004,M,1,2,3.3424968608333576,62.74657229633527,52.28998641080025,4,0
C002005,F,1,2,5.48484135827911,74.22215706553213,57.30248289258691,3,1
C002006,M,3,2,4.481119647465697,52.84148845050578,66.22797203044543,5,0
C002007,M,3,3,7.834105775718163,58.00649767915451,46.15530608958535,5,0
C002008,M,3,1,3.7149051385956064,62.97993408803391,83.7475461208085,3,1
C002009,F,3,1,4.493843237883984,56.86266825656935,100.0,6,0
C002010,M,3,3,2.2464526367223545,78.4757535957786,60.22939836281623,6,1
C002011,M,2,1,3.704325646557302,81.39697779832568,29.248304021705493,6,0
C002012,M,3,2,0.0,74.71501719749959,74.03385389295846,2,0
C002013,M,3,2,4.5713568535396725,27.026211128444878,61.98367544379994,4,0
C002014,M,3,3,6.207757812663893,60.22861980483506,72.07637073512987,5,0
C002015,M,2,3,7.722912866044423,77.63146911547538,59.47289990749235,3,1
C002016,M,2,1,5.058139079483668,62.5461502886504,77.16297376418746,6,1
C002017,M,1,2,3.196136078075675,61.659675004044175,47.14511646863654,2,0
C002018,M,2,2,2.1928261565544727,79.02778471564226,67.59733877996989,6,1
C002019,M,3,2,2.9543203082466905,79.79773792865345,65.82788581982021,3,1
C002020,F,3,2,0.4833271260161438,73.97793374512956,67.33823276279475,2,0
C002021,M,1,1,3.4459710549556446,42.67352352215313,74.19942158693262,6,0
C002022,M,2,2,1.303585420541736,48.21530672978294,76.66370513015119,3,0
C002023,M,2,1,2.686101897999686,70.89919521017363,39.677159512322376,8,0
C002024,M,2,2,3.550448929747753,33.7968826310005,74.43654817779853,4,0
C002025,M,2,1,4.724613571538219,89.59685374999242,63.400175715056584,5,1
C002026,F,2,1,0.3675168097855348,67.042122705494,56.586013832087474,4,0
C002027,M,2,3,3.245154700997733,54.43919900109782,65.17196986357577,2,0
C002028,M,2,2,5.509248550572503,57.02676015876729,64.37317285287915,6,0
C002029,M,3,3,7.0794469455811715,83.10540181208022,61.81439500406785,7,1
C002030,M,2,3,3.8364636683613482,46.105365771692625,28.34997080753035,3,0
C002031,M,2,3,8.833828079226352,36.15506357252139,62.554366617587,6,0
C002032,M,1,2,5.540640487582946,50.10120921391329,56.45263028240435,1,0
C002033,M,2,2,4.135677404940904,69.43023969336203,66.25319074198417,3,1
C002034,M,2,3,6.7355343386236655,89.03051320337957,59.065722028944094,3,1
C002035,F,1,1,2.884396746559441,83.25885557478881,98.3076262727032,2,1
C002036,F,2,1,1.6946896976268064,58.45431587751536,56.44677969115371,3,0
C002037,M,2,2,6.04351900906087,69.24651473496236,32.5555230437341,7,0
C002038,M,3,1,5.167472347752949,70.21935658831477,58.2515497962744,4,1
C002039,F,3,2,6.297317573496544,68.3244968047855,52.000928758088854,6,0
C002040,M,2,3,6.246509573826904,35.459389628234476,63.74968865670052,4,1
C002041,F,2,3,8.422681640471968,60.29315036761469,51.912898516858604,2,1
C002042,F,3,1,0.8068407824000459,76.85253568113805,71.41825480200035,2,0
C002043,F,3,1,3.2201089511640792,92.98529876605214,59.762452017976806,3,0
C002044,F,2,2,3.3666667036712887,70.96591960882043,66.37911519120054,3,1
C002045,M,1,2,6.566760656578412,81.39366376155314,86.51534977214916,4,1
C002046,M,3,2,4.8200406841574965,78.2420708577926,61.21715656074369,6,0
C002047,M,3,2,6.575298777174744,59.30116853268403,36.00144012261473,3,0
C002048,M,2,1,4.6229050444294035,44.96585593971332,51.364543485049914,3,1
C002049,M,1,1,3.95935005971632,81.97524661230732,35.20623148151543,6,0
C002050,F,2,2,5.4975777532242125,92.78678689270834,49.38847540695643,3,1
C002051,M,3,1,4.57482690802386,58.66591177785381,0.0,4,0
C002052,M,3,3,4.8574664817471636,82.8733265879193,75.09943400010492,6,1
C002053,F,1,3,5.434161454484997,67.25600062094433,33.28015593141406,2,1
C002054,M,2,3,4.954242715256722,44.30307559233462,72.98306313067988,1,0
C002055,M,1,2,6.162035521470229,65.70270424947434,48.45438499132455,5,0
C002056,F,3,2,4.113968951581735,56.475046794817466,55.12758342965874,1,0
C002057,M,2,1,4.3731348059003485,71.64185453577416,89.2799672828703,4,1
C002058,M,1,2,1.798001064066789,70.99077803872981,54.369403868494146,7,0
C002059,M,1,2,6.162762175510586,55.32418586671777,42.495481139523214,4,0
C002060,F,2,1,7.764873257729022,45.37983385068138,50.98511537829239,1,1
C002061,M,1,2,0.03534761031946676,58.1280503148426,37.60453820250826,3,0
C002062,M,3,1,5.410126225616443,88.24683829573183,75.29569076314934,6,1
C002063,M,2,2,3.678862443553839,47.39288367495325,69.90907771714234,3,0
C002064,M,2,2,3.594426429407975,75.86919329694746,54.59167086041073,2,0
C002065,F,1,1,5.380852075318436,73.97798970340857,73.8212995218998,5,1
C002066,M,3,1,3.934628539203915,56.724068539803085,70.76284496136542,3,0
C002067,F,3,2,4.86358540350331,52.355200787938465,55.0270407947713,6,0
C002068,M,2,1,3.2087006490370893,73.90916535388877,64.385440052875,6,1
C002069,M,2,3,7.31051245730958,64.57983109464185,55.71126674581176,3,0
C002070,F,3,1,3.4874172586604217,57.449064885161704,48.11233148968327,3,0
C002071,M,2,3,2.325295505671029,72.07430081004861,14.024609407448146,2,0
C002072,M,2,1,4.76333068440139,89.39033240364977,54.804010421388554,3,1
C002073,F,2,2,2.16313576327357,83.59493182297322,59.70879788688349,3,1
C002074,M,2,2,4.516620583618437,66.92753032945559,34.725933966730906,3,0
C002075,M,2,1,7.62359520309103,14.29634919367492,74.93956245767396,6,0
C002076,F,2,2,3.901402645786488,61.41798670910677,55.715627264736895,2,0
C002077,M,2,1,1.020454710986432,49.94417141090822,67.30364940999188,3,0
C002078,M,2,3,3.0867531204006804,61.94735976566688,64.64669503817134,4,0
C002079,M,2,3,5.787393579933072,59.761448898315564,57.70728191632695,4,1
C002080,M,2,2,4.235152740144258,60.26256822533748,49.320513021445755,4,0
C002081,M,1,1,5.542831358240286,81.14666642629177,46.796726740954504,3,1
C002082,F,2,1,2.6081161564468722,61.58416188293934,29.07510925127661,4,0
C002083,M,2,3,3.0936872979604777,60.93158213313593,85.93822450139194,5,1
C002084,F,3,2,5.394020046082504,72.1489100738907,65.44901537806702,4,1
C002085,M,2,2,7.543974676962481,49.13740392997801,42.10266878606352,2,1
C002086,M,1,1,3.1479959155669324,59.93393154488171,69.72622208481914,5,0
C002087,M,1,1,4.082275302452086,44.44614946414595,38.67149528166448,4,1
C002088,F,2,3,6.419791437020587,74.34033842011294,70.3814664905203,3,1
C002089,M,1,2,4.28830901275257,68.4730436891472,67.31669497009374,5,0
C002090,M,2,1,5.403102078838376,96.03000811047656,47.84887134963694,1,0
C002091,F,3,2,2.371674554466627,40.49484203919345,31.030746539825756,3,0
C002092,M,3,1,4.007814681384448,79.55137900937767,50.51944265003526,3,1
C002093,M,2,1,2.63295942850728,38.69839778305227,61.345341755268485,4,1
C002094,F,3,3,0.2917463759744492,50.06285574477552,31.30302108508311,2,0
C002095,M,2,1,2.054170197767725,32.81455372166622,46.99140459658295,4,0
C002096,M,3,1,4.986061347447056,66.0354386411081,82.98666357560714,4,1
C002097,M,1,3,5.214012842191507,69.09023598396526,58.1892423151644,4,1
C002098,M,3,1,5.690903056714246,60.16704305450435,100.0,1,0
C002099,M,2,1,5.119723480741882,32.224748647312644,67.36383707500366,1,1
C002100,F,1,2,3.5115961308158923,57.012132703348605,56.036247444063484,3,0
C002101,M,1,1,0.0,66.93813186722595,43.31649386743038,4,0
C002102,F,2,2,1.4829586954212073,51.28101171002474,38.90874114925012,5,0
C002103,F,2,3,6.430440302342731,64.57651398407877,62.22948575593729,3,0
C002104,M,3,3,2.147289675732014,81.21075365225326,50.84547484691791,4,0
C002105,F,3,2,3.836103871383662,56.39188293684493,53.727746791950814,5,1
C002106,F,2,3,4.138050751020935,48.69343955575304,62.88672126003198,6,1
C002107,F,1,1,0.9525586897899041,63.786698743780384,47.253998070946245,2,1
C002108,M,2,2,4.730862212433576,92.23334086411808,75.05587502025818,5,1
C002109,M,2,1,7.361118105942354,72.57621985535789,64.56479867411421,3,1
C002110,M,3,1,3.958742541624947,42.35956547484385,48.95980108749102,2,1
C002111,M,2,2,3.407563430573502,85.33889408154212,63.788300581327356,6,0
C002112,M,2,2,1.4515398530262038,58.78808056070686,18.432097618404534,5,0
C002113,M,1,3,3.397456529793244,61.49377699863258,66.6531149103584,1,0
C002114,M,2,1,5.190782057321158,45.66696390966702,66.35185915278235,4,0
C002115,F,2,3,3.98598309988043,67.22494864328795,22.70325272414788,3,0
C002116,M,3,3,3.0326366831779725,35.68772784288511,26.320821004816473,3,0
C002117,M,1,3,6.212977056065806,48.10127174222512,54.140471484064975,4,0
C002118,M,2,2,3.4245364879043283,74.11920825763089,48.343702167663736,7,0
C002119,M,1,3,3.0587450280740676,66.90025339610482,58.784082443255734,2,1
C002120,M,2,3,4.310660304648982,53.6932842867069,60.78772665303047,3,1
C002121,M,1,1,6.875386419887993,62.08974745824355,87.38123013628304,2,1
C002122,M,2,2,3.660012308340188,75.45818386302837,53.3699433108746,4,1
C002123,M,2,2,2.0518156540893964,70.74351447394226,70.77419630024185,3,0
C002124,M,2,1,5.200797307814939,74.93195274087826,51.35170762560788,6,1
C002125,M,3,3,3.2701354977700996,47.1795863702323,66.82655758470744,3,0
C002126,M,2,3,5.220645872800774,54.386185075359315,52.36078911993715,2,1
C002127,M,2,2,0.0,94.03082143019992,36.11809873434388,3,1
C002128,M,3,1,4.0810048063295765,59.04991502822361,48.76216636139193,8,0
C002129,M,1,3,3.4530387588283302,58.10609897634319,66.65449949020497,3,0
C002130,M,3,2,1.8889040966241342,66.8410342203807,38.945588716615966,3,0
C002131,F,3,2,1.3315064672818533,68.30818790020065,61.22989394174295,3,1
C002132,F,3,2,3.3838781675379628,50.03812080154586,65.58468096674116,4,0
C002133,F,3,3,1.6472523037483735,27.66142046599367,65.87513363375413,6,0
C002134,M,2,1,0.0,60.17513712177015,73.13278973543498,3,0
C002135,M,2,1,1.4143609242217852,64.71055001630046,96.40817652147952,4,0
C002136,M,2,3,1.3190872299362324,38.46150699221197,36.87225411413097,7,0
C002137,F,1,2,4.064373486097015,69.00005077388616,52.954453410409556,3,0
C002138,F,2,3,1.3846019832264354,70.03298891492945,58.765124062948615,7,0
C002139,F,3,2,3.998534408040356,79.59006462254477,50.7229473963161,4,0
C002140,F,1,2,1.9030800575218136,48.533462567518626,80.84597352525813,3,0
C002141,M,1,2,5.721503546282407,70.51063963460622,82.20617895381905,3,1
C002142,F,1,2,4.824230198022463,73.27512164562297,100.0,7,1
C002143,F,2,3,3.339741195892421,87.16620875771146,57.26873731513063,1,1
C002144,M,2,1,4.316648927011785,77.77735589037701,39.1298200505464,4,0
C002145,F,2,3,5.264456436456285,80.84273944697296,55.690784548277314,2,0
C002146,M,2,3,4.134522882829354,67.28506781721879,42.42416515879869,8,0
C002147,F,1,3,4.3105858222659315,58.22285852912056,74.78001176734807,4,1
C002148,F,3,1,0.0,84.04636173458675,73.41956969937566,6,0
C002149,M,3,2,2.859615319448551,45.96174650834249,73.73249949519821,2,0
C002150,F,1,1,2.2871320452151234,87.88332263053789,97.4735179604472,4,0
C002151,M,2,1,6.311839992002431,76.87593937723346,60.145548102324085,3,0
C002152,F,2,3,3.1410856378276657,59.95581699595342,48.31528918103592,2,0
C002153,F,3,3,2.515582029077491,41.15983116019383,59.085928217123154,3,0
C002154,M,2,3,5.278004773578203,63.944832888996864,42.41789960886301,3,1
C002155,F,2,3,0.6582198539151483,55.473802025571594,47.47616903149629,10,0
C002156,M,2,2,3.81040434985992,41.261538452645254,60.1397356504788,5,0
C002157,M,3,1,0.0,56.42700746064895,68.79061785442363,7,1
C002158,M,2,2,2.4154005816400925,78.5457756337706,44.900915104843676,6,0
C002159,M,3,1,2.9815528028294853,64.85101891475007,36.266740583868426,5,0
C002160,M,2,3,7.205547358129335,61.379936860201056,72.74267654655291,4,1
C002161,M,2,3,3.672397096417071,41.47621747515451,44.12739555404981,3,0
C002162,M,3,1,2.0409240898771595,62.26339162892295,62.589617972747185,3,1
C002163,M,2,3,3.7063427409331116,88.60542022976817,80.49079878468687,2,1
C002164,F,3,2,7.169393026355884,65.56498647183592,74.48863408143289,5,1
C002165,M,2,2,0.0,59.57720950278576,70.57634216056182,5,0
C002166,F,3,1,5.699673680394709,76.21619842660195,79.50316663881708,5,0
C002167,M,3,1,4.8344968751807365,83.98129324769457,64.20087333388287,3,0
C002168,M,2,1,3.7433408309422163,85.7069767548914,39.99354134101396,5,0
C002169,M,3,1,3.316689789974192,70.16576069180341,100.0,5,0
C002170,M,3,2,7.161642329137399,40.3700307713155,67.90146669385715,1,1
C002171,M,1,1,5.580471184067529,79.88046139566835,68.4771664899956,4,1
C002172,M,2,2,1.717194211799208,59.11291097744968,63.07948839850252,8,0
C002173,M,2,3,4.049149360501544,57.10249553183172,29.289682706265733,6,1
C002174,M,1,2,6.73950239897292,50.390036558664924,44.22933460600497,6,0
C002175,M,2,1,5.183345830625277,73.13514986260536,89.4370495545291,1,1
C002176,M,2,2,4.577188115030423,79.35546804058396,25.2703259981202,7,1
C002177,F,2,3,1.1331791618415559,54.98402066846066,57.81449616674586,3,0
C002178,M,2,3,9.089380595562407,74.64221557977241,64.79001414602045,3,1
C002179,F,3,1,5.587156833756489,81.48910052538677,53.62576013531328,4,0
C002180,F,2,1,7.923621064877756,70.49065850803339,96.35580888266404,5,1
C002181,F,1,1,4.662819344374457,65.00832282542595,32.25985568488963,4,0
C002182,F,3,1,3.9598818164411567,62.71431911030747,46.853410779196736,3,0
C002183,M,2,1,2.582373360624681,55.15679719394551,65.74441724638714,5,0
C002184,M,3,1,6.145495075079271,76.41707526174648,67.09088840938628,5,1
C002185,M,1,1,7.294696581970049,82.09204850453875,61.759814964248314,4,1
C002186,F,2,1,6.290917248240634,66.97372351006318,64.82144259962831,2,1
C002187,M,2,1,8.962469674853807,58.328147964064605,48.467600026386044,5,0
C002188,M,2,1,4.288325270263096,72.37675857577119,53.83406952490361,3,0
C002189,F,3,2,2.6340564180010246,51.45363437424117,41.0555171688444,5,1
C002190,M,1,1,4.566035499041016,83.86205621557725,67.12952179338141,6,0
C002191,M,3,1,5.768973449773972,82.1205156974957,29.3064630374098,5,0
C002192,F,2,1,3.4219120707715223,72.45443630801324,35.363670581945954,10,0
C002193,M,3,3,3.9044516408980727,58.57703000785894,75.75400665601335,2,0
C002194,M,3,2,4.470429071448811,62.12659942361746,49.31678793818037,3,0
C002195,F,2,1,5.0858633700359634,38.89773726132333,100.0,4,0
C002196,M,1,2,4.296555947492801,53.50943629382054,51.608177676782866,4,0
C002197,M,2,2,4.464018503568951,76.0226173542349,51.7087828768832,5,0
C002198,M,3,3,5.398996384843409,53.40207350498335,83.67877967936607,4,1
C002199,F,2,3,5.691030313078701,100.0,77.59261166929343,2,0
C002200,M,2,2,2.9109908212872093,57.55326454895781,56.458874342179406,5,0
C002201,F,1,3,0.0,51.08443641875431,58.32372375968437,5,0
C002202,F,2,2,1.7159014380099662,70.05661376332456,78.0731395985571,4,0
C002203,M,2,2,5.014292318996446,70.72884976994561,63.620678615019195,3,1
C002204,M,3,2,2.3921938136325807,85.47858617987251,53.972785645740025,6,0
C002205,M,1,1,4.584211215816056,61.15624690294902,56.67358360645901,1,1
C002206,F,2,3,3.874061131395316,51.673516173514216,95.49551358398601,5,0
C002207,M,3,1,4.147280916735603,56.25338523260469,54.37788036386099,2,0
C002208,M,1,1,5.080978998021013,83.04924896563226,54.32351843424476,3,1
C002209,M,1,3,6.617988602742901,89.61591871210081,59.25914512504645,4,1
C002210,F,3,1,3.963377179334162,56.05425494462637,61.08552461915432,3,0
C002211,M,2,2,1.7073513527329554,62.75137235473785,46.65815091077889,6,0
C002212,F,3,1,4.684151375450488,85.74476384878484,88.74070501839209,4,0
C002213,M,1,2,5.568497374452194,76.03036012368601,53.42082950007445,3,1
C002214,F,2,2,0.0,56.17232563144565,69.05540391068355,7,0
C002215,M,2,1,2.410878381343222,47.195456262060645,89.6218980032603,2,1
C002216,M,3,2,4.064323799794962,54.85098400947692,54.07329689175094,4,0
C002217,F,3,2,2.943339974206125,77.345929908975,67.32611811565722,5,1
C002218,F,3,2,4.295811856648535,42.20944668513837,38.06586867098686,8,0
C002219,M,1,2,2.6270260683593913,67.64474992267438,46.207313477402266,3,0
C002220,M,2,3,6.061570304120783,59.10995713077154,62.7486662867684,1,1
C002221,M,2,2,4.11305569664928,53.61513819894651,53.07939667780826,6,0
C002222,M,3,2,0.04050172092871218,57.29211976980188,73.85752504862718,5,1
C002223,M,3,2,5.60905295437923,77.72152905673858,51.059573203533404,3,1
C002224,F,3,1,5.748785107193248,72.58360681131393,55.63341373726649,2,0
C002225,M,3,2,3.917862349981165,80.12034035044545,49.107716221308316,3,1
C002226,F,3,1,0.0,52.393117102792964,80.34488810753035,3,0
C002227,M,2,2,5.984306089498871,39.41552117392431,56.79607720580578,3,0
C002228,M,3,3,1.7515622950142107,67.35157034855973,48.71588658404349,3,0
C002229,F,3,1,3.2051435392499052,64.39275696133633,44.675247593293186,2,0
C002230,M,3,1,2.7368496340700705,57.23730118478929,40.73958225829885,8,0
C002231,F,1,1,0.8330453568798957,34.89310211463618,72.72240877389261,3,0
C002232,M,3,3,4.013489813408937,77.51428129186351,58.84038285120197,3,1
C002233,F,3,3,4.446043799764363,20.32444260844361,100.0,3,0
C002234,F,2,1,4.249471065829189,75.25794462840535,50.46034271771218,3,0
C002235,F,2,1,3.5394720287507617,74.57498997682798,32.338274157207614,4,1
C002236,M,3,3,2.3610548087481975,73.63798129205503,56.422566640049794,3,1
C002237,M,2,1,7.232016800434853,63.58798364010198,100.0,2,0
C002238,M,2,2,4.407746180321286,30.460404923431227,66.54936824122433,4,0
C002239,M,1,1,1.9419245209761318,40.484178707592605,58.7529801639718,4,1
C002240,M,1,3,4.968998671830463,52.03631403527404,50.63137838625145,4,0
C002241,M,1,1,4.801737004630803,92.2945323849817,54.325246990660204,4,0
C002242,M,3,2,5.353738720756846,78.89142193841678,81.70855798204803,3,1
C002243,M,1,1,3.929121440834604,61.831989691432604,45.054006111773525,6,1
C002244,M,2,1,2.630219901747605,55.35475746113766,60.62543145321172,4,0
C002245,M,2,1,0.9872369495524449,66.54419862050283,62.71965254083078,4,1
C002246,M,2,1,2.833346841456166,77.25353535920603,60.25255856623662,6,1
C002247,F,2,3,0.3560675600701315,69.06478723248274,54.49876038595016,3,1
C002248,M,1,1,4.661761242967381,43.69242632530177,33.94774349851775,3,0
C002249,M,2,1,0.46645423801615404,86.08328391979897,63.943560895098805,7,0
C002250,M,2,3,3.217997942011759,71.77592953712467,55.11409162601588,5,0
C002251,F,1,3,5.603719913201111,56.966426354138314,82.22298585729565,5,0
C002252,M,2,2,3.4674177428108175,69.84951288414425,56.97314493345095,4,0
C002253,M,1,1,3.8699927824783265,82.77181870938182,59.09075742261462,4,1
C002254,F,3,2,4.975649551254369,70.3406502392,62.85875617161187,4,0
C002255,M,3,2,5.129274084713474,71.17965334831419,68.56200314293916,5,0
C002256,F,3,1,6.283395344473707,87.56161403564326,27.632481818042102,6,1
C002257,F,1,2,5.239339960592353,55.209695067415,65.63603112271427,3,0
C002258,M,2,1,4.787199453586509,50.21941757964126,29.4886337057829,8,0
C002259,M,3,1,0.0,57.957287848300886,53.36661468181248,5,0
C002260,F,2,1,4.531651352224627,77.63735966029355,71.55162775083036,5,1
C002261,F,2,3,7.6488534254088725,79.3716843111664,97.25044443171373,4,1
C002262,M,1,2,5.424292912580978,67.42241494946025,42.13365537108007,5,0
C002263,M,1,1,6.133217459939987,52.29413006569911,45.04949841808865,5,1
C002264,M,2,3,2.516585857582667,91.7022123473766,29.689418709934547,5,0
C002265,M,2,1,3.848507532183352,47.58045231065577,46.97716778718927,4,1
C002266,F,3,3,5.242056343064601,58.12876613852272,100.0,3,1
C002267,M,3,1,4.9746564930060115,54.4358363060842,31.40177437847045,2,0
C002268,F,3,1,5.738229777072448,80.91815140541472,4.021719508770104,5,0
C002269,F,1,3,1.5044893819643463,62.34325860027042,75.87508383831101,2,1
C002270,F,2,2,2.255178718427347,89.67915050593331,75.46275536593346,5,0
C002271,M,3,3,1.15365209768325,77.01139149748076,60.882114919154134,6,0
C002272,F,2,3,4.569033559923642,51.037202645757056,62.31665801284149,2,1
C002273,F,3,3,3.587966674851741,60.24763339691444,74.15716175746338,4,1
C002274,F,3,2,3.5719376684481032,56.99148640090651,74.52496413514312,1,0
C002275,M,2,3,2.50255536496228,85.75855115472989,41.61153308281716,4,0
C002276,M,2,1,2.144404827385329,77.69182821273748,37.49919846251515,3,0
C002277,M,1,1,4.004067418512816,41.2072733909085,41.904694288419655,6,0
C002278,F,3,1,6.43619090623123,72.8761203406577,46.129425114141995,5,0
C002279,F,1,3,7.448283503839249,64.05786479139137,73.0426654004457,8,1
C002280,M,2,3,7.456024329278733,45.87039348513251,78.99268259734768,5,0
C002281,M,1,1,2.969467046039273,52.59755697127076,53.83329213110146,4,0
C002282,M,2,3,1.397351954901887,61.75993025535653,65.08388544491167,5,0
C002283,F,3,1,5.944142157564362,31.79941162344514,58.32916011620002,7,0
C002284,M,2,3,6.804157419051375,68.31995140749329,44.97094397859193,3,1
C002285,M,1,2,4.918738336106947,66.27438183187667,44.15537678736138,6,0
C002286,F,2,1,3.9494852092744366,61.18718683576127,61.18123903331202,4,1
C002287,F,2,1,2.6208839168786526,65.54136519012265,73.6225724805228,6,1
C002288,M,2,2,5.3322107714894535,61.61106722151592,67.35998045559741,6,1
C002289,M,2,3,5.266568092821603,48.14055232694413,56.38313543789776,3,1
C002290,F,2,1,4.622567662894814,55.39152520305842,85.0873459002964,4,0
C002291,F,2,2,1.5658022548264423,53.34456385111902,88.1326150339822,7,0
C002292,M,2,1,1.8141256716012277,74.44713885462818,32.821821593723385,2,1
C002293,M,3,2,3.7933939741328873,49.01766151084756,38.64251801540059,3,0
C002294,M,2,1,6.292134781991865,56.71111561625295,33.90554886357082,3,0
C002295,M,3,3,6.001291568472878,65.39850229199709,76.23154653049542,3,1
C002296,F,3,2,3.1219880132758573,42.13818705126612,54.939649398547296,3,0
C002297,M,2,3,0.0,58.16407913756001,61.05231350319542,5,0
C002298,M,1,3,6.937559104436813,65.34396494521492,70.85570613446541,3,1
C002299,F,1,1,6.7299932884541525,67.31540173372659,59.79277662498753,6,1
C002300,F,2,1,4.2726339972171195,70.069462516174,48.421617585999286,3,0
C002301,F,1,2,3.05403245675111,53.40131459785113,40.23800143177097,4,0
C002302,M,2,1,3.324170280497026,48.426479598246324,55.754713681551905,2,0
C002303,M,1,1,6.048493661844349,57.809778371346226,74.4121598786016,4,1
C002304,M,3,3,5.181167975289247,67.74253081866482,29.577386269437447,1,0
C002305,M,2,2,3.058380177136331,60.47387575261773,51.21563272024562,5,1
C002306,M,1,2,8.843555940932585,48.08014706747797,25.189136614849424,4,0
C002307,M,3,2,0.6340344595466867,98.05499507927004,76.58717099150807,4,0
C002308,M,2,1,2.6765109488929335,52.97821836147979,30.025206036451955,4,0
C002309,F,3,3,2.725683568405466,44.94108447221021,31.07078736625566,5,1
C002310,F,2,3,4.233331755445001,54.42804937622178,75.01157069351555,5,1
C002311,M,1,3,6.49122351131488,77.94979085772505,48.38455933839498,1,0
C002312,M,3,2,5.823070944811472,73.54222625250632,27.28937431751011,2,1
C002313,M,2,1,4.278730977517991,91.76312136692039,69.5190854100768,4,1
C002314,M,3,2,1.0803408002326393,49.82523856733149,62.02301553701148,3,1
C002315,M,1,2,6.101343297478294,60.4642680270779,94.9049731780641,2,1
C002316,M,2,1,1.5024901012201837,80.19525736665105,37.941248206305346,4,0
C002317,F,2,3,3.1159982095934424,49.25834708603043,42.14710586873457,3,0
C002318,M,2,1,3.833797278297144,82.39226706484712,46.585194381516814,3,0
C002319,F,1,2,2.2235636543511497,65.52017169078516,77.6278571418718,2,0
C002320,M,2,3,2.1806969073712823,53.02161937691948,24.335307554952124,5,0
C002321,M,2,2,5.950951390288407,39.25988568760265,53.34785978531779,4,0
C002322,M,3,1,7.199251677227146,72.83437560080971,64.2806544889737,1,0
C002323,M,2,1,3.837250973572747,87.1449651383235,80.92840659354212,1,1
C002324,M,2,2,0.08614673230748426,70.10062489321463,43.95256787541959,4,0
C002325,F,2,3,4.617181960668495,70.94869257412341,64.61661415998789,5,0
C002326,M,2,2,2.4685038424310495,68.95414712295162,48.05633550665644,5,1
C002327,M,1,1,4.793284145983288,78.83471237482175,37.187212720431546,4,1
C002328,M,3,1,4.6500741682918125,83.39772331645018,57.32799121522479,3,0
C002329,M,1,2,0.0,21.732579178914868,54.287197457836,4,0
C002330,M,1,1,3.141166211677615,60.201152763400735,68.40925481033577,2,1
C002331,M,2,2,5.355986770056601,55.7244983998524,94.82105660307747,3,1
C002332,F,2,2,3.794989294467136,67.83090773164447,67.21992842023742,3,1
C002333,M,1,2,1.5879913046787508,59.05359531360368,59.250725135776655,4,0
C002334,M,1,3,5.4438563952208705,71.6784454574463,69.17513753571352,5,0
C002335,F,2,3,0.33596490670048773,70.00865495117684,45.93825833981897,5,0
C002336,F,3,2,4.51487989758224,36.259008253779285,73.44519429320415,3,0
C002337,M,3,2,2.8140869326293867,32.35143833749415,47.3430480234215,5,0
C002338,M,2,3,4.954920846900297,76.34465629150087,65.02818458691058,7,0
C002339,M,2,1,3.4981158380477178,52.533757835645275,55.15098488117086,6,0
C002340,M,2,2,5.069586261679836,90.78030918785174,54.33150069172966,4,1
C002341,M,2,1,6.994459992150018,77.78551429192797,87.80250490944914,5,1
C002342,F,2,3,5.527275132407868,38.185642364901184,43.02427644321884,6,0
C002343,M,2,1,5.487388518257002,53.03967784552027,67.80546058266957,4,1
C002344,F,2,2,5.282418966600745,68.59522251630862,51.36308605698883,3,1
C002345,M,2,2,0.22312335648757164,58.306292628836744,75.29198820683078,3,0
C002346,F,2,1,4.177157914959517,62.401636504876194,35.363014977990716,6,0
C002347,F,1,2,4.593379233202663,48.37992177501201,53.07725972652642,4,0
C002348,M,3,3,5.216322038701086,70.18209994194368,42.52584683298924,2,0
C002349,M,3,3,3.8140474506497686,65.29410112842801,87.44081962590496,3,0
C002350,M,1,2,5.574238087054425,76.3350778534185,82.3307306705782,7,1
C002351,F,2,3,1.890662485689119,64.27541253385921,46.37490986456369,8,0
C002352,M,2,3,8.384171027717986,55.56887874249678,38.40964681820424,3,0
C002353,M,1,3,5.228117651012298,67.05546553880473,51.111943896740506,2,1
C002354,M,3,3,1.9752729201234427,70.44340770706854,73.6760230297801,4,1
C002355,F,2,2,6.982032270895662,65.02905794961228,64.43525937139191,7,1
C002356,M,1,1,1.544847481132798,83.42261815346865,52.3530733124083,2,0
C002357,M,3,3,4.020786709869579,48.71407918504438,79.84190397557228,3,1
C002358,F,3,2,4.253756495218469,78.62906276310603,65.73575188561283,4,1
C002359,M,2,1,3.0981965834081096,46.70884031753853,44.17018177739915,2,1
C002360,F,2,1,3.7314033222222958,74.79459476673091,22.216230074113078,2,0
C002361,M,1,2,4.139156936062127,34.175073873358386,96.71011752929095,2,0
C002362,M,3,3,1.638707321156228,60.514262032270594,54.508052196428906,3,1
C002363,F,2,1,4.601407286948016,79.30604899994444,16.904492248984063,1,0
C002364,F,2,2,4.0065882153356185,58.782433500322,65.19455235247638,4,0
C002365,F,2,2,8.276642258880571,63.43882286763103,29.66885661728937,5,0
C002366,M,3,3,7.264582886785734,68.94890984913408,82.87406124667078,4,1
C002367,M,3,3,2.387014458077628,29.939985020931942,81.78437478748927,4,0
C002368,M,3,1,3.6897406932910943,69.23027383731215,55.666385091579826,4,0
C002369,M,3,1,2.473985393258454,50.43753630843614,39.92812569228131,3,1
C002370,M,2,1,3.4389666037457607,78.83830897965542,68.6383359396474,4,1
C002371,M,2,3,5.8908814983785485,63.13490801773146,81.71498977226071,6,0
C002372,M,3,2,3.774279884446436,68.64906891256615,58.07849793953406,8,0
C002373,M,1,2,2.902215694202112,46.678031492649325,53.12941877887735,2,0
C002374,M,1,1,5.331910727904848,76.43981996022718,46.460387758191615,4,1
C002375,M,2,3,0.0,63.955302644031,53.68113894518659,1,1
C002376,F,2,2,3.1499725005942727,41.71976376015475,57.11141962878692,4,0
C002377,M,2,2,7.013965704609703,56.63197306253901,51.041510565424716,8,1
C002378,M,3,1,7.118689260082383,74.30725137222508,42.4967048826301,2,0
C002379,F,3,3,6.8717514171943215,66.24326100407333,89.7096862301837,3,1
C002380,F,2,2,1.291211931329578,74.86263250078113,55.60045021832247,2,0
C002381,M,2,2,1.2747292071730407,58.753226279405524,50.41889522652146,3,0
C002382,M,2,3,2.913823278851192,82.35750702519974,63.49551600262701,1,0
C002383,M,1,1,4.0275814209886285,85.33370283681376,64.28759537463604,3,1
C002384,M,1,1,2.387296296014611,37.87889450114157,58.84184691850496,5,0
C002385,F,3,3,0.3026611734083482,73.02185967015377,39.47967403289644,5,0
C002386,F,3,2,6.04123828499606,86.88688888589616,59.826767987346656,5,1
C002387,M,2,1,5.674577836530273,71.36176727698084,62.6050067337523,2,1
C002388,F,2,3,2.7003812368197724,63.56268510512724,65.78133028587297,7,0
C002389,M,1,1,5.566353352249053,44.30719745455566,64.75694614965286,2,1
C002390,M,2,3,6.075637687820411,59.52976143495079,63.34081644855902,2,1
C002391,F,3,2,0.0,56.544565543351816,40.68623945403098,5,0
C002392,M,2,1,5.415606093720202,77.39770970566983,100.0,3,0
C002393,M,3,1,3.86607764934623,79.13085917311135,68.16319057620647,5,1
C002394,M,2,1,0.0,61.694757604567165,73.66015310634702,2,0
C002395,F,2,2,6.23998443086467,49.944920402991784,70.9939669696512,4,0
C002396,M,2,2,4.174753690126017,32.26748774761607,57.83666193891566,5,0
C002397,M,1,2,0.48839197116898214,73.0182887001672,41.99143836143299,5,1
C002398,M,1,3,4.874499050542523,71.74322416149403,56.04532129495715,4,1
C002399,M,2,1,4.39821075934918,32.86470011316414,42.74889807019052,2,0
C002400,M,1,2,5.1898515074144616,71.99466931651217,32.59916328448425,3,0
C002401,F,3,2,0.0,77.27434749394021,97.55451569553564,3,0
C002402,F,2,2,3.3389360298639725,22.908470972561204,74.61865194593268,7,0
C002403,F,2,3,1.8423205432773448,49.06798662373501,61.783648275001624,5,0
C002404,F,3,3,3.6414837020323043,100.0,61.17542942526206,3,1
C002405,M,3,3,0.26393353054929136,65.34117239622333,70.93426339181505,4,1
C002406,M,2,1,1.5422798262360429,98.69313720215408,57.66283728954864,5,0
C002407,M,2,1,7.386907796273926,67.89658464852495,48.77932170909796,2,1
C002408,M,2,3,6.555339682515353,81.12186787791961,84.35348313759765,1,1
C002409,F,3,3,6.137569121922914,60.033709298629674,43.31612060668316,2,0
C002410,F,2,3,7.235585513284871,54.62731003952465,81.12315646771305,3,1
C002411,F,2,1,0.0,40.701570239012284,60.23296331091929,4,0
C002412,M,1,1,3.8754267043158235,72.79738094045446,64.31867796763932,3,1
C002413,M,3,2,4.536658673664565,51.96823983904,53.41016885770361,7,1
C002414,M,1,1,3.1476929780251353,50.34447041496291,39.023456549846,3,0
C002415,M,2,2,0.0,41.35556131822507,46.43751170434426,5,0
C002416,M,3,1,5.943993450866942,65.29522335477411,65.12170458045094,1,0
C002417,M,2,2,5.359222487396993,76.24363074051853,44.00923221214666,4,1
C002418,M,2,2,2.6345391910259965,61.26835509091954,44.242345940565556,1,1
C002419,F,1,1,5.860297739287475,59.96412144698591,72.6316178851507,5,0
C002420,M,3,2,4.273533121912081,87.81637501607841,66.96041616964855,5,0
C002421,M,2,1,5.394402261041803,40.6746849853736,36.23319997385413,6,0
C002422,F,2,3,1.9883135168489035,92.04629716250533,80.89980914622012,5,1
C002423,M,3,3,4.525058678455087,44.667314993617396,82.48844775975627,5,0
C002424,F,2,2,4.548328703797566,63.139379565281644,55.00521018470771,3,0
C002425,F,2,2,3.4906605113804003,70.47724776905167,28.85207280917785,3,0
C002426,M,1,3,0.0,79.64901501576131,34.3957728466777,5,0
C002427,F,2,2,4.377876515315285,40.97195192869289,49.508138325603866,3,0
C002428,F,2,1,4.527622330785462,67.44903381044237,81.14063598393196,3,0
C002429,F,2,3,1.9196176807333374,55.74608145867393,62.42912982642376,6,1
C002430,F,2,3,5.258981133033495,79.88858203398544,37.74098517197103,3,1
C002431,F,3,1,4.5382597823053965,55.56109501470798,86.05905604625364,4,0
C002432,M,3,2,4.900911201181021,35.90538260893701,58.910083119031206,4,0
C002433,M,3,1,3.1695867990155553,70.46471150328182,74.27592901803709,2,0
C002434,F,3,3,0.240748069060722,64.511099907298,54.08714164195096,5,0
C002435,F,2,3,0.28947941294855584,91.60943223418408,25.215383184194295,6,0
C002436,M,1,1,5.512491152851538,79.41264746747322,28.109307103741685,3,0
C002437,F,2,2,1.5934637425803602,51.80548818616468,44.720713011056844,4,0
C002438,M,2,2,2.2443696523436776,79.57771489367043,65.32577039263614,2,0
C002439,F,1,2,5.847174925453937,66.44194721184533,67.58892370178715,3,1
C002440,F,1,1,0.0,75.68566281856842,93.356975173206,2,0
C002441,M,2,2,0.46562251821899414,53.62079921598432,59.489718032534206,3,0
C002442,M,1,2,5.736074605875695,59.305734692485984,58.12109042414196,6,1
C002443,M,1,1,4.185442485002516,74.74831124039119,42.38155452761765,6,1
C002444,M,2,2,0.0,75.94571894048285,76.36914240815372,1,0
C002445,M,2,2,3.032882076439607,33.388631815414776,86.0036752762703,7,0
C002446,M,2,2,4.387174838724687,73.68022766637316,48.601582959092724,5,1
C002447,M,2,3,1.575761932659999,52.32635590010252,57.7471223012373,5,0
C002448,M,2,1,0.8188519240693233,68.5174545009502,66.19736043694635,4,0
C002449,M,2,3,0.28504495534527985,40.18709912369026,45.36839232719068,2,0
C002450,F,2,2,5.8619967490305145,78.24740410315988,27.927921663454917,2,0
C002451,F,3,2,6.295252419680296,75.13458238694426,62.46565671505656,6,0
C002452,F,2,3,5.66033111535065,52.619707170111646,70.24901262522674,3,0
C002453,F,1,2,6.711069246959314,71.02652340760237,43.12389256089443,3,1
C002454,F,2,2,6.816929713544175,64.44728951112263,59.62193493602456,4,1
C002455,M,1,1,0.6647265808878355,74.0728621429556,97.06498806903318,5,0
C002456,M,1,1,6.20284943799167,44.24194765466524,79.78227636426307,3,1
C002457,M,1,2,4.246856556697246,46.81236604188983,68.99632801893759,7,1
C002458,M,2,1,8.179014951587803,54.02264520277954,50.26058912908218,5,0
C002459,M,2,1,11.449022896375693,64.23056079609269,71.28045401949728,3,1
C002460,F,2,2,3.569624474033606,89.47647362559667,30.435161000001536,3,0
C002461,F,2,1,3.3290316890146805,67.5850552261031,58.11063228393015,5,1
C002462,M,2,3,3.1558469255226744,79.18070655648239,50.49384469688004,4,0
C002463,M,1,3,4.158221997746004,51.85425322141228,73.42647938639931,8,1
C002464,M,3,1,4.510326667638958,56.41428316242492,20.694914264824725,3,0
C002465,F,3,2,9.803773710320257,54.86137376385004,100.0,4,1
C002466,F,3,3,4.314969740066092,62.026133544539675,51.971011709895535,6,0
C002467,M,1,3,3.054813204338269,74.99905763463204,88.98023510882928,3,1
C002468,M,2,2,4.028808537569973,59.965616898565344,73.01323528584156,7,1
C002469,M,3,2,2.1850970737748856,60.45851399423586,65.76803448077297,5,0
C002470,M,2,2,0.30817997944163533,73.71166126833106,64.23312961664557,1,0
C002471,F,3,2,3.674409260821165,57.399808683727244,61.32218421764457,3,0
C002472,F,2,2,9.133509278031836,53.3861456933678,51.243428138219514,3,0
C002473,M,1,1,5.954414381037384,59.96749689572478,67.55766386337444,5,1
C002474,M,2,2,2.9446847194893015,92.37476171350133,56.33212805975017,2,1
C002475,M,3,1,4.772000442606755,78.2088042612203,69.82254855162226,4,1
C002476,M,2,1,9.53117162086146,93.46570838938162,67.37696341113765,8,1
C002477,M,3,1,4.437612007568998,45.46415082006161,52.7693143740616,7,0
C002478,M,1,3,2.041684483726934,70.85117068028055,50.91032831925531,4,1
C002479,F,3,3,4.150725062343972,59.41336931704999,64.7928692904408,5,0
C002480,M,3,3,5.412166292625776,60.31129724702938,67.56615582673727,5,1
C002481,M,2,3,4.916614846724241,41.89003926175208,51.093214829318924,5,0
C002482,M,3,1,7.196056153379812,84.50296507873611,41.8415285568324,6,1
C002483,M,1,1,4.219569924979955,40.66673537484034,64.56327920031224,3,1
C002484,F,2,2,0.0,78.34340880760197,66.36201595376151,6,0
C002485,M,2,1,5.037908078346424,59.088713468624746,62.08542431054689,5,0
C002486,F,3,1,4.888377797092139,51.332608789977236,58.2976355931038,7,1
C002487,F,3,3,4.74516254401421,50.67022864604858,74.29070100420388,3,0
C002488,M,2,3,2.1331668370655468,65.75169662323134,42.489369627714424,6,0
C002489,M,1,2,8.385270488456818,59.50509162963314,44.91606845670013,4,1
C002490,F,1,3,1.607547818011645,65.06778186982415,49.6834883952544,3,0
C002491,M,2,3,1.8412943687844225,35.214376091558336,57.89996980673209,4,0
C002492,M,3,3,3.4965488558273448,34.02645132725385,48.56755239570599,1,0
C002493,F,3,1,6.918051710933222,37.68889073216137,48.94823295172191,3,0
C002494,F,3,1,7.013413473835149,77.03505446345947,76.31632515811202,2,1
C002495,M,2,2,5.4084366549009015,86.7236377788835,58.514398553352734,7,1
C002496,M,3,2,5.965375729096818,61.04541123551342,74.43727948072441,1,1
C002497,M,1,2,1.1344986350822208,76.16118591791016,60.084846569199556,4,1
C002498,F,3,3,0.26044675828914166,70.19996865095321,47.17898869616211,3,0
C002499,M,3,3,3.1816213672549196,82.53296475801565,79.93004779440122,3,1
C002500,M,1,1,5.948401898655457,83.07859456577958,52.731246405347974,2,1
C002501,F,2,3,6.005652337310428,46.45705607861852,66.09571945722767,4,1
C002502,F,2,3,2.0879720093926357,67.88924535947407,73.22806571089427,6,0
C002503,F,1,3,1.8501906456524027,77.85015585653252,56.59335465605334,6,0
C002504,M,2,1,6.570997662587397,77.91011642981863,55.443173929268546,3,1
C002505,M,2,3,4.418475196964802,76.50254758746557,45.89165866135693,7,0
C002506,F,3,3,0.0,64.50847600426991,61.87116616552673,4,0
C002507,F,2,3,1.526854629984277,75.14698789257662,46.19192916917807,9,0
C002508,M,2,1,5.067305890647583,43.69109018294112,54.99462385965313,6,0
C002509,F,3,3,1.3900957083889378,44.42633824553363,53.50577130170373,2,0
C002510,M,3,3,1.834469804207047,87.62851772172984,49.72539806858117,2,0
C002511,M,3,3,1.9144923327707626,81.32618415220728,64.70288271701148,6,0
C002512,M,2,1,5.924835033231475,88.74014073223773,80.47822284561619,2,1
C002513,M,2,1,3.979039561325866,62.69346048712789,73.93608658871196,3,1
C002514,M,2,2,7.687997200151825,50.33497531369358,24.951048465416072,6,1
C002515,F,1,1,3.056298010768549,62.19606012319781,60.65470092515065,5,1
C002516,M,2,1,3.535986498043,94.06996466605555,99.85663364258573,4,0
C002517,M,1,1,4.736061770201226,52.42234986020699,61.58274768359242,3,0
C002518,M,1,3,2.625730359706453,62.39844388842268,53.97522007231035,2,1
C002519,M,2,2,0.48333165685838875,83.26576294598969,82.94297572026623,2,1
C002520,M,2,2,3.2243712699621265,66.20707181597605,59.47290832004797,1,0
C002521,M,2,3,2.352973859306573,59.18250251586892,81.00707875851442,3,1
C002522,M,1,2,3.721094031843187,76.33323792800098,56.92013839993395,3,0
C002523,F,3,1,2.684028305670529,57.845359541461484,67.42267401101448,3,0
C002524,F,1,2,4.991572033757294,72.15980465848084,48.4957584203475,4,0
C002525,M,2,3,3.2257459261169488,28.786752067962603,77.89405650799438,3,0
C002526,F,2,3,0.44486472422329726,38.729301790606414,59.04928221830238,5,0
C002527,F,3,2,2.6302203208718318,61.49461300401903,62.28658902551325,6,0
C002528,F,3,3,1.3550322295667119,85.01355290780933,76.77304009122656,3,1
C002529,F,2,1,8.227586254955423,62.542025534832035,68.23752484856186,3,0
C002530,F,3,1,4.10131532761359,64.21803599251858,56.88752926724271,4,0
C002531,F,2,3,5.467768552820852,68.74660023740847,34.96071404132327,2,1
C002532,F,2,2,3.78907930832083,58.82498341218684,57.976082567004056,3,0
C002533,M,1,1,8.034536275462301,40.863093328079124,53.528641185328034,3,1
C002534,F,3,1,1.2259521244157745,75.33014592272933,60.27027155058664,4,0
C002535,M,2,2,2.2584962917603555,68.98726169137477,56.18472052635209,3,0
C002536,F,3,1,6.448327996043901,70.14119791394528,82.5221912967377,7,1
C002537,M,3,3,2.8611345946644366,48.28366241645108,69.60692158750956,3,0
C002538,M,3,2,2.3538775140147665,87.89771298986352,53.706503934243884,2,1
C002539,M,3,3,2.764808564408647,58.55712342869689,72.46245573423847,4,0
C002540,M,3,3,8.250013460921279,86.45679215099656,85.87955229188822,4,1
C002541,M,3,3,8.498030736646538,33.35535203806687,48.51992126153428,3,0
C002542,M,2,3,4.901402635269981,58.60376496376642,55.86614273306898,2,0
C002543,M,3,2,4.432739164049963,87.84354677092045,47.785459049129756,4,1
C002544,M,1,1,5.723586064803943,62.86475769944154,66.57916976535287,7,1
C002545,M,2,2,4.863482351796687,28.168183532864816,97.50977968443053,5,1
C002546,F,2,3,4.386585284422969,50.60131910245816,81.2818829608623,3,1
C002547,M,1,3,3.0086687208840672,69.20490011980279,54.271033090795484,1,0
C002548,M,1,2,2.6455260856017984,86.53412669041919,71.51914910884919,5,1
C002549,M,1,1,5.091526206955976,60.68508459140321,82.1908363366696,4,1
C002550,M,1,2,4.30607350051903,81.4309908557747,30.709483999818914,4,0
C002551,M,1,2,7.230703707702569,70.92397336158447,42.03403917730348,6,1
C002552,F,3,2,3.4301908145144946,58.8221994548769,76.76719406376435,5,0
C002553,F,2,1,1.9646082791781159,76.80538761325671,33.48645252835831,6,0
C002554,M,2,3,0.7855733591626124,79.40704415487023,61.29104738025155,5,1
C002555,F,2,2,2.310050315887431,60.688780235263366,73.06293134136938,3,1
C002556,M,1,3,0.8363455108035511,54.20844472211196,65.78917263637497,5,0
C002557,M,3,3,6.52469526862772,40.742999697305244,58.30500344605328,6,1
C002558,M,1,1,3.06472703398146,71.26649478352547,84.759143399211,6,0
C002559,M,2,1,2.310797753282391,56.3550780880475,75.02579599184037,4,0
C002560,M,2,3,5.055483294949281,72.83460098393681,99.70459845666151,4,0
C002561,F,2,3,8.287943848786888,69.39132479028598,39.84517242057625,3,1
C002562,F,2,3,3.0610316238718203,70.28227893046859,50.52116233560958,3,0
C002563,M,3,2,1.5050948180750967,62.53628790305123,58.81954115232338,4,0
C002564,M,2,1,3.1296536999427724,45.86704721586452,83.42758272786003,2,1
C002565,M,2,2,0.0,72.09175170138171,73.36537739060992,2,0
C002566,M,2,1,5.132283874078091,77.56981132657722,52.70154973314376,7,1
C002567,M,1,1,5.269235274930954,99.87644786530916,42.38610558904493,3,1
C002568,F,2,2,3.0332830648740114,56.090558104378026,40.401485403468875,5,1
C002569,F,2,1,1.5350622019298856,49.29011209727338,91.38423308024322,5,0
C002570,M,3,1,9.280667855322681,47.48812884797378,59.57217950725641,8,1
C002571,M,2,2,1.295357007982111,64.24974863070173,63.58596453355523,4,0
C002572,F,1,2,2.349581201418873,77.04136667064546,42.10375598796496,5,0
C002573,F,2,1,4.075060389298781,78.36288029875932,60.56133390097255,5,1
C002574,M,2,3,5.8937843300524655,88.53316359865612,44.582430862615425,6,0
C002575,M,1,3,3.668504873257562,70.78149976531694,62.37086965237595,3,1
C002576,F,2,2,4.077810004035506,47.00739800863773,54.01385290530313,3,0
C002577,F,3,2,5.346379258185278,68.59714342664506,47.14022991229773,3,0
C002578,M,1,2,11.052528494345431,33.512925742871744,81.56053762288899,2,1
C002579,F,3,3,2.7258016704325483,59.8051042334531,83.02998106635557,3,0
C002580,M,3,3,2.878188896673697,58.63184368761502,68.92773183244793,2,0
C002581,F,2,3,3.76321100774993,71.90171559007621,27.687478432403694,8,0
C002582,M,2,1,5.49380523279995,71.5974617348835,40.981808192946616,4,1
C002583,M,2,3,9.55541345010215,53.90917316027599,41.73795527739644,2,0
C002584,M,3,3,3.7564422772980874,54.35433178624987,93.84905387915963,6,1
C002585,M,2,2,5.220288467378724,65.96680129608878,79.07508631022594,2,0
C002586,M,2,2,0.0,72.14646739318755,84.46116504010367,3,1
C002587,M,1,3,4.142155833294687,76.03494775034028,46.52774673854721,2,0
C002588,M,2,2,3.9689737095299273,57.7140958455105,32.39044393858587,3,0
C002589,M,2,3,6.242061837928055,64.26276119246245,78.29929661223233,3,1
C002590,F,2,1,2.861893537192966,49.3737878889355,19.187345184425006,5,0
C002591,F,1,1,1.310726660778191,49.57030901698752,61.45595863149443,3,0
C002592,F,3,1,4.505310842625394,36.00347787538472,70.8729508233495,4,0
C002593,M,3,3,0.5700362044084235,55.50992585660916,39.83839965325923,3,0
C002594,M,1,2,2.231830459879566,84.18278792131083,87.17444894608266,5,1
C002595,F,2,3,4.120998609000068,86.2539514457394,54.87320600046751,3,1
C002596,M,1,2,0.0,73.51089194598802,65.87760910818099,3,0
C002597,M,1,2,3.437453883056106,80.08401870044531,69.59225395783494,4,0
C002598,F,3,3,7.477077095510141,77.15012120818838,63.41591344607847,5,1
C002599,F,3,1,0.45588076330010674,67.60172040859725,49.88042376437766,7,1
C002600,M,2,1,2.4965011417508682,28.45922214312923,45.39519777870999,6,0
C002601,F,3,1,5.294612760884707,98.98426865229942,66.85800352418083,5,1
C002602,M,2,1,5.793945718551664,61.89151195294404,71.29524198560236,3,1
C002603,F,1,3,4.127479821493324,61.815548719278176,77.60346329919587,2,1
C002604,M,3,3,3.590153789085678,86.91134369094115,57.33156578735087,4,0
C002605,M,3,2,7.637590982477542,67.39633127432329,61.433039096967725,6,0
C002606,M,1,3,4.4680222492842265,100.0,44.112776543951256,5,0
C002607,M,2,1,1.673095358334726,52.5346003680598,78.4056858672283,2,0
C002608,F,2,2,4.264331041631977,80.54585108736627,44.76134842556225,2,1
C002609,M,3,2,3.7032116821070282,61.32042797737387,70.61330254654045,5,0
C002610,F,2,3,3.034973061239424,66.50590419362496,78.2496911868727,6,1
C002611,F,3,1,0.30134961786486425,51.78888744694053,77.94632071393272,3,0
C002612,M,2,3,3.98440888146834,55.553903572658655,35.48929263538125,2,0
C002613,F,1,1,5.281531509033836,84.35533721260451,32.20551485199853,3,1
C002614,M,3,3,5.651034157591601,72.76915206999615,43.457817154947975,7,1
C002615,M,1,3,4.024473185936184,71.34950258015043,40.95320955855998,5,0
C002616,M,2,3,4.0782177130900505,40.51395786676056,98.01247878496798,2,1
C002617,F,3,1,2.7681245805541295,40.93630293967927,66.66165697590617,8,0
C002618,F,3,1,6.129538363313072,51.15942492712087,37.220559814296486,2,0
C002619,F,2,2,1.3839974698133486,59.0597344833238,42.08348362174408,6,0
C002620,F,2,3,2.853734779819804,63.45869952340457,88.17158234867588,3,0
C002621,F,3,2,2.2270948219095708,69.74512336127019,83.30290274348323,4,0
C002622,M,3,1,3.7542450448945637,80.33502703353466,36.16243121895663,8,0
C002623,F,3,1,6.888110461232078,87.0535444352735,73.95020968225359,6,0
C002624,M,3,1,1.3870262577770323,67.91568381916738,54.332574146810856,10,0
C002625,M,1,2,4.614366902269999,52.31129441666074,56.33292971690274,5,0
C002626,M,3,1,4.663384963957268,75.9427626238394,35.61198986089448,6,1
C002627,M,2,3,1.8790570549642216,67.76384124777502,52.90778889202026,6,1
C002628,M,2,1,3.576309305625799,72.00085490272707,41.358005517197924,2,1
C002629,M,2,2,2.0271370977107868,83.09043108533517,82.77708378925131,3,1
C002630,M,1,1,4.2215447101717105,59.186415017331804,42.56496758320946,1,1
C002631,M,1,1,3.739869044740571,86.84238947349859,80.85865040444739,6,0
C002632,F,3,1,7.310586205853266,43.62923171314622,53.02075834425534,3,1
C002633,F,3,3,2.316327686278264,75.92717631822029,25.40880773430171,2,0
C002634,M,1,2,3.621675141426323,55.23818421450375,48.09800037297408,5,0
C002635,M,2,1,3.178038562203895,68.36919359962127,37.09617389068482,6,0
C002636,M,2,2,6.984781836665038,69.93223771976528,67.78623297302629,4,0
C002637,M,2,3,2.916863582894144,59.738647085149935,37.932817182514725,4,0
C002638,F,2,1,2.039429540886504,55.38090872505776,50.8148518858626,5,1
C002639,M,3,1,2.2928928971456433,52.256990164954445,64.65116327509405,2,0
C002640,F,3,2,2.256520211783995,69.30436734224688,37.168077474180194,4,0
C002641,F,3,3,2.7212841367998166,74.51442691184496,83.76236623884024,6,1
C002642,M,2,2,2.117313489924667,92.30907331286924,62.383624244030855,3,1
C002643,F,2,3,4.034053955538112,61.16229720073059,60.2827208554495,5,0
C002644,M,1,1,1.1430439758412083,41.969451245307695,31.578836012981906,4,0
C002645,F,3,1,5.268511386699741,72.08683847997361,49.325920482319255,2,0
C002646,F,1,2,4.090603104388422,38.90937910341896,53.688885303092334,3,1
C002647,F,3,2,7.567896573569145,89.02586100414392,36.49290874067057,2,1
C002648,F,2,1,5.0271185307505215,76.3699104211888,74.10786642827274,2,1
C002649,F,2,3,4.804966611305967,49.87289770685937,59.09686261966306,3,0
C002650,F,2,3,8.421028757887544,41.22366511588593,42.88165355418988,5,0
C002651,M,1,3,4.955764579322199,52.07211181350904,52.21797117706576,5,0
C002652,F,3,3,3.5275160952225018,72.96675557278654,59.02845979140209,4,0
C002653,F,1,1,2.087732116901987,53.46154526034941,94.206060842596,4,0
C002654,M,1,3,7.196361864427341,76.15070269942044,65.49413761315783,3,0
C002655,F,2,1,1.781582076048374,79.07054146969485,43.70285814955264,4,1
C002656,M,3,3,1.4929988238824925,56.42601099198909,46.284715631385694,6,0
C002657,M,2,1,1.5028402402250216,78.25372281069774,50.93722081930968,7,0
C002658,M,2,3,2.344594216117515,83.1197536432792,68.59840063856136,1,0
C002659,M,1,2,4.095540553930587,73.48617797438467,65.29864529035898,2,1
C002660,F,2,2,3.423393564230284,73.17903534576097,66.70644056670866,2,1
C002661,M,2,2,5.155826122423064,56.56541449104283,56.39977552860647,4,0
C002662,M,3,1,1.601922838214752,95.46054367496365,30.13758787754133,2,0
C002663,M,2,2,2.0820794045525934,50.27271249581365,67.88711416609681,5,0
C002664,M,1,2,4.33779244073581,58.36014233367079,44.183206114164655,4,1
C002665,F,2,3,1.8788100595468533,79.07831502616338,67.83423292287893,5,0
C002666,F,1,3,1.0032350061709177,59.35822126895354,35.92053299972541,3,0
C002667,M,3,3,0.6343382043255206,60.498484893270096,57.87018101134031,3,1
C002668,M,1,2,3.8932512598531837,44.581992596455635,71.43241064783335,6,0
C002669,M,1,2,3.8485816714101424,57.96094906856404,93.91027936821979,2,1
C002670,M,2,1,3.744890766098772,100.0,48.5423109141353,2,1
C002671,M,1,3,6.677299216553306,59.60424850758686,84.39517083571931,4,1
C002672,M,2,3,4.6648516301964325,84.18516761804288,76.8713935137188,3,0
C002673,M,2,3,4.0007538043036135,57.51243330830336,51.860509958148654,4,0
C002674,M,3,3,6.965635164644027,49.01394223240363,58.57380678429555,4,1
C002675,M,1,1,6.145025722751207,53.30972357837322,48.57216750222428,4,1
C002676,M,2,1,2.394177029410371,75.87901970728717,45.3291065146298,6,0
C002677,F,3,1,5.836006840857884,32.26268610588389,32.29197095548752,3,0
C002678,F,1,1,7.9004950774327165,90.5695243680656,40.6433484136479,4,0
C002679,M,2,2,7.908641787515981,72.1576475656221,12.847609424412127,4,0
C002680,F,3,2,6.1488129800013525,59.39255175404909,61.02722592692035,1,0
C002681,F,2,2,4.853563434641977,53.097310497717054,85.89040448760608,4,1
C002682,M,3,2,4.638510079717233,57.17496831665924,63.20949292754568,3,1
C002683,M,2,1,7.205831930900624,82.25961931141639,59.75564220713746,4,0
C002684,M,2,2,1.05710122090114,41.333210850342645,47.933838438424615,3,0
C002685,F,2,1,6.788770114794117,64.17306798585156,93.21104856003015,4,0
C002686,M,1,1,4.286904709915148,81.93542405273799,77.75323105274451,1,1
C002687,F,3,2,1.970068380143657,34.60975333510437,36.193184649968714,3,0
C002688,M,3,1,1.3996041343817147,55.575584636905056,96.73976998858657,3,0
C002689,M,3,1,0.2476390767758807,42.29797271964906,86.71066566060172,4,0
C002690,F,2,2,5.2418805695251685,45.667687641434746,40.321073293405604,2,0
C002691,M,1,1,8.229402387091884,68.2479843220082,73.39105585078237,2,1
C002692,F,2,3,2.901789604783466,74.73823891397781,55.96247617185699,6,0
C002693,F,3,1,2.121253159756258,58.85169252614698,23.876919723989012,2,0
C002694,F,3,2,6.658626227145119,42.509720219729125,42.88732441610462,3,1
C002695,M,2,1,4.2497002237129236,52.01383126639225,73.04549910534965,5,1
C002696,F,1,3,6.759600864384023,70.95398607014916,70.7765988647836,4,0
C002697,M,3,1,1.8531401745273093,64.46556266912663,100.0,2,0
C002698,M,2,1,5.435681718522493,47.29589738352874,62.62788660620637,3,0
C002699,F,3,2,7.993393478387875,57.681171140371234,26.775642032701576,5,1
C002700,F,1,3,1.6901696445748247,76.69756393979834,41.65657521601081,8,0
C002701,M,2,2,3.294325041080334,68.01316622705535,51.22459030914107,7,0
C002702,M,2,3,3.204500783451595,49.31912001660784,53.88278462476586,3,1
C002703,F,2,2,5.6489650023711855,68.83044168095627,53.22090080950761,5,0
C002704,F,3,3,6.773427027526921,56.571096040980855,64.89451813472147,5,0
C002705,M,1,1,2.50011408150755,55.31060682341068,85.99676213790765,2,0
C002706,F,2,1,9.495717821425046,66.98047387705233,66.14249263837291,3,1
C002707,M,2,2,4.124256062408844,48.528335337531644,24.31064586822285,3,0
C002708,M,2,2,2.7511749172920257,58.39496936229426,65.55646533758822,2,1
C002709,F,3,2,7.140874110302674,80.70506944789398,26.4728181063374,7,0
C002710,F,1,3,4.308144615709868,100.0,47.06018111150195,2,0
C002711,M,2,3,3.172313149565256,39.30016774777026,90.24629893446466,3,0
C002712,M,3,2,2.8068178341453445,51.83043038427528,22.118126473057686,3,0
C002713,M,1,3,8.624856253518896,81.95410002041896,93.96850386849262,5,1
C002714,F,2,3,1.8134445771276821,46.166870013310216,68.11712713757827,2,0
C002715,M,1,2,6.4768233989302235,63.08280163932668,64.54801501912274,6,0
C002716,M,2,1,2.214408422713487,91.95659575323819,34.232210022384294,2,0
C002717,F,1,3,2.629986733514026,54.08118077136534,59.966997511379084,5,0
C002718,M,1,1,3.8197270335577307,61.23005290868469,49.49761821115976,1,0
C002719,M,2,3,5.023934510362015,45.68538399407582,42.81197159279343,3,1
C002720,M,3,3,0.38158654444758566,75.29430883931461,56.11965198663744,3,1
C002721,F,1,1,2.8022453901283044,38.16657914700849,100.0,1,1
C002722,M,2,1,6.2639980305606,54.630566526379624,72.56766364035182,7,1
C002723,M,2,3,6.2540244315597535,45.53592276985509,54.437247388263316,6,0
C002724,M,1,2,3.3612766146453987,60.18081036915468,65.12343312724245,4,0
C002725,F,2,1,1.4143434022646217,92.83396139683163,50.67472002002201,6,1
C002726,F,2,1,4.4741674965954354,70.79073663735143,71.1201316317869,6,1
C002727,M,1,1,5.833773533733219,68.58024349127248,36.28709902457193,4,1
C002728,M,3,1,4.399417800327213,69.43435391200316,73.829881227465,7,0
C002729,F,2,2,7.091839892666174,64.65464661604138,30.90628458552117,5,0
C002730,M,2,1,3.4065263730956588,84.25852050035854,53.2674612596404,4,1
C002731,M,1,1,1.1004610206289311,76.60652839772224,78.3946436510393,3,0
C002732,M,1,2,2.691455785787186,45.48227362905233,91.13613871392647,4,0
C002733,M,2,3,4.003376778457185,79.62245407130169,17.955500885974786,2,1
C002734,M,2,1,2.4524225221195013,68.52900600993686,37.104378395788125,4,0
C002735,M,1,3,2.856884448507328,71.82364132230316,58.79469034246285,1,0
C002736,M,2,1,6.115772960331245,34.86337247421844,71.58030408685423,2,0
C002737,M,2,2,2.212856542722843,65.0113433427996,47.63653053362944,3,1
C002738,F,3,3,1.0671538887652336,62.915888495285266,58.169846907061114,5,0
C002739,M,3,3,5.781924985569191,54.60517854553068,59.318047540630005,4,0
C002740,M,2,1,5.419862486010083,81.09706599000063,57.47859128778862,7,1
C002741,F,3,2,1.7181951010276002,40.464121339363146,58.443670987060095,3,0
C002742,M,3,3,5.556353208139584,100.0,59.68044670463675,2,1
C002743,F,2,2,1.5126764262875168,48.23436298330296,88.86505181602082,4,0
C002744,M,3,3,2.40823473095042,72.0521886950956,55.84677275687516,3,0
C002745,F,1,2,1.5702838129870886,68.21525989679752,82.43178334279598,5,0
C002746,M,2,1,2.9915192712630345,82.52435710233807,58.84117055886933,4,0
C002747,M,2,1,5.240928254032459,90.06805003034265,47.03140137345042,4,1
C002748,M,3,3,4.593693140944126,58.47263687214788,54.94052634157869,7,1
C002749,M,3,3,2.209803066067301,67.63744860688824,28.763171928268413,4,0
C002750,M,1,1,4.4167913901884805,58.59264746060205,40.15031290913904,3,0
C002751,F,3,1,4.8406147539571345,50.49689049016846,46.599587287889264,6,0
C002752,F,2,1,6.101991762189668,65.51173268158796,62.20810018250938,5,0
C002753,M,3,2,4.790399317392185,64.59278273444544,89.4283691459437,3,1
C002754,F,1,2,5.62293671082554,65.16714378803673,53.44498942538729,3,0
C002755,F,3,1,4.142569794458151,59.32545594225768,41.15189837657706,3,0
C002756,F,2,2,2.207297599199979,70.10432074925566,75.08731899120298,5,0
C002757,F,3,1,4.355997741509101,76.72704778815189,63.299501553035654,3,0
C002758,F,3,1,6.674339306867337,46.91076418079891,80.87208638232127,2,0
C002759,M,2,1,6.789221879610376,74.25339162753185,77.4907698991293,2,1
C002760,F,2,3,0.0,88.4224929141344,70.13585998728988,7,0
C002761,F,3,1,5.383648488762979,45.86426533808526,66.39340933579734,5,0
C002762,M,2,1,2.9127131487927294,67.32095303506202,77.53337531631024,4,1
C002763,M,1,1,4.881348721380632,71.81674725580082,76.2422125076565,4,1
C002764,M,1,1,0.9950112502887785,76.75011370417731,77.04162206027645,5,0
C002765,F,3,2,3.053664387571884,78.44767739772891,76.66728816492818,7,0
C002766,M,1,1,0.4708689499149399,83.06575426830837,58.74871885802428,3,0
C002767,F,2,3,3.048187757253939,67.03916829759385,45.42545212010853,2,0
C002768,F,2,1,5.336677139497583,50.040302448468466,60.49593349921583,6,1
C002769,F,3,3,4.979101674508529,59.63047009992175,52.735267404387855,2,1
C002770,M,1,1,8.721013899803895,86.65029119893116,43.326581493779855,6,1
C002771,F,2,3,2.8669190226576475,51.80491099160332,88.75727267397077,6,0
C002772,F,2,2,2.0677221284809137,72.78310726793524,59.795529131635014,3,0
C002773,M,1,2,7.049027991510496,77.67723460394399,41.088646489632374,5,0
C002774,F,2,2,0.22409938131124862,74.18158216250356,84.10050956900093,3,0
C002775,M,1,3,4.425027186406283,78.9412686133424,62.063487807292034,4,1
C002776,F,2,1,5.106322455434958,64.52389268667478,77.90727621114775,4,1
C002777,M,1,3,0.0,63.478743185994205,53.36068157238589,4,0
C002778,M,3,3,1.601355553659527,92.23911122288085,70.7049912563252,5,0
C002779,M,1,3,0.9964366120109407,94.58670623448555,71.50566035641032,4,0
C002780,M,2,3,5.832976520620789,86.69629023600461,61.88086232994264,5,0
C002781,M,2,2,2.5865631529918347,73.23812576877216,48.69629634706532,3,0
C002782,F,2,3,3.4271892353144016,56.3598594407762,67.20976226435047,5,0
C002783,M,3,1,0.4501835238850065,67.0489527556421,70.79764761606782,6,0
C002784,M,1,3,2.2182678867687624,63.060695986366106,38.36808330381312,3,0
C002785,F,3,3,2.2617589327110244,81.51136976358579,100.0,3,0
C002786,F,1,1,3.520090518418785,70.85608591773375,89.32331590452775,5,0
C002787,M,3,2,3.3269783465636777,73.75658621883305,62.63364171419347,2,0
C002788,F,1,3,7.234436733752937,64.50054571247524,75.35538353129454,2,1
C002789,M,2,1,5.521705338633776,27.5819142537434,59.68588399494289,4,1
C002790,F,2,2,0.09189331301943149,84.68574856759093,48.62074920619347,1,0
C002791,M,3,2,6.238573027965552,64.03342477759576,77.10939112843934,3,0
C002792,F,2,2,5.9361628331856675,79.52175809965073,45.3138932240432,5,1
C002793,F,2,3,4.1498848224188505,59.92690528749726,66.67717328552169,3,0
C002794,F,2,2,6.168627683066216,89.33314775623089,48.13474009005023,4,0
C002795,M,2,2,6.645626840463205,56.97691030888657,44.91361001248623,6,1
C002796,F,1,1,2.9312404284418445,63.934116276096,62.63866790825428,7,1
C002797,M,1,3,1.3165274786424974,65.2394006651705,78.76996321006118,5,1
C002798,F,1,1,5.242657729416481,42.37517957314953,64.70984486222521,4,0
C002799,F,3,2,2.2058965683318803,71.15661486319785,61.150386384497494,3,0
C002800,F,3,3,4.581489509450193,77.41125099771111,27.68765844071458,7,1
C002801,M,2,2,1.7163681174825691,71.29582747603813,56.39620719757136,2,0
C002802,M,1,2,6.142877653343676,99.76179833479644,34.610000047347896,3,1
C002803,M,1,3,2.3292582637514148,51.633774432914194,61.04056636474685,4,1
C002804,M,2,1,3.5359064815904127,39.130078542823185,59.90530616477511,3,0
C002805,M,2,3,3.394594070023655,47.131570497308985,58.95372780583745,2,0
C002806,M,2,1,0.8842113823838913,66.26172165046832,59.44226627908988,4,0
C002807,F,2,3,6.374939218225819,82.98335075143015,69.0425980325869,3,1
C002808,M,2,2,6.827251992806655,67.61794739153655,70.19699921928313,6,1
C002809,M,1,3,3.68443023560429,57.601300294070015,66.08410225501349,2,0
C002810,M,3,1,2.3289946314918244,87.45671687746517,77.44699834001499,6,1
C002811,F,2,2,3.4851934093962846,63.26450713115584,16.526150110589093,4,0
C002812,F,1,1,2.8867565646982154,44.39350170372626,41.95531188232685,3,0
C002813,M,1,2,3.9499834589728433,79.9809757782292,67.92958913129588,3,1
C002814,M,1,3,3.314231604581137,74.67646847956541,60.10359946308755,3,0
C002815,M,2,3,2.004160494606915,68.563902273857,44.49122530049186,3,0
C002816,M,3,2,6.489090292648039,89.32335668558086,67.84585574263497,4,1
C002817,M,3,1,3.528994063129367,63.43499145943683,73.23032944323455,4,0
C002818,M,2,3,8.249630350690804,69.19841782183387,46.372269483864955,4,1
C002819,F,2,2,4.229347143561772,50.3643569577332,48.393373661875465,6,0
C002820,M,1,2,3.1094334576296885,54.44241136197185,30.549960928881234,4,0
C002821,F,2,3,3.3793071095512897,57.89206320539582,58.21000081848673,5,0
C002822,M,2,3,3.1920418423218506,75.39623738143045,59.17910743522812,3,1
C002823,F,3,2,3.7664898603207977,54.85837430621485,40.92592666360652,2,1
C002824,F,2,3,4.492777778876453,63.551529897483974,50.61254627184009,3,0
C002825,F,2,1,1.5316800674648516,61.65631466332561,59.07714281135344,5,0
C002826,M,3,2,1.7530184858637856,64.20996589629378,76.54688325181496,4,1
C002827,M,1,1,5.716383229550797,53.53509920448217,53.08901652073752,3,1
C002828,F,1,2,5.12787043398487,61.89446307664168,43.73290826953574,2,0
C002829,F,2,1,0.534858225302496,47.71149514412542,86.66327503008088,2,0
C002830,M,2,3,5.149673320304113,64.40468191610438,72.47926966240271,4,1
C002831,M,2,1,5.848847666664225,64.57715300068227,36.61062644936586,4,1
C002832,M,3,2,4.555361367383853,66.08867195057026,72.83906877414259,6,0
C002833,F,1,1,0.36102520204542277,73.39150330425055,50.55070267347329,6,0
C002834,F,2,2,1.0583823185834969,92.13795208537849,78.45182226068322,5,0
C002835,F,1,2,3.8965895424191297,40.118681568527094,52.51704785385731,2,1
C002836,F,2,1,8.141171114729799,59.43570929313384,27.671864102018787,2,0
C002837,M,2,1,2.8155537831664503,51.30372075799705,49.732607122467684,5,0
C002838,M,2,2,5.332043193515745,69.67512402031788,44.17547869905347,3,0
C002839,M,1,3,2.583250833179342,75.61913019238052,48.02090822102807,3,1
C002840,F,2,3,7.739871616547889,46.80072796276807,18.68177432717423,3,0
C002841,M,2,2,4.091255093561019,69.77229911020969,57.85876071190162,6,1
C002842,M,2,1,1.332180073997233,77.9808091724086,23.35524123722361,4,0
C002843,M,2,1,2.205794756261903,71.3749596271247,57.715240412545825,3,0
C002844,M,1,3,2.0281719729621868,59.934968439698096,16.565013622718617,3,0
C002845,M,1,3,4.255947201188714,75.13963228050758,40.261206290607475,4,0
C002846,M,1,3,2.4680952534205494,61.17464349639567,69.86895514013008,4,0
C002847,M,2,2,2.9105673690650224,78.58250339318889,72.57235662066985,3,1
C002848,F,2,3,8.281860557551703,70.28891312325261,45.68417523158228,5,1
C002849,M,1,2,2.7099508512372408,62.175330551438094,69.82040039468191,1,0
C002850,M,2,2,4.388200085177985,46.131208322023284,27.119629078848767,3,1
C002851,M,2,1,3.399471128345502,65.25751777460697,77.56367516860693,6,0
C002852,F,2,1,3.8917748281838045,48.92545268708477,81.19445755268951,4,0
C002853,M,1,1,5.46706316349638,48.69447921558455,56.19264697592703,3,1
C002854,F,1,2,0.0,59.77952020313958,52.05751736968125,5,0
C002855,F,2,2,4.3306845441129616,63.85903975967284,17.735723120961254,4,0
C002856,F,1,3,3.1724383325045067,47.083851866720266,58.90191870598806,3,0
C002857,M,1,1,4.386152675284982,62.521361665509836,71.86116910563119,2,0
C002858,F,3,3,3.552548017022436,61.434039896584395,66.5177349015097,8,0
C002859,M,2,1,3.5723204437588745,56.00255265631955,62.69346352599154,8,0
C002860,M,1,3,4.6502166676671965,61.14970839812774,34.20177053975941,2,0
C002861,M,2,1,2.7895764893527373,74.66945728163131,62.333305187009906,6,1
C002862,M,2,2,8.327601915688994,59.18494761454173,44.470036133301,4,1
C002863,M,1,1,1.8834263275682823,73.72180719482425,85.55384567705319,2,0
C002864,M,1,1,7.166124008253211,63.80428867373492,70.83360702670743,1,1
C002865,M,1,2,1.2692531186278941,80.27709097173533,64.78963306409509,4,0
C002866,M,2,2,3.420123099412812,77.1756987158856,60.7197577485063,5,0
C002867,M,1,1,4.683682642724143,61.81279553887068,42.90833034898704,7,1
C002868,F,2,3,1.9478582714908805,54.788096537804066,45.295071831308746,5,1
C002869,M,1,1,1.796095347495155,72.27531528588122,94.42935282466638,2,0
C002870,F,1,3,3.382082371068122,57.13119934651354,43.88489866707927,2,0
C002871,M,3,2,5.9707078152706705,41.49114266816432,60.294750570155706,3,0
C002872,M,3,2,4.180319556906102,76.03291185541181,61.790020866518454,4,1
C002873,M,2,2,8.16844206664937,55.81682555350862,60.02564817935116,3,0
C002874,M,2,3,5.242279971409026,33.94777127584706,63.204746290672404,5,0
C002875,M,2,1,2.9939033580140464,63.85377041908082,93.63641048436935,6,1
C002876,M,3,2,0.0,79.0407430280447,62.56978903114545,3,1
C002877,M,2,3,0.5881405950962058,56.15454572521295,68.9281731294715,3,0
C002878,M,1,2,3.416203880134028,59.77957964813568,54.510711199126284,4,0
C002879,M,3,1,0.5571560716939516,72.47981346754678,56.48532745996164,3,1
C002880,M,1,1,3.5762460406570002,58.17466049751522,68.41205394833366,3,0
C002881,M,3,3,4.491297235875811,63.4421395815908,85.26737458615312,2,1
C002882,M,1,1,3.3561974139155493,78.42572096183603,83.19365824510234,4,1
C002883,M,1,1,3.4031276327321187,75.16233714658412,3.1031297408385683,1,1
C002884,M,3,3,8.306799824314849,68.3936134972775,29.791813903582064,7,1
C002885,M,2,3,4.144650852060468,39.99458902033757,97.36491475422986,6,0
C002886,M,2,2,3.6969257379018483,73.7612681759128,50.40873557993723,2,0
C002887,F,3,1,1.8125438280978186,59.072460913465555,53.08635855623864,3,0
C002888,M,3,2,3.9928516824952123,72.34443404528167,49.52916298470303,6,1
C002889,M,2,3,2.947258682334099,42.24727003128775,36.49644909273691,2,0
C002890,M,3,1,7.963776827391262,79.06573499519843,46.07901636217089,3,1
C002891,F,1,2,5.252606502304495,52.39297562654901,50.225578643499375,3,0
C002892,M,1,3,7.12486991591729,71.46553006551336,50.97039912428781,4,1
C002893,M,3,3,4.458642198941662,78.99850930456213,42.37241538946887,6,0
C002894,F,3,3,6.740903558267444,70.8612475404319,76.50276323691564,4,1
C002895,M,3,3,1.7984445368148672,70.79243727421367,58.340402167026205,3,1
C002896,F,3,3,4.549136643865398,66.32371482771994,62.66003353147155,1,0
C002897,M,1,3,2.0877024121353838,46.703462152506425,61.62747762234543,3,0
C002898,F,3,1,3.0328191090488907,84.88152508156018,50.58105430765345,4,1
C002899,M,2,2,4.091586244318121,81.4323907343459,47.27552714645404,4,1
C002900,M,3,2,1.8942077244251063,59.26086357085695,33.32290535709031,3,0
C002901,F,2,3,0.7832696583931007,13.580801878444923,73.01775171859614,5,0
C002902,M,1,1,6.164102218999677,80.10046058400013,57.338865758828035,4,0
C002903,F,1,1,0.3026736664552936,37.68858034499733,82.07059489657058,5,0
C002904,M,2,2,7.718185812860767,72.98201839588502,66.78562638168634,5,0
C002905,F,3,2,2.2055457818145863,54.07096044028278,88.44342857743918,4,1
C002906,F,3,2,5.246320559517473,72.20369178308074,53.11069524690082,5,1
C002907,M,1,2,5.375160370141606,49.89022722341468,42.492613722451125,4,0
C002908,F,3,2,1.5676097932306887,65.08344197133064,93.48406558578986,6,1
C002909,M,2,2,5.012240724022778,39.40506968825043,80.76083371332065,2,0
C002910,F,2,2,4.377624320332027,65.22880698663536,26.492596158987475,4,0
C002911,M,2,1,5.3887841363640785,64.9337232075738,68.2516221417567,4,1
C002912,M,2,3,6.66106761551083,75.7699134521795,72.71804406968371,3,1
C002913,F,2,1,5.790106712586694,57.82487991303405,55.97715825023128,2,0
C002914,M,1,2,2.089581376964852,69.24453087057469,36.867997192896,9,1
C002915,M,1,2,3.7007524289214815,59.0516206729431,56.65545824969359,4,0
C002916,M,3,1,2.187141506092241,71.80342354205638,63.48135500410964,7,0
C002917,F,1,3,2.7331785772250043,70.86670573395936,47.35486790337691,3,0
C002918,M,3,2,5.073499817868473,78.19469045986148,72.96664459598537,5,1
C002919,F,3,2,5.331193360460487,47.409539572109026,31.07213619880943,2,0
C002920,F,2,2,5.280475152620821,63.62850559588329,63.17507323909807,6,1
C002921,M,3,1,4.6331679581156235,69.25689734428768,94.92492200520425,1,1
C002922,M,2,3,4.969385556226655,92.29007293680272,70.76724214525156,4,1
C002923,F,3,2,2.999606972814754,94.74026647264645,86.0255749750241,3,0
C002924,M,1,3,6.972506431029144,44.60866971680417,57.551075699269504,3,1
C002925,M,2,2,5.469697105318484,55.77709911662113,63.74324202107262,5,0
C002926,F,2,1,3.9537442655263777,27.517925478325154,52.20958572018012,2,0
C002927,M,3,1,6.477777669339399,97.9435676768164,52.81488392158924,7,1
C002928,M,2,1,2.866615587908784,69.76374755692723,69.13734649554257,4,1
C002929,F,3,2,4.2630618806423115,73.70937987647176,43.12064281361123,3,0
C002930,M,1,2,5.9687623925696585,60.257430098280956,74.99811367695374,3,0
C002931,M,1,1,1.3202298144723166,64.9422766178544,68.78195834724293,4,0
C002932,M,3,2,8.889895676471129,81.9395438596046,38.12759608461657,2,1
C002933,F,1,1,2.704505740316778,49.30689637980277,77.44940867958698,3,1
C002934,F,1,3,3.0044555787728875,48.064132437030224,97.92450585437092,5,0
C002935,M,1,3,4.044238557556261,61.38971699177884,75.99813723692553,4,1
C002936,M,2,2,5.628069971297932,65.14917741031795,25.104323909459488,5,0
C002937,M,1,1,5.8383288398938165,73.33129013119527,100.0,3,1
C002938,M,3,1,7.298137943181116,65.29537098851061,20.13722831369438,2,1
C002939,M,1,3,3.8595174173183615,52.32680346309665,29.090787681483118,2,0
C002940,F,1,2,4.726152732186339,59.2891515420732,28.38073707276993,5,1
C002941,M,3,1,0.6159948432378841,67.65457292950038,55.02385980215329,3,0
C002942,F,2,1,1.6443097023807955,74.90896097305415,24.99737666685335,4,0
C002943,M,1,2,3.7991000657689433,79.99098740422559,19.541535512125286,6,1
C002944,M,3,1,4.787296477530492,60.88103536945276,47.422810351499294,3,0
C002945,M,2,2,3.8984518874428034,54.38799107277295,46.77973755326456,3,1
C002946,M,1,1,5.153357221970904,51.52812582959677,54.403582480100496,3,0
C002947,F,2,2,3.8751096651181394,82.5019177977467,68.34128795078524,6,0
C002948,F,2,2,3.4852843660028303,58.45583778570163,86.18808395642897,4,1
C002949,F,2,1,9.280539882145934,53.54478990586093,59.186489188808565,6,1
C002950,M,3,2,3.4209669256664377,67.50761941033309,67.77601590832666,5,0
C002951,F,2,2,6.2273758951176355,89.21486031982207,54.443503902198636,5,0
C002952,M,2,2,1.127415384458498,51.135053273113456,80.6715879245792,3,0
C002953,F,1,1,4.271202060728027,73.86890675539118,87.05268677433463,1,1
C002954,M,2,2,2.5160385931621976,58.17539511326245,49.079320030194744,2,0
C002955,M,2,2,8.356026299254236,66.6663631215001,35.52203804934027,5,0
C002956,M,1,2,2.773284715723925,77.16731911034952,49.10949388164707,5,0
C002957,M,2,3,3.932018480832632,83.23990224622847,51.28744191321375,3,0
C002958,M,3,2,2.1883235491309128,57.05598465764311,55.72135736502321,4,0
C002959,F,3,3,2.055972886196158,76.2559271223259,59.80815388915473,3,1
C002960,F,2,3,3.8324052325122895,68.56182852174736,55.76586030986164,5,1
C002961,F,2,2,4.797630276345033,71.0417369642304,36.928285146590554,5,0
C002962,M,1,3,6.326766565809532,83.5347236153796,55.21128591291503,5,1
C002963,M,3,1,2.726056910149596,54.34113696726738,64.75553475788126,7,0
C002964,M,2,2,2.6892591337465035,76.62292441014606,86.91160022631139,7,1
C002965,M,2,2,6.827255233012801,67.35303647099704,49.31384594731901,2,1
C002966,M,3,2,7.50657836529675,82.75752685534766,59.19692818953721,6,1
C002967,M,2,2,3.8148615737178257,71.1511119410878,57.2922756229529,5,1
C002968,M,3,1,5.024537030394961,62.73340261077381,50.23674559715888,3,0
C002969,M,3,2,7.673066655279333,78.06849736067744,50.71433593108014,5,0
C002970,M,2,3,9.827420916720802,56.482574621615086,26.02018729716992,9,0
C002971,F,3,1,4.921492250563212,58.99412328565172,67.58760030240813,1,0
C002972,M,2,2,5.657296254015947,53.73272766965782,71.56556789170767,3,0
C002973,F,2,3,4.292340171153321,55.59826733909276,52.07207420954603,2,0
C002974,M,1,2,0.7436935067573174,23.972456454152166,68.50429018288118,5,0
C002975,F,3,3,4.762336237613089,57.339600302971846,28.19964203845133,4,0
C002976,F,3,3,7.016609496375019,63.8974317484271,86.10395712608135,4,0
C002977,F,2,2,2.3430631510350692,76.40512919660894,45.63912994900385,1,0
C002978,F,2,3,0.0,51.18634592866241,54.76189889621551,2,0
C002979,F,2,2,5.299850470431526,57.49295493891012,76.1489815769685,1,1
C002980,M,1,2,0.13617245648442777,62.355372106386916,33.410921012101056,4,0
C002981,M,2,1,0.5414113401817642,76.48220933165948,50.87048189446206,2,0
C002982,M,3,2,0.40397069569403987,67.69935616391913,46.45724173615067,6,0
C002983,M,2,3,0.0,70.61727615097708,69.32153587292481,4,1
C002984,M,3,1,6.326214321735383,78.23205359623864,42.55138699825377,3,1
C002985,M,3,2,4.3042651709511786,72.54333999950052,73.16840336887982,5,1
C002986,M,3,3,8.524708398330418,55.95809193371204,64.12582167697356,6,1
C002987,M,2,3,5.61629736059043,90.65610885504323,31.46726299649129,6,1
C002988,M,2,1,8.53516296243551,36.47222684164005,74.71493805893438,4,0
C002989,M,3,1,2.5832300195096995,78.47460339388482,93.16368701468683,7,0
C002990,F,2,1,4.797323882192244,71.60033471335173,43.22273450426803,4,0
C002991,F,2,1,1.1968708737099965,83.66333488090814,50.33656839964095,4,1
C002992,M,1,2,3.389893098915675,61.50257334061202,36.2318893713109,2,1
C002993,M,2,2,7.156089458525669,57.55552244727093,58.55482009264218,8,1
C002994,M,3,3,3.9108396812154496,48.470091889687794,79.24502440915766,3,1
C002995,M,3,2,3.483375622691584,49.04777918770619,47.37341681393159,3,0
C002996,F,2,2,3.951238714844942,62.49488714710353,43.00200963433649,5,0
C002997,M,1,2,4.315824583479402,52.368520848506854,82.51283999258371,2,1
C002998,F,1,1,4.318620342150196,54.32840123774876,45.88209579360422,4,0
C002999,M,3,1,6.932735869959324,49.096380230318985,46.797694751048084,6,1
C003000,F,2,3,2.413704747614478,80.5087550507382,55.35792936150495,4,0
C003001,M,1,2,3.545232796545617,54.16107101197438,28.33120542285204,4,0
C003002,M,2,1,4.2154599826676105,71.02570375118805,44.453723557734975,1,0
C003003,F,2,3,2.012322629091245,63.1073341071202,93.19780067022742,7,1
C003004,M,2,2,3.0172253744855,70.20526218608873,72.5608439880867,2,1
C003005,F,1,1,5.686130834987779,61.0651970392731,70.70653609505679,2,1
C003006,M,2,3,2.186976976830099,76.62330316118309,70.96158792334028,2,1
C003007,M,3,1,10.102293047455934,74.20314398968542,71.0113099928763,7,1
C003008,M,2,2,7.600550817472973,83.14085580062446,52.377083768719416,7,1
C003009,F,3,1,4.389217457687629,55.08704909586369,58.49985462971151,5,1
C003010,M,1,2,5.266375366644691,52.29838440321954,66.36627932229445,2,1
C003011,F,1,3,5.695182237606347,59.167588064368765,51.26712599589951,5,0
C003012,F,2,2,5.232060830035101,66.70184354673387,83.57514672553123,4,1
C003013,F,2,2,4.209951342755834,72.90429702193076,29.43340556676417,1,0
C003014,M,2,1,10.054088881369346,55.59890729786194,54.23534155829169,6,1
C003015,F,2,1,2.4196422300478,67.9986678634565,79.90517550243779,4,0
C003016,F,3,2,3.14860174087577,62.26001681169012,77.89738978280069,4,0
C003017,M,3,1,4.159848365751264,61.00726972497043,50.96000042467955,5,1
C003018,M,1,2,5.419063053687893,64.86883472956933,65.60829543397345,1,0
C003019,M,2,2,8.425938292483437,87.51451138645236,65.44533029031291,2,1
C003020,M,3,3,3.9963736753296684,76.85853083778883,99.13129177160107,5,1
C003021,F,3,3,5.272777957989916,80.73585767877685,45.60621899998135,3,0
C003022,M,3,3,4.848314536691488,70.43661118109686,63.74803056924077,8,0
C003023,M,2,3,3.818123685564743,91.41740021743796,52.51496639730886,3,1
C003024,M,3,2,6.731847891107856,78.34794264895069,87.4366458465597,1,1
C003025,M,2,2,4.942517781275606,43.61791527240429,57.500504447332624,7,0
C003026,M,1,2,6.175008883906188,75.91394695285503,48.816753412782965,2,1
C003027,F,1,3,3.3551577816095497,70.07643918649691,73.28093119245793,3,1
C003028,M,2,3,2.8105006942760884,74.33276646080886,45.63851642467333,5,1
C003029,M,2,3,3.2450089793118435,42.500410131389614,63.368152968485425,6,0
C003030,F,3,2,4.657710585997935,43.04459891504274,72.06860542995454,5,0
C003031,M,2,1,6.458920830903444,63.574199469665736,28.811626502132448,4,1
C003032,M,1,1,8.612742523688258,38.66234289585841,45.34559160092398,2,1
C003033,M,1,2,4.3849728178471,75.54975492641475,94.41202363148929,4,0
C003034,F,2,3,8.099229628082535,67.21732858171288,63.96981624651148,2,1
C003035,F,1,1,5.37766882861538,94.21639229519454,39.50486295594589,2,0
C003036,M,3,2,2.5295142545350835,70.61815030353546,62.583143895605204,2,1
C003037,M,1,3,4.2615859066479675,75.4078816951992,26.28345325889901,4,1
C003038,M,2,1,5.692393960240484,73.68466283466955,62.98152138671285,2,1
C003039,F,2,2,5.862572671966262,66.17761714581479,67.09258178495247,4,0
C003040,M,2,2,2.9448433710897284,66.76436402874879,58.4163080184956,5,1
C003041,F,2,1,3.216636471516318,64.1537826141599,46.57689796707951,4,1
C003042,F,2,3,3.2626308653820626,29.201690861833484,92.16994893109609,3,1
C003043,M,2,1,3.5652342821681513,81.83331213712268,54.028958253198596,3,1
C003044,F,3,3,4.671820925087212,81.98275151047653,25.929490500614698,4,0
C003045,F,2,2,8.153755292455422,77.95708352691115,57.047694088982624,3,0
C003046,M,1,3,3.0734495777749267,66.33153642560379,81.06952481841142,4,0
C003047,F,3,3,0.3929258221315801,62.974009750829026,89.13442169553369,5,0
C003048,F,3,1,0.2513351321499342,47.98334365774507,11.475417977091709,6,0
C003049,M,3,2,5.7969958390017675,46.21841829368114,44.96217112535179,4,0
C003050,F,2,3,2.8007020763805968,56.09013613917942,53.256215245176534,4,1
C003051,M,3,1,4.593158864719144,68.04873362447269,62.9828512567114,4,0
C003052,F,1,2,2.4433699659941004,70.60201328360013,35.472260852273095,4,1
C003053,F,3,1,3.6738933417421027,57.274497185931594,69.99220389619946,3,0
C003054,M,3,2,3.2848884351684156,45.44554584100395,76.7032230915312,6,0
C003055,M,3,2,2.488995743716787,55.00148638848531,44.084735401071796,4,0
C003056,M,3,1,6.720000253887521,63.21073523531542,59.14764282389735,4,0
C003057,M,3,1,6.88174999417579,41.57479460297591,74.6612562970894,6,0
C003058,M,3,1,5.407556920947801,67.74438964243717,91.83544653079248,2,0
C003059,M,1,1,8.496487338415339,89.18147468846249,78.99742541659302,4,0
C003060,M,1,3,1.105747438356353,52.95094866095231,50.61449538041109,3,0
C003061,M,3,2,3.535877757664366,96.78924319194519,68.16062927689623,6,1
C003062,M,2,2,3.2318456881622595,54.43152090644995,55.771206135013614,3,1
C003063,F,3,1,5.560648019495332,61.65626297972745,46.510018553827976,2,0
C003064,M,2,3,1.226662910430501,72.24856340630528,68.92384574985961,3,0
C003065,M,2,1,5.468351477527609,64.30539035491002,68.73855210067445,5,1
C003066,M,3,1,0.8255014888545564,39.57023635353404,59.8636555309232,9,0
C003067,M,3,3,5.645297349298515,68.75429245969278,78.03948421027363,5,0
C003068,F,2,2,6.54077865373837,66.16622289440909,54.899459138220735,5,1
C003069,M,2,1,1.5097692668261935,61.05715176174246,58.34842582423746,2,0
C003070,M,1,1,3.192244741459091,66.07533377210306,63.549717868080585,2,1
C003071,F,3,1,6.618514038532036,71.63369497252998,65.79249076718129,5,1
C003072,F,3,3,7.062136214022855,51.69851905781637,43.36823447840679,2,1
C003073,F,3,2,0.8591451538108967,73.03848014824734,93.9712534842995,6,0
C003074,F,3,1,4.82854842894784,55.86031418519486,72.1024220281746,8,1
C003075,F,1,3,5.437973445444285,88.02997342635453,60.030771855703215,2,0
C003076,M,2,2,3.9796498241865983,80.60221125085275,60.41554402360208,3,1
C003077,M,2,2,7.159369012736667,50.051046773495756,58.63375062407351,4,1
C003078,M,2,3,2.7967407463218716,83.44951262710742,86.31477846731539,1,1
C003079,M,1,1,3.087231103910751,71.111566122627,77.24755155538817,5,0
C003080,M,2,1,2.5498268627897884,72.9527875762651,71.42684963358732,1,1
C003081,M,2,1,4.540225396271697,62.278375432263104,100.0,4,1
C003082,F,2,1,3.4090506972869594,59.857564655507524,70.65655889993744,4,0
C003083,F,1,1,5.919045495063504,60.94336925027467,43.80289304186628,5,0
C003084,F,2,3,3.2354483599406976,50.70350211707315,73.32554701829515,2,0
C003085,M,3,3,3.635275857443186,36.93510845064094,69.59675208507696,5,0
C003086,M,1,3,4.556278532469955,55.431951861152086,84.97295341014339,3,1
C003087,M,3,2,2.2895709820595282,55.35973297583938,73.41788386922022,5,0
C003088,M,1,1,6.352923603688172,48.651951157960596,62.48323598828682,4,1
C003089,F,2,2,5.625725419348759,73.73061468502289,77.35027632673666,6,0
C003090,F,3,3,5.553997668399763,68.66120031556005,29.75555518819523,1,0
C003091,F,2,3,1.872430600601867,56.11272834021032,68.62307287386498,3,0
C003092,F,3,3,7.518250605364523,60.32792355014989,70.276640737023,6,1
C003093,F,2,1,0.04443388558964756,68.34636331695269,35.99712523234732,4,0
C003094,M,2,1,5.747263304749881,54.096899955290965,62.2296666198195,3,1
C003095,M,3,1,4.42704793382848,26.68604287898225,48.07099028546408,4,0
C003096,M,2,1,5.588380576263532,82.94640848433525,52.12785684993245,2,0
C003097,M,2,1,3.647040761801581,63.2809959989231,76.63108326591383,5,1
C003098,M,3,3,4.307270502541626,69.05369140618225,41.4101382169921,3,1
C003099,M,1,2,5.661218367713367,67.58043948320538,55.9164781124048,4,1
C003100,F,1,2,4.119983134945823,43.35546524659115,43.3238115172048,2,0
C003101,M,2,3,4.596583162887969,54.69541467191174,64.05830302360913,4,0
C003102,F,3,1,4.668129256160972,64.79996973687761,66.01798572475317,3,0
C003103,F,3,3,8.950275801235474,62.01232367001779,36.8097616634923,7,0
C003104,F,2,1,0.608766856908427,47.98273753040398,53.85690622141748,2,0
C003105,F,2,2,6.975552164109676,70.13863162040455,56.608535604161624,2,1
C003106,M,2,1,5.119595227813487,73.53905049402469,62.09972567392532,1,1
C003107,F,1,2,4.846476466303667,59.28973714133155,77.06707064656334,5,1
C003108,M,2,2,1.3255236401467339,80.0373297022309,42.7701118408919,7,0
C003109,F,2,2,6.659479841358701,72.99330866436232,52.65829565942229,2,1
C003110,M,1,1,1.6299522978456165,70.79832484011932,83.58900413107955,2,0
C003111,M,2,3,7.363341010304387,57.50814728558686,74.08355215026126,2,1
C003112,F,2,2,2.9271887788344273,62.45407384136475,42.681222528631,5,0
C003113,F,3,2,7.363245579237747,77.49912467678682,57.944399498956635,4,1
C003114,M,1,2,2.562382529293033,43.260276569888696,67.47928805627572,8,0
C003115,F,2,1,2.068885453803495,44.23413252052466,75.96921391286271,5,0
C003116,M,1,1,3.9065948981917353,58.88332617147232,65.74870712270925,2,0
C003117,F,3,1,2.485706013931715,64.6967035314066,67.3672643519455,6,1
C003118,M,2,2,3.598296354210788,63.53733984804355,67.79689798131021,3,0
C003119,M,2,2,7.827940816743446,72.83090503337742,60.80297644797249,3,1
C003120,M,1,1,2.8999151562267804,68.62367175555897,31.5066035130956,6,0
C003121,M,2,3,4.500421331813279,65.31310731893763,50.94459063673639,2,1
C003122,M,1,1,7.619040107112593,60.47336500365672,82.26663946352087,4,1
C003123,M,3,1,4.6416507641970925,77.25097209108779,75.51383006971442,1,0
C003124,M,2,3,6.5939230461602065,83.00249046468761,59.727555987949955,5,1
C003125,M,2,2,5.341121885554596,60.558500608731116,55.62000089973504,3,1
C003126,M,3,2,6.314774921397344,70.83980735237907,46.64828355454952,2,0
C003127,M,1,1,3.9688720306435217,61.13510290214272,44.44168349955762,2,1
C003128,F,3,3,5.396447044237908,46.85543555374315,77.05743395954413,1,1
C003129,F,2,1,8.094194317792187,39.99275695335669,54.304066241502966,7,1
C003130,M,3,3,3.3883479801730605,82.63897769556404,65.31673782373302,3,1
C003131,F,1,3,5.036364454781557,76.99542579298611,100.0,5,1
C003132,M,3,1,2.6227957352208824,71.03623620485052,61.82812346661821,3,1
C003133,M,2,3,6.396560834654933,79.97359997937525,46.437942123770334,2,1
C003134,F,2,1,0.4403915770742506,52.98696204013312,75.76652230533742,5,0
C003135,F,3,3,3.462934916337315,78.35987590476425,79.3755807818218,4,0
C003136,F,1,2,6.328319594505851,70.22719886481252,25.029226036279134,5,1
C003137,M,1,1,3.778538977842425,58.53680037923125,82.45581836624758,7,1
C003138,F,1,1,0.1738145409836469,30.43532505071464,43.764825050925126,5,0
C003139,M,2,2,2.418057762744547,43.551495492367806,89.03979442736727,2,0
C003140,M,2,3,2.607464694546158,90.79520119650479,82.95597056998955,5,1
C003141,M,3,2,7.574234633722499,90.28026244299839,62.334546402200964,5,1
C003142,F,3,2,5.850738436974689,43.729701385065134,44.78692435987613,3,1
C003143,M,2,3,6.075341985122108,35.04787795161012,79.77817926472785,4,1
C003144,F,3,3,1.401436859876089,84.54474186588632,67.54867594816012,4,1
C003145,F,2,1,4.118267296813149,63.78514500791596,46.06923326436199,4,0
C003146,F,3,1,7.532502755892608,54.193657757791414,69.43098505449723,4,1
C003147,F,2,3,6.079913668663984,46.491951855282615,39.679709008081716,4,0
C003148,F,3,3,2.991112467773459,46.37010038169616,64.82895906353326,5,0
C003149,M,3,1,5.837039914442784,84.56843583606624,65.17410535631741,2,0
C003150,M,1,2,1.2827257202356588,68.73959570296988,68.60220329852837,2,1
C003151,M,3,2,2.222111577669725,38.11524698067274,81.79167935797031,6,0
C003152,M,3,2,0.0,54.468871472639066,51.09006067847122,3,0
C003153,M,1,3,3.8608630179813836,88.73906858907193,48.48469473627607,8,0
C003154,M,2,1,5.501343920337522,69.522590250127,60.48903883233123,7,0
C003155,M,3,2,1.9874705024056745,44.04538662513558,74.67556883206706,4,1
C003156,M,2,2,3.9055516079663324,55.254289186511805,56.226315704794644,2,0
C003157,M,2,2,2.260860578664238,63.35713528823247,31.07507249088718,3,0
C003158,F,3,1,2.8066058310078468,79.24194786524643,55.25662230300627,6,0
C003159,M,1,2,1.8055490481425664,63.52227429026467,62.863426721725695,2,0
C003160,F,1,3,6.838014023858532,85.65906665040363,46.00153290620477,4,0
C003161,F,1,2,2.5867277705298664,68.9378628478139,17.68443438198379,1,0
C003162,M,2,3,3.5587506824592134,30.626684654315007,65.60990688118504,4,0
C003163,F,3,3,2.951653745774652,73.02271442740442,36.452051519650205,6,0
C003164,M,2,2,4.800667700255435,62.263780142052795,77.42179052328748,4,0
C003165,F,1,3,9.586277116442684,57.41628522406704,100.0,6,1
C003166,M,1,2,10.236919606645756,70.91515079784432,43.907764176785754,9,1
C003167,M,2,2,3.6260698940977423,61.269317518269844,66.33217711811852,4,0
C003168,M,1,1,5.027164757303871,68.01838355838728,65.38246618882627,1,1
C003169,M,2,1,6.225882112294078,57.1493445373179,32.37330239038387,4,0
C003170,F,3,2,6.873255836171943,56.554882187943896,16.37783893914022,3,0
C003171,F,1,3,5.510494017786147,81.60793985928593,35.59708809031551,8,1
C003172,F,3,2,6.545524632393908,66.71261692468406,54.536555169868535,1,1
C003173,F,1,1,5.020053566272163,71.14308782820474,100.0,6,1
C003174,F,1,1,2.727959424996257,56.33392070848927,70.31072699058052,6,0
C003175,M,3,3,6.531857461088841,80.96185795422514,44.08264077281483,5,1
C003176,F,1,2,4.41844039257987,68.08819798888224,43.909843262178086,4,0
C003177,M,1,2,4.850153556156284,59.93261002401313,47.674511139194415,4,0
C003178,M,2,2,1.1337603127022606,83.99932518431984,26.1772624999454,5,0
C003179,M,1,2,2.4229831411894205,59.92679699075846,44.069440414476624,6,1
C003180,F,1,2,3.2696994101962407,67.70976981955518,68.29731315264634,3,1
C003181,M,3,3,5.275901205495125,46.96198299951371,55.924245673016515,5,1
C003182,M,3,3,8.066534150319367,55.61572520068289,52.65524935244571,4,0
C003183,M,2,1,5.829876049724786,76.64901701538392,75.00936699088449,4,1
C003184,M,3,1,3.7140835173752107,64.24242092439106,39.718329019213265,6,0
C003185,M,2,2,1.941718948654243,66.38249582067012,67.71171805542566,9,0
C003186,F,3,1,6.859802179249748,63.65214444101924,39.47133064995168,3,0
C003187,F,2,3,4.816552571471919,64.26627247150087,74.95315714616544,5,0
C003188,M,1,2,0.0,56.895788292009954,61.15282824214285,4,0
C003189,M,1,2,6.407969698062667,57.9395123846391,62.94691238856691,5,0
C003190,M,1,3,4.936942933405482,60.59007229917537,57.57596599550774,5,1
C003191,M,2,3,0.0,60.64970004438667,69.79703405381942,5,0
C003192,M,2,2,5.4830027452949555,71.93434276815044,44.64214574021156,4,1
C003193,F,1,2,4.300256160824035,71.43562304643598,78.19814349429262,2,1
C003194,F,2,1,1.2187757607451513,84.76497804062357,55.386171312299524,4,1
C003195,M,3,1,8.59902960831254,75.3889226361442,68.89254177331533,2,1
C003196,M,3,2,5.07837887611435,51.70965580000651,71.8742419518774,4,0
C003197,M,1,2,3.0468315966338992,54.952017829408305,46.22918418642727,3,0
C003198,M,1,3,2.3884760119106554,78.95768098650613,68.89612535146753,5,1
C003199,F,1,2,3.6896689464164525,74.90151051143596,46.602437370331685,5,0
C003200,F,2,2,3.7614269370964943,80.58715076314948,31.376397651726343,10,0
C003201,F,3,3,5.3779498238152526,64.93987475805983,63.47811959194303,4,0
C003202,F,2,3,3.5831015064101006,61.10275953761978,98.95153107521139,4,0
C003203,F,2,2,3.199620241617984,70.1374816745469,48.209391986110816,2,0
C003204,F,3,1,4.4572432749961575,44.38752616740871,69.20840699617591,3,0
C003205,M,2,1,3.1483303661641235,62.03435922411802,74.74032115543699,5,1
C003206,M,2,1,3.8534109571897934,94.38839304531813,39.12717653875572,4,0
C003207,M,3,2,7.147827108883685,60.048938401908934,48.86812030929684,3,0
C003208,M,2,3,3.0436587751132405,64.76626100528381,82.4922003956402,3,0
C003209,M,3,3,3.722088122653589,61.95259495808461,71.7920262307554,4,0
C003210,M,3,1,2.320098642960014,87.54205822296886,61.267210093505014,2,0
C003211,F,2,1,6.4314021349167145,47.23039682541173,31.616006560469398,3,1
C003212,F,2,3,0.2829932734557845,75.11923161226075,49.611200482038285,2,0
C003213,M,2,3,2.1728495949358817,59.00454049653675,69.37233508751099,3,0
C003214,M,1,3,5.570340730508136,55.251587071079115,3.4165800842632734,4,0
C003215,F,2,2,3.669144424707983,39.86060650112134,74.6173193742064,3,0
C003216,M,2,3,5.942172115285459,90.71696403874874,80.37285005935296,4,1
C003217,M,3,2,3.5750881205736724,75.85214262841836,92.4070877475355,1,1
C003218,M,1,1,2.5213127849369235,45.09736929713729,82.92886689874277,3,0
C003219,M,2,1,3.730897967466374,46.11221126813092,67.21998489116613,3,1
C003220,M,1,3,1.1583156349124564,55.31379327948861,74.01418813695832,2,0
C003221,F,2,3,2.1833380418187094,72.48941009545058,53.58903079319621,6,0
C003222,F,2,2,6.00761243730873,63.07530526729702,50.05651904757485,6,0
C003223,F,2,1,3.430709863026138,51.30250917401118,67.87678677021123,4,0
C003224,M,2,1,3.9334900401725075,63.7885056072305,45.18017444919087,4,0
C003225,F,1,2,4.274152727697049,84.01851430115138,52.30849137034413,7,1
C003226,F,1,2,0.5494557137096097,73.92522802296698,99.43257611405248,4,0
C003227,M,2,1,0.5707846486656369,37.903641708410746,46.68236730152041,4,0
C003228,F,1,1,4.839497549995504,49.220048899142824,64.25755517080817,2,1
C003229,M,3,2,3.0971146653464117,63.036835023378806,30.765507175285684,5,0
C003230,M,2,3,3.515660408583095,67.00978320736196,45.19633736935641,3,1
C003231,M,3,3,5.3536338729580635,84.63494999979439,45.35422197657806,4,0
C003232,M,1,1,1.9437766869507298,64.84825658552074,57.750844964936086,3,1
C003233,M,2,1,2.7531292716529165,73.08814321505203,44.160575459414694,2,1
C003234,M,1,1,3.2242487923535403,32.19211909571957,54.83348125598795,6,0
C003235,M,3,1,4.740495789673668,59.03685416616477,50.80051824579896,6,1
C003236,F,2,3,3.2091964277613525,75.48314283279186,56.35341357059609,2,0
C003237,M,2,2,2.6077450650949063,93.32748120108405,29.92201512741598,4,0
C003238,M,2,1,7.725836448291514,44.905342015860626,31.76633629565857,3,0
C003239,M,1,3,4.0878683144506365,62.425468221931354,73.86605643750367,1,1
C003240,F,2,2,5.440445267092813,38.57563264378798,49.482779850237506,6,0
C003241,M,3,1,0.019487732457186713,61.942009197777,63.37641668517677,4,0
C003242,F,2,2,1.166110082361537,80.62521232494439,66.83972827856672,3,0
C003243,M,3,1,5.288545099809327,78.84692567772322,61.13554083358201,4,1
C003244,M,3,2,3.4699568490901944,64.26850534010187,35.576418847025785,7,0
C003245,M,3,2,3.1500923562254792,61.12368004154192,22.849820806621622,3,0
C003246,M,3,1,1.9090456210344393,100.0,52.25400712563876,2,0
C003247,F,2,3,6.143401569787269,61.732222528118314,60.385018628436974,2,0
C003248,F,1,3,5.439690663983984,56.73604086229179,84.88947955140617,5,0
C003249,M,1,2,3.8565487255316344,56.54255288817608,95.17055991429521,3,0
C003250,F,2,1,4.540819208072845,42.96839921772113,65.98660815309373,4,0
C003251,M,1,3,3.3290837840727034,71.5710779085957,58.16329573637432,7,1
C003252,M,3,3,2.4955061485004464,74.7154867171149,58.181507252042564,4,1
C003253,M,1,3,2.8586547311740658,74.18780759406043,58.72780983964883,3,1
C003254,M,1,1,5.6817167750579465,76.60184174739204,47.24946369170671,2,0
C003255,F,3,1,3.131877651596966,56.043100415573505,83.99459916345025,2,0
C003256,M,2,3,4.126288408589951,62.51151143152417,52.1403634689655,3,0
C003257,M,1,3,3.055025268200675,82.25606467344515,65.76029067611721,3,1
C003258,M,1,2,6.067288555157971,57.926225149586834,65.48783378905536,4,0
C003259,M,1,3,2.5696620046373666,56.55015815150055,17.534105611227027,6,0
C003260,M,2,2,7.359597809432177,79.90087084016878,41.11185177666367,6,1
C003261,F,2,1,2.738420586440224,53.036559136964044,65.86121526007503,6,0
C003262,M,2,3,2.7409654374172407,47.81200501711912,81.99302349945434,3,0
C003263,M,1,3,8.407499787010696,49.23160455863752,63.18263863911294,4,1
C003264,M,1,2,1.6536143194029882,100.0,71.95499958560936,7,1
C003265,M,1,2,3.917790803683409,80.07833302820728,39.98339322920394,5,1
C003266,M,2,1,6.225675725579106,74.30512262152664,60.48599003195058,4,1
C003267,F,1,3,0.6043869257328338,50.89870775432843,38.824187330555816,5,0
C003268,F,3,3,4.568028922251838,72.46405900691855,73.94559903748039,4,1
C003269,M,1,2,0.6141508557625142,90.40283246637483,60.77085995471128,8,0
C003270,F,2,2,4.080591964657351,70.40659033521612,91.23582386579258,3,1
C003271,M,3,1,8.479010864873903,48.40364638488418,59.60774681868112,7,0
C003272,F,2,2,0.0,73.00753579411877,31.57806433689472,2,0
C003273,F,1,3,3.83382410975161,62.591637786729315,65.90018006104842,6,1
C003274,F,3,1,2.999418643281162,67.0520958607268,51.731717158062345,5,0
C003275,F,2,2,1.783951015259864,50.5078894775349,77.13500582165446,2,0
C003276,M,1,2,0.6340435875022132,53.56892499328792,46.89646473280419,5,0
C003277,M,3,2,6.417809291168428,57.90564921477966,82.51006949604275,3,0
C003278,M,3,1,4.435050358919217,53.32922118538066,34.99622030995612,2,0
C003279,M,3,3,0.0,64.11405336256624,85.41292946080024,6,0
C003280,F,1,2,1.9286973049919167,54.74216762356454,35.29503006410454,2,0
C003281,M,1,2,2.7926046787185586,89.55167638336657,45.821454489118075,2,1
C003282,M,3,1,0.5431546827314682,72.3745068164732,72.22422294126466,2,0
C003283,M,3,2,4.192882094790151,76.37257761351256,98.54434743216386,1,1
C003284,M,1,2,4.561169985362982,62.914334416264374,61.52140922582295,5,0
C003285,F,2,3,4.52989030059227,34.921368270654526,34.73127072905168,5,0
C003286,F,2,1,8.445630676160587,77.59017772783996,17.92074132364887,4,0
C003287,M,1,2,1.930227513800971,63.35607325139009,77.13973149888562,2,0
C003288,M,3,3,2.959440002401316,71.24789388442967,89.65956794441841,2,0
C003289,M,2,3,2.840459052962429,63.93061612984155,79.67186500331844,8,0
C003290,M,2,3,5.8801780746744585,31.600150886484883,63.03064536318161,2,1
C003291,F,2,2,5.63936061971405,58.54394844561477,46.24593487529515,2,0
C003292,M,2,2,1.512441721165191,52.60408430679378,69.21996136817009,1,0
C003293,M,2,1,7.179364885379127,68.11434208408525,66.29222979487386,5,0
C003294,M,3,2,2.002389268450705,71.87343018665402,95.58681730468578,2,0
C003295,F,2,3,5.878569190247225,97.32027865019143,69.29733072365325,4,0
C003296,F,2,2,5.745863543483441,72.00098366276319,75.9302164626199,4,0
C003297,M,1,3,4.875580188019217,56.59405043291713,57.83197711221596,4,0
C003298,M,1,3,3.2753577313498132,58.65598034446243,42.21044407997536,5,1
C003299,M,3,1,3.315930437177441,72.73518337930606,59.2558997413338,5,0
C003300,F,2,1,5.05878197487201,77.67318230727793,16.419763422101916,4,0
C003301,M,1,3,5.157947183510439,46.31380461258206,59.61826947429165,1,1
C003302,M,3,2,5.561016656143145,61.2901073324272,65.58893330115451,8,1
C003303,F,2,3,5.561855858894225,62.67834678505211,49.88550854812628,3,1
C003304,F,1,2,4.753351920160495,40.76731763599253,66.35729661983794,2,0
C003305,M,2,2,7.109367245197129,75.80260665489637,79.31030689450543,4,1
C003306,M,2,1,2.67952929884507,68.37660909736174,62.2773656641343,4,1
C003307,M,3,1,4.093415701007728,62.05400950477104,58.217803463984104,6,1
C003308,M,2,1,2.771882304524955,68.6516863777239,52.88021367861059,5,1
C003309,M,1,2,9.37594322317453,74.80006310905529,55.332444146821764,7,1
C003310,F,2,2,5.681470295260031,94.01020623662541,95.525944025239,6,1
C003311,F,1,1,6.229404528994202,74.82216827418432,45.65777911000926,3,0
C003312,M,2,3,4.981986072587198,47.82468305792108,48.542650403149494,2,0
C003313,M,2,1,3.8758089482181766,100.0,76.9971895193294,6,1
C003314,M,2,1,9.875653596351334,48.16443583489142,46.09162075179258,2,1
C003315,M,2,2,6.674099703175392,70.84575322875071,75.80697025579809,4,1
C003316,F,2,3,3.294357348530375,61.89668193155427,43.13873888504321,5,0
C003317,M,1,1,3.401547714519754,63.22259205148564,59.80228383646106,4,0
C003318,M,2,2,4.488381407883491,70.6877862905497,76.70692694394619,10,1
C003319,M,1,1,2.810182392457066,71.82594540652973,37.905697713564656,5,1
C003320,M,2,1,3.2352266725358367,85.70578029020515,73.18406877036898,3,1
C003321,M,2,2,0.6566130308495914,55.12636411098364,76.21153055504622,3,1
C003322,F,3,2,0.0,70.99560462297768,55.218555349213524,2,1
C003323,F,3,2,8.349229585577504,74.11664627911253,83.05877663847704,5,0
C003324,M,3,2,2.8861426039018157,100.0,56.88350120122462,2,0
C003325,F,2,2,3.3311987639740614,72.49487773444505,58.14249071196142,5,0
C003326,M,1,3,4.151880561289514,47.74600747343234,72.87638345463854,2,1
C003327,F,2,3,5.531186191783666,85.61635654687508,82.21135649140106,4,1
C003328,M,2,2,5.706979255632747,58.351927441267186,9.119255332409423,2,1
C003329,M,1,3,6.2640598686368385,52.08419247900348,22.510100455530015,3,0
C003330,F,2,2,5.264742715982439,84.89780699699898,36.81881748643202,5,0
C003331,M,2,1,3.4104576701641314,66.98843840237467,71.226572739707,5,1
C003332,M,1,3,6.782136453623722,62.00916839014304,63.961832304124826,4,1
C003333,M,2,3,3.6071617233616555,90.28856830891266,26.092805175311796,4,1
C003334,M,1,1,6.269592191242851,57.31037953465228,94.91434561099962,5,1
C003335,M,1,1,0.6123746428088044,57.201881621322336,70.24442678356479,2,1
C003336,M,2,2,6.863042554350062,72.44843478543952,55.343525722121306,2,0
C003337,F,2,1,2.0386065453282645,31.14464983088174,69.05295886398653,7,0
C003338,M,3,1,0.8099443387688274,67.41680968934244,54.394062192434056,2,0
C003339,M,2,3,1.1420428325528786,66.19277236329727,79.65647566499361,3,0
C003340,M,1,1,4.446288350330115,52.19312880379603,84.28408084981413,1,1
C003341,F,3,3,9.029051603399534,64.74366032146376,88.21273591009461,3,1
C003342,M,2,3,3.5686363584491234,68.89116667439431,68.7634581185751,4,0
C003343,M,1,1,3.752915883894126,64.35043713159405,62.00408994953341,4,0
C003344,M,2,2,5.690523801969379,77.24426517373968,78.62661880605296,3,0
C003345,F,3,1,2.7332409991032454,69.04825999489732,90.60552119621302,3,0
C003346,F,3,3,3.670828018125259,62.45931493329904,55.31201266421054,4,0
C003347,M,2,2,3.2332197165377545,75.52108495068852,86.22757653316363,4,1
C003348,F,3,1,8.327996246905851,69.02581812284888,50.12279917441682,2,0
C003349,M,1,2,4.166375032243518,100.0,45.873153991799626,8,1
C003350,M,1,1,5.647020442006749,80.34925636654481,66.71078114301366,3,0
C003351,M,2,1,2.4331408239369976,57.05752249530876,46.75957655082876,6,0
C003352,M,3,1,1.4942909782303317,39.20903436043064,25.86615758565656,8,1
C003353,M,2,2,5.460561770860863,54.830523220377074,56.58948532813,4,1
C003354,M,1,3,4.556234717185116,34.36830348527503,100.0,3,0
C003355,M,2,3,6.26617846187238,74.97595235518465,26.601101294116532,6,0
C003356,M,1,1,2.049106897134237,60.63588712167684,75.65830879201849,5,0
C003357,M,2,3,3.7966422299274245,53.47003002178744,55.49593461255038,9,0
C003358,F,1,1,1.1657222340847517,73.96983896097534,47.40494099332326,3,0
C003359,F,1,3,2.9122483400630754,59.45960468038363,44.86700586887875,5,0
C003360,M,3,1,0.8201973855239366,70.91166058214061,61.80661569367717,3,0
C003361,M,2,1,3.374399046889568,61.00773168412345,54.98393743652074,3,0
C003362,M,2,3,6.877253374965304,66.15414821863098,70.93972990036174,4,1
C003363,M,3,2,2.112051991634729,84.35504490368928,99.84066649319303,5,1
C003364,M,2,3,2.0843866606912202,78.72387856128067,64.22153889154191,3,0
C003365,M,3,2,3.6326619234850894,86.4938390673683,49.069567984440766,2,1
C003366,F,3,2,3.594980429565993,70.163840866121,67.0620036520342,6,1
C003367,F,3,2,5.694157341853902,37.853805464867385,48.48204076027225,5,1
C003368,M,1,2,1.142169037200076,54.734030278870854,51.74684064655388,8,1
C003369,M,1,2,0.0,40.76876264454799,47.752130234118454,3,0
C003370,F,2,1,4.139733552279258,78.77928993349784,77.17752478329768,7,0
C003371,M,1,1,7.71946987388605,65.23092370482097,75.7533251919102,3,1
C003372,F,2,3,3.5734664332261445,83.89180342090108,56.89659520831837,4,0
C003373,M,2,2,4.8711778423704875,80.5683197223384,33.73919135124339,4,0
C003374,M,2,1,3.825000866100412,63.11283582149385,44.00910022717069,5,0
C003375,M,2,2,5.6401780978685,91.1870185088763,59.244908030468636,2,1
C003376,M,3,1,3.3523604452904925,79.3895418076285,81.14079509599682,4,0
C003377,F,2,3,3.8378928154962098,66.22165451412377,5.560083926260745,3,0
C003378,M,2,2,7.603951971927156,71.52272901210212,64.44045489961691,3,1
C003379,F,3,2,6.516955786427841,86.2085928049903,72.20503889823193,5,1
C003380,M,1,3,2.4781507989136076,71.71357241009179,72.64194423422047,3,1
C003381,F,3,2,2.5355913120955815,55.00927784894934,72.9341313515949,3,0
C003382,F,2,1,2.6887029548444787,47.35165131865242,79.12704361525427,2,1
C003383,M,3,1,1.5275278001663715,61.030550996262384,55.992660383097444,6,0
C003384,M,1,1,2.784892294762335,54.7884435859288,73.55777692748796,5,0
C003385,F,1,3,3.732710959767594,68.06287450578543,26.764768222825296,8,1
C003386,M,1,1,2.2984730710261867,57.27197870181233,52.006564425081876,2,1
C003387,F,2,1,5.1251818573419365,59.24691089683152,66.24832541193227,4,0
C003388,M,2,1,0.31815563968890315,83.1891071235289,51.15633913002114,6,0
C003389,M,1,2,1.4041929354065412,89.83928356889217,41.77689078049805,3,1
C003390,M,2,2,5.450070163716059,53.3387975162299,48.44587452819849,3,0
C003391,F,2,3,8.182028735634358,59.61288057476267,71.96551422277803,7,1
C003392,F,1,1,4.55631888895571,61.551835212749104,58.042372184621705,5,1
C003393,M,2,2,2.1647277864083803,69.70674605333627,59.324527469824645,5,0
C003394,F,2,3,1.5511523878666011,70.16106571824045,66.99594564481173,4,0
C003395,F,1,2,3.1744529477830037,57.3859176988969,64.8985996235759,3,1
C003396,M,3,2,6.786464277786293,72.64681690741304,86.45441697303954,5,1
C003397,M,1,3,5.1312972742195,58.072730810136434,81.26123808428454,7,1
C003398,F,2,1,1.2785250823279224,59.39930805071091,67.72906436797997,3,0
C003399,F,3,1,4.79716120775538,51.36338875573132,55.063302048581335,2,1
C003400,M,1,3,7.156375109750121,80.5319471808437,84.48018359795009,7,0
C003401,F,1,1,6.5978201028681625,78.63355762020589,90.48736982176298,3,1
C003402,M,1,2,6.927214490151398,70.20115413659379,32.522965284643725,3,1
C003403,F,3,2,5.76059692528286,74.94401607270028,58.76782690889071,5,0
C003404,F,1,2,1.179122550796055,81.62771494207757,56.901772987156875,2,1
C003405,F,2,2,2.2237770476116467,76.28019667725817,42.966997762232694,4,0
C003406,M,1,1,7.827008754130439,75.91745309076126,51.34280766081379,5,1
C003407,M,1,1,3.251780939253878,58.566294522749764,53.49530470861791,4,0
C003408,M,2,2,0.0,42.45146554507387,79.50939280373049,5,0
C003409,M,1,2,5.33402070409131,53.142369074565636,35.26102591530413,5,0
C003410,F,2,3,6.336549794449709,97.9241303122976,64.70827130705734,4,1
C003411,M,2,1,3.8231183638376227,61.43928407872489,46.353949189450134,3,0
C003412,M,3,1,5.209475963106339,89.01036575744237,82.46305697891019,1,0
C003413,M,2,3,2.1779899253243915,73.12272661543346,62.17937746515939,3,0
C003414,M,1,3,2.9785252686659365,64.5504491067918,77.21216650678414,3,1
C003415,M,1,1,0.020440406896045538,51.465686182286746,62.0100391559505,7,0
C003416,F,2,1,1.6381968269013583,54.4510788013366,31.100895245339018,9,0
C003417,F,2,1,7.1607590921001165,63.023834312320936,50.74273637415648,2,0
C003418,M,2,3,0.0,62.98085943054697,91.24775243243171,6,0
C003419,F,1,1,3.147828583228119,73.19569433532789,70.67557025902647,3,1
C003420,F,2,3,2.8257379858537655,54.82494208853804,96.44682210338901,5,1
C003421,M,1,1,5.307858046752603,55.37282949072369,87.94848081592359,2,0
C003422,F,2,3,0.0,78.08651002531799,49.19956494666666,4,0
C003423,M,1,3,2.3204049718484856,93.47901730082727,36.546849063592944,3,1
C003424,M,2,1,2.705440866693296,66.28224738630311,80.28719526550128,1,0
C003425,M,2,2,4.891547452137859,71.6516804244506,78.98577947432135,7,1
C003426,M,3,2,3.9787598393807166,62.79897178936332,60.802143223970596,2,0
C003427,F,2,3,0.35673928357980333,64.03678227056542,33.955338426454446,4,0
C003428,F,3,2,3.2547057781484576,61.82344083972815,50.456441012701944,4,0
C003429,F,3,2,2.289650305791916,59.75364711738932,63.15007536904268,3,0
C003430,M,3,2,5.019709913987623,73.3257251771411,74.06184203371916,2,1
C003431,M,2,1,3.458473043684587,74.25477956586988,42.18876984399061,3,0
C003432,F,2,1,7.846868298657599,61.34152305677906,78.66498047364679,3,1
C003433,M,3,2,2.539345176105,56.38645789166619,74.47484533729876,3,0
C003434,M,1,1,2.7506837264025834,57.84142996556267,74.72499123476817,6,1
C003435,M,2,2,2.8294362914059166,74.77568062842965,69.69692162478688,8,1
C003436,M,2,1,3.5753804641964635,52.96385766174029,21.021757962531467,2,1
C003437,M,2,2,5.851932650454257,49.749402649200256,65.71276296562,5,1
C003438,M,3,1,3.0271505925975304,69.23490336999434,53.12947771187727,4,0
C003439,M,2,1,3.1299853167208056,63.99673989672729,70.49569719836356,5,0
C003440,M,2,3,4.785471188672118,62.914516319680835,31.380528177184125,4,1
C003441,M,3,2,1.9180263321229738,77.50008077594974,23.71943913291061,4,0
C003442,M,2,2,5.3875668230319835,64.2242330064136,70.72661686765011,3,0
C003443,M,1,2,3.1685438419980727,55.17881937140511,43.98424740198212,2,0
C003444,F,1,2,2.0138263107787817,67.56127548776718,21.700650114738174,4,0
C003445,M,2,1,0.0,55.2172765858554,40.968855434701766,3,0
C003446,F,2,1,1.5754333953000486,78.27751115726811,57.0410920220244,3,0
C003447,F,2,3,3.5454367720963824,65.33724693929406,80.27865545173607,3,1
C003448,M,3,2,3.796754143617018,49.570092306593914,60.696152018218214,3,0
C003449,F,3,1,3.374783643453389,67.33346805675748,49.61346913163733,5,0
C003450,F,3,3,0.7443064890881375,53.07409791434442,55.34767074370306,5,0
C003451,M,2,1,3.5340036979934615,80.41181076843073,73.61129894543502,3,0
C003452,M,3,3,0.5833166030413071,63.517489532384374,69.9171417033933,4,0
C003453,M,1,2,1.2062144538845239,74.44380208425092,72.8970393484358,5,1
C003454,F,3,1,6.387245782467442,55.72724452319982,91.42973802628765,1,1
C003455,F,3,3,3.702672301100555,62.09836130279451,60.858747509421576,5,1
C003456,F,2,1,4.9283595426836,71.2188211236296,72.7259538682343,6,1
C003457,F,3,1,7.080531463682096,62.64008860533645,21.416506448271868,3,0
C003458,M,2,1,3.803289322894647,51.6234121664165,63.24926903540628,2,0
C003459,F,2,3,6.043029649251407,75.76912601349204,35.69991666692033,1,0
C003460,M,2,1,4.781303882344117,69.23818261787494,48.65057091354374,5,0
C003461,F,1,3,2.3464430290370797,48.87362054908125,51.73937248560927,5,0
C003462,M,3,1,3.610847690401,59.55914863555721,59.9294587999681,4,0
C003463,M,1,3,2.275391202630037,52.70123068510573,49.51073367843821,5,0
C003464,F,3,1,5.273086898368011,57.71302491396184,53.11512694324866,3,1
C003465,F,2,2,6.121489756156002,58.22472371625665,71.70215190354129,6,1
C003466,M,3,2,0.9197142597585,61.439092062673936,61.58510963053317,4,0
C003467,M,1,1,1.9930171422165976,43.713513807282204,58.79026369630102,3,0
C003468,M,1,1,3.1402300411835493,58.76275489947799,59.91616805822047,5,0
C003469,F,2,2,2.13336786641338,79.45097254342818,55.87277421212299,6,1
C003470,M,1,1,3.4111336246400854,90.86156085115465,77.83076924536655,4,1
C003471,M,2,1,4.725251408912681,47.89219419334471,58.352309272322756,3,0
C003472,M,2,3,6.7560824189759305,81.17929621877205,100.0,2,1
C003473,M,3,1,2.814361082255039,98.53860117524076,68.19489608608134,1,1
C003474,M,2,2,2.7117338038863004,62.05646083325662,73.44353596500909,2,0
C003475,M,2,2,4.744827193080965,72.66172907657148,54.30440457431696,3,1
C003476,F,1,1,3.8122667442469758,80.22136987211552,69.96909880309644,4,0
C003477,F,2,2,0.49576864084966266,58.46268337771602,78.34358053871966,2,1
C003478,F,1,1,2.0271339722802018,79.25841866205303,63.79235115687947,3,0
C003479,M,2,1,3.152862432069762,62.13422628696978,53.029948182549866,7,0
C003480,M,1,3,5.631477862145106,79.36762900393997,79.70979701282141,3,1
C003481,F,3,1,6.361585855559413,87.75140349438581,95.26724492533376,6,0
C003482,F,1,3,1.5840801569540721,83.87791992172036,33.198140461892514,4,0
C003483,M,1,3,2.222891725413927,60.29445048415951,51.458219424508705,2,0
C003484,F,2,2,5.814629987592832,73.97897642365214,59.187840802519176,3,1
C003485,F,3,1,2.8993332717042195,57.97187379281865,53.51460584109924,3,0
C003486,F,3,1,4.7007632812199285,47.90422844431073,58.89270530944221,4,1
C003487,F,2,3,3.493975591320466,61.683342792333875,41.944714888907534,2,1
C003488,M,2,3,3.9830289075375505,77.26831767158005,76.75209348041169,4,0
C003489,M,3,1,3.000856534360574,60.919610207130134,60.48111190211518,6,0
C003490,M,2,2,6.368369325624666,86.83743510083912,64.48849697084353,3,0
C003491,M,1,3,0.49827843764422575,66.16481468879206,54.87428334029492,5,0
C003492,F,2,2,3.0386946761069376,48.946776657981715,47.5789639370314,6,0
C003493,M,2,2,6.163606482101754,60.88970746632076,48.131744387255026,4,0
C003494,M,1,3,3.4413845080121868,55.40415351323498,88.97586335676192,4,1
C003495,F,2,3,3.6546224771178837,84.762976902356,42.301329006129876,7,0
C003496,F,1,3,6.005528025655906,72.578270123605,52.87485904596198,2,0
C003497,F,2,1,4.912251888761837,64.07364549984027,27.421999517110102,7,0
C003498,M,2,1,5.750899155277012,76.1725687878386,68.6966871125436,6,0
C003499,F,2,2,6.522646081833315,53.408530940639196,75.9032821607559,1,0
C003500,M,2,2,0.7127428880600974,47.968661633870596,28.460049601998747,4,1
C003501,M,3,1,2.8801254342218794,46.15680545830861,46.97960039812841,5,0
C003502,M,2,2,2.0721901213291694,37.57849437654996,45.69984231245615,3,0
C003503,F,3,3,4.593610305734523,49.0843857343238,53.58527286281796,5,0
C003504,F,2,3,6.16539466105625,73.4688029644208,69.93794874048196,3,1
C003505,M,3,1,0.0,75.95603232939587,59.52078296441072,5,0
C003506,M,3,2,0.39163295683752875,51.97823375552943,59.990915076255874,4,0
C003507,F,3,1,0.0,34.8673408372711,34.343983326414055,3,0
C003508,F,2,1,1.9674121520330723,58.928116517359655,59.23680781774436,7,0
C003509,M,2,2,3.9271896121205208,72.49514004085597,77.16138392985336,3,1
C003510,F,3,1,7.3867675564883095,77.50421186876223,61.89529371742805,1,1
C003511,F,2,1,0.941052175312441,68.65059590173804,23.896396315112696,4,0
C003512,F,3,3,9.079312548230224,49.90290487900515,82.85343082660388,7,0
C003513,F,2,3,4.962167246016557,75.9214654185979,84.31368388968038,2,1
C003514,F,2,2,5.042520510451109,70.91861691725717,70.21643413187957,3,1
C003515,F,1,3,5.376677865032638,76.09401183608082,76.78895499000473,5,0
C003516,M,2,1,0.691635377609868,51.637721575321486,68.63164712080939,4,0
C003517,M,2,3,2.4990128418891437,72.70108405805432,71.8587643264501,3,0
C003518,M,1,1,1.5479130278596664,78.02613669923825,49.67521072792177,3,0
C003519,F,3,3,5.212661736546499,44.7368945103446,74.2458909206739,3,0
C003520,M,1,2,1.7953220781706873,55.76543760684221,19.7143330044547,4,0
C003521,F,2,2,3.3129337307317503,42.18337430560475,57.13183240040908,5,1
C003522,M,2,2,2.316282064240048,52.81517168767346,76.46445558730328,2,0
C003523,M,1,2,6.923642870317809,63.44605820547271,86.36753079981705,7,0
C003524,M,2,2,2.439946541613804,43.286680934652495,67.50411199431858,4,0
C003525,M,2,2,1.357390634930117,81.68328164667855,81.60946257520544,2,1
C003526,M,2,2,4.83677400664675,81.90021604048047,59.023113762338966,4,1
C003527,M,3,3,3.640108110500171,63.04420825777645,71.50584533888727,5,0
C003528,F,1,2,6.866151854268752,55.148194399409206,72.83893638330986,2,0
C003529,M,1,1,4.453980733561484,64.34186196680166,17.497784268629246,4,0
C003530,M,3,2,4.380517998938761,86.88646028942455,74.06046768517884,8,1
C003531,M,3,2,5.711676637269978,74.37110051012465,62.131659203533296,2,0
C003532,M,1,3,4.791607530973713,38.01069901674393,63.95444502099939,5,1
C003533,M,3,3,5.522344782957234,31.1934207269451,76.12323803149368,2,0
C003534,F,2,3,5.337957215469151,51.410565657930405,50.38584082693672,5,0
C003535,F,2,3,3.0586006696402097,64.35349536841132,60.46970093317585,5,0
C003536,M,2,3,1.1381269601214865,39.463759705895455,61.262307734894065,1,0
C003537,M,1,1,3.390864112946711,61.90913392750288,66.95329479469686,7,0
C003538,M,2,1,0.0,39.85453091049604,21.2880730155806,6,0
C003539,M,3,3,2.1589929647966577,65.12001757278605,72.06716097891223,4,0
C003540,F,3,1,2.911849638913427,68.26304826687864,72.78788094048534,6,0
C003541,M,2,1,6.636263180737469,90.56289161266814,36.51347239278179,3,0
C003542,F,2,2,3.4479432540972788,63.018063499235055,46.6745332888061,3,1
C003543,M,2,3,7.640193240978464,59.672312820274676,80.41861768151865,4,1
C003544,M,3,1,4.818933245681089,85.00406188272754,42.3709952870139,4,1
C003545,M,1,1,0.19653032010019933,74.7975795685712,86.80475029195533,5,0
C003546,M,2,3,6.306455324576691,65.63969058566481,43.23659837979182,5,0
C003547,F,1,3,6.0778749226416355,60.43671408156403,77.50851945707346,3,1
C003548,M,2,1,0.09343102950644733,90.51323079714257,42.65649281140067,8,0
C003549,F,2,3,5.381040422934997,54.017842300022,74.91229045418144,5,0
C003550,F,1,1,6.962107023898654,42.840534515634026,64.1042807511405,2,0
C003551,M,2,3,0.0,62.124698579379924,64.35262903103482,1,0
C003552,M,2,2,1.4151847819597285,60.25533191559572,41.409108485653235,2,0
C003553,M,2,3,5.876867268891598,83.0823453941243,59.86686436267238,5,0
C003554,M,2,2,3.3987582218030785,67.33511390797877,45.91990585588347,6,0
C003555,F,2,2,7.052321720289763,78.72764837069968,44.06739014714757,2,0
C003556,M,3,1,5.885820649606632,26.59392044345889,83.73509833770244,4,0
C003557,F,2,2,5.639479294468635,59.98670561375888,100.0,9,0
C003558,F,3,2,6.385017727887152,87.13640899528353,46.20841495646079,3,0
C003559,M,3,1,2.0149541968539317,48.81656027060175,67.64208732631762,1,0
C003560,F,2,2,3.135351390326608,60.81202086499841,76.98699443675689,7,0
C003561,M,3,1,8.09866530037593,77.58602836233398,48.65415674680183,3,1
C003562,F,2,2,3.046595245761644,57.42920897232182,44.078181532167896,3,0
C003563,M,3,2,6.224839466294998,76.73659970915863,60.0053226544822,2,1
C003564,F,2,1,3.3822226856609094,55.93806649545449,60.30935207919349,6,1
C003565,F,2,3,2.131954327999852,64.43940568675113,14.547307105775104,1,0
C003566,F,2,1,1.6461474561327267,75.06528038428078,64.59882357947151,3,0
C003567,M,2,3,5.034573606592153,48.62445236206422,74.48931400059789,3,0
C003568,F,2,2,6.687153793719849,52.78850691363886,68.85652109894022,4,0
C003569,M,1,1,4.894814362713335,78.71365347612674,55.30808467336674,3,1
C003570,F,3,1,4.378283084011484,53.182110319247386,33.82549914611184,5,0
C003571,M,3,2,1.2925824223558169,66.89604402300625,68.25528072750555,2,0
C003572,M,1,1,3.8215173855131455,79.60776394592136,46.072960307373904,3,0
C003573,M,3,1,4.216554245675223,66.38205577768213,54.297339418748855,1,1
C003574,M,2,2,1.8839507326913414,69.09228802760326,60.122207956893895,3,0
C003575,M,2,2,4.775021681669384,88.24277419782987,74.46539966039177,2,0
C003576,F,2,3,2.304428862903661,99.51033212521008,78.69928058226988,4,0
C003577,M,1,1,2.956907441737499,67.04223768678521,63.7516742594435,6,0
C003578,F,2,2,5.522677593355503,58.63918466492888,60.57552027713971,2,1
C003579,M,2,2,7.339177801288285,77.49952474459806,73.80212226315057,7,0
C003580,F,3,1,7.147511994367734,53.347637709450126,44.194258239426745,1,0
C003581,F,2,2,3.5115861227978566,84.69572033509218,47.66992807850419,3,0
C003582,M,2,1,5.031653582314082,56.79185549838269,86.27258041316097,3,1
C003583,F,1,1,5.222033728661973,58.64992746319388,86.38842050832403,4,0
C003584,F,3,1,5.209095839725593,49.60910156933542,28.230381112532903,4,0
C003585,F,3,1,4.108264565448804,52.26197335445084,51.01285454191293,3,1
C003586,M,1,2,6.680798706761001,82.70580891442229,76.68439999572836,4,1
C003587,M,1,2,2.481691948511161,70.13699670982405,66.85224938025223,2,1
C003588,F,2,1,1.3208092519932233,64.21059735857669,57.31572594578978,3,1
C003589,M,3,2,4.610446465182017,95.75517354494198,38.185520695342305,6,1
C003590,F,3,2,3.1472764600668834,66.77494296200224,50.80334654461344,4,0
C003591,M,1,1,8.050249010700885,64.73598668110557,44.80779719855304,5,1
C003592,F,2,1,2.8094486670737098,48.308143372337895,84.50579989771279,1,0
C003593,M,2,3,6.108298446067754,52.86332920200999,46.3566898042859,3,0
C003594,M,2,2,4.87569896099013,50.965597225836106,62.31174226213244,3,1
C003595,F,2,3,0.7562178621596622,54.71520167224351,67.53621314405004,5,0
C003596,F,2,2,5.140631700774431,57.981154044373454,58.04130747118686,2,0
C003597,F,3,3,2.401466469089192,60.722764653491325,59.27235907211618,4,0
C003598,F,2,1,9.121394809681373,75.49222148829034,37.005893652507375,5,0
C003599,M,2,2,2.099405147267153,64.62271552995816,53.018933660011726,3,1
C003600,M,1,1,1.8064015032271423,91.82232329494235,54.16769108570788,6,1
C003601,M,1,2,0.0,74.45444604615136,49.12321799368557,4,0
C003602,M,2,3,2.1517798116150217,54.402114036197005,85.00179297813793,3,0
C003603,M,1,1,5.434724795207878,71.78241073118184,94.54635489362873,4,0
C003604,F,3,1,1.5675902514356848,67.26852284501224,77.73025312137945,4,0
C003605,M,2,3,4.969625752767739,85.94751268752712,87.2388537543808,4,1
C003606,M,1,1,4.404800458934237,77.31886711355371,48.635693805729794,2,0
C003607,M,2,3,1.6908348447204795,66.016324887711,56.18430399949205,7,1
C003608,M,1,1,3.5754136741835616,91.22881659874506,44.51593623230733,1,1
C003609,M,2,1,1.7658050995232109,73.35958419586376,62.06340789815697,3,1
C003610,F,2,3,5.7268954349417065,74.01789451820864,43.98254316483806,5,0
C003611,M,2,1,0.0,87.5471109452812,40.92446337461166,4,0
C003612,M,2,2,5.458927027762135,77.85185234684786,10.82885288358878,3,0
C003613,F,1,2,2.249021255245644,68.23922665159749,68.22977589429843,5,0
C003614,M,2,2,4.093641162574605,63.83108008478328,81.23604331438293,5,0
C003615,F,1,3,4.862084537932453,34.71393786556128,79.24670022398129,5,1
C003616,M,3,3,4.1476599462878,37.31439918360846,73.82133651553262,1,1
C003617,M,1,3,8.373066230979296,63.23898913151788,74.79339215968601,4,1
C003618,M,1,1,2.9181490742448997,56.67120696628921,54.435586522568904,5,1
C003619,F,2,2,0.8263098679692771,65.28233904959693,31.554440367790114,3,0
C003620,F,2,3,8.617445337331777,80.25590351333477,40.61641917320463,1,0
C003621,M,2,3,4.654323961611212,53.41097729979216,54.50637393688044,4,0
C003622,M,2,1,4.176499467049619,41.354881185900794,20.91803540432241,3,0
C003623,F,2,1,8.77298385273982,45.512885078415444,70.13498491928942,5,1
C003624,F,1,2,0.9672916897957906,50.2373335548308,67.49745713422065,5,0
C003625,M,2,2,3.6650726273566714,47.897685917730186,69.58632773091615,1,0
C003626,F,1,2,1.4625493761360389,65.64798530522546,76.42601173323771,4,0
C003627,F,3,3,3.6124614280827245,88.0850410305667,27.524053745352738,4,0
C003628,F,2,2,0.7053457559164009,74.22238674157718,45.73238326777549,4,0
C003629,M,2,2,4.055662759369303,75.3317812136999,39.14179076288254,7,0
C003630,M,2,1,3.897171934155482,68.28707253502624,49.707880910309896,2,0
C003631,F,2,3,3.785472663128086,46.41827844292037,47.23184346793424,3,0
C003632,M,1,3,0.0,98.60995160128888,21.020750598445943,2,0
C003633,M,3,2,5.554047138117862,60.23064446856799,72.43377376438788,5,1
C003634,M,3,2,3.359169134585284,76.63915193109601,84.20974375902135,5,1
C003635,M,3,1,9.650393226642176,31.431017289612164,46.75933997406496,3,0
C003636,F,1,2,2.8359809439913657,63.664594649426036,48.61330752671569,2,0
C003637,M,1,1,2.473572989597008,62.42179572834798,75.14196126991851,2,1
C003638,F,2,2,4.229371389132625,60.9932214262184,58.6534834523462,1,0
C003639,M,2,2,1.161212748476237,43.977713530454636,70.06601423053002,4,0
C003640,M,1,3,6.573422361248988,67.97492390933564,41.72670482919497,3,0
C003641,M,2,1,1.8241321384747975,83.29784565339554,70.96548664070404,5,1
C003642,F,2,1,2.061804652757821,96.49725034178661,67.08758622460542,4,0
C003643,M,1,3,5.736795151948933,89.73261917831522,51.87076403325528,3,0
C003644,M,3,1,4.466061264474533,83.96911739104638,59.14395448517801,1,1
C003645,F,3,2,4.424003132383199,90.63293048840637,21.71838538580385,5,0
C003646,M,2,2,1.0085495830971318,92.39011461627601,55.007678183856136,1,1
C003647,M,3,3,6.136890657939993,51.14475352943764,60.512559442007515,4,1
C003648,M,2,2,1.7311989222956514,68.77441405704711,52.464884678799876,1,0
C003649,F,2,3,0.20490057872488077,45.85323754881697,44.61848511694706,5,0
C003650,M,2,2,4.8132912319359855,73.07955081033927,84.85966635204515,6,1
C003651,M,3,1,3.527263833276158,61.30874850808826,82.35774724226829,6,0
C003652,M,3,3,3.473800126792421,62.681147437021615,60.73781149308385,3,0
C003653,M,2,1,5.472113377518353,60.895849942505535,66.51836633630589,6,1
C003654,M,1,2,3.296647777627157,27.565566051394512,27.33422135944953,4,0
C003655,M,2,1,0.15175015853792484,36.366691331985976,39.79420751892533,4,0
C003656,M,1,3,3.252646550340189,77.8376262157259,51.627299242190006,3,0
C003657,M,3,3,4.633299532616285,54.89290966502557,40.9214390876372,4,0
C003658,F,3,2,4.3921382338762465,80.34346477619853,78.09239853001884,5,1
C003659,M,3,1,3.6060079934917857,62.58148870074372,48.77027441006709,3,0
C003660,M,3,3,9.304300260154655,41.20782910455248,38.254967568461396,4,0
C003661,F,2,1,7.651244359947739,43.99138295272319,96.03024711801406,3,0
C003662,F,3,3,1.3582390101412196,54.92551653070045,93.19694219112193,3,1
C003663,F,2,2,0.9873160051915688,51.084904098561964,73.20557888719824,2,0
C003664,M,1,1,6.917259940101021,63.67341311057269,25.041701505597608,6,0
C003665,M,3,1,6.343827995776161,68.78153400869101,86.56904880301363,3,1
C003666,M,2,2,7.254968546306181,70.10174008184651,85.91541138343847,2,1
C003667,M,3,1,3.0228416147525063,68.42285313105793,28.84025443556249,4,0
C003668,M,1,2,3.647210278513571,78.26046549809763,19.225005990881442,4,0
C003669,M,2,2,0.08778669315193088,80.04108044925857,50.04052207390233,3,0
C003670,M,3,2,4.316643144083287,51.056716143183614,66.5271517944698,5,0
C003671,M,1,3,2.594793245332651,37.029220687717114,85.68553219521058,5,1
C003672,M,2,1,2.282583521634898,54.822231551707496,26.093469954716838,6,1
C003673,M,2,2,6.032234660925914,66.2509653033078,92.62074784423143,4,0
C003674,F,1,2,3.656972879908687,57.11802476568128,29.866992730651592,4,0
C003675,F,2,3,5.814573979508387,74.49511603526453,75.60640601711167,3,1
C003676,M,3,2,3.7625899112298793,45.01767385227693,59.467858453087324,5,0
C003677,M,1,3,5.205966852892056,88.70532090417649,82.59963671986117,3,1
C003678,M,2,2,1.1124627164379914,76.76550216981649,66.76302354237507,7,0
C003679,M,2,3,1.828633472281863,59.22165162642094,58.81899659303376,2,0
C003680,F,1,3,4.997391528294014,53.546052192619065,72.26490169741139,4,0
C003681,M,2,1,7.723452584873057,62.72089770765424,45.7558703092914,1,1
C003682,M,1,3,5.025918544488373,82.21655000748741,57.828794230755676,3,0
C003683,M,3,2,4.033936302894493,59.01278508922117,35.77518958910795,1,1
C003684,M,1,3,7.30506747959703,56.27668397399712,73.17385022320502,4,0
C003685,M,1,2,3.5202189837308877,64.92581290501975,81.18763342810657,2,1
C003686,M,3,3,2.2475657922367747,46.16924391713122,68.14903557745609,2,0
C003687,F,2,3,4.015145709340966,81.133930430091,63.94477280530475,4,1
C003688,M,1,2,4.8200734039952655,74.32091799090009,54.61053069584662,4,0
C003689,M,3,3,1.2142724513071372,78.58580017061435,100.0,3,1
C003690,M,1,3,4.2839975327769055,85.78264857017567,59.338346385219886,3,0
C003691,M,1,1,0.2065740216698133,53.14021480570397,31.833643270266943,2,0
C003692,M,2,1,3.3388857889341916,65.23230933719907,70.14557048094125,3,0
C003693,M,3,3,3.6554333515971122,63.58047730043971,60.99216294862357,3,0
C003694,F,2,3,3.9290779520528054,88.76437959571331,97.35506786028259,4,0
C003695,M,3,1,0.0,58.78406002957829,59.77333138008402,4,0
C003696,M,3,2,4.221110064345984,38.1476424404369,35.57373827387786,2,0
C003697,M,1,3,5.9226274219103106,58.09935002089408,90.55234853271577,8,0
C003698,M,2,3,7.097745594574128,78.29003957304855,65.42793815921189,4,1
C003699,M,1,1,7.196467830274518,72.99483928380684,49.72756486032354,1,1
C003700,F,3,3,4.05584171672016,63.596673502711525,100.0,5,0
C003701,M,3,2,9.452804030696445,59.29813396005313,59.43911965001668,2,1
C003702,M,2,1,2.3278215371259767,70.11463483968483,49.97291936261411,4,1
C003703,F,2,1,2.3975811792677044,73.49278619368991,77.17454452410416,4,0
C003704,M,2,1,4.039791471493166,68.25555190719128,77.30390403384881,4,0
C003705,M,1,2,5.819807238172381,59.76606749368766,76.53538675373025,6,0
C003706,M,2,1,5.415198969270546,64.5351097898417,84.22917583374853,3,1
C003707,F,2,3,0.0,56.79711418651172,25.79774889196578,6,0
C003708,M,2,1,1.8785980782062346,80.5088225479357,75.04054102108913,3,0
C003709,F,3,1,5.687813087044462,63.02515878842588,61.46473609447577,2,0
C003710,F,3,3,2.0449972131295397,50.97560544798535,62.45260336956732,3,0
C003711,F,2,3,3.716782590263376,98.89131467137757,50.910779738403164,2,1
C003712,F,3,2,4.7900271188606185,54.0740185125696,52.43119980209439,3,0
C003713,F,3,1,5.06403563231803,51.60167520987988,55.59762155519187,5,0
C003714,F,2,2,5.8934974597707654,46.9470928348678,62.465520336674906,4,0
C003715,F,3,1,6.79646329475351,54.69318846157453,20.46727630230155,2,1
C003716,F,3,1,5.391656616103868,76.1934105989781,72.95498371406909,1,1
C003717,F,3,3,1.299589732163326,41.284214794158835,77.63549440271373,4,0
C003718,F,1,3,5.29016406300372,67.41592239191617,68.44318669125832,4,1
C003719,M,2,1,6.3798504032900905,56.256558719224714,70.63236957248918,4,1
C003720,F,3,3,4.997683250567325,52.82741782019727,77.38922064122278,3,0
C003721,M,1,3,6.837401534144992,38.916162667446116,64.24855916986377,3,0
C003722,F,1,2,4.522613395718121,64.33585288105984,99.33411508976542,2,1
C003723,M,3,2,3.7206154575255224,39.294991924578184,60.06003543770398,6,0
C003724,F,3,3,2.1365524217429686,60.79044076759618,77.55661891961901,4,0
C003725,F,2,1,8.47555173409331,70.12087196077223,43.90070554749556,3,0
C003726,F,3,1,1.7003215737426816,31.115412705234895,57.59175694722931,2,0
C003727,M,2,2,3.989472613850707,75.40806552803734,79.95468112584533,6,0
C003728,F,3,3,3.2161602165255148,35.340286933205604,57.00650293103369,5,0
C003729,F,1,3,1.0647596403054531,92.23882322634819,49.912272584246736,2,0
C003730,F,3,1,5.953975955958078,62.086815778401245,66.1782662166431,4,1
C003731,F,3,1,5.097697792383528,52.055212723590685,60.769002062200734,2,1
C003732,M,1,3,4.536751429373164,68.07325451185179,43.301139713477035,3,0
C003733,M,2,3,2.619769913505765,51.48319716162303,53.10192088266625,4,1
C003734,M,3,1,5.239440137451775,28.56185428803022,63.92871659056592,2,0
C003735,F,3,3,3.425550985107019,82.07595447089874,16.312826676653607,7,0
C003736,M,2,3,5.05826253648138,59.79034321301177,60.78400637029497,3,1
C003737,F,2,2,7.159503773117059,66.13561581849218,43.706732020854474,5,1
C003738,F,3,1,0.0,62.520483780882614,55.313690722945424,5,0
C003739,M,2,2,6.204680980868209,52.54264537795403,37.12641246629444,5,0
C003740,M,2,3,9.221630754745362,48.24527757282825,53.51879000055339,4,0
C003741,M,2,1,7.785856795217304,75.9421809809949,92.33998194912465,6,1
C003742,F,1,2,5.700572235084552,72.68524652359865,41.64096011057134,7,0
C003743,M,2,1,6.6915574064968,64.3500371397471,47.97224300208518,3,1
C003744,M,1,1,2.1308714056127025,80.32578321700441,53.22025086605002,3,1
C003745,F,2,2,4.5287293112547395,63.88399472094187,21.57722925274959,3,0
C003746,M,2,2,3.6700414737297224,81.76484269658626,28.554947124727946,4,0
C003747,F,2,1,2.9722522859025817,87.13916790492337,69.7278405806635,4,0
C003748,M,2,3,6.174257114419317,81.23825143137687,49.1416542365556,1,0
C003749,M,2,3,3.5655120292577434,71.15700516691244,92.154919967052,4,1
C003750,M,1,3,0.0,49.854727303845294,42.909381262577526,2,0
C003751,M,3,1,4.964620017468322,71.65183582514918,93.24392458475242,2,0
C003752,M,2,1,3.938979072529557,57.88964117267347,28.23087018839262,3,0
C003753,F,1,3,5.524890183125465,75.8024819054309,56.84859652275718,5,1
C003754,M,2,2,3.098627373211091,89.22946514767705,43.575057117721514,2,0
C003755,M,1,3,0.20980700976919264,63.647624081660304,73.51288959100523,3,0
C003756,M,1,1,1.856399333269945,48.20418384256123,47.91490794410073,1,0
C003757,M,1,2,1.9862827309127802,75.52086374728799,49.99649431192283,3,0
C003758,F,2,2,1.7391962545632746,64.87505213762823,57.88285375459037,2,0
C003759,M,1,1,2.762138840945336,88.04529039210831,100.0,6,1
C003760,F,1,1,5.599932963831044,65.81181289992197,84.61259875285168,3,1
C003761,M,3,1,0.9612772360384567,63.94558255297528,51.34636417669146,5,0
C003762,M,2,2,5.942675625100696,66.4383829127368,42.39680081497259,2,0
C003763,M,2,3,1.2065836898032902,69.62055057739781,43.80114898943817,3,0
C003764,M,2,1,3.161530877527434,35.27512001324715,39.76231048395907,6,0
C003765,F,2,1,3.9216028310238062,52.825847611990085,78.23932708074682,2,1
C003766,M,1,3,3.3406973186298874,81.6053314452519,46.33323841132429,3,1
C003767,M,3,2,5.368121729758128,55.21903356573411,81.45245332461164,3,1
C003768,F,1,1,3.761508614301273,64.56350601309974,81.30523305601658,4,0
C003769,F,1,3,3.654829950239639,61.56293721939408,56.9162787531151,2,0
C003770,F,2,3,0.0,54.69739887854605,32.951888974008135,6,0
C003771,F,1,1,4.881657666756486,62.58385575920106,73.74424390638966,5,1
C003772,F,2,2,8.133045604241271,49.67434183347305,37.15815547360014,5,1
C003773,F,1,3,2.91775301417045,42.78581883952307,59.92593351970432,5,0
C003774,F,2,3,5.45307173194964,68.09086570105568,86.98831592665415,3,0
C003775,M,3,1,2.187604016677511,89.17640039022254,16.136179375830267,1,0
C003776,F,3,2,6.16788056818509,76.20715100599271,54.82244948538325,3,0
C003777,M,3,3,5.141690470939563,76.52045007133057,48.16315193256376,3,1
C003778,F,2,3,3.193511927620693,80.8151001751617,51.47918257499252,3,0
C003779,F,3,2,3.0485855767265453,68.08321070796883,34.331720298311396,9,0
C003780,M,1,3,5.419759604907636,65.35456415074347,97.34190519710143,4,0
C003781,F,3,2,4.090020699973457,52.11155472654929,62.92613333543422,3,1
C003782,F,1,2,1.2909813534340295,76.82277602533507,23.046045468300733,3,0
C003783,M,1,1,0.6382785176659231,69.15642712786736,66.61117628189434,4,0
C003784,M,2,3,5.294137803207765,54.676841085823014,80.25688774088947,3,1
C003785,F,3,2,2.3212051723389875,60.27593422438775,58.60930541606899,2,0
C003786,F,2,3,4.077609180508925,48.10226592041189,89.30603369765608,7,0
C003787,M,2,2,5.2938067160817655,72.87884305457894,22.376761390147095,2,0
C003788,M,2,1,1.3545768012820996,88.17209127730048,80.46683951955676,6,1
C003789,F,2,2,1.7687288813483315,48.056187243785594,55.39821515125375,3,0
C003790,M,2,1,7.569796833500661,80.6753700141007,43.8036700267633,4,0
C003791,M,3,3,3.092965716724566,83.13690892202686,74.2239478851082,4,1
C003792,M,3,1,6.241802133565914,47.55603820740082,73.84428664836047,4,1
C003793,M,1,2,9.515990667200395,33.988047127468214,87.2466075731268,5,1
C003794,M,2,3,4.526221366542445,65.94356369159081,86.38009791082018,1,1
C003795,F,3,2,2.103528750895018,62.39422886764644,61.27058948457835,5,0
C003796,F,3,3,4.279464407120205,61.69652982668097,30.971046098028136,5,0
C003797,F,1,3,3.5846767022992663,81.89988285784963,27.152983441597122,5,0
C003798,M,1,3,4.147701017494652,59.72027763429219,28.88149219776335,5,0
C003799,M,3,1,5.577598214299017,100.0,52.12334125915776,3,1
C003800,M,2,2,5.829543436696751,41.96303157285331,64.39475700338235,6,1
C003801,M,2,3,0.0,51.989470622259745,69.88833339733722,5,1
C003802,M,2,1,6.617893633028647,51.91169851942078,70.32042209779208,7,1
C003803,M,3,1,4.602005422033274,62.19042768335045,45.13671542005754,4,1
C003804,M,2,2,2.7381708856029547,86.3059178730247,84.64610640207137,6,1
C003805,M,3,2,5.61513043735211,48.247471136079156,88.92347929502091,3,0
C003806,F,3,2,1.688976430492159,51.44723468041095,41.73465444486433,5,0
C003807,F,2,1,1.7914893904849194,55.47946844982753,58.03981021788112,2,0
C003808,F,3,3,6.329749204451039,63.65327015835472,72.2271300465339,6,0
C003809,F,2,1,4.147454648024978,67.42398816986739,86.17635981662207,1,1
C003810,M,2,1,7.448916681868816,59.14682419251586,70.77345184874534,3,1
C003811,M,2,2,2.490489509273483,45.66716944077337,49.18474661905266,4,0
C003812,M,2,3,4.640943800253629,63.54104415739359,41.47261199640668,2,0
C003813,M,3,1,4.852299508402249,86.50314692644687,40.477187621511575,3,0
C003814,M,1,2,4.892952812952512,78.73179351772646,55.30138970523474,4,1
C003815,M,3,1,5.3656572440238754,58.146299224311,50.70995702093461,5,0
C003816,M,2,1,5.011148779742756,66.07182805886423,36.85993776057832,4,0
C003817,M,2,1,4.04219145647599,72.48954986696678,72.83127660394908,1,1
C003818,F,2,3,0.0,78.27466755932215,53.692590732255475,5,1
C003819,F,2,3,5.901177929901599,88.01805026992156,67.86168353153458,6,1
C003820,F,2,2,0.0,69.02902440686724,36.59679762450314,7,0
C003821,F,3,1,1.2858466441660528,47.4115476503019,78.17556333723329,2,0
C003822,M,2,1,2.4496875865706853,42.04229489335756,74.94483720161904,5,0
C003823,M,2,1,5.987022262399127,74.04295141230327,80.80249853905038,5,1
C003824,F,3,3,3.5111109550703374,43.28802632975257,57.83250137278399,4,0
C003825,M,2,2,8.12489494086459,77.23613851730397,55.73616085017038,3,1
C003826,M,2,3,0.9490484892124185,56.05512471034443,71.26948719212447,2,0
C003827,M,3,1,1.580767779644066,46.771930295027786,83.2969578571095,2,0
C003828,F,1,2,0.0,72.69887086025207,59.559538590033796,3,0
C003829,F,3,2,1.4770963690785366,49.65544586811441,31.84556404421656,6,0
C003830,M,3,1,2.6082170264158675,72.0817784517701,51.79030786493871,4,1
C003831,F,2,3,7.222860249464839,67.73948328831558,84.33686547776693,6,1
C003832,M,3,2,6.300718639262083,36.478471884998626,73.88198928089622,3,0
C003833,M,2,2,4.524591289277882,86.24204020949333,65.5487337082427,3,0
C003834,M,1,3,3.315264740414674,84.40523811239689,52.32684184344293,2,1
C003835,M,2,3,5.682391713796868,79.27358587895658,90.72514162144924,5,1
C003836,F,3,2,6.800067010980051,79.5931612810336,41.40055175704326,3,0
C003837,M,3,1,2.5771639480312727,54.069445512863204,60.325927305828536,3,0
C003838,F,2,2,2.7961019759091896,82.38731892052189,68.67107458084311,4,1
C003839,M,2,1,3.0507770221318617,76.36990556043534,67.73646867395564,5,1
C003840,F,3,3,0.18410806588295214,33.618191564560604,45.753388891286455,3,0
C003841,F,3,2,6.664054251712845,50.518392205382284,74.94085808704867,5,1
C003842,F,2,2,2.716494541866863,53.63028231777185,70.7645271549542,3,1
C003843,M,1,3,3.3634393684868686,87.16676022724637,63.33196823068095,4,0
C003844,F,2,1,7.203160499955711,50.51279076749972,67.71961047208231,4,0
C003845,M,2,1,2.8128798750180364,56.20056323352404,50.373969638332326,9,0
C003846,F,2,1,6.78535589745781,45.73998172229031,93.46898699250585,7,0
C003847,F,3,1,0.15400341965831377,57.83719662346348,84.4274790689336,5,0
C003848,M,3,1,5.235177522299177,80.51590889250743,48.247920898986116,8,0
C003849,M,3,1,3.019972162465975,43.64951664050241,57.15253504256062,6,1
C003850,M,2,1,0.5253250670282434,72.07767585379104,80.82697412962547,5,1
C003851,M,1,1,1.5018802413377221,51.84577977467471,72.1190616128839,3,0
C003852,M,3,1,4.308882184220125,93.25337044151654,62.51427588851732,5,0
C003853,M,2,1,1.8880860625446831,66.72360068935741,42.55197541683546,3,1
C003854,M,3,3,4.842612064155118,63.73898537510477,44.39796233709546,5,0
C003855,M,3,1,2.360263839728341,56.286378969790675,61.894024167732326,4,0
C003856,F,2,3,0.43723956137238007,68.22426664371606,90.64003268961217,4,0
C003857,M,1,2,6.133578194721878,42.93621112366694,81.57189009671819,3,0
C003858,F,1,1,4.647670953271503,66.4605368000708,71.91052188670128,10,0
C003859,M,3,3,0.03337898277786078,56.19826319064797,74.04980042103337,3,0
C003860,M,2,1,5.436699821094274,55.548314384031904,19.402640917165,5,0
C003861,M,3,1,4.268826679438138,95.89595923065546,66.22559521176203,2,1
C003862,F,2,2,3.0505181732633444,86.05895924939719,66.06083676043035,3,1
C003863,M,3,1,3.1377539453538406,86.90377645244942,34.140070097260455,3,0
C003864,F,2,1,6.94892716397062,77.75394492014661,100.0,4,1
C003865,M,1,3,4.7020535814093805,71.1203978763133,69.0248700390399,3,1
C003866,M,2,3,7.056152183717549,87.01638602352769,70.8523653044958,5,0
C003867,M,1,2,5.046713567569168,69.92167759571001,47.08385183634957,3,1
C003868,F,3,3,4.5166497290936825,74.27433253833335,65.46433946352336,5,0
C003869,M,3,2,2.3339598292997072,85.80245246283508,63.44123978256657,5,0
C003870,M,1,1,4.347143317698753,77.24190516225303,95.31584522446032,3,0
C003871,M,3,1,6.246201583192626,71.65128791783927,78.02909733056183,2,1
C003872,M,1,2,4.178680969338786,76.93461536117363,64.26433229320519,2,1
C003873,M,2,1,8.260057783496926,66.66504110061777,33.418636795093605,2,1
C003874,F,2,3,6.242913255422775,72.61810082123812,38.08245252860916,3,0
C003875,M,2,2,1.3638665376968317,74.06142952871822,14.334186992096434,4,0
C003876,M,3,2,2.933212093410231,46.48295082233964,54.5972940183193,4,0
C003877,F,3,2,5.4813367376959805,53.95498820727527,69.91091333456694,3,0
C003878,M,2,3,0.6407178484814846,75.91869380425507,62.01056259049389,3,1
C003879,M,3,3,3.7437981456163154,66.97726430378012,72.22100760263041,3,0
C003880,F,3,1,1.948172599021016,64.73487939233489,99.17506830666628,1,0
C003881,F,2,2,4.089545873087537,69.40303717506471,43.497502201741156,4,0
C003882,F,1,1,1.965798597334408,35.25919433588116,43.387562756087014,4,0
C003883,M,3,2,6.317516876120504,62.45865543978121,62.79943204654056,5,1
C003884,F,3,3,2.8797807533569397,62.58755856697814,32.38928377915207,4,0
C003885,M,2,2,5.462212779405216,67.70006394006205,59.4404584662436,5,1
C003886,F,2,1,0.7142042969135942,77.82423820752417,52.28241618572817,7,0
C003887,F,1,2,3.329700563458325,59.52168778753761,37.5614938447179,3,0
C003888,F,1,2,1.1849809092261334,85.16455715708574,37.089668527518704,2,0
C003889,M,1,1,6.625430063386995,50.398240226272,50.9980151648113,4,0
C003890,M,2,2,2.2963377317979967,75.40642675987667,47.99811819679073,2,1
C003891,F,2,3,3.8080282351253705,57.21412686854833,54.02688285143648,9,1
C003892,M,2,1,4.774203580035575,82.51729877876713,84.65436619409505,5,1
C003893,M,2,3,2.357798064130784,68.31292331883164,79.34213171972273,6,0
C003894,F,2,3,1.3593032448713291,46.908535690876334,67.56474289782102,4,0
C003895,F,2,1,4.408313671454752,66.54884549859854,72.66678198788752,4,1
C003896,M,1,2,0.0,71.00869653206965,42.111050989913394,5,0
C003897,M,1,3,6.951942892829656,68.38147086204674,71.58481096528165,3,1
C003898,M,1,1,3.699302668775074,69.93300370680073,42.38044921130806,5,1
C003899,M,2,2,0.7568550692269791,61.62652654320271,71.10197182920021,2,0
C003900,M,1,1,3.417787934463279,56.61304826754894,93.39153697283548,6,0
C003901,F,2,2,5.271153355729965,40.34166448518517,78.45478150518842,5,0
C003902,F,2,1,2.20246148987753,73.74475626714062,76.51981048775667,8,1
C003903,M,3,3,0.0,72.61528575249328,41.32403256687367,2,0
C003904,M,3,1,3.728598705410564,93.65070646763584,60.44653348043559,5,1
C003905,F,1,1,5.674594475072386,64.37832878357472,65.76403380349974,1,1
C003906,F,3,2,4.512697972411033,69.16275793652278,79.60469688887196,3,1
C003907,F,2,2,4.8861172150532175,67.26470414506603,47.86987577203186,5,1
C003908,M,2,2,6.10478932675959,77.99579318648257,59.19633310721887,2,1
C003909,F,2,2,7.48248059961495,57.28437839702037,90.19390872956748,7,1
C003910,M,3,1,0.0,67.25925766060425,62.07696938077981,3,1
C003911,M,2,1,1.0855745073331144,65.40840482542784,20.558175376993816,5,0
C003912,F,3,3,4.369342286235183,76.15339933413473,40.78517959202301,3,0
C003913,M,2,3,4.609523069045741,98.32635440042208,49.139849382155454,1,1
C003914,M,3,1,0.5925381057087531,69.9646158012967,42.917463141083914,7,0
C003915,M,1,1,2.2791988906488614,43.32911930228644,65.85326471883697,6,0
C003916,M,3,3,7.7885444646279325,47.418169380698274,81.886367907728,4,1
C003917,M,1,3,3.221053891840677,80.8274227866327,85.18083678180291,6,0
C003918,F,2,3,4.462715110145294,40.04161761580522,86.44671091414475,3,1
C003919,M,3,2,7.93982858168266,69.74732657708623,50.702248870337016,4,0
C003920,M,1,3,4.207194724498373,54.04037964286628,57.32221535342417,4,0
C003921,F,3,1,5.732228977008111,100.0,59.68001078622936,5,1
C003922,M,1,3,5.256291450101077,46.816257229285554,100.0,2,0
C003923,F,3,3,3.2609351459011457,55.07090026150076,68.66219766642669,3,0
C003924,M,2,2,3.1352142386117188,76.72011733662212,59.0356668134252,6,0
C003925,M,3,3,6.59953849315343,61.52299731927799,45.21682113025679,5,0
C003926,M,3,3,3.9822752472931073,54.21205492242698,83.2478306199921,5,0
C003927,F,2,2,1.780537873974259,50.51745519705623,39.02362654740088,2,1
C003928,M,2,1,6.381098082814961,55.14643092947526,66.09724529891473,6,0
C003929,F,2,3,0.0,51.40639777349306,60.08778577799028,4,0
C003930,M,2,1,7.472243668239106,64.80969351543423,55.385811568244314,5,1
C003931,M,2,1,3.589583054784045,93.87662234474647,95.8479597874817,5,1
C003932,M,1,1,4.017556906295392,95.93739715624328,71.30591106627952,3,0
C003933,M,3,1,4.182656589684856,95.67842076658413,79.94377888672109,2,1
C003934,M,2,2,6.927516185538403,63.04720130347093,40.16323752412184,2,0
C003935,M,1,1,4.383178237994287,75.73774958395362,80.0088529274283,7,1
C003936,M,3,2,3.950089994282058,66.90458792455789,86.37821815420665,1,0
C003937,F,2,3,1.904872140092841,52.69140134470655,66.08317637307687,3,0
C003938,M,2,1,2.4300122985754893,37.93697093217884,53.07480371375592,1,0
C003939,M,1,1,5.412551486932474,38.568697281094934,46.448308773506206,5,0
C003940,M,2,1,4.489900138557073,67.32656161970728,61.40680273746417,7,0
C003941,M,2,3,7.711655401193179,44.54601001904514,57.462005885995076,5,1
C003942,M,1,1,2.2073620136790577,53.068110863357525,50.19030373796352,8,0
C003943,M,2,1,1.4614710687027221,70.53499943373846,69.54931849805808,3,0
C003944,M,1,1,4.6595212511773045,30.016258102816664,64.62166794762938,3,0
C003945,F,3,2,3.812083410214336,87.01786356065665,54.11027576366388,5,1
C003946,M,1,2,1.3632526914380554,65.79287582541036,54.41439365528349,4,1
C003947,M,1,2,2.8581602715093712,59.353631963736305,30.167266501646555,4,0
C003948,F,2,1,5.550489123805962,55.424305813999815,57.893536501046945,6,0
C003949,M,3,2,1.095474851319072,72.09361005153208,38.472112481496424,3,0
C003950,M,2,2,1.49737049321761,50.52894524531342,53.84496208892089,3,0
C003951,F,2,1,2.397836188843137,84.8107170732748,66.19056437801707,4,0
C003952,F,3,2,2.443040156819909,78.01368291165723,27.423332315766736,3,0
C003953,F,3,2,5.74470183895677,54.1328976814144,55.52295291960108,5,0
C003954,M,2,3,2.7785350106839806,62.05770391965557,66.9066684669507,4,1
C003955,M,3,1,7.5890763128259335,83.19485796624986,32.92359383732925,8,1
C003956,F,1,2,1.7053481471863523,71.08641892796649,49.459780530576666,4,0
C003957,F,1,2,4.802661146768068,61.606946687247756,36.39922477615163,7,0
C003958,M,1,1,3.9117260129637845,53.833729247459424,76.08837641659493,2,0
C003959,M,1,2,4.007057102355715,63.31468118650282,48.98243102195538,5,0
C003960,M,3,2,0.0,58.79693788999608,48.103259326319055,4,0
C003961,M,2,2,1.585665440708949,69.6356308795482,75.67929021926187,3,0
C003962,F,2,1,3.6316716183555267,60.29194435088617,55.66469021252247,4,0
C003963,M,3,2,0.0,50.48842693940855,92.81047907003125,5,0
C003964,M,2,1,0.0,81.46237967058764,69.79132195383976,5,0
C003965,M,3,1,1.2836566988044753,73.1514571613865,68.38794497394234,5,1
C003966,M,2,2,4.742103991655218,50.03599004588672,68.97712245714189,5,1
C003967,M,1,1,5.049897201744139,56.15508072548908,83.54320699799113,5,1
C003968,M,1,3,1.308133741642303,75.64800827236422,4.198634871115885,3,1
C003969,M,2,2,3.5570212495628533,52.41872009493785,72.52576763203501,2,0
C003970,F,1,2,4.93213072055311,62.44737312962388,45.33879098533845,5,1
C003971,M,2,3,6.9151768186456675,60.63784487032642,38.72022003051114,4,1
C003972,M,2,2,6.829581570040759,54.14992336819989,57.498015450416915,4,1
C003973,M,2,2,6.004827595380278,49.07608078168308,58.48136302131967,5,0
C003974,M,2,3,2.8135848117462596,64.17821334048888,28.490351723699824,3,0
C003975,M,2,1,3.891581422249072,51.04366164676388,38.620562539670516,4,1
C003976,M,2,2,4.156799958011616,56.05325327687896,34.57107828504344,3,0
C003977,M,3,1,3.523513660410647,77.74166408464932,44.868679430636845,7,0
C003978,M,1,3,0.9715863560506208,54.24349277729942,69.08707804297315,5,1
C003979,F,3,3,7.170403536487362,71.86022871979367,53.15684279369401,2,0
C003980,M,1,2,4.952135851772313,79.35900408091636,65.17485883666714,2,1
C003981,M,1,2,5.914033322610638,63.393264981387006,45.74822094028797,2,0
C003982,M,2,2,5.453083632924098,72.64758520963922,84.55480346581459,6,1
C003983,M,1,2,3.046451374072872,52.145653831345285,51.78647346715133,4,0
C003984,M,1,2,0.7020707077444674,76.11776751008917,76.11779908995236,3,1
C003985,M,1,3,5.651686118034058,74.67596030706302,61.135792191653685,3,0
C003986,M,2,1,5.510113839166527,86.82499477434513,46.00876501024872,2,0
C003987,M,2,1,4.637278272377508,82.57900404666842,99.01595346737201,6,1
C003988,F,3,2,8.735362261340214,68.96672936628559,82.24959615244211,4,1
C003989,F,3,2,2.7542212399999775,100.0,56.14909556128281,3,0
C003990,F,2,2,3.307749094051989,78.25654285446703,76.58116543639834,6,0
C003991,M,3,1,4.4546813321284615,84.09332771496037,59.71875362719134,7,0
C003992,M,1,2,2.9061066701398413,58.083718811876906,55.09666817595404,1,0
C003993,M,2,3,3.4835248206567915,59.468811920185466,47.36838577081203,3,0
C003994,M,2,1,6.271597051086698,66.08479902972333,59.79998780516983,2,1
C003995,M,2,3,2.575529608387543,49.96469175962028,65.63351374592067,2,0
C003996,M,3,3,2.7254269395092576,65.56774376142359,63.858219216593284,4,1
C003997,M,2,3,5.2706539277109865,64.41088838682553,70.45455870734705,2,1
C003998,M,2,1,1.0965170376528035,81.41330500731326,59.58083590027225,1,1
C003999,M,2,2,3.8197762176787173,82.50804417252009,36.551174633069195,5,1
C004000,F,3,1,3.7044260121162744,66.81598183904136,67.19664164075232,4,1
C004001,M,2,1,5.378642268776155,59.409142787949214,46.79435925279885,1,0
C004002,F,3,1,5.7672498206706315,91.85755740935235,29.84451953674282,3,0
C004003,M,1,1,3.648313820119837,42.19418674807524,55.33759351047968,3,0
C004004,M,1,3,3.8109805413695947,41.72339794063199,49.93139617482222,2,0
C004005,M,3,2,3.922592426674331,72.21039948254035,44.1636553591693,4,1
C004006,M,3,1,3.322494282166248,63.95973619040849,35.7931557484161,6,0
C004007,M,1,2,6.842361348639292,60.39160359516026,64.30745301577079,5,1
C004008,M,2,2,5.103886040198587,37.56160302159269,47.36182769764881,4,0
C004009,M,2,1,6.785690839162845,51.82587102912796,42.329843148010504,3,0
C004010,M,2,1,2.071080371076937,87.16959082427539,66.28377320435112,4,0
C004011,M,2,2,6.752647928152869,84.61159381156028,55.41539406627183,4,1
C004012,F,3,2,4.26294815663539,76.85923118504691,65.56288929784074,6,0
C004013,M,1,1,5.505213318806481,52.757858822027636,56.221572640446325,2,1
C004014,M,2,3,0.0,60.00324109468639,65.39547782858543,5,0
C004015,M,1,2,7.577995693121241,58.963277777240975,32.685360146486005,6,1
C004016,M,1,2,4.969064004277652,54.84727826699241,85.06491600357583,3,1
C004017,M,2,1,8.100253960534236,56.83780222430511,27.884419908308715,2,1
C004018,M,2,2,6.446005232362033,63.48636519246049,74.2906641904021,7,1
C004019,F,2,2,0.0,42.86493476588727,56.82437278093742,2,0
C004020,M,1,1,7.347486041194652,82.71229805769238,98.19180653660845,3,1
C004021,M,2,3,4.411156679264325,62.96703014653575,59.96035302614945,5,0
C004022,M,3,2,5.412217154341551,57.46736170860764,71.26166394048437,4,0
C004023,F,1,3,5.19221779751914,41.355224716492216,21.835042753950752,5,0
C004024,F,1,3,3.7828246715374605,76.7415325741274,81.52744732544868,7,0
C004025,F,2,3,3.110185922360936,49.36868645682198,67.58317098287532,5,0
C004026,F,2,3,5.552405631276578,72.22915850827513,27.06016070084783,5,0
C004027,F,1,3,2.169142233164602,51.78683401901925,47.15507482499586,4,0
C004028,M,2,2,4.062155422987697,66.7111456613111,53.64538808399324,4,0
C004029,F,3,3,7.084067048545008,45.76406793430153,78.90035637945644,5,0
C004030,M,3,1,1.3171437466877576,62.44585648277163,54.34735142395092,5,0
C004031,M,3,2,3.5623922633338276,63.83479577225251,36.06775449350833,1,0
C004032,F,2,2,6.569827419775187,67.42421929430657,51.07457765623513,3,1
C004033,M,2,3,2.2001760682951863,78.25137070158368,69.14729844548569,7,1
C004034,M,1,2,0.0,72.74728617547777,57.33268889228365,6,0
C004035,M,3,1,0.0,88.44525977575996,71.1853449585401,3,0
C004036,M,1,1,2.9656177467111666,43.54306969327213,15.42962166251408,5,0
C004037,F,2,1,7.705219426883926,96.36990928488726,92.20992952223031,4,1
C004038,M,2,1,2.3219645763791976,79.10295564372053,58.82629737176906,3,1
C004039,F,3,1,3.3664747698291797,58.36411882186425,65.12091632344925,4,1
C004040,M,3,1,4.116786198998176,79.83543627072332,74.94343950283594,4,0
C004041,F,3,1,6.433450840808376,91.49753114068578,82.15899273231553,5,1
C004042,M,1,2,5.88543779170245,81.68891531666507,80.14088785705493,4,1
C004043,F,2,3,3.66250125163207,50.188739859148136,45.19218197271913,7,1
C004044,M,3,2,5.318823359028379,65.61545890075263,29.36792503150538,2,0
C004045,M,2,1,6.3341182287209055,76.32170469301032,68.54999031997156,6,1
C004046,M,2,3,0.37996487753682473,64.52741682417377,81.06644079716837,6,0
C004047,M,2,1,3.1710405629509353,71.5979245793023,68.63487081420595,6,1
C004048,M,3,2,1.3585135227533707,72.64599950193644,22.07885455885082,2,0
C004049,F,3,2,2.401477359604269,50.201065655674746,96.61359754293309,7,0
C004050,F,2,1,5.430193159985719,83.88015992074257,50.299160573500956,5,0
C004051,F,1,2,1.3593865869666932,66.37371292451476,75.19111202999844,2,0
C004052,M,3,2,9.080749491188003,64.32793104253183,25.45021265791958,4,1
C004053,M,2,3,5.449855506596952,51.506733647676874,84.95495295370873,3,1
C004054,F,3,1,2.713857559281624,61.37141068439378,77.7724992192482,5,0
C004055,F,1,2,3.710695101908521,79.05117289518375,52.03622528610927,4,1
C004056,M,3,2,1.1658770871880346,68.59600316502961,82.99539744535221,5,0
C004057,F,2,1,0.7560046258065878,75.61440504027684,63.11385054325086,4,0
C004058,M,3,2,3.152064289354201,64.49050711683661,74.89941618951752,1,1
C004059,F,1,2,6.878768328198026,66.32054690624032,57.770515064826846,3,1
C004060,F,2,3,0.9048898420063485,40.37379658643711,47.08992492265371,4,0
C004061,F,2,3,6.712653320479749,70.86978716969821,92.51011177168269,2,1
C004062,M,2,2,3.5914784518814966,62.07591571497416,68.43256840554345,6,0
C004063,M,2,2,4.5250417845249675,69.75983069036947,34.93380784643165,3,1
C004064,M,2,3,4.160681843661229,32.73735848223834,62.618361646915275,2,0
C004065,F,3,2,5.703804510376932,100.0,72.52145721257618,4,1
C004066,M,1,2,6.414876034761861,66.10274865998659,79.95047915640714,5,1
C004067,F,3,1,3.527973241603515,71.92592650566742,98.49757585937633,3,0
C004068,F,2,3,5.1216584021945035,70.80928037475441,71.17260305839292,3,1
C004069,M,1,1,6.8616668691419385,60.259813280506464,46.83625267273316,4,1
C004070,M,1,2,5.790983502179822,71.32531174194345,56.06761017566039,3,1
C004071,F,2,2,3.0910321543578854,82.80771643577818,83.47426828216703,7,1
C004072,M,2,3,3.570813493872391,67.67462732885332,47.44178047615247,4,0
C004073,M,2,1,1.8296650363156255,77.87440585998071,63.698574512767316,3,1
C004074,M,2,1,7.9990385453838275,76.53556171882101,51.31162749827093,4,1
C004075,M,2,2,4.674245064373761,75.59600367673556,54.324715040154075,4,1
C004076,F,2,3,0.9124852757649702,92.7632720954777,55.86644879791073,4,1
C004077,M,2,2,2.152405152243225,70.28959915219515,64.09441679119081,7,1
C004078,M,1,1,3.662148644552335,63.847445395515585,57.511952186256906,5,0
C004079,M,1,1,6.952553239370635,64.36174244163415,30.953566819336388,4,0
C004080,M,1,2,3.579799991739148,71.1289469597568,82.10121016804601,6,0
C004081,M,2,2,5.328695622775353,44.71699936618824,79.9840779675592,3,1
C004082,F,3,3,2.4278539967210104,85.99170311310445,63.74425926254116,3,0
C004083,M,3,1,5.417576420502103,61.34230221997376,82.56349832959603,4,1
C004084,M,3,1,6.862659498876777,63.61997678494295,73.36562120850819,2,0
C004085,F,2,2,5.73734025085616,45.45186004811208,74.34483236891717,3,0
C004086,M,2,3,0.0,66.64199163089313,65.87492672727909,5,0
C004087,M,1,2,3.664340876686434,44.667047246276155,73.66328481503373,6,0
C004088,M,2,1,1.6730304423296407,39.76278182410904,41.52822869086836,1,0
C004089,M,1,1,5.476748258490506,54.04757199086188,54.16484672608751,2,0
C004090,M,1,1,4.15454103895075,61.30168643689914,33.785715138165656,6,0
C004091,F,2,2,7.765667366180065,52.135795628918174,38.69619337342701,4,0
C004092,F,2,1,3.2688103778375,69.28742121915289,82.54450853219025,1,1
C004093,M,1,1,4.1602240300064635,83.3933768207675,67.59474783860156,4,1
C004094,M,3,3,3.728986335964932,68.27328068707138,51.11635732592026,2,1
C004095,M,2,3,5.581172542637958,31.752696576636126,42.6611434569694,3,0
C004096,M,2,2,1.862485030847735,64.723477762634,35.17558712414367,2,0
C004097,F,2,1,1.7997508267032094,73.71135076952534,38.2091455055161,2,0
C004098,F,3,2,2.7607507310936876,59.44624872049636,48.81333851928412,3,1
C004099,F,3,3,5.286479430049437,69.7329032514599,8.884774387805692,5,1
C004100,M,2,3,6.286044154703202,68.97287983233285,76.25526782284285,4,1
C004101,F,3,3,3.7953431549602277,48.503929724785195,65.62661356726454,1,1
C004102,M,2,1,5.301403461035912,83.06785061827371,67.52308450347543,3,0
C004103,M,2,1,5.117511765606299,60.657064418792096,71.436583318203,2,0
C004104,F,1,1,3.873453378091573,60.06721675354233,59.400138755848396,5,0
C004105,M,1,1,3.8211593030457514,71.78009601666635,63.880538562497655,5,1
C004106,F,2,3,5.677568354183246,40.92386299152746,59.21016628336321,5,0
C004107,F,2,1,8.21435889079384,83.98994230929367,86.14774697483067,6,1
C004108,F,2,1,6.17363983146427,50.26420688341884,43.68965830558507,1,1
C004109,M,3,2,6.646308473126892,92.13826388854554,74.93009816354063,2,1
C004110,M,3,2,8.486034001817215,81.89718530133143,40.56120538950687,1,1
C004111,F,2,1,2.4642326316631493,49.84372610512231,38.99030971106136,3,0
C004112,F,1,2,5.5431882384926885,69.9992443015208,33.405891662665,7,1
C004113,M,3,3,7.203807028448883,50.659905204931626,25.242968272259283,5,0
C004114,F,2,1,6.066235488748941,48.598865481166314,64.5268346798639,4,1
C004115,M,2,3,2.682053038672869,27.531959014257907,41.38524561311142,2,0
C004116,M,1,1,2.247023831586674,74.51439495752817,65.811895499495,2,1
C004117,F,3,2,7.592709934442688,58.15238696701365,89.39835647255919,4,1
C004118,M,3,2,4.914521310831302,76.77540444956001,51.70154846558231,2,0
C004119,M,3,2,4.672260368796881,68.38245912105147,66.56530213809285,4,1
C004120,F,3,1,4.042886970199514,46.73901726102851,78.5509566607121,7,1
C004121,F,2,1,7.322169145512618,77.61551372226573,65.19648211575947,7,1
C004122,F,1,3,6.143064650418238,72.78879614001721,62.23455281556099,5,1
C004123,M,1,1,3.5907080223245784,57.80622947238238,29.705749484365626,2,0
C004124,F,1,2,6.005125964789934,79.62698817044189,62.155520961563774,4,1
C004125,M,3,3,4.392032396908457,60.94301717501731,70.99368001127134,5,0
C004126,M,3,2,5.918051454121276,53.20806344708336,92.5878163649538,4,1
C004127,M,2,3,6.983651138075081,62.13956439231245,53.40769411647179,5,0
C004128,F,2,1,6.720016216192251,59.45451237800348,82.00351277940251,3,1
C004129,F,3,1,0.20335973415305286,42.74024750066443,48.830431075661906,3,0
C004130,F,2,3,5.130054329600892,25.45225371882787,76.79129048634972,5,0
C004131,F,1,2,7.251810427761891,89.70270698230041,45.01709408051009,2,1
C004132,M,2,3,2.41860112078147,81.98422243742752,62.24865338659581,5,1
C004133,M,1,3,8.376347383714739,87.17144746336044,48.22904387174842,5,0
C004134,M,2,2,5.365529570768123,78.52935044369083,60.14100184119391,4,1
C004135,M,2,1,6.108648043902894,58.79192426128618,60.08846304455736,3,1
C004136,M,3,1,6.106664446119692,62.360092876091066,61.66753948366071,6,0
C004137,F,2,1,1.0422075785042573,55.75965185963808,45.700809786973906,2,0
C004138,F,2,1,6.1899186592949516,73.1169755955768,59.14478926430516,4,0
C004139,F,3,1,5.084987348135417,72.09411967851051,66.1716092539101,7,0
C004140,M,2,3,3.014469660122423,59.857137967195094,54.113968760817095,3,1
C004141,M,2,1,7.571718719608791,71.57200822441308,44.35485194504489,2,0
C004142,M,1,2,0.0,82.40171126725107,46.50048746336929,9,0
C004143,M,3,2,2.652422564612266,64.95672183639134,77.83259232255621,2,0
C004144,M,2,1,7.197530451559749,47.54449477404875,60.14458105197696,5,0
C004145,M,1,1,6.219860308259746,71.84775115544835,85.13850929564654,4,0
C004146,M,1,2,2.8172189621397434,46.654446655524445,55.63367574940647,5,0
C004147,F,2,2,2.433346255071453,52.867137856241605,57.31123988645,9,0
C004148,M,1,2,3.6438644087415497,69.14278816109052,69.65661586031668,6,0
C004149,M,1,1,4.861787730633847,74.28003964329928,69.96095158189897,5,1
C004150,M,1,1,3.2442348397242124,66.4299254487116,84.07258405324751,4,1
C004151,M,1,2,4.030668949460475,49.80579864570632,21.059327817977767,3,0
C004152,M,2,1,4.4239086893715225,100.0,68.5596835191896,9,1
C004153,M,2,2,3.511109983856951,57.17397399774437,40.826870255326156,2,0
C004154,M,2,1,3.2790536400806958,71.82427484225748,57.75983007403532,4,0
C004155,M,3,3,1.6911328282913085,56.237393580339635,39.988086587776074,4,0
C004156,F,1,3,4.221784656213438,50.90224685692553,63.827386179298095,6,0
C004157,M,3,1,4.178109346924198,65.77989039503306,40.76420831762497,5,0
C004158,M,3,2,2.2186841593249813,58.3661070484054,25.735884011935518,6,0
C004159,M,3,2,4.900465481444745,66.42876825582938,39.1165557316811,3,0
C004160,M,1,3,6.869897532867821,55.16114519904134,80.46630854718052,5,1
C004161,M,1,3,4.419067645113769,67.02035456254744,71.98606211842564,4,1
C004162,F,3,3,5.223988333729108,53.74527230667876,82.76902960557057,3,0
C004163,M,1,2,6.451021451891754,81.14723540231124,24.650647097791378,4,1
C004164,F,2,1,4.202274343580575,69.46854041441276,91.97157987907912,4,1
C004165,M,1,2,6.241603368032551,63.11914385578315,100.0,2,0
C004166,M,2,1,0.0,64.75285860029736,41.11623880442413,5,0
C004167,M,3,2,2.719965037891691,59.345417574894995,66.6958564196936,3,0
C004168,M,1,3,1.8533315118181681,66.79051154080327,48.67549914090367,6,1
C004169,M,3,1,7.379477329276183,87.46430465671702,73.93658304497583,4,1
C004170,F,2,2,5.666749326104915,56.43095748608175,89.60156523604792,5,1
C004171,F,2,1,1.6166300969300624,67.40613243227097,42.300648165815346,5,0
C004172,F,3,1,2.128844619318788,53.48674344544529,36.28488037799615,5,0
C004173,M,1,2,1.258808459378479,27.77138014972438,55.2832220513873,6,1
C004174,F,1,3,4.995431283361043,74.19340495405055,100.0,5,1
C004175,M,2,2,4.701588249966658,81.17578310176152,75.12549134263854,9,0
C004176,M,2,3,3.345237945265292,71.53421444162713,68.99305500098183,7,0
C004177,F,2,1,2.346111139188497,100.0,78.48931032489263,3,1
C004178,F,1,3,4.205990039671634,59.60390545294487,81.0055887646621,4,0
C004179,F,3,1,9.943638046576009,51.567212562067255,66.02728612547916,6,1
C004180,F,2,2,3.430111544433812,82.75902769339496,59.048350194567135,3,0
C004181,M,2,1,6.790334077976379,83.69042945019497,49.59063396869542,2,1
C004182,F,2,1,3.614996761540177,81.47223695053194,63.943455434447245,3,0
C004183,M,1,1,6.404556847343626,48.788445001591086,80.59725351551145,6,1
C004184,F,2,3,5.598279430946284,54.51746546441704,79.51689825493503,7,1
C004185,F,2,2,4.198455188342279,40.36060727536271,50.101199202109946,4,0
C004186,M,2,3,5.676216655644671,94.59531772906078,57.94601985207682,2,1
C004187,M,3,1,6.906581128963072,51.19679382395472,38.46589050997126,2,0
C004188,M,3,2,4.418246431387968,46.90198109323737,79.34971246514431,3,0
C004189,M,1,2,3.8710573184772454,63.43654736474212,69.33365209606514,3,1
C004190,M,1,2,5.732719393090424,66.76030877240734,55.0637521771277,6,1
C004191,F,2,3,7.857021624390786,74.99362822163165,52.41692078220077,3,1
C004192,M,3,1,1.2100433706008356,63.046016048276456,42.545878293120275,3,0
C004193,F,2,1,1.480953716911892,54.80962743757895,61.482584284387144,4,0
C004194,M,2,1,7.381190833036705,59.06393199804729,86.92817950415369,3,0
C004195,M,2,1,3.077811002840305,55.94691730511332,45.91138729348524,4,0
C004196,M,2,1,7.006977198014674,85.90373424565486,35.235499354071756,5,0
C004197,F,3,2,2.786672458788165,64.90512375471715,62.14393912980193,2,0
C004198,M,1,1,3.237973407637128,74.52180332868333,81.29584054672203,3,1
C004199,M,1,2,6.556725759198056,61.86103239620378,77.28006301348248,2,0
C004200,M,1,1,5.883173053035678,37.5974193863747,81.90050591294143,9,0
C004201,F,1,2,1.7734890665679743,89.64464406416857,50.71054762656206,4,0
C004202,M,2,1,5.581557532371611,73.70685027101884,75.97708659604814,5,1
C004203,M,2,2,2.798828171521059,70.81740406051875,66.71112558865975,5,0
C004204,F,2,1,5.2275028697957655,33.194214058348706,55.27346102256618,3,1
C004205,F,2,3,4.4032932176643085,62.9135145965449,60.5244969493807,7,0
C004206,M,3,2,3.8928612219155303,88.13620400236836,74.7648468060656,5,0
C004207,M,2,2,2.912295617774657,84.43487431499601,70.30086389316845,3,0
C004208,M,2,1,0.5942415255319928,61.73517441957978,69.8924684357808,3,0
C004209,M,1,1,2.882240953909455,83.29043379646805,72.09932495014831,6,1
C004210,F,2,3,5.798609132466849,88.55356670258844,52.70299447352009,4,0
C004211,M,2,2,5.274431568455544,62.68206073234967,36.15188552075887,2,1
C004212,M,1,1,2.4389089108452815,84.77031321694375,47.55869973600522,2,1
C004213,M,1,3,6.706106149985805,84.0965763808739,75.90009560156099,5,1
C004214,M,2,2,5.082588209163027,77.58254495905386,34.35772724663063,8,1
C004215,M,2,2,5.646729031781903,79.03553115661575,60.18646520180746,4,1
C004216,F,3,3,2.010451602100433,51.902096323290706,62.69983375105394,6,0
C004217,M,2,1,8.269105718415567,76.77348024116301,73.07098445617672,5,1
C004218,F,2,2,5.361098516765054,63.116615501654294,37.065943365788414,4,0
C004219,F,3,1,7.690773691101256,51.43720740364058,19.455119612066795,3,1
C004220,M,1,2,2.9270161761118008,87.80964998959175,49.73436791904517,6,0
C004221,M,2,1,0.2916258330853334,63.23236798241462,70.10041483131874,6,0
C004222,M,2,3,2.239266131099744,68.51732323615688,85.01468623428656,7,0
C004223,M,3,1,6.6102874213114475,67.11378912434652,47.960051354372204,4,1
C004224,M,2,2,1.8346843084321667,41.65174607153611,44.8969278095487,5,1
C004225,F,2,2,7.60380253210835,60.56521169341691,64.4192355061388,1,0
C004226,M,3,1,2.728705573493003,76.6044701521206,97.54187365754913,4,0
C004227,M,3,3,5.176194049936349,65.21567410635511,68.3230965367465,4,1
C004228,M,1,2,4.839144447206211,59.70595541244269,69.64994424618885,7,1
C004229,M,3,3,3.6405414118588193,70.00270758016367,95.24969037564362,3,1
C004230,F,2,1,3.653842933542182,81.11124712533713,76.79268904168924,5,1
C004231,M,3,3,2.154632418591661,40.48471751785344,63.00834790823276,3,0
C004232,F,2,1,8.632348881459786,63.430097567548756,39.814029014251716,3,1
C004233,F,3,3,5.459880393803962,65.28905589316433,61.31208388783232,6,0
C004234,M,3,2,0.746619885768184,91.54157362931552,73.01334213481707,3,0
C004235,M,1,3,1.335070220465047,83.09633421591349,41.25457889540016,3,1
C004236,M,3,3,5.487605075369164,44.292145921801406,76.81505331013693,5,0
C004237,F,3,2,4.294926222678648,85.09727265651028,57.993344908597884,4,0
C004238,M,1,2,0.3237376157583052,62.73863231650651,56.193719827087854,5,0
C004239,F,2,3,9.903648742659925,40.858249098515614,43.24366570256521,3,1
C004240,F,1,2,0.0,44.85128457483117,66.32324262073527,2,0
C004241,F,1,2,3.2985072201838483,85.47937653852135,72.29379200503128,4,0
C004242,M,3,1,4.3571412126682745,71.81812270011542,40.72825887025442,7,1
C004243,M,1,1,2.815101522061207,50.254425275754265,69.29612336975399,11,0
C004244,F,2,1,6.192544031307156,88.74417511786949,76.12278517442954,3,1
C004245,M,2,2,5.443505594162044,75.64766500663788,75.14646290583806,4,0
C004246,F,3,2,4.627301254118094,61.15918797937873,64.13647210757199,2,1
C004247,M,1,3,4.157304067515103,69.48498219812473,54.1968419854626,5,0
C004248,M,2,1,5.497163659444884,51.84638113280677,55.25855516455205,4,0
C004249,F,1,3,3.854292669260093,94.98679775226574,34.92088094889572,2,0
C004250,M,1,1,0.990458977860317,47.20615561814379,48.67641979136411,7,0
C004251,M,2,2,6.443915952679072,45.67444844151052,54.73576289607641,7,1
C004252,M,2,3,8.165638156850793,67.92020037034878,45.44907471052763,6,1
C004253,M,1,3,4.501400202816341,100.0,62.63402427849892,2,1
C004254,F,3,1,4.546871868137395,43.91359784051261,86.8497209808994,2,1
C004255,M,1,3,4.237637567488639,77.22892846422411,90.06578956854979,4,1
C004256,M,2,2,1.4168736077015343,66.04683397718337,49.46816453169812,5,0
C004257,M,1,3,3.1211799950926435,70.99143520277624,91.69201539626766,2,0
C004258,F,2,3,6.06925141710253,82.13089875501022,80.35929271202673,4,1
C004259,M,3,2,4.877795926701826,54.71850676189,47.45622632975374,3,0
C004260,F,1,1,8.096063124652563,61.13505198064033,68.95569914462598,3,1
C004261,F,3,1,5.964669085875783,54.65978205049899,59.59412415355171,3,0
C004262,M,3,3,3.426596352651832,86.02496763724072,22.899186705492376,7,0
C004263,F,3,3,5.807198334184521,84.08370641567105,36.977136998392965,5,1
C004264,F,1,3,3.8924758185360515,48.139120634713194,72.75163581800915,6,0
C004265,M,1,1,0.7059178479470716,70.71426583294759,32.027862101741874,5,1
C004266,M,2,3,6.629977007457805,80.73083196656656,92.44130188029428,6,1
C004267,F,1,3,5.446970620693408,41.146438422158454,78.01463155758347,3,0
C004268,F,2,2,10.801942305128463,85.82223569482389,72.2843148858935,4,1
C004269,F,3,1,3.1517082111055785,64.02292491854892,31.93703202442947,2,0
C004270,F,2,1,5.947126035608708,58.198109274376534,78.82362274608701,7,1
C004271,M,3,2,2.7039522066584736,85.95131080484873,77.28883366113233,4,1
C004272,F,2,3,2.425356841091305,81.96233253346826,76.20149401869591,1,0
C004273,F,3,2,9.462708308487022,44.47036739096561,76.92368554795107,4,1
C004274,M,1,1,0.0,75.81559378830507,91.40258084034996,4,1
C004275,M,1,3,4.245865061965016,75.21069601676248,46.891449037488314,5,0
C004276,M,1,3,8.153792850125384,32.29359943734748,56.44439809292494,3,1
C004277,F,3,1,0.9228922790085239,73.41766244171801,44.11792662403792,5,1
C004278,M,2,2,3.1972046026185446,58.81784764273214,74.05707632272347,4,1
C004279,F,3,2,6.313091306016966,81.93462975799679,55.65563671935078,6,1
C004280,M,3,1,1.6691079396606496,52.17051363948795,35.94296216182991,3,0
C004281,M,3,3,5.038901050433452,66.83967356967182,61.354283438705274,5,1
C004282,M,2,1,2.5747349926490477,56.96948632243702,23.878497076730113,8,0
C004283,M,2,1,7.258437401155044,55.46442103196172,61.300604484899345,5,0
C004284,F,2,2,7.179949310336351,32.17932380964925,62.17800091886172,4,0
C004285,M,2,2,3.258094704502201,80.98241684544604,51.978284113895654,3,1
C004286,F,2,1,0.0,82.40970197326001,78.08439984210979,3,0
C004287,M,2,2,5.448221539424658,66.08095551763066,27.397991937417046,4,1
C004288,F,2,2,6.563729618445949,70.55936671737958,61.69537089023774,3,0
C004289,M,2,1,5.466968132223438,53.99505833675486,63.52749597737689,3,1
C004290,M,2,2,5.187427877437302,81.12322146129236,59.19583385275,3,0
C004291,M,1,2,4.8948361943931245,68.6977534599655,82.14153566173582,4,0
C004292,M,1,1,3.5600592208476614,65.9354511793536,48.398969802075634,8,1
C004293,M,2,2,2.6269202929461573,87.07020630004017,58.28205609502767,5,0
C004294,F,2,1,4.386458827532063,45.48290892445194,61.926340253702776,3,0
C004295,M,2,3,3.7705787059560447,35.870599301066946,52.92808967772403,4,0
C004296,M,1,2,5.790707554858354,71.67034456125553,31.721931757480164,9,0
C004297,M,3,1,2.394978612162678,61.86878367701474,87.26051560451303,5,0
C004298,M,1,1,3.3165668292911494,47.9731022182948,45.882601908274125,5,0
C004299,F,2,1,4.435703244862656,67.5804086047176,46.225359579902886,2,0
C004300,M,1,1,2.5731723885908915,70.45030067987844,19.608140736783945,3,0
C004301,F,1,1,1.1758452310553449,78.18874500426611,61.022836301591596,4,0
C004302,F,2,1,5.64973127037114,48.4556484680126,63.12743123986006,2,0
C004303,M,2,1,1.3568693087089043,58.861427392125925,82.57529221014833,4,0
C004304,M,3,3,4.639583535557038,69.48688529635044,53.24365079933356,5,0
C004305,M,3,1,5.399449595553364,81.62703344243727,64.56547955520018,6,0
C004306,M,2,3,7.353016967279397,78.64896205552083,78.0194887161949,2,1
C004307,M,2,1,9.298644631428797,57.60677976143412,84.87513516038698,3,0
C004308,F,1,3,7.123417679792402,72.78817092578643,66.7242054935552,4,1
C004309,F,3,2,2.6684112702108473,57.19102415326621,53.688773031728914,2,0
C004310,M,2,1,3.5677368024559404,58.809773404318975,81.66716912553144,4,1
C004311,F,3,2,4.886095160459169,60.32420352467502,82.1283683779249,2,1
C004312,M,3,3,4.085014699422639,55.36188883318189,28.818727202431006,3,0
C004313,F,3,1,4.5585157058358385,76.023219153786,66.29838609987094,2,0
C004314,M,1,3,6.9614383019772035,78.9626056091151,77.6143398539877,5,0
C004315,M,3,2,4.502044040167157,58.99481387844174,73.00023213065484,5,1
C004316,F,2,1,6.227703931752934,67.60730462958458,55.14181774934123,5,0
C004317,F,2,1,1.7260070502325142,59.232312025093144,51.37857551187298,3,0
C004318,F,2,2,5.271019916732116,50.940594562980266,84.80595505026552,4,1
C004319,M,2,1,0.5274855556289406,48.639848508597886,64.42224209371467,3,0
C004320,F,3,1,6.66827991707912,91.22452667717313,56.70964316166042,6,1
C004321,M,2,2,3.795628053129993,53.84132220950261,57.47363757163951,4,0
C004322,M,1,3,1.1655055139825898,74.52698868833843,59.988401962070405,6,0
C004323,M,2,1,3.5874130183343476,70.85224445034983,57.29889250894144,6,0
C004324,M,1,2,5.244317799541649,47.132116590584715,80.74619537392716,5,0
C004325,M,2,1,1.472421977792909,71.36043562385291,67.88901797584721,2,0
C004326,M,2,2,2.26405089452665,69.42828272364548,66.67300076811476,5,1
C004327,F,3,2,3.3269358446215307,64.6385484312595,56.4084924885012,1,0
C004328,F,3,3,6.031455080982591,58.462460243329396,70.4214135373591,7,1
C004329,F,2,3,0.0,64.95952129169514,43.76675939641533,4,0
C004330,M,1,2,5.2063008701726785,72.0934320493431,63.212963172575684,1,0
C004331,F,1,2,3.6380004192971342,52.08296995986627,30.75979462330811,4,0
C004332,M,3,3,6.555446701928326,86.55697392425905,55.541141818216104,2,1
C004333,M,3,3,5.080340926627565,75.30725539241973,50.63956225787996,3,0
C004334,F,3,3,7.1878683663609895,28.91809332368034,59.486398622385245,2,1
C004335,M,2,3,5.1012207224466755,61.63768975624775,52.53124610656968,5,0
C004336,M,1,3,1.5316038250503423,96.94396811561307,69.3119177860181,5,1
C004337,M,3,2,5.140965772149886,70.36273355002923,47.73086387696456,5,0
C004338,M,2,3,5.279625911024594,54.1270820435804,75.64511156674263,5,0
C004339,F,2,2,2.6596246610464593,74.59490129448737,87.99440974036321,6,1
C004340,M,2,3,2.9901481707452247,33.227751565619485,40.52264727861804,4,0
C004341,M,2,1,0.0,69.03327005609712,71.14827677368366,4,1
C004342,M,2,1,5.79072263621234,57.47805245088144,55.16352092111026,4,1
C004343,M,1,2,3.8557794273922665,65.64327492013302,76.80063002220301,4,0
C004344,F,1,3,2.9029428633315564,45.04774214539726,40.47325543285754,2,0
C004345,F,2,3,1.9402367288367226,58.54372408664589,81.71599611396758,7,0
C004346,F,1,3,3.058121081053372,25.827190650865035,53.26605655166287,4,0
C004347,F,2,3,5.11121287631269,55.71776490632087,56.01761937337779,7,1
C004348,M,3,3,4.542401776011039,66.81727673343002,56.04762910755796,1,0
C004349,F,2,3,3.408181618273568,81.70679160257572,39.87392410630137,3,0
C004350,M,1,2,1.445535377674477,100.0,74.18296694193822,6,1
C004351,M,2,1,3.3822277867140187,52.71497757199157,49.25366143969531,1,0
C004352,F,2,3,2.2941362639781477,72.58582969654749,68.9329587246402,6,1
C004353,M,3,1,3.6411132824603243,59.96082433141218,55.34397860508865,3,0
C004354,F,1,1,5.48431855545352,60.51262859684974,56.20077286695658,10,0
C004355,F,2,2,2.9272660140992155,66.33290955177206,78.052432583469,1,0
C004356,F,1,2,7.788840793891897,62.62029183322794,32.97758755265284,6,0
C004357,M,2,1,2.85082848344968,93.01000974190958,18.698970109906604,3,1
C004358,M,2,3,0.3301565733726006,60.524321207657614,47.32070550012905,2,1
C004359,F,3,2,3.609705449276436,47.845843532586755,58.208533136933326,4,1
C004360,M,1,2,2.7686718584542946,67.75324484007456,55.55805843477456,3,0
C004361,M,2,1,11.604794470149118,48.88972992539552,46.31997283293609,6,1
C004362,F,1,3,3.0765691095268775,59.46709458584477,90.12037539742776,1,1
C004363,F,1,2,0.7304028652010075,80.89687196315413,82.58307887527683,4,0
C004364,F,3,2,4.090584322308026,61.277212954034056,12.025588154289792,1,1
C004365,M,1,1,3.6409045966694955,72.80622618996276,47.88457260137434,4,1
C004366,M,2,1,1.4355548214394798,61.85856779643201,66.94265656792538,2,1
C004367,M,2,2,4.7910749570554945,68.91535006980342,65.8578074660089,5,0
C004368,M,2,2,5.245535771269768,54.5544348115844,45.43624934624438,3,1
C004369,M,1,3,4.178425890031736,77.17053499597426,83.84894941265426,4,1
C004370,M,2,3,3.413039683340142,45.23261111788803,43.550951649339964,2,1
C004371,M,2,1,3.189750573993222,52.988680053019465,59.49422920893234,3,1
C004372,M,3,3,2.6286166755041798,66.22063714594947,58.61375551570447,3,0
C004373,M,2,3,1.1809934414528773,77.36974532171467,64.37165880936985,4,1
C004374,M,2,2,7.266957662897429,68.17255549198401,49.639494613307704,1,1
C004375,M,3,1,9.362694511157901,72.68769520661233,68.7284100465715,3,1
C004376,F,3,1,1.7407172177977004,46.72413889698649,44.93191131316367,2,0
C004377,M,2,2,2.674236216818867,60.25683994604727,65.998558237911,5,0
C004378,F,2,2,1.6203738002172936,68.57871197159211,49.65653509132562,4,0
C004379,M,2,1,5.959450203871164,65.83848367729702,85.07054278773455,6,1
C004380,M,3,2,1.7667571839164644,48.777378755564854,55.5578498185284,6,0
C004381,M,2,2,5.536545603325946,52.353136615774574,63.10742481904586,2,0
C004382,M,3,1,4.941410689874188,63.02777540197806,79.55432443442615,5,1
C004383,M,1,3,3.662915624435842,76.19900931687903,63.80409508178925,2,1
C004384,F,2,2,6.991736555679038,96.50304371392588,74.45698827806056,4,1
C004385,F,2,2,3.2304238524242757,48.6439816441954,38.30730514232626,5,1
C004386,M,1,1,4.0050566864829085,65.75662079099035,69.94351279425956,3,0
C004387,M,2,2,1.3231496450548526,49.709677285712594,56.39691356122776,3,0
C004388,F,3,3,0.0,64.6374267015034,75.42241029200363,4,0
C004389,M,2,2,6.332155979690633,59.22294184741709,68.69048110703251,5,0
C004390,M,3,2,2.6397231743377976,71.1246152881652,69.43876622758494,4,0
C004391,F,2,1,6.544208521799089,35.18002108526038,72.64398688962851,6,0
C004392,M,2,1,3.2249182674275607,60.01486808614537,78.50423690982089,6,0
C004393,F,2,3,3.7605286461344254,66.62804516514126,22.873489865346173,2,1
C004394,M,1,2,4.453302708955786,68.0708007107024,46.027956133271246,2,1
C004395,M,1,1,2.81330108380918,69.92275182063307,59.68036022253778,8,1
C004396,M,2,2,0.44634814486161023,67.37321912317505,38.85505900500113,3,0
C004397,F,3,3,2.083050922668943,83.85465324549389,55.704078339040116,7,0
C004398,M,2,3,1.9099322148005098,84.94839119430902,63.57242480210112,2,0
C004399,F,2,1,3.9262282332955065,61.86286272450821,88.4729065108858,5,0
C004400,F,3,3,6.457393791564092,57.19209241143901,73.04298590569945,4,0
C004401,F,2,1,2.4036246052203483,68.01026263277423,73.00650648865765,4,0
C004402,M,3,1,3.7809202562195856,77.11565892044638,60.97618376649408,8,0
C004403,M,2,2,4.525366159400686,65.6219809207906,28.924944820264272,3,0
C004404,M,2,1,2.2528199540760037,48.66985830442742,46.99465320120803,2,0
C004405,M,1,3,4.8477568991160265,79.3896815875823,30.664697864982283,8,0
C004406,F,3,1,6.421062308963871,70.92536384698606,70.14858267079515,2,1
C004407,M,2,3,4.865802090245497,91.381885166427,61.829137526993904,1,1
C004408,F,3,3,3.8895010399836227,53.78468946977378,63.80791515904619,8,0
C004409,M,2,1,2.149896374620822,68.56560645101142,69.06627514490658,3,0
C004410,M,1,1,3.738929033300724,71.49123142042963,51.62666321815239,4,1
C004411,M,3,1,2.3437243190627157,61.645998687566056,36.57210386119178,4,1
C004412,F,1,2,2.70935637729941,50.78647900755581,52.18801719914971,6,1
C004413,M,3,3,3.7313737891831265,69.21870170072773,68.22720527513599,4,1
C004414,M,2,1,3.5420507831965886,58.554873320350126,29.21099718742959,2,0
C004415,F,1,1,6.272821900166713,65.41655324648451,63.600881807326914,2,0
C004416,M,2,1,2.7065345675699497,65.62092516906301,38.369319243992294,7,1
C004417,M,2,2,4.855027592957636,49.13555550115243,70.64753451580404,5,1
C004418,M,2,3,2.9779274241276625,58.48714644482825,37.03355546893784,2,0
C004419,M,1,1,1.9958340269428283,58.86406702359706,74.12897106551516,4,0
C004420,M,3,1,5.334598471297617,66.006771629148,34.854961874702255,8,0
C004421,M,2,2,4.921573261095413,72.12468424672517,42.91954490619229,5,0
C004422,M,2,1,2.6797267149161264,69.81968360974507,72.19131293778247,4,1
C004423,M,2,1,0.0,78.07006143272555,56.83901155320921,4,1
C004424,M,2,1,6.4653360298710405,67.34859246158157,24.600481060747065,9,1
C004425,M,1,2,5.70981887361657,94.96322528618764,72.72601529514836,1,0
C004426,M,2,3,6.5393074773690225,70.8549436944123,21.894751765907685,2,0
C004427,M,1,3,6.657195122806011,44.99854892258348,56.799758729661555,4,0
C004428,M,1,2,4.032402423140149,59.18461274377503,97.33290129644614,2,1
C004429,M,1,3,3.0838889807082053,100.0,61.466136964012804,2,0
C004430,M,3,2,0.058576030436752635,44.89859233257522,53.72791416424738,2,0
C004431,F,2,2,4.298279478029055,72.17440221068816,58.701246004825286,3,0
C004432,F,3,2,3.011442799522724,98.89002964516312,40.340626033675186,5,0
C004433,M,3,1,2.277749008810135,46.61318898716479,63.106102365020185,3,0
C004434,M,1,2,1.0107134577270536,88.82295835640872,99.03659815195883,3,1
C004435,M,2,3,1.733300669197186,88.79894236444642,52.34397172337522,6,0
C004436,F,3,3,1.0389935713917384,61.03354518076997,45.39863170410699,5,0
C004437,M,3,3,6.184457225465945,37.0064520099037,68.53318213697644,5,0
C004438,M,2,1,6.454414382356942,74.42949103791636,73.40288888064694,3,1
C004439,M,2,1,2.3669957456515047,63.978528161208374,61.86878986465743,3,0
C004440,M,1,3,6.694189098754805,62.51299897432114,54.43576228692648,2,0
C004441,M,3,1,4.226000507597061,75.39022610747348,69.99096675438834,3,1
C004442,F,3,3,7.230154519844103,65.5074613776846,33.60539133946608,3,1
C004443,F,3,1,5.312278932020338,41.55202782927941,51.20718941253077,4,0
C004444,M,1,3,5.390765582434481,63.596089059169834,18.390172159285925,3,1
C004445,M,2,1,4.539021973398807,70.77387817032536,58.06451667903328,4,1
C004446,M,2,3,2.4122042436024396,72.72848794816014,56.15659178212566,3,0
C004447,M,1,1,1.095312292149329,84.49785243459604,78.91797694301965,5,0
C004448,M,1,1,4.450699583250011,36.216242412333216,44.62938216744051,3,0
C004449,M,1,3,3.790235244305386,80.46884827216819,78.69269189384656,3,1
C004450,F,2,3,9.718809676043975,59.57716891283128,56.22755691314374,6,1
C004451,F,2,1,5.644908937839983,68.1081960066293,71.51048609694654,3,1
C004452,F,1,3,2.142094940532036,78.33534978103366,73.8913392622696,6,0
C004453,F,2,3,3.814351581878258,53.90729083369783,60.862091145297136,5,1
C004454,M,1,1,3.189619831865887,59.54310313976191,64.94188537312023,5,0
C004455,M,2,1,3.9134883742020374,73.75255513727093,49.63950168814131,1,1
C004456,M,3,2,1.114777509683707,56.415254290216694,81.57642687651833,2,0
C004457,M,3,1,5.996521083413166,70.25787869361882,100.0,4,1
C004458,M,3,3,3.1305395817029167,49.132854392425436,33.753606833798344,3,0
C004459,F,2,2,5.439496986322085,83.43969816195812,61.22827231950882,3,0
C004460,M,1,1,2.672045396677369,76.57340064931844,54.803852438097955,7,0
C004461,M,3,2,3.12547444922956,53.80568969848783,68.03783084974914,2,0
C004462,M,1,2,5.305229195044417,81.62504762368962,30.983387610952274,4,1
C004463,F,2,3,0.0,71.58888448285094,41.007046179504286,4,0
C004464,M,2,2,6.172024620682155,50.94391180618633,91.06868709596054,2,0
C004465,M,3,2,7.233642215966288,75.54685285549374,86.35999775300115,4,0
C004466,M,2,1,7.190804127454925,75.9375138681612,31.17333081697985,4,0
C004467,F,3,1,2.4579246823512575,41.46403291820032,95.48305007937168,3,1
C004468,F,2,1,4.663817077382711,28.772460659308095,46.61799106515191,4,0
C004469,M,1,3,3.018260063445221,59.150769581086266,75.06880371179454,2,0
C004470,F,2,2,0.7304106173125464,54.14941842914956,58.042966278383055,7,0
C004471,M,3,2,4.195186241232591,74.74094438567727,64.72272594275411,4,1
C004472,F,3,3,0.7954216525493569,55.21745088912019,62.83800079719049,2,0
C004473,M,3,1,5.318807073268877,56.17669702994208,77.43297532856977,5,1
C004474,M,2,1,5.801319115331379,92.40505924989296,51.184204061795924,3,1
C004475,F,2,1,6.840718578591773,84.11401660909326,94.03840612858453,4,1
C004476,M,3,2,5.127349532645327,42.378711794287646,80.45181160640999,3,0
C004477,M,2,2,3.0899484054437893,85.50020171157,54.11613050569623,3,1
C004478,F,3,3,3.584350897644219,88.78501785663222,61.381633159958255,6,0
C004479,F,3,2,4.270170026584347,63.18988525712551,62.84840364352284,5,1
C004480,M,3,1,7.218294531374241,59.423872400137355,53.35123823262504,2,0
C004481,F,3,3,7.241479057939038,36.942657548098154,54.61139797939265,2,0
C004482,F,2,1,3.8149612888008746,45.15087843012728,75.12510832498783,6,0
C004483,M,1,3,6.162348007582999,63.64762747537999,71.30777944697624,3,1
C004484,F,2,1,2.86473686526787,58.252113472897506,50.97957283315741,2,0
C004485,M,3,2,4.959777024499449,60.170229173248586,61.89146534948688,8,1
C004486,F,2,1,3.2312188314775576,70.68420582190336,42.490657352435164,2,0
C004487,M,3,3,4.536657822780471,91.95968458815096,91.25362260300932,4,1
C004488,M,2,2,2.191842466725433,56.476765223464234,74.27382593827178,3,0
C004489,M,2,1,0.8751254430271751,56.50312379627181,58.88103036954364,6,1
C004490,M,2,1,1.2582257940414014,63.32509694600977,63.53697309814134,3,0
C004491,F,2,3,5.282770211304729,61.4007033534321,74.98649921352815,5,1
C004492,F,1,1,1.5486287784744386,90.74694751003013,50.68673164481534,5,0
C004493,M,2,2,3.2494097201167795,62.382084402865374,60.08781356302906,2,1
C004494,M,1,1,5.958876690048824,78.98520299164846,72.87749629926863,1,1
C004495,M,1,1,6.464770309556011,100.0,38.50730018420917,1,1
C004496,M,2,2,1.8453019360208205,91.38688241385081,70.07888208455063,3,0
C004497,M,3,2,0.0,62.605777277565245,100.0,7,1
C004498,F,1,1,2.232139364080738,58.331393973847334,30.421962473571952,3,0
C004499,F,2,1,4.44117230543588,50.98914077041046,76.51675999294676,3,1
C004500,M,3,1,5.4765606013028005,66.8935957831716,38.049649959047144,5,1
C004501,M,1,2,1.4045292236487157,41.672675030187,35.20814095983375,3,1
C004502,M,1,2,0.11329781422887208,98.92616068069246,52.97266115799272,3,0
C004503,M,2,2,2.002859667842621,57.153028730344616,69.58495860601073,1,0
C004504,M,2,1,2.8578148774869057,65.92004808401444,70.24802713582716,4,1
C004505,M,3,3,8.592761590256302,69.42477806467072,57.917105189969604,5,1
C004506,M,1,1,4.241630654909796,47.3551738282495,40.77569385062673,6,0
C004507,M,1,1,5.426998911551909,80.36301159678321,57.45471095212625,6,1
C004508,F,3,2,6.42030742265832,72.45572228158308,27.36512817112559,5,1
C004509,M,1,3,3.0110057047279093,61.25423352170731,75.17170424199097,6,0
C004510,M,1,2,4.221011777018248,71.0739650242079,52.96065218708898,4,0
C004511,M,1,1,4.556593300564679,64.12497671310824,79.92996307027607,5,1
C004512,F,2,1,5.333877772537117,65.16928710244767,42.49671788494925,1,1
C004513,M,3,1,3.7171174325883434,55.342111974709525,69.68570198460534,5,0
C004514,M,1,2,6.296733274079119,67.19231897001853,28.153013393518485,4,1
C004515,M,2,2,6.427691672978501,71.69862528079717,84.28239620536975,4,0
C004516,M,2,2,3.376451034748537,53.01377103692607,67.9325736444926,4,1
C004517,M,2,2,5.669978023030087,69.69753064552846,53.480733505882974,3,1
C004518,F,3,1,4.856265963878426,36.47782193297618,52.14548762015477,2,0
C004519,M,2,2,9.855956900599644,84.01878737266948,54.33481372585802,3,1
C004520,M,3,3,5.97162606481485,47.030456105996656,59.967219092395,5,1
C004521,M,1,2,4.849741379720559,39.52479524842123,31.31327294383241,2,0
C004522,F,1,3,2.7475693812806243,57.87875543607244,54.04699296655935,5,1
C004523,F,2,1,1.7241542921886577,68.83976892319131,54.41454226004085,6,0
C004524,F,2,2,5.161044262236754,60.987923855077476,78.32087574421942,3,0
C004525,M,2,1,0.2417822281555111,77.65585965239369,50.62458981413408,4,1
C004526,F,1,3,7.572644902398128,61.90647222238726,41.4519399531586,5,0
C004527,F,2,2,0.0,62.51777825458613,58.769015878223314,4,1
C004528,M,1,3,1.7358325183944134,63.56949420462461,70.52217934089494,2,0
C004529,M,1,1,6.200038087874167,91.2756385486899,61.69716213048305,2,1
C004530,F,3,1,3.922092669207122,59.50074115679463,61.05183536135372,3,0
C004531,M,1,1,4.402665534712907,100.0,60.83465351259467,3,1
C004532,F,2,3,2.4875356340237262,95.59121432589728,57.124046349908454,3,0
C004533,M,3,3,3.719281357722287,48.07097520444192,49.92112973961129,5,0
C004534,M,1,2,5.505266972357068,79.80263013888111,45.859502791795364,4,1
C004535,M,1,2,2.169029922217927,56.66599200797383,60.49436077113311,3,0
C004536,F,1,3,3.4234695191693008,68.13804763718046,65.84681481570017,8,1
C004537,F,3,3,4.011647304710482,41.93532439475608,61.18261745474504,3,0
C004538,M,2,1,3.4042522426519786,64.68059166305385,27.631287533558883,6,0
C004539,M,1,3,5.651864859000238,100.0,76.7251436060443,4,1
C004540,M,3,2,5.010766108084262,54.34885076956581,35.268380959855456,3,0
C004541,M,2,1,3.769829960212174,77.51931642893814,36.22905054335154,7,0
C004542,F,3,1,0.24679372341365902,68.28555240512807,41.15772523740169,3,0
C004543,M,3,1,6.600029457310518,58.47901943481972,52.280919093376106,3,1
C004544,M,3,2,1.9677586408438144,84.70007683505324,57.97145198600116,8,0
C004545,M,2,2,7.907318299225997,59.588824732152794,77.59323098606379,3,1
C004546,F,3,1,2.1413518446030984,65.92068149698947,77.86652219780783,6,0
C004547,M,2,1,4.559110525161974,70.06332455219865,28.718941809418887,3,1
C004548,F,2,2,5.399038586267054,84.79776411293075,27.693261818026265,2,0
C004549,M,2,2,3.5674558739557893,60.65902693992195,79.29263546697828,3,1
C004550,M,1,2,4.686294468295598,100.0,56.81235393516108,4,1
C004551,F,1,3,3.3784384732446586,39.605375523247275,41.48659492802749,4,1
C004552,M,3,2,8.156208500334433,57.49312207724017,70.48815788105372,4,1
C004553,F,3,3,4.444848768108011,85.04388899812459,80.25319014806645,3,1
C004554,M,3,1,3.7439152079398634,57.9545729939353,67.49180145345247,4,0
C004555,F,2,1,4.537289873701135,69.0615051571717,46.07923413068666,6,1
C004556,F,3,1,6.490900472447177,52.02809328700996,21.181990993429636,8,0
C004557,F,2,2,4.858930865907696,45.1651255908653,69.34698473331312,6,0
C004558,M,1,1,4.4035123752906244,58.71362836368854,57.74403326727666,2,0
C004559,F,3,3,0.8437771603883655,77.79595349541239,44.890243648046564,2,0
C004560,F,2,2,6.541762343323675,57.40221963813951,31.79695813303278,4,0
C004561,M,2,1,4.770611451022429,65.10645309572604,64.01255489794258,7,1
C004562,M,1,1,3.0201668782689652,58.9292515729705,50.076619246499874,5,0
C004563,F,1,2,4.718774825822441,76.66912240328628,62.97165540760475,6,1
C004564,M,3,1,7.059956466762712,42.41544371139824,76.39150074710278,5,0
C004565,F,2,2,5.57312511941699,64.76518586468673,47.744066984899575,6,0
C004566,F,3,3,8.330814084790802,61.21799241061448,98.13578026530234,7,1
C004567,M,2,3,5.923577611876153,52.796565204359055,57.996336078551174,3,1
C004568,M,3,1,0.0,84.69876680927976,73.56244624159619,3,0
C004569,M,1,1,6.774064714668766,40.427413307049385,50.48495811767507,4,1
C004570,M,2,2,0.16493420786951463,71.88738097846058,70.5031452103477,6,0
C004571,F,1,1,6.972068761633344,73.26020150179676,43.75851113552285,3,0
C004572,M,2,3,5.947237752158822,60.548128156179246,71.7997101817181,5,1
C004573,M,1,3,7.6959185034943935,95.63431811921686,100.0,2,1
C004574,F,2,3,4.974351543288934,72.91291975441582,40.42152400137138,3,0
C004575,M,2,3,4.629671311541524,55.677562681396616,18.117314645067623,5,0
C004576,F,2,2,6.725036242672312,75.66174168018851,49.0121567812171,4,0
C004577,M,1,1,1.4110328104307208,59.365666856967565,65.34605011784402,5,1
C004578,M,2,2,4.088684224706464,60.36362596491606,61.6177325186829,3,1
C004579,M,1,2,3.4939798995962326,83.34237582778637,52.40388353207208,1,0
C004580,F,3,3,3.055141357143209,74.57590301254784,79.33843215021376,5,1
C004581,F,2,2,2.7444648161943115,82.55542584919347,51.84803734691007,6,0
C004582,F,1,1,4.347716044958473,29.188319807314045,75.84755418626995,1,0
C004583,F,2,2,5.58026798095564,71.82483849131589,53.20141103327345,3,0
C004584,F,3,1,7.272070911590902,89.30223868346995,43.855326288639795,4,1
C004585,F,2,2,3.373450771700274,49.7225878197451,62.13058394884025,3,0
C004586,M,2,2,3.191442848782235,69.13438605799342,63.061934414805194,6,0
C004587,F,2,3,0.0,63.217103764485735,93.56986507423672,2,0
C004588,F,2,3,7.221924441848973,77.38991723868007,67.71101272603194,5,1
C004589,F,3,3,1.0123444152354137,58.43489366526023,65.011737438427,5,1
C004590,M,3,3,5.056935249725073,78.5472265425006,62.079062670300246,1,1
C004591,M,2,3,4.643656685472097,62.31019519718094,49.870320797359796,4,1
C004592,F,3,1,6.178779499332301,100.0,55.6076397951303,4,0
C004593,M,1,3,2.06492185729759,72.1254641961445,50.56002560919518,4,1
C004594,M,2,1,5.263115024313308,100.0,62.38907080152252,4,1
C004595,F,2,2,7.582675474349547,76.41740852388364,32.3498226201591,4,0
C004596,M,2,2,4.511526989508441,61.00699813344565,28.82236583253048,5,1
C004597,M,1,3,2.07242306826398,67.32867587340446,46.416944330507995,5,0
C004598,M,3,1,0.7721973011533096,72.52318862004911,44.38824544245878,5,0
C004599,M,2,3,7.275669990958973,32.2811362787258,65.2232208590456,4,0
C004600,F,1,2,3.033786960534148,81.14060332443644,49.65189356058083,5,1
C004601,F,3,1,3.4708463130908735,69.2476462568134,69.44523866954545,5,0
C004602,F,2,2,9.562712772035255,74.89651490845449,48.36056744400824,4,1
C004603,F,1,2,6.030461948360898,75.9864039335678,99.4299337646994,6,1
C004604,F,2,2,6.520445691407972,47.29209807227216,55.064366138031396,3,1
C004605,M,1,2,7.611527122041788,68.01139505286946,66.94571071103141,2,1
C004606,F,2,1,0.5680630185086111,66.80063777945121,48.255474539576724,2,0
C004607,M,1,2,7.376392367833649,48.014809071178206,52.14957829832166,5,1
C004608,M,1,3,7.675957461758056,88.45268857619419,67.45258638075647,4,0
C004609,F,3,1,3.0184678801279823,94.7658615130302,59.919387207748684,6,0
C004610,F,1,3,5.654409283744602,60.85751106777057,73.04589442368851,7,1
C004611,M,2,3,6.128576808295593,74.30763453012305,78.24889141683906,4,0
C004612,F,2,1,2.4427717563062585,65.73308548898235,97.03415273065835,5,1
C004613,M,2,1,6.011945149193542,61.18046704250147,72.89793872967525,3,1
C004614,M,2,3,2.6024843578247854,59.86286273098709,60.643584724547146,4,0
C004615,M,3,3,9.70250918659934,47.620296107166226,52.594582851732,8,1
C004616,M,2,3,4.355659933217283,71.97402766890431,47.34528018546751,3,1
C004617,M,3,1,5.247591300293896,56.93035193391516,52.56280504622518,5,0
C004618,M,2,3,0.41932864911165124,75.46152436051226,63.8687371362337,3,0
C004619,M,3,1,4.871200784525078,59.698132107392496,80.98181003410237,4,1
C004620,M,2,2,6.683973777688221,48.7073575684353,66.60091760802344,3,0
C004621,F,2,1,2.0318905161763556,55.99976315003057,54.845543500317405,3,1
C004622,F,2,2,2.8510581889774644,71.5788448525654,38.39375207543354,3,0
C004623,F,1,3,2.4360817282795595,60.99147289327167,45.83941323652611,1,0
C004624,M,1,2,1.460726099904663,52.277899064300136,63.866306785318514,5,0
C004625,F,1,2,1.1502247175023683,90.24267844723559,70.03292179948484,3,0
C004626,F,2,1,6.264352895924663,45.72034027728089,76.99591214235315,5,0
C004627,M,2,1,1.21549056198607,85.63818371757627,76.97717596822214,6,0
C004628,M,1,2,0.07597286872666187,82.98584019462365,41.800592789803645,4,0
C004629,M,1,2,2.8292734246778255,79.35493583737636,47.46963522158228,2,0
C004630,M,1,3,4.1103889237210165,77.5381930551337,75.33881972809898,6,1
C004631,M,1,2,5.276734629033452,54.50520268825008,78.72111229968698,4,0
C004632,M,1,2,2.047739629074539,57.79617022947251,59.816001205868076,4,0
C004633,M,1,3,2.705866079506616,94.93837808847661,88.7974427633705,7,1
C004634,F,3,1,5.190027209782858,81.94907101095495,80.62231942691211,7,1
C004635,M,2,2,5.989921854436715,73.6366958393051,72.14432465102675,6,1
C004636,M,3,2,6.735681271207373,57.61611069984552,66.23233825207052,7,0
C004637,F,2,2,5.054972338660429,52.87856220716095,29.288858928530114,3,0
C004638,M,1,2,0.35297734954421767,48.75995644746755,43.20129886192364,3,0
C004639,M,2,3,2.0746001639006884,55.78865833650831,58.30587716834752,4,0
C004640,M,2,3,6.75871625804712,62.202750381404286,89.07893963519055,3,1
C004641,M,2,1,7.895731136992811,68.75304578303245,83.86087094656085,4,1
C004642,M,2,1,3.807081664933911,84.30925678527072,47.336818429043944,1,1
C004643,M,2,3,3.6135119791246892,98.33268798177357,77.4997506126877,3,1
C004644,M,2,3,1.7978912734329353,88.85776606500252,43.92823164234078,5,1
C004645,F,2,2,7.124703093134751,47.34914017152091,12.858073787751493,1,0
C004646,F,2,3,1.6716592686550782,54.92141354217394,94.72236954078394,4,0
C004647,M,1,2,8.315786731748606,51.987102499850664,19.887536191106534,6,1
C004648,M,3,2,3.820360194734221,82.82132261577696,8.763131352898611,2,0
C004649,M,3,1,2.108177465709032,78.27033509565396,64.42591926887056,3,1
C004650,F,3,3,0.0771596148612792,59.207771787410444,54.277866682660175,4,0
C004651,F,3,1,3.404995081881145,65.00597082298609,66.27916171545418,4,1
C004652,M,3,2,3.722254706050504,70.06399539906644,93.39394682824319,3,1
C004653,M,2,1,3.298663878464349,75.05865977548025,77.4458940844797,2,0
C004654,M,1,2,4.011095737251114,85.46755770845085,69.93035930014007,4,0
C004655,F,1,3,7.048342009903273,69.96954696050625,44.26725214991096,2,1
C004656,F,3,2,5.36142196548586,63.75848268691298,50.97788679524616,4,0
C004657,M,1,3,4.428541901490458,73.05761246342394,70.41822877951897,2,0
C004658,M,2,2,6.511705944917619,63.74655489304352,52.207034456105085,4,1
C004659,M,2,1,1.984183408086416,72.89939727838441,74.40410825725154,2,1
C004660,F,3,3,5.5693976564155765,64.10607958017769,64.01770556016231,6,1
C004661,F,3,3,5.527572986545289,84.78077483784615,56.45820657224267,3,1
C004662,M,1,2,7.299334730933592,86.06518655233234,80.20085651065146,2,1
C004663,M,2,1,0.9846304527238772,63.933572286701114,55.60958455998613,8,1
C004664,M,2,3,2.0944104880158565,98.06101876935807,35.38901509299466,6,0
C004665,M,1,1,2.2176565469265737,69.9291475029234,82.34203015386332,1,0
C004666,F,2,3,5.052015075761894,73.19123333841075,60.12281408153674,3,0
C004667,M,2,2,4.492774113940522,88.43859890114,55.95380340414244,3,0
C004668,F,2,2,5.249065739915333,97.21110729321538,57.758312000162995,5,0
C004669,M,2,3,0.0,84.52726447147953,49.72820731162824,3,0
C004670,M,3,2,7.238829094146274,71.79641571177184,100.0,2,1
C004671,M,3,2,4.51701926370248,61.17854964836752,36.65250535893897,6,1
C004672,M,1,3,5.215640567385892,71.59427477176595,66.4839000052176,3,1
C004673,M,2,1,4.814703810932521,75.83996280361586,63.71609214930812,7,0
C004674,F,2,3,2.6187948232260903,73.10442249153338,74.46936526707853,9,1
C004675,M,3,3,5.139650618356904,63.41705793210424,53.59973837918756,8,1
C004676,M,3,1,4.1676976934593,55.45995306183753,82.31146138525712,5,1
C004677,M,2,3,4.138482828875361,69.81090499163376,54.00215861805853,4,0
C004678,M,3,1,5.085021888003214,56.787021644393384,51.12678423555513,8,1
C004679,F,2,2,3.7744556221225523,41.35544499945676,61.5344949866692,4,0
C004680,F,3,3,1.006487259633435,53.14665245418631,66.26919914703934,5,0
C004681,M,2,2,3.6006962257369564,59.63875918437197,79.7004564534418,4,0
C004682,F,1,2,7.5750479482495265,54.478170984538544,36.7070448086405,3,0
C004683,F,1,2,2.782471756383348,69.46763032087708,76.57582782355914,2,1
C004684,F,3,2,4.206985145817691,47.177160042421704,77.76877235261307,2,0
C004685,M,3,1,5.835570720495399,48.755175277233256,73.23306370309223,4,1
C004686,M,3,1,8.662493266243853,84.83237197735019,58.86225391691152,2,1
C004687,M,1,1,3.4373636755720414,79.90603943943815,51.27683830928085,4,0
C004688,F,1,1,1.3001853564406862,70.46569287687807,69.0012903162992,1,1
C004689,F,3,2,5.479540144030737,86.83721903727829,64.22247768716272,2,1
C004690,M,1,1,2.2130089324048123,55.10130296759312,33.358055024887754,2,0
C004691,M,3,3,4.649697649922168,76.82548553297607,76.43443163209591,4,1
C004692,F,1,1,5.3332586809674005,62.83280384140545,47.852811096606885,2,0
C004693,F,1,3,2.945386856228029,87.97886987814927,48.48186838796815,3,0
C004694,M,3,1,3.4014566139959532,69.10465722407032,79.33890529902159,2,1
C004695,F,3,2,5.80228242452831,52.387896428673585,63.13083980595112,5,0
C004696,M,1,1,6.403756784851628,86.0487212251565,57.16233385206963,3,0
C004697,M,1,2,4.097271766394505,59.62367332874727,53.443772535627154,3,0
C004698,M,3,3,4.37092890168767,47.88972029071582,55.773168495169514,5,0
C004699,F,1,1,1.5273417022556344,88.39299955432541,59.56568888032712,2,1
C004700,F,1,3,4.2597689561406185,75.11229058730119,89.75814538388121,2,1
C004701,M,1,2,3.138372158981066,52.54915272435546,25.37122853910703,2,0
C004702,M,1,2,4.173038692626796,63.9556744786246,100.0,4,1
C004703,M,2,1,7.1200725832077785,63.52157224373619,100.0,4,1
C004704,M,2,2,1.5224476192059289,52.0991822619346,53.5320648580001,3,0
C004705,M,2,3,6.585769673998701,52.636329934078915,63.419418180070416,4,0
C004706,M,2,1,4.428450132267432,64.01091633095321,63.37500966848313,6,0
C004707,M,2,2,3.940726893056043,80.2443604817932,79.28744571733463,3,0
C004708,M,2,3,2.0887857909616123,78.00928265266447,62.539892779929986,2,0
C004709,M,2,2,4.614961959219887,57.24546729849781,66.95436358198451,5,1
C004710,F,2,2,8.777234624963885,77.98591902762277,81.35801674729869,6,1
C004711,M,2,1,0.0,87.84760923708896,25.201339365340658,1,0
C004712,M,2,1,0.0,52.61456069713596,57.2337880750235,2,1
C004713,F,2,3,3.611072211272889,76.50399270205838,64.21803919095805,4,0
C004714,M,1,2,4.719418973905619,65.70775770785218,54.235851534063166,3,1
C004715,M,1,1,6.066961361174043,61.39613132113686,29.463882915355526,1,0
C004716,M,2,2,4.994641077342613,65.72575913724197,60.84930869417178,2,1
C004717,M,1,2,0.4008383780604037,77.66352550035344,50.25414621823851,5,0
C004718,M,2,1,5.355444891984965,46.55529269206893,52.367611911199184,4,1
C004719,M,2,2,3.6203946939881853,65.50214393844561,59.90132636572257,4,0
C004720,M,1,2,5.947686242129125,59.994030942846265,29.647137134707666,2,0
C004721,M,2,2,2.422416431125621,65.7994436039902,54.85509440691777,5,1
C004722,M,2,2,0.6299634422315652,62.70707613481103,47.82651275597259,3,0
C004723,M,1,1,3.007709237538146,54.21231059862892,36.9571797482421,1,0
C004724,M,3,2,5.080278336681531,93.76542252086146,69.10668192414585,2,1
C004725,M,2,3,4.842499015279786,26.221672842669946,36.96048267257926,4,0
C004726,F,1,2,4.037166551281453,74.0386902713155,69.95597307436395,2,0
C004727,M,1,2,2.654562105000118,74.15935045332374,75.8874858901516,7,1
C004728,M,3,1,3.709681531961459,66.6573618177481,58.04325623660708,2,0
C004729,M,3,3,7.259865030118125,69.65045398998552,79.78032053303055,4,0
C004730,M,1,1,9.614717884279525,75.02110916136508,100.0,6,1
C004731,F,2,2,4.936276145351847,57.5905026691214,70.35412166829084,5,1
C004732,M,2,1,6.255373095770849,60.000371494634116,54.52507901316995,5,0
C004733,M,2,3,2.399775739065158,60.75237340739717,81.31513586873504,6,0
C004734,F,3,3,6.977202457687499,72.66099806178254,25.152361747198555,6,0
C004735,F,2,2,3.231757802270663,73.21719930914713,100.0,2,1
C004736,F,2,1,1.2130863881371203,49.76717829085477,61.83066323449883,4,0
C004737,M,3,3,6.535019802952416,64.62669039148832,65.14208619672448,6,1
C004738,M,3,2,4.197214370363059,56.3831826995426,31.927853986478492,4,0
C004739,F,1,1,7.066308985237452,51.54862249648067,76.49070075125016,5,0
C004740,M,2,1,5.8180061965614245,58.52737652086156,62.232634430229375,6,1
C004741,M,2,2,1.1539676115090307,48.852261865988694,57.608852597217144,3,0
C004742,F,1,1,4.406132745808904,38.58456747886241,48.807394908067785,4,0
C004743,M,2,1,2.0270427641638977,66.90336093062143,44.07262363159547,7,0
C004744,M,1,1,6.780335973867505,79.76333959588719,46.74158945989723,3,0
C004745,M,2,1,4.189648309463907,61.02398827013579,30.788591916496923,6,0
C004746,M,1,1,2.551822362052338,79.48219868686903,63.651096888436186,3,1
C004747,M,3,2,0.0,77.20774208518476,88.56158059410956,2,0
C004748,F,3,1,6.565630434481262,52.59154948534772,67.11987150332962,4,0
C004749,M,2,3,3.246169091123266,53.24697023863065,45.23791068453096,1,1
C004750,M,1,2,3.424025373199167,44.114850491078045,65.89744035895094,3,1
C004751,M,2,2,5.0643853441903754,69.16070178333248,12.25292109325732,6,1
C004752,M,2,2,2.05422793819638,73.24689008426688,90.68892548178637,3,1
C004753,M,2,2,0.6600579099961208,65.50150343325122,49.92897630893415,4,0
C004754,F,3,2,4.42463260774066,53.952526248924464,69.2410394597172,4,1
C004755,M,2,2,1.951709813989622,64.33318629006868,58.990032218526466,5,0
C004756,M,1,1,3.831003971287882,75.91091201839333,70.46324531323452,4,1
C004757,F,1,2,2.096158330316949,74.36904916607143,100.0,3,0
C004758,M,2,1,1.0096824592560485,73.19499626185598,21.49258644847962,2,0
C004759,F,2,2,0.388954880940795,70.1886622104507,64.65113909243757,5,1
C004760,M,3,3,4.222205201124038,82.63344189321231,65.1369592645117,10,0
C004761,M,3,2,6.412308241088245,50.77172160496219,53.19227913979702,6,0
C004762,F,3,2,6.151535505455537,56.335976556685026,46.657064504312046,3,0
C004763,M,1,2,4.054681447963063,51.381787119597064,77.19790927798671,5,0
C004764,M,3,2,7.134469881652874,59.303928503040765,59.36801967716265,4,0
C004765,M,3,3,2.821574469983921,87.347005665645,59.99140418579583,9,0
C004766,F,1,2,5.801413859257514,53.98056087098486,54.577683882284184,3,1
C004767,M,2,1,2.917369410066774,54.24233664515452,57.13906907497652,2,0
C004768,M,2,3,2.40301365711009,39.79685845870562,70.99020512916596,2,0
C004769,F,2,3,5.781170183701676,74.87137584409305,70.23032611696792,2,0
C004770,F,2,2,4.951790882598862,64.75189921126103,46.01436254998954,5,0
C004771,M,3,1,5.385030320200875,86.08767945025475,54.54413866472815,3,1
C004772,M,3,1,0.7252750765059632,86.18372624462633,78.33177308311394,3,1
C004773,M,1,2,6.263804505712271,48.44834753125554,90.27985430631318,3,1
C004774,M,2,1,5.48975736291717,64.10596924171682,90.2992723772045,3,1
C004775,M,3,1,3.113790647192513,84.18398465060955,88.90214516707036,9,1
C004776,M,2,1,5.282531835324381,54.10524630524047,63.57875516540001,4,0
C004777,M,2,3,6.411611709418405,79.86749487977859,78.63398186511894,3,1
C004778,M,2,2,2.380956378764979,27.816242219220456,66.60312127089898,4,0
C004779,F,3,3,2.3953709411863686,64.22454264081635,46.707378486077104,7,1
C004780,M,2,3,3.3652961739539036,55.71038727552353,57.79723842585731,4,0
C004781,F,2,3,0.0,81.06125242102395,56.30139281574454,4,0
C004782,F,2,1,4.726224079978493,59.42891111045936,76.65749162952662,6,0
C004783,M,1,3,6.00383035875066,77.39881793319849,74.32887994053264,4,1
C004784,F,2,2,5.254144305958899,72.96354790693485,58.1463754290684,3,1
C004785,F,2,2,5.054349465309896,53.791555500328315,55.91912073481773,8,0
C004786,M,2,3,6.251671022044828,78.44095074784241,47.738975097558935,4,1
C004787,F,2,2,3.7794838569977394,73.27895835861369,54.09825162071828,6,1
C004788,M,2,1,0.5423557046269623,42.470769269767416,58.09733972124412,4,0
C004789,F,1,3,4.28475146929014,72.96232835015445,65.91851999390208,2,0
C004790,M,2,2,6.863072814743859,58.044222933631545,62.040526929089026,6,0
C004791,M,2,2,4.794714093691273,72.11401004183465,45.531898579484476,2,0
C004792,M,2,3,3.1817750833988976,68.92906349697165,51.24442879785179,4,1
C004793,F,3,1,5.725138522944046,80.29882666671591,58.037260889940825,5,0
C004794,M,2,3,4.849470087293754,79.35986076724711,69.12182001764933,3,1
C004795,M,2,1,3.5252635879480456,53.38016527455934,51.04699680352071,4,1
C004796,M,2,3,4.261965960422019,57.39515558261561,33.6351023924928,1,1
C004797,M,2,2,3.3017654025880816,61.346082921948906,39.953107241186096,5,0
C004798,F,2,1,5.352636902239444,81.13146278965176,65.74912636236769,2,0
C004799,F,3,3,2.0202272183343513,59.07888886594246,68.36178919378654,2,1
C004800,M,2,2,4.725894678793403,69.94152117966189,49.4367671265095,2,1
C004801,M,2,1,5.9123851241404335,78.68931445172177,42.17919954354116,5,1
C004802,M,1,3,4.523426019668567,65.81901238254481,34.723859189983735,7,1
C004803,M,2,2,4.5483908513042755,91.07789655917352,35.59177302362548,4,1
C004804,F,1,2,4.154032749089345,56.957815822811526,53.046302388466685,5,0
C004805,F,3,3,5.17611659251209,73.16752598956033,31.69105016541165,3,0
C004806,M,2,2,3.20959698052475,71.00386244914611,62.90730850599476,3,1
C004807,M,1,2,3.7128225025839554,66.96447788156911,69.21273029669332,4,0
C004808,M,2,3,2.0178022511499156,33.05180852627832,35.44080294277276,3,0
C004809,M,2,2,3.4061961638017997,60.927806911157234,41.37724264263713,7,1
C004810,M,3,1,0.0,38.91191015991852,58.327167978248795,3,0
C004811,F,1,2,4.0627721847167475,57.594821059395514,45.404811779676955,1,0
C004812,M,3,1,5.355216855710675,63.89953928659433,63.44071006489828,7,0
C004813,F,1,3,3.852608414074319,99.56564882351118,77.7081686331534,6,1
C004814,M,3,2,6.026655310784029,76.34255159334128,56.303001968743295,3,1
C004815,M,2,1,6.937822993885677,49.560697660029305,29.34390791325457,4,1
C004816,M,3,1,3.964638041516345,68.01013606128433,63.01176166257543,5,1
C004817,M,1,2,1.8077122179377971,71.32928121435684,53.8882238466658,3,1
C004818,M,3,2,6.401223433214106,66.51217050301412,69.57049578007317,3,0
C004819,M,2,1,5.956279601870023,65.27704243577655,100.0,4,1
C004820,F,2,1,4.987686569956984,56.68386235860436,42.733230879849316,3,1
C004821,M,3,2,2.846186063262907,70.41432773890027,46.80978770692475,7,0
C004822,F,3,3,4.831462221029529,68.92045649493446,65.16544924119944,3,0
C004823,F,3,3,3.3148382439307396,75.19271080719973,75.5639548522802,3,1
C004824,M,1,1,2.385871216041573,77.58999888298398,96.7184989324216,7,0
C004825,M,2,3,4.790146895341329,77.1009199176423,52.40932454683384,5,1
C004826,M,2,1,1.8590293732895873,66.60835792619318,44.32317696509916,4,0
C004827,M,1,3,5.662924027787998,62.569996077679264,45.72675447860557,5,1
C004828,F,2,1,4.619436301161531,76.12297417160835,52.107764913276874,2,1
C004829,F,1,1,3.754745828345195,52.67091891358234,55.54757650637684,5,1
C004830,M,1,3,3.90849921996592,27.908934372885042,63.05341201583027,5,0
C004831,M,2,1,1.639028390193448,38.937234837922745,60.56313390888244,4,0
C004832,F,1,3,1.771041375200896,36.88517411330564,36.98043783094715,3,0
C004833,F,1,1,7.81224303123438,73.43501304997716,32.42645173783028,2,1
C004834,M,3,1,3.6680078274967376,66.98942731433571,58.04844631067759,4,1
C004835,F,2,2,0.8672552784306333,76.81161769132098,46.271719798632255,3,0
C004836,M,2,1,6.020749073187118,72.7632168994759,49.27508413968396,7,1
C004837,M,2,3,1.7464619208035859,80.56721972017121,75.85388720398598,3,0
C004838,M,2,3,5.268543472720314,81.95428822816238,71.8100082773101,3,1
C004839,M,3,2,7.243207423576283,79.1793976253594,53.42249323536696,7,1
C004840,F,3,2,3.5223774065289533,79.4985665505737,78.30015749751108,6,1
C004841,M,2,3,6.547049211196619,89.5734233974106,79.50693667042074,4,0
C004842,M,1,1,5.61444250336624,96.2308589377902,84.60503176949925,5,1
C004843,M,2,2,7.461224231851153,66.12101501151504,88.03541723729009,2,0
C004844,M,3,1,5.280059346798597,88.05037935339148,56.305858137466146,4,1
C004845,M,1,1,2.836957641267956,56.25474943604535,79.96337212889475,8,0
C004846,M,1,1,0.0,57.07888854678845,54.49923783422522,2,0
C004847,F,3,3,2.2574722165164025,89.87235594197043,81.84783735482509,9,0
C004848,M,1,1,2.895101071514305,66.52742983403026,55.733889618355725,2,0
C004849,F,2,3,6.183863826054848,40.0151677225565,60.33992583791471,4,0
C004850,M,3,2,6.671161538370004,47.024321530471504,41.93943528706833,7,0
C004851,F,3,1,1.5887391323230653,53.40541685826337,41.759032887653305,4,0
C004852,F,1,1,6.690424854771617,47.37560953100754,67.33243326817494,3,0
C004853,M,2,3,2.2985178865825473,73.03640467640356,77.45163159686207,3,0
C004854,M,3,3,2.1666031470776463,52.05083676836138,41.378039018404394,2,0
C004855,F,2,1,0.9560881456474877,60.80610011009145,83.86303700764557,3,0
C004856,M,1,1,4.74307052864316,55.89206559534211,81.84303328343023,1,0
C004857,F,2,2,2.711489422434503,44.519878558159256,67.15799731701328,3,0
C004858,M,1,2,6.888640931270016,45.246881038788594,77.09686931175881,3,1
C004859,M,3,1,2.002127842306959,78.67176007537608,50.540000697529194,6,0
C004860,M,3,3,5.610853742492918,69.90340155440053,34.45018892934503,6,0
C004861,F,2,2,1.332874492776249,17.03162207010793,50.58710405053017,4,0
C004862,M,1,3,6.2701355715244995,55.477521328171484,81.4049632007638,8,1
C004863,F,3,2,4.257664335663772,78.39135709288527,82.73894736338055,2,1
C004864,F,3,1,4.644521113791033,73.47281489912483,38.704009330827986,4,0
C004865,M,2,1,3.211481694617256,96.87769519908616,38.43485721817408,6,0
C004866,M,2,2,3.0868610380909267,61.13381314580079,43.96167242574673,1,0
C004867,M,2,3,5.092901067955833,70.6336550505755,25.111590764949533,4,1
C004868,M,1,2,7.978716946627362,51.75480361364248,49.009549871021456,3,0
C004869,F,1,2,1.6907442233328935,41.800998434377874,68.67038287244391,4,0
C004870,M,3,1,3.2506009438094083,70.46749971050508,5.901633195511032,4,0
C004871,M,2,3,2.6522797336245527,59.106394579652516,58.63596572530544,3,1
C004872,F,3,3,0.6741361462296331,100.0,85.50181599080629,2,1
C004873,M,3,3,0.6464415893830671,56.17732103843426,76.40158960525504,7,0
C004874,M,2,2,2.388460441739553,58.684661622368736,67.15993165066813,3,0
C004875,M,1,2,3.128949780905023,66.21554216668073,61.94508333198841,4,1
C004876,M,2,2,7.115400254768945,79.10859207014502,80.40236486874949,2,1
C004877,F,2,2,6.176485660309918,77.8390577935553,69.07801766679825,3,1
C004878,M,2,2,2.1950874636753177,40.08768412074214,55.06730500681069,3,0
C004879,M,2,1,5.700246874219124,84.60799539717857,76.84253794777884,4,1
C004880,M,1,3,2.2414389535140815,62.54962698361195,35.44086716221338,3,0
C004881,M,1,1,3.8067902349515816,24.819969966543113,74.27960661820458,3,1
C004882,M,2,1,4.712324144395882,65.03958789214171,69.86298879094588,3,0
C004883,M,1,2,8.642007550247808,49.72507878072248,63.607025187536244,3,1
C004884,F,2,1,4.591381309982877,82.74881665817557,61.69007263695848,7,0
C004885,F,2,1,0.7483889897111564,70.17382702608681,90.28188075788601,6,1
C004886,M,2,3,5.637231861261767,81.13856789689365,79.49471526153603,6,0
C004887,F,1,3,6.501820255059185,82.90877878341472,84.70811030320345,2,1
C004888,M,1,3,5.954897165059853,58.14727680833252,68.78036095006374,5,1
C004889,F,2,2,1.812703578359566,68.74675316707508,80.67502866308087,3,0
C004890,M,1,1,4.273523409171302,82.05052491373347,68.0950798752974,3,1
C004891,M,2,2,3.960574338078869,68.33740022692253,57.433127103059824,4,0
C004892,M,2,1,7.89293553836089,52.64530373853074,74.21367868936542,5,1
C004893,M,1,3,5.356831659227319,86.6657570443003,55.23808470144186,6,1
C004894,F,3,1,7.776772912849355,65.37857568466937,81.24208555767865,4,1
C004895,M,3,1,2.439426437473668,53.191164517539676,38.241964038184136,2,0
C004896,M,3,2,3.5232074194273646,93.73348477446434,55.57999756922736,2,0
C004897,M,3,1,2.8173540726926967,36.4206848949713,47.82753590245849,5,0
C004898,F,2,3,6.153150074276628,55.00063193835882,100.0,7,1
C004899,F,2,3,6.5070889387518305,56.39470627706732,48.34007194633096,1,0
C004900,M,1,3,4.859762256478725,78.16321245359495,59.08961058249646,7,0
C004901,M,1,1,4.208498431698278,59.742721711299616,22.96225562745242,4,0
C004902,M,2,2,4.919197938653358,54.72604487542824,90.93481233968919,5,0
C004903,F,2,1,0.9584008227332821,80.65233005896374,45.50407550026373,1,0
C004904,F,3,2,3.095311034178221,76.72457583351743,87.14376206280014,4,1
C004905,M,1,3,3.2721435553929785,60.68528123510155,41.31774193197746,4,1
C004906,F,2,1,3.9700889211559534,68.49975524027948,42.57464507083956,3,1
C004907,M,3,2,2.5655837448682517,48.09118910162274,75.05895356582019,2,0
C004908,F,2,3,2.1315205194772613,61.564843962096276,32.26152507827303,2,1
C004909,M,2,3,0.4844125741532288,63.9487712080067,67.83545148506097,1,0
C004910,M,2,1,4.950576686344624,45.57787603607683,46.385134001082704,2,0
C004911,M,2,1,0.9822117710566709,40.19689123544816,98.9475079197397,8,0
C004912,M,2,3,6.198818276117652,59.01949435533774,92.59380029133591,3,1
C004913,F,1,3,4.712659152503242,80.82989387019195,82.93028071870604,4,0
C004914,M,3,1,5.950148722881062,73.70333820485858,100.0,3,0
C004915,F,1,1,2.0381166546953287,56.00818105832155,48.96732823649099,7,0
C004916,F,1,1,8.100332658147416,100.0,74.19067143106415,3,1
C004917,F,2,3,8.883344082615809,48.919451308501145,43.133363111565046,2,0
C004918,F,3,2,4.066102464154784,73.24692174498372,75.89257667185632,3,0
C004919,M,1,2,4.865527893877299,57.067889772974056,66.28696281641184,2,0
C004920,M,1,1,3.9718486445207666,83.20633443545411,37.941029824923504,3,0
C004921,M,2,2,6.216113730564434,63.29397466218762,59.100742995421044,4,1
C004922,M,3,3,5.743862559164667,61.41617927632696,61.882574260428925,6,1
C004923,F,1,3,0.09418159164780837,79.45743597182681,61.31824223167938,3,0
C004924,M,2,2,2.1814051643204415,62.52083727793577,92.38894745013846,6,0
C004925,M,3,2,4.864053354991063,76.080442879217,40.8963192828425,2,0
C004926,M,3,1,5.702181292652018,63.35542282549201,47.90204405308142,4,0
C004927,M,1,2,4.3285976467510405,25.600847618319612,6.637885378537504,6,1
C004928,F,2,3,0.2672390376475686,97.34045313490665,72.17407857863715,4,0
C004929,M,1,3,5.2244758999976595,72.77530983163163,74.77019600320263,4,1
C004930,F,1,2,8.014660707310874,60.367869397745025,75.88613082688987,4,0
C004931,F,3,2,0.0,85.46406308902107,59.33520175878341,4,0
C004932,F,3,3,6.066445312368387,50.49628905755873,46.72601113307903,6,0
C004933,M,2,3,8.030607421399882,51.33024326224725,38.50977936277758,4,0
C004934,F,3,2,6.075817196804598,43.77957118960238,70.16314797612287,3,0
C004935,M,2,3,3.822436835379458,61.99507598223877,45.16457129844997,2,0
C004936,M,3,1,5.973129170331866,55.07980491479389,29.878488505052292,3,0
C004937,F,3,3,3.809446339719072,60.64406311657014,78.68271221616075,3,1
C004938,F,1,3,5.192465943612827,42.95925045213069,53.42419719207345,8,0
C004939,M,1,2,4.18331469131906,54.71025094565755,63.05547065691788,6,0
C004940,F,2,2,4.244854258061655,71.82865153799956,0.0,4,0
C004941,M,2,1,2.323879176033134,85.48384289180393,59.237112524036824,7,1
C004942,M,1,1,2.980693342162436,65.66959169719615,55.7581164375258,1,0
C004943,F,2,3,7.574360158857841,57.53056165757447,93.47156827537515,4,1
C004944,M,3,1,2.6364074818405467,74.44969710751369,55.546676474891164,1,0
C004945,F,1,1,0.0,82.66184298465521,5.454873594061873,5,0
C004946,M,3,1,11.733864734121527,81.84126413177269,55.676290957200585,2,1
C004947,F,2,3,3.0395752217983394,72.6719518461177,60.130888970737246,2,0
C004948,F,3,1,3.409250024583062,53.69362783376161,83.67660682503076,4,0
C004949,F,3,2,3.1154446786848995,64.17281789687803,59.122898573922114,3,0
C004950,M,3,1,4.035047332617012,68.63907267396269,52.01354361326197,4,0
C004951,F,2,2,2.329907702990032,28.186804034568524,57.277666572455246,2,0
C004952,M,3,1,7.276770325914687,65.41181549743796,100.0,3,1
C004953,F,2,2,3.5609192647621306,90.86894466347002,69.4359653454216,3,1
C004954,M,2,2,1.6997982566316923,55.402277319004,54.55756409358433,4,0
C004955,M,1,1,0.0,37.77413645422125,78.960242778839,7,0
C004956,F,3,2,6.408724590878714,55.01263174622338,38.5070758165849,3,1
C004957,M,2,3,3.030472803377109,54.47418626599374,45.77825905474804,5,0
C004958,M,3,2,4.8265283367660725,81.52739854287202,49.626960949800974,3,1
C004959,F,2,1,1.9561868111374965,100.0,26.437671920709846,5,0
C004960,M,3,1,4.206360088683982,67.33607842127407,78.67396184840312,3,1
C004961,M,2,3,3.9399840757020175,52.21091879335362,44.951538107855626,3,1
C004962,M,2,2,6.0259314436073925,46.84426391844085,62.357644628447574,5,1
C004963,M,3,2,4.36420145519782,80.46784189969584,49.10765126828795,5,1
C004964,M,2,2,1.5295867635081004,75.85308997428085,66.2021550430813,2,0
C004965,M,2,1,9.285333598818587,82.57431933498574,96.38388565565694,5,1
C004966,M,2,1,4.95604299590648,57.07438737980243,53.153987119676394,5,1
C004967,M,2,1,1.9212613431778403,89.47216859142652,50.751995132857225,5,1
C004968,M,1,3,4.4160505566365265,67.61411179083744,35.793669154677076,7,0
C004969,F,2,1,4.860383120848528,54.306520902197306,54.410106014443286,6,0
C004970,F,3,2,5.065013670066765,34.20721808127523,23.443328690091064,4,0
C004971,M,3,1,4.7992357895691065,57.289604625856846,87.8466672115142,3,1
C004972,M,3,1,4.539765768968521,57.11741139792925,47.36110033267494,2,1
C004973,F,1,2,6.018923921848231,48.93585013482823,41.698112154582475,3,0
C004974,M,3,2,5.601309401576937,71.70839579262604,56.3516509924228,5,0
C004975,M,1,3,5.642211936487234,54.611340540746326,72.32187863573867,4,1
C004976,M,1,1,0.09157609816225021,50.726239507692114,55.04548408057525,4,0
C004977,M,2,3,0.18453472339650467,51.24403981685633,81.35028623601777,3,0
C004978,F,2,3,2.2549764459926536,43.7115820576448,51.14879835902502,6,1
C004979,F,2,2,3.4534350530225444,56.4342327685469,44.69954316658355,5,1
C004980,F,2,2,2.3281215552430687,56.82033008957205,58.729315359453,7,0
C004981,M,1,2,1.7652287690313369,61.3268162442803,56.77627514861423,6,1
C004982,M,1,3,4.525523525635445,70.73074409613017,77.68664481406017,7,1
C004983,M,1,3,2.0798404172194718,87.9646149753551,75.61661430056597,3,0
C004984,M,2,1,0.0,80.15479600094693,50.77618737326169,6,0
C004985,M,2,3,1.0118963392482474,41.54716559789702,29.580415506771427,2,0
C004986,F,3,2,2.658550598980077,78.4034334100483,71.29831702027263,3,1
C004987,M,2,3,3.4318184761603883,81.2417602323018,36.24340527944274,5,0
C004988,F,1,3,5.977121401374852,76.36475824477432,57.88176015897585,2,0
C004989,M,2,2,4.955992687358918,58.22657783629958,69.57637958535757,2,1
C004990,M,2,2,0.0,86.96670986241061,95.18324528610415,8,0
C004991,F,2,3,7.1956698406743165,51.5320115718677,100.0,1,0
C004992,F,2,3,3.5614955662601795,81.00150053427595,67.95242669914063,5,0
C004993,M,2,1,4.152158724818126,80.5482914689955,21.576896853650247,4,0
C004994,M,1,1,4.266704697189091,72.4920380483805,38.27208558404035,4,1
C004995,M,1,3,2.124100679862285,38.02916837097733,56.81060452377241,5,1
C004996,M,3,1,5.239525352069851,68.03142030195687,53.077915693684076,6,1
C004997,M,3,1,0.0,77.48752230035689,62.1565468247122,5,1
C004998,M,1,3,6.948231988295764,65.72303403510041,62.48262722375952,4,1
C004999,M,2,3,4.412564835766256,63.76717934421117,36.94450858200274,5,0
C005000,M,2,3,4.799120247524491,59.39027145949861,71.55759831106911,3,1
C005001,F,3,2,5.158560396242939,57.09170819882583,42.276901938207445,4,1
C005002,F,2,2,3.0288117813236006,63.572254145877224,63.05634002589233,4,0
C005003,M,3,1,6.796541327228725,82.97484378298479,94.96252644817125,4,1
C005004,M,2,1,2.4045269583489017,54.449471735764334,40.81782224383225,4,0
C005005,M,1,1,1.7987148272339253,70.88701014400456,62.852425176945,4,1
C005006,F,3,3,4.327823193690933,24.657996759998518,52.293418161226015,2,0
C005007,F,3,3,0.9688832583836215,57.118300902796,40.5981063089663,4,0
C005008,F,2,1,2.7541487852333253,75.70410323653799,62.310735182234914,3,0
C005009,M,1,3,4.573699451893696,80.08345637885095,45.18791362458205,7,0
C005010,M,1,3,5.617111172734515,48.310783047297164,75.11728955468547,4,0
C005011,M,1,1,3.9176803227804826,69.24662598031624,72.24842274104677,5,1
C005012,M,3,3,2.0106090500480818,76.68216606411711,92.24188435505256,6,0
C005013,F,3,2,3.258154192522655,52.85301835367526,74.83824137104955,5,0
C005014,M,3,2,2.530265756188643,39.846811182618424,72.53538515412119,9,0
C005015,M,1,2,3.785169426439378,44.68462545992527,22.272082029272333,2,1
C005016,M,3,2,2.6354389247224552,40.973472060333805,77.26964344926351,2,0
C005017,M,2,1,1.8499197950017425,75.534449551014,74.66664489041582,2,0
C005018,M,2,2,1.5760125054045044,66.39907822652317,46.07447168583512,2,0
C005019,M,2,1,0.0,58.40162402536584,93.77201433571203,2,0
C005020,F,3,2,6.37880054091409,51.480854203084476,77.57438691155502,5,0
C005021,F,3,1,5.574739092416527,81.36188836356565,64.139131599826,4,1
C005022,F,2,3,1.297268973255982,61.63877498338776,74.18537844125834,3,0
C005023,F,2,1,5.431678863315876,69.59762571556136,68.91004201456164,6,0
C005024,F,1,2,4.093237101236119,51.15890950548813,63.68369687728446,5,0
C005025,M,1,1,1.157654340265176,47.111928072910914,56.451391554476686,1,0
C005026,M,3,3,1.6888977437374333,80.00082973095435,83.18828290811277,6,0
C005027,M,1,1,3.672093132563305,66.04828468149172,33.43445761328911,2,0
C005028,M,2,2,5.63060025926865,67.35220440907315,63.8223151762238,3,1
C005029,M,3,1,5.3070970576025,69.6747545095823,87.61393744458833,4,0
C005030,M,2,1,2.8149074392142923,79.61800953078212,62.29441122738192,6,0
C005031,F,2,1,5.010412111373001,82.27188996694053,74.74646824922067,2,1
C005032,M,2,3,3.6421152464670588,48.03199757499669,60.09578722717591,5,0
C005033,M,2,1,2.383174247050899,60.89790321079589,41.43389056296873,3,0
C005034,M,2,1,6.113191110277377,49.3370572672388,76.95560195796,6,0
C005035,M,3,2,4.342651437547354,67.47315397957684,87.28119606682145,4,0
C005036,F,3,2,5.1238470356762456,58.96719334693454,49.73413557052652,2,1
C005037,M,1,3,1.5849942584271708,60.128764961467255,70.2591795863283,3,0
C005038,F,1,2,2.856746485560005,61.4442069094826,65.40176605175819,3,0
C005039,F,2,3,5.804322906560708,60.66082854522776,53.16410859819762,3,1
C005040,M,2,1,3.3824748458623417,100.0,81.37401874745626,4,0
C005041,M,3,1,3.509635975848072,35.81360710524711,55.55957246794617,6,0
C005042,M,1,3,1.665550227848604,62.536918700012976,40.957027871779474,3,0
C005043,M,1,2,4.433103495797846,42.36754424703032,53.228733755042704,6,0
C005044,M,2,1,1.625856651102033,67.29858647807661,57.007520386921115,5,0
C005045,F,3,1,4.804703477768157,43.59199659439421,47.60148384226133,1,0
C005046,M,1,1,1.8157067447520192,63.86291143123283,49.850905919598304,6,1
C005047,F,3,2,3.5393179962584034,53.864698467605564,38.67242068977589,3,1
C005048,M,2,2,7.465048836750966,80.98776577088553,54.224089605752006,1,1
C005049,F,2,1,4.804715057813688,42.532588014008496,63.097891769313435,2,0
C005050,M,2,3,3.2377984382394436,44.50337141401674,43.22847736687551,5,0
C005051,M,1,2,5.885012622366166,47.65675172310665,39.949112545347944,3,1
C005052,M,2,3,2.4083015362255464,70.44436786265388,41.217705430266264,2,0
C005053,M,1,2,1.83032095499577,67.92582583870158,57.10242985890734,4,0
C005054,F,3,3,3.1976636323158996,60.33036245060203,50.296877802188554,2,0
C005055,M,1,1,6.417086891330191,74.36111245910192,29.690817089314827,3,0
C005056,M,3,3,6.293477850644103,30.766095118305195,36.55574418708821,6,1
C005057,M,3,1,2.9073356234551913,61.09286878687452,57.83889310924393,4,0
C005058,M,2,1,3.3753281966552384,64.46652591915493,52.549940758116115,6,0
C005059,M,2,2,4.924696055357781,67.41552574693628,57.80762456412226,3,1
C005060,M,3,2,9.341980887810521,65.72674960969464,87.80040340741323,2,0
C005061,M,1,2,3.477301048087795,68.52071189175871,64.12971729078096,3,0
C005062,M,3,2,7.041572012787645,71.48126400703413,25.838875387299993,5,0
C005063,M,2,1,4.548836481594108,93.9685458928854,47.96388942992222,6,1
C005064,F,2,1,5.8771850644545385,75.49511808756773,65.6847595078935,4,1
C005065,M,1,3,6.229852863523098,42.1828584699164,47.223527477585236,6,1
C005066,F,2,1,4.387143127780636,77.36250629367423,41.5133984607037,4,1
C005067,M,2,1,3.9376607851217647,62.54576402024718,75.72754317525427,4,1
C005068,M,1,3,3.5441811373334877,56.213214780664295,51.85012549098919,5,1
C005069,M,1,1,4.771387957413273,43.06575802291384,43.70223122690311,4,0
C005070,M,3,2,6.613216986296816,60.37126494871964,43.914107293305165,4,1
C005071,M,1,1,6.910002090912287,67.75518774933224,89.67895644276584,7,1
C005072,M,1,2,6.663237131247394,76.03564010111934,38.82321019712559,1,1
C005073,M,1,2,2.974922814928922,48.26322003026006,55.725459428558004,4,1
C005074,F,3,1,2.750011959168387,58.54426862662248,56.79795347998359,3,1
C005075,M,2,1,2.1782138444464096,57.35818778955121,71.76472037070928,1,1
C005076,M,1,1,4.338860616137117,56.248028508877255,44.77067704191946,5,0
C005077,M,3,2,6.052397559458996,41.95875559653668,44.22490340337579,4,0
C005078,M,3,1,2.7569371938123517,48.854422305992934,73.92523636755834,3,1
C005079,F,3,1,3.597432805722978,60.269568961201784,100.0,4,1
C005080,M,3,2,5.422662702897672,74.21836515199684,49.18407166414012,4,1
C005081,M,2,3,3.293450793845561,61.32405602577183,47.97601683619866,3,1
C005082,M,2,1,3.5812119587236357,46.85228939344142,100.0,4,1
C005083,M,3,1,6.451552490919353,60.877742167284524,52.92535043304212,2,0
C005084,F,1,2,4.05213229862652,46.179819388068765,53.63341253809351,3,1
C005085,M,2,2,2.415425862314172,75.95022990065705,63.24196633104415,5,1
C005086,F,3,3,4.211967518786969,87.27048280354873,67.32289375128806,4,1
C005087,M,1,3,4.953345592148649,66.21934438283658,64.44161252460054,6,0
C005088,F,2,2,9.509970970485409,74.91181279431328,77.3144825203689,3,1
C005089,M,2,2,7.341978340014995,54.087820756786044,34.86797368195987,3,0
C005090,M,1,3,11.023191733118699,68.24636472521809,55.8924802338463,7,0
C005091,F,1,3,1.656246798808966,63.86094805557091,79.56650191854973,3,0
C005092,M,2,1,7.060697436645913,79.25614447415234,18.646567293831232,6,0
C005093,M,1,1,7.416410282643585,55.378509053256025,36.30210815100857,3,0
C005094,F,3,1,4.067069144905529,63.04309880851783,72.73239604867855,3,1
C005095,M,2,2,3.1366854697763142,47.70055449904371,61.48989274657245,3,0
C005096,F,1,2,5.622002296501152,73.82150157292243,48.35512473716228,6,1
C005097,F,2,1,3.2830929841547043,54.64052480601052,65.65737765678514,6,1
C005098,F,3,1,1.4833620853428613,59.35835796083454,67.90514088952357,4,1
C005099,F,2,3,0.882092382274339,50.72389188016656,43.99791099498854,4,0
C005100,M,1,1,0.7071284220022012,61.2414602399881,58.62069641662785,7,1
C005101,M,2,3,4.5128240131854165,74.80877637095342,38.83373803858066,7,0
C005102,M,3,2,5.476770653330416,69.4111046209641,80.7578026346666,1,1
C005103,M,3,2,1.8558221051898598,83.2235851736404,31.910470672647023,3,0
C005104,F,3,3,5.064029247688508,54.24374616685469,57.67396537726572,4,0
C005105,M,2,1,5.048525357988386,64.17744916997722,74.2738966916488,4,1
C005106,M,3,2,4.762827225755979,81.3052810779327,96.02381224038675,5,1
C005107,M,1,1,5.49580037982655,50.006574082481386,56.53627044041328,2,1
C005108,M,2,2,4.474201223165227,82.12203864510938,100.0,4,1
C005109,F,2,1,6.932325137322139,87.02807282456297,39.54463104322722,4,0
C005110,M,2,2,5.37227911629357,47.63424916663292,70.5853531995698,4,1
C005111,M,2,1,1.2399528049143744,100.0,47.42285924569285,4,0
C005112,F,3,2,8.048083744315452,60.090206814016376,89.50963552125883,4,1
C005113,F,1,2,1.886278798176685,38.89034595320875,58.40438063018555,5,1
C005114,M,1,2,3.9643636729405545,47.73910261744531,41.43819874931711,5,1
C005115,F,3,3,9.6146705315062,61.86388520951042,82.31668921465251,2,1
C005116,M,2,2,5.077364262341639,58.05222792627972,52.10836157847382,2,1
C005117,F,1,1,2.1904104193718243,52.38653528538622,36.6146921688314,4,0
C005118,M,3,2,4.740889276280589,45.616120060064546,54.21760916029273,6,0
C005119,M,3,2,5.149174223727872,43.13786675703055,78.16382477457128,5,1
C005120,F,1,2,4.442555430173655,89.0095467654128,57.31487190228684,7,0
C005121,M,1,1,2.8851049906892783,69.55587649559136,52.930886373508166,3,0
C005122,M,2,1,1.1843748147522124,79.26723068142154,59.94286781191741,4,0
C005123,M,3,3,1.4377669360555463,50.19679316703304,16.698885360885157,6,0
C005124,M,1,1,2.2854827460239373,58.32960446739776,100.0,3,1
C005125,M,3,1,6.848827155083276,49.03830705162356,58.9888411503874,3,1
C005126,M,2,1,1.318341947340647,56.80150126204799,77.3434694705003,2,0
C005127,M,2,3,4.342643921447518,80.25949951716504,86.9029494734925,4,1
C005128,F,3,2,7.076335261019551,57.80188580841268,40.60386095125255,3,1
C005129,F,1,3,5.431680240973919,62.776438182952056,36.90936193847937,4,0
C005130,M,3,2,7.1270545347567085,54.27973502095474,88.63587273422749,3,1
C005131,M,1,3,2.7100422755229348,75.91994226438469,45.20215870575013,4,1
C005132,M,3,3,5.381915244182019,55.85678027361837,52.887039176257595,3,0
C005133,M,1,2,6.531997701878657,83.40470659187636,46.226952015582235,5,1
C005134,F,2,1,6.070577490958791,59.15141819145184,5.926981324129848,3,0
C005135,M,3,3,5.957798283658381,100.0,55.81929482850566,1,1
C005136,M,2,1,1.371808431565397,82.96883712127485,58.56085251012167,6,0
C005137,M,1,2,5.467537107582767,64.21434514334254,79.15905363677601,7,1
C005138,M,2,2,5.073062380295031,66.02541029434079,51.7232714575639,3,0
C005139,F,2,1,3.6692772852424413,85.56101348910565,48.82106789701395,1,1
C005140,F,3,3,2.6691808468106153,69.88775553985512,69.55076082216847,3,0
C005141,M,1,2,4.990978209056419,73.99803857474917,75.98265607267308,5,1
C005142,M,2,1,1.827862530715369,96.71178472632752,38.81319243237512,4,0
C005143,F,2,2,3.0511403599538194,68.09595118185904,24.083301449226845,6,0
C005144,M,2,1,6.072707427903243,33.48370111084484,99.98483035876309,4,0
C005145,F,2,2,6.292405733335439,67.58891677950356,87.94421746950638,5,0
C005146,F,2,2,5.06060205460861,82.59050703214618,47.692787844595706,5,1
C005147,M,2,3,2.98845516969289,69.71840216752098,53.79774594223484,4,0
C005148,F,2,3,1.5546393116930939,47.62890173364756,58.970185519595915,2,0
C005149,M,1,1,2.285236136365999,63.72296377540545,44.18222403956975,2,0
C005150,F,3,2,6.828340308854146,87.25882811874703,49.04479606936391,7,0
C005151,M,1,3,4.427992043021773,43.72059553928399,57.43937791160454,5,1
C005152,M,2,1,3.775770398615945,39.19005833020397,34.02225700903972,2,0
C005153,M,2,2,4.359625051151132,52.4426166939524,100.0,4,1
C005154,M,3,1,5.506037249736526,82.1974793059093,29.205433715014134,2,0
C005155,M,2,1,1.741501914843611,34.285312673487184,21.74751582958107,4,0
C005156,M,2,3,2.9300083210801997,66.81321080973548,75.90092059941168,6,1
C005157,M,3,1,5.421345555297639,72.44417792907554,52.45087974855434,3,0
C005158,M,3,2,4.527508428157455,65.026227103535,67.26233621495916,4,0
C005159,M,2,1,6.433446378241951,42.78544714496458,59.61025515415886,3,1
C005160,F,2,3,5.657481862518305,66.96113135765239,52.74636586113851,4,1
C005161,F,3,2,2.301445106325234,48.649943230811274,57.86003294988613,1,0
C005162,M,2,1,0.0,67.18564278795111,66.89901457549442,5,1
C005163,M,1,3,4.44941654702482,51.63867968151989,80.11116344161138,2,1
C005164,F,1,3,1.7003806867440336,69.97719265676632,46.01723814425354,3,0
C005165,F,1,3,5.116715258600541,64.25439733863188,68.10395436487195,6,0
C005166,M,1,2,7.49907295319449,46.046271104144786,51.26548003242854,2,1
C005167,F,3,3,1.7347710185359868,73.287219795423,53.04238938373065,6,0
C005168,M,2,2,5.422206014621269,62.797789779437345,43.81520863852974,2,0
C005169,M,1,1,5.9145276455099065,69.77016595927698,54.36889552739094,5,0
C005170,F,2,3,4.760574259536243,67.93883950219073,37.53140307707008,3,0
C005171,F,1,1,4.721344805968274,80.02732561543895,39.14364788640619,2,1
C005172,F,2,1,0.0,73.629792901899,43.218429467314884,3,0
C005173,M,1,1,4.14418908687488,71.06278448967105,18.928730447500165,7,1
C005174,M,2,1,3.9809110389142113,36.457439294496666,42.53659416147019,2,0
C005175,M,2,1,6.309403005967978,58.432271490066974,50.56723588499757,3,1
C005176,M,2,1,6.1118823135192475,25.41749093436617,66.04509125781611,2,0
C005177,M,2,1,2.877243600789255,42.47400817564449,34.47785082328954,3,0
C005178,M,3,1,0.0,80.66258082080451,58.83017165283985,5,1
C005179,M,1,1,0.48878056761499744,56.23242329800705,66.23772953534753,2,0
C005180,F,1,3,7.099178681209402,80.30820238102248,54.58795564012692,5,1
C005181,M,2,1,3.8299608799938683,51.33661869306166,62.788117695324786,3,1
C005182,M,3,3,0.8173986217012166,61.05336954462886,63.22448580998918,2,0
C005183,F,2,2,1.0908604726983615,65.35071224903581,52.78393654635864,3,1
C005184,M,2,2,4.5077597338012545,86.3257400651874,47.29376605707466,2,1
C005185,F,1,3,4.266111642911696,78.17154052637815,62.31567190820569,4,1
C005186,M,2,1,7.64296713094927,55.699472112320976,39.707765205422774,2,0
C005187,M,3,3,3.823540211850935,55.79560579947214,18.74125930172802,3,0
C005188,F,2,2,4.849581713143429,66.04923782526107,46.08621386865309,1,0
C005189,M,1,1,3.9077836497138145,99.05891608658567,48.93097979413836,5,1
C005190,M,2,1,5.801649498272772,64.51791822310447,61.80877575527712,5,0
C005191,F,1,3,7.872125748485591,51.07684249423748,60.99932517038058,5,1
C005192,M,1,1,6.077780516707309,51.81029596386273,47.49611060999193,3,1
C005193,F,3,1,8.336259501161265,60.70487926855096,60.61228584409328,5,1
C005194,F,3,2,5.190101721221788,68.2537063844534,75.32820701600461,8,1
C005195,F,3,2,0.5107055225942294,49.90888691139135,55.777865642761,3,0
C005196,M,2,1,2.1871460958871847,77.73961443466054,42.34592401065369,2,1
C005197,M,1,2,5.8058838746178445,53.67665642775145,51.768768886896055,6,1
C005198,F,2,2,3.4691870553862167,82.99336948345633,71.89988508825382,4,0
C005199,M,3,1,4.00406671447005,67.41652389306437,33.110969381669584,5,1
C005200,M,3,3,2.2177043663174216,58.53761163178849,70.91285321098636,4,0
C005201,M,1,1,7.177742880665381,21.34030015289281,49.041023301897624,2,1
C005202,M,2,1,7.369129446591918,58.2446397894344,78.55561363035572,8,1
C005203,M,1,1,3.496212976935134,63.84542265782109,63.84290672933152,5,1
C005204,M,1,1,3.517706272288152,64.51421420107675,69.68098995816273,4,1
C005205,M,3,1,6.805932009602463,72.6462811779472,75.26361109863103,2,1
C005206,M,3,2,6.301393626319392,58.00529580760949,78.4385574210466,3,0
C005207,F,2,2,0.41190732182438694,72.844426046786,74.008011032557,3,0
C005208,M,3,1,5.494873444818686,50.21779582358366,41.90543203427255,5,1
C005209,M,2,1,5.090758086295771,78.94944604358118,72.24156957773224,3,0
C005210,M,3,1,4.41067589618333,79.16082174175412,34.576949921598114,5,0
C005211,M,3,1,2.0692780738266565,68.9415546889915,37.466518854967376,5,0
C005212,F,2,1,2.117201388454639,75.57752172065979,57.25837273686146,6,1
C005213,F,2,2,0.0,59.61271059498454,81.24520046091797,4,0
C005214,M,1,2,2.555877324232534,61.47686232333161,56.85150359247344,1,0
C005215,M,2,2,0.0,60.579502109567734,44.49041134291168,3,0
C005216,M,2,3,2.810041688873732,83.66207424558613,69.99714805503581,5,0
C005217,M,3,1,4.884753485743448,67.17889459844382,50.48724854061417,5,1
C005218,M,1,1,1.4311174857970594,52.700333975605304,67.09583906807578,2,0
C005219,M,2,1,6.93023032532598,63.303350026691895,61.25160270389059,5,1
C005220,M,3,2,8.303062791130168,57.061087399909326,41.645734270894124,2,1
C005221,M,2,2,4.521220119345636,66.87198580211151,79.38037547792247,7,0
C005222,M,1,2,5.338809253002401,61.727576024429325,29.2938648975435,3,0
C005223,M,1,1,0.4393754767952407,43.89397761119848,42.81886831125453,5,0
C005224,M,2,1,4.403494336083352,48.11434760679194,70.51759848144144,5,1
C005225,M,1,2,0.9086572952971204,58.63149164160744,100.0,2,0
C005226,M,2,1,0.20717870532782223,84.90277420418069,27.178514705756733,3,0
C005227,M,2,3,1.2147354126287295,36.768346214673244,56.73643488995679,2,0
C005228,M,3,3,3.6604135082698823,70.21478587426662,16.593807780741315,5,0
C005229,M,3,1,3.910480165781965,88.37282208375245,56.375461693916556,5,0
C005230,F,2,3,3.839839257689316,79.48065935863401,47.26394990575465,6,0
C005231,F,2,3,1.439724590966725,64.62111268859094,59.70541470919927,3,0
C005232,M,3,3,4.233534450354212,61.592044744067536,84.46130500349065,6,1
C005233,M,2,2,2.4701660904057503,74.61524091689364,74.60142924874035,2,0
C005234,F,1,3,4.283141771104113,87.62186826489022,52.711144085658155,3,1
C005235,F,1,1,3.4808580531494275,75.77161562188923,71.80848814833392,5,0
C005236,M,2,1,0.03415792275528995,67.78566380203883,60.51176699160495,4,0
C005237,M,2,1,2.5054071585174853,83.15340704751775,40.498050800985325,1,0
C005238,M,2,1,5.19737309832224,67.67390679333721,58.22172635235937,3,1
C005239,M,1,1,5.845074599285733,66.38284232193622,67.75736633763545,2,1
C005240,M,1,1,1.2899452299976488,74.52365503916359,100.0,2,1
C005241,M,2,3,2.318895273568714,55.42819669528862,83.06059606429507,4,1
C005242,M,1,2,3.01603140850733,100.0,72.33537695205436,4,1
C005243,M,2,3,6.577351985897265,67.36920960545433,27.271621882913117,5,1
C005244,M,3,1,5.03213144338583,62.22799589311898,62.936106767355575,6,0
C005245,F,1,1,1.1841136076138223,77.66320147144802,85.31825351076006,5,0
C005246,M,1,2,5.082618500861304,81.44551140908237,69.50282472999416,4,1
C005247,M,1,2,6.791236835944578,54.729102704244625,80.39949753345488,5,1
C005248,M,2,3,4.4760824084444595,39.36365990653396,68.92610364353258,5,0
C005249,F,1,2,2.2949795193400755,60.036823584983196,78.26917042638296,5,0
C005250,M,2,2,5.865996383229275,69.27014056223545,28.888481931891203,4,0
C005251,M,3,3,4.4069752952276104,53.87567282063266,89.4792674241663,7,0
C005252,M,3,1,3.450714084752032,64.61994782152661,74.46427580691851,6,1
C005253,F,3,3,5.964841740431641,63.077150574037056,81.12766495450575,3,1
C005254,F,2,1,3.991407887971359,40.462575608916985,62.3361285423858,3,0
C005255,F,2,2,4.177509900001745,74.91798471193482,69.59241912751389,3,1
C005256,M,2,2,5.892437407902248,78.47392523534224,73.14694698817624,5,0
C005257,M,2,3,2.8978623342415473,67.952115838832,56.82102828979032,5,0
C005258,M,2,3,1.4560662873800756,70.82010632183957,45.652414843329176,8,1
C005259,M,2,2,4.715551620784873,55.20094651586581,39.94322679293869,1,0
C005260,F,1,3,7.425018595384369,63.20765408952993,57.646899050057925,2,0
C005261,M,2,2,0.0,75.09189255271409,44.359019509470414,3,0
C005262,M,1,1,5.613462313343575,44.49806437462813,46.93134148235324,4,0
C005263,F,2,3,4.076512888707101,49.669745755769156,86.44939991950771,2,0
C005264,M,2,3,2.8248949851091893,43.61243624163614,89.19071343497521,1,0
C005265,M,2,2,2.578072655044231,90.26193869643376,53.625133890824074,6,1
C005266,M,1,3,5.986510789413764,60.84257197409161,83.41441608157868,2,1
C005267,F,3,1,5.495744376310917,86.55259930500162,56.59860855233684,7,0
C005268,F,3,1,1.7183777959642534,63.88842499288862,53.20767394790679,2,1
C005269,M,2,2,4.670166283006597,91.90701200021888,66.63482453635629,4,0
C005270,F,3,1,7.019079018123746,83.48547907791183,46.55853329374295,5,1
C005271,F,3,1,5.534318419208441,54.73211519732053,53.93395777558285,4,0
C005272,F,1,3,0.3306534520380038,66.70143359010487,84.14036567550379,3,0
C005273,F,3,3,5.42120353791329,49.9417748155829,65.96462125810908,2,0
C005274,M,1,1,1.255627600816788,74.93010939897233,66.83309750169903,1,0
C005275,F,2,3,4.479782736351102,81.16603553848945,55.896239002918605,4,0
C005276,M,3,2,2.355115753876512,93.19410429438187,54.26685901713769,3,1
C005277,F,2,1,4.885489081019949,85.66664165851105,62.05147653918448,5,0
C005278,M,2,1,2.526594884950116,71.49115859161866,73.96169690916588,5,0
C005279,F,2,3,1.697982161412546,70.3062196105887,66.16221048801968,3,1
C005280,F,1,1,4.692798358351967,61.30384066322471,70.937535569113,1,0
C005281,M,3,3,4.253854006603321,92.35518371195025,27.547784051534798,4,1
C005282,F,2,3,5.807552628629226,52.039123315506544,41.91492300231613,2,0
C005283,M,1,3,2.8334179736151652,49.43188597637094,48.94964235792049,3,0
C005284,M,3,3,0.6693247026708864,48.540485580684816,67.82111277162038,5,0
C005285,M,1,1,5.487302862042341,81.11958527245437,66.55678353661655,3,1
C005286,F,3,1,7.183177610014711,79.44441526586856,71.68380123246926,4,0
C005287,M,2,1,2.7288084495503475,71.67221924982856,53.78400998956652,5,1
C005288,M,2,3,5.0695075982529865,69.69550675076334,61.92639462292479,3,1
C005289,M,2,1,3.314240383856964,47.25374280021428,91.88668539682408,2,0
C005290,M,2,2,8.251597533690756,69.07107728346271,60.59385419528408,5,1
C005291,M,1,3,2.842984747616077,83.49731688169474,26.526030414134297,3,0
C005292,F,3,3,3.8985990312343612,48.77032064616761,68.7245499242558,2,0
C005293,F,1,1,0.0,46.69139942299888,81.29792566850472,4,0
C005294,F,3,1,7.460789932981344,69.67220942154715,80.54950213420983,3,0
C005295,M,3,1,2.824404847444983,76.4932231575266,54.10266359286943,5,1
C005296,F,3,1,6.856636964108246,77.23626444505408,55.32196995345248,7,0
C005297,M,2,3,2.5257294868943974,83.1571985414839,73.61714535945569,5,1
C005298,M,1,2,3.826811057835746,67.40687557361787,62.55098302969963,4,1
C005299,M,1,3,2.281016217690708,40.14391343997986,69.8515252481655,3,0
C005300,M,1,1,1.9437995444164082,72.74212580747727,49.67125989384063,5,0
C005301,M,2,2,3.3552124873717957,82.82783885435168,66.56549462919982,2,1
C005302,F,2,1,3.6953292030833924,55.67474137835551,50.31473932550959,3,1
C005303,M,2,3,3.1973625707727438,62.942471537216434,56.14966160855911,1,0
C005304,M,3,1,0.6518365526054302,32.34997651237909,40.518829180397475,3,0
C005305,F,3,2,4.624071188106277,60.800457587330435,45.36866331082488,5,0
C005306,F,2,1,0.0,88.96635804451435,34.17857469117122,4,0
C005307,M,3,1,3.2566439817925805,58.33346331048908,31.740949286630467,2,0
C005308,M,3,3,0.5229872159817641,49.158606471115675,43.07136578329009,2,0
C005309,M,3,1,5.98066776341859,94.40134999079623,67.60634362739837,2,1
C005310,M,2,2,6.7106665922957385,74.22488690084846,64.25633486710224,3,0
C005311,M,1,1,5.302137413475181,72.14077308256228,75.00157348204989,3,1
C005312,M,1,2,2.9522651048200723,67.33799041696882,51.721550098847665,6,1
C005313,F,2,1,2.3686075144618055,54.885193161627285,32.76507016769794,3,0
C005314,M,2,2,3.441881758254894,61.048314721996036,66.30721374916357,4,0
C005315,M,3,3,3.8793621132901657,89.920506345175,59.619050073528335,6,1
C005316,M,2,2,5.0617884364438925,54.701262078924486,57.48818989006785,4,0
C005317,F,2,3,4.875276789315304,85.48012071186439,40.35757216982329,4,0
C005318,M,2,3,0.0,70.23637964363306,53.32696278839635,2,1
C005319,M,3,1,5.456718734886733,70.31626027868383,72.12204263086899,9,1
C005320,M,1,1,4.84834098725568,39.94765962394217,38.273306014744676,3,0
C005321,F,3,2,2.279981435758322,71.3768305355257,26.909424795148666,2,0
C005322,F,1,2,1.871487998931578,64.03212474359579,62.560905388073515,2,1
C005323,M,1,3,4.135581914219694,40.80282616314679,45.385218967194525,2,0
C005324,M,1,2,4.396169590701062,65.6258351601583,73.28601549262945,7,1
C005325,M,2,1,1.575558835725431,58.615702248073404,53.90186875743336,7,1
C005326,M,3,1,4.1281897208451355,68.97385021051505,41.10445268747289,4,0
C005327,F,3,3,4.405916195954945,52.19223650466068,62.525287501767096,3,0
C005328,M,1,2,5.887704679342022,49.77314537785998,59.2818079693797,3,0
C005329,M,1,1,3.755755017919286,66.42437573110256,59.30769184411883,6,1
C005330,F,2,1,0.0,59.07016341092572,40.47783991671537,5,0
C005331,F,2,2,4.554483292678159,59.937771077655306,81.65743378777212,5,0
C005332,M,1,1,0.280523474359073,46.69335414266769,49.198335744351134,5,1
C005333,M,3,2,2.130094219141844,64.13969276050902,85.78037022846058,4,1
C005334,M,1,1,1.0283065923425547,74.61552766356156,29.03640176100319,5,0
C005335,F,3,1,5.086508206830863,69.11790495163261,75.5155705992521,3,0
C005336,F,1,1,1.610430995338512,59.47133282274765,68.95193633328651,3,0
C005337,F,2,3,6.19851403716549,40.37421484949447,54.54577158490609,5,1
C005338,F,1,3,1.4525675720599467,52.22114899541096,29.995478730671895,5,0
C005339,M,1,3,0.0,53.83588764539944,60.952076089723604,7,0
C005340,M,2,1,3.234579889578591,77.58415987928203,26.590458970740258,3,0
C005341,M,2,2,1.078606958520917,77.03855497890325,51.67462234746894,3,1
C005342,F,2,3,6.896476470119248,69.67012822048682,74.0620059817388,6,1
C005343,M,2,3,2.505001049450243,59.79973279084193,56.3128328758886,3,0
C005344,M,1,1,6.539249308215004,84.55056017680043,56.276351789146226,7,1
C005345,M,1,1,3.3270001639354403,74.43472647503603,84.68279271382603,4,0
C005346,F,2,3,4.783601128358763,33.86734414003634,62.24821192375838,4,0
C005347,F,2,3,2.8354082857523535,88.73032376212754,90.71918545859707,3,0
C005348,F,2,1,9.229727168125777,62.56300396057471,53.912292672218506,4,1
C005349,M,1,3,1.4725428770755853,79.10751320302181,78.19009058555622,4,0
C005350,F,2,1,0.0,72.05832885869579,57.14008769168023,3,0
C005351,F,1,2,4.572434276259379,45.64732923425676,66.07371243424093,6,1
C005352,F,2,1,1.745131833178735,57.989438460708456,44.990192409173076,6,0
C005353,F,3,2,4.449460597043989,36.10505791895732,64.35332321761707,5,1
C005354,F,2,3,3.847515649069961,53.38980082632537,65.533543896131,4,1
C005355,F,2,1,2.8353133119514426,67.12801182898438,62.10737059508199,2,0
C005356,M,2,3,3.1047129700044693,66.02623330077716,28.638145406989878,4,0
C005357,M,2,1,4.90034700604654,54.95048335353497,78.35458014329353,6,1
C005358,M,2,3,3.2052110571029604,61.20527973778299,65.41191833397993,2,0
C005359,F,3,1,3.6639296255624307,66.65197480006479,67.80503233390695,3,0
C005360,F,2,3,2.9048080114164088,75.07165916838063,87.0944194057575,4,1
C005361,M,1,2,7.582443217590247,55.60357823483878,58.52981571105554,4,1
C005362,M,1,2,6.881121863386333,62.742383365981716,72.11238947786565,2,1
C005363,F,3,1,0.7606662674738445,46.19055989098766,73.76028472675945,3,1
C005364,F,3,2,4.005592708028313,46.72158169718342,54.92474195101001,3,0
C005365,F,1,3,2.207987098651384,81.95158904808534,60.00790797185347,3,0
C005366,M,3,2,1.260477905013857,87.9366249781584,45.687533091895816,2,0
C005367,F,1,2,0.0,68.08160479516584,15.818956410513692,4,1
C005368,F,2,2,3.2840053749341482,60.12057552458187,46.397724478948426,4,0
C005369,M,1,3,3.4529576912663686,57.935820505572124,35.078230097357476,6,1
C005370,M,2,3,6.98298241967092,83.30995145195453,32.89464977132546,2,0
C005371,F,2,3,6.30435610491665,6.677868182591105,47.19629172650436,6,0
C005372,M,2,2,5.082031690995015,99.10823913708126,100.0,5,1
C005373,M,2,3,5.623381021174148,66.21245668191635,38.95087079472952,4,0
C005374,F,2,2,5.873770040707742,26.841651746885866,69.11779090074847,4,0
C005375,F,2,2,5.072720034369333,100.0,26.07818582737807,3,0
C005376,M,3,1,7.0464660267406956,28.944532393875008,65.23079750919128,3,0
C005377,F,2,1,1.2069251272280588,31.146349928307878,72.06846450791309,2,0
C005378,M,2,1,2.927688843058967,51.55541820658048,39.842679285618324,2,1
C005379,F,2,2,2.6170136512919733,62.63458101844975,48.19683171147558,7,0
C005380,M,3,3,2.786773011974635,83.02117113307551,43.09616093862434,10,0
C005381,F,3,3,3.6664194219275714,59.82736595938768,68.86014901568905,5,0
C005382,F,3,3,7.591667647831656,52.917028771395195,65.06793102000684,4,1
C005383,M,3,3,5.969757963078182,60.3779560995049,74.25353633657824,3,1
C005384,M,1,3,6.690872941284081,60.29672697588191,57.050240889841334,4,1
C005385,F,3,1,3.8285577922858676,86.58578260817741,32.279170111279356,4,0
C005386,M,2,3,3.7289535419597923,80.82716561957625,39.86383725006725,6,0
C005387,M,2,1,5.272415503542796,55.94191299080053,35.38684987112199,5,0
C005388,M,2,2,4.950510954328965,59.8324876481059,44.35281745123149,4,1
C005389,F,1,3,4.949179803173439,37.11043036835613,49.2981119376757,6,0
C005390,M,2,1,9.100482818502982,74.47739365956758,51.39166848067908,3,1
C005391,M,2,2,5.288880401976488,64.22565071647503,57.12766302143895,5,1
C005392,F,3,2,2.2683552739632047,70.81655303921963,26.13152375657765,5,0
C005393,M,1,3,2.4513979649568287,74.47831617615734,74.45571729538243,2,0
C005394,M,2,1,5.8520874334931605,88.34240846557573,64.85797524520086,5,1
C005395,M,3,3,5.68032033036137,59.155114908926855,52.956104081374704,2,1
C005396,M,1,1,6.153208790770227,65.81091007668014,49.87871953315596,8,1
C005397,M,3,2,5.1459440754678685,88.49600478240077,50.38632086713683,3,0
C005398,F,3,1,1.7117948831236607,62.39618075088719,53.16336357230791,4,0
C005399,M,1,3,7.380705388734555,63.645572899240406,67.78906611737818,3,1
C005400,F,1,2,6.954334728988165,100.0,56.936788594760074,7,1
C005401,M,3,1,3.1516400619348666,64.32416005745955,64.85183292237559,7,1
C005402,M,2,3,4.806293366184685,91.02934469630763,61.239640055193185,2,1
C005403,M,1,1,4.408771171534433,56.62003829515626,48.983872625919766,6,1
C005404,M,1,3,3.1826073438129923,58.18842381853255,30.81127421385469,3,0
C005405,F,3,2,1.4497938689975922,34.908075363936945,84.53764285687282,5,0
C005406,M,1,1,5.263854401212166,74.17502385414429,70.91559394518822,8,1
C005407,M,2,1,0.7176282078853577,75.7573983264229,82.9534616925095,2,0
C005408,M,3,2,2.690170470603333,66.34096989697024,50.842481881149055,2,0
C005409,F,2,1,7.766013541763913,71.87884199178184,65.92564826020502,6,0
C005410,M,2,2,4.9159563565855375,78.12594928585659,48.85936835969475,3,1
C005411,F,3,2,4.842945473663514,42.771550947686606,71.74059870750176,2,1
C005412,M,1,2,3.352031641538112,66.05149618248869,88.18678512715928,6,1
C005413,M,1,2,0.5649983888958068,89.88213247357173,87.25598999109786,5,1
C005414,F,2,3,4.911423149813279,60.75718085507798,60.608669221022346,5,0
C005415,M,2,2,5.097592678715084,44.36152595358374,73.22184993182518,4,0
C005416,M,1,2,5.747186756630845,81.22597228937568,69.27548432866638,5,0
C005417,F,3,2,3.1362497106891016,67.22646225968788,62.46755148788079,4,0
C005418,M,1,2,3.10090930674735,64.59145816037764,67.71455620530259,2,1
C005419,M,2,1,5.249796622188629,58.894199979101685,46.08470149379614,3,0
C005420,M,2,3,1.2327317421007349,78.80505617181807,32.31090723988784,4,0
C005421,M,2,3,5.788754341628721,56.74924477432536,67.76059830133555,1,1
C005422,F,2,2,3.6474354483756137,86.68993014718485,40.252496180834626,5,0
C005423,M,1,3,4.644679472227487,66.27136521462785,44.73203072348702,5,0
C005424,F,3,3,9.076938839546443,80.1983992301725,52.05382272613125,3,1
C005425,F,1,1,3.4017892374673373,78.44270118090083,87.06362418363756,2,0
C005426,F,3,3,4.306484246400535,47.28252846099771,58.7757683910431,4,1
C005427,F,3,3,4.065917448654563,72.16599001816496,44.113537979583064,7,0
C005428,F,3,3,0.0,60.9751813958198,37.79579601679097,7,0
C005429,M,2,3,5.345224321438179,74.84848580815225,56.793739520312826,5,1
C005430,M,1,2,0.0,64.09381815767875,56.109486094736376,6,0
C005431,M,1,3,5.666426523915255,36.76002662665331,38.965412809356636,3,0
C005432,F,3,1,2.4784512921018242,76.85754898547708,62.398092739666716,3,1
C005433,M,2,1,2.3758611214815253,31.518603987238286,30.40201127530743,5,0
C005434,F,2,3,3.9154213805343305,67.12361379614478,40.59676635989491,6,1
C005435,M,3,2,1.0832144222950428,93.42452698446718,84.5145027146417,3,1
C005436,F,2,3,3.753547070534366,86.01657709673191,38.9344552376766,4,0
C005437,M,2,3,1.5890675027263406,71.03487505594616,57.549548589752696,5,0
C005438,F,3,1,1.1634658307002455,57.330590567518605,66.8817594167223,3,0
C005439,M,3,3,3.5194368644230876,64.05898584357249,92.70913364767594,5,0
C005440,M,1,1,6.691737644916645,80.77062520444935,87.36594195278047,4,1
C005441,F,2,2,5.588931916867739,53.16181297916169,71.66571816731802,4,0
C005442,F,2,2,2.8036859723963397,71.27040420039069,40.5703860397883,5,0
C005443,F,1,1,3.6398212744825535,52.237356729482514,42.7169197763606,3,1
C005444,F,1,3,2.8054214436133806,60.77672116994636,51.33551317326542,5,0
C005445,M,2,2,1.3726948430950197,57.921720672441324,100.0,2,1
C005446,F,2,1,1.6961644111605305,71.21408514061432,68.88104880556911,2,0
C005447,M,1,2,4.582314804938806,73.22827439286736,58.92823753897834,3,0
C005448,M,2,2,2.3933410288217383,97.30252788013762,63.312480989701726,3,1
C005449,M,2,1,3.8665944852564076,62.709897259899144,84.4545119399738,2,1
C005450,M,2,1,1.7545242624773763,69.84082452263411,48.97178177195077,2,0
C005451,M,1,2,5.741894180832384,82.62730356180347,61.250791610949676,1,0
C005452,F,2,3,5.405797451575674,64.62414983791143,55.798157581500554,5,1
C005453,M,1,2,7.42459639847494,66.4603598712411,46.88180456923759,6,1
C005454,F,2,3,6.995534408106631,74.13901857303503,55.406517577843374,1,1
C005455,M,3,2,1.9723885428436154,54.85347706855703,66.21880809709424,2,0
C005456,M,2,3,2.108106054019108,68.01363552391143,65.17481146217735,4,1
C005457,F,3,1,4.773007776917605,52.832146946782814,85.0285757898678,3,1
C005458,M,2,1,2.050082681556238,60.219732531678986,48.66746396880409,3,0
C005459,M,1,2,4.517531379603659,97.20047864832998,64.12919903651346,2,0
C005460,F,3,2,3.238324357115787,62.833495738844874,38.3978191122026,3,1
C005461,M,1,3,6.016601452123917,68.32600111171584,58.53627774258256,2,1
C005462,M,3,2,6.079576060367275,25.305754662738757,32.184667366187625,7,0
C005463,F,1,3,3.3259302392073185,71.60928962002274,68.44322216891273,1,1
C005464,M,2,3,0.0,94.6396710861483,92.54539344903847,2,0
C005465,F,2,2,6.222810948946789,52.27274481562595,78.46722927784697,5,1
C005466,F,2,1,2.6555933467227275,81.25970946356918,52.87862873905951,6,1
C005467,M,2,3,3.9483492022141755,55.70125068588268,77.4334815213363,2,1
C005468,M,3,1,3.6992311824683664,40.16747897435525,33.16326757926394,5,1
C005469,M,1,3,4.845066932873125,58.43730008223782,67.78049486452244,4,0
C005470,F,3,1,2.6307472372763296,54.75073708282403,100.0,4,0
C005471,M,1,2,1.5389382402579947,66.72962150580044,67.61445791391682,7,1
C005472,F,1,1,4.333410270661347,60.45958184066926,55.08049336410663,8,1
C005473,M,2,2,5.818291103475695,50.02106428138888,53.84819740429117,3,1
C005474,F,2,1,3.7289496205951007,72.99068485742845,64.83180575861496,6,0
C005475,M,2,2,3.7222337788708577,82.60315419407394,59.007257778794525,2,1
C005476,M,2,1,1.3896550735102653,74.74164308672565,51.20161097948432,6,1
C005477,M,2,1,5.130943255045119,67.67128096321032,57.00029294725552,4,0
C005478,M,2,3,5.2900002665868975,63.83805430023442,29.775307855645814,5,1
C005479,F,3,1,3.764040960910865,73.78265697870559,72.95652675829163,4,1
C005480,M,2,1,1.8564191280560696,56.743442713561706,79.08424248430427,4,0
C005481,M,1,1,4.180032880390291,77.62110901440245,72.20994129519539,6,0
C005482,M,1,2,4.364951811205139,45.779428691646444,53.39028027350818,2,0
C005483,M,2,1,3.909847878304375,38.83003184961001,66.18963688471848,5,0
C005484,F,3,3,1.6171190776952225,74.20418873796623,67.07512158335365,5,0
C005485,F,3,1,4.558057130049065,48.90136339728876,54.303055697012155,6,0
C005486,F,2,2,4.357866970673202,53.66653254686845,80.41739507793196,4,0
C005487,M,1,1,4.92127409454136,49.43186904125395,74.79607859056682,1,1
C005488,M,2,1,3.7001992276608946,73.94736728040948,77.74871791079322,3,0
C005489,F,1,3,6.823819945355904,53.038193598858655,65.61723143540242,4,1
C005490,M,2,1,3.9958290467816013,85.8514633751488,32.63609962314989,2,0
C005491,F,1,2,7.0690278795994494,76.52160800798454,19.669526943543957,6,0
C005492,M,3,3,4.4903026967692155,68.96552574435302,50.87553609310772,2,0
C005493,M,1,1,1.4517128254018288,88.99071123616973,44.493062342621954,4,0
C005494,F,3,3,5.838789428820166,50.98543048474001,58.51915477127659,4,0
C005495,M,1,3,3.1987676458721963,66.95145283052645,38.9043029646033,4,1
C005496,F,1,2,3.022971872227634,30.65940557460339,39.03503587271945,5,0
C005497,M,3,1,6.283810430176173,57.08308405663673,22.96756821805772,4,0
C005498,M,1,2,1.2513012223428843,45.24421491614852,34.760888035571355,2,0
C005499,M,1,2,0.14606092633912304,78.64934239758297,51.606181634261276,1,0
C005500,M,2,2,3.517938676483498,83.90882114407509,48.98028151229008,5,1
C005501,M,3,2,4.663194202542668,60.92882916996658,78.3533889148741,4,0
C005502,M,1,2,5.908623209400709,99.2834922921696,53.80616379894563,4,1
C005503,F,2,3,4.31866028317338,52.32999020279589,30.76660225742404,4,0
C005504,F,1,1,0.0,47.18741074405932,54.50420139268755,4,0
C005505,M,2,2,1.863821337473948,56.8923892992169,68.18839768418718,3,1
C005506,M,2,2,1.2287198609475123,70.73155157865801,17.062517526113858,3,0
C005507,M,1,1,0.0,79.19472407889616,81.53323900951375,4,1
C005508,F,2,1,3.6256559073300103,76.89649168194424,67.27024728999513,3,0
C005509,M,1,1,5.123999874590177,59.91437213837194,84.84922333324101,6,1
C005510,M,3,2,6.136665903888131,81.84752198578656,68.22872870707116,5,1
C005511,M,1,2,5.092109571798585,57.212973129928955,51.94658468058735,3,1
C005512,M,2,3,2.7722308947490477,100.0,58.552752361237154,4,0
C005513,M,2,3,6.381192261146101,81.11287060197657,50.9708492561549,6,0
C005514,M,2,2,3.5371667809232403,34.77564259277294,74.59653735911365,5,0
C005515,F,3,1,4.133014293375262,57.693459939035606,45.63455161750817,3,0
C005516,M,2,1,2.5430136913035057,53.66030139744606,65.7768460496205,3,1
C005517,M,1,1,3.460909944073481,96.7900418854594,80.34579123438166,6,1
C005518,M,2,1,3.0733929594524962,51.01481215800661,63.80797370307016,5,0
C005519,M,3,1,0.9606780138952229,31.228140994302983,61.12488033837448,6,1
C005520,M,2,3,5.401473233932051,80.26218789052032,67.28841176852012,6,0
C005521,M,2,3,4.368892967194384,21.887165198847107,47.41976624601106,2,0
C005522,M,2,2,5.748757288348002,59.767204736883826,20.675727775145937,7,0
C005523,F,2,2,2.451265105979969,77.21252650802028,41.949080475341844,3,0
C005524,M,3,1,5.552036650046655,59.337892833336994,45.71553179410244,4,1
C005525,F,2,2,0.5486936890303591,86.52452536824676,65.88306799885697,5,0
C005526,M,3,3,5.191163141075452,71.08226879801238,43.56980744954993,2,1
C005527,M,3,2,5.486751995834895,51.498944234510404,45.90595419299737,5,0
C005528,F,3,1,1.7153106688399378,68.45914226096251,73.42263450779436,6,0
C005529,F,2,1,6.456848172422159,91.37636350350074,66.91673980398545,3,1
C005530,M,2,2,7.4286660087299845,68.88321388968207,81.53071301299674,5,1
C005531,F,1,2,2.735362198276638,73.11399675538347,58.005023094737915,4,0
C005532,M,1,1,7.1886764188842545,72.19082712234176,32.34921979276828,3,1
C005533,M,1,2,0.2562455376782147,54.38639353395667,98.31482408107146,2,0
C005534,F,3,3,3.7002134643497993,40.29391258025079,70.86298482695462,2,0
C005535,F,2,2,0.0,71.0144536610294,49.31124554958556,5,0
C005536,M,2,1,6.045223441477052,87.02370291042631,75.48998582649598,3,1
C005537,M,1,2,0.6332326166854547,74.17435835950367,63.46769121423539,5,1
C005538,M,2,3,0.0,45.06139472676697,81.89986780679862,4,0
C005539,M,3,3,4.577128332346241,71.59753466709891,64.12460586642338,3,1
C005540,F,3,2,6.279818907679834,79.39801346633767,52.378441906839285,8,1
C005541,M,1,3,3.1101249315675683,83.15236229569169,64.90548593451615,7,0
C005542,M,2,3,4.299873335465792,74.5563651248524,77.42280317200931,6,1
C005543,M,2,3,7.876185972924176,69.1364212868293,45.71774001001741,5,1
C005544,M,2,1,1.9084993359507845,55.719535703102984,60.91359020746989,4,0
C005545,M,1,3,1.8408463630615959,62.525212354829335,38.29043944845711,3,1
C005546,F,2,2,6.388369203422401,80.2700187956612,68.64207925811996,5,1
C005547,F,2,1,4.493525511206456,52.622091681526854,60.92590084823552,4,0
C005548,F,1,1,7.134646492056187,52.054890983932566,71.36922721647007,3,0
C005549,M,1,1,1.1493740831604313,76.0290801069574,78.0880829568514,6,0
C005550,M,2,1,0.06445496107484638,70.96250608309236,48.01071878524253,4,0
C005551,M,1,3,0.8449676733711815,87.24356451850124,63.34681457157162,5,0
C005552,M,2,3,5.554776521446184,78.9291965379746,64.1053228061598,8,1
C005553,M,2,3,6.6412318956620116,56.99506082254553,48.352799347014724,7,1
C005554,F,3,3,6.355513170287461,88.50266397078985,42.045143422097695,3,0
C005555,F,2,3,5.221886459315538,69.87183780144538,87.4966117600064,8,1
C005556,M,3,3,6.756194926091585,75.89051453108175,52.44352162250754,5,0
C005557,M,3,1,2.6637343407479417,60.03827413409472,52.364348616959965,2,1
C005558,F,2,3,0.0,73.02327862703513,55.41682889089534,7,0
C005559,M,2,3,0.4428576356095739,57.54223145077089,69.09950123098537,5,0
C005560,F,2,2,0.8029197175613336,33.50201404061397,51.42945889785967,6,0
C005561,M,3,1,0.0,92.64637328563113,45.91265223265234,5,0
C005562,M,3,3,1.0068628305368446,52.411295952463384,62.74759364292731,4,0
C005563,M,2,1,1.9639503481713718,57.02816625518568,72.69206859112269,3,0
C005564,F,1,1,5.334912125489713,56.067015804299935,68.22274319663738,4,1
C005565,M,2,3,4.647452597628006,92.73045039260221,48.78480595676656,5,0
C005566,F,2,3,7.318651801058858,72.74591359123386,40.33987656639188,4,1
C005567,M,2,1,1.2728457931921668,75.00480507471676,42.587317671430384,7,1
C005568,M,1,2,4.8208820053041155,80.00790719745054,65.92815136545983,4,1
C005569,F,2,3,6.895351100297143,76.85534084342706,69.52770448073902,5,1
C005570,M,2,1,2.876035958170851,68.83617835050656,51.28702072012,5,0
C005571,M,1,2,3.0205254352949304,68.34521353868016,50.1600419032009,4,0
C005572,M,2,2,7.039819886157796,87.99355002929623,38.257185659921376,3,1
C005573,F,2,1,3.2170448533776104,47.34365902040538,58.76383845889602,2,0
C005574,M,2,2,7.153104797311032,52.25836835081201,72.33698476322675,4,1
C005575,M,2,1,0.7407367836696612,75.249800042342,47.83078716602795,4,1
C005576,F,3,3,7.562131408573708,70.46695900877754,78.86457161759677,3,0
C005577,F,3,2,6.766322696193851,60.30816405385958,41.10809678967673,3,0
C005578,F,1,3,1.895942488493548,100.0,45.7070455983691,5,0
C005579,F,2,1,3.321907181643135,47.69666854266147,57.16367149685494,4,0
C005580,F,1,2,1.2696496687099827,66.1965892719646,62.78776077040619,5,0
C005581,M,3,3,2.914135008612358,69.67319090647615,55.50183226995431,3,1
C005582,M,2,1,0.5595603122595945,59.33744550717216,64.73516499924551,2,0
C005583,F,3,3,0.08372669759273066,55.41214097811418,64.01328839345398,4,0
C005584,F,3,2,1.2414186458354166,60.79927766943004,81.34253704059807,4,1
C005585,F,2,2,6.28104526938843,89.23905046910268,61.271387199612995,4,1
C005586,M,3,3,0.0,59.6409638246857,54.008171249307026,2,0
C005587,M,1,1,7.0200896979374345,71.23498377075353,67.21012283304273,3,1
C005588,M,2,2,6.011996353240044,56.25025921803995,27.971305422412918,8,0
C005589,M,1,1,6.898299856452406,76.01586901071184,35.23252077076945,4,1
C005590,M,2,3,4.758386884934062,81.49068770983163,76.13989576651147,5,1
C005591,F,2,2,7.628120270602796,62.46132071024239,50.277607998333096,3,1
C005592,M,1,2,0.844554668878831,75.61285795899497,45.59926211595994,4,1
C005593,M,2,1,7.010351940236422,63.35198587051821,67.8707175978569,5,0
C005594,M,3,1,10.691174394249717,65.71567536021855,57.64249795778747,5,1
C005595,F,2,2,3.4202730443772977,71.81497326829513,77.13931188497429,5,0
C005596,F,3,2,3.8782228143301074,69.76293499682131,52.47347189219633,5,0
C005597,M,3,1,1.9728888748255993,68.58503204211026,82.86109991724224,4,0
C005598,M,1,1,4.146044986004445,42.913939877486285,53.685168884351754,3,1
C005599,M,2,1,4.409518712673891,46.474654638091444,76.6904445521855,2,0
C005600,M,2,1,0.0,39.06491408756051,61.54848042665845,6,1
C005601,M,1,1,5.346469278504973,43.98302052196399,45.25648681664612,2,1
C005602,F,1,2,6.441118186513691,71.9015155880441,58.66263074102511,4,1
C005603,F,2,1,2.061429889139085,59.70467663214082,61.93621278929342,3,1
C005604,M,1,3,3.0662873438396185,55.52287399240063,58.25619340623393,5,1
C005605,M,2,2,5.866048353124226,92.03886549666454,45.908025948270904,4,0
C005606,M,3,1,1.9557549172660003,83.0365235649641,85.78679991003003,6,0
C005607,M,1,3,5.635183717377845,41.15079961062415,64.38057430686204,7,0
C005608,M,2,1,4.629354694610259,51.97991572194873,20.340561261519838,6,1
C005609,F,1,3,9.136756304586093,50.771955025153794,63.67356917333365,2,1
C005610,M,1,2,3.717986510522722,65.93554520959626,69.12538970882964,2,0
C005611,F,2,3,2.8256185835224006,45.627174675606284,23.951346050690532,5,0
C005612,M,1,3,4.543690714292555,54.78348001428916,47.19125624809455,1,0
C005613,F,2,2,4.254470067231204,71.26405467154537,76.64251506431691,4,1
C005614,F,3,3,7.5902876967416235,62.99485762870179,62.89034755077953,5,1
C005615,M,2,2,7.474815619846435,45.34860018443338,62.91926307462688,5,1
C005616,M,3,2,2.394949712955749,66.52381609331624,38.42457777647546,6,0
C005617,F,1,2,3.5771178539102886,66.94177172471068,44.60611945594987,5,1
C005618,M,3,1,2.471848784901262,68.22035833443485,35.53896637620039,3,1
C005619,M,1,3,2.082166913282045,43.88568330053715,26.014428309383725,7,0
C005620,M,1,1,0.0,79.71385248489095,13.9473260534145,1,0
C005621,M,1,2,7.715434831182746,57.54004547490769,97.49939030281018,4,1
C005622,F,3,2,2.5252728685186483,47.73057308628242,46.8827724591437,3,0
C005623,M,2,2,3.0185616315040544,66.05142031725568,65.09628081542999,5,1
C005624,M,3,1,10.094341377134812,74.93819477256937,80.26896239044873,3,1
C005625,M,2,1,2.591571993961085,73.9443478546882,62.69340339343967,3,0
C005626,F,3,2,3.5972356230336664,84.30695611461977,58.25778655435412,1,0
C005627,F,1,3,4.587729457888495,55.47428796630261,66.45018149281822,3,0
C005628,M,3,3,4.7437941016053955,40.70792104132854,96.85346818166549,5,1
C005629,M,3,1,2.638919024448638,60.085290282073444,60.99854451375026,3,0
C005630,M,2,2,6.471225196958265,22.59193348944433,33.73880033768587,3,0
C005631,M,3,1,4.353297562635568,52.495397600112035,40.21393242204755,4,1
C005632,M,1,2,4.24712984356607,59.97740254465877,42.916999316068484,4,0
C005633,M,3,1,2.517767521398077,57.59915114865683,56.37993344951793,5,0
C005634,M,3,1,3.712711642034042,72.6436779134573,38.25243341299034,4,0
C005635,F,2,3,6.144363902997515,64.68065227059105,49.211161893282586,3,1
C005636,M,1,1,6.151610984334133,71.71277823237982,56.92490124463222,5,1
C005637,F,2,2,3.0559694147229197,69.2159419885782,77.64767606091891,2,0
C005638,M,3,3,2.2971835522623816,42.73356528883373,43.73256163243295,5,0
C005639,M,3,3,5.932756055104088,74.02207664216483,70.50155218056183,5,0
C005640,M,2,2,4.662897047504045,56.904587902851695,64.18385043269316,2,0
C005641,F,2,3,5.929051010174764,68.22758834422346,72.26909103799602,4,1
C005642,F,2,2,1.868392119749708,71.92619204347957,16.886741002088748,4,1
C005643,M,3,1,3.9527834264566577,53.06968447638582,27.584071632387747,4,0
C005644,F,2,2,5.934521341752597,54.63455298704201,32.28632043524739,2,1
C005645,M,1,3,2.43334206737384,65.50643391969352,84.10277880106413,4,0
C005646,M,2,1,8.151987066212207,57.7773346381773,45.785717494937074,8,1
C005647,M,2,2,7.586502834813446,90.79741225754384,38.70066538530549,4,1
C005648,M,2,1,3.551530866467485,65.15209877582129,57.67086576326247,1,1
C005649,M,3,2,3.5672162796455495,47.56487957772063,96.92934006563883,3,1
C005650,F,2,1,4.706580559706997,96.27203507199707,47.54924273178868,2,1
C005651,M,2,2,4.373949887450809,70.26850459464636,47.846849730498455,3,1
C005652,M,1,2,6.672130662822573,64.44209583536855,77.07207048153481,3,1
C005653,M,3,1,2.0621718495604506,87.76797633843992,64.16485500384695,3,0
C005654,M,1,3,2.0855197057159867,69.62202778509601,59.74468710080449,2,0
C005655,M,2,3,4.596170874300784,63.77440521694784,51.334207341650966,7,1
C005656,F,3,2,5.088870931833858,41.01127981034966,65.03182015784782,5,1
C005657,F,2,2,3.921049363656496,30.63465018611558,11.252494854717,5,0
C005658,M,1,1,5.970118184455107,83.30690868818223,64.67341115010213,5,0
C005659,F,3,2,7.008184915855587,69.48952920118596,37.1675240885429,6,0
C005660,M,2,2,5.6437143185881595,61.984395255200425,86.0150753538384,5,1
C005661,M,1,1,4.81669025517008,62.883966168867154,78.56733930028565,5,0
C005662,M,1,3,3.523580659999654,69.59839122146398,73.49715801935278,4,0
C005663,M,2,2,4.16504280854576,74.52190768343718,95.43470750905975,4,0
C005664,M,1,2,0.9942229190812304,53.33331706116796,100.0,4,1
C005665,F,3,3,1.3829637724527926,67.89384974446675,59.63829823228009,2,0
C005666,M,2,2,6.769179093593981,72.89503019438264,60.446114452711534,5,1
C005667,F,3,2,7.857951196939487,57.480488534456974,72.6909673595582,1,1
C005668,F,3,3,0.9943251960873529,31.617776231667726,70.84930247784395,5,0
C005669,F,3,1,5.202321686657061,53.45122233082169,16.81830759209403,5,1
C005670,M,2,2,0.6459359288964253,45.44849672141967,54.67374609193765,4,0
C005671,F,2,1,7.625533737695642,82.77833506488709,43.39088431693466,2,1
C005672,M,2,2,3.9633036712628384,50.565774053393454,67.00659950937835,6,0
C005673,M,1,3,9.542408345327779,50.04637826476959,67.69059046858712,2,1
C005674,M,2,2,2.5994253568833576,55.27583197408179,59.853164131789825,2,1
C005675,F,2,2,2.878571471656452,77.52686131466152,46.97547189446917,3,1
C005676,M,3,3,4.879092011414062,78.18622526481313,49.787718327811305,4,1
C005677,M,2,2,5.988152800381948,52.92321654039371,92.71884969995283,5,1
C005678,F,3,3,5.7847213275644656,58.239486553003616,16.125843675718066,2,1
C005679,M,2,1,6.142797177269468,62.357991870058726,100.0,4,0
C005680,F,1,1,3.5027726649215554,85.86413290095044,93.30374280335433,2,1
C005681,M,2,3,6.168140872562141,34.21956759125338,56.69694690970707,5,1
C005682,M,2,2,8.891806396739643,43.70134601331502,71.29531563843977,5,0
C005683,M,3,1,5.762671685095408,100.0,57.65356387641628,6,1
C005684,M,2,2,2.2004188976782215,82.6665052334037,56.65599238010598,4,0
C005685,M,2,1,4.939304685297651,42.64438118554366,51.50697905533413,6,1
C005686,M,1,1,0.0,100.0,47.62276619203854,7,0
C005687,M,1,1,5.545193527454373,74.57186872628327,72.47177316952427,7,1
C005688,F,2,3,0.331654086401147,66.6970055038727,44.09500487460292,5,1
C005689,F,3,3,5.5802297811658885,87.1632560312427,60.80543384358742,5,0
C005690,M,1,2,3.911268676141086,51.88810483504074,52.43621306849337,5,0
C005691,M,1,2,6.210558438622146,57.71670960116774,94.92519540725576,5,1
C005692,M,3,1,4.106741603841516,66.14949454795388,79.27097156007468,7,0
C005693,F,1,1,7.109260054068663,72.57243845725384,46.393631851754954,3,0
C005694,F,1,3,5.259493399631878,70.06298047976621,83.17689314910385,3,0
C005695,M,3,3,6.4235825095694015,68.07683718850394,66.82443386219984,5,0
C005696,M,2,3,3.1549973200874653,59.05878546398686,79.79897095998794,1,1
C005697,F,3,2,3.0391759218505836,70.29240546818443,76.87574720216871,2,0
C005698,F,2,2,0.9335841969068932,69.03422294612733,33.88883331858318,3,0
C005699,M,2,2,1.4973546543395968,64.84658053573212,70.04026141881157,5,1
C005700,F,3,1,4.213260553638118,61.02472318760112,58.716039576665835,6,0
C005701,M,3,3,4.144143975307801,57.21006523622414,94.78159266999367,3,0
C005702,M,1,3,4.884490250496746,43.040988345676176,43.054396952680335,4,0
C005703,F,2,2,2.4841243133255584,86.35776739713938,72.73366525526566,5,1
C005704,M,3,1,4.374450995721883,76.2492702261163,37.94143674232903,5,0
C005705,M,2,2,6.9625109615628435,80.10293259724087,98.92318301656604,7,1
C005706,F,3,3,4.9543936878029,47.61993375430022,70.24178862981887,5,1
C005707,F,2,1,4.088187329386357,57.50202531408395,50.428811838566645,4,0
C005708,M,3,1,4.629415902505343,63.9474659809943,85.90359538691222,4,1
C005709,M,2,1,6.736769788743272,70.36005415364708,91.73309507425186,5,1
C005710,F,2,3,4.382966680084169,53.4586959240186,67.23959308005755,4,0
C005711,M,2,2,2.8574897477436956,91.0104123626043,56.317690989078656,8,1
C005712,F,3,1,2.8793747713106175,78.20017360020384,38.91240551999714,5,0
C005713,F,2,1,2.8029214389076875,67.71758478459161,41.69205949282222,7,0
C005714,M,2,1,2.7477758620247794,69.54726383954882,36.647503869967366,4,0
C005715,M,2,3,5.737326050894852,61.6861503048606,80.30671054305725,6,1
C005716,F,1,2,7.741259067177586,54.778102154057365,81.1994860151503,5,0
C005717,F,2,2,3.101106745179274,28.835867547045588,39.92551521544301,5,0
C005718,M,1,1,2.0152307216173204,78.1442758497381,81.90674471057318,6,1
C005719,M,2,2,1.2053110903355848,65.87800480438439,54.110602115889805,4,0
C005720,F,2,1,7.798148885554471,82.75279556071538,49.046921419856105,3,1
C005721,M,1,2,6.1262309658442256,73.72540351279,68.04593717699089,6,0
C005722,M,2,1,2.50177157032848,64.57434419761344,58.18239223196859,3,0
C005723,F,2,1,4.308639790554412,66.3541055205381,26.862049685026534,4,1
C005724,F,2,2,7.086559997751991,53.965643754052756,53.01945171552997,7,1
C005725,F,2,3,3.859884864557959,47.07648110582567,34.52807046386101,4,0
C005726,F,1,1,5.89779774709102,50.152592373006016,27.9681659151504,4,1
C005727,M,3,2,3.656542405195479,50.59621447158327,48.02913106008728,3,0
C005728,F,2,1,3.3500206510688115,62.08850061123945,57.8055998150162,7,0
C005729,M,2,2,0.0,76.74490374521764,34.96527794837577,4,0
C005730,M,2,1,3.109924331524963,75.2700788691,60.68370451216867,2,0
C005731,F,2,3,2.8205222528042704,42.224313315716245,61.08905722344306,3,0
C005732,F,2,2,5.144909182120335,77.90448777747409,72.24170343219843,4,0
C005733,F,3,2,4.549434727261281,67.12505065239819,56.016412915978066,2,0
C005734,M,3,1,4.435101373483393,75.50701233772487,72.61632088975774,2,0
C005735,F,2,2,6.095531271379043,72.71808070358271,74.18613449474365,5,1
C005736,M,1,3,0.0,39.88583890531339,31.617605665976548,6,0
C005737,F,1,2,3.8910902281146784,67.97269847022869,91.30977429414789,5,0
C005738,F,2,3,1.4264762274282572,87.07141818141164,81.95324452888882,4,0
C005739,M,2,3,1.2465576595808527,47.197357559042686,54.38711976195654,7,0
C005740,F,2,3,3.3607256916283474,51.13491004010304,42.28159947434579,2,0
C005741,F,2,3,4.0476167086053945,35.161990875048446,75.15079558486767,2,0
C005742,F,2,2,5.105174456663109,58.24323392051511,47.253259549049574,4,0
C005743,F,3,3,4.959196713080531,42.92372559676923,40.4999793505295,2,1
C005744,F,2,2,2.181707284692515,52.09129113819983,53.49536890440577,2,0
C005745,M,2,2,3.566545516100321,68.69641273833994,81.52371495677444,9,1
C005746,M,3,1,7.161546629361619,77.235801233933,86.30468491086003,7,1
C005747,F,1,2,7.550600082546305,35.898016155630465,93.4875082711672,4,0
C005748,F,3,2,3.3248249554005103,58.10188696630333,55.47209626674474,2,1
C005749,F,3,1,4.204271704122559,61.505846176250046,57.00191342737699,5,0
C005750,M,2,2,2.0281739612313676,63.05158904967723,57.11138640946692,3,0
C005751,M,2,1,6.260028221593034,76.99124524371219,48.356269289146525,3,0
C005752,F,2,1,9.0952371432594,77.02987361045837,47.77677353548563,6,0
C005753,F,3,1,2.8226363137636876,78.28656514070111,52.11790891932755,3,1
C005754,M,2,2,6.587684919126264,68.64217056068989,93.75679389867469,6,1
C005755,M,3,3,5.6205550726661375,61.23237556019268,44.52206896591639,4,1
C005756,M,2,2,3.630839665173612,57.35887844882849,63.928184374085546,6,0
C005757,M,3,2,2.4686205013727722,74.05339727351927,70.85755769539325,4,0
C005758,M,1,2,9.452462349563739,52.36644467543526,98.13504006624734,5,1
C005759,M,1,2,5.685522794255402,52.46542796173421,65.39119853444566,3,0
C005760,M,2,1,6.1089408241604755,72.4839648870022,54.98293046265528,1,1
C005761,F,1,2,3.5345473824939955,76.2144383575446,42.31290588717076,3,0
C005762,F,2,1,4.134204614224352,65.02385798251086,43.91038859104883,4,1
C005763,F,1,2,1.3230596973100082,74.52204473629385,59.793767194187716,3,0
C005764,M,1,3,5.673935189399648,60.985165255632275,54.46519614207199,3,0
C005765,M,2,2,3.1760271315976896,62.76703804308695,58.94195633670891,4,0
C005766,M,2,2,1.7416599538527757,70.50016250783695,70.44979789786318,4,0
C005767,M,2,1,2.1191493681980265,53.234251008228625,48.23047153844413,4,0
C005768,M,1,2,9.303339720321638,75.77315459719438,66.76007896770884,6,1
C005769,F,2,3,3.345546548271212,61.374338080492016,78.71109461171707,6,0
C005770,F,3,3,4.810048784843578,62.33815340578519,27.126398490885023,7,0
C005771,F,1,2,1.3710695653582254,66.32254561747058,63.17396532284862,1,0
C005772,M,2,2,3.584020283609794,77.4677131842538,85.85084924342999,3,1
C005773,M,1,3,0.9848543923964863,31.91242311623847,67.58676004831655,1,1
C005774,M,3,2,4.818040400895016,45.987855041752155,48.73597791185526,5,0
C005775,M,1,3,1.9968535161776542,80.39879773473518,71.07803443195417,1,1
C005776,F,3,1,5.755911682016215,72.32914188756067,50.573172824772506,5,1
C005777,M,2,2,0.0626399612514632,58.391168849836845,75.917543892654,3,0
C005778,F,2,3,2.609432144239964,66.02073503943525,68.48340249722006,2,1
C005779,M,2,1,6.58881069233667,73.95521075404893,94.35428940839076,4,1
C005780,F,3,2,7.372779232736812,88.29573914436537,58.14465364827997,4,1
C005781,F,2,3,4.013152310690024,58.70792357535836,68.01716997270904,2,0
C005782,M,1,2,3.1456680665274055,84.75696595231275,53.89780132726281,6,1
C005783,F,1,2,4.256281148634829,73.5177621328289,61.95076666060913,4,0
C005784,M,2,2,8.514391469889869,51.144067515293116,44.68407440665965,5,1
C005785,F,3,1,3.4094225984751567,55.88545541387798,83.83827158207524,3,0
C005786,F,3,1,4.007603627400569,83.14160486824414,64.28299125887122,4,1
C005787,F,3,1,1.6836315166513742,86.21777874243617,60.61344222139893,4,0
C005788,F,2,2,2.5091099442310116,64.26441962668352,76.39591271268054,5,0
C005789,M,1,1,4.969334582023709,81.50445767574999,87.60393037104812,3,1
C005790,F,2,3,5.964846233471324,70.31439403977512,100.0,3,1
C005791,F,2,1,4.665264814219828,63.997637002272704,44.81500009047351,2,0
C005792,M,1,2,5.827496718249873,67.8442681242527,72.57802568371704,5,0
C005793,M,1,2,1.7988844661280439,44.08426979537708,77.23853649748382,5,0
C005794,F,2,2,1.5808433134006807,60.934191899147386,58.45989099301821,3,0
C005795,F,3,3,5.747704000986991,57.11450390071127,48.5228832887722,4,0
C005796,M,3,2,2.9524492493398715,80.03034088592277,81.16768220784607,3,1
C005797,F,2,1,1.4160536436955642,68.73831299705753,43.61514028070565,6,0
C005798,F,2,3,4.44624224098756,61.44674625570082,67.42885624897808,2,0
C005799,M,3,2,4.188872417417777,81.69889323834644,47.498631073732994,1,0
C005800,M,2,1,3.5823308220421795,42.32628021206889,60.896058136050144,6,0
C005801,M,3,3,7.491417847949881,50.69773805055038,32.16006221036448,5,0
C005802,F,2,2,8.124245284227513,83.96044123365863,41.41279730419133,6,0
C005803,M,2,1,6.111518309345222,74.62625458820531,27.446161465251677,2,0
C005804,M,1,2,4.944889142076538,41.24318393927834,100.0,1,0
C005805,F,2,1,7.036210265290371,68.27186212206834,34.138584608451865,5,0
C005806,F,1,2,4.34712741504355,45.996290665156025,75.90604655364848,5,0
C005807,F,2,1,3.5737341489924863,58.60833213905201,46.381578710504485,4,0
C005808,M,1,2,2.716046328247307,71.86668116552659,17.198228852348578,3,1
C005809,F,3,1,2.2790798112656736,64.4906801484204,64.75861331032272,2,0
C005810,M,3,1,6.041648511565533,63.96597112614366,100.0,1,1
C005811,M,3,3,0.6959064146236074,52.65019148463307,45.966794586379265,3,0
C005812,F,3,3,2.692562784317959,82.3065083288731,93.19633085929667,2,0
C005813,F,2,3,3.2218521573636973,72.44982255696812,95.45363659668865,3,0
C005814,M,3,1,0.9037410734782547,52.923555452866054,40.65696427750748,4,0
C005815,F,3,1,3.1389113916569253,66.83496844889918,28.9106432858884,3,0
C005816,M,2,1,4.206244589686498,60.352368566579536,45.881171742353985,4,1
C005817,M,1,1,6.259982958584562,56.781349307079196,79.61981230512077,2,0
C005818,M,2,3,2.8867462750296244,67.16552189220471,23.695889886878483,7,0
C005819,M,2,3,4.221518308026461,90.08080715538016,68.90523844730524,4,1
C005820,F,1,3,0.7126813757062362,51.99370519746712,61.748492439841186,2,0
C005821,F,2,2,1.323725198302098,73.43557028367593,48.157687287045505,6,0
C005822,F,3,2,0.0,77.82840009914335,51.11914903886317,3,0
C005823,M,3,3,6.153542630117108,72.32063159342907,56.72753294531806,2,1
C005824,M,2,2,3.27870481398947,78.69139792494248,61.606164075544896,3,0
C005825,M,3,1,4.48610924555931,63.971543030186304,89.54631285423422,4,1
C005826,F,2,3,5.151694692366731,72.37198253119534,52.523317271547036,5,0
C005827,M,2,2,5.778641773743416,66.84219268349256,58.26760700370248,5,0
C005828,M,2,1,8.411775787657678,45.751611870318285,71.1424957761593,5,1
C005829,F,3,1,3.9090751112627475,49.385763737165775,42.177177879273955,3,0
C005830,F,1,3,2.4346116894809615,80.82224934051624,88.91061829131695,6,1
C005831,M,1,2,5.536361695126526,58.11292364132118,44.99862966418601,3,0
C005832,M,2,2,9.198370026440324,60.130252756646506,68.47939864773721,5,1
C005833,F,2,3,2.81381274092009,76.48000755584812,55.2341686176667,3,0
C005834,M,2,1,2.251045388448243,63.15455770102156,60.08296975814523,5,1
C005835,M,3,2,0.0,75.65978529142284,95.99232657455521,8,0
C005836,F,2,1,0.0,63.3987015490516,64.7079955486972,7,0
C005837,M,2,3,7.122632186193091,49.55072668183734,47.395103021447284,6,1
C005838,M,2,1,3.618249549746653,80.25162773028752,43.26424756686375,5,0
C005839,M,2,1,1.496910051691064,52.6481880609948,82.74123265501528,4,1
C005840,M,1,3,4.0066874747357915,83.9224919745146,68.04655031480452,4,0
C005841,M,2,2,9.722854731863833,73.59361524962594,50.863838522927495,4,1
C005842,M,3,2,4.009219257129661,57.17093684032167,79.82331208031164,2,1
C005843,M,2,2,8.212332475350737,73.91688220762563,45.187161396502596,10,1
C005844,M,2,1,1.9387543298494943,58.03544426571454,44.19467592854033,4,1
C005845,F,3,3,7.212647070497708,53.53349309103497,57.36628260910638,3,1
C005846,F,2,1,2.7656359024984556,68.17544265679886,54.559472508370206,8,1
C005847,M,1,3,2.306818908550013,76.67059973156529,28.320576782348553,4,1
C005848,M,1,2,1.9329513739109836,69.15773389667235,50.698943050227,4,0
C005849,F,2,2,3.2873339439687186,53.950486136898924,70.06511971015465,3,0
C005850,F,1,3,6.146977257683423,44.78556909231396,53.05479736644611,6,0
C005851,F,2,3,2.940261398069172,62.358381123016684,59.2929898619416,3,0
C005852,M,1,1,6.353244667955997,48.57683015341547,41.54051991851603,4,1
C005853,M,1,3,2.4218033973396897,63.51868770089682,65.05559984266482,3,0
C005854,M,2,2,3.8194594303538554,64.48645471993508,68.804261205704,5,0
C005855,F,3,1,2.8323379600182848,75.68092330097792,85.26149890721315,4,0
C005856,M,2,1,7.986238983492973,74.689099888434,54.170655029822456,3,1
C005857,M,2,2,5.13855850064122,79.73743091450305,55.30281223622392,5,0
C005858,M,1,2,4.625272277833046,64.734506504791,71.39755339339159,7,0
C005859,M,2,2,3.3864877367827657,58.973452611649606,57.218620941287845,3,1
C005860,M,3,2,2.7176470279616565,71.58787897836999,71.3271852917618,6,0
C005861,M,3,1,1.7855003727460192,71.35103587256269,73.14196359208276,4,0
C005862,F,2,3,6.908373142067554,70.68512254740203,40.73983108739054,3,0
C005863,F,2,3,0.44807262988930674,93.6493645938175,39.8861300675932,5,0
C005864,F,3,1,3.2028866331885784,74.96957636213226,49.53508653978256,5,0
C005865,M,2,1,5.94161777061676,82.75143845278785,28.983625498834467,5,1
C005866,F,2,3,0.3142582084185812,48.738813000663804,93.40816686716698,4,0
C005867,F,1,2,4.392198702786334,50.39358651766029,37.04900710829915,4,0
C005868,M,2,1,2.084669910222158,53.38756821144471,80.77174947840021,2,0
C005869,M,3,2,4.058611972484422,65.22754524879619,41.4511152005792,1,0
C005870,F,2,3,3.6291853414778967,62.85602525645596,79.39612712263478,3,1
C005871,M,3,3,0.0,68.95394853997269,81.30985862310202,1,0
C005872,M,2,3,5.403564150799051,89.78918880043743,28.777876999237513,2,0
C005873,M,2,2,1.8268153614666018,63.65541400759855,57.99526832657442,4,0
C005874,M,1,1,2.7928586582792523,72.26088842824768,90.76948861301867,3,1
C005875,M,1,1,4.111516861125714,66.1497539756253,61.836604484091445,7,1
C005876,M,1,1,4.826551672226348,81.23427257751715,76.25617763583584,6,1
C005877,M,3,2,4.984242139093806,74.55881154528731,64.69953019480495,6,0
C005878,F,2,2,5.739904909381509,64.24786747521084,76.0055876554445,6,1
C005879,M,2,3,0.0,79.41889698602019,82.7829168907784,4,0
C005880,M,2,3,5.062097395816879,74.15597874308435,56.68557611189352,3,0
C005881,M,2,2,4.024134618693659,77.95633659652572,60.08386912214089,5,1
C005882,F,2,2,2.782544203298026,65.66805386330554,54.372960514005115,5,1
C005883,F,1,2,4.577699801757905,74.97229682282608,37.71787243269462,4,0
C005884,M,2,1,6.0252094289311655,61.59220340525016,72.64662390347934,4,0
C005885,M,2,3,2.0716044712050508,49.743532596585325,61.458393422604345,4,0
C005886,M,3,1,7.084373401651092,58.124657208661304,82.67746947603482,5,1
C005887,M,2,2,6.521915276458975,74.1848755411573,95.02992149513612,3,1
C005888,F,3,1,4.814301605461761,73.01233734614985,50.33338487457127,4,0
C005889,M,2,2,1.3091768404679542,54.70527059394238,52.58421313136703,3,1
C005890,F,3,3,8.740960301911205,85.6418111182405,48.861115609239135,4,0
C005891,M,2,1,4.625730980360252,50.09911637102053,86.10661689848635,2,0
C005892,M,3,2,4.326306487315289,67.4726603777961,35.271424525462564,2,0
C005893,F,3,3,4.2499521033114505,58.79625398451714,66.18685899358945,7,0
C005894,M,1,1,5.215637913067837,67.92572590075817,33.26978321946065,3,0
C005895,F,2,2,6.0392632467179475,46.22924195987568,86.50790840710563,3,0
C005896,M,3,1,3.944699428544344,39.99836625983405,73.12130823703141,4,0
C005897,F,3,3,1.265897916118432,55.86640067665206,48.636294050114095,6,0
C005898,M,3,1,6.276847718245434,75.18755931290274,92.42022559054695,7,0
C005899,M,2,2,2.206314815662454,67.81220453003519,45.634838752289994,7,0
C005900,F,2,3,1.7895085441046437,44.67945811456772,62.2023225325971,2,0
C005901,M,2,2,3.8598774503418025,79.51775590628313,20.348638976008218,3,0
C005902,M,3,3,2.99723596296697,68.31617322208794,71.28594085909901,3,1
C005903,F,2,3,4.836039032913805,76.30399805638673,53.610893447912176,5,1
C005904,M,3,2,5.254248685960325,59.927516195147305,55.972445057685036,7,1
C005905,F,1,3,2.9658487941755007,38.11115338775218,42.64427824680261,5,0
C005906,F,3,3,4.266807130279456,87.31262528818877,40.15818150875738,4,0
C005907,F,2,1,2.9322813094284705,62.43108680901954,50.154873042279746,2,0
C005908,M,3,1,5.687004353360491,79.82694958546571,83.19443108615702,6,1
C005909,M,3,1,5.078557552452917,59.23554610072198,67.36301466978038,6,0
C005910,F,1,3,5.578465611623869,66.39312144488697,44.363229595934,3,1
C005911,M,2,1,3.374794583996673,40.596259966210894,19.968503989359682,3,1
C005912,M,1,1,4.568320408320076,52.584626840616075,95.30426349257328,7,1
C005913,M,3,3,5.122116394915048,87.23234791032233,15.481206855957183,2,1
C005914,M,2,3,5.647488949212974,78.09416997177797,80.36731027974467,3,1
C005915,M,2,2,5.458264015966019,82.76513766112937,68.90001733531436,8,1
C005916,F,2,3,3.729796423943616,72.2967861699538,56.42591854758891,2,0
C005917,F,1,1,1.47064929421845,68.76786281956544,49.66434947053107,4,0
C005918,F,2,1,5.103605189497506,79.32116775693214,73.78256867610962,2,0
C005919,M,2,3,4.994461198426161,78.72229706130122,79.69138448397732,5,0
C005920,M,1,3,1.5803057166822319,69.53160475599786,79.85280801925336,4,0
C005921,M,3,3,5.862725826328399,66.4373180485221,80.06507906515776,6,1
C005922,F,2,2,4.3436445375136135,79.36949930509772,32.81610550540593,4,1
C005923,M,2,1,3.7164306471565824,49.457832174772975,47.74585074659238,3,0
C005924,M,3,3,4.469624121400769,60.491898265414235,48.607538980006744,5,0
C005925,M,2,2,6.048360303574803,44.078688272730965,61.048872254592006,5,0
C005926,F,1,1,7.42873885045505,50.7266255683382,65.12525807553584,6,0
C005927,F,3,3,3.8820266276289255,68.15201099436001,79.28840301439496,3,0
C005928,F,2,1,3.4931604388186783,76.61707223436825,59.51832437057328,3,0
C005929,M,3,1,5.337124978738759,92.37930772569922,74.09454390993204,3,1
C005930,F,2,1,1.0519044754875986,63.315641680574636,53.651033971196355,3,0
C005931,M,2,2,5.897110970907585,58.94869240177607,97.06323932588089,2,1
C005932,M,1,1,1.0195150920145633,63.8944604780702,48.57225592638231,2,0
C005933,M,3,2,0.9764092136842581,68.6298829984537,48.26542286457952,4,0
C005934,M,1,1,7.417249992894039,92.035034967902,64.83508777247773,4,1
C005935,M,2,2,0.0,65.12658014765304,80.88878538014089,2,0
C005936,M,1,2,6.875917361344058,48.586998212918985,46.121044946406954,3,0
C005937,M,2,2,7.431394415573508,70.79377370249833,54.75576255124648,8,0
C005938,F,3,1,4.747039604895425,66.27020852525165,53.53979379335563,4,0
C005939,F,2,2,5.332619797100538,64.43509428641923,41.53131489706492,6,1
C005940,F,1,2,0.5369837876113128,60.98907088337274,50.15061492684633,4,0
C005941,M,1,3,2.9166804448661914,96.06365798988149,47.748448555335166,3,1
C005942,M,1,3,4.788595450886244,57.43075408339284,84.01424614268527,4,1
C005943,F,1,3,4.724509913757717,41.973232520665675,63.0373667287559,4,0
C005944,M,2,1,4.977572544920163,56.00459501435361,51.01574473561114,6,0
C005945,M,3,2,4.723322296892314,57.6482404633359,93.73366944663428,4,1
C005946,M,2,1,4.046233132188201,46.011957074865194,92.74986130580623,3,0
C005947,F,1,1,1.3120480442480846,62.167642739570574,91.09103769324169,5,0
C005948,M,1,1,4.774451948535248,89.1988398022159,52.02361703971246,2,0
C005949,F,3,2,1.4989198295467565,45.9402498674265,78.68494671906174,7,0
C005950,M,3,3,3.197454236778829,44.21537233284515,98.67280317973223,2,1
C005951,M,3,3,7.062727447586662,76.18467299900017,53.001447672875436,3,1
C005952,M,1,2,0.5584130070019806,61.98824488401536,56.19129990314136,3,0
C005953,M,2,2,3.72654763860652,59.275285403665606,52.22232203178865,1,0
C005954,M,3,3,5.910110843317527,81.20010392031625,63.9995152068747,4,1
C005955,F,2,2,5.405186313796816,56.68380536635555,92.90188757406024,5,0
C005956,M,2,1,4.672380679282908,41.516154689310675,61.24614205272139,3,0
C005957,M,3,1,2.5099839845065595,77.0099103414258,49.93959062336417,3,0
C005958,F,1,2,6.883833785634822,64.08955438286308,58.28779196980166,7,1
C005959,M,2,1,1.3072391695903924,63.28675576077645,81.33725019759646,2,1
C005960,M,2,2,5.524454647300836,35.75976664319913,9.09529335175531,5,0
C005961,M,3,2,4.3366741663832045,49.99205042948297,66.99901492979922,1,1
C005962,M,2,2,2.2692747865974585,62.01441768424529,55.95646930688035,6,1
C005963,M,3,1,3.1439386683764203,49.031422767994115,48.324410982308365,4,0
C005964,F,2,1,7.984486707892034,79.33302760510992,28.38260429139941,1,1
C005965,M,3,2,1.4433191661023672,64.03534751254676,71.11764148538622,3,0
C005966,F,2,3,0.1282173796869701,61.398082312689766,54.72111753040389,3,0
C005967,M,2,2,2.596503954508962,79.61816134200996,68.231900373686,5,1
C005968,F,1,1,4.908501436849593,56.25103916757773,39.68999977870091,5,0
C005969,F,2,2,7.132401034191991,70.78492421359937,25.795446578406064,5,0
C005970,M,3,1,4.055640886160785,65.01164785810028,37.99765785538735,2,1
C005971,M,2,3,0.4172119980754947,77.59243299408834,55.96481589239952,6,0
C005972,M,1,1,4.210286930095739,71.56916358871497,27.310203899122413,2,0
C005973,F,3,3,5.8830743193961865,74.40103219052892,62.5988327542252,5,0
C005974,F,1,2,4.70515755325128,57.360410375500074,90.00373207173986,3,1
C005975,M,3,2,5.086301974022997,56.60423508836606,15.119943856628083,6,0
C005976,F,2,3,0.0,63.65100790248888,47.20687837528772,5,0
C005977,M,3,3,1.0473213678714908,74.31121759640614,56.87037981249975,5,0
C005978,M,3,1,3.7053546555482844,70.7207342840424,56.509456358749944,6,1
C005979,F,1,1,6.493683534564163,76.69208589871849,83.58777322418635,2,1
C005980,M,3,1,2.2632519411910383,52.39995908589438,52.309048250028674,5,0
C005981,M,2,3,4.450385249984355,45.056995882839686,54.71828535560752,2,0
C005982,F,1,3,4.365722491312408,57.83400917447429,53.39103662335425,5,0
C005983,M,3,1,1.7060432405019372,55.2582848575881,68.6595109008017,3,0
C005984,F,2,2,2.3802639548156033,50.87773786050775,89.61437834974728,3,0
C005985,M,2,1,3.9445618431842377,61.874091116627326,60.041291895823086,3,1
C005986,M,1,2,3.19564199266379,45.85951548166576,87.567809509319,5,1
C005987,M,1,2,5.805294526045082,56.66415258325705,61.70347815271686,2,1
C005988,F,3,2,3.0742738661704396,50.51315511952653,37.252921244452274,4,0
C005989,M,3,2,5.9515781473039375,47.49232163368765,80.04209665956579,3,0
C005990,M,1,1,3.2040893914856645,46.555205805978716,59.598332343550844,5,0
C005991,F,3,2,4.052647693477891,50.30457519908221,85.74426582053886,4,0
C005992,F,2,2,5.759800673729612,72.73377985378364,74.84519524286878,2,0
C005993,F,2,3,3.7641678343396094,60.76226977751093,76.78170301378498,4,1
C005994,M,1,2,3.0625546206703724,66.66699740355318,46.27125831264261,4,0
C005995,M,1,3,3.8477769775365007,61.92642174921599,42.691391032232914,5,0
C005996,M,2,2,5.9651867853113005,74.53777017597511,59.284690434509045,7,0
C005997,F,2,2,4.729645514161624,72.52074484896627,35.57457212794649,4,1
C005998,F,3,2,0.0,72.95847781841707,40.53396753972981,5,0
C005999,F,1,2,2.411364223525119,62.2113821892891,46.480666983399225,4,0
C006000,M,1,1,2.4303409171895787,64.4566330777848,37.92582318056432,3,1
C006001,M,3,2,5.283725286033397,47.304402206443044,58.049549678418494,3,1
C006002,M,3,1,0.0,54.464001780682786,60.385857541074216,5,1
C006003,M,2,2,4.6154290519475145,76.02568462299203,50.51929185945814,2,0
C006004,M,3,2,5.399244524938741,56.70678535671212,37.528049936529655,2,0
C006005,M,3,1,5.3995591232232805,61.16836294441024,45.0315690132419,4,1
C006006,F,1,1,3.813697345583499,73.95078586713132,64.09466398005182,3,0
C006007,F,3,2,0.4450084896443314,68.52364282441508,55.52996685336205,5,0
C006008,F,2,2,3.4341397657144457,65.0602825114547,61.80726808577755,3,1
C006009,F,3,1,7.2424008806458495,61.2820609682486,43.87664011127278,5,1
C006010,F,3,1,2.6890845412434228,77.09541634045839,67.4873246303204,2,1
C006011,F,2,3,8.797833350434047,55.00225325874581,74.02076699858429,1,0
C006012,M,2,2,5.784535332049403,69.7024008407773,36.43525090224577,5,1
C006013,F,1,3,3.685360179805397,60.71938574330585,51.736001726901826,4,0
C006014,M,1,3,4.496613953755942,72.9800666232865,30.15044450022454,6,1
C006015,M,2,2,4.82364146429797,74.28038820353154,74.77066139669653,2,1
C006016,M,3,3,2.7302399888155966,66.56890488334496,100.0,5,0
C006017,F,1,2,3.089540979985287,80.65507255417461,76.23296661680641,5,0
C006018,F,2,2,8.38819376360937,75.29146724131243,57.32586251325304,3,0
C006019,F,2,2,7.281770786025236,60.569408898545944,62.817254177341944,3,0
C006020,F,2,3,3.1688990368020815,68.13869227020709,70.25108222161874,3,0
C006021,F,1,2,2.28654944917895,68.7722620522059,37.229167718307224,5,0
C006022,M,1,2,0.4950392201007241,79.15390747662325,60.95840452745376,3,0
C006023,F,3,3,8.744461510320455,43.04095159357357,59.54116906138736,2,0
C006024,F,1,1,6.2534461202891105,80.993605887743,55.92557830773919,6,0
C006025,F,3,1,6.742151246120036,41.60758378583661,52.312842626260526,2,0
C006026,M,2,1,2.8045552270966496,71.5666209041968,61.55306030663888,3,1
C006027,M,1,1,2.659701636155636,71.46270311993291,41.833625166447106,7,0
C006028,F,2,3,1.9727035026116546,61.9323785647015,46.39495247957602,3,0
C006029,M,2,3,0.0,73.68638728453413,64.92406809566641,3,0
C006030,M,1,1,2.0759674673969153,47.16786933095083,59.16569186643172,6,0
C006031,M,3,1,4.703097734915379,53.03245316842749,60.22004878783877,2,1
C006032,M,1,2,4.546470358094238,49.101410988440705,77.41549813859626,6,1
C006033,M,3,1,2.6444493908847013,55.057767374796484,58.095058282589385,7,1
C006034,F,1,3,5.440237570839735,80.46076707551255,56.14566567046482,2,0
C006035,F,3,1,2.516858802780341,83.36456173654315,71.69727337840406,3,0
C006036,F,1,2,5.688973173945836,63.56359071739754,91.76213616376077,3,1
C006037,M,2,3,5.660642801799272,67.70391401846591,51.50767900404615,4,0
C006038,M,3,1,5.802158111157516,93.58108060498938,68.14120450403227,2,1
C006039,M,2,2,4.162473722852813,58.72631491365953,55.30950383282693,4,0
C006040,M,1,2,2.2044254340824376,54.86063416353856,42.9074807518786,2,0
C006041,M,3,1,1.3769115979108366,78.63830797786686,59.53314333962588,3,0
C006042,F,1,1,0.0,57.089333660341666,70.92909265493903,6,0
C006043,F,2,2,5.665774798177517,50.46094592723376,44.95048643594206,2,1
C006044,M,3,3,0.29116194523455485,77.9882846841892,80.07993650406264,5,0
C006045,M,1,2,3.7028627128641807,85.31786581791525,52.92522071959801,6,1
C006046,M,1,1,4.479604504840591,57.58030695095696,51.98402275153088,1,1
C006047,M,2,2,1.6479427465874852,64.47520615675583,73.46810351461876,5,0
C006048,M,2,2,3.7288958899613562,78.28104794277574,64.81687510581447,3,1
C006049,M,2,2,4.70176273969701,53.60562515624586,46.795935560417036,2,0
C006050,M,3,3,3.3986313765409304,79.03479485878538,36.4490109069835,4,0
C006051,M,1,3,5.012864603737032,86.7107092106745,90.83911499469134,4,1
C006052,F,2,3,3.0218563306981494,46.47889559337362,63.14507821836286,3,1
C006053,M,1,2,3.388854054447762,44.87666870757276,93.69947626248722,3,1
C006054,M,1,2,2.044686830259953,40.796302314025624,51.156317658626335,4,0
C006055,M,1,1,3.7016573473551344,57.21734851571853,65.98562032275298,2,1
C006056,M,1,3,4.013352513567029,46.119084419064464,37.81250227731918,2,0
C006057,M,2,2,1.9675428387516458,81.2672134618007,41.878096986759246,5,0
C006058,F,1,2,4.943685731036494,50.549311447560555,52.23680453895188,5,1
C006059,F,2,1,0.0,58.90803106877716,89.95340633471065,5,0
C006060,F,2,3,6.380403322096202,70.39343970135245,64.18026778732467,6,0
C006061,M,1,1,0.8815395689208887,52.619941418042075,79.57878648650812,2,0
C006062,M,3,3,6.288945644251246,65.1089580419009,96.50736090475213,5,1
C006063,M,2,2,5.365070041868148,74.67721743566088,77.12984306745128,2,0
C006064,M,2,1,6.227711709592957,100.0,76.34986501141677,3,1
C006065,F,1,1,1.5224028022827367,70.66793564875235,62.39023009260959,4,0
C006066,M,1,3,3.5520884911821007,41.27543620410536,86.07695452630671,3,0
C006067,M,2,1,4.646414681617396,75.34610607159016,66.56202701019298,3,0
C006068,M,3,1,4.941502080770698,69.5958004257117,80.49794810406877,2,0
C006069,M,1,2,5.848328649300942,72.49162849731836,54.21836961800257,3,0
C006070,F,1,2,5.432964117298227,63.51550502466725,72.51077127493956,3,1
C006071,M,3,1,5.046679216382163,78.17404270705686,67.71727689884325,3,0
C006072,M,2,3,5.080999810723021,61.22548637432861,54.218466515603915,4,0
C006073,M,2,1,5.50425981380104,69.58049447171258,34.678285747163,6,0
C006074,F,2,3,4.043668586618849,68.0440902355542,65.82499074082686,3,1
C006075,M,3,1,6.52093093547934,66.57325023141486,68.17541555542776,3,1
C006076,F,1,2,3.8306779826338593,60.08624516612487,42.011284540717355,5,0
C006077,M,2,1,0.2791169951127195,81.7463256804297,62.68426433257409,4,1
C006078,M,1,1,6.739834636922295,85.65264622876757,65.37991656825787,4,1
C006079,F,1,3,5.029640895813925,93.9925998158703,80.0146962772422,3,1
C006080,M,3,3,3.6722713713495345,66.95482226768769,65.6090673527916,5,0
C006081,M,2,2,4.250940380787401,68.42540865039041,72.67412253946833,3,0
C006082,M,3,3,7.315469704823171,69.34538582632307,57.38333339971722,3,0
C006083,M,2,1,4.220138652254591,53.172100555872774,54.44348661064768,5,1
C006084,M,3,2,7.341923281685384,78.30209868522235,57.5762709686901,2,0
C006085,F,1,1,5.0376702485983635,61.04168155149146,51.91481017229515,4,0
C006086,M,1,2,3.201761786894903,73.9215860748219,55.72281671492601,1,1
C006087,M,3,3,1.1185687248874174,47.75423610684231,69.36575440734863,2,0
C006088,M,2,2,4.201017443978846,73.5543078688066,69.82590627784259,4,1
C006089,F,2,2,6.891098673069691,84.33460224179086,68.03942029869631,3,0
C006090,M,3,1,2.7493053345224387,55.36502879700598,65.60286711015273,4,0
C006091,M,2,1,4.806473033822117,58.64465771069413,83.8169281663721,3,1
C006092,M,2,1,7.377123853079063,58.227730288439005,83.68002866381954,7,1
C006093,M,2,3,0.09970168337622543,58.2409207917087,62.78938178542059,4,0
C006094,F,2,3,4.874619796946209,85.48077745529223,88.02885769474969,3,1
C006095,M,1,1,5.2189015480950065,67.24183832348133,85.60511987539795,5,1
C006096,M,1,3,4.783393701757589,51.10845189114917,62.77673791631592,2,0
C006097,M,2,2,0.2513221712553113,53.32801244558239,49.00045267204879,4,0
C006098,F,1,3,2.329626047690021,34.89752819314495,53.566530972868115,5,0
C006099,M,2,1,0.0,54.10973517405891,61.58249735620324,4,0
C006100,M,2,3,1.101135179501489,46.80631912156613,54.43306578219093,5,0
C006101,M,2,3,5.856146304118548,47.48248431221522,42.40203134655498,5,0
C006102,F,2,2,3.2740299354619067,59.301562253537114,41.415396053497766,5,0
C006103,F,3,2,5.802339679142772,49.37224335912357,52.39123337694539,3,0
C006104,M,1,2,5.68199672519384,63.18079929381399,49.51765369013191,5,1
C006105,F,2,2,1.5280191512924213,70.96531604981938,25.907691554827373,5,0
C006106,F,1,3,4.372404152223674,69.98899106597219,75.14569536225221,3,0
C006107,M,2,3,0.5102235670722082,68.70798772851477,78.67779765027365,6,0
C006108,M,2,3,4.604374171118881,27.4239157208669,70.71094755974853,6,0
C006109,M,3,2,4.932205575942916,57.9072702279058,22.12830971156191,5,1
C006110,M,2,1,3.499669972274653,84.18285903594781,56.57501456432131,4,1
C006111,M,3,3,0.29938079883105573,97.03841273620768,68.16750324505797,2,1
C006112,M,2,2,0.7270580592880287,77.13176821477889,82.4406960909574,6,0
C006113,F,2,1,9.593775157390988,65.88175185332913,99.12888955960156,3,1
C006114,M,1,3,5.367066848149475,52.50970460816549,60.21800606064147,4,1
C006115,F,1,1,3.3865541505058254,83.75343683088532,62.80977225438158,3,0
C006116,M,1,2,6.111806151081776,62.68587190802045,68.78600917119867,3,0
C006117,M,1,2,7.2376095175046595,61.276440700414966,49.45288708058063,5,0
C006118,F,1,2,6.6631696288652424,82.23282553484894,46.2063608562046,5,0
C006119,M,2,3,3.5743148668885563,18.75946115710746,75.92996796883249,3,0
C006120,M,2,2,3.2654766547227516,63.94269775088861,72.24405829421612,6,0
C006121,M,2,2,5.750941073075437,42.880653885764424,56.3844115487651,2,0
C006122,F,3,1,3.4820677172611614,73.29467395652509,31.787462885762668,8,0
C006123,M,1,3,6.637043388923882,89.26765868793373,21.52311133024523,3,0
C006124,M,2,1,4.246605315989128,72.40574899361786,58.69257783343818,6,0
C006125,M,2,2,5.745675688560743,94.55239093957607,59.30944405295931,8,1
C006126,M,2,2,6.287036691344829,68.13164536665897,55.58331555189385,6,1
C006127,M,1,3,1.142348332158897,86.65189084793832,76.19124820652473,5,0
C006128,M,3,1,4.320535675444843,41.14708880266997,63.89978835893229,6,0
C006129,M,2,2,6.526244532134928,68.15379572747082,24.42338345229529,3,1
C006130,M,2,1,2.225244048181981,45.138186561854155,95.985379914772,5,1
C006131,F,2,1,2.7945605712096446,70.74856302119984,14.785748078741278,7,1
C006132,F,2,1,6.643114452436366,60.20303542129673,50.12406637276787,3,1
C006133,M,2,1,7.36138573940436,62.03461581201763,42.00801652965656,5,1
C006134,M,3,2,0.0,61.79553875148865,68.75232770514847,7,0
C006135,M,1,1,6.6370893332099845,80.73951645456378,36.86072383095045,3,1
C006136,F,2,3,0.0,67.89618435874009,71.90545217564127,2,0
C006137,M,3,1,3.8611256271975414,67.81991351678082,54.376740275892175,3,1
C006138,M,2,3,0.9512945435596931,65.24898558324723,72.9878015495447,6,0
C006139,M,2,1,2.7953774053266915,75.77148101801613,16.91334438537129,2,1
C006140,M,2,2,4.230922914411293,61.70782896517062,56.41623141391738,2,1
C006141,M,2,3,5.167696478037298,48.424998210397476,72.58540341370279,3,0
C006142,M,3,1,7.1446931266934035,79.41029343908839,39.58158870673559,6,1
C006143,F,3,1,1.040402152559186,58.39519472155578,65.58767445871652,6,1
C006144,M,3,3,6.54372264998746,69.1926241717245,64.99366569579206,5,1
C006145,F,3,2,3.388945351241555,76.44707131047514,64.49459257456286,4,0
C006146,F,3,1,3.4357767841327345,48.95395398973518,53.49221596929777,4,0
C006147,M,3,1,7.740952836634654,52.744867211142335,73.11495392389666,6,1
C006148,F,2,2,5.8533750798139215,43.53608652272649,66.27068728825972,4,0
C006149,F,2,3,0.2988878107586834,59.77095990297342,65.22073995722619,3,1
C006150,F,1,1,3.827668408669451,80.86912469561085,49.58522120410177,5,0
C006151,F,1,2,2.3550401130391982,64.62864342715356,42.280804873619594,4,1
C006152,M,1,3,3.043805611859475,86.19898935136652,68.61168608414748,6,1
C006153,M,2,1,3.7108597842453905,69.88994561401576,47.29530731035733,5,0
C006154,M,2,2,5.019116073318475,56.45496693868402,85.97041710414788,1,0
C006155,M,2,3,1.2382798056787374,54.77740964511119,96.68129825752463,6,0
C006156,M,2,1,3.512144905077595,88.73404232581048,47.28525098364589,2,0
C006157,M,2,2,3.13164634689079,76.71760131013944,45.19483985715064,4,0
C006158,M,3,3,4.845145810702011,62.29439832772786,67.96990474416972,6,0
C006159,F,3,1,3.8834645941264943,67.03080958149924,65.4827964989209,3,1
C006160,F,2,1,6.063071408657041,58.33036439562744,59.43439112885817,2,0
C006161,M,2,3,4.568888161269489,27.124667523448366,70.3735088636028,1,0
C006162,M,3,1,5.327212454350448,66.30503675815454,72.71967506800013,4,0
C006163,M,3,1,4.512377085494104,46.329928033416394,46.108620503978614,5,1
C006164,F,1,1,1.470987678980443,59.57797403449342,44.62106204300111,6,0
C006165,F,2,2,3.1756999107002866,46.09603743542551,26.405468083694345,3,0
C006166,M,3,1,2.528755127622242,62.20848762752201,29.59292985330059,3,0
C006167,M,2,1,5.669558289924927,50.060195916511624,42.8469755493244,4,0
C006168,M,3,2,5.873270912712426,66.02492196393518,53.96721799393492,3,1
C006169,F,2,3,3.8198716678255735,75.41767630086288,74.42360525947996,6,0
C006170,F,1,1,4.319563489057449,69.69359001235652,71.05653284110934,6,1
C006171,M,3,2,0.5251134117323466,42.90341482832645,68.4443238166391,7,1
C006172,M,3,2,3.1425147758348944,40.0261482766885,56.46351875716132,6,1
C006173,M,3,1,0.0,45.76542547318154,100.0,7,0
C006174,M,2,3,5.780101826913352,80.38391097144648,38.60730160763006,1,1
C006175,F,2,3,8.903665268674974,97.8309810635078,55.4942248825815,1,0
C006176,F,3,2,2.8269572753344017,54.91532270333432,66.14758349662124,2,0
C006177,M,2,1,4.503435975563578,49.645732904624474,40.50607603004379,2,0
C006178,M,3,3,4.917921380259212,85.80209353696338,54.59177381534532,2,1
C006179,M,3,2,1.4995582365714872,58.72183531550651,34.04354489171274,4,0
C006180,M,2,1,3.710768259722725,63.8142996848897,53.91509421864301,1,1
C006181,M,2,1,5.029004502337446,67.4403591993115,86.57235314452137,5,1
C006182,F,2,1,4.371794734536804,54.735627413590045,63.030455508011016,3,1
C006183,F,3,2,4.131069464782792,53.368360515256136,94.765670620082,4,0
C006184,M,2,2,3.347973632087834,63.83526104342648,85.58932114025455,3,1
C006185,F,2,1,2.2045621360588568,58.83384442280586,33.44730841866882,4,0
C006186,F,1,1,5.487152747686863,38.28933467328852,39.30590684134931,3,1
C006187,M,2,3,7.872813131879729,51.52175964173626,85.8265432671641,4,0
C006188,F,3,3,0.0,62.92412076505474,58.28648386660066,1,0
C006189,M,3,1,0.0,56.685101278903886,33.45023484573735,2,0
C006190,F,3,2,1.3280489913157956,72.45146387463913,77.19241053830034,3,1
C006191,M,1,3,3.0293558163152365,53.31813194925094,87.73783604646357,2,0
C006192,M,1,3,3.422995699413245,92.18763032873167,86.85017389756243,5,1
C006193,M,2,3,4.279753160130919,65.78393205659417,69.01297006139735,1,1
C006194,M,1,3,4.159481857365603,66.1191781998453,81.43782872088116,2,1
C006195,M,2,1,3.6949566978274135,57.28539542692693,69.39965961211392,2,1
C006196,F,3,1,6.7987419860211205,61.01358059034625,42.64695210921295,5,1
C006197,M,1,1,1.9631747478809256,36.65257981120622,80.07236722604358,6,0
C006198,M,3,1,5.995979805475163,65.0057965640728,56.154639899129705,2,1
C006199,F,1,1,8.367239904955108,94.52201672851776,93.35511297199484,6,1
C006200,M,3,1,0.7647554904813951,78.44784772147614,53.844366887006586,3,1
C006201,M,2,2,0.0,40.5276142985401,55.81208973202638,2,0
C006202,M,2,1,4.408352863802541,69.35240910014875,40.53111920458023,5,0
C006203,M,1,3,5.423020228796748,71.68649705459893,73.08468902894448,1,1
C006204,M,1,3,4.079666706197152,87.77747537185834,94.24769426110927,3,0
C006205,F,3,3,0.0,53.17367031259827,74.4563965422211,2,0
C006206,M,3,1,0.289022011523437,99.28004182607329,61.53937910514809,8,1
C006207,M,3,3,2.8823118052158634,66.6886442689995,51.937880250188485,3,1
C006208,M,1,3,4.914638788961944,52.5671019736558,48.24499871535665,7,0
C006209,F,3,3,3.220046834860633,40.53091670262167,82.09120215201378,1,0
C006210,M,1,2,4.469424918424146,63.216548063633724,48.7031099833039,4,1
C006211,F,2,2,4.407585562989384,68.09834425646642,22.52990189523657,2,1
C006212,M,1,2,6.048520329262331,47.86598609265765,100.0,5,1
C006213,M,1,3,1.4461707337581644,74.36082153349605,65.34730449357848,4,1
C006214,M,3,1,4.193945705081447,72.8940878227088,53.29131924959441,4,0
C006215,M,3,1,7.16517922124407,65.12906962402396,48.054196019720536,4,0
C006216,M,2,1,2.2619967118010704,52.11910139172092,69.9779063593316,5,0
C006217,F,1,1,2.6208315407212526,65.28937712173887,39.34038447404164,3,0
C006218,M,2,2,4.189780409389137,92.6282407467437,48.87365547170861,8,1
C006219,M,1,3,1.674114519526129,51.12561623521591,67.8247005863242,3,0
C006220,M,2,2,1.4385261419934312,38.637445781430806,44.26445373013209,4,0
C006221,M,3,1,3.236287676051667,59.42191864413622,38.94572346900102,3,0
C006222,M,1,2,3.463084070411585,52.848324878512756,50.56575200865035,4,0
C006223,M,3,1,5.653228743842055,37.1950998418241,54.98524408066977,3,1
C006224,M,2,2,2.0272316322740283,71.1105704140426,55.68540234970709,4,1
C006225,M,3,2,4.067053337153992,45.21238048765211,55.18542817897587,2,0
C006226,M,1,2,6.715486147567894,43.65666961114779,65.10202833360546,2,1
C006227,M,2,1,6.584597352161497,77.30176640001537,47.52966867901427,3,1
C006228,M,1,2,3.7575780798760667,86.01634917922074,65.38180469947916,4,0
C006229,M,2,3,4.415616208450949,100.0,49.577766489605125,1,1
C006230,F,3,2,2.008475782585357,41.638774359883854,57.8798670714557,3,0
C006231,M,2,3,4.6354787148540035,70.89628564236031,48.59049326143825,3,1
C006232,F,1,2,7.366754661072266,43.972685119248794,27.43857726069612,2,1
C006233,M,2,2,6.858534200611889,66.07305016057956,65.49300221354811,4,1
C006234,M,2,1,3.9510608712502475,62.6518229223563,79.24366556951227,6,0
C006235,M,2,1,4.760982449785864,32.87015593226796,64.64072520868015,6,0
C006236,M,2,2,2.3818976234823115,72.92098184258334,37.80991649279019,1,1
C006237,F,3,2,1.9545788064470324,64.97783585572863,36.14315303742583,7,0
C006238,F,2,2,3.198624564305666,74.06919978466738,75.29490809850944,3,1
C006239,M,1,1,4.595665249730532,46.095975483913875,67.51439405032468,4,1
C006240,F,1,1,5.588235068176886,96.71981441258973,62.849127037133506,2,1
C006241,M,1,3,3.8256191221449103,68.95847697673587,75.37463816456106,4,0
C006242,M,2,2,4.9683318529747975,70.00600882156319,72.11754762046652,4,0
C006243,F,3,1,0.0,85.71079271622926,62.29664243575062,4,0
C006244,M,1,2,4.3749829611134565,64.7930774076251,85.13953278667451,3,1
C006245,M,3,3,2.635509245887459,51.5788708981938,90.94102417316093,8,1
C006246,F,2,1,1.2481632117691062,81.34890537707173,83.10385208804512,6,1
C006247,F,2,1,4.9987700461880555,62.73613000061533,73.80680970234229,4,1
C006248,M,3,2,7.183752725104238,79.4899591669254,62.09730160889313,6,1
C006249,M,1,2,3.969821071333676,63.24741226563748,60.87454662842543,5,0
C006250,F,3,1,5.935545920021325,97.56825578051384,73.49139265859749,3,1
C006251,M,1,2,3.0810410688676533,64.16179407058765,49.91335498634492,4,1
C006252,M,2,3,8.516298453549606,55.414669935712084,58.92961697663726,7,1
C006253,M,1,3,0.5323685001412706,69.87009819345164,49.18302777514924,2,0
C006254,F,1,2,3.7780868866644703,57.70399850558645,58.71887418254601,7,1
C006255,F,3,3,5.653165433393271,51.748611785915244,45.228255248748525,8,0
C006256,F,3,3,3.9320886266343984,84.97056416986018,56.115983329018825,4,0
C006257,M,2,1,7.028114703000928,45.638536828652406,52.935316950281276,6,0
C006258,M,2,1,0.0,80.22227602892082,79.29571971685897,5,1
C006259,M,2,3,3.755376934750808,88.79632605961021,80.91857937608474,7,1
C006260,F,2,1,3.4514704683818724,59.63360446507208,70.3485410503324,7,0
C006261,M,3,1,3.757315463782543,68.7917635469156,33.42138882594027,5,0
C006262,M,2,2,0.5175391460196357,52.232205036837804,70.78802236437797,3,0
C006263,F,2,3,3.359051173243338,81.89505352602056,75.78260392349627,9,0
C006264,M,2,1,3.2574738687566858,45.36719786569307,54.12620269050446,6,0
C006265,F,1,2,4.534971338870651,79.66017402644931,73.81878692673715,5,0
C006266,M,2,3,6.4161757623919655,64.79451912424997,76.8833556482415,1,0
C006267,F,3,1,4.2452657840694075,51.95790957715323,30.913474574925296,3,0
C006268,M,1,3,4.919092658995628,54.20322925749954,77.31653242804623,3,0
C006269,M,2,1,6.766540763115093,72.00322049926845,56.169365372560456,3,1
C006270,M,1,3,6.616253118805476,46.78017177556206,35.347941740411585,3,0
C006271,M,3,2,0.0,72.8796706085426,62.87715304735777,5,0
C006272,M,1,2,5.754279937789545,67.20141772190286,53.06136599905831,4,1
C006273,M,2,1,5.740463564843758,58.704707118201924,75.35545900304201,7,1
C006274,M,1,2,3.4231453224764197,71.9518973004972,71.0480870757248,5,1
C006275,F,2,3,2.991257481198586,52.63368600185473,69.80703891316006,2,0
C006276,M,2,2,1.5159291043795822,60.46122951921572,45.96265579042176,5,0
C006277,F,2,2,0.0,58.80876668241626,52.97567802109907,2,0
C006278,F,2,1,5.869539452597932,45.56880877131748,54.502400896108455,8,0
C006279,M,1,1,5.683250911091417,59.590932354027856,71.68604352093458,1,1
C006280,F,3,1,3.7800724539773087,41.09627082580489,84.77995640091268,8,1
C006281,M,2,2,5.561685967374951,56.23779028780123,69.86505519210301,5,1
C006282,M,3,1,6.2518628614751925,38.66799787424456,45.068974796617134,1,0
C006283,M,2,3,0.04927441469013116,49.27035361781057,52.31852021516027,3,0
C006284,F,1,1,4.548493144190033,50.76507890400626,67.39962147125182,2,0
C006285,M,2,3,3.4660179656523336,70.84184299594995,80.90165637585093,2,0
C006286,M,2,2,4.950954022728928,50.20845754601416,58.074607023841395,4,1
C006287,F,2,3,4.409964443551531,45.8410242580311,72.16088321432784,6,1
C006288,M,1,3,5.693755249796501,58.855439946470355,31.986705541126653,6,1
C006289,F,1,3,0.5177413729819933,93.0824526327868,50.170245164786806,3,0
C006290,F,2,1,6.890727045889062,39.69745364942729,73.05580384828868,4,0
C006291,F,2,3,2.8479439042099974,75.09963448859182,16.88608417541498,4,0
C006292,F,3,2,3.7046327331301474,69.92495209236188,79.60426527969267,2,0
C006293,F,2,1,0.12898843778806368,95.985513448063,66.94484532623424,4,1
C006294,M,3,1,3.7721743789052313,69.06387851639676,61.555220029044584,4,0
C006295,F,1,2,3.960014848605198,65.32901973106958,23.310495540266885,4,1
C006296,F,2,2,3.8244529217677363,65.25171974331288,77.03415417060825,2,1
C006297,F,2,3,2.3809575380480084,64.14183324691349,95.29747579389657,2,1
C006298,M,3,3,1.3168400744597943,75.22161460545234,55.533148315019346,4,0
C006299,F,1,1,5.410882667857235,56.663885389471886,51.21378587697465,3,0
C006300,M,2,1,0.17828848289375276,100.0,54.756351565971,4,1
C006301,M,1,3,5.770102522298551,77.58934592916094,73.49821218704992,4,1
C006302,M,1,3,7.727945875331229,61.84007393101493,78.2425716500991,4,1
C006303,M,2,2,8.876914063514175,60.96437791305163,70.35419387458802,3,1
C006304,F,2,3,1.6161577139053485,64.46309401791787,55.33068347955024,5,0
C006305,M,2,2,5.299843301448689,64.04138117406976,79.73179815424292,7,1
C006306,F,3,2,2.762390732144178,74.36641655294153,39.46711882366105,3,0
C006307,F,3,3,6.693945761041952,69.20083690922837,81.2602709021705,4,1
C006308,M,2,1,4.8646888457041175,86.70766198320052,83.7422900061843,2,1
C006309,F,1,1,3.357020600359627,50.37573523661201,52.933216217901425,3,1
C006310,M,1,1,1.997138792912894,64.27760111025373,91.65900072010064,4,0
C006311,F,3,1,3.1869554611032815,50.21272741605896,78.02925826990892,1,1
C006312,F,2,2,2.5164661439188754,57.711010788133564,60.05632896551983,3,0
C006313,M,1,3,3.946489868709158,57.114691285466115,53.864502399347195,5,1
C006314,F,1,1,4.059821362918429,76.59166732176806,74.06915057638042,4,1
C006315,M,2,1,2.780010717709845,55.29576311038939,48.50869654221337,4,0
C006316,M,1,1,2.582959139115158,85.87403056261789,86.10077928337485,2,1
C006317,F,2,1,5.380342386057809,86.7175747403208,49.899774602752146,5,0
C006318,M,2,3,5.541095698547714,75.6664959328472,100.0,3,1
C006319,M,1,3,2.211910845438071,47.82425791690352,65.38614846833084,3,1
C006320,M,3,1,3.880017524364325,86.49742750129242,36.152156469767256,2,1
C006321,M,2,1,2.0987063618679733,58.506096214843375,83.55994422650701,1,1
C006322,F,1,3,9.73735663730734,59.954827163074135,53.07683364627264,5,1
C006323,M,2,2,1.9306328222504936,72.71070720799042,26.425355433103825,7,0
C006324,M,2,2,4.5572602332528565,52.08743254342323,94.08869224760574,1,1
C006325,M,2,1,4.979181355579393,83.6777315683551,100.0,3,1
C006326,F,3,3,2.5362524481481747,76.93525117415307,69.5391725563963,4,1
C006327,M,2,1,2.1072823926580595,100.0,71.68583527635246,3,0
C006328,M,1,2,3.3851863124060677,69.48295245217106,68.41662279380778,5,0
C006329,M,2,2,2.096903242867337,62.996639900534944,71.22641192681256,5,1
C006330,M,1,1,4.414516315150197,95.07104243177939,54.55782976379641,4,1
C006331,F,1,2,2.130627464201113,37.0191056367595,59.960367311548005,7,0
C006332,M,2,1,4.32257339905973,68.4179190063984,56.600370603311006,3,1
C006333,M,3,1,0.0,62.955900648414925,60.13222377074134,6,0
C006334,F,2,3,2.224714183598271,83.46390340315479,38.382490512637816,2,1
C006335,M,2,1,3.0759243937931773,100.0,77.49142712961466,10,1
C006336,M,2,3,6.201473113037097,54.87617089013857,61.97318201159105,4,1
C006337,M,2,1,0.0,82.34535930825038,72.95173599855782,3,0
C006338,M,3,1,6.233752193701399,85.88541003118404,69.07593400628991,5,1
C006339,F,2,2,5.451376082046517,84.71944180514251,19.262812825296812,2,0
C006340,F,3,3,0.07180716981965007,68.66499910332315,68.26328720984567,5,0
C006341,F,2,3,5.183737772798922,75.73398751500737,74.98401208027303,5,0
C006342,F,2,2,1.9538799233315305,50.72422388412839,44.7767912723387,4,0
C006343,M,2,1,5.256657258240294,91.62495384244758,60.141873970534725,6,1
C006344,M,2,1,5.387238580578476,48.81389521520556,53.982303041269695,5,0
C006345,F,2,2,5.744945585630036,50.44180647258101,67.26358308321632,2,1
C006346,F,3,3,2.742767996328057,60.75574403936993,57.456296910903674,6,1
C006347,F,3,2,5.500632337164149,56.448707373422046,28.843494190545943,5,0
C006348,M,1,3,7.3879092588568,71.51964028559172,42.4716460473935,3,1
C006349,F,2,2,3.3591908363149217,60.26422353794145,71.2747560001949,1,0
C006350,F,1,3,3.6386276208566093,51.9639062593788,68.09154660336333,4,0
C006351,F,2,1,5.562881907894593,48.190261835232285,100.0,4,1
C006352,F,2,3,0.0,82.82132914420347,60.57641866510001,3,1
C006353,M,2,2,1.8406329097755543,72.9184463236429,29.303109091663693,8,0
C006354,M,2,1,6.21576009485677,45.482947069595134,86.28108752163963,4,1
C006355,M,1,1,4.338278607015022,74.57545283107468,78.89414275002544,7,1
C006356,M,1,2,3.5259341252586207,60.19878247502886,46.32133923280175,6,1
C006357,F,1,1,1.9284714958888092,41.331865710613485,75.32362860707484,2,0
C006358,M,1,2,4.058511318328875,46.39116325680473,65.80864759284357,3,1
C006359,M,1,1,2.8320365838822363,80.2443092861214,44.765154098135376,5,1
C006360,M,2,1,0.1569056694810369,85.26165987765029,65.79844135040908,3,0
C006361,F,1,1,6.865767127814955,75.55495864791966,49.957909579504815,5,1
C006362,M,1,1,2.471274687537541,54.00893612507261,34.329067774605726,2,0
C006363,M,2,1,3.4019767207868794,72.71909857141719,57.34298055556397,7,0
C006364,F,3,2,0.07710497537058059,72.37944516082091,72.32470072711111,4,0
C006365,M,2,3,2.82272584020399,27.49331121184707,59.60925401083503,4,0
C006366,M,3,3,6.213067463177586,73.74290309131496,48.90058450935931,2,0
C006367,M,2,1,6.048079294294482,67.89040363659339,70.2369498451402,6,1
C006368,M,1,3,4.055590759422169,100.0,56.61709939892906,2,1
C006369,F,2,3,2.6253949704887987,94.83415076967731,44.32882044823103,4,1
C006370,F,3,2,4.056812511553943,63.82320337650904,64.6041756930526,5,0
C006371,M,1,2,5.112493172318995,71.67934218771244,56.44665866236595,1,0
C006372,F,2,1,0.706664011034178,66.86134464210139,93.5824893054102,2,0
C006373,F,3,3,4.5513280915319285,57.99236396052646,76.5274612774324,1,0
C006374,M,1,2,5.68629760145164,44.55192503332522,75.02738653103441,4,0
C006375,M,2,2,3.8673843030575403,54.97125816375411,28.661484333332613,5,0
C006376,M,2,2,3.957148935937336,58.18311674078846,73.74990423988714,4,0
C006377,F,3,1,2.4019514737863163,82.92262070942058,76.57358328994988,6,0
C006378,M,3,1,4.65379397512116,68.19571539747956,30.984079315494494,8,0
C006379,M,3,2,7.53815116926521,56.52421796089142,45.02152395745087,3,0
C006380,F,2,2,7.093892284910394,53.954424488352174,46.58480778945561,4,0
C006381,F,3,2,2.7336598579077513,71.60920798918318,79.49607626917806,3,0
C006382,F,3,2,3.175996039704075,60.29878018868181,82.02717226493583,5,0
C006383,F,3,2,7.004186236657279,49.201903747818,46.74440506174256,4,0
C006384,M,2,1,5.308995272767298,51.05448096294826,39.24734044071775,3,0
C006385,F,3,1,5.264690957861047,91.44452552568431,21.57455499105265,4,1
C006386,M,3,2,0.02185895639987212,63.098279677027094,30.61120608467664,7,0
C006387,M,2,3,6.01259711571374,81.51820622181995,47.1864948597824,2,1
C006388,F,2,3,3.382966345356798,38.52193697831342,48.55472692998595,7,0
C006389,M,3,3,4.513663079631854,82.74035460808848,59.900033428967305,2,0
C006390,M,1,2,2.4480288444863936,76.67583860276198,70.7545942460763,2,0
C006391,F,2,2,7.62911323020432,78.36738934094609,64.18920239112727,7,0
C006392,M,1,1,1.8551258748473467,41.02581535701755,48.057662038057956,5,0
C006393,M,3,1,8.295543924752234,65.48015560304306,58.15143077557782,3,1
C006394,M,2,3,4.063061485155193,52.724893278642156,45.13939533391739,6,0
C006395,F,1,3,3.631803049139224,47.43708225653745,52.00820378827573,6,0
C006396,F,2,2,2.057265003471413,36.79383927008324,55.42806759360794,3,0
C006397,M,2,2,2.849993710361274,48.8473032382343,73.65569712023657,5,0
C006398,M,3,2,3.55271925991663,47.75028242518475,76.4076744232801,6,0
C006399,F,2,2,4.296511814333184,76.78529997474637,45.066714365660474,1,0
C006400,M,2,1,5.186834100713302,55.89652770386804,60.32674489856019,2,0
C006401,M,2,3,3.5410906573520897,62.67080757898152,72.8112840645564,5,0
C006402,M,1,1,5.185062995184092,83.01778978242535,57.533669221302944,3,1
C006403,M,1,1,6.602089596676445,66.07077938250985,53.564826791156804,4,1
C006404,M,1,3,6.3291886241308415,54.260605881833726,78.08958484942143,5,0
C006405,F,1,3,5.3787369110231955,68.06159230405015,71.59479024967972,6,1
C006406,F,1,3,5.100684496585843,53.24507801437651,59.295772107095814,3,0
C006407,M,2,2,1.6674037071742043,38.662408441399194,43.383033161905644,7,0
C006408,F,3,1,4.459652700884969,70.60629742368586,31.50417237602284,4,0
C006409,M,2,1,1.6135826200148715,74.71615780685045,63.372089486292396,3,1
C006410,M,3,3,6.237371527693775,62.09012952479857,71.00433905605104,1,0
C006411,F,2,1,4.634879696456115,63.040959973665814,41.05658669393269,2,0
C006412,M,3,1,6.4853342294980045,58.64802577691949,77.79805133176606,4,1
C006413,F,2,1,6.5856401424397895,88.20686699812904,53.92680146571509,5,0
C006414,M,1,3,4.970540140549288,69.4983738579296,28.65617434622282,3,0
C006415,M,2,2,2.512067713195802,63.08612261234579,68.82159216484439,3,1
C006416,M,1,3,0.0,79.52982182382738,58.28456536817748,3,0
C006417,M,2,3,5.19421516906382,80.87941479164267,57.35573394800734,5,1
C006418,F,1,1,3.6302182188536634,71.65741570709099,75.12912952867858,4,1
C006419,F,2,3,5.7607611720406044,79.5039231830886,87.16426756054383,6,1
C006420,M,3,2,5.536209441568973,73.34324041745266,70.51448242733802,6,1
C006421,M,1,3,5.3164694301187785,65.74098319879364,52.623819872762084,8,0
C006422,F,3,3,4.543632006104336,79.89742927418717,28.855003883322354,3,0
C006423,F,1,3,0.3508495082054339,50.984505775539574,71.21793864042584,6,0
C006424,M,2,2,6.7803610806900245,50.6793470395142,60.96818473544382,3,0
C006425,M,1,1,1.2346306225107515,72.44057657019107,45.95939463019498,6,0
C006426,M,3,1,2.5760228671520005,54.82225172737816,50.66567166064716,3,0
C006427,M,3,1,3.2729573558210765,77.32528988776619,86.95089105702834,5,0
C006428,M,2,1,4.040382379108581,68.75991123049822,77.14762035439065,4,0
C006429,M,2,2,3.2979425366713366,96.05571912851248,80.38353905588527,2,1
C006430,M,2,1,2.777296247538162,50.18063178109825,79.02329841542372,5,0
C006431,M,2,2,5.76564689381494,78.97817659660845,64.7135392808719,2,1
C006432,M,2,3,1.0704904641559114,57.57141196895403,41.38802772114508,1,0
C006433,F,2,3,3.0883333255728154,69.3947894573065,61.931033585993056,4,0
C006434,M,3,2,0.0,75.92486825966836,71.81339911501536,4,0
C006435,M,2,1,1.7319648927496516,70.93790456674628,57.94902580962178,3,1
C006436,M,1,2,0.5611655304633176,72.60476143844649,64.80830799281594,6,0
C006437,M,3,2,5.614836573133317,71.31946872891658,70.08609673827267,5,0
C006438,F,3,2,4.4109447793221035,61.41351793064243,77.44835209361938,3,0
C006439,M,1,3,2.220499857905261,77.86585839842495,77.02711518191593,2,0
C006440,M,3,2,0.0,78.6622836469588,53.43416724005476,3,0
C006441,F,2,2,0.6431820207042067,60.01914238347099,36.258992964814745,4,0
C006442,F,1,1,1.5821732709161993,53.2760906945171,87.66356744667104,6,0
C006443,F,3,1,3.206805691539551,69.14149689834255,65.83197593832014,3,1
C006444,M,3,3,5.6672272132351775,68.18029304871486,54.75577806797286,3,0
C006445,M,1,3,0.8348757538203113,40.97113851217061,26.557063624535125,3,0
C006446,F,1,1,1.0283145526578434,68.4607916861327,72.86330529485645,5,0
C006447,M,1,3,0.3129257521240314,52.984193174424504,68.92719309557893,2,1
C006448,F,2,1,4.006130148966212,36.26481362529065,55.02806484672038,3,1
C006449,F,2,1,0.0,70.90963393485914,66.93766089823775,4,0
C006450,M,1,2,0.11660436941753094,46.88104633557175,85.38093756220934,3,0
C006451,M,3,1,5.0370536408247,84.35081871985918,37.219375587556485,3,1
C006452,M,2,1,7.352838484954613,76.78315965719361,80.26511705236145,4,1
C006453,M,3,1,4.140152149930035,68.70603784879341,43.241995699453284,3,1
C006454,F,3,2,3.309168772282453,85.87909974856399,38.75368362781071,3,0
C006455,F,2,3,8.791668330678515,79.47261750550865,55.17367762569425,3,1
C006456,M,2,2,2.852492947704336,51.6067370956397,84.62931619176366,3,1
C006457,F,2,1,2.859800000353159,80.1984765455341,46.02171208372718,2,0
C006458,M,3,2,2.81988140951737,54.73909506825686,57.52431320625019,5,0
C006459,F,2,3,7.301439869106932,78.79376621421534,33.41017943061851,4,0
C006460,M,1,1,5.18572204563376,58.705568938887936,69.33619006225268,3,0
C006461,F,3,1,5.162422483900975,46.08675372489516,44.62144123131626,6,1
C006462,F,1,3,4.718436579218622,71.40002022424682,51.803018643374145,1,0
C006463,M,2,3,2.9953429246479937,57.775213893907875,76.21009592668173,3,1
C006464,M,3,3,3.289006907598405,81.20482515355565,47.73883887927098,3,0
C006465,F,2,2,1.8779267720394572,84.59782956678765,67.63640952574683,2,1
C006466,M,1,2,3.128512173932294,39.08569991159405,65.64697678320286,3,0
C006467,F,3,3,4.62170503256575,64.99314734432477,64.31008391627863,5,0
C006468,F,2,2,3.569973609305959,74.75578241309255,41.58058415851374,4,1
C006469,F,1,3,5.780340113730674,66.87816527415926,63.217037445910286,2,0
C006470,M,2,1,4.5775469666951825,67.18934557808,56.743994421720565,3,1
C006471,M,3,2,4.417608036369752,69.05071454308484,55.09624926903359,2,0
C006472,F,2,1,2.0907125284268884,40.973794486573695,72.93944313428156,5,1
C006473,M,2,3,1.3017090879259179,88.96632773686628,37.26816735939009,3,0
C006474,M,2,2,1.5221438712050608,74.91690457303707,48.213170073707445,4,0
C006475,M,1,1,6.393281016643169,55.24694174823877,59.775263442379874,5,1
C006476,F,2,2,0.20027895883672375,53.76530837310672,87.40663470477477,5,1
C006477,M,2,3,4.417756561727233,77.99765726112963,27.408337094205656,4,1
C006478,M,2,3,4.418964873024341,68.93502492198215,63.517707040729135,1,1
C006479,M,1,1,2.4946417857266363,70.45980056641216,56.756561455962284,2,1
C006480,F,2,1,3.9210105764485106,73.31388472889277,73.62905704917686,5,1
C006481,M,2,2,4.376714362765055,68.41532564767324,47.09139496069563,6,1
C006482,F,2,3,1.4586803787718834,36.79920035841968,56.273582020272855,6,0
C006483,F,3,1,2.263238252765383,58.85723109309926,43.82561189710117,4,0
C006484,F,2,3,3.7049994025667483,73.38289774090927,52.48791954959672,3,0
C006485,F,2,1,3.7727515718461877,74.6690407059977,71.36063903155693,4,1
C006486,M,3,3,0.8717727881287991,57.890174987626004,67.3098989745824,5,0
C006487,F,3,2,4.007249887473263,64.46521745432018,55.13238544041979,5,0
C006488,M,2,2,4.090556697463544,82.44981766606418,76.09210986063736,3,0
C006489,F,2,3,6.014757314416415,86.08684218149921,100.0,4,1
C006490,M,1,2,3.7685298065387385,69.96313904683635,45.73236093485123,5,1
C006491,F,3,3,2.928683181054854,78.33107254414656,69.46718247864126,5,0
C006492,F,3,2,5.504187780634432,70.33249243041394,60.92570856870867,1,1
C006493,M,3,2,6.266115868161104,75.58739846104352,79.53739847954881,2,1
C006494,F,2,2,0.7688714777855417,64.85300515924813,50.09498712519786,4,0
C006495,M,2,2,2.6598560447248207,55.968434697259795,78.09364589195471,8,0
C006496,M,1,1,0.0,92.75139109904738,58.11659471070233,2,1
C006497,M,2,1,1.69333035445091,91.99497749906361,55.85558095569454,3,0
C006498,M,3,1,7.073190202556854,65.41805331163204,62.90403462716064,3,1
C006499,M,2,1,1.442031990268811,70.94512551560328,62.86011536929559,5,1
C006500,F,2,2,4.826775144657693,67.57370699634802,43.779452419660444,6,0
C006501,M,3,1,4.703401658566749,65.80017324501111,60.585044211908205,2,0
C006502,M,2,2,2.5160246792083427,66.4469101176612,84.11746165260274,4,1
C006503,F,2,2,2.8005394146381057,82.60831873833682,39.04499071425019,2,0
C006504,F,2,3,6.862961562457636,48.98018448690892,68.49460986244392,5,0
C006505,M,2,3,5.87522427754453,55.84920000027658,78.36019512263186,6,0
C006506,F,1,3,8.721535647414417,79.01418604128091,59.48408051418438,5,1
C006507,M,2,2,0.0,67.80368145258375,55.806844886120196,3,0
C006508,M,2,1,4.974328089895604,84.44165488238036,60.19235228405459,4,0
C006509,M,3,2,0.0,66.6612581772958,43.26467824060033,2,1
C006510,F,2,3,3.707513334303818,70.93804538681272,56.300959184109466,4,1
C006511,M,2,2,3.3030399406925772,62.518160239854595,90.71974216513871,5,0
C006512,M,3,3,1.266850810314077,85.89498806221208,57.72037128033164,4,0
C006513,F,3,2,2.4563970410430063,78.67153327823847,60.25346240484714,3,0
C006514,M,2,3,3.1275435347705476,48.69174812922122,43.200864491255224,6,0
C006515,M,3,1,4.747590490097528,74.95309377478569,67.28867936666266,2,0
C006516,F,3,2,1.2630849829916762,81.1592152331931,41.01123283825284,7,0
C006517,F,3,1,2.1622725416226443,65.11324455474394,56.4496334762824,4,0
C006518,M,2,1,4.92765836739303,76.08160515494728,11.128894541576955,1,0
C006519,M,2,1,5.366418772365627,85.15993532926197,60.43790818262325,3,0
C006520,F,1,3,9.569548971098234,64.16634284057233,62.87667912325942,3,1
C006521,M,1,2,4.15229484889273,70.80329613694556,46.48499785950835,7,0
C006522,M,3,3,5.175407588280462,58.490856915058636,50.341441101561756,3,1
C006523,M,1,3,3.2884993662596735,73.71734911727532,47.69177796042818,1,0
C006524,M,2,2,6.8673472637715145,51.55435767476527,72.09412899607184,2,1
C006525,F,2,3,1.7299143019471201,75.71581662966196,50.22823211815107,4,1
C006526,M,1,1,3.6340801418102444,88.78762289933128,84.81439084076064,3,0
C006527,M,1,3,4.333750709732694,52.51713992119597,85.72138516505822,8,1
C006528,M,2,2,4.855995422823822,85.8327645375444,60.99083888921942,7,1
C006529,M,1,2,5.840709872384863,65.54966397991457,87.76101932158696,3,0
C006530,M,3,2,3.3334126266551025,56.44422252446326,86.08577552563276,4,0
C006531,F,3,2,5.744860422830215,62.9525911795158,67.19644310246342,1,0
C006532,F,3,3,0.6689232421960178,66.60151038869853,44.03001797052598,3,0
C006533,M,3,1,4.335183578119702,60.22820956852074,66.59643104787398,7,0
C006534,M,2,1,0.0,83.24937828195006,64.06260790853719,2,0
C006535,M,1,1,3.2832757991841923,62.05004096910151,50.25617316083982,4,1
C006536,M,2,3,9.281790404746598,70.92750810965941,96.20969839948754,7,1
C006537,M,3,1,4.365995503828068,97.95338218933182,71.58957727238106,4,1
C006538,M,2,2,2.7309203978134224,63.594377530116496,38.55482761559766,3,0
C006539,F,3,3,4.912688802503961,58.870103933404664,67.37306352448158,5,0
C006540,F,2,3,3.6759849179375106,60.46640595569728,61.015978283223866,2,0
C006541,M,2,3,1.305468267942734,82.88254756383932,67.99285405781839,7,1
C006542,F,3,3,0.0,64.70989139210677,57.054479461500165,4,0
C006543,M,2,1,3.7527126116525547,70.03213810204102,37.38960781033403,1,0
C006544,M,3,3,3.35204814437999,55.56677439532923,79.1670677359575,7,0
C006545,F,2,3,3.221646175724228,61.58624956787682,92.435537937519,3,1
C006546,M,1,2,5.636576764114381,80.47758208168347,52.580933577061224,2,1
C006547,M,3,3,6.842649830315844,44.10280926900285,57.56854996149953,5,1
C006548,F,3,1,5.418478122980486,39.31375537062107,80.34172947538644,3,0
C006549,M,2,3,3.0856787736658764,58.428057906171404,51.49687128937433,5,0
C006550,F,2,2,4.119283103535897,59.909204611105345,75.43848466578544,2,0
C006551,M,2,2,6.272566749201856,61.847330431330896,58.802073821033055,2,1
C006552,F,3,1,5.785164115693299,62.2507711740595,45.481625849474455,2,0
C006553,M,2,2,5.120488968676369,66.02873905596871,49.59108782800321,5,1
C006554,M,3,3,2.7872546992900737,59.647375372874706,59.246052273830905,3,0
C006555,M,3,3,6.281426717444543,86.23329588302335,60.6261901994419,3,1
C006556,F,1,2,6.959697264539445,78.17543143490023,39.384088274854484,4,1
C006557,M,1,1,5.804004278509035,64.03126331692151,63.534214874638835,6,0
C006558,F,1,2,10.475086986651593,79.47350413279034,20.28834509182903,5,1
C006559,M,3,3,5.647632512913456,26.993848960498866,72.10793160888959,4,0
C006560,M,2,3,6.524193810028939,70.86717053883719,73.91893718265601,3,1
C006561,M,2,1,5.40953667334376,78.6864019418752,46.243642444862346,3,0
C006562,M,2,2,3.7148923309871753,57.33478184652568,61.02889993855546,5,0
C006563,F,2,1,1.4126600284932262,73.77817836532809,52.08834778421917,6,0
C006564,M,2,2,2.307601823902663,56.312603393482675,52.83223992789293,4,0
C006565,F,2,3,2.3303899447363845,70.83270107507401,55.370706610116805,2,0
C006566,M,2,3,1.3404147475380546,46.199889108402516,57.474328162083204,3,0
C006567,M,1,2,3.369376741736744,79.3404111342293,50.65495397015898,3,1
C006568,M,3,1,4.007113063612332,65.84730634546132,64.60806010866621,4,1
C006569,F,2,3,6.621007384083305,69.28149863074748,87.1841840910522,7,0
C006570,F,3,2,1.348535753815575,64.72080577031859,68.361872138629,4,0
C006571,M,2,2,5.962212346393079,82.06688978163987,56.58136121631613,2,1
C006572,F,1,1,4.589931859010559,69.57923141764289,82.00900579562807,3,0
C006573,M,2,2,4.828347710262457,79.94144760002669,80.67752237891304,5,1
C006574,M,2,3,3.788374433179503,57.645016934157525,75.87311859533949,2,1
C006575,F,3,3,8.602185975888855,74.27920177348028,67.49029964996606,2,1
C006576,M,2,2,2.270269154130517,89.39403592880397,67.70416041396533,3,0
C006577,F,2,3,2.771631286509836,90.03976577047652,71.98875431477536,4,0
C006578,F,2,1,4.25900798928061,27.397549627765002,81.13054197298348,3,0
C006579,F,2,1,4.870299294676893,68.22459156482539,47.71034988611102,6,1
C006580,F,2,2,4.49480953172056,43.631930195303234,57.446965477214725,1,0
C006581,M,3,2,3.89013499562621,59.95272369280913,76.34182856992497,4,1
C006582,F,2,2,5.158125318869566,57.55094873026405,61.97005319765863,3,1
C006583,M,3,1,5.3235561632710375,74.8202267092629,61.67778602912536,3,0
C006584,M,2,2,3.9150614934742762,63.681383394524175,75.75465744435857,4,0
C006585,M,1,3,8.040830635676473,54.65324186774257,43.12219422932127,4,1
C006586,M,1,1,4.971590295578475,73.71025269478015,77.079416679058,3,1
C006587,F,2,2,3.3938014979824587,50.182224066516284,43.62628086334855,5,0
C006588,F,1,3,6.735595457667107,54.1512875166173,53.45645807193118,3,0
C006589,M,1,1,0.0,60.00756207465851,31.791673685735102,5,0
C006590,M,2,1,1.5245266228325685,62.72099618618758,51.74781656149874,1,0
C006591,F,2,3,3.551337062377514,68.386199493631,70.28927815953205,2,1
C006592,M,2,2,1.4085583808819488,68.56845910164932,63.45941790148038,6,0
C006593,F,1,1,5.767285277606602,56.39742771486475,55.625360597646505,5,1
C006594,F,2,1,5.692370242560648,69.28121635553272,67.87728498186117,4,1
C006595,M,1,1,7.588432734559946,66.89474138792976,68.10619937201284,6,0
C006596,M,1,1,2.7292382073649506,65.75791084807497,40.70784634890751,6,1
C006597,M,2,1,5.248496112395767,42.58095338236854,79.70994497243751,7,1
C006598,M,1,3,6.815423195976767,72.34091221438466,70.43154071336079,4,1
C006599,M,2,1,4.357584497412253,74.24927632260756,33.945717070455004,4,0
C006600,M,3,2,6.168945450484189,76.66952038349596,89.18771911428087,1,0
C006601,M,1,2,3.779881040242762,67.57029476118343,55.000426793338626,7,1
C006602,M,1,1,6.892370518112694,81.29717787181639,40.91900401951973,2,1
C006603,M,2,1,2.3257510711514513,72.51606921718239,37.01985412826846,3,0
C006604,F,3,1,0.5866431707991775,59.03910509859338,31.803445857805514,2,0
C006605,M,1,3,3.1664564210695625,64.29802892882465,51.333462759481186,4,1
C006606,F,2,1,3.8067036471825206,56.6352437272089,46.58630392410705,5,0
C006607,M,2,1,4.96262313319811,50.37729076160445,39.84878701390774,4,1
C006608,M,3,1,4.9922483453538895,75.69021919831641,54.2955372238922,8,0
C006609,M,3,1,2.439288584404963,61.353341820513,87.43390242480218,2,0
C006610,F,2,1,1.8032299097741742,75.54397795276414,47.40641991797504,7,0
C006611,M,2,3,7.578157409880761,93.14045626290809,54.093001917933,4,1
C006612,M,2,1,3.6970264676666935,80.83826685573054,70.23997019195832,8,0
C006613,M,3,1,2.953403915123011,50.72235219443972,92.46335592117183,5,1
C006614,F,2,3,4.70161068628434,56.69764408176991,63.36174144194766,4,0
C006615,M,2,3,1.8664521613327043,73.73257374765728,68.22862050221113,6,1
C006616,M,1,2,2.4272554229620695,71.43786795005389,75.1797981437949,5,1
C006617,F,2,3,5.742127233230065,85.045052641023,68.75376961440153,5,1
C006618,M,2,1,1.7681186813644083,59.675576386892324,30.105023593570436,2,0
C006619,M,3,1,1.075710722407333,46.209195267184825,46.18514973447934,2,0
C006620,F,1,2,3.2176223572882092,51.2370618447455,72.69078229284821,5,0
C006621,M,3,3,4.56988706365743,82.99328702612979,50.32950174299506,6,1
C006622,M,1,2,7.0243462356262345,67.56363098047053,36.56608593641111,4,1
C006623,M,2,2,4.749122327598933,77.66894957595402,55.10809991774044,5,1
C006624,M,2,2,5.135453590194291,60.10767368194118,69.9109662588083,3,0
C006625,F,2,1,1.7501283925657267,54.20287103184946,69.16606541997446,7,0
C006626,F,1,2,4.411016908561455,75.03686366541221,60.85172605438903,10,1
C006627,M,1,1,1.5376056128021451,45.25325961814225,26.768165453501297,6,0
C006628,M,1,2,6.013916016018354,72.50973948439362,63.69150560811123,2,1
C006629,F,3,2,4.2498392129460125,89.51495529175116,36.695934120716885,4,1
C006630,F,3,1,3.8860383542711374,31.275127638037226,70.00771466168483,3,0
C006631,M,2,1,5.112452320721841,51.086739035090815,66.68636282622793,2,0
C006632,F,2,2,2.9206000150425293,64.82699525883709,50.15325242412178,2,0
C006633,M,1,3,2.932965329006818,58.15728688638352,35.76220547947481,4,0
C006634,F,2,2,1.9079681967821136,63.25956328620025,80.4154164256748,5,0
C006635,M,3,1,7.9183977218799875,98.32196426695326,65.2837356086777,2,1
C006636,M,3,2,3.498716552048703,55.35296765881904,43.205927354291525,1,0
C006637,F,1,2,3.304790706613444,61.95903066655782,86.55290880369603,3,1
C006638,F,2,3,5.526229298796078,50.31531823850776,60.788184651646745,7,0
C006639,M,3,3,4.025675128982533,44.03999242450577,48.35813284051424,6,1
C006640,M,1,3,0.0,71.68081820755799,79.08041130177679,7,0
C006641,F,1,3,8.45007426483783,40.76578638324156,74.3703013830649,5,0
C006642,M,2,1,2.944744650203365,45.53299868659097,70.58979192472938,3,1
C006643,M,1,1,2.1526315403988607,65.68433746152071,64.45880050258023,5,0
C006644,F,1,1,3.642123544339197,73.81491447354898,39.87245856612573,3,1
C006645,M,2,2,2.8645289509453304,51.993434152100576,40.79412488121539,2,0
C006646,M,2,3,2.906725230305213,53.911072682638284,52.7721011853036,4,0
C006647,M,3,2,4.255781698840127,40.491606993110196,24.320622958912914,4,0
C006648,F,3,1,0.0,72.6443986990723,65.10333936636587,4,0
C006649,M,1,1,5.61655624357355,65.52997478500293,58.54190401852008,6,1
C006650,F,2,2,6.099127792909072,65.15193205627463,60.90390713562915,3,1
C006651,F,3,1,0.2830621919746146,45.32741687158784,88.16448236714942,6,0
C006652,F,2,2,5.002257088321775,77.1757614638687,39.38793017563851,4,1
C006653,M,1,3,2.116810385798134,57.49408408045153,62.4409806465776,5,0
C006654,M,3,1,3.0367713480243377,78.34232807660473,39.52331996462003,5,0
C006655,M,2,2,4.773796616137744,55.16139737999953,82.92399900454623,4,1
C006656,M,3,2,5.90610942363314,69.89372126707977,41.47767609870925,6,1
C006657,F,1,2,4.728339504233851,53.67848959146196,94.07486695154668,3,0
C006658,F,2,3,0.9437662944750622,79.42768626126131,42.624561301953264,4,1
C006659,M,2,3,4.141101767763967,46.856976874931775,65.5861035701762,5,0
C006660,M,2,2,5.076787293123843,69.51925023165404,69.18368848327252,8,0
C006661,F,2,2,2.300068675291762,46.68851521664433,75.55512325196894,4,1
C006662,M,2,2,2.1391802631275825,58.58663824639933,40.69506918144057,4,0
C006663,F,2,1,3.8428326901658028,74.58910480531965,38.622249369768596,4,0
C006664,M,2,3,5.261989345327761,47.88296106551732,51.62210550466388,5,0
C006665,F,3,3,2.7532085891901654,72.03265719071176,72.47269009300412,4,1
C006666,F,1,3,4.528948743987509,76.33190943151469,60.10419914195348,3,1
C006667,M,3,2,1.2267924863165556,34.978547759028714,79.44780638127475,7,1
C006668,M,2,3,4.595065321748415,72.13480435035297,44.99237309796926,5,1
C006669,F,2,1,0.0,81.88552092884413,55.44055291152165,3,0
C006670,M,3,2,4.6815968581212,53.775608210358186,58.61620242881059,3,0
C006671,M,2,1,5.9390794663225455,52.107985990411066,57.68305348709982,5,1
C006672,M,1,3,3.6328276510484474,40.61056272000849,70.59177726215854,4,0
C006673,M,2,1,5.226248138764221,50.5775637455844,82.29381794215206,3,1
C006674,F,2,2,4.539651060602008,80.28343338255735,49.43967125790739,3,1
C006675,M,1,2,0.9703202384183838,58.737642805266034,51.64550531000377,1,1
C006676,M,2,2,1.4016356852775496,72.49840171715692,65.37481202900769,3,0
C006677,F,3,1,3.203499777249029,55.632355327977045,66.02540768556993,5,1
C006678,M,3,1,3.673135127123746,63.318732516713155,79.42108627578757,7,0
C006679,M,2,3,2.278401793799706,83.6888478836141,61.69063421800997,4,1
C006680,F,1,3,1.3154774439882226,85.20076009652134,56.33750326542683,5,0
C006681,F,2,1,0.0,67.29349976811011,91.49459165892144,4,0
C006682,M,1,1,7.681866182413888,61.8829573759362,65.95089983770197,3,1
C006683,F,2,2,7.75036261264575,53.14375541255424,72.89784829389826,1,0
C006684,M,3,1,2.1410956056854102,77.03140351624225,31.611187280542104,3,0
C006685,M,1,1,0.8310227595673751,63.204239072202675,57.52362814036261,7,0
C006686,F,1,3,7.200980083478411,84.42895864294401,80.34157878801278,3,1
C006687,F,3,2,0.0,39.76221568374788,62.07140190496578,3,0
C006688,M,2,2,6.261326809235756,58.5220791428301,58.775163911718806,2,1
C006689,M,1,2,5.400891372482985,62.792338613270346,26.03960665403835,4,1
C006690,M,1,2,3.2308671872929597,72.6783439265732,57.65980356223175,6,0
C006691,M,2,2,7.064659364301059,45.6082503427456,82.54762743759453,5,1
C006692,F,1,1,2.5485419116060166,62.959547210161574,60.22806643089065,6,0
C006693,F,1,1,5.849104834024875,79.61162687215773,68.63034323454481,5,1
C006694,M,2,1,3.450740257022892,69.72135837499427,54.281039931566795,6,1
C006695,M,3,2,1.3233798185869272,70.01808066746418,54.119718554342256,1,0
C006696,M,1,1,8.494367331179333,52.803943651313716,61.13151757670035,5,1
C006697,M,2,3,2.4413533782696346,61.7395248858103,69.09227430322468,7,1
C006698,F,2,3,3.0555859485462022,49.629910282292144,74.09326862072636,5,1
C006699,M,2,3,5.789449988066199,80.19265806674112,72.8790398402774,3,1
C006700,M,2,2,6.728672257144112,71.34542763926726,54.10810681503576,3,0
C006701,F,2,2,1.098766690950201,66.92036501048764,63.88251172743901,2,0
C006702,F,1,3,7.169865221026901,67.66804442958099,37.263690786143144,4,0
C006703,M,1,1,3.9861505660145586,83.21227595612207,64.7010759246118,4,1
C006704,M,1,3,3.8066308692461797,95.26687767042796,24.05074500419002,2,0
C006705,M,2,1,3.6316453293867657,66.23082450910952,32.85392734875474,4,1
C006706,M,2,2,3.963214982833973,66.24134775763744,63.698363517941154,3,0
C006707,M,1,3,0.5694821235888754,70.95919373534541,69.73093149078159,3,0
C006708,M,3,2,4.894452453151489,86.79492933797775,38.27048028925495,8,1
C006709,M,3,2,4.449274265864738,76.63835266723953,70.04524677970022,5,1
C006710,M,2,2,3.191909020825205,70.99019424529911,57.075375137419044,4,0
C006711,F,2,1,4.452493686332587,76.59399708137855,80.44701720792632,4,1
C006712,M,1,2,3.5487440154646603,71.26151534161062,86.24119880900689,5,0
C006713,F,2,3,3.8370702745363667,44.066612373312985,19.79227046179382,3,0
C006714,F,1,3,4.918785021295509,81.05666521750409,94.63222648272202,5,1
C006715,F,1,2,3.5029714054635583,53.06640499892147,76.5117054804368,3,1
C006716,F,3,2,2.2899087256121087,63.717221974172205,70.94972077458448,4,0
C006717,F,3,2,5.669462284657284,53.392737402702046,54.08394243706732,2,1
C006718,F,1,3,1.634870104225826,61.06668647735229,69.39929692936627,5,0
C006719,M,1,1,6.313301758474053,68.59622618707762,66.68838204973463,1,1
C006720,M,3,2,3.243849059666318,85.38180286104956,75.54737816887314,5,0
C006721,M,3,1,5.92665868601281,58.68116926691391,66.66520624100589,4,1
C006722,M,3,1,7.163251947934739,86.95011607855739,70.22539899796291,5,1
C006723,M,3,2,3.869471714680446,40.97977252307735,73.61239383318456,4,0
C006724,M,1,2,5.91861246237718,46.536117352840776,25.335160639611303,6,0
C006725,M,2,2,5.3867379563543265,52.29226738078438,55.088433601200904,5,0
C006726,M,2,3,4.40216566195823,76.47548679163698,60.32023713124057,5,1
C006727,M,1,1,5.32596596528996,51.039510155060114,53.39283318157871,3,1
C006728,F,2,3,3.3842828104591733,46.29567261478496,80.55453063539662,3,0
C006729,M,2,2,7.612164867635666,91.94798724673703,89.39031291133469,4,1
C006730,F,2,2,4.185413998651868,63.01048374143641,62.83101207024461,4,1
C006731,M,1,1,2.393236596153833,87.31534759442738,62.77117846405632,4,1
C006732,F,1,3,3.045207266400675,80.47616923528038,62.331195196427856,4,0
C006733,F,2,1,5.952514679795839,77.09630563680409,32.07454271064587,3,1
C006734,M,3,2,1.9751237212995374,83.87648021850495,44.44321096776465,3,0
C006735,F,2,3,8.16238931277098,60.96163344256309,44.64425902821746,5,1
C006736,M,1,1,6.872343771138848,47.67826335236584,74.76036100323131,2,1
C006737,M,2,1,1.2914313452528359,72.76831062671143,53.1280012163634,3,0
C006738,F,1,3,5.701325447673493,59.71859469179173,58.848619909848395,5,0
C006739,M,1,1,1.8709005469692457,74.01976083438258,57.14360541862647,5,0
C006740,M,3,2,2.166202627617019,78.53479398848302,55.469282909698634,4,1
C006741,M,1,1,2.9683313125728685,52.91559388900852,97.80892166810722,5,1
C006742,M,2,2,2.366849661640166,56.129872714242005,62.08229669142205,4,0
C006743,M,3,3,5.595977010128609,63.665264157342,85.41694055508736,5,1
C006744,M,2,3,4.557923832172465,84.04877713259032,47.47935746350816,7,0
C006745,M,3,1,4.929832436770683,53.217512782603286,40.12887475988938,3,1
C006746,M,2,1,4.006621315580386,92.5115820672147,76.18644895719927,8,0
C006747,M,2,3,2.8386800971035475,40.329635291803456,62.945164289636274,4,0
C006748,M,1,2,2.854588977829982,89.28329280524768,71.44056057817424,3,1
C006749,F,2,1,6.432405166465651,68.59775522112336,92.59960384119614,2,1
C006750,M,2,3,3.2325775867242266,73.0164247915608,63.48397315625448,6,0
C006751,M,3,1,7.0704731079850855,73.63427249034214,67.15848817627322,4,1
C006752,F,2,3,2.6019792537482553,30.267493554642442,54.04125473198985,5,0
C006753,F,2,3,4.10116686998951,60.75176698968429,62.51103909548061,2,1
C006754,M,1,2,4.680655699416127,62.79676376807707,64.85703805057116,1,1
C006755,M,2,2,6.600266858941709,83.18088686034166,68.89763158862769,5,0
C006756,F,1,3,6.132599575045453,63.76467034089703,65.31327919479081,6,1
C006757,F,2,2,4.676266530903404,86.3810140085482,32.16512055365929,2,0
C006758,M,1,3,4.164289909749879,92.32267810477391,87.4972641501858,2,1
C006759,M,1,1,2.0008354499811363,73.80955703371421,61.61036565434698,4,1
C006760,M,2,3,3.5766300072567314,67.90967734489273,88.57305414014597,5,1
C006761,M,1,1,8.977986707120696,49.68200060787962,45.1651685573288,4,1
C006762,F,2,2,1.891322227852084,74.69371934384479,51.028380217884894,7,0
C006763,F,1,2,2.7624027893888083,60.456886355763174,56.35884713812954,7,0
C006764,M,2,3,0.959318224407308,86.16395278096101,52.61314610387624,4,1
C006765,F,1,1,2.3560021908613766,43.32386946772013,66.50761843356773,2,0
C006766,F,3,2,1.3970896603836356,55.200471067276446,79.64162838120518,2,1
C006767,M,3,3,1.3031750614027389,79.26444763225521,84.73733501356429,3,0
C006768,F,1,1,4.710237306317081,91.15426046694176,51.59661617158206,4,0
C006769,M,3,3,5.60697396694407,76.21041726332024,49.22528982037848,5,1
C006770,M,2,1,4.775875464625251,84.55522744634263,73.84035676034273,3,1
C006771,M,2,1,1.752304996983903,68.17143833245007,41.00326681992853,6,0
C006772,M,1,1,0.2950823921597139,91.0624746082162,72.07354535388997,6,0
C006773,F,3,1,0.0,69.24248314917301,55.74038248079583,5,0
C006774,M,2,1,1.3182707854491422,73.37256291064782,52.06021657434529,5,0
C006775,M,2,1,1.7428502412336693,68.86095293233097,9.356323830178454,4,0
C006776,M,1,1,2.9905382727813623,61.83760779695898,64.77126507152416,2,0
C006777,M,1,1,4.576971748551099,72.23461626266105,81.0168221187661,4,1
C006778,M,1,2,3.149099187538715,69.63005726216625,38.67139530803544,1,1
C006779,F,1,3,7.485777119619528,72.67377556622804,65.08795371423933,5,1
C006780,M,2,3,9.074807110311,32.23623341118727,68.99114630910142,3,0
C006781,M,3,3,3.76585877569915,52.83266585742382,50.49949280308857,4,0
C006782,M,1,2,0.0,58.06138226562136,67.76869304510228,3,0
C006783,M,1,1,2.8188874145630756,43.467210737746015,76.13636595674649,2,0
C006784,F,2,2,3.4130834351519383,51.83205455779567,63.293101885312026,2,0
C006785,M,1,2,5.5091457223384594,76.43319889791411,69.95763895949968,2,0
C006786,M,2,1,1.0605704540774212,70.55764580064923,55.30358457049379,4,0
C006787,F,3,2,0.42922868368773903,80.46681353525632,74.6195966835814,2,0
C006788,F,3,3,4.576490010904445,79.43767586013486,29.15560570243267,2,0
C006789,F,2,3,2.7969786861612134,80.62621019370431,73.86207471697237,1,0
C006790,M,2,2,2.762246533462602,66.41339505277708,82.17382796528616,7,1
C006791,M,3,3,2.064639165191047,86.0054295617032,46.48224358437927,2,0
C006792,F,3,1,3.1116758696716595,57.23007140420157,46.03491376568483,3,0
C006793,M,3,1,4.437991935117091,85.23541345105536,89.12686962596536,1,1
C006794,F,2,2,0.0,79.04440368867876,66.94765882342733,5,0
C006795,M,3,2,4.035995366477228,75.5242594068807,32.58206931417578,1,0
C006796,F,3,1,5.512718801958844,65.44795689400306,56.054110445697994,8,0
C006797,M,2,1,4.983745764019398,55.53069939136847,29.00739948547634,7,1
C006798,M,3,2,8.635899464238541,65.69923251433762,55.95929292093195,4,1
C006799,M,2,2,3.0374938117873356,42.884802723867736,59.48484154128872,6,0
C006800,M,1,1,3.7955889279642347,81.24817018811025,71.03291901054396,1,1
C006801,F,3,1,6.801817115676791,58.47233861050531,60.52397364164666,5,1
C006802,M,1,2,4.11888332483931,59.39541384540875,88.73706588646601,1,1
C006803,M,2,1,7.312065453321668,38.24708474158968,62.051617407814284,4,0
C006804,F,2,2,5.797068889713948,49.85952563663214,25.671465398091655,6,0
C006805,F,3,3,4.316465631065098,100.0,71.07419853283128,2,1
C006806,M,3,1,3.9747560725891176,55.93184493701681,61.93645400256952,4,1
C006807,F,3,1,3.4836213074913664,80.86859812412321,56.924552432445175,3,0
C006808,M,3,2,3.9236288582374557,46.12452506927883,78.99479932493293,3,0
C006809,F,2,1,2.1398490425037995,45.135941554669344,74.98471457558072,5,0
C006810,M,3,1,5.490285017955388,64.85561070010641,44.45269236521839,3,0
C006811,M,3,2,8.21146780696346,66.10282374061224,64.8786524849294,5,1
C006812,M,3,2,0.013975826318128437,56.10040604286067,87.35974587963497,3,0
C006813,M,1,3,6.593465820134677,65.0488679828444,61.392513126357834,6,0
C006814,M,2,3,4.532418264344293,53.495985326670294,36.82419867370857,4,1
C006815,M,3,2,6.297736692118381,83.3287565609111,67.13893694236732,2,0
C006816,F,3,1,2.708526321081354,95.28918239593048,54.40551168493821,5,1
C006817,M,1,1,3.600999837144276,80.80485575162591,60.59519397717182,4,1
C006818,M,2,2,6.784169824238054,44.629802978356565,42.747654942546376,3,1
C006819,F,3,2,3.891555184144766,71.80753746402215,66.05271716916184,3,1
C006820,F,3,2,5.8149899990183345,56.386248912718685,49.56348982783872,3,1
C006821,F,3,1,2.7054212975933556,56.377863241146514,74.53243164864104,6,0
C006822,M,3,1,3.5636947608756664,75.74366146528163,84.31226876988494,3,0
C006823,M,2,1,5.1205068469754424,66.70985232562218,63.35548708348815,3,1
C006824,M,1,1,4.890268979223976,66.80484859354846,42.88622562125565,2,1
C006825,M,2,1,5.819144745874556,65.7815913049596,46.41620452849198,4,0
C006826,M,2,2,3.2498835036189093,51.58246314853509,63.191347736469915,5,0
C006827,F,3,2,3.9999548419357613,49.811467278670946,65.74557206945448,3,1
C006828,M,2,1,6.132149004310927,60.81386583967585,50.52246690899659,5,1
C006829,F,3,1,7.173765806137043,62.125622108992,56.39090351351811,7,0
C006830,M,3,1,2.1541893555019165,71.24275257960349,70.45409585227878,4,0
C006831,M,3,2,6.6136599473734154,78.3297751166565,79.26944197566408,3,1
C006832,M,3,3,2.3088904136209614,62.36731159634821,59.84576068106165,3,0
C006833,F,3,2,4.457128115448507,67.65827660750347,71.01000484971057,3,1
C006834,M,1,2,4.6208119546003426,78.79968757926862,59.928141636562344,5,0
C006835,M,2,2,2.927937307491848,61.24444439442826,65.64330039407766,5,0
C006836,M,1,1,3.609384572911251,71.48339628614846,48.27664405449374,3,0
C006837,F,1,3,0.10778659846167482,68.2596798073421,67.03963505914095,7,0
C006838,F,3,3,5.5944916940907765,60.2122074817874,84.6015775945806,8,1
C006839,F,3,2,3.3892992212834034,45.949938274507346,66.5999886084351,3,0
C006840,F,3,2,3.907894837466536,50.81422212011496,67.55079080440358,2,0
C006841,F,1,3,2.7408138592648474,80.59836212886947,43.97137226731395,3,1
C006842,F,3,2,5.601709223163182,40.76394705379354,66.1434642202646,5,0
C006843,M,1,2,4.407644958933328,91.63757016193651,23.018610642763598,6,0
C006844,M,2,2,1.471843133588521,54.850608162896435,71.77020372840518,6,0
C006845,M,2,2,3.7526161554639685,38.46606111638716,85.89161615165776,4,1
C006846,M,3,3,1.7228812548896988,56.878918242366076,50.448576487177505,6,0
C006847,M,3,2,4.044775785424861,31.193202367965746,55.70678058129344,4,0
C006848,M,3,2,5.502093334952368,39.404143341357056,77.20471443984346,2,0
C006849,F,2,2,4.423878869026406,66.49074968329882,45.19622776427124,5,1
C006850,F,3,2,4.955579473708438,41.515655508599124,68.42735821644202,5,1
C006851,M,2,1,6.3256391290273815,42.276064865299084,46.488562924892165,4,0
C006852,F,3,2,2.198939369578197,65.81133314250148,70.31631695310959,7,0
C006853,M,2,2,3.0349976147703606,66.09538331496843,55.62969977890453,1,0
C006854,M,3,3,0.04039886574728646,72.46364818999582,10.42828379365909,3,0
C006855,M,2,2,3.165119106127559,68.45342314104062,41.09140892731577,2,0
C006856,M,2,1,2.6507285850148925,64.13675026886915,58.31776399221018,5,0
C006857,M,3,1,5.4388245562856685,73.5446194730686,93.60598910570263,5,1
C006858,M,1,1,5.0149654257067535,78.60366606858966,55.60778043869343,7,1
C006859,M,3,1,7.301914593752476,65.93564490347121,47.10485898683699,4,1
C006860,M,2,1,2.8968848286384405,72.5931417019783,65.60078336534328,5,0
C006861,F,2,1,4.872527046824192,25.754031487722266,4.509742462570983,4,0
C006862,M,3,1,5.6287016068722755,58.394432747172544,82.9484315481065,3,0
C006863,M,3,1,9.04087767453984,86.54639983573816,71.09592569066963,3,1
C006864,M,3,1,4.958237878207144,56.547398929116255,50.90713710151833,5,0
C006865,M,1,3,3.8942897973641637,72.51723933200654,73.01113106771234,3,0
C006866,M,1,3,4.276398382144318,68.46725502643639,65.42509161141635,5,0
C006867,M,2,3,5.023672348216674,55.525356001359874,57.60575093668292,8,0
C006868,F,1,2,7.021436750459134,71.75147753341129,69.83806304698535,3,0
C006869,M,1,1,3.0639019860859578,58.113026756033115,58.4230904937946,3,0
C006870,F,2,2,2.4359662052699242,57.598930526232074,63.04583261037324,7,0
C006871,M,1,3,9.768198591719344,57.43373110032569,70.00007762658998,4,1
C006872,M,2,2,1.5210039272240512,51.93343501910155,53.21610567648813,4,0
C006873,M,2,3,5.882398415065943,49.919239295433634,57.727987607465366,3,0
C006874,M,1,2,4.9157264638578955,57.63753940333207,38.9587681990065,6,1
C006875,M,2,3,4.708350050328196,65.95746221156085,36.863958374401506,2,0
C006876,M,1,3,1.2992270427994606,59.2728982820977,29.404727107611713,4,0
C006877,M,1,1,9.959955853390047,58.29017300481299,66.56073211292751,1,1
C006878,F,2,3,4.388221858251519,100.0,54.344061709177865,2,0
C006879,M,2,2,2.8666991367889745,75.82718732975374,38.813810038242295,3,0
C006880,M,2,1,1.0747011152669663,40.20445878971786,53.07686021235991,3,0
C006881,F,3,2,0.0,68.75266175644892,40.911448540318176,3,0
C006882,M,2,2,5.549121610258289,69.34554693584107,63.30059983839442,3,0
C006883,F,1,3,2.1572378589444345,100.0,77.75608633166513,3,0
C006884,F,2,1,3.410153450936546,70.07068962452665,83.89277097223247,2,0
C006885,F,2,2,2.6747105108328,96.59449927758163,57.21732566980949,2,0
C006886,M,2,3,5.1831854331721345,58.961762685987566,56.81707009349181,5,1
C006887,M,1,1,4.85698279420075,53.34150468199076,27.511897838436184,5,0
C006888,M,2,3,5.654551989725649,47.6510857356623,33.69395795287097,3,1
C006889,F,3,1,5.738496597660591,78.24050779838156,84.03851413936181,2,0
C006890,F,3,2,2.424832770866157,51.2605705964335,63.12830742231522,4,0
C006891,M,2,3,1.037345577620115,55.282188488862545,80.22591701305646,5,1
C006892,M,3,1,3.6733625763384614,72.71247201733719,26.073710496872074,3,0
C006893,M,1,3,5.1381535566717265,60.10220294517048,58.63276969368335,2,0
C006894,M,3,2,4.238185269363586,67.27344349893582,28.77504090040256,4,1
C006895,M,2,2,0.0,46.144155366051734,20.952132587288666,2,0
C006896,F,2,1,4.126467204240397,29.245510973810326,43.887086696959415,5,0
C006897,M,3,1,1.7987345140559277,84.2745591078493,92.81048490312791,2,0
C006898,M,3,2,4.0486931005162425,82.3805163651286,45.491972026456324,7,0
C006899,F,2,1,6.1219481978083,61.29736421965123,82.52302922839793,5,0
C006900,M,2,2,0.0,66.57654879363349,55.3583252002576,3,0
C006901,M,1,2,7.31565370129306,50.901805521860915,82.1516906543646,4,1
C006902,F,3,3,1.6987145682264075,61.07997056530667,72.26505515961752,4,0
C006903,M,3,1,6.190997026336619,100.0,83.72699507574063,2,1
C006904,M,2,2,5.850275866155037,91.88783415117535,51.42762355602888,3,0
C006905,F,1,1,3.337406811915098,69.22220413631045,64.80007572497632,5,1
C006906,F,1,2,4.999800081918324,36.46366103071192,62.15674243764521,6,1
C006907,F,2,3,2.456749269546867,72.84713063913581,100.0,4,0
C006908,F,2,3,0.20301864536339576,61.04224088419139,76.17616446463832,4,0
C006909,M,2,2,6.503025727251579,58.80317147196367,57.40995716385643,4,1
C006910,F,2,2,2.4970298791745167,64.91399904153884,96.59904932272605,3,1
C006911,M,2,3,7.961707419584904,93.92979203262254,98.09183364440344,2,1
C006912,F,3,1,5.942646780347145,67.22577100106909,48.426807381461224,3,0
C006913,F,1,1,2.1418652836904077,79.96977787306659,65.0298964088342,6,1
C006914,F,3,1,5.29482128116295,71.4255819449295,53.137438651460585,4,1
C006915,F,3,3,5.161331013773861,70.95472050615648,31.675706836144343,3,0
C006916,M,2,1,7.789579400261275,75.04039094789124,63.29950735566014,1,1
C006917,F,2,1,2.9243102865228012,58.78559392208999,5.034432216243715,5,0
C006918,M,1,2,3.4890084810103055,44.70489258578454,61.451353630865455,4,0
C006919,M,2,1,4.953232264198185,88.99498668845851,59.065419229302094,3,1
C006920,F,2,1,4.039955011347129,42.20242966812742,58.8583077341287,2,0
C006921,F,1,2,0.9414210930327918,69.39491809840948,56.16606890025851,4,0
C006922,M,3,3,6.232644698167952,92.28035525358311,52.23276524752836,4,1
C006923,M,1,2,7.515999858660978,70.24284907999376,29.241981138636593,4,1
C006924,M,1,2,4.3373169074010285,74.08780334771002,34.78583886714584,4,0
C006925,M,1,1,1.2001648757790342,74.09294034144543,58.97124105514554,2,0
C006926,M,3,3,3.751159760572689,82.55727150130228,59.101876956521465,6,1
C006927,F,2,3,1.9995241546355373,85.4390822948851,75.48111100656327,3,0
C006928,M,3,1,3.429914913745184,43.57239755739536,51.44927141473038,6,0
C006929,F,3,2,4.407967638364148,84.76167570961096,40.664733220022306,6,1
C006930,M,3,1,5.443306885874608,64.10739728383989,54.398505357432676,4,0
C006931,F,2,1,7.091355963403977,53.67501835441476,20.395239536862427,3,0
C006932,M,2,1,5.379645766761591,48.89585938288578,63.17983274045861,8,1
C006933,F,2,1,1.672434067132147,68.88499660945533,70.30367829182175,5,0
C006934,F,3,2,5.500098703753122,56.64144792330845,83.76995762083459,4,1
C006935,F,2,3,3.371372225163427,66.15996776699613,64.96792889766762,3,1
C006936,F,2,2,3.6195245290402913,64.97778440608054,39.68537121313567,3,0
C006937,M,3,1,3.9691331757455464,69.39943763876029,47.53704217316965,4,0
C006938,M,1,1,4.297160912357594,76.97165901781602,56.67813859410721,7,0
C006939,M,3,2,6.227732463922305,82.68078693052176,47.32502401237175,3,1
C006940,F,2,3,5.0930130697434866,82.36135486316661,38.86163238859304,4,0
C006941,M,1,1,1.391857354454491,87.78337234356863,49.0546949294992,7,0
C006942,M,2,1,0.6953697105092913,61.09473264798262,77.41281831717417,5,0
C006943,M,2,3,5.4304405503908,54.036390709808806,66.69322477402437,3,1
C006944,M,2,1,5.185128708028467,63.73280811607928,75.33406083778175,5,0
C006945,F,1,3,6.7744752425790935,57.65945058040163,45.78943581638235,3,0
C006946,F,2,2,3.783368624881439,45.3150391848342,84.67117114547527,2,0
C006947,F,2,2,4.6159929081416475,61.14815228610194,66.2189972426007,5,1
C006948,F,3,2,5.050344721321264,75.31220740039602,67.23669647650321,5,1
C006949,F,2,3,0.5803488361911819,83.15797037253705,58.96376946720639,2,0
C006950,M,3,2,0.4530458765483525,63.59016093654475,15.424754552100374,6,0
C006951,F,3,2,5.618956554605483,81.2175668114172,84.78725957109924,4,1
C006952,M,3,2,4.8122992225596235,65.09861343744976,65.4630247547292,6,1
C006953,F,3,3,6.962805857441735,29.267404048977163,41.628511458381155,3,0
C006954,F,2,2,8.05622989098077,44.60043700972776,97.25228911296448,5,1
C006955,M,3,3,3.3391201153587846,71.1122518252011,60.304069499900216,1,0
C006956,M,2,1,3.2245202100054287,37.838066238574285,53.26838146295787,4,0
C006957,M,1,2,1.0155384145201252,44.97372849498634,42.39646550879872,1,0
C006958,M,2,1,5.139774970320495,42.12978320880737,48.62379375500966,5,0
C006959,F,3,1,0.0,61.84708312209729,31.022341752636066,6,0
C006960,M,1,3,1.8652871427749593,68.55300975529148,51.93058485954203,4,0
C006961,M,1,2,4.679031564037302,39.35151850340763,57.681412697363925,3,0
C006962,M,3,1,2.5504909047084805,76.31936351048951,69.94437654858285,3,1
C006963,M,1,3,3.8960305796098798,65.13311515552968,27.212897174175545,4,0
C006964,M,2,3,3.544560977422055,45.154760211419365,45.48526602827381,6,1
C006965,M,3,1,1.5536469351735538,65.56526313887241,37.740984992054415,3,0
C006966,M,3,1,0.0,53.634169681158895,76.25454809988923,4,0
C006967,M,2,2,5.540184602391641,53.42060906911807,72.10296413979084,6,0
C006968,M,2,2,3.6087359828966044,45.96854540045504,25.591170541324246,3,0
C006969,M,1,1,4.747059185206344,64.70885536421981,55.004676532761984,4,0
C006970,F,3,2,3.8712652149227154,61.209483898232754,85.16994901943995,4,0
C006971,M,1,2,3.8320682197132703,61.064594223818744,73.24796263988867,3,1
C006972,M,1,3,4.359690568712055,63.071767265171175,53.73294833411797,3,0
C006973,F,2,3,3.576825995547945,68.50669418566223,67.67467998498907,5,0
C006974,M,2,2,3.255217354008362,61.971315768703285,74.33063340342713,3,0
C006975,M,1,3,1.7889454453459521,35.16699705602313,91.72450004423027,4,0
C006976,F,1,1,9.461510949388579,64.24861143835035,52.17364077331357,3,1
C006977,M,3,1,6.215329031273801,50.45162943041167,84.49379567298112,3,0
C006978,F,2,1,7.280227236022309,81.81789566566253,50.09259852191982,6,1
C006979,F,2,3,6.791891584975458,71.37668925324084,49.21315944706559,4,1
C006980,F,1,1,3.3856893533783268,79.79327531174901,56.6921136404067,2,0
C006981,F,3,1,3.6001640535822865,56.766570004650625,62.87203606884513,3,0
C006982,M,1,2,4.006310905704633,78.34235838884362,73.57578583253942,5,0
C006983,F,1,2,3.1988231294756013,48.170888543168445,58.263858494574556,3,0
C006984,M,3,2,5.931388553723782,64.66519324494672,50.8325973856996,4,0
C006985,F,1,2,2.210391331723259,51.313664042196066,44.56632165188864,8,0
C006986,M,1,2,1.6529245633784755,73.9098500626089,70.67441727281766,5,0
C006987,M,2,3,1.147930699008953,90.79425422778478,60.699940177698664,5,1
C006988,M,2,2,3.2871584799083324,70.22614407248854,65.31509118169707,4,0
C006989,M,1,2,2.9618806223334513,42.55094567652165,67.10463209000413,3,0
C006990,M,2,1,2.638617166618266,54.833522209913546,85.10217187755049,2,0
C006991,M,2,2,4.184249103928881,100.0,80.14508786532217,7,1
C006992,F,2,2,1.4351235638325592,77.28118089357301,73.47046506451665,6,0
C006993,M,3,3,5.63300878170314,53.38939679456868,57.268660487509706,3,1
C006994,F,1,2,1.5865245799448369,78.78570481545252,36.97132886906721,4,0
C006995,F,2,2,1.4200922738432236,66.8435117757732,51.35167158202161,5,0
C006996,F,1,2,2.5838876565391335,100.0,58.354354384045884,5,1
C006997,M,2,3,3.6962361261715038,66.04978971347676,47.69741143277901,6,0
C006998,F,2,3,5.89318445476521,61.16350079135634,70.167260079825,1,1
C006999,F,3,2,3.8357869368970707,63.914019225678025,61.20757654350647,2,0
C007000,F,3,1,0.4697155905065227,59.168995597535215,43.829439624832624,6,0
C007001,F,2,1,5.072565712423001,54.26606202040905,84.47864324566875,5,0
C007002,M,3,3,5.030292195721007,48.12647274388397,67.95016288945955,3,0
C007003,M,1,2,2.7232011069839235,57.804602796030636,61.817891973798446,6,1
C007004,F,3,3,4.375864821161363,76.53396654330786,79.58511828014304,5,0
C007005,M,3,1,7.1560913377762585,61.148565087676594,45.82986359363572,4,0
C007006,F,3,2,2.098777071455405,56.34918657207981,48.79370261376553,2,0
C007007,M,2,3,6.113090060357221,45.111438015334684,53.539135437499894,4,0
C007008,M,1,2,6.784215053517824,75.56660403401023,69.43805944311359,3,1
C007009,M,2,2,4.386831563643455,89.1394730506549,65.9412438247341,4,0
C007010,M,1,1,1.2962477877532694,52.28521986173162,100.0,3,0
C007011,F,2,3,6.875210501728341,55.4391114321153,42.5519807282749,4,0
C007012,M,2,3,6.015181114430713,51.18031764001494,61.56382878432067,1,0
C007013,F,1,2,5.206446648262478,77.27820521044785,55.21927320096368,2,1
C007014,M,1,2,3.8847448756319003,80.62709078431982,67.96556410425806,3,0
C007015,F,1,1,6.546242283557538,67.29783749460886,75.61814717580052,3,0
C007016,M,2,1,2.129856039520027,47.17175767350008,64.19494172986707,4,0
C007017,M,2,3,5.885669431112659,70.85186218398053,66.63690482029374,3,1
C007018,M,1,3,3.292276370577519,68.5142910682832,53.531994430897555,2,0
C007019,M,1,1,0.31182647341656144,70.00464370454435,89.41609468323834,3,0
C007020,F,2,1,1.7898717396819817,49.33217292560849,51.51240030734305,3,0
C007021,F,2,1,4.888639746863801,48.31931413529135,3.6248441957565802,4,0
C007022,M,2,3,4.488825754939338,40.64848480129949,49.23282327795622,1,1
C007023,M,2,2,4.975167768379418,82.2886016289022,100.0,2,1
C007024,M,3,1,3.192485109306861,82.76740744757939,38.70979087085984,3,0
C007025,M,2,3,4.464254698621895,40.722309860179834,68.66790979845811,6,1
C007026,M,1,2,5.376030893408286,53.03163318158652,45.63033877696688,8,0
C007027,M,1,2,9.191864408761695,53.107323160008065,68.37993424534594,1,1
C007028,M,1,1,3.137307050057884,78.637881871791,79.91013187773638,2,1
C007029,F,2,3,6.254417641599176,66.29889197185956,51.755879507939554,3,0
C007030,M,2,1,5.422502314817351,88.1345644622979,83.03674744154998,3,1
C007031,M,3,1,4.269825084590947,60.630322031345585,79.49563387631277,4,1
C007032,M,2,3,1.1370324758623696,44.902913137330984,65.74049629960068,5,0
C007033,M,3,2,7.057721607547634,53.954671294036835,58.69973624904957,9,0
C007034,M,3,3,4.547442630724557,51.34726595285427,55.989395044308026,3,0
C007035,F,1,2,2.700029298513595,80.77515470680251,45.350285283885555,3,0
C007036,M,1,1,2.054325813953225,93.83983915409537,39.774445243293926,5,1
C007037,F,1,3,4.574205554733675,72.3549972425108,70.5190424670394,3,1
C007038,F,1,1,1.936660700071668,54.54428857206896,66.1987514356566,3,1
C007039,F,1,3,2.7488561386903267,68.84891878668256,67.48126456907923,7,0
C007040,F,2,2,2.6989644296826434,40.522533478574914,78.16875472378099,2,0
C007041,M,2,1,4.101571895462187,61.99180866851854,59.58030035367963,2,0
C007042,M,2,2,5.321079719081803,39.89479766123404,84.0609837595149,3,0
C007043,M,2,3,3.301073906141995,72.21429283593399,30.6596048312792,5,0
C007044,F,3,3,3.532318201222591,62.50271783943259,92.34175306513677,6,0
C007045,F,1,2,4.238181843400885,77.29632806218906,59.437701800371336,4,0
C007046,M,2,2,2.3532274798943913,76.1282196284742,47.31717625861202,3,0
C007047,M,1,3,2.708081466532365,56.67269003237078,57.978041341665225,3,0
C007048,M,2,1,2.9718786751631203,80.22205164486327,88.47228259754769,3,1
C007049,M,2,2,4.633638494049086,47.242516861366106,48.10420890691097,2,0
C007050,F,1,3,7.539338475253443,100.0,61.77763200909958,2,1
C007051,M,1,1,1.2594730692309684,44.8951906849674,41.37228646631122,6,0
C007052,M,2,1,4.526121196677664,76.18059611029305,67.23209966541305,3,1
C007053,M,2,1,3.4950019995042556,83.65339787621662,82.54885526044002,5,1
C007054,M,1,1,3.626480517986157,67.7015733458518,65.16819252707158,2,0
C007055,M,2,2,2.926391827535097,49.50358798408052,53.484974878670286,4,0
C007056,F,1,2,6.510740086539059,53.387086779165195,52.63605038473743,5,1
C007057,M,2,1,0.0,49.66693465566449,62.02449892846071,6,0
C007058,M,2,2,1.5015762511805981,64.9247085924669,69.85965833573124,2,1
C007059,M,2,2,6.398024741064947,76.88042051473711,75.65024087416154,4,1
C007060,M,2,2,6.562633637333211,72.25530775236075,41.26857418413958,7,1
C007061,M,3,3,7.871891325868047,65.83297147432467,51.27685106787322,4,1
C007062,M,2,1,4.674595897500527,44.05042656061937,86.06678581479086,2,0
C007063,M,3,2,5.060841197218895,90.51690582176923,68.96344130644376,5,0
C007064,M,2,1,0.0,62.37392630575523,62.6561146970497,1,0
C007065,F,2,2,4.006456978495024,59.297898639238305,74.1023816092914,6,0
C007066,F,3,3,5.231035604847795,68.46005662322857,17.89678809015374,3,1
C007067,F,3,2,2.92657862688265,40.12593584028134,72.11758850748717,4,1
C007068,M,3,1,3.7971480992243434,64.12966811412046,100.0,2,0
C007069,F,2,3,6.710810491029444,61.866192011098306,61.357664424859884,3,0
C007070,F,3,2,7.204861110590526,62.43127550889062,65.03197695938788,2,0
C007071,M,3,1,4.550675339688235,83.30608424929176,54.13079124582758,2,0
C007072,M,3,1,3.8881228902977463,46.246906335685736,42.80745955154617,6,1
C007073,M,3,1,5.603628534901287,64.41938585993343,51.05730075589224,4,0
C007074,F,2,1,3.187257608264029,55.7567841991614,76.14180829565154,6,0
C007075,M,1,3,6.296919829226855,61.76324509001171,70.19498986244157,4,0
C007076,M,2,1,2.845226236126651,77.4767995177442,44.31772914946458,4,0
C007077,F,3,3,5.6500121132210115,63.07014065885282,48.620317147241664,5,1
C007078,M,1,1,3.9566910487031977,60.88139684475016,48.973922107085855,4,1
C007079,F,2,3,2.6379201950473217,29.760381455755024,62.989351635431426,7,0
C007080,F,3,1,4.790204176486462,76.76811084664735,56.42946348900529,3,0
C007081,F,2,2,3.136953838799532,40.65253432066491,58.75024841804027,4,0
C007082,F,3,1,6.1874117303807825,57.93872770417509,40.66519654407883,7,0
C007083,M,1,3,1.8124964736072857,52.15368020748926,89.22277862428163,5,0
C007084,F,2,2,4.49428932890789,30.78094121591414,65.39331942302803,7,1
C007085,F,2,1,2.389412376079146,67.0844955373837,50.592571841128965,2,1
C007086,F,2,1,6.642502712264976,58.67260666927296,45.678553214788856,5,1
C007087,M,2,3,5.572289048361038,72.70139481999838,53.07669372436603,6,0
C007088,M,1,2,3.901466316402133,73.1670757418761,81.07831392538242,4,0
C007089,M,2,3,3.9663656713537137,74.22712564036945,87.16022364564469,6,1
C007090,M,3,1,7.705680833473826,72.60557128627427,48.59006967216713,4,1
C007091,M,2,3,5.670038235420079,72.39510293437846,52.118902440170686,5,0
C007092,F,3,2,2.337264304902047,79.32147957797697,29.90665384831202,4,0
C007093,F,3,1,6.056351077242791,70.38164142711827,31.005162038794378,2,0
C007094,F,3,2,2.761958985762686,68.21776925444648,62.406414400135816,4,0
C007095,M,2,1,4.336600152878893,62.49142400043471,54.34086987938391,6,0
C007096,M,2,1,0.0,68.86720508286554,53.53082631925494,5,0
C007097,M,2,2,5.792864543588199,72.79748584892876,51.08099110649155,3,1
C007098,M,1,3,2.526718185659129,72.36072332704647,65.77722777397388,5,0
C007099,M,1,1,3.5432520952062974,62.3042635136078,62.33690304461077,5,0
C007100,M,1,2,0.9351270005451746,96.82919633721119,78.73809123597826,3,0
C007101,M,2,1,4.396840511500076,87.96971133894769,100.0,3,0
C007102,M,2,1,4.155014941472603,52.699462950600726,40.732198602142205,3,0
C007103,M,2,1,1.1963595852377815,64.87204159161406,37.762205011257535,5,0
C007104,M,1,3,4.071771837342468,89.16223587508857,89.08374956142711,7,0
C007105,M,1,1,3.41659763011828,51.701407855403495,58.96476583585497,4,0
C007106,F,3,1,6.692677103589254,46.454258576172634,74.53007642018093,2,0
C007107,M,2,1,2.4413325084792814,100.0,39.80683116645071,5,0
C007108,M,3,2,5.053779904318443,57.70168319263981,40.92460606130445,2,0
C007109,M,1,2,0.7650367214861595,34.6979416838954,75.61424383196871,4,1
C007110,F,3,2,4.175991950560056,52.65284235576155,37.48756228686089,4,0
C007111,M,2,1,4.786680474897937,58.5657930884009,85.85073016388831,1,1
C007112,F,3,2,4.896316460324265,77.13270078330396,75.19647878365966,3,1
C007113,M,2,1,3.7386611591967984,65.49161848180597,47.64757572125211,1,1
C007114,F,3,1,7.80989272273659,43.82928913258338,88.04511709098145,6,1
C007115,F,2,1,3.2067124314768294,20.91467306182726,69.79974797167817,5,0
C007116,M,2,1,5.059813792777076,72.3165519298541,56.40121832105364,3,0
C007117,F,1,2,3.3073785570141214,65.88776150687931,61.713203686838185,6,1
C007118,M,2,1,2.1565686281651915,83.06973187320153,25.219115438433022,5,1
C007119,F,2,3,1.3871898836995942,55.42549238537105,35.991324610393384,5,0
C007120,M,2,2,1.988298982378108,60.888766448394236,73.96119552217081,2,0
C007121,M,1,2,5.329487144321218,56.83755394570423,63.983245833585606,3,1
C007122,F,1,3,6.919541393720495,55.73158394776678,86.38198334743294,7,0
C007123,F,2,2,5.322797084031859,70.67519481546742,67.16476676323816,7,0
C007124,M,1,1,3.2629534077933995,58.05688200596891,38.47838611682001,3,0
C007125,F,2,3,2.617759292258808,39.65039350210661,41.43126603941237,4,0
C007126,M,1,2,4.361348240041935,84.59931068305247,45.298826328082335,8,0
C007127,M,1,3,1.709070898189847,68.21356600935248,49.51206954653895,2,1
C007128,F,1,1,5.9442905956556,74.78543501361764,62.80562005807087,6,0
C007129,M,2,2,4.812873619606796,84.5702638292115,81.41402046699972,3,1
C007130,M,2,3,1.8709474231473053,61.781519276685586,71.30777213020968,4,0
C007131,F,1,1,7.281019254992288,61.858880719806194,82.72886330263451,2,1
C007132,M,2,2,1.3464049642567781,48.72775123852378,67.29786779674261,4,0
C007133,M,2,1,4.113869010471717,77.77911846922048,52.45247145345968,2,0
C007134,M,1,2,5.834302439088306,41.61847741096519,35.04894723137926,4,1
C007135,F,2,2,5.615526526850391,67.92516616527158,71.36206672360582,6,1
C007136,M,3,3,2.625009648726317,72.74527797188688,58.30287679010068,4,1
C007137,M,3,2,3.0929621121475304,45.14593193935995,74.26953288093559,3,0
C007138,F,1,3,1.8973774952227758,83.42377829514373,49.13101590822532,3,1
C007139,M,2,2,4.481333052561067,35.196569602955634,89.40904720132224,3,0
C007140,M,2,3,5.804195357340518,45.068299094668525,89.488232805931,3,1
C007141,F,1,1,0.0,64.48421523655904,44.302329596034426,3,0
C007142,F,1,2,5.222915812265798,75.69332390860865,65.92345279491047,4,1
C007143,M,3,1,2.9177390065270026,44.48054439194782,31.740692563891958,6,0
C007144,F,2,2,3.795431296471787,75.85262091407614,45.235635966296485,3,0
C007145,F,2,3,1.6573748921850293,77.26459881592943,44.275706477778705,4,0
C007146,M,2,1,2.6386610830320536,59.070875105955665,49.13385681679974,2,1
C007147,F,1,3,8.38310899507249,66.96032411182382,55.097624588271934,4,1
C007148,F,2,2,3.255705700740753,82.51538393868744,46.004655018614805,7,0
C007149,M,1,3,3.9760489523430134,87.8924612476488,62.76262269543944,2,1
C007150,M,2,3,1.9873209025022671,57.25819990839437,32.45269992828978,3,0
C007151,F,1,3,9.682269428623785,52.503958500170754,77.87117093033002,1,0
C007152,F,1,1,5.024986709841626,62.60508448348273,40.8689425975796,4,1
C007153,M,2,3,3.9526952506234436,48.78164796648635,57.17741327521894,2,0
C007154,F,2,3,6.024802350517863,83.76718693837994,52.353254755542935,4,0
C007155,F,1,2,4.780950781988502,72.33155035193218,78.51872842598756,4,1
C007156,F,2,2,3.621367020431535,64.93829211639478,54.09116345162364,5,1
C007157,F,2,1,3.7177670659817093,81.77194365717666,86.2498819162231,5,1
C007158,M,1,1,0.6136866790983686,76.59944099390916,66.44455542665513,4,1
C007159,M,2,1,3.1957782016416454,79.61556802659034,43.164751141264745,3,0
C007160,M,2,3,2.888293323963741,73.32493907366636,56.16373881966308,3,1
C007161,M,3,1,4.706322970209214,86.23036062582372,59.205453998266094,5,0
C007162,M,1,2,3.5341788785603234,44.4425155839038,73.21967074258303,5,0
C007163,F,1,2,5.508748211690081,72.83510856422069,63.03406717813327,2,1
C007164,F,1,2,4.219390726011872,88.56907654817813,56.00796570983383,4,0
C007165,M,2,2,2.1492803222402745,60.23996921898351,46.23995744536282,7,0
C007166,F,2,1,7.275242173860698,56.42222283075007,68.59687624694301,2,1
C007167,M,2,1,3.149444644918171,59.46395143520727,53.64282659939713,3,1
C007168,M,3,1,5.219333203948701,65.03009170070439,47.01667625294697,1,0
C007169,M,2,2,1.115624174617901,81.21226212817398,41.48598932978955,1,0
C007170,M,3,2,5.694307504586005,65.0878465505151,78.45979602869517,7,1
C007171,M,2,1,0.400954045767024,81.98696648098915,33.258674520725066,4,1
C007172,F,2,2,8.261605524485828,72.24658000885343,68.64385060838505,3,1
C007173,F,2,1,5.506381439485956,79.0542441090084,60.38160000483443,3,0
C007174,M,3,1,3.5214530978722633,65.73060632531636,50.160874637625774,3,0
C007175,M,1,1,5.25706159273259,61.35400624394333,47.09314621580004,4,0
C007176,M,2,1,1.2117474469251048,45.06651353980764,60.32875608837696,4,0
C007177,F,3,3,3.5549547034942064,28.52953469448326,50.325512177851785,7,0
C007178,F,3,1,5.638890930203147,59.11082582486768,49.615494114438604,5,0
C007179,M,1,1,5.260705618798678,27.102397949417195,77.8909968158795,5,0
C007180,M,2,2,3.9829631824295526,63.588730721308096,57.22609799155844,5,0
C007181,M,2,1,4.694236177536504,74.91774832324057,60.13428305211915,5,1
C007182,F,3,2,6.377459419101454,65.35443776477179,45.56174367631656,3,0
C007183,M,2,2,5.590641046750684,22.603980804525186,77.9052036413352,3,1
C007184,M,3,1,0.0,58.63311284856445,81.98733996936625,5,0
C007185,M,2,2,3.9829180673664464,72.82107003484953,63.93348000382672,10,1
C007186,M,3,1,4.041057686862592,83.7376997119637,85.69135019194431,5,1
C007187,M,3,3,1.2489155645032222,72.5315738487225,50.2121020303743,2,0
C007188,M,2,2,1.6772417572089777,64.60928773207787,76.54728496813144,4,0
C007189,F,3,1,7.293951064206523,71.71268193066003,53.17162007215126,4,1
C007190,M,3,1,2.402802325536341,92.33091710640954,51.32015845180507,6,0
C007191,M,2,1,3.0684577225338208,65.07443498900848,85.1734033571336,4,0
C007192,M,2,2,2.240662802162401,42.36115039071417,53.470262997542875,4,0
C007193,M,3,2,4.909257934601902,57.62957378841452,42.79428839300448,4,1
C007194,F,2,2,4.614585419940025,53.47044230292621,27.33353116178108,6,1
C007195,F,3,3,8.264571668876075,47.20840100952731,60.14778829952219,3,1
C007196,M,1,2,2.8196430184209,53.98111622091011,41.528742454625984,4,0
C007197,F,2,1,5.151898817020889,100.0,95.54460970741648,2,1
C007198,F,2,2,0.0,49.32206450554972,91.32276335027726,5,0
C007199,F,2,1,0.8798796342455617,57.07106472074419,6.012111101343002,3,0
C007200,M,2,2,6.92932340741954,100.0,89.43362619922345,6,0
C007201,M,2,1,6.431178015327287,73.13754916247244,45.92688260758691,4,1
C007202,M,2,1,4.976563990173144,69.6785807569931,82.53782635923592,3,0
C007203,F,3,3,6.478405127545808,72.54585198720909,79.06883329852235,5,1
C007204,M,2,2,1.6335146668082832,67.3100222583253,84.14302620568463,2,0
C007205,M,3,3,7.635845393615187,57.46475127833118,92.38604106625112,4,1
C007206,M,1,2,1.7233144370102007,69.26771186146318,39.15988913523906,6,0
C007207,M,3,1,4.713165590706441,72.66840162365007,41.17234660808775,5,1
C007208,M,2,1,10.098206269113554,39.061892144843924,74.57232113541937,3,1
C007209,F,1,1,2.0595155942034804,57.55688152380674,62.0229336487645,6,0
C007210,M,3,2,6.966595570701956,38.934357670595915,72.16908866590214,6,0
C007211,F,2,1,6.126044528481261,50.9008157792988,53.70156119520585,6,0
C007212,F,3,3,2.8260125032567753,72.22406808963643,75.93181883909,9,0
C007213,M,2,3,8.59806726056891,57.93614054446194,36.67830406366746,5,1
C007214,F,2,1,1.9943456733113596,60.800693500831315,95.28957421381246,4,1
C007215,M,3,2,3.919419428010515,23.551072469473567,100.0,7,0
C007216,F,2,1,5.411378529951632,44.126396726114876,27.523434222451627,4,1
C007217,F,3,3,3.789745588889604,46.94808953068694,88.14487769315794,1,1
C007218,M,3,2,10.838669078169172,38.64072319911347,28.735145347873974,3,0
C007219,M,2,3,1.2321339391295094,67.24452975470253,70.47468735035258,2,1
C007220,M,1,1,7.559446755129934,65.64661792775975,42.82124850928516,3,1
C007221,M,1,3,0.0,77.01275368775053,68.27406365583253,2,0
C007222,M,2,2,0.0,84.05143379210283,37.49758858143866,1,0
C007223,M,2,2,4.116445605391325,85.58926637070496,67.32872928877978,5,1
C007224,F,2,2,5.621524446908906,70.3048364043213,56.62549071694669,6,0
C007225,M,2,1,7.278177484605019,67.85240052389682,55.21282235137811,4,1
C007226,M,1,2,7.538392794618662,69.22303726866973,66.44966636251617,5,1
C007227,M,2,1,4.439964708379569,49.79032542263303,29.2620451279007,3,0
C007228,M,2,1,5.09640596856789,69.06523169416434,71.14834287183206,1,0
C007229,F,3,2,4.534537014256377,57.27666737526198,54.36122096304842,5,0
C007230,M,2,1,7.357073419391549,46.55619801095669,32.11409553425041,3,0
C007231,M,3,3,1.2820546357033624,38.029280520662965,72.23124053237296,3,0
C007232,M,2,2,2.5374816579512296,28.645166003110354,48.800142314673415,4,0
C007233,M,3,2,5.883540235921289,61.15029623545636,59.04057024425877,3,0
C007234,M,3,3,6.31611540176566,54.77043696666297,65.88579010975198,3,0
C007235,F,2,3,6.96072657146867,53.72201391804745,58.763176997834805,5,0
C007236,M,2,3,3.8448644214208896,47.643569452567306,59.41226598661354,5,0
C007237,F,2,1,2.9041552930609678,56.54807683460088,70.59953020276838,4,0
C007238,M,2,2,5.548365304617815,48.524636438245906,55.04041649589682,1,1
C007239,F,2,2,1.5870928353779412,66.37831140977416,78.41133458430255,3,0
C007240,M,2,3,7.665798496012732,76.0493742003385,80.64578326485838,2,1
C007241,M,3,1,2.8935707729078928,57.66688994602444,49.465715119838805,3,0
C007242,F,1,1,3.3912844230874555,81.32379095025564,49.9172153563735,3,0
C007243,F,2,1,5.65283894624257,53.344375910834096,71.26125812515004,4,1
C007244,M,2,1,2.402140407579708,36.04010480470383,90.1416352880414,2,0
C007245,F,3,2,1.471533427708855,85.42911299501043,79.7504323552299,2,0
C007246,F,2,2,6.536085785015702,34.322794104630034,43.83186885033935,3,0
C007247,M,2,1,1.7052444365314332,56.592467323870096,54.752466891473766,6,0
C007248,F,2,1,4.5716269858828955,76.74911258277709,45.28846202621004,6,0
C007249,M,1,1,4.047340721452503,83.5843879538489,86.44487361318174,2,0
C007250,M,2,1,0.0,62.56159833144797,67.62878674712424,6,0
C007251,M,1,3,1.697175828580273,56.39730513217306,41.96825351812408,2,0
C007252,F,2,3,4.780210832071118,96.49679324974187,52.125199519487644,2,1
C007253,M,2,2,6.712579269229154,78.78703339460408,43.00586234169184,5,1
C007254,M,1,2,2.32327462831942,81.13816282009768,52.803891756579205,1,0
C007255,M,1,3,2.0508720958572284,72.11442719138172,70.19712148392833,6,0
C007256,M,2,1,5.388997216550688,74.05876885276733,48.844056828712496,4,0
C007257,F,3,3,5.764050590674521,68.85853767719225,61.674885145009476,5,0
C007258,F,2,1,6.054847836561635,63.019554717861155,65.57793540186908,5,0
C007259,M,1,1,4.485732203985247,37.19040976978225,25.620076351525768,7,1
C007260,F,2,3,2.832951172979257,44.896506371481436,29.330793843032115,3,0
C007261,F,2,3,5.724130821527459,75.15040286753899,51.374403756607244,8,0
C007262,M,2,2,3.8154080055170043,83.01541897608918,43.960005151311364,2,1
C007263,M,2,1,5.476206831591119,67.69110114301218,67.41160587134742,4,0
C007264,M,1,2,2.8586708252865183,48.458709555665735,53.753393388629156,3,0
C007265,M,3,3,3.538138874228581,68.00643509332453,72.90521451126587,4,1
C007266,M,3,3,5.1778815279710635,70.65694548590136,69.00749835854684,9,0
C007267,F,3,2,0.0,36.40438521865677,75.50065964013723,5,0
C007268,F,1,2,6.945206971762573,87.50814834632067,50.49554912334399,4,1
C007269,M,1,1,3.889166554614184,77.9157971075474,56.033308134673035,3,0
C007270,F,2,1,0.0,49.05473899656586,96.1402492575238,4,0
C007271,F,2,3,4.371790668257117,63.71906527509035,41.138068242084344,6,0
C007272,M,2,2,3.0467681154398263,59.992892264464395,72.02831147670729,4,1
C007273,M,1,3,1.706898032647393,84.31522908241149,78.20115843154946,1,0
C007274,F,2,3,8.30712476248966,56.45991128953898,68.53614395581019,2,1
C007275,F,2,2,5.841402729226948,47.01515697143668,76.1023396619099,5,0
C007276,M,1,1,3.6525045201127213,63.20102652427144,60.003927151025664,8,0
C007277,F,3,1,4.119814655747791,49.29528537844422,68.69397604486718,3,0
C007278,M,2,2,4.587583239950164,79.43714575722575,64.00498432795627,5,1
C007279,F,1,3,0.4175876372498184,63.54633540873331,34.65111714494491,6,0
C007280,F,3,2,9.78339185367479,47.11311265549373,56.080784004988544,3,1
C007281,M,2,3,4.097856599471194,53.91993137932531,32.65055008654119,3,0
C007282,M,3,2,7.978640067632596,57.90298096747413,71.38425115449206,2,1
C007283,M,1,2,2.134233569228635,60.12697085144779,64.01528560374584,2,0
C007284,F,3,3,5.290863494689832,40.17029082594429,77.1556413069743,3,0
C007285,F,3,1,1.3962404727748292,47.30032430053892,39.51995426905711,3,0
C007286,F,2,2,0.0,68.79256068664657,61.77783505666943,4,0
C007287,M,2,1,5.989580332642691,83.93319078018291,62.3893466086321,6,1
C007288,M,1,1,4.428894518608084,56.96592987788902,96.21056828126562,2,1
C007289,M,1,1,2.833426884848193,66.10689620467521,56.510497616824644,5,1
C007290,M,1,2,0.0,99.71585563674174,50.08323297657478,3,0
C007291,M,3,2,2.9647703191073216,68.32296770013379,60.57578800582278,5,1
C007292,F,2,2,4.601946709751652,35.47285427303689,89.72899178409293,7,0
C007293,M,1,1,1.6299293486684205,73.13419510739551,75.44423505890558,3,0
C007294,F,3,3,4.290120730602239,67.93452413189497,71.74932486733535,3,0
C007295,F,1,3,2.6036487314234678,58.172766174484345,55.8034147519106,7,0
C007296,F,1,1,1.356265940020474,47.69423174514063,56.03444770889225,3,0
C007297,M,2,1,3.6869203508931676,77.00487146883762,86.85230497824558,4,1
C007298,F,2,2,0.0,23.950419945174943,52.45820204754895,3,0
C007299,F,1,1,5.10314472624085,58.28423618010494,51.03949537012027,5,0
C007300,M,2,1,4.216373030183207,59.33985951538356,29.777496220560025,5,0
C007301,F,2,3,5.330797373916621,54.096124948091436,31.966789306007893,11,1
C007302,F,2,3,6.482915385970758,63.08709052949413,80.46858548809941,8,1
C007303,M,3,2,3.4440621123012005,46.0065071149002,23.534069329411558,6,0
C007304,M,3,2,0.0,73.02931884892995,88.98725772129585,5,0
C007305,M,2,1,3.435187298850544,100.0,55.39538954654403,6,1
C007306,M,1,1,1.4809139377938658,51.17648729783042,66.63393672719734,1,0
C007307,F,1,2,7.151921333685722,70.96715799984626,79.11515837316053,2,1
C007308,M,2,1,3.1842093967118363,67.16458684647934,49.154414385010014,2,0
C007309,M,2,1,5.850948637882799,67.9284508922155,70.78051358836589,4,0
C007310,M,1,1,7.214225436664778,57.879142377157024,41.57578505872464,2,0
C007311,M,3,2,2.35501399763365,65.04132346776638,48.46393490594283,4,0
C007312,M,3,3,4.166107789597275,68.09031240017929,67.87761830622786,2,0
C007313,M,2,2,4.086317699112012,76.9519476225492,67.49808056827192,6,0
C007314,M,2,3,8.853791872222684,75.9015853187557,66.50066663691794,4,1
C007315,M,1,2,6.78545886241791,84.19889196665441,86.59280028857984,3,1
C007316,F,3,3,1.658692098673979,53.91274624031583,58.611244292500466,5,0
C007317,F,2,2,2.656535501022624,67.70605209885936,88.94569628439419,6,0
C007318,M,2,1,2.979406692180448,62.62928434829672,61.085723485589845,3,0
C007319,M,2,1,2.213006756958241,77.79208327897501,70.85731251019241,2,1
C007320,M,1,1,3.303735957055193,41.49239827541709,73.1926337329514,4,0
C007321,M,2,2,2.834046869847159,81.3837434976312,50.909135659679,3,1
C007322,M,2,1,4.079933001498233,69.7387971360713,63.784398130144396,5,0
C007323,F,3,2,3.7465317697534886,82.99196759132515,33.855893376694056,4,0
C007324,F,2,3,6.538186493618435,65.69390680153538,61.94882855957452,6,0
C007325,M,1,1,2.3241051817218445,62.27117698898751,61.26227516561064,4,1
C007326,F,3,2,0.3278394621848344,55.0763677981247,69.6796116326119,2,0
C007327,M,1,3,2.91484335265891,58.88539398411216,57.77150577095868,3,0
C007328,M,1,1,2.650871518970666,34.54963209847961,92.13053705440494,5,1
C007329,M,3,1,7.241274600358137,62.53513263407026,29.428217487613104,5,1
C007330,M,2,3,5.8598564578147725,57.04129247210763,38.84909564343975,4,0
C007331,F,3,3,6.855295644185675,66.33991322028072,42.77474182034645,6,0
C007332,M,2,3,6.117668605310897,54.418272697936025,59.27752330197234,6,1
C007333,F,2,1,0.0,70.2084456121469,45.97110740031172,3,0
C007334,M,3,2,2.124401840777989,62.93763519338451,38.911023561940965,4,0
C007335,F,2,2,0.7030485086230889,37.52566298056011,50.919310093425224,4,0
C007336,F,1,3,7.447632476684631,65.65322414928814,33.489002278331014,2,1
C007337,M,3,1,5.848034871202755,77.27499108244456,66.54079965197553,3,0
C007338,M,3,2,4.8762548145374955,78.37719106798984,65.51998626954477,4,1
C007339,F,2,1,2.7487929675134772,51.56760789400441,37.15872685915211,4,0
C007340,M,2,3,2.9972154178582313,42.326191313118926,75.67731364853918,5,0
C007341,M,2,1,2.107734499677891,81.29696177237156,35.98402268912487,3,0
C007342,F,2,1,5.429716084449632,71.14069466982882,50.288384174171185,4,0
C007343,M,3,1,4.228081011005821,50.39835037231454,64.06372148875045,8,0
C007344,M,2,3,5.5263608872097105,52.414462093595816,61.17740818652843,5,0
C007345,M,2,2,4.9209090547360015,65.38511296416634,31.867051469586386,4,0
C007346,M,3,1,5.816195080776991,77.82484063818917,68.01620737497086,3,1
C007347,M,1,3,5.136420199053749,59.905446330848996,59.144155888478124,8,1
C007348,M,3,2,6.424615269697709,42.5603473572926,94.10050119310466,5,1
C007349,M,3,1,5.627438005196851,36.33266897396665,70.70990394196629,2,0
C007350,M,1,1,2.868624093119907,52.66745099312383,86.47135941302693,2,1
C007351,M,1,3,5.076365779594255,52.406191426890466,43.034875464966966,4,0
C007352,F,2,1,4.680412758850056,48.15648602300077,31.6010331601917,2,0
C007353,M,1,2,3.580851534142033,86.12513835308648,83.86014339704906,5,1
C007354,M,3,1,3.9620206465063066,41.42432368278456,66.26670605166862,1,0
C007355,M,1,1,6.215052983620125,53.81237827911152,92.90643848132572,4,1
C007356,F,2,1,5.189985110655936,97.1199182925841,80.24239020512638,6,0
C007357,M,1,2,6.0473532560563825,52.90448305037806,79.22807664936501,4,1
C007358,M,3,2,4.088425372085268,64.71493478407716,68.20521307686909,4,1
C007359,F,1,3,6.529606350442503,86.15863153659689,44.58182736063141,6,1
C007360,M,3,3,5.701706119010915,63.18510582218635,41.80245636193635,2,1
C007361,F,3,3,2.226317543703268,70.75663964821908,23.521545427510567,8,0
C007362,F,1,3,3.2124085541859078,54.91829605157624,50.57531399497479,5,0
C007363,F,3,1,2.130650142244216,51.92219399081291,59.81326058620668,3,0
C007364,M,1,2,1.6251609785943062,40.8162594257185,58.19164944613244,4,0
C007365,M,3,1,9.895214776154909,61.744951295658396,60.29701698441095,2,0
C007366,M,1,2,7.669834956220761,70.63134960642864,21.68691318777639,4,0
C007367,F,1,3,6.542482530915214,94.03607620186666,63.56147992802794,4,1
C007368,F,2,3,4.9877721165695785,56.86606713213711,87.51828098432433,4,1
C007369,F,1,2,2.80750240745323,82.90836292573202,45.67406199922212,5,0
C007370,M,2,1,1.5619481994594868,79.00487194592031,34.181773805121324,5,0
C007371,F,2,1,3.5384890602405688,53.89402298520843,31.66956498232435,5,0
C007372,M,3,1,2.415336304887132,65.43354879761249,48.61145698994952,8,1
C007373,F,1,1,5.570479936294085,65.61213559882901,53.221110175414715,3,1
C007374,M,2,2,4.334529298856767,44.20158811075808,63.36654757667413,3,0
C007375,M,2,3,5.883845899905715,61.2165104326578,73.82040949328656,1,0
C007376,M,2,1,4.533264177501988,52.358520462816884,42.56091592072357,7,0
C007377,F,2,2,0.2805871779217082,61.52825340472299,50.60334996041661,4,0
C007378,M,2,3,3.620743259297969,62.54517724253951,30.398466311943757,5,0
C007379,M,3,1,4.852633199840604,64.21363828430972,70.16794479316509,3,1
C007380,M,1,1,4.604757529901611,55.92786451864555,52.86725964947963,2,1
C007381,M,3,1,2.779812346359571,49.07515577773829,55.55953636663542,4,0
C007382,F,1,2,2.921962329606381,38.43637557792876,83.32747722011095,5,0
C007383,M,2,1,2.536869795645786,78.93379095750126,61.69340237360326,4,1
C007384,M,1,1,0.3260418393428557,65.29112853496349,90.26702320668281,2,0
C007385,F,3,3,3.936030476920982,80.30270372612081,73.2292849846921,2,1
C007386,M,2,1,5.7141275940954195,62.6081707205046,52.06877606192688,6,1
C007387,M,2,1,2.953373246113134,64.65645710568997,39.69319560180378,1,0
C007388,M,2,2,1.2676805035516945,60.83521008084276,56.91269277355974,7,1
C007389,M,2,1,6.187603089943359,59.41449109951261,78.1434856947934,4,1
C007390,M,2,2,6.9980570826856034,68.484132951957,34.772043482471936,2,1
C007391,M,1,1,3.0309544645630666,60.37466696259067,48.892828697400276,2,1
C007392,M,2,2,1.9366772654290552,79.35913434325175,44.83206010582407,7,1
C007393,F,2,1,3.6813390426754222,85.73882480769309,52.20463949721521,4,0
C007394,F,3,3,4.617890014090237,84.46829146377657,66.98030305806904,5,0
C007395,F,1,2,3.011125302409849,88.10714641227898,63.40182420457067,2,1
C007396,M,2,3,0.5460556012735851,47.77542707859338,63.04012460711945,6,0
C007397,M,1,1,6.113461239746744,82.99522497881438,34.76333984554526,3,0
C007398,F,3,1,4.532814798138267,66.30327800368156,72.64754086984173,1,1
C007399,F,2,2,7.407459182238227,66.50634013543099,77.83579042310035,4,1
C007400,M,2,1,4.0931190293347886,54.20032855611746,55.586515578252005,3,0
C007401,M,3,2,7.239068265645312,59.338295651003484,43.791895025397054,6,1
C007402,M,3,3,3.5018650163637557,31.916466285062356,74.59351367959034,4,0
C007403,M,2,2,2.6705790588041376,73.33937609852808,84.00694064148803,7,1
C007404,M,2,3,2.8994995242416417,61.93233995083029,66.7560505676405,6,1
C007405,M,3,1,8.01337621075299,57.220353363667705,46.881303523237904,5,1
C007406,F,2,2,3.5872915041692837,85.02662869495147,40.861060919847226,3,0
C007407,M,1,1,7.479498206356613,65.14573325724663,70.1635093394942,2,1
C007408,M,2,2,2.9849254603212163,51.13666541503905,31.810174741670078,1,1
C007409,M,3,3,0.9538580145271696,64.7326196763492,34.8524477394884,3,0
C007410,F,2,3,5.537673599823463,90.69004595886874,63.784480022173724,4,1
C007411,F,1,2,2.5889129225135967,63.03960669711356,88.23840268661448,2,1
C007412,M,2,2,4.668058100574297,77.1107721382717,80.68982824920549,5,1
C007413,M,2,3,4.442220725704352,54.179053311511375,66.83646098260895,5,1
C007414,F,2,3,4.409683583780937,72.41705197506822,22.392669808651334,4,0
C007415,F,1,2,7.626860005430192,68.08928866839545,15.773822348959165,6,0
C007416,M,2,1,4.5550244528047035,65.02206258531936,56.869092497996505,1,1
C007417,F,2,3,4.263057759624124,57.67240745898121,91.76289682518667,3,1
C007418,M,2,1,3.219505224791665,60.75693979331101,43.941705087299326,2,0
C007419,M,3,2,5.183393875349849,36.70879695758976,75.52370079175071,7,0
C007420,M,3,2,4.981224298995598,40.78651062186564,65.5595726139173,4,0
C007421,M,3,1,3.1168079936353132,41.636099484415844,49.67117852238514,6,0
C007422,M,3,1,6.072792659398658,42.11646654265594,52.60644136898958,4,1
C007423,M,3,1,3.5498049485800474,60.73073390986263,29.691353034823813,2,1
C007424,F,3,2,5.276349699694558,57.42464361257689,67.91429361729863,2,1
C007425,M,1,1,1.0824828955310748,49.15207707541211,48.211171241945934,4,0
C007426,F,3,3,6.009905249695701,82.9808052743307,75.2757100064806,2,1
C007427,M,2,3,2.420274598114572,60.88750895757425,55.94198647215854,3,0
C007428,M,2,3,5.485915252103157,78.29515991339345,54.66601221534606,5,0
C007429,F,3,3,6.817892543352767,42.80614104225755,21.943439731039362,2,0
C007430,F,2,2,4.902051343990712,71.23313889143861,65.18768302800373,3,0
C007431,F,2,2,6.535720696376318,79.69850734536578,69.19413002556159,4,0
C007432,F,3,3,1.6274959172703691,70.90196586377016,82.65892157303085,2,0
C007433,M,1,3,3.8180358790726623,58.24108889321026,44.791997214544374,4,0
C007434,M,3,1,2.5748846019215526,60.64799240375062,64.76999064592209,5,1
C007435,M,3,1,2.5462293569119803,70.00697814787752,67.19562059446352,4,1
C007436,M,2,1,0.5282468140180647,65.77388205784125,37.02644313519545,3,0
C007437,M,2,2,4.177156352093859,81.30277857368114,48.7296139616646,6,1
C007438,M,1,1,6.069554042799379,50.799405213794344,38.638513131616236,6,1
C007439,F,3,2,6.785763106732849,79.35328006828766,40.144616205191156,3,1
C007440,F,2,3,1.6755504299096473,69.34865403628022,52.87449373349669,3,0
C007441,F,3,3,2.9445563909416466,67.90452426470742,47.538581417339145,7,0
C007442,F,1,1,2.370395475061134,62.20661281847686,59.69168598562654,2,0
C007443,M,2,2,2.2199564866185586,80.8510486935124,71.27781357771826,3,1
C007444,M,1,2,3.3474286380511704,51.6304703012318,70.65982434701186,9,0
C007445,F,2,2,4.043346639269323,47.67502987141259,74.15872137078527,2,0
C007446,F,2,1,3.3617327164575164,65.30488478971998,55.21856765586981,5,1
C007447,M,1,2,0.9363518639642225,54.584642049058715,50.72908738383038,2,0
C007448,M,3,2,6.131915525474466,69.32150001280664,37.84111524679342,3,0
C007449,M,3,1,4.3916236044136925,93.39360290763537,72.59290416451492,4,1
C007450,M,3,1,4.865883438499649,66.08699323089985,77.57506819555324,3,0
C007451,M,1,3,4.992673241537393,67.9075082027405,82.55367674742783,3,1
C007452,M,2,1,5.356202030274482,88.64327542992646,65.65698342399467,4,1
C007453,M,1,2,4.33768867293274,70.67851101054984,51.59863482892226,3,0
C007454,F,3,2,2.166822545218526,80.80775517242127,40.4446433621572,4,0
C007455,M,3,2,7.333632074346827,60.848647115559366,35.87167046253409,3,0
C007456,F,3,2,5.4046145659616975,64.05977417472155,24.692207795091527,3,0
C007457,F,3,2,2.0250404084024725,54.86590310886923,78.50535559796822,4,0
C007458,M,2,1,2.0564720807974517,71.72457782068983,66.88306852833328,6,0
C007459,F,2,1,8.377839417632359,72.11192266829494,100.0,5,1
C007460,M,1,2,3.64263226857873,75.59712308111936,57.830994457482596,3,1
C007461,M,3,1,2.5094181675930693,71.33571272829171,61.030759097920836,7,0
C007462,M,2,1,2.8331700192224147,62.796913567102514,66.51338204032272,3,1
C007463,F,1,1,4.992212651290211,73.15324042432003,70.76884324561824,3,0
C007464,F,2,1,2.953741528096109,87.02111598928286,47.843345864625874,3,0
C007465,M,3,1,4.293377292137245,66.85518412347464,59.24616637253606,4,1
C007466,M,1,2,9.080512836580969,44.99227426558839,73.88091782624673,3,1
C007467,M,3,1,0.5434261739903037,50.14197053549928,88.62494455249907,5,0
C007468,F,3,2,3.1068704702712484,68.56704075376173,43.529459162154126,3,0
C007469,M,2,2,4.1348960521867655,52.02865852636488,63.5077208940696,5,0
C007470,M,2,2,0.1192342655726879,57.44615430004103,61.65446531559295,3,0
C007471,F,3,3,5.137536030616112,57.03037049418489,55.01960414181394,3,0
C007472,M,2,1,5.969628204212665,70.92526689109329,78.20301007366271,2,1
C007473,M,1,2,0.9454683032430227,88.78071654568491,100.0,7,1
C007474,M,1,2,3.8209117952205087,42.63937180841214,66.59487107673611,1,1
C007475,M,3,2,4.402845037723712,80.34450175458839,45.939192731420334,5,1
C007476,M,2,1,5.264378080369461,79.69141415818045,34.33312797619938,2,1
C007477,M,2,1,9.871691925341143,68.99497155481403,58.675067165827095,2,1
C007478,M,1,2,2.3691425342468495,61.87823574326084,76.98622462273332,4,1
C007479,F,2,2,5.1822579293690865,76.41884232554102,56.26273372070148,6,0
C007480,M,3,3,3.7195415779266194,65.85056577190355,64.66566825894583,3,1
C007481,F,2,2,3.344033982693041,62.578958213995584,95.1771207954261,5,1
C007482,M,3,3,4.035666542784216,37.85450065871948,71.66791663614717,3,1
C007483,F,2,2,4.9036726691648465,71.88814953848924,61.01970171007343,5,1
C007484,M,2,1,4.021182286762444,85.92493375022775,35.78928936692201,7,0
C007485,F,3,2,4.605829849854356,44.05435338763063,74.48283010049434,3,0
C007486,M,2,2,3.8231514073900916,51.71677389543143,70.04688425038121,5,0
C007487,M,2,1,1.9386055493579244,57.93966067466932,74.86128462049757,7,0
C007488,M,1,3,5.816172685711348,60.79506416433237,37.44838693930083,2,1
C007489,M,3,1,6.258847458824626,54.22319237257148,59.43113535970793,7,0
C007490,F,3,1,6.158775816762695,83.99450174568696,70.44168093561181,4,1
C007491,F,3,3,5.483584929537199,94.90100367064433,33.58504422856909,10,0
C007492,F,3,1,2.293060522337237,68.28599091861852,62.380782902842995,4,0
C007493,M,2,3,1.902317930594755,55.0107922312931,79.5523369820003,4,1
C007494,F,2,1,6.015066793569886,67.37398431225185,48.4481220666908,2,0
C007495,F,2,3,1.3508159053802609,48.13821227963301,79.06924119420817,5,0
C007496,M,1,2,2.4921257704096904,61.78043237559643,60.49488283940704,5,0
C007497,M,3,1,8.721483192142344,73.14913332910025,61.73907873228093,3,1
C007498,F,2,3,5.117305018190876,74.76342934372298,77.71452068862345,2,0
C007499,M,3,2,4.35076464489592,73.31023499019946,47.70818697727488,5,0
C007500,M,3,1,0.0,57.90349999140064,36.72854055728295,6,0
C007501,F,3,2,2.523474591335078,66.91482585897595,55.219177280327116,8,0
C007502,M,2,2,5.839282791618682,59.672007083774226,65.9055075317712,3,0
C007503,M,3,1,0.7367337227305897,78.11743338445145,66.29817648956382,4,0
C007504,M,3,2,4.885891292459798,71.19654593889341,65.68313513975295,5,0
C007505,F,3,2,0.9593124264633257,89.81675550864735,46.603603490307535,2,0
C007506,F,2,3,2.627471342110823,69.87109992672654,68.5558209939863,6,1
C007507,F,2,3,0.5384420663175402,52.12697241811918,58.10899617142946,2,0
C007508,F,3,1,4.209237477784069,46.80203904312314,87.48128847472361,4,0
C007509,M,2,1,0.25859049054234484,67.34644065319,76.00828716414662,3,0
C007510,M,2,2,3.8156730614056142,29.99919934609067,69.34540852729272,4,1
C007511,M,2,1,5.405282681606075,58.866700699692736,56.736705781912924,5,0
C007512,M,2,1,4.439691540048922,56.190048861936035,53.59266118237477,4,0
C007513,F,2,2,5.022602287533122,52.911009802993206,55.92257080470129,4,0
C007514,F,2,1,4.496837142943741,67.03939846105703,64.95353870604147,4,1
C007515,M,1,1,3.8000028427476202,49.39682213201455,77.6135187576754,4,1
C007516,F,2,1,3.849413662257388,41.227722143412564,33.60475839233217,4,0
C007517,F,2,2,4.644681281527751,72.26930109875413,50.9794298484721,3,0
C007518,M,3,1,1.598015043253524,59.414559347893785,82.43752035289712,3,1
C007519,M,2,1,3.1288661368291737,69.9316827452718,49.7353472163592,2,1
C007520,M,1,3,8.474870003614928,67.52086588243282,44.76869960094328,8,1
C007521,M,3,1,5.066406045724883,72.85568795317546,79.22336321848391,5,1
C007522,M,1,1,6.74813104794389,68.10410038834502,69.02915036559392,4,1
C007523,M,2,3,4.74880856357995,73.63762595611846,63.97611945769198,6,1
C007524,M,3,3,2.3897948137846465,90.32090283937643,70.97808595149672,6,0
C007525,M,3,1,3.3298271875686893,69.88853686275682,54.882734737586055,3,1
C007526,F,2,3,0.16695862922766924,73.30220235400348,60.61939774546762,3,0
C007527,F,3,3,7.02372441400367,66.58387800134362,61.68148662429346,5,1
C007528,M,2,2,5.969967061518054,36.52897912964295,54.14216620334943,6,1
C007529,M,2,2,2.1598775329500857,62.89467283871632,54.033481155800146,4,0
C007530,M,1,2,5.681373997607006,85.08914836470524,44.19215396538773,8,1
C007531,M,3,3,5.484070498284856,72.22241617516664,50.99208265586953,6,1
C007532,M,2,2,4.169918882314498,57.69565929108281,52.09719144505861,4,0
C007533,M,2,3,5.047535942592308,70.52231542181902,26.376700135374165,2,1
C007534,M,3,1,5.254082201546025,48.2770648124438,70.83311538577146,6,0
C007535,F,2,2,4.846030933555364,75.31770826139041,64.80101398461969,3,1
C007536,M,3,3,4.332522705333461,57.67334640318962,86.69552102517537,5,1
C007537,F,2,2,4.188671768269957,67.52781041445988,36.2741595773488,5,0
C007538,M,1,1,2.751949402168769,49.69664546295843,41.748897058331025,4,0
C007539,M,2,3,5.998385794607357,68.21024662470309,76.83028606867526,3,1
C007540,F,2,1,8.359153956179934,28.94040505817128,38.22534319797931,4,1
C007541,M,2,2,1.5361188554400553,58.49029281472609,59.13943244153758,3,1
C007542,F,2,2,4.0756431779661995,53.49335593597061,55.572074937653916,4,0
C007543,F,3,1,2.562226517948919,54.02835115161693,87.55342853935983,2,0
C007544,M,1,2,5.21093937152365,13.353814364908061,59.0343868168666,3,1
C007545,M,3,2,4.938317208515039,54.610864706412976,58.96534549049154,6,1
C007546,M,2,1,4.296335493636838,68.8621079329373,63.931764790109895,3,1
C007547,M,2,1,2.6988767184162192,51.53397729200826,44.46546903633942,4,0
C007548,M,2,2,2.9594510731707997,71.86946240753205,50.80409381651269,3,0
C007549,M,1,2,2.3265959133125618,78.40724476958773,40.175390520766484,4,0
C007550,F,3,1,0.21254684205360697,69.32591809121065,71.64806033613601,4,0
C007551,F,1,3,6.704121280808749,70.67789375297575,72.41203846571571,1,1
C007552,M,2,2,5.47104734412717,68.90969166781561,44.76055108493471,6,0
C007553,M,1,1,6.838625594753693,73.08177413478955,55.33924019807821,6,1
C007554,F,2,1,3.2326036157193085,54.79170437759154,62.838189705933864,6,0
C007555,F,3,3,5.078089241135691,51.998410322411814,35.03455948526413,5,0
C007556,M,1,2,2.135177266226168,52.39406117893679,69.58960372799845,5,0
C007557,M,3,3,2.746844617617332,74.94958019342126,40.71490587227103,6,1
C007558,F,2,3,8.508635432409632,52.177704031462056,29.52188465803922,2,0
C007559,F,1,2,3.179045367541762,60.41089291683663,61.043829899462544,2,0
C007560,F,2,3,6.084147522736832,58.40451762957906,70.87483223232259,6,0
C007561,M,3,2,4.552563002111917,67.46121410842278,76.15715875508405,3,1
C007562,M,1,2,0.9312180769531442,74.17184759445527,68.28838230235453,3,1
C007563,M,2,3,3.70397575877934,74.17227359051908,47.71433591847905,1,0
C007564,M,1,1,4.831147745732448,37.98269324427703,93.25891570742344,2,1
C007565,F,3,3,5.561411441432523,69.99400449411479,61.133584936396055,3,0
C007566,M,3,2,0.06854023729569692,64.10815312031613,43.311305338562796,4,0
C007567,F,2,3,1.8762121853469038,67.40448023574831,77.40673748124597,1,0
C007568,F,1,2,4.683053696142169,59.744973392972376,65.21314304984634,7,1
C007569,F,3,3,1.930136394437001,52.79679163523925,96.57048087781169,3,1
C007570,F,2,2,6.681639511109044,79.30451776867444,87.84858091246122,3,1
C007571,F,1,3,3.8630669322086764,61.741745628525166,52.85389518430753,5,1
C007572,M,3,3,5.070399729720246,83.09953009502364,38.02052044473885,5,1
C007573,M,2,1,6.850823940559606,64.3123590614871,51.016583576934934,1,0
C007574,M,3,2,1.327860356953288,64.70045171142318,18.33739477305977,9,0
C007575,F,3,3,5.017328868698705,54.402426177640436,60.636979414825404,1,1
C007576,F,3,2,4.296413634002426,64.56755962129351,77.68139143659391,4,0
C007577,M,2,2,4.363329130232004,78.67560647034182,60.44007335786729,2,1
C007578,M,1,1,3.5077869346130077,62.90450475003068,68.6206047449248,4,0
C007579,M,1,1,4.350388226503189,67.97250899551969,73.89874721545678,5,1
C007580,M,1,1,0.0,89.26980604373395,86.89142939545447,6,1
C007581,F,2,2,6.737168654591324,46.90159251904568,62.98158782348269,1,0
C007582,M,1,2,1.060360568055911,50.90339390519323,56.07925627416808,11,0
C007583,F,2,2,7.90395592073331,69.4840248912487,49.725912678259505,2,0
C007584,M,1,1,1.9113265647740292,39.270723113389096,88.84611997357402,5,1
C007585,M,2,1,1.8158717723927968,72.64828592124094,49.35678938467332,4,1
C007586,M,1,2,4.89123539057116,52.9665563590467,93.33647780500505,5,0
C007587,F,2,2,4.5971246314757135,58.1979622422585,54.059483367988584,4,0
C007588,M,2,2,4.991671295622856,77.68390248925742,44.95260743512731,4,1
C007589,M,2,3,4.796066279951808,46.12913379276475,67.69722669881565,3,0
C007590,M,1,2,3.6908027323391437,35.0807731456885,64.42307692230791,3,0
C007591,F,1,2,3.1912496711203735,33.19808464014629,30.14389506050905,5,0
C007592,F,1,2,5.281012877526239,69.22128606658649,72.56328100581243,4,1
C007593,F,3,3,2.478376324592899,77.57955577090829,26.853632123735224,5,0
C007594,M,2,1,4.2624147083130834,48.86143068830861,92.65020082437724,8,1
C007595,F,3,2,0.2717925304240345,80.9062722110294,34.44039222958881,3,0
C007596,M,2,3,4.558827475279741,63.94331624266149,65.3089897314854,4,0
C007597,F,3,3,4.216597444550175,65.48980504892344,69.76260239325886,2,1
C007598,M,2,1,3.9098941981851154,78.74671899999868,77.33769907517937,7,0
C007599,M,2,2,7.753616794736356,38.12825418324745,34.16187259209289,3,0
C007600,F,2,1,7.288697093747534,74.53378500398713,69.40067676217856,2,0
C007601,F,1,2,6.011760063104813,37.153422558133244,40.74263223293139,4,0
C007602,M,3,1,5.963440064086376,40.36961517592302,64.51111991358269,5,1
C007603,M,2,2,4.23249132539725,42.74022831363155,25.139362565553697,6,1
C007604,F,2,2,4.6762828920018915,73.41751786756683,69.43171938772426,3,0
C007605,F,2,2,4.951903188030352,74.28826342916521,83.53431386064177,5,0
C007606,F,1,2,5.3255333567622225,77.48748019625972,54.890322893101114,4,0
C007607,M,3,3,4.157073207766414,63.59836829750178,61.66524796963235,2,0
C007608,M,1,1,5.192577447479538,58.49481989422866,71.12327130408414,2,1
C007609,F,2,3,4.1420978142012235,71.60853721673956,66.1180896563017,4,0
C007610,F,2,3,4.927541667334617,61.845155227995,31.21876639864515,2,0
C007611,F,3,3,6.018772198655767,67.1220715411527,38.03078345005198,6,0
C007612,F,2,2,2.556530860426407,62.885406853990276,52.721102175493826,4,1
C007613,M,2,3,4.291131692740157,63.135874709207336,62.056189455801466,3,0
C007614,M,2,2,4.166985736970763,94.46784741469767,51.46729654799255,5,1
C007615,F,2,2,1.7598941051754453,77.53287006512572,61.74738752747503,4,0
C007616,M,3,1,7.06041494879002,71.15792412776,78.1636586802043,5,1
C007617,F,2,1,2.1837792177368467,58.22824151375146,53.496889705947936,2,0
C007618,F,1,3,7.151743659855786,64.89440978934823,40.14382419745734,3,1
C007619,F,3,1,1.0467473672680851,78.6991235670681,68.96891373141138,6,1
C007620,M,2,2,0.7075624686237658,66.71906158090758,82.06915891739979,4,0
C007621,F,1,2,3.260574144365254,57.96587272485323,65.16332520638613,2,0
C007622,M,3,1,4.875155360183063,38.9883233578127,51.59270190555128,1,0
C007623,M,1,3,4.862914701565768,58.46375905254495,56.85167351524242,3,1
C007624,M,1,1,6.844544809291164,74.25436416915008,51.348214560435466,3,1
C007625,M,1,2,2.3060481469748457,45.08776228481447,65.21088150246766,5,0
C007626,F,3,1,6.037285355102767,85.96188377100017,22.05175058576595,2,0
C007627,F,2,2,0.3515170320914378,67.68895326880715,61.72700675625237,3,0
C007628,M,2,1,1.8727843532608461,85.02064245685693,56.84536710034679,5,0
C007629,F,3,3,3.4208684301678116,62.790703112739926,76.20146742096149,2,0
C007630,M,2,2,1.5792861489707617,30.96032266805593,34.44632853970235,5,0
C007631,F,1,1,5.20364630228082,57.9928728405927,39.312896525114326,4,1
C007632,F,1,2,2.567791144305038,53.91977378506853,66.35576477148396,5,0
C007633,M,1,1,6.206749902635691,50.98708319592781,83.44003933473559,1,0
C007634,M,3,1,5.910891652100354,71.00684024080596,57.40371277358476,4,1
C007635,M,3,1,2.514633922609386,50.17053708397296,55.8325264393011,2,0
C007636,M,2,2,3.225186729470905,42.148199878617554,45.91111220811046,3,0
C007637,F,3,2,3.803450203625747,54.23263228957175,60.696665854302346,4,0
C007638,M,2,1,6.979616942823555,76.1680242403408,42.63395367877898,1,0
C007639,M,2,2,1.9265962184944918,59.66830839398097,36.104344332575664,3,0
C007640,M,1,1,0.0,50.02902405913029,69.73352038786328,1,0
C007641,F,2,3,3.068283185474516,57.46927837917867,44.31806617495411,3,0
C007642,M,1,1,1.976926689492263,79.90796582155247,72.00822888093388,5,1
C007643,F,1,1,0.630486935957506,70.78470203970555,58.86388914062329,5,0
C007644,F,2,1,3.918930464025689,71.4877759789977,77.59559981073414,2,1
C007645,M,2,2,1.4186270107411785,70.56002026140776,40.48855812688191,4,0
C007646,M,3,2,4.7432290506125,38.68612181751181,74.33252355800836,6,1
C007647,M,2,3,1.3538372702374342,61.60923094077304,60.14879221164317,5,0
C007648,M,2,1,10.497183085188844,78.53124325982327,33.381176044233456,6,1
C007649,F,3,2,6.330273576453996,30.5966266790644,47.04586082467219,4,0
C007650,F,1,2,2.3874284551296396,34.23563852167054,47.579615280831064,2,0
C007651,M,1,2,2.303313882846593,47.20895690493525,67.07374778605072,4,1
C007652,M,2,3,3.5818847740174036,52.15107358280469,42.81990920579702,4,1
C007653,M,3,2,5.61939682977204,63.94609129118822,37.800429624916646,3,0
C007654,M,2,2,3.014753691922313,43.89345044097905,52.722841119066665,5,0
C007655,F,1,2,1.4443955108872695,70.87798861568314,76.61317290910524,2,0
C007656,F,1,3,0.8076770579698298,96.81845640563795,62.23901956876446,4,0
C007657,F,3,2,3.9587395382548745,54.77902051494923,54.80654532282025,4,0
C007658,M,2,2,2.4058833617861732,42.1969421873125,70.53938216054553,4,1
C007659,M,1,1,4.6229453483378045,56.906453625888936,42.475194704902854,2,0
C007660,M,2,1,0.0,71.49071965349604,92.19845740402103,3,1
C007661,F,3,2,5.0395381247556,65.62363191460581,89.90896698569296,1,0
C007662,F,1,1,3.2939662665126583,74.41114719997807,51.48498547433638,5,0
C007663,F,2,1,0.1404245968727662,59.17693557288055,61.522008277845494,3,0
C007664,M,1,1,4.796837964780432,68.2711954592962,57.82786130453308,7,0
C007665,M,2,3,5.09684412375551,100.0,50.34957513162781,5,0
C007666,F,2,2,2.225218362967623,57.36453758476644,76.25627359630376,4,0
C007667,M,2,1,5.422063657883139,63.20560801662856,33.41530923861818,2,0
C007668,F,3,1,0.9948711648721256,70.12720456522209,53.04090177790853,5,0
C007669,M,1,3,0.0,100.0,68.88840618864403,3,1
C007670,F,3,1,3.6262891240300097,76.21782177422088,87.7113259735508,6,1
C007671,M,2,1,2.048812757018606,64.94927896339863,84.17550817352674,5,1
C007672,F,1,2,1.2589568625836476,56.46261689171798,47.302329748508754,4,0
C007673,M,1,1,5.255406349948805,83.57738571170657,45.52179373492674,6,1
C007674,M,2,1,4.4725082538948175,62.08359461715037,52.09652350444915,1,1
C007675,M,1,1,7.608475341608068,86.24746823998521,85.37462992001456,3,1
C007676,M,2,3,4.917391252194693,59.43850615519007,66.88709784911248,2,0
C007677,F,3,3,5.216071550105729,54.425696478847364,100.0,4,0
C007678,F,2,3,2.07884889830518,41.525156503187816,70.96569986190727,8,0
C007679,F,2,2,0.0,71.07230056972824,89.91955983547118,2,1
C007680,F,3,2,8.351420142405418,36.19460879679797,57.9187230615855,3,1
C007681,F,1,2,5.0840156954403355,82.16592506815586,44.804788126749784,3,0
C007682,M,2,1,7.528452900025105,41.80723630082771,100.0,4,1
C007683,F,1,3,1.4003223910459561,36.038438788894325,35.820825068842,7,0
C007684,M,2,2,6.214302771644077,62.680082337489445,64.57197010443757,4,1
C007685,F,2,2,4.635503084359803,77.69518402834304,61.75717964112299,8,1
C007686,M,2,3,6.337091865454251,61.592437584318866,48.96695244027653,7,0
C007687,F,3,2,5.276914328829922,74.8303667644378,66.08856442916485,7,0
C007688,M,1,1,3.496314966250225,68.16368062539821,56.895540985365564,2,0
C007689,M,2,1,4.61790865075615,73.62613209034473,43.96680958340086,3,0
C007690,M,2,3,3.2232053143250403,87.01672535762098,36.422791871541335,3,1
C007691,M,3,1,5.841700730774246,52.799451202209184,67.52180173053293,3,1
C007692,M,2,1,2.249069044819546,65.70070448606081,45.48859342301683,4,1
C007693,M,2,1,2.454519769856973,34.09877246772068,50.19113958924392,3,0
C007694,M,3,3,3.6463298015670613,83.90636593459949,44.7395374429539,6,1
C007695,M,1,1,5.353199961209085,58.28163539394378,45.225057940205325,1,0
C007696,M,2,2,4.117185600627667,64.22251039063931,56.889185829532686,1,1
C007697,F,3,2,3.2801508620869435,58.530011442080706,37.16716445106621,1,0
C007698,M,1,2,6.323839854713821,53.20585293015479,53.89542471375659,5,0
C007699,M,2,1,5.294797997219702,74.70767575313886,69.8814205415466,3,1
C007700,M,1,1,2.989435081615689,71.90813900216887,70.49736039494218,4,0
C007701,M,2,1,1.706727909945053,55.0930748954531,50.52223511647296,4,0
C007702,M,2,3,3.6135711935527284,89.39944807489698,46.357534297830114,5,1
C007703,F,1,3,2.6282119525849206,76.21916206563817,80.92093607160601,3,0
C007704,M,2,1,2.3012249322084672,87.56822679289635,66.8414982816293,3,1
C007705,M,2,1,5.649079799661537,35.39956122804985,68.80068327855521,3,1
C007706,M,2,1,6.480022119882687,53.97800807315649,82.14494976866544,4,1
C007707,M,3,2,3.869414133144,77.99127542461393,78.39157500126822,3,0
C007708,M,2,1,3.9874317838166204,45.065234087591634,75.45115181168121,4,0
C007709,F,2,2,2.372338291707481,57.22982553275241,27.725407302993837,3,0
C007710,M,2,1,1.6607562507110676,48.01619628024859,49.28480862736272,3,0
C007711,F,2,1,5.750656052022728,69.45786053917246,35.183065489597,6,0
C007712,M,2,2,1.2048610023136814,58.37017553047157,83.86061015806466,5,1
C007713,M,1,3,2.6372586191949186,48.33853042722501,53.22301023317081,8,0
C007714,M,1,1,2.5667604251053335,89.53800665461591,45.851717054405825,4,1
C007715,M,1,3,4.932918525530953,73.31220042035335,65.18438145950697,2,1
C007716,M,3,2,3.5657002517737353,73.00697500431214,70.89747966168005,3,0
C007717,F,2,2,2.746871678282285,66.54983074559027,68.16133970752503,3,1
C007718,F,3,1,6.990353957104778,76.42729751008545,59.919666456951624,4,1
C007719,M,2,3,7.586473016881738,71.93132298509147,81.1651225612474,5,1
C007720,M,2,2,4.857114748107429,36.34318444069048,53.594033598551036,4,0
C007721,F,2,2,4.316097108971197,92.98003662402046,32.54292347295426,6,0
C007722,M,2,3,2.8925618635514017,90.50850583721288,52.51969731635191,3,0
C007723,M,2,1,3.959512735267045,57.41391667346883,51.81748092146621,6,0
C007724,F,2,2,1.3491841175530457,39.328701144765716,71.17237202940257,3,0
C007725,M,2,1,6.1752222940396475,47.99041247924819,76.4320805594191,4,1
C007726,M,2,2,3.7103628993807365,48.482859425824685,46.030561346742566,2,0
C007727,M,2,3,2.4873655777495673,68.83098235970539,21.074156022529785,6,0
C007728,M,1,2,3.270628620460703,58.239718305173184,95.17952989862758,8,1
C007729,M,2,2,5.553871849963931,55.25313887161363,63.33136986568258,5,0
C007730,F,2,2,3.435716590463202,73.8218980497944,22.719043514270517,2,1
C007731,M,1,3,2.267803606160834,62.7940910351896,30.36768361932928,6,1
C007732,M,2,1,0.0,78.85526668383561,63.90732344560458,5,0
C007733,M,3,1,3.8285481056987227,63.74943584148505,50.57030377865852,2,1
C007734,F,1,1,4.8262645472612205,89.98944024260295,82.1748202121897,3,1
C007735,M,2,3,2.921126451832622,98.25132095573306,50.639187303844665,4,0
C007736,F,2,1,2.2531068275900044,68.21671121136997,58.52051860158051,3,0
C007737,M,3,2,1.5242910251278339,59.90628431118958,49.07126228524835,4,0
C007738,M,2,3,3.1725149845443594,63.69356727679078,57.40088731259878,2,1
C007739,M,1,1,1.548695372813146,80.57073631241533,60.9953921425519,3,0
C007740,M,2,3,1.5343615146565797,77.76473666895524,84.01953105368082,2,1
C007741,M,3,1,2.9461054454083238,36.09535690089223,65.34665602147706,1,0
C007742,F,2,3,8.14418764394318,73.01908007705231,61.463406741678405,2,0
C007743,F,3,3,9.137285434536793,58.85191874141421,73.36066383099629,3,0
C007744,F,3,2,6.590812558744757,68.8312369619315,83.55481202342818,3,1
C007745,M,2,1,5.417463573049954,64.64526220649316,35.98993441978263,7,1
C007746,M,2,1,0.0,58.68823102589202,48.030181720354015,2,1
C007747,F,3,1,9.887684160013295,39.666419264886514,63.65492915080485,4,1
C007748,M,1,2,4.862501778299404,40.86286962369327,59.954250878137685,7,0
C007749,F,2,1,1.5812533741362924,60.48292026605168,48.92716921608098,5,0
C007750,F,3,1,9.909917386430557,62.628013265120636,24.75734648920684,6,1
C007751,M,2,1,3.7833608000498864,63.705442415592096,54.872772626440295,5,1
C007752,F,2,2,5.835365531371576,68.62042903343612,66.73664275713286,3,1
C007753,F,2,1,3.308089921680243,52.36754912998969,85.91762264701786,5,0
C007754,M,2,1,5.248761373339673,43.71514043073162,60.495987190544966,5,0
C007755,F,3,1,5.509828709730644,79.49656369349852,60.12049961267877,5,1
C007756,M,1,1,5.8921753884323085,73.08274094374428,45.88580406466501,3,1
C007757,M,1,3,6.823530826180599,54.163779021566754,60.02774950648767,2,0
C007758,M,2,2,4.3415738039062814,77.76694345057989,51.033611534801196,3,1
C007759,M,2,1,4.461635097379812,49.62583223454625,70.16065092473343,7,0
C007760,M,3,1,3.8946626512059574,68.10056285537544,68.2129202152927,5,0
C007761,F,1,3,1.7030552653949735,68.28543426347598,85.44316989826639,4,0
C007762,M,2,3,2.0096973184257485,55.21369187347116,65.08303468373771,6,0
C007763,M,3,3,3.3220320807683734,72.17295728903501,69.71593518382926,2,0
C007764,F,3,2,6.776908465690687,45.27791908637532,35.329774281922326,4,0
C007765,M,3,2,5.0356508110922755,64.35516760898219,66.08903848463551,2,1
C007766,F,2,3,3.795006227924632,64.40634590503039,73.30944956854268,2,0
C007767,M,2,1,3.41988694725823,48.19780880747953,62.0679802663764,6,0
C007768,F,2,2,1.4326309928437397,74.31329505741272,59.20096466664239,6,0
C007769,F,2,3,2.0225901108157185,81.66889504780002,56.797726924715846,2,0
C007770,M,1,3,4.340615174088942,63.890028651357525,89.62853569965279,4,0
C007771,M,1,3,4.018217634679415,66.04348811487596,30.692263857158068,3,0
C007772,M,2,2,5.71221581944472,60.61122721431143,82.61469032899228,6,1
C007773,F,2,1,3.523745741090437,63.40725274043408,67.25802668953216,1,0
C007774,F,2,2,5.248367907303407,57.118271551650174,51.20099684259908,3,1
C007775,M,1,1,0.6311918030719652,64.8972948962017,69.70094202476558,1,1
C007776,M,2,2,1.9111855401710534,60.883776904012976,67.4236708065937,6,0
C007777,F,3,1,4.579896900579356,89.26054204632678,42.20267680505496,5,1
C007778,M,1,2,4.035948801188298,61.30138880001491,79.07210782834899,3,1
C007779,F,3,3,5.622925245813008,50.33735518036016,63.75046940689953,3,0
C007780,F,3,2,6.5863861643496975,38.650436125463614,45.963346685843035,4,1
C007781,M,2,1,6.686895031713151,79.65878506754537,87.77540096438543,2,1
C007782,M,1,3,7.489171341190071,86.1849323458365,70.97250625361121,4,1
C007783,M,1,2,8.005891055245801,46.965431715228945,67.08359851083593,7,0
C007784,M,1,2,3.2162980545476185,73.70354479015636,78.7819580232546,4,1
C007785,F,2,1,9.059118412394007,72.45314989935642,60.586032799787574,1,0
C007786,F,3,2,10.356533624635864,64.7322384721125,75.63665574249397,3,1
C007787,F,1,3,1.1347044777784014,47.75733151089418,74.52572675768685,4,0
C007788,M,2,1,2.7047834918696028,72.0996016841029,50.27825955075817,2,1
C007789,M,2,1,4.792409898736603,84.28419100097064,57.20688122672961,3,0
C007790,F,2,3,4.5105137659658965,85.61081452150049,51.7811993243763,6,0
C007791,M,2,1,0.2896279275802298,72.32126562564058,85.19474799676024,6,1
C007792,M,3,1,1.9107570034887216,77.60555713219503,33.46262669435143,4,0
C007793,M,1,2,4.476883420111512,37.32714480278274,66.41641324125575,5,0
C007794,F,3,2,3.5211143356745116,73.66259530224505,84.6949520742887,3,1
C007795,F,3,3,5.366107094578238,73.87980098738673,38.1794971197572,4,0
C007796,M,2,3,8.302650838387567,59.71929067018961,61.20575046494328,4,1
C007797,F,1,3,1.2619700394348192,65.97226007994541,81.85214586202093,6,1
C007798,M,2,3,9.09121933186372,56.72854210569651,53.59785334092648,6,1
C007799,M,1,1,8.138585276543818,41.36739603767088,62.67984555162358,2,1
C007800,M,2,1,0.2031471442917856,73.89034011010307,56.097937882270394,6,0
C007801,F,2,1,1.3736606422264162,93.02965445780421,42.977313399776115,8,0
C007802,M,2,3,3.111537568774469,51.61018311537696,53.26366894485723,5,0
C007803,M,2,3,1.9024745723906502,65.84725159279712,48.456960766589425,3,0
C007804,M,1,2,5.280371912561638,44.80881798657373,32.3227156260963,2,0
C007805,F,1,1,5.3969665058246346,68.15667298925112,86.05087539840848,3,0
C007806,F,3,3,4.311356356719847,55.18511557349534,68.05569054858191,3,0
C007807,M,2,2,4.822811780329136,62.64317363448099,53.12167096098246,2,0
C007808,F,2,2,3.705486183317553,79.6480935584475,51.458023787973076,5,1
C007809,M,2,2,4.872617644493776,69.19446576763217,52.400431944773146,3,0
C007810,M,2,1,8.208202087109708,63.0268664651384,46.47458171640129,2,1
C007811,M,3,2,0.0,50.859818922277796,53.02363059941994,5,1
C007812,F,3,1,4.0393955191870266,75.25474734232255,43.64029131441897,5,1
C007813,M,1,2,5.022480934444172,48.148228164208795,72.63329487635546,3,0
C007814,M,2,1,3.7827468437958793,84.79802409365853,26.493904107679278,3,0
C007815,M,1,2,4.688280027820605,66.56959361381223,63.635515474629436,1,1
C007816,M,1,1,6.637260259391308,49.45106534859989,44.09337809120624,2,0
C007817,F,1,3,2.8643015179802047,42.24863907176387,76.3925697799264,4,0
C007818,F,3,3,8.859723457994052,60.01936621858664,56.91227287060341,7,1
C007819,M,3,1,0.7333622724460924,59.587318980083786,66.38058804391471,4,0
C007820,F,2,1,5.365152675558534,71.81840786393232,48.79537528228212,5,0
C007821,M,1,1,3.9701888752239807,49.58467188973673,83.3966457667409,4,0
C007822,M,1,2,4.571778162566841,76.7926662701623,37.61949649416189,5,1
C007823,M,3,2,5.675082104947515,26.996370479895305,48.02155328744258,4,0
C007824,F,2,2,2.6400646114818525,66.22672513232928,42.31154961119162,4,0
C007825,M,2,1,6.425123118241981,54.13742373071027,58.781548076980265,3,1
C007826,F,1,2,8.345090179502547,66.38406957624612,61.62657211657316,2,1
C007827,M,1,3,3.362071365258319,83.06655313577502,37.26743877928527,5,1
C007828,F,3,2,2.8609930640437975,78.56207883398164,41.009688413851975,6,0
C007829,M,3,1,6.78378155606824,70.00528083026437,40.02708573191528,4,0
C007830,F,2,2,6.161291284445273,84.92718768640825,33.62335387848316,2,1
C007831,F,3,3,0.5556135912898554,85.53936724546386,47.64452750874643,7,1
C007832,M,2,1,5.215765720738406,88.03560631299604,91.273149052964,2,1
C007833,F,2,1,5.7058863376727285,55.87660284826422,62.52536955106156,5,1
C007834,M,3,3,3.8794887843953423,76.17737793997456,48.058890381893434,3,0
C007835,M,3,2,7.301205849756478,76.49764532076709,55.16491822959136,5,0
C007836,M,3,1,0.47090717661274084,65.12425992734345,31.946057735478664,6,0
C007837,F,3,1,0.0,80.49541860496294,33.02480984758479,4,1
C007838,F,2,3,6.3427907984426675,65.5392915868725,44.59471341207899,4,0
C007839,M,2,1,2.211465047989467,42.65620322421381,37.13264744054246,4,0
C007840,F,3,1,3.923755696517841,84.04258787188954,75.42146420529807,3,0
C007841,M,3,2,1.5074090767301231,55.8198365139784,94.03673602739764,4,0
C007842,M,3,2,5.875078079810012,38.67254625287099,75.529677002932,4,1
C007843,M,2,3,4.749747120028655,100.0,45.74039561300269,3,1
C007844,M,3,1,3.708232906613908,48.77081529630726,60.15838493643852,4,1
C007845,M,2,1,1.2837455823159654,74.58369666815963,69.23399663112622,5,1
C007846,M,3,1,3.6474710960520635,49.11128095385092,67.16530703176136,1,1
C007847,M,2,2,4.734127554013019,58.64702084980222,86.84739082916043,4,1
C007848,M,2,1,2.83004845961693,54.51028490974346,38.43618378087276,4,1
C007849,F,3,2,2.9052094681703595,50.05793509915525,62.69956336478013,1,0
C007850,M,2,1,4.022835629257481,78.00842264026213,59.04330529926952,1,0
C007851,F,2,3,5.482330325367377,99.0692770303701,53.893015658394084,4,1
C007852,M,2,2,4.932674332443593,65.0871876508664,31.944764380368632,6,1
C007853,M,3,1,6.5873712355228395,38.363297810680834,33.740253852859226,3,0
C007854,M,1,3,3.8026245423886174,49.32132651927393,83.21793673400768,3,1
C007855,F,1,3,6.228409615682273,52.4672950518774,75.35745387281727,4,1
C007856,M,2,3,1.4350618249653984,66.51569675709203,39.439939992415844,9,0
C007857,M,3,2,4.876128194811104,58.755758958758996,27.456040221164955,1,1
C007858,F,3,1,4.759047401691689,96.73413712797992,60.50513060049613,3,1
C007859,F,3,2,9.186664840771755,63.543035178626965,58.56208726805013,5,1
C007860,M,1,1,2.525661437293634,77.10389470704605,30.91463172796937,3,0
C007861,M,2,3,1.3577395349031098,62.43535725106272,97.00841074756724,5,1
C007862,M,3,2,2.3053976553272024,64.38622535859488,82.32292413165482,3,1
C007863,M,3,1,2.6093319607935372,59.61187055866395,40.56642996752795,3,0
C007864,F,1,1,4.901797430826801,64.9188107878308,83.61039702569275,6,0
C007865,M,2,1,1.2267940825880754,57.554604370039456,64.1224634735977,3,0
C007866,M,3,3,4.759976225788734,65.55659350760496,73.03414490179952,5,1
C007867,M,1,2,4.075332083964999,56.66032840480752,44.829849789494105,6,1
C007868,M,3,3,6.01179576054147,99.02597619170992,71.14777492145744,4,1
C007869,F,2,2,5.362358659953648,70.89565771808957,99.98672000108121,3,0
C007870,M,2,1,5.822149486456131,73.69048158057834,81.2439044684278,3,1
C007871,M,2,2,5.080533427690746,62.459234015903306,73.30406472765684,4,1
C007872,M,3,1,6.5691586048790604,42.8693100930836,26.640643135864515,5,1
C007873,M,1,3,0.7207176244889788,44.75772391195797,75.36927846227167,2,0
C007874,M,1,2,0.7977000298478485,62.38685379533287,68.26850793889547,3,0
C007875,M,2,3,3.9547213849960907,61.8912660594264,45.33173568880646,5,1
C007876,F,3,3,4.185495893484801,70.8603162833435,54.170029451481625,5,0
C007877,F,3,2,1.7471341444349955,67.78281545129651,58.412273270032614,4,0
C007878,F,3,3,5.232470163606695,57.94257683885703,69.64706317214143,3,1
C007879,F,2,2,1.1303964373542343,100.0,34.02731373847511,3,0
C007880,M,1,1,3.410329887014037,70.2142830914479,60.943288552766326,5,0
C007881,M,2,1,3.9604583224919954,58.376514868815434,87.88313651972344,2,1
C007882,M,1,2,5.258578327547998,59.36154225268761,69.60596974543525,3,1
C007883,F,1,2,2.8910797795199183,75.81906169670312,40.635369802802536,5,0
C007884,M,2,2,6.674270861008524,61.63266975335755,64.86994468784326,2,1
C007885,M,1,1,7.6964246951484085,79.294984686053,68.69525444353518,3,1
C007886,M,2,1,7.383577050062064,63.70642057055064,22.806493561306482,9,1
C007887,M,2,1,7.977229683210133,59.2170271144672,65.4975086082847,2,1
C007888,F,3,2,6.345435353555011,43.433299486339166,60.275764516391476,7,1
C007889,F,3,1,5.353403938751937,80.58582628419286,31.751751313499035,4,0
C007890,M,2,2,2.35173666634027,48.70356155893178,94.43899833363474,3,0
C007891,F,2,3,2.758934968893815,76.25508997493861,65.58720728452089,3,1
C007892,M,3,3,6.087331790648331,56.03842715798581,56.28917487255227,2,1
C007893,M,2,1,0.08197636288986354,77.90594519960223,44.50846948425233,3,0
C007894,M,2,3,6.911853469879814,84.24798004645554,61.995618024516936,2,0
C007895,F,1,3,2.6663467010996262,53.701322229940395,67.53493878458893,3,0
C007896,M,2,2,2.824981489172659,52.39292960451081,83.91612005941963,3,1
C007897,M,2,1,5.70693667935481,98.27614555961893,57.90818705897226,2,1
C007898,F,3,3,4.616939050480435,71.88248855052034,35.6931640965537,4,0
C007899,M,1,3,3.077041227879184,75.83800595148331,58.574400391631556,4,0
C007900,M,2,2,1.996547582614617,44.710457620669615,58.42390220700209,3,0
C007901,F,2,2,0.6971573191610081,49.72915773625605,89.53290853955815,3,0
C007902,F,3,2,0.0,68.17581193181174,65.21410123144246,4,0
C007903,F,2,2,7.21894890144249,59.305952665593864,66.88874476692902,7,1
C007904,F,2,1,3.523558681884416,49.92978788580953,50.11199140192308,1,0
C007905,M,3,1,2.044718313813694,69.18633658454827,66.35126048187195,5,1
C007906,M,2,2,5.653342699654186,39.37612615875683,44.875140162925376,5,0
C007907,F,3,2,2.2855915451665516,69.55209845198019,62.947620205830056,2,0
C007908,M,3,2,2.3286170244847497,51.491932542513055,74.27763283387864,8,1
C007909,M,2,2,6.617300245514647,75.62911563457838,59.7578391989099,2,1
C007910,F,1,1,5.631365414606723,66.51739728011596,79.85378418740927,7,1
C007911,M,2,1,4.40294216330923,72.91922943196393,85.04285952740084,1,1
C007912,M,1,1,2.78070396370947,85.09781728327795,80.4517038895562,2,1
C007913,F,3,1,4.513895846713119,54.98525855537263,61.1061198650526,4,0
C007914,F,3,3,5.277071107678135,50.317670736856144,43.208802049057034,1,0
C007915,F,2,2,4.5677275149220735,83.02251052401246,42.07912633754284,6,0
C007916,F,2,2,6.671681124008595,90.39041085262157,69.78363430148353,8,1
C007917,M,3,1,1.7970977098980323,84.22119654883782,64.82524015963243,5,0
C007918,F,2,3,3.432187091009296,30.03659809715797,58.95151282746088,4,0
C007919,M,3,1,5.22525417665733,74.0301851282919,50.44897501717455,3,0
C007920,F,2,3,2.740120878006839,50.98836098989779,60.23071303028116,6,0
C007921,M,3,2,6.096237549915669,78.43788059955074,35.189191560067734,3,1
C007922,F,3,3,6.954067684383661,61.20809737694729,48.4107786131609,3,0
C007923,M,2,1,4.13052415240066,59.95846325727061,56.35316915589192,4,0
C007924,F,2,1,4.842198565987279,59.1099921710533,72.6169907324637,4,0
C007925,M,2,1,3.5407707539741713,56.00175357867213,77.5345102248204,4,0
C007926,M,2,1,3.3561491520813806,45.81320113902427,25.018094109764036,5,1
C007927,M,2,1,6.8233304114908275,59.26161783840613,31.39571285722032,6,0
C007928,M,2,3,2.160429172737655,66.96905956420687,72.87557119179388,4,0
C007929,F,3,3,5.818842573396789,87.42944492408358,61.85248076615284,5,1
C007930,M,3,2,2.9156615286802277,72.68286724806765,71.30843902220742,6,0
C007931,M,2,2,2.1398359736783155,60.65487786549366,48.80014694087828,1,1
C007932,M,1,2,6.217580304093081,59.545897925548424,49.80213057734096,5,0
C007933,M,1,1,5.532089043721894,20.208340706328322,46.734299524965365,5,0
C007934,F,2,1,2.5627056893248303,59.121655135665954,11.80377794864598,2,1
C007935,M,3,1,3.629768390085206,67.01516101025423,39.84090740765473,2,1
C007936,M,2,2,3.7260665064328946,55.82445621216003,40.78826980684696,1,1
C007937,M,1,2,4.517208833805365,57.098904767890986,43.317732856421586,1,1
C007938,M,2,3,2.92325465708283,27.77004616929971,42.48688654998111,2,0
C007939,F,3,3,7.820424578932617,44.14267688459607,43.458594381228906,3,0
C007940,M,3,2,1.5609169805982988,48.497815594997746,55.745060160259435,4,0
C007941,M,2,3,0.6647844221557024,54.15311556320677,69.90710450925141,3,0
C007942,F,1,3,3.7424421614604815,19.39344888542915,8.250361308109056,2,0
C007943,M,2,2,0.0,62.15210636447692,43.07345781802613,3,0
C007944,M,1,2,2.2910930718024956,63.64886002161201,43.73836276456558,5,0
C007945,M,2,2,2.60764142398882,71.16397980324199,32.40600619453494,3,0
C007946,F,2,3,4.0333641711716215,58.55135773571195,79.92950892560097,3,0
C007947,M,1,2,3.565830169117233,77.37096072817107,39.997745467125284,3,0
C007948,M,2,3,4.51921940214244,91.76635238876116,67.42435819723762,1,0
C007949,F,3,2,2.2838627968253467,43.885162208894414,45.73697350788357,4,0
C007950,F,1,3,3.1674547155282733,46.28211303717231,82.77212571827495,5,0
C007951,M,2,1,5.273231062130092,70.0259770547188,44.70384049620626,3,0
C007952,F,1,1,0.0,73.7910241493501,43.418072329372976,1,0
C007953,M,3,1,4.925590472077305,46.717718984456006,56.650753414664656,1,0
C007954,F,3,2,0.0,90.30261675282968,86.93682054033397,7,0
C007955,F,1,3,4.023317023402691,50.86161129797689,68.78966109912511,4,0
C007956,M,1,1,5.143822820209266,61.32133692525272,47.97230934456586,4,1
C007957,M,1,2,4.67698017772851,75.01215912327137,63.115334541944584,4,0
C007958,M,1,2,2.63548393204037,86.52605105019357,49.56959239998878,6,0
C007959,F,2,3,4.565223931923312,50.06598341680785,86.62767250720798,5,0
C007960,M,2,2,1.9269074682416494,76.11473220451232,73.93795078002839,2,1
C007961,M,1,3,7.040456579626283,63.35294897484116,59.256391579597874,2,1
C007962,F,2,2,5.828816225865184,42.984258645303264,63.35158634846234,5,1
C007963,F,3,3,1.9121561264745814,55.810616030161896,48.48623982995248,4,0
C007964,M,1,3,7.02910697092172,46.93137413700915,59.96812928712572,2,0
C007965,F,2,1,4.428150481601495,75.23283610905601,70.3374016966059,4,1
C007966,M,2,1,1.5147449421821428,43.638972033652365,75.9219709845979,4,0
C007967,F,2,3,6.568676193571061,71.53623851459504,52.24504449763624,3,0
C007968,M,2,1,7.61584070739233,64.75648662264166,21.260633769162915,3,1
C007969,M,1,2,3.4373571125566365,69.96608487423349,72.46654444170645,6,1
C007970,F,3,3,4.8051657607483005,64.91109370068774,48.65997351837633,4,0
C007971,M,3,1,3.9711354614927856,51.75773359172851,75.11507629100399,4,0
C007972,M,3,2,5.274613812039212,70.64346321571844,32.530123243726564,3,0
C007973,M,3,1,5.748614870370629,66.84756921890249,65.79409736074676,6,1
C007974,F,1,1,6.169328893310631,57.17623396965194,56.26642106305097,2,0
C007975,F,3,1,0.0,100.0,51.91350247331288,5,1
C007976,F,2,1,2.859918438021377,47.174870721623215,86.12034641415428,4,0
C007977,F,3,1,6.123731561224176,72.50378107087595,46.85539964230992,3,0
C007978,F,2,3,2.4640150415768103,73.81401276954372,84.45038883948342,5,0
C007979,M,2,2,4.763820611913686,60.6000780004337,99.09485061928805,2,1
C007980,M,1,3,1.983905146174605,68.64855917422686,37.27994960832266,3,1
C007981,F,3,2,5.491374447110391,71.62316921530945,43.57901708034797,1,1
C007982,F,2,2,4.08245346428673,63.82639629714522,57.07067562629994,3,0
C007983,F,3,3,5.3287787202981525,56.55668252274157,55.9211594265817,5,0
C007984,F,2,1,4.868933899461766,63.734981059307856,79.87987408933218,2,0
C007985,M,2,1,0.9084808577577581,55.84725191229064,79.83644249104245,6,0
C007986,F,1,1,8.608829425880806,85.51140103294661,51.15629902105013,9,1
C007987,F,2,3,1.122717121248764,78.06972111563965,45.86821482630455,2,0
C007988,F,2,2,9.46784272792231,66.08026168124061,54.03660225662051,3,0
C007989,F,2,1,0.0,53.77950094455274,63.91296999395739,5,0
C007990,M,2,2,4.14977840506947,60.182476579577404,39.33912542703828,1,0
C007991,F,2,1,0.9033390985608647,56.0889372661334,37.333576463327134,7,1
C007992,M,2,2,7.5546513081848,63.462265947650074,46.44157725332812,3,0
C007993,F,2,2,1.768277755515915,40.8468510273398,51.772769597245635,4,1
C007994,M,3,2,1.5910084454740416,56.56794332731586,53.270989970113185,3,0
C007995,M,3,3,4.075148986105793,48.46835292254451,23.868631066373418,4,1
C007996,M,2,1,7.146550907608683,54.39073083343852,52.28934871036084,7,0
C007997,M,3,1,6.712355700319909,92.35779479597733,36.46658453730832,3,1
C007998,M,2,3,3.5100214691648874,60.076449030180044,61.19652166195718,3,1
C007999,F,2,2,3.294972297900134,67.82972865958531,37.237143448647615,5,0
C008000,M,2,1,5.147390963219351,61.56017426750691,65.82531495859686,3,0
C008001,F,2,3,3.871776394193923,74.35789394830212,56.858267589484484,5,0
C008002,M,1,3,4.177407111072414,59.084936679236534,85.56702851224374,5,0
C008003,M,1,1,3.688221632845913,56.69146662592364,65.10576586460293,4,0
C008004,F,2,1,5.34300753933428,54.65981549713692,56.447883412664815,3,0
C008005,F,1,1,4.99197946230748,53.820392825717526,58.98407933327632,7,0
C008006,M,2,1,7.347124493080141,87.52148187351813,60.896543351767434,2,1
C008007,F,3,3,2.5988906714299227,70.70673991379654,49.25328845245901,9,0
C008008,F,1,2,2.5786339863652312,55.734666478985446,55.36421703619462,2,0
C008009,M,1,2,3.7960746233866476,77.575155940465,50.792663318143084,3,0
C008010,F,2,2,3.555106663055959,82.22122588900717,53.497612351974205,4,0
C008011,F,2,2,5.898302899934711,54.28594205134664,51.69598898125998,4,1
C008012,F,1,1,1.6792368303270293,60.59176363971523,53.26727976714744,5,0
C008013,M,2,2,6.7941312476019355,65.1200344139478,59.117788546544226,2,0
C008014,M,1,1,3.3741855014924544,53.446796937187074,69.90925455482198,2,0
C008015,M,1,3,6.598892793117939,57.57236858415844,76.4371450876845,4,1
C008016,F,2,3,9.568767235950347,57.58658001930005,48.6212653581625,3,1
C008017,F,2,1,6.2582787689625246,62.7898383672815,34.469447850659705,6,0
C008018,M,2,1,5.374701842988072,100.0,73.98770091082768,5,1
C008019,F,3,1,6.454472866661878,51.45609059051028,98.7682086845301,3,1
C008020,M,3,2,3.352572185943684,42.92810836773441,69.39132648575313,2,1
C008021,M,3,1,4.578598555434117,79.6780705729343,53.86966718182812,3,0
C008022,F,3,1,2.521087936023586,67.74931540055496,63.897321146745824,2,0
C008023,M,1,2,2.660935718239427,60.39189209363796,62.67803779840363,1,1
C008024,M,3,3,4.678475716367236,77.98666999133945,59.20122715290703,1,1
C008025,M,2,1,4.2105694472484805,46.643753443377435,43.713743556870604,4,0
C008026,M,2,1,4.949090902999209,69.72106124702063,77.67190686369077,3,1
C008027,F,2,3,4.2952783242693595,62.17758480266769,45.6145234383345,8,1
C008028,F,2,1,3.3787944077171943,65.51751520824236,77.19284901971639,6,0
C008029,M,1,2,6.032200995001231,65.75127572804354,69.61170262990034,5,1
C008030,M,1,1,2.6415038556302495,100.0,85.39637181621717,4,1
C008031,M,2,3,4.5524303504821635,57.4479722401127,72.84719132826777,3,1
C008032,M,3,3,6.524828534290078,52.35517887059965,18.0709984657585,3,0
C008033,M,1,2,5.560822622559263,73.03882666602733,34.53691273628142,2,1
C008034,M,2,1,3.9363758327884133,80.32552128444732,61.054000032154306,4,1
C008035,F,2,3,0.048673696230268515,44.72724691673845,90.06296159622599,4,0
C008036,M,2,1,3.2517950914560547,70.8540272701218,52.747045283702,6,1
C008037,M,2,2,8.673854926765262,47.494088782211655,35.131684380083655,6,0
C008038,M,1,2,3.4541868884462756,44.6829142268477,74.19847064397409,4,0
C008039,F,3,3,3.988744604517595,61.67090324043899,89.29547111521272,7,0
C008040,M,3,1,4.373068637081868,55.048097228895074,45.5712920792963,6,0
C008041,M,1,1,4.940093590104851,45.65945932796267,50.329953630247346,5,0
C008042,F,3,2,2.5585219991605106,52.2324587867297,89.32342315079252,6,0
C008043,M,1,1,5.667653535018495,57.20454911233867,36.899709215792896,2,1
C008044,F,3,3,4.8993126967398775,74.3090212016625,40.67836532592795,3,0
C008045,M,2,2,0.21060794140515693,50.27457225834079,40.41233816127813,3,0
C008046,F,1,2,0.0,66.08422732802518,62.919730217966304,6,0
C008047,F,1,2,2.8187963524677007,37.342252283883056,54.7796733064227,7,0
C008048,M,1,3,1.3361397797666772,61.70681565938924,49.053697498176746,3,1
C008049,F,2,3,4.680495803984732,76.0106147021321,75.66376053480965,4,0
C008050,M,1,1,3.176422149266134,57.82682690979942,74.67898496304984,3,0
C008051,F,1,3,5.034265838676742,73.01889219152355,85.94798790278436,2,0
C008052,F,2,1,5.063056496698939,36.23532750550828,60.95367132969747,7,1
C008053,F,3,1,1.7873501132720473,48.25741790883417,73.81867632091571,3,0
C008054,F,1,2,3.1986122952690677,73.42846805144869,39.315133228163845,2,0
C008055,M,1,3,2.782776202655439,74.47204199763108,72.88154375590011,2,0
C008056,M,3,2,6.052718513537721,93.02764685608678,73.76043927101452,2,1
C008057,M,3,3,3.613496906743892,75.57529048460236,45.6753214178355,5,0
C008058,F,2,2,6.75213419572262,82.38318199086622,70.78597497623568,1,1
C008059,F,2,1,6.874530889561972,50.616644655942515,64.30479227307062,7,1
C008060,F,2,3,3.7017765556281046,64.92422061926192,68.23406941564667,6,0
C008061,M,1,3,2.696797509797162,44.302170012795,76.99811996474352,7,0
C008062,M,1,2,2.073576157524281,81.28870196671997,63.09743911252391,5,0
C008063,F,1,2,5.56188160414912,60.64649169309292,80.81101263475335,2,0
C008064,F,2,1,3.7792216373660663,72.275457471873,39.8839006215844,5,0
C008065,M,2,1,2.3964948051372064,30.531533759391912,44.4079667816205,6,0
C008066,M,2,1,5.973580623365941,27.222269681425338,57.0497033719096,1,1
C008067,M,2,1,6.013879041686555,91.43575460543862,46.08218303869381,2,1
C008068,M,2,3,1.9133604009084286,100.0,64.61994174896972,5,1
C008069,F,2,3,4.79538899521979,70.29746090737595,53.89144978696972,4,1
C008070,M,1,3,5.295143797863456,88.22787757743572,54.590503141301824,4,1
C008071,M,3,3,7.743451865477335,53.96170770544801,54.06863001749966,6,1
C008072,M,2,2,3.636944155599826,41.372662274262595,64.26378174380208,6,0
C008073,M,2,1,4.000425561623895,89.76822383008238,59.86387973787193,4,1
C008074,F,2,1,5.454294320344713,62.984716264012015,66.57838564860297,4,1
C008075,M,3,1,6.791661332153652,61.81347699997493,52.96407160287838,3,1
C008076,M,1,3,4.8813618172517845,89.96356977002249,26.744127945303546,3,1
C008077,M,2,3,4.496002580027966,59.816164410182374,73.2892022000019,4,1
C008078,F,2,1,2.765115805658919,47.32770000475189,45.92497724863305,3,0
C008079,F,3,2,3.2880228330021337,44.19600709114944,65.02323255309419,5,0
C008080,M,2,1,3.6722332129140605,64.94304611017216,59.93458848798313,5,0
C008081,M,2,1,5.542758519762987,78.08364060477024,99.78635295822697,4,1
C008082,M,2,1,4.9872638072826,60.68132869305763,11.713483499799807,2,0
C008083,M,1,3,2.4837525331776082,63.3029415197785,48.13087772081836,3,0
C008084,M,3,1,5.869488644173825,53.33059212959036,66.71833955801648,4,1
C008085,F,2,2,3.6280122637216765,57.24238573217843,31.09539930612544,3,0
C008086,F,1,1,3.659358697419483,88.56815916496075,59.1687755206814,1,1
C008087,M,1,2,5.689693152964551,62.93010200359314,29.775369670399023,2,0
C008088,M,2,1,5.964058571924147,53.3720198145213,59.7804360751431,4,1
C008089,M,2,1,4.7609679033393535,89.64750693183063,60.619223681385016,1,0
C008090,M,3,2,8.117434737013507,60.767269149208374,72.73281165642824,6,0
C008091,M,2,2,0.0,62.33595215579679,64.83596354757962,4,0
C008092,M,2,2,6.124431253992713,61.10329164866938,42.4984943979184,5,1
C008093,F,2,3,1.8013724564184908,40.53556124976896,60.95554348599136,6,1
C008094,M,1,1,3.9628388313780736,58.5925572902583,65.64786416901686,6,0
C008095,F,2,3,4.053921761435261,67.97457317702094,43.54787204169107,4,1
C008096,M,3,2,3.890961410796654,58.4583072180524,77.43195523151549,4,0
C008097,M,1,2,2.014292893733404,79.58975689526362,70.03790113370869,4,1
C008098,M,1,1,1.0313107652892461,49.816337119423785,30.59701162654217,2,0
C008099,F,3,2,0.0,69.07232571214175,60.2818780844928,7,0
C008100,M,1,1,3.5616350075361978,57.031496910632605,41.33135026621357,3,0
C008101,M,3,3,4.316073474509138,78.83728973592608,24.16919549015043,6,1
C008102,F,2,3,5.326551355267396,87.74337261685082,49.56689812462475,7,1
C008103,F,3,2,6.574038698600835,83.11365057075575,53.09251487962808,5,1
C008104,F,3,3,5.867654803177891,65.88223883234257,98.15219014109456,8,0
C008105,M,2,2,6.192639211576003,64.26603732089234,50.05543920023082,5,0
C008106,M,2,2,1.8175751180464732,63.248487462862904,60.55754569091421,5,0
C008107,F,2,1,6.448303231907552,48.638677216624245,65.31354782947668,3,1
C008108,M,2,1,4.842395799292995,78.27676304623219,53.2522861833547,4,1
C008109,M,1,2,1.160738958688254,32.89977104005406,64.6837242159157,4,0
C008110,M,3,2,6.374888472729603,58.80738633881443,46.87379123409589,6,0
C008111,M,2,2,2.078487652911512,88.98432427657497,39.94745472152643,2,0
C008112,F,1,3,1.7399510465207202,40.26482404293036,49.19939144128364,4,0
C008113,F,2,2,7.412669089973582,71.94475287007639,36.6301213839112,6,0
C008114,M,2,2,4.545390634253117,76.13798989145451,70.452182311739,5,0
C008115,F,3,3,1.724687861203679,56.173638753616174,58.28000460919236,5,0
C008116,M,2,1,2.8353090898042614,49.04188555490451,50.68918778955265,3,1
C008117,M,1,1,6.346007895830669,39.48464606415102,69.93641151833403,3,1
C008118,M,2,3,1.376580842333631,57.648515111741176,48.711556476469184,4,0
C008119,F,3,3,3.706561027933289,52.9090884510405,5.518539611412699,3,0
C008120,M,3,2,3.7052847208595057,43.00940401469441,49.73613442684791,2,0
C008121,M,2,2,10.0073778020635,79.56274891316338,73.03476841656827,5,1
C008122,F,3,2,0.8109823970864767,51.67574508194502,77.38869335017614,4,0
C008123,M,2,1,0.9019278039954624,71.48855236877824,37.25412897332676,3,1
C008124,F,3,2,2.7700402243345126,51.65863400374548,48.72499801901124,2,0
C008125,M,3,1,2.609330986528379,72.68220011269426,72.42609111969355,3,0
C008126,M,1,3,4.094290741182815,67.77361254354702,32.45716808656883,4,0
C008127,F,2,1,2.9798629741735416,80.21220584122946,53.70303465345092,5,0
C008128,M,1,3,5.880311250574843,40.70810293445124,64.88296927838522,5,1
C008129,M,1,3,4.2106234717550155,53.198787504755174,84.4894049831915,3,1
C008130,F,1,3,1.8932747570274366,78.49819493230679,50.94023886057778,4,0
C008131,F,2,2,3.4947136992091217,54.92797404634196,33.90208574079144,3,0
C008132,F,1,1,3.423787712535306,58.80581741897479,45.129563484807136,4,0
C008133,F,1,3,6.535016250872625,72.86379718916736,100.0,2,1
C008134,M,2,3,5.923168768358216,60.19231786692739,64.8393509248405,2,0
C008135,M,1,1,5.5902487476688005,66.32398115447116,81.16839674255202,5,1
C008136,M,1,2,2.4212873639597734,62.857949156611994,59.003058519880014,4,0
C008137,M,1,1,4.709906485920423,59.6068240569068,44.89978016535926,3,1
C008138,F,3,3,1.4882025728126234,44.015084274515274,39.96743798586232,3,0
C008139,M,2,1,5.457370350615523,57.667050781613,50.85185051810952,7,0
C008140,M,1,1,6.697704092598677,72.78994069699417,72.19687119524275,4,1
C008141,M,1,3,0.0,59.88665767819967,35.65018928863338,3,0
C008142,M,2,1,3.8370443941765098,72.06118045687413,72.22351596076842,6,0
C008143,M,3,2,3.83475632898066,59.76588040562819,38.348732361236095,7,0
C008144,M,1,2,6.028362348978561,71.94154299276205,53.73864464350884,4,1
C008145,M,2,2,2.7359012182323403,55.42331659377879,58.125340557190675,3,0
C008146,M,2,1,2.705158521407891,47.18114956708313,70.07124483410541,5,1
C008147,M,2,1,4.393216885001948,77.68441218421121,53.89591105117969,3,0
C008148,F,2,3,5.379128031407808,48.185164047314416,68.61752859140415,3,1
C008149,M,3,2,4.4957099662427025,54.27841874266609,53.50238063377023,5,0
C008150,M,2,3,5.98186763513753,64.81709081345355,66.13101071115328,2,0
C008151,M,2,3,5.559365258103108,37.62947326514896,58.73189582286609,2,1
C008152,M,3,2,2.906394852813545,56.068142138911355,62.65992774797659,5,0
C008153,F,1,3,4.096889438494942,54.793515491715404,62.40483392505939,4,1
C008154,F,3,1,5.254395600568773,60.595419836388274,57.31747704282086,5,0
C008155,F,2,1,2.303662988544535,61.07595761873724,80.10663698076775,5,0
C008156,F,1,2,2.5520415153924185,57.552735010434546,69.81479443677324,2,0
C008157,M,3,3,0.8380288696673981,62.050489721116875,62.23095167321171,4,0
C008158,M,2,3,6.64521483141707,86.56203789393794,49.35547606899751,4,0
C008159,M,3,1,8.81907183633615,99.85688175179087,100.0,4,1
C008160,M,2,1,2.5609600432525474,72.20119698428071,86.86095721120728,3,1
C008161,M,1,2,5.3177233142726,59.78195972659431,41.21969530680492,3,0
C008162,M,2,2,6.799816678348735,51.10845531652121,70.07987968635625,5,1
C008163,M,3,1,1.4847049502031715,53.578932420726936,81.66209229186356,6,1
C008164,M,2,2,4.8200254207614,61.09165975200985,68.15629635451256,3,1
C008165,F,2,1,6.975936700273043,81.62582983453882,59.133814481786885,2,1
C008166,F,2,1,3.4790186721235554,49.21517511694386,48.21741848375527,2,0
C008167,F,2,3,3.887993076989258,70.00146559776303,67.79215766314739,8,0
C008168,M,2,2,7.105979954129902,56.77904948874149,42.982582362181574,5,1
C008169,M,2,1,3.137725090835917,79.02526437257224,52.474982313439845,2,0
C008170,F,2,1,2.8081513983677393,58.95871112960437,49.89631753569813,4,0
C008171,F,2,1,3.6670129643138827,53.20720446757477,68.5283903293471,3,0
C008172,M,2,3,8.082940175586106,54.20092522074704,83.83426952087345,5,1
C008173,M,2,3,5.83639684431417,90.6216110073935,50.65034834086535,8,1
C008174,M,2,2,5.269956501110031,63.84181622564071,52.401305438450166,9,0
C008175,F,3,1,5.246878106613924,80.91221473934903,82.57410787074814,3,1
C008176,F,3,3,1.6361824447341924,69.75527021409881,49.68932395925546,4,0
C008177,M,3,3,5.335186432595613,73.62290927551531,8.535322033048338,3,0
C008178,M,2,1,3.172701729085799,58.89482643232695,92.7037126074533,5,0
C008179,M,2,2,3.6918126794621595,62.81878783811275,77.42917173018989,1,1
C008180,M,1,1,3.5790934667767393,48.615706186375405,73.79336757600036,2,0
C008181,F,2,3,6.20242129098589,49.40005854624894,66.05559358432212,7,0
C008182,M,3,2,8.160359786253013,60.933257812576045,57.87960240939623,4,0
C008183,M,3,1,2.129181027700036,59.37783129447248,25.69771647849302,4,0
C008184,M,1,1,6.4991612861372445,62.28930999033705,55.40429713680237,5,0
C008185,F,3,2,3.822869525913751,76.03050793441967,54.988995703800164,7,0
C008186,M,1,2,5.895794875931795,92.27443613238121,56.91848138140064,1,1
C008187,M,2,2,4.888825338750975,49.58583410429102,69.65321816844943,7,1
C008188,F,1,2,2.8787829035044217,70.12376125656992,86.42685904389633,3,0
C008189,F,2,2,2.8454790206907514,55.58839520263682,57.90104366006588,3,0
C008190,F,3,3,3.76464587693896,39.56620023829042,55.55775647665067,2,0
C008191,F,3,1,5.027242598294414,99.82404290744068,86.34726860091348,6,1
C008192,M,2,1,5.331925742176139,63.32812626610792,44.97088118424422,3,0
C008193,F,1,2,10.775998915073526,58.71162219170923,58.69309821409611,3,1
C008194,F,3,1,5.444934383386977,77.7731568553931,59.7695214269885,4,1
C008195,M,2,1,1.3935244362671013,100.0,44.98436555204299,3,0
C008196,F,2,2,7.018124988749054,69.00033192154895,53.12631461024819,3,0
C008197,M,1,2,5.5639991518394325,100.0,53.351313509469485,3,1
C008198,M,2,3,3.896130343762835,64.19972826666361,73.22265712818901,6,0
C008199,M,2,3,1.8168854275742414,79.74539402681263,54.04125471226684,5,1
C008200,M,1,1,3.6424737684738178,52.351703297278924,54.54141415919383,4,0
C008201,F,3,2,6.832187608728065,52.535636802130846,67.78232113521484,2,0
C008202,M,3,2,5.353951239248628,69.15983496678189,50.504355528959884,7,1
C008203,M,3,3,7.242735614293949,84.42153183053435,42.91270635985018,3,1
C008204,M,2,1,7.125996202712967,57.10785860189012,100.0,3,1
C008205,M,3,2,4.709998846559538,78.6156039046603,58.31235730091269,4,0
C008206,M,3,1,0.0,70.34064450431777,63.3651291775406,3,0
C008207,M,2,1,2.27064028155734,60.579060031092,54.46347730137755,4,1
C008208,F,1,3,0.8641596465949233,75.61624523655144,32.234062147253425,5,0
C008209,F,2,2,7.373895109250684,52.91057221309727,49.992008856077234,4,0
C008210,M,3,2,5.386422662395937,80.25401111977702,39.224700252880524,5,0
C008211,F,3,1,3.7778246562698663,61.41753097969518,69.10431113741063,2,0
C008212,F,2,1,3.1061860281219933,75.79600236844121,66.79473616504464,8,1
C008213,M,3,2,6.636381128653815,68.1033938273944,69.74733625872835,3,1
C008214,M,3,1,2.2734902919544755,66.32903212354346,41.5896308453988,3,0
C008215,M,2,3,1.410581061685539,14.18942955977306,23.326691107846855,5,0
C008216,F,3,3,1.2212048493034438,56.47777597720278,18.427264855194565,4,0
C008217,M,2,3,4.485445099354978,50.06415431165064,66.49004860715291,7,0
C008218,M,3,3,2.4544437146183764,73.26953123120497,52.16381772045396,4,1
C008219,F,1,1,6.44041331938977,61.52911411782955,36.28136817010905,4,1
C008220,M,1,2,4.208448622734388,39.91621075885801,69.17179236320993,3,0
C008221,F,3,3,1.1465573642973221,73.47936932895925,74.93332251757946,5,0
C008222,M,2,1,3.676366068927292,62.51302662665697,58.20136996223328,3,1
C008223,F,3,2,2.048836439096071,64.1108301526459,48.773993775227524,4,0
C008224,M,3,1,3.9086925564347137,71.90281120486318,55.23997316712947,4,0
C008225,M,3,2,6.57568573923526,68.792199282267,80.32820406593372,4,1
C008226,F,3,3,3.830592318948024,95.19911255153727,78.2870057180659,4,0
C008227,M,3,1,2.6958797659014593,78.6612357207992,55.16949851337997,7,0
C008228,F,1,2,5.135873350857392,66.05324693069996,61.704904336194595,4,0
C008229,F,1,3,3.2163337751570387,69.95021925706739,100.0,4,0
C008230,M,1,3,5.328811495180826,61.756702414329474,97.31579063396208,7,1
C008231,M,3,2,4.871479508065728,57.708110415698634,60.09348374851412,3,0
C008232,F,2,3,1.8297616578662712,78.24187413135837,85.02351719979869,5,1
C008233,M,2,3,1.2578045858390419,89.23093827304098,66.2026302919951,3,0
C008234,F,2,3,3.3295049139377255,62.520241801395876,85.98098222176642,6,1
C008235,M,2,2,5.044988205132365,73.18097032607812,46.4502452593752,5,0
C008236,F,3,3,7.9463296618004975,51.383707854957734,72.64573713543102,4,1
C008237,M,3,2,1.6449292236077082,74.71482909071112,77.73552475694872,4,0
C008238,F,1,3,1.911543164282548,51.116114798530944,58.98731305834528,2,0
C008239,M,2,3,6.266454335410822,68.07992927611353,51.70742826605512,5,0
C008240,M,3,1,4.53405734545848,71.68699067422106,63.46754665634857,5,1
C008241,F,2,2,3.711025824345943,84.81469353083608,35.00110963346186,6,1
C008242,F,2,1,5.582004550682262,34.154000455565935,52.32204990881321,2,0
C008243,M,2,2,6.832680560760863,89.09109240016352,49.50459390674903,6,1
C008244,F,3,1,6.384179908635924,83.23944510079895,74.79665096631891,4,0
C008245,M,1,1,2.555310113192276,72.97577978932625,68.68701033891503,6,0
C008246,M,1,2,5.066261503455371,60.41167252719426,71.04099528235908,3,0
C008247,M,2,1,6.588235682045324,81.04984760665116,80.61682784496989,4,1
C008248,M,1,1,3.463771033296205,93.35383569442205,39.316010018336215,2,1
C008249,M,2,1,4.922928447435496,61.03694610141212,88.54786072296258,6,1
C008250,M,2,2,2.8111707565708857,86.88800651276107,75.90539137512194,6,0
C008251,M,3,2,2.0053187591363435,79.89147223775277,34.70589778684944,4,0
C008252,F,2,1,5.01511572233744,83.81082688422059,73.44247008647166,4,1
C008253,F,2,3,6.1364207809683,76.82587415435934,69.66476914854063,2,1
C008254,F,3,1,5.786527026613453,65.38004514747244,66.85705245952863,8,1
C008255,M,1,2,1.1668017648341755,47.38143976025648,42.716776764830115,3,0
C008256,F,2,1,7.000180041074814,57.86137918505811,59.258152115642474,4,1
C008257,M,2,1,5.39378690274487,75.38812196326798,71.43635094091053,9,1
C008258,F,2,2,6.598428384784594,62.14119423711672,60.24117746760516,3,0
C008259,M,3,1,2.0770872801059905,36.51716972916327,35.76876416528217,3,0
C008260,M,3,1,5.977501211815048,56.23222597440863,53.06529359986203,3,1
C008261,M,1,2,5.537042352946741,48.45815445728526,65.96448508253663,3,1
C008262,F,3,2,1.349493038038708,68.96506393139036,56.29421466863187,2,0
C008263,F,2,2,5.106047502750043,78.05905305326178,93.45254151221475,3,1
C008264,F,1,3,1.8704329352340934,68.41028473560371,73.14605883574681,1,0
C008265,F,2,3,4.174216690599226,42.862806491568364,72.44607216963439,5,0
C008266,F,2,3,9.241189636430956,59.39916186451062,62.90051878874291,4,1
C008267,M,3,2,4.779536234804569,49.46285796871669,51.78330673173092,3,0
C008268,F,1,2,3.8925029789071024,63.06625467206097,90.2570184355093,8,0
C008269,M,2,2,0.87762625468996,76.62078667444057,53.07934382926508,2,0
C008270,M,3,2,4.781487531434536,66.67352530998224,61.07690926774196,5,1
C008271,M,2,3,3.810484834903669,65.71535976837156,58.29842285235546,7,0
C008272,F,3,2,0.0,88.91351750631426,34.94042577310437,3,0
C008273,F,3,2,1.744895385564348,51.83553121761967,67.81235073604219,4,0
C008274,M,3,2,6.103979698457762,82.04700228874853,77.40005397762476,3,1
C008275,M,1,3,6.986551437307715,60.79984866519689,49.54070508314058,4,0
C008276,M,2,1,4.308311352811305,100.0,54.542524774978475,2,1
C008277,F,3,2,6.370873562717437,69.4625917678245,45.09309599311431,2,0
C008278,F,3,2,4.221184972405893,38.24159602165716,92.17478382039022,3,1
C008279,M,3,2,2.484266642272388,59.58518415338622,67.66605900536977,2,0
C008280,M,1,1,8.990210923727243,46.1627987813665,83.58599878198606,3,1
C008281,M,2,2,1.0416293726219545,97.22701626649209,52.46528980524777,2,0
C008282,M,2,3,5.07952745630777,54.5154464031029,69.9159998071917,6,1
C008283,M,1,3,2.7167153616273474,83.95384935987374,31.750005449463806,4,1
C008284,M,2,1,3.6900937251624675,79.47516164662784,49.11876033631262,3,0
C008285,M,2,2,7.644107050992574,47.69818676716049,96.50459357465195,2,0
C008286,M,3,3,4.247254682870914,42.333046807832304,67.30846005062013,2,0
C008287,F,3,1,3.436454160890083,79.96271849186809,54.04740153159993,5,1
C008288,M,3,1,2.946960315178349,60.00635414631055,26.84800433530078,4,1
C008289,M,2,1,5.384930800937329,65.29068543654131,63.250455110966314,4,1
C008290,F,1,1,2.065443288528498,67.54873832589305,52.414564567463984,5,0
C008291,F,1,3,4.356245591582364,21.254264516598276,75.25189460676046,1,0
C008292,M,2,3,3.8522443920483442,63.95872358729912,33.8362514874827,2,0
C008293,M,1,1,2.426400347478649,82.22249382299967,76.01471042614119,6,1
C008294,F,1,3,0.997593057758217,38.62669018707257,51.83346911396306,3,0
C008295,M,1,1,4.223298832715028,77.26395063815441,41.33419147542459,3,1
C008296,F,2,2,3.3289204510622312,61.74621402443115,63.32155769201181,4,0
C008297,M,3,2,4.640341054558046,47.94316857997316,92.70768534497824,7,1
C008298,M,3,2,0.0,70.19671402243803,72.99965276481477,2,1
C008299,M,1,1,3.137958993128402,64.74169074634146,65.56766805775732,3,1
C008300,F,1,3,6.024023542010218,85.44466607349406,50.320583725234954,2,0
C008301,M,2,1,0.5194242013027912,56.62531400568421,85.50689120792175,6,0
C008302,M,2,3,8.27162546390399,84.34049793999593,66.25625788000076,1,0
C008303,M,3,3,4.945391911836724,64.44614302969852,24.457514893394077,3,0
C008304,F,2,3,3.834183637027321,71.48960367854339,73.70359780811172,1,0
C008305,M,2,3,4.382259998205938,59.722006223153,64.30637785491776,4,1
C008306,F,3,3,2.2687018158576837,50.58479868822552,57.785630286441645,1,0
C008307,F,1,1,7.266549701510586,79.16533456756419,82.30607960968632,4,1
C008308,M,3,2,4.536861970645634,64.30837316227742,46.65499435529134,3,0
C008309,F,3,1,4.289240872529173,60.05963569692924,50.437672801480595,4,0
C008310,F,3,1,6.349694338372684,79.92670433864161,56.71766594758434,2,0
C008311,M,1,3,4.995735114936743,87.47169162058817,67.32371588795951,3,1
C008312,M,2,2,2.6481495505658583,57.02810599671321,48.90950900207221,3,0
C008313,M,2,3,4.0693545834890825,89.63793956234888,41.96305622432047,2,0
C008314,M,3,3,5.391937798874278,53.27362669478154,56.207531980845275,3,1
C008315,M,2,3,4.271976393220101,68.18415999641803,50.78040871068744,2,1
C008316,F,2,3,1.1790607429197104,77.92472065044109,89.51346276111023,7,0
C008317,F,1,3,7.222064365201321,13.379696800236957,22.781432641056533,1,0
C008318,M,2,2,4.494224129368764,50.34420654415993,75.66043893979962,6,0
C008319,M,1,1,3.2712428858449996,58.55724864457565,22.923856819196203,2,0
C008320,M,1,3,5.571842253110116,68.99404861649522,58.25812632880181,5,1
C008321,M,3,2,3.0524858225373346,64.99844430152967,40.18523228145601,6,0
C008322,M,3,1,0.7687908773709928,27.932058333320533,31.725790462412,4,0
C008323,F,1,1,4.1279839460454095,59.07775962725477,83.43302408894351,4,0
C008324,F,1,2,5.609073155401151,41.44566339294422,72.7327032351866,7,0
C008325,M,3,2,3.540012745612424,55.6443888854276,60.729945052330926,4,0
C008326,F,1,2,3.6251619038360676,59.709793974145114,61.95874476477398,4,0
C008327,M,2,3,3.723938679654513,68.06836162700611,45.84943621421532,5,0
C008328,F,3,3,3.9059401662909994,58.11381332898591,51.31212424720046,3,0
C008329,M,3,3,4.454705247300618,65.30934461360762,47.194276976758346,1,0
C008330,M,1,1,5.88640811686695,56.699714678897784,50.14939377151176,5,0
C008331,F,2,1,5.750509971434114,69.81281104115034,55.78722462988726,2,1
C008332,M,2,3,8.60166296869113,45.24832289064219,83.55844055868086,3,1
C008333,M,1,2,7.966523131348398,63.790480572637264,70.28314398335198,8,0
C008334,M,1,1,2.235177019757741,47.66281187918031,65.20215970117144,8,0
C008335,F,3,2,3.626160449011507,58.776650704743794,41.73808141221123,5,0
C008336,F,2,2,5.715906503308286,67.9085817086867,67.65523252866434,3,1
C008337,M,1,1,0.1857654875377759,51.31228128809856,14.785909353393862,5,0
C008338,M,2,2,4.818720648284696,62.8452588485884,47.13226019731374,3,0
C008339,F,1,1,2.2425766258613344,59.4289760809771,37.395398203737955,4,0
C008340,M,2,2,4.008580597398031,95.58653993148427,52.903882220367045,3,0
C008341,M,3,1,4.151663921895627,70.01816273675936,54.42566592268112,6,0
C008342,F,2,1,0.23136165846683232,72.21813299643159,51.78025260070345,7,0
C008343,M,1,1,9.44525900452403,51.58406733889592,59.26055441978574,3,1
C008344,F,1,2,2.9357476788959973,27.08282466026158,62.2860063926706,6,0
C008345,M,3,1,7.2887216939896895,55.55759166907869,83.69231657931218,6,1
C008346,F,1,1,0.5277997115817961,40.27872666091059,45.007257789478714,3,0
C008347,M,3,3,2.680936839937641,67.94774698753307,44.58185612029121,5,0
C008348,M,1,3,5.844559602621782,68.72522539572262,57.63668142852165,3,1
C008349,M,1,3,3.5561859187433775,67.6992293562387,65.04286104120862,7,0
C008350,F,3,2,5.8457027516877496,63.48221065392921,60.26210907312598,3,1
C008351,F,2,3,5.481408985981473,51.259966348120344,92.46082784973748,3,1
C008352,F,3,2,2.2596830595216852,53.61080588763283,74.82141053401006,5,0
C008353,M,1,1,6.777105365856468,70.77933568978473,84.30226796255383,7,1
C008354,M,1,1,5.347533246514956,94.43169893061716,67.71994215484,6,1
C008355,F,3,1,0.8972509668181017,68.23381808126463,61.08809948149059,2,0
C008356,F,1,2,4.305789505647473,70.07783070900112,13.999729713901068,4,0
C008357,M,3,3,5.511196223497464,93.09879167014924,60.406785316307555,5,0
C008358,F,1,3,3.854864492174769,64.34558881933485,53.61965776646865,5,1
C008359,M,3,2,4.180986095126439,50.52713571735519,54.09037895696402,1,1
C008360,M,1,2,5.143851544662478,70.27235921349393,77.23023496672562,4,0
C008361,F,3,2,0.4778479099531925,89.47135467988292,35.52876856988091,6,1
C008362,M,3,1,3.632280431063932,78.13224471109368,78.97714805319174,3,0
C008363,M,1,2,3.249663722101678,67.92268573608692,70.71206613493551,4,1
C008364,M,1,3,5.735631018258251,36.061807481717224,63.32887586373098,4,1
C008365,F,1,1,2.832751008200951,41.76992522052137,73.91317539260245,3,0
C008366,M,1,1,8.35742008425989,69.98681394596962,26.930382706694978,3,1
C008367,F,1,2,2.7814342442131967,59.7039316586825,66.03065417089319,3,1
C008368,M,3,3,1.5913164872580077,63.5545692519779,32.37889238828381,2,0
C008369,M,2,3,6.769720614415674,79.60614341302725,65.45330746591212,3,1
C008370,M,2,1,5.376519836154565,46.12900941605592,37.39670516619364,4,0
C008371,M,1,1,4.906800238498709,55.62143869458369,44.625599407730085,4,1
C008372,M,1,1,3.5219417952854437,83.00631313510075,50.78217674693644,2,0
C008373,M,2,2,3.277280978568009,46.199994795628186,53.81995232068179,6,1
C008374,F,1,1,5.062737770400187,82.41798753449687,62.332800193074405,5,1
C008375,M,1,1,2.8033780707851417,70.29084376646142,71.62607215292614,4,0
C008376,F,3,3,7.966941734220814,63.10894637504788,100.0,3,0
C008377,F,2,1,4.574868147254263,67.20049347860149,46.645912452875315,6,0
C008378,M,2,3,3.455335963346945,70.53001404542806,61.08252512544168,2,0
C008379,M,2,2,3.1403112308918124,74.85389990654747,57.149693212974405,7,1
C008380,M,2,2,1.3716221254081318,34.44655619688481,39.54660457399665,6,0
C008381,M,2,3,5.605365195451112,83.99802462251783,23.303865528825398,3,1
C008382,M,1,1,2.310333796752206,68.67508458907271,41.51708323762758,4,0
C008383,M,3,1,3.7165503480958035,82.27569597402166,48.56327948861249,2,0
C008384,M,2,2,9.60438586678279,71.7094062195648,51.75065367315205,2,1
C008385,M,3,2,0.031923045285542795,97.74968108689144,32.87508845494334,4,0
C008386,F,2,3,3.781451354615856,54.30381523335264,53.13444259577774,2,1
C008387,M,1,3,0.9893848684904984,89.25388376360867,55.410856402309236,7,0
C008388,M,2,3,2.81804365042702,52.070805007130815,42.373847265098476,5,0
C008389,M,2,1,3.686806308351829,73.1762385866212,72.19193297521419,4,0
C008390,F,2,3,1.1318853113183125,80.92773259872368,27.804115003236554,3,0
C008391,M,3,2,4.900074755045193,65.27740863699819,63.60745692367688,2,1
C008392,M,1,3,7.230521900485675,35.77767446860042,54.47890567399631,4,1
C008393,F,2,3,4.732292222177573,67.00938787467311,60.155310343386354,4,1
C008394,M,3,1,5.848546534431959,57.93430834257662,66.09499096255229,2,1
C008395,M,3,1,7.573328782998461,78.54008464376722,63.90430348005398,3,1
C008396,M,1,3,5.3357313652823075,51.664567569450895,23.387911783767635,6,0
C008397,F,1,2,0.0,56.819116061955924,54.01661564567534,4,0
C008398,F,3,3,4.393975909410908,54.90186242254352,67.02326022012164,5,0
C008399,F,1,1,0.0,60.31329351785536,67.6286643217563,3,0
C008400,M,1,2,2.410881502452825,66.27867847679838,44.27379274569695,3,0
C008401,M,2,1,0.7022785151366184,73.57559651949637,39.165269196209124,3,1
C008402,M,1,2,4.600410864056997,72.40363268801839,68.90696992943379,6,0
C008403,F,2,3,2.0260013967888866,45.82140402192504,67.43413231282366,3,0
C008404,F,2,2,4.660848016600627,52.01091920878635,39.21323463069389,6,0
C008405,F,3,1,5.718696990504754,56.20144068055776,35.50200956355205,3,1
C008406,M,2,3,1.891749371057211,59.75168894088866,51.251192373419734,5,0
C008407,F,2,3,4.552757179940399,52.00688152677373,44.32760238579607,3,0
C008408,F,2,1,0.0,53.751603698586,60.52869719046812,3,0
C008409,F,2,1,0.7163841903771502,84.45667915840873,82.47628093459369,4,0
C008410,F,3,3,6.7887191914994505,69.62274189146021,35.65608662369739,5,0
C008411,M,1,1,2.0596397063238148,48.41976410143606,55.55736358243034,2,0
C008412,F,3,2,2.844744576685022,70.99719391266262,44.0485298417435,5,1
C008413,M,3,1,2.2008503548823466,58.820237044664374,71.49280245538755,4,0
C008414,M,1,2,0.18688418006561625,92.70799629046252,72.65716905431245,1,1
C008415,F,2,1,1.725346738192123,55.541511488187574,41.52177726698496,2,1
C008416,F,2,2,3.9872758962101993,57.5832729952823,77.49829929160401,5,0
C008417,F,3,1,3.1523769361210165,60.556947121761034,72.71870812426756,5,0
C008418,M,1,1,6.36116990414632,48.427321095450424,54.685866941554515,2,1
C008419,M,3,1,2.6391412929543896,71.94954991967258,71.10092539786547,5,0
C008420,M,2,2,3.97354682580826,65.69743856408488,33.0544279928131,1,0
C008421,F,2,1,2.8031753594564424,70.09636920866261,91.97893292388594,7,0
C008422,F,3,1,6.054694288993479,65.42538150804252,58.63634856999623,3,1
C008423,F,2,2,0.8471866831191264,67.76013637393196,80.28659287972505,5,1
C008424,M,3,1,5.050919176847593,89.33349660270454,46.83118415645177,5,1
C008425,M,2,2,4.89081061533148,73.24582368851473,29.123187718647394,3,0
C008426,F,1,1,2.1931652828820427,38.06787120438386,66.02250187862707,3,1
C008427,M,3,1,3.781503554297504,69.68331972927822,44.24802361619859,1,1
C008428,F,2,2,4.851308669907199,82.49555990033643,46.199369443356616,4,0
C008429,M,1,1,2.4780731998187893,30.24728205176764,61.881028073761485,4,1
C008430,M,1,1,2.432134815619894,47.55312115771044,72.59984850943573,5,1
C008431,M,3,3,1.2945974858943408,74.01409433665215,63.98806213235112,1,0
C008432,F,2,2,8.44916412861668,79.56364211926194,76.56839558059346,6,1
C008433,F,2,1,2.9727563707908375,67.59257347432307,53.931559723166615,4,0
C008434,F,3,1,1.302776279722885,71.55594652857377,82.04616939865016,3,1
C008435,F,3,3,0.11016741147197484,85.55441982520914,72.36437303379022,4,0
C008436,M,3,1,2.2338909979570927,57.29090569491571,37.996794910315735,3,0
C008437,F,3,1,4.5872232673717965,50.871030880286,68.98671462136437,2,0
C008438,F,1,1,3.4379885209995087,61.2221998359468,58.00731904568702,3,1
C008439,M,1,2,4.771368624297035,67.62649678635587,43.17155644173455,4,0
C008440,F,3,2,5.5736271804228705,69.72147510539706,67.83618656264852,6,1
C008441,M,3,2,3.667983485374719,76.58362432236851,65.10005815778501,4,1
C008442,M,2,1,3.719386059026917,89.98322855447529,69.4487932041597,5,0
C008443,M,2,2,7.444580994970025,67.77104739249125,37.65195640944857,4,1
C008444,F,1,3,5.620613483484691,46.218003201796925,17.955819767143197,3,0
C008445,M,2,3,4.8459080747670695,53.42574130056673,51.20829656540115,2,1
C008446,M,1,2,3.2452129831610295,67.06317335762782,52.34732420982066,4,1
C008447,F,1,3,5.485946737710698,86.80988671485605,65.93262016655474,4,0
C008448,M,3,2,4.775096539443687,74.81266415302183,8.708964825684404,5,0
C008449,F,1,2,4.692230822695217,51.65167208367299,68.73947968542538,3,1
C008450,F,2,1,5.577888303099101,55.23647981440006,72.08449190908681,7,0
C008451,M,2,1,4.717362228101125,60.60906859933442,73.23351587077198,5,1
C008452,M,1,1,0.6576591061098895,66.11220952984478,72.4416679256815,1,1
C008453,F,2,1,4.120281998668422,60.91568784734763,37.65483460569262,4,0
C008454,M,1,1,1.5468641219718453,51.884162604840355,41.652390253441055,4,0
C008455,M,2,1,5.393250843870291,53.714389379814165,53.768305034034,2,0
C008456,F,2,3,0.549433288557696,63.891288412498426,54.61512752025104,2,0
C008457,F,3,3,3.9316553191978993,68.14316279956552,40.34230355929023,4,0
C008458,F,2,2,4.127235023326338,50.41506123670571,60.61669471686325,5,1
C008459,M,3,2,1.4766457301999747,69.82051823282124,65.83550197800838,2,0
C008460,F,3,3,3.8216219842088366,92.22898121384029,63.735345742229775,11,1
C008461,F,3,3,5.688997014700342,68.10087197978599,60.35588542552267,4,1
C008462,F,2,3,2.775336170106188,69.09544145585706,64.94248536999706,5,0
C008463,F,2,2,4.636930949589072,44.42787656042782,53.49136417190512,3,0
C008464,F,3,3,5.11679702244243,76.05416232878135,67.65878698122661,2,1
C008465,M,2,1,1.6517407086997586,56.310733632435415,65.50884521850908,3,0
C008466,M,2,2,4.090905621198243,81.05922667851232,44.02447900799493,4,1
C008467,M,1,2,3.5361299064566856,92.02350264325509,91.42474219067664,3,1
C008468,M,3,2,3.967351463337281,54.84408378437016,85.71340523838992,2,1
C008469,M,1,2,0.47101043883426996,55.303792212585336,70.83667448075893,2,0
C008470,M,2,1,0.9037991709205864,72.99587893647465,78.83937885934247,5,1
C008471,F,2,3,6.68415298386617,45.945169191554015,64.07176600779829,5,1
C008472,M,2,2,5.663839652602957,66.48836671633558,52.31902129823904,1,1
C008473,M,3,3,4.484225192563435,60.66136283457622,78.7995350747615,6,1
C008474,M,3,1,5.983587263311386,63.79548542467043,63.85436991193804,7,1
C008475,M,2,3,1.0830258288199142,34.69636941254419,71.59615444737298,3,0
C008476,F,2,2,3.500627414209632,72.60081024903828,86.5816200256414,3,1
C008477,M,2,2,3.2937408882744545,100.0,31.025512038881654,2,0
C008478,M,2,2,2.3055934076980265,58.78481931000155,67.23501984632459,3,0
C008479,F,2,2,1.5058934762855931,43.40921315884249,42.76250567242578,3,0
C008480,M,2,3,6.895570570008548,76.99556517848934,56.03531612546844,4,0
C008481,M,2,2,2.615384347531963,51.97224362283983,45.21633908847019,4,0
C008482,F,3,3,4.991406106363084,65.4572925754729,80.09238685405288,2,1
C008483,M,2,2,4.730944510041213,54.355551871541856,67.52126741384079,6,1
C008484,F,2,2,6.299932276328847,43.564128996901545,60.2004808668203,4,0
C008485,F,3,3,5.61518192056279,69.66037610386013,31.25290658886287,4,1
C008486,F,3,2,3.323417340538482,54.654246474827275,49.54105982407221,3,0
C008487,M,1,1,1.2168174276606645,41.01708021118377,50.60641440788472,3,0
C008488,F,1,1,5.963153538213679,69.38450875753176,64.60356757204849,6,0
C008489,F,2,2,6.688229755217983,100.0,51.3842161396507,6,1
C008490,M,1,2,9.418944907228823,80.25828473903628,53.37581670011394,3,1
C008491,F,1,1,6.151626960450806,64.4206920302667,15.242643085733953,5,0
C008492,M,2,1,2.5945900027689945,100.0,75.81432835019017,6,0
C008493,F,1,2,2.8802733425762295,38.631747913121885,37.80392164377581,4,0
C008494,M,1,3,0.0,73.62925932594736,46.51145247047931,5,0
C008495,M,3,1,2.2142324900037362,92.48573719919158,68.45575667165016,5,1
C008496,M,3,2,1.2085118754198163,49.72523797626505,74.77104927956958,5,0
C008497,F,1,1,5.293747959569142,69.52333516588837,59.312620571937515,5,1
C008498,M,1,1,6.106557375732153,55.54511604277036,65.55937830965578,5,0
C008499,M,1,2,8.967960899159127,59.90819129674175,76.15085240411945,3,1
C008500,M,3,1,10.792213151630772,71.15344425350021,11.90939842827229,5,1
C008501,F,3,1,4.547371576700997,38.52967998891276,74.80372652986715,2,0
C008502,M,1,3,2.7178473955635,49.905163336805714,20.07406126045032,5,0
C008503,M,3,1,3.139718193557822,65.57216710102516,53.127926300103496,5,0
C008504,F,2,1,2.476841083562091,38.678388426185094,66.4462035901157,4,1
C008505,M,2,2,9.156142855440347,59.47673697490741,41.37140034579695,4,0
C008506,M,1,1,0.0,42.17707010394856,55.27725324557211,4,0
C008507,M,2,1,7.564548031829007,43.03725451856107,1.6703933992768043,7,0
C008508,F,2,3,1.9466608543343464,78.82204257930916,35.422488599674566,4,1
C008509,F,2,1,3.1393137653142613,66.48813187807288,44.336036612783744,1,0
C008510,M,1,1,0.0,61.728661892521956,40.91923123309009,3,0
C008511,M,1,1,6.320995322542787,58.391131669146,56.01615143828612,3,1
C008512,M,2,2,5.744922697232953,69.71574617919394,89.72373830722695,5,1
C008513,F,3,3,1.5946172587320944,57.829077503768765,74.07225150547023,4,0
C008514,M,3,3,6.4365742554375975,53.695371385096074,74.77543970467559,7,1
C008515,M,1,1,6.012991926988567,80.6937239401828,67.02351085945335,3,1
C008516,F,3,3,2.833528661429751,55.76057490970727,33.078511688283086,4,0
C008517,M,3,2,0.0,85.11533008750328,80.08663616866411,5,0
C008518,M,3,1,3.518032592862219,56.67886812160201,65.5438786429525,1,1
C008519,M,2,3,6.291667369815341,76.25615719294345,68.16982922279304,4,1
C008520,M,3,3,1.9870805107551806,68.84809189150411,73.30955695433066,3,0
C008521,M,1,2,6.378834581175523,73.42726242039468,67.94444801676374,1,1
C008522,F,3,1,2.1066188902715677,69.34760229060888,65.39088930949893,4,0
C008523,M,1,3,3.800789945354749,75.7042011179953,44.05116797902693,4,0
C008524,M,2,1,2.3796731853828748,86.82133700655123,40.37783776591752,4,0
C008525,F,1,3,4.3442830525002,51.791139036058844,40.51080546293042,3,1
C008526,F,1,3,5.806729420583694,87.33217960393148,6.391253817047854,2,0
C008527,F,2,3,7.587645023431561,60.533637002383244,49.62105808456326,6,1
C008528,F,1,2,4.45838680688888,37.825667513051485,68.513239106542,3,0
C008529,M,3,2,0.5707586736708463,75.25829659909442,78.97179862326709,2,0
C008530,F,2,2,5.3905644849628285,77.44190723942376,45.70261668634069,2,0
C008531,M,1,3,3.344777180090041,72.53725396263889,56.93538958041544,2,0
C008532,M,2,2,3.2975288150562587,59.91236336614012,49.662055792325525,5,1
C008533,F,2,1,4.23276736773581,50.91837768614204,62.88572191112626,2,0
C008534,F,1,3,5.230239465927971,57.06033445732237,34.21669348307864,3,0
C008535,M,2,1,3.0901463088407866,67.4916508147516,49.33394541330128,2,0
C008536,M,2,2,5.278105550923525,60.87552600305021,44.46273630645972,5,1
C008537,F,3,3,4.890437602886029,49.3352411290446,70.3489293217718,8,0
C008538,M,2,2,5.279723450741493,61.107126869723565,28.173175719735696,3,1
C008539,M,1,2,5.935669206736913,52.5258338285131,65.67717464137635,3,1
C008540,M,1,3,0.0,54.92300608805451,75.60625733666015,2,0
C008541,M,2,3,3.1359235382328285,75.91940692336385,32.88835198606442,3,0
C008542,M,3,1,3.6640444129943033,47.17171165366479,47.71228060154506,3,1
C008543,F,2,1,3.452082880008862,69.93298176007607,43.853509551227866,2,0
C008544,M,1,1,2.0944503091406412,56.8850911529218,88.09859969963055,5,1
C008545,M,2,2,2.564602779756957,69.05215752601414,84.08031828192978,9,1
C008546,F,1,2,5.146698696293037,51.111911687542296,76.26731420925756,6,1
C008547,M,2,2,5.013813861311871,61.679960152412654,67.08289641367551,1,1
C008548,F,2,3,4.071596520149812,52.08642543105225,75.72362316290119,4,0
C008549,F,3,3,1.7911779783370587,69.35011912052201,70.55698208230899,6,0
C008550,M,1,1,5.891010411146288,37.5635115206137,88.651064643303,3,0
C008551,F,1,1,5.732282572698318,63.52374303269035,60.74934746784819,7,0
C008552,F,2,1,6.447318172212995,45.11681268304871,15.513940416411259,4,1
C008553,F,2,2,2.2804467066328957,55.085031863049366,51.12523057728231,4,0
C008554,F,2,1,11.979409252040412,59.837050695941834,69.81122595197091,5,1
C008555,M,2,2,4.484114945248604,75.58611259101585,54.13250335964797,4,1
C008556,F,2,3,2.3336864383029896,39.51273431747266,81.43208398756819,7,1
C008557,F,1,1,9.233706825415293,36.74854220606809,44.94035955763783,1,0
C008558,M,2,3,5.64476380322105,81.64170800791202,76.20630596864302,1,1
C008559,F,2,1,4.44608939152684,59.636111935775205,33.65487249691317,4,0
C008560,M,3,3,4.71175675483029,38.66247716319517,66.04289691466268,4,0
C008561,M,3,1,6.821241507175293,58.49384407502184,45.4179193688195,2,0
C008562,F,3,1,4.554886835735433,57.635268732785526,35.93066758600066,2,0
C008563,M,3,1,0.20565345582675443,56.12321102926432,58.95330901170088,4,0
C008564,M,3,2,3.960379819448322,68.1786370353651,38.1239906988656,3,0
C008565,M,1,3,5.979064108323966,39.31409631760506,73.86976230677757,5,0
C008566,F,2,1,3.8948710923614516,65.36634473393723,53.512468656272596,7,0
C008567,M,2,3,1.8326773559043512,57.682322828192774,61.680489009243125,3,0
C008568,F,1,3,3.920006329882444,63.726211426874364,59.027412040228555,3,0
C008569,F,2,1,5.901357257534913,78.02544669328391,70.15027628387438,4,1
C008570,F,2,2,6.807189351740298,79.75548270340849,47.486777228546195,5,0
C008571,F,2,2,1.5598102930253903,88.40290987362985,80.15654639621752,5,1
C008572,F,3,1,1.409700011405766,35.97355354263702,96.79587232260486,4,0
C008573,M,3,2,3.87041140721315,69.95830272028103,40.05969852687295,1,0
C008574,F,1,1,2.475695324424386,76.15688882091126,88.69471832701248,2,1
C008575,M,1,1,2.7279977240609705,55.746271529101335,50.07802706508201,5,0
C008576,M,2,1,3.4087536602802038,64.11401296702249,50.90784854186659,2,1
C008577,M,2,2,5.685378297508083,84.46894200621847,75.23522036038503,2,1
C008578,F,1,3,2.143563706971751,61.40202639075635,40.095002895201645,5,0
C008579,M,2,2,1.434257165411938,83.9534695325258,70.78505710935544,3,0
C008580,M,1,3,2.3740758460492515,63.69153927687199,69.91713046515817,4,0
C008581,M,2,2,0.6716820161866628,71.32669104628606,58.69635860573985,3,1
C008582,M,1,3,4.115686819495389,78.35099810787362,58.000899372670354,2,0
C008583,M,1,1,4.240050314798715,48.10045453616398,50.356064689599165,4,0
C008584,F,1,2,6.221989562707557,70.90207979270562,73.01699791198364,3,1
C008585,M,1,1,1.6710769506266576,57.26090915842696,53.013172797067554,4,0
C008586,M,1,3,4.270230197961525,82.7247021215281,80.02778899757797,4,0
C008587,M,2,2,4.736900355179154,59.92417191978233,80.59770028287701,2,1
C008588,M,1,3,0.5944349579141055,59.724871160830126,33.80559461080799,2,0
C008589,F,1,2,4.482061415900038,52.04715103706612,36.18820561361315,4,1
C008590,M,2,1,4.56386455770886,63.95796750865479,56.65044525886831,2,0
C008591,M,2,3,3.7184816217001213,72.96355833949907,43.06783961742212,3,0
C008592,F,2,2,1.181044899680336,65.86702459998335,47.596617083560716,4,0
C008593,M,3,2,3.8325312517394323,98.04850662369259,45.29325362129589,7,0
C008594,M,2,2,0.0,58.18696633959796,94.67610735778251,3,0
C008595,F,3,3,4.715452113003683,51.86513202680588,80.61100057897349,5,0
C008596,F,2,3,5.631598541702247,63.00789022348337,44.836139479333724,5,1
C008597,F,2,3,3.518280717957795,70.11239353001132,25.275650521123886,6,0
C008598,M,3,1,6.814738576266052,45.85737191482934,49.73369206094161,2,1
C008599,M,2,1,2.466287357595661,84.64059972108089,36.91813137390065,3,0
C008600,M,2,2,2.398380435176957,61.15059629976148,72.7519109060133,5,0
C008601,M,3,3,3.3872286603005115,90.44004119084458,61.068287151354816,2,1
C008602,M,1,2,8.97987296572635,85.00820448368884,49.626016375886536,4,1
C008603,F,2,3,3.3747933344432903,74.91528039350105,58.45679870345817,3,0
C008604,F,3,2,8.715331998230711,64.67368775063986,39.209780100022975,3,1
C008605,M,2,2,3.915309527454815,49.82491011536419,55.78733559654891,3,1
C008606,M,2,2,2.224186888683682,55.53637334599553,89.36384505997052,2,0
C008607,F,3,2,8.296400380135118,48.85904049943702,47.63078876661316,7,0
C008608,M,1,1,4.406348883703917,48.21728291442169,61.77978458567235,5,0
C008609,M,3,2,3.353070997791517,69.3089148022405,45.888434295650676,7,0
C008610,M,2,2,5.894176882247747,69.88917716576655,45.594536444604174,3,0
C008611,F,2,3,6.744013538395057,41.655692642187496,74.90940052741495,1,1
C008612,F,1,1,2.7212307061356364,57.67780480718132,37.69457728206584,1,1
C008613,M,1,1,5.983909233204661,52.84985050155497,56.696703385744634,5,1
C008614,M,2,2,3.5014688231165167,86.85643780240991,44.177272545141626,4,0
C008615,F,2,3,1.8414865323628935,33.55327267185609,84.72012928402552,2,0
C008616,M,2,1,2.44376605786203,93.7745717420038,47.52449285269364,3,0
C008617,F,2,3,1.4216810771579165,73.70576852743257,37.108168106667975,4,0
C008618,M,3,2,4.191667282379306,26.587471381103626,57.08384874651464,4,1
C008619,F,2,1,4.199612390771914,55.38200241780102,57.14939386103908,6,0
C008620,F,2,1,6.512911749903159,71.69613686431208,79.7008631874939,4,0
C008621,M,2,1,5.910518293564593,54.78682384241862,50.12230688536234,3,0
C008622,M,2,3,3.1115002800282294,60.90292858398711,67.6018053398882,6,0
C008623,F,1,3,3.5753068624896622,99.13382684357919,41.9697156902999,8,0
C008624,M,2,2,2.5722397030993527,58.656788070400445,79.55128044789836,2,1
C008625,M,1,2,4.241389514713553,48.772301117122836,75.87505322923764,2,0
C008626,M,1,1,3.5142629892136146,78.73873571689741,69.97464144692256,1,0
C008627,F,2,1,4.109189595632738,43.96152278306748,74.99714206670774,8,1
C008628,M,2,2,7.216800444257101,75.53853381190005,64.6427876440878,5,1
C008629,F,3,1,7.33035631477895,73.76245997999533,62.04969234583087,5,0
C008630,M,2,3,2.626239467254093,92.39064755721488,39.31784329765172,4,0
C008631,M,2,3,5.708997535212529,71.21962597695442,47.904557205418214,3,1
C008632,M,2,2,5.43749631175739,61.48969865767363,75.17863040023224,3,1
C008633,F,2,2,2.791605987718672,64.56195762706815,74.49875985948273,4,1
C008634,M,1,2,7.106450803724906,97.07243660080758,75.98403192098606,6,1
C008635,M,2,1,0.7470518928394565,65.94318854572609,52.25198795881275,2,0
C008636,M,1,1,6.36627838023837,61.79371062477067,90.19421893197864,5,1
C008637,M,1,2,3.7428068476001553,64.02159511176896,56.91180717688378,6,0
C008638,M,1,2,1.6430415328629864,72.13581938995836,68.26049828358943,3,0
C008639,M,2,2,3.5950935299551885,59.351725409250264,100.0,2,0
C008640,M,3,3,8.131543423116932,49.498086262119465,50.752123308924446,3,1
C008641,F,3,3,9.523857542954756,54.929594398881285,72.9347488468675,1,1
C008642,M,2,1,2.286932940757083,51.72506943267206,32.781737959580525,6,0
C008643,M,2,2,3.914278151189381,62.6977802545463,53.326721969776706,5,1
C008644,M,3,2,3.5908716941826566,55.79382202571654,70.71322029542627,4,0
C008645,M,1,1,3.95806556481035,62.30926787658548,48.867845758107414,5,0
C008646,F,1,3,7.574906948520754,62.727441496948046,60.69081378392884,2,0
C008647,M,3,2,3.1400496647982257,68.95016331035384,64.07192240407946,5,1
C008648,M,2,2,2.2797572959896666,50.55337519821148,62.88958110259471,6,0
C008649,F,2,2,3.021939595518469,90.54317573992049,20.30374000742934,7,1
C008650,M,1,2,3.587898536057897,83.68085550122015,100.0,5,0
C008651,F,2,2,5.694065669098312,73.09279149534979,40.04061902209105,1,1
C008652,F,2,3,4.276588239348014,76.04247317480602,45.51225379776446,4,1
C008653,M,2,2,5.463784646123209,47.965704344177105,30.780457392638787,6,0
C008654,M,2,1,6.328959331463198,56.242370025336335,41.4758168863539,7,0
C008655,M,2,2,3.381141603211648,57.90421130547149,58.721303313392355,3,0
C008656,M,3,1,3.846145556209683,43.68506729671018,77.71199296444964,5,0
C008657,M,2,3,5.080280898693044,59.32949624110493,48.40463882898395,3,0
C008658,M,1,1,2.644237288183564,99.08051089497113,61.80530538787424,2,1
C008659,M,2,3,4.097556649559845,66.60087052772583,65.12036887797011,2,1
C008660,M,2,2,6.3288153930019835,87.96651888134677,39.020936871272156,4,1
C008661,M,2,2,4.268762562689363,86.95595379001267,25.813659429457125,5,0
C008662,F,3,1,6.805792515553871,50.84724104865384,41.89317841038392,4,1
C008663,F,2,2,1.9957851588345061,65.54418791251301,83.154396234848,5,0
C008664,M,3,1,4.7438942352325855,59.04746232052783,44.62617238301074,3,0
C008665,F,3,3,5.271673649162858,78.97773242484267,45.75576104033916,3,0
C008666,M,3,2,4.696660863723868,72.05432383705019,65.04444569041503,3,1
C008667,F,2,2,3.366529885682377,89.98644737091536,70.26733491094896,7,1
C008668,M,2,3,0.7904301965077103,68.09403715763808,38.16345458315943,6,0
C008669,F,2,3,6.46025471628691,77.39631722719176,71.98942572154682,3,0
C008670,M,2,3,0.8960250945035604,55.347483578199736,67.52116474483049,1,0
C008671,M,1,1,1.0610820901148847,43.01550282865111,48.23290619523517,2,0
C008672,F,1,1,5.2787734099449715,75.06611237135532,24.911708843058832,2,1
C008673,M,1,1,3.1877315729069795,67.22558932051753,72.90744268106717,4,1
C008674,M,2,3,4.31605915575614,73.3046845652954,64.8833148246403,2,0
C008675,F,2,2,1.1775000623971574,86.2320171755696,61.82356557453575,4,0
C008676,F,2,1,4.641346201293568,70.04803312325578,33.557069625222404,5,0
C008677,F,1,2,5.839663166871946,77.4430013889312,99.37133001292015,4,1
C008678,F,1,2,0.5653399526293965,80.32539058508426,40.23128767411395,3,0
C008679,F,1,3,4.554799862743794,62.78809768886774,48.58824985241965,4,0
C008680,M,2,2,5.985080775887406,56.003527746165666,75.95900068946887,4,1
C008681,M,2,2,1.065327883865249,94.67662137025125,60.21496769539689,1,0
C008682,F,2,3,4.318513057636026,70.79002646057886,62.057647036152424,4,0
C008683,F,3,2,4.113189015160347,69.30725748282278,36.893463986708326,1,0
C008684,M,1,1,4.784835943644782,50.251984090237585,35.513467429741326,8,1
C008685,M,2,2,3.4004765094628318,68.70775405699014,65.5426859776395,2,0
C008686,F,1,3,0.7955414561361636,69.83513557526098,51.31721909652063,5,0
C008687,M,2,1,3.1260619724484195,50.954757421009305,92.92832041759918,2,0
C008688,M,2,1,2.777541132225803,76.08120539297379,37.67288353309078,6,0
C008689,F,3,3,3.850754888230447,61.167045765143634,51.564836734712834,3,0
C008690,M,3,2,6.651264736444583,31.848267927797437,62.32307910844536,8,0
C008691,M,1,2,0.7299007023709732,57.143144782858215,50.93140014436558,4,1
C008692,M,1,1,6.113451521377414,79.52651093146714,44.67745370125616,4,1
C008693,M,3,2,7.890002126782335,51.5319022979824,60.34942513309317,7,1
C008694,F,3,1,7.7553742723774,100.0,95.46408075288514,4,1
C008695,M,2,1,7.939375881306491,72.16623760801082,47.40752384097095,2,0
C008696,M,2,3,4.42380495194005,98.54583220662069,30.00584224439988,3,1
C008697,M,2,2,4.158857917184584,48.466575291705745,69.04635411679646,3,0
C008698,M,3,2,0.021886471511784578,46.84907586827292,52.59712737640637,5,0
C008699,M,2,2,3.5216968261364823,61.41153336544877,40.62896398856866,5,1
C008700,M,3,2,6.491786728738211,45.975457914025554,70.39355395337574,4,0
C008701,M,3,1,0.8736216873292717,58.15583696589167,67.71803844662398,3,0
C008702,M,2,1,2.1079174896111272,88.81917440255823,46.9704070870108,3,0
C008703,M,2,3,4.24104749496604,60.381472131794425,29.30507260935777,4,0
C008704,M,2,3,0.3608889211062176,41.12660210291239,75.84433526860839,4,0
C008705,M,3,3,8.011526157268401,69.52258627078629,47.02080072904012,1,0
C008706,M,2,2,5.28416899909669,84.84062187112023,64.11412340217662,2,1
C008707,M,1,3,4.75509879777433,36.938935454227895,56.96624507242612,5,1
C008708,M,3,2,5.780112571643257,44.740854583188224,68.53284899660808,7,1
C008709,M,2,2,3.2547323191847095,65.83804788349306,63.67908525065974,3,0
C008710,F,1,3,4.615943846706281,47.039962988860225,83.13123597352246,1,1
C008711,M,2,3,1.850702587828498,62.488098590523975,71.39882727019796,3,0
C008712,F,1,3,0.0,86.60894498167565,24.150763569639608,2,0
C008713,F,2,3,3.928591146160096,59.337037963593936,53.21662066585117,3,0
C008714,M,3,3,7.480618821839833,71.86631635494933,62.257308897364695,3,1
C008715,M,1,2,7.684182394125175,72.93999487346478,52.4789217061932,6,1
C008716,M,2,2,3.584819571898647,53.100700870746365,81.07656799493597,2,1
C008717,M,3,1,3.3915681915385663,49.17390428463963,68.03623933383625,4,0
C008718,M,3,3,0.5779577085083609,79.92320359067408,25.645585056388327,3,0
C008719,M,1,1,6.336924904513401,65.73586065560043,53.22123044825385,4,1
C008720,F,2,2,4.93086746982185,68.13433438813225,60.3282100288086,4,1
C008721,M,2,1,3.583980750807269,64.46703946572431,45.52518398604412,3,0
C008722,F,3,2,0.0,63.07935578194121,72.16633088690604,3,0
C008723,F,2,1,0.033998945080364606,67.90711968044799,69.89899971279382,6,0
C008724,M,2,1,4.284799377161894,48.24030256360861,66.89880111919248,3,1
C008725,F,2,3,0.6063853075003793,70.84227723019758,73.07564480499612,6,1
C008726,F,2,1,5.183955672280037,49.97403873339765,84.03832430333031,3,1
C008727,M,2,3,5.2912142325408364,99.88934344236756,74.85966218573948,4,1
C008728,M,3,3,1.1077732991949274,74.18715091125986,74.48977632624714,2,0
C008729,M,2,2,4.106356815104747,69.2332957120568,59.654134913527905,4,0
C008730,M,3,1,1.934325947215568,49.018313335304505,49.55303398178777,2,0
C008731,M,1,1,6.070999869357104,81.56193104919798,96.82029430446485,4,1
C008732,M,3,3,11.239699241320405,57.888561708780216,67.44982400491554,4,1
C008733,M,3,2,3.7383715649923217,74.07372568412258,42.6341115967268,5,1
C008734,F,2,3,7.251034589687455,54.974147158416145,58.59876419890087,6,1
C008735,M,2,3,6.2612267136200614,36.27858696821836,53.70848458879804,4,0
C008736,M,2,1,3.82933756401482,88.12066893812062,74.89694858397485,2,1
C008737,M,2,3,5.170533890526114,73.68733304947331,54.36159579897203,5,0
C008738,F,3,1,1.2156918025403658,59.12306915847902,32.26107803005003,3,1
C008739,F,3,1,4.303007372437365,94.49365498173096,70.53579945158046,2,0
C008740,M,2,3,3.3399802214983274,64.72158286163204,50.391915778671766,3,1
C008741,F,3,2,6.99098844369493,83.14090478002143,18.47750670814102,3,1
C008742,M,1,1,2.6216532990150183,40.49802121270788,76.31212240730412,4,1
C008743,F,3,2,1.6806533557443184,60.07816939424758,36.37878536130664,2,0
C008744,M,1,2,1.76536989688713,60.62182432337379,42.19810108148613,7,0
C008745,M,3,3,5.8824657054465765,50.19633388668111,61.443990898792315,4,0
C008746,F,2,3,3.5953141015948304,51.73007937417389,62.52475623364323,4,1
C008747,F,2,1,0.29540897193812743,67.22794446357848,50.228895613677224,4,0
C008748,F,3,3,6.232096303596905,62.38398368908725,66.5725378450934,2,0
C008749,M,3,2,0.676851128296406,62.057788380581805,75.08401621419677,2,0
C008750,F,2,3,2.793351454243493,57.33943181567312,43.430562498008335,4,0
C008751,M,3,3,3.536445799551705,80.30636059542465,61.30218106623496,5,1
C008752,F,2,2,1.5892846288848035,46.32598983353493,62.34642483769559,3,0
C008753,F,2,1,0.26696026481860224,65.80722412433455,81.5322513035367,4,0
C008754,M,2,1,5.789498555670759,58.23650620058471,63.79542023080332,3,1
C008755,M,2,3,5.434067431598759,57.0413807645049,26.778975745051994,7,1
C008756,M,3,2,4.118398828687264,32.32147572781014,100.0,3,0
C008757,M,2,1,4.803728853243907,64.39407138483382,61.89455419839832,5,1
C008758,M,1,1,0.25757031942002806,55.791318892721414,64.46898057967381,4,0
C008759,M,1,1,5.148285863495427,69.15212473291945,57.93097711009209,5,1
C008760,M,1,2,4.909941327452357,100.0,64.75467989894352,5,1
C008761,M,3,2,4.973152201191785,67.58787435185144,67.49636892783997,3,1
C008762,M,1,2,4.9653683911989255,71.97689772937358,73.73450266546558,4,1
C008763,F,1,3,6.187319861398354,53.24796579784126,57.03390350097179,3,0
C008764,M,1,2,3.744798954633721,67.60918452864627,16.8077896696662,6,0
C008765,M,3,2,4.13851000218284,63.311881032418746,51.87813985139183,3,0
C008766,F,2,3,1.0633174127953895,52.60419968874448,55.91049931663826,5,0
C008767,F,3,3,5.508501845883809,51.34238633077857,47.37819917958102,4,0
C008768,M,1,1,2.5289310785275063,72.11402936763615,40.1894075253474,4,1
C008769,M,3,2,2.6872344269047908,54.90466287398888,51.08287615681352,4,0
C008770,M,1,2,3.1002502329884627,50.85993766867035,75.11918500877738,4,0
C008771,F,1,2,1.6409655853201341,84.77638513351536,65.36911648442765,4,0
C008772,F,3,2,3.7656507089817617,87.93904053323644,35.33310083572878,4,0
C008773,F,2,2,5.8132338495191735,51.05987397907218,28.135573917088788,3,0
C008774,F,2,2,1.5540189288310895,80.85880885597912,27.894475310389417,3,0
C008775,M,3,3,3.9635191243376524,40.407075377259744,64.04137369080085,3,0
C008776,M,2,1,5.466097038214877,50.71900791898442,32.49481542247144,4,1
C008777,F,2,1,0.0,46.77143475768587,58.0505693197912,6,0
C008778,F,3,3,8.079499317430951,57.47411024190563,71.33168196769932,3,0
C008779,M,3,2,2.9836279567282986,64.97271034238224,66.70481891982553,3,1
C008780,M,2,2,1.9430602075276484,46.14159061750271,53.32451403152414,5,1
C008781,M,2,3,4.179397323872405,58.43971892746366,87.53827262039084,4,1
C008782,F,3,2,2.5151740309970814,50.77884421687993,48.53418495455526,4,0
C008783,M,2,1,3.8445601928445856,68.48031767316522,61.92976023037103,1,0
C008784,F,2,2,2.3521322270204195,66.74355716025406,52.591080687709216,4,0
C008785,M,2,3,6.479135844985384,85.808268414937,55.93612520800548,4,1
C008786,M,1,3,9.904419311635102,38.73809496049251,74.27124557090009,7,1
C008787,F,2,3,5.590547780740529,81.95328719084449,71.12898121481797,8,1
C008788,M,3,2,4.439050551220693,82.01913034938796,26.80499824516692,3,0
C008789,F,3,1,2.785451416472929,56.878350568928035,40.96341109772425,2,0
C008790,F,1,3,6.3347390202801535,59.419175141977156,74.36125758259901,6,0
C008791,F,1,1,2.3099245689268306,69.88161062293169,35.89335005612128,2,1
C008792,M,3,3,4.700894570071635,80.05579880314733,41.187094348440596,1,1
C008793,F,2,1,2.8558146780829565,34.15695996340699,65.65375926085203,4,0
C008794,M,1,1,1.23579423319087,58.02099313079543,76.94911123195777,4,0
C008795,M,2,1,3.5313174472221855,71.48341640363726,74.68769026594941,4,0
C008796,M,2,2,1.8323342964988956,65.98628610751808,30.451009555808334,6,0
C008797,M,1,3,7.24631180378389,65.33167659420116,54.55635863381366,4,1
C008798,M,2,1,2.340936096117285,40.516701123409106,52.598123963730025,2,0
C008799,M,2,3,3.7135804568711306,57.48150694770379,48.63449803567151,3,0
C008800,M,1,1,2.5710816414788358,59.102430253719746,31.09360925561519,3,0
C008801,M,3,1,1.2822796926354192,51.61313204151274,84.06347061330347,2,0
C008802,M,3,1,5.505743310616157,81.61774186627535,57.38768796588837,3,1
C008803,M,2,2,3.791878464866763,59.36578462517453,41.86952664086567,4,1
C008804,F,2,3,9.155120876853692,52.13035182932288,65.90273268759698,3,1
C008805,M,3,2,6.304398240111999,94.37850672431178,56.38808650360318,8,1
C008806,M,2,1,4.154106221611277,71.70054289390141,74.53838947940895,4,1
C008807,F,3,2,4.807365039411661,67.39615454704042,50.60003127211201,4,0
C008808,F,1,2,3.80189072399292,63.016653628979434,51.61626543135246,2,1
C008809,F,3,3,1.739941621139597,54.87709640644964,59.94218421169982,5,0
C008810,F,2,2,0.8386744004303819,52.410999812265075,71.8992600118653,4,0
C008811,F,2,3,1.6778676947935667,47.39605031862165,41.87061860796922,3,0
C008812,M,1,2,6.9422798303703965,59.96945470609434,34.334234010161346,4,0
C008813,F,1,1,4.565629636320008,42.259680106869254,68.74292627871178,3,1
C008814,F,2,3,5.181794486321704,78.49967569819488,64.63218500852109,7,0
C008815,M,3,3,5.731726765799407,54.8897751991784,60.49764252099473,3,0
C008816,F,2,3,3.5597957674685636,77.84544588742357,61.083310348597216,5,0
C008817,F,1,1,2.6677217369714903,52.46211295531347,60.14566164285001,4,0
C008818,F,2,1,8.443371043106868,70.79182892030438,83.89777898000463,9,1
C008819,F,2,3,5.167822460911529,43.91557602174004,63.38023735907346,5,0
C008820,M,2,1,0.3384166178442247,55.40720414114981,56.113358919343106,4,0
C008821,M,1,1,0.13859769987602322,57.172100189728866,40.96453998908311,2,0
C008822,F,2,3,5.65003758079928,68.74015844100911,52.712113599391415,3,1
C008823,F,2,3,2.056430043465557,46.1328342866976,69.62738040128832,2,1
C008824,F,2,3,3.7135062375827195,86.7481593322283,72.99318443598999,3,0
C008825,F,3,3,0.0,64.63916505636158,33.327328216305474,4,0
C008826,F,2,1,2.9810579418244076,64.00823276886761,75.6070519940925,2,0
C008827,F,3,3,6.006909615240369,43.16888679337869,57.47892192683534,5,0
C008828,M,2,1,2.822385101826665,69.56146554310722,100.0,2,0
C008829,F,2,2,1.4255639977178545,81.41797589924248,81.55754752863669,7,0
C008830,M,2,2,3.462520252208817,50.991962610576095,56.321751708894446,4,1
C008831,M,1,1,4.076525042829213,55.91740385896152,38.55026997731022,4,1
C008832,M,1,2,3.224811234524912,61.03981374863888,40.97132865171781,3,0
C008833,M,2,2,0.5276119947263007,60.1508921131798,49.87338795388264,4,0
C008834,M,1,2,4.865405808119841,50.65307063698795,91.79518681444932,6,0
C008835,M,2,2,2.7375500692677317,70.93536400781404,53.85779850036613,5,0
C008836,F,2,1,4.383519960773357,82.56663924792892,63.29621038087145,7,1
C008837,F,2,1,1.8519347172707854,63.89595574603633,56.79112340982625,5,0
C008838,M,3,3,6.74095884507982,51.422726708549874,55.82949155553317,5,0
C008839,F,3,3,5.567548449584101,48.20550726526626,51.80269823385601,6,0
C008840,M,2,1,3.2087233435154423,100.0,85.64390005669894,9,1
C008841,M,1,3,4.6692958962924465,58.37351271654927,74.88086634510498,2,1
C008842,M,1,2,7.598624047530711,72.52005611086331,33.625765718676156,4,1
C008843,M,2,1,6.585146921830599,40.00710602676442,29.539163023062937,3,0
C008844,F,1,3,7.320348076004375,53.63769196419679,73.95135670280861,3,0
C008845,M,2,3,5.331211739441809,81.14236037829562,78.72846996692842,6,1
C008846,F,2,3,2.8076463381566428,51.75893095785815,42.71432883891727,5,0
C008847,M,2,2,5.294471874703875,52.58307671634285,51.61277626701175,2,0
C008848,F,1,1,7.73829556583594,70.35480417656532,79.18294744394744,2,1
C008849,F,2,2,5.332429014298118,55.0823850007213,70.90030736968211,6,0
C008850,M,2,3,2.1804422892272166,73.13087930837649,59.4853732026467,1,0
C008851,M,3,3,4.145735997678918,55.04481053332029,69.75688181155053,2,1
C008852,M,2,2,5.672898780847158,63.4406504229099,55.01813773177834,4,1
C008853,M,2,2,4.378336624037935,74.71664736937284,52.235053320470875,4,0
C008854,M,2,2,5.6792956428292,58.07939460319859,78.7450233404073,3,1
C008855,M,2,2,2.637271054528816,46.13389967072414,47.61141743340637,4,0
C008856,F,3,1,3.5271017626259624,58.42299290022654,51.13432815531816,2,1
C008857,F,3,1,4.750646394820134,50.062562000440536,90.15257236448406,7,0
C008858,M,1,1,4.854876499709512,57.55295829912537,44.123924991363644,2,0
C008859,M,1,1,2.607650015204866,65.07839367952043,89.58602098341872,2,1
C008860,M,2,2,0.0,65.06516036121181,62.7842904427013,4,0
C008861,M,3,3,0.0,78.54913017074809,59.69514609183443,6,0
C008862,F,3,3,3.8970901856775053,53.23292447205651,68.99074453628683,5,1
C008863,M,1,2,4.402711281154842,64.67998066726625,74.7082789571029,5,0
C008864,M,1,2,3.5445109509821884,85.50471478623447,84.14221143895625,4,1
C008865,M,1,2,4.077321713843411,69.85758392697346,55.570972597124324,2,1
C008866,M,1,2,7.522312969243352,79.1537375406552,67.6246292472896,3,1
C008867,M,1,1,2.907751738326632,64.14300392853526,51.56969254160776,3,1
C008868,M,1,1,4.803115271443636,77.04883604546856,49.76152779242095,2,1
C008869,F,3,3,7.704558860978008,62.23123661768867,61.79409407479445,5,1
C008870,M,2,3,1.7201500511485515,43.84687471563659,72.84104581127366,4,0
C008871,F,2,2,7.894757269895915,74.67861069313636,43.01612022004488,4,1
C008872,M,2,2,6.136479462788058,70.51994213140017,30.84778036628932,6,1
C008873,F,1,2,3.3174733128119054,65.57936352157223,41.196223637343685,2,0
C008874,M,2,2,0.0,50.78240180874991,50.95934902839882,4,0
C008875,M,2,2,7.059335807271444,88.32517506111441,82.74559712663063,3,1
C008876,F,3,2,7.894567001663338,76.91136158405268,44.41079244287872,7,0
C008877,F,3,1,2.4717412175376188,55.47990452924617,68.52347231755337,5,0
C008878,M,2,1,8.032841867518362,86.32365451914757,79.99881612228026,3,1
C008879,M,1,3,0.280746206339908,85.51790508918556,45.71659347340574,4,0
C008880,F,2,3,4.641681331194645,61.95891653170921,84.06155697860066,1,0
C008881,F,2,1,3.6093000885956856,52.15291566961821,69.95735770992312,6,0
C008882,F,2,3,1.0582591299834272,72.06626689633333,42.15175706344928,4,0
C008883,M,1,2,3.450196039887638,62.06683829971411,52.489251857722635,6,1
C008884,M,2,2,3.932131961882242,100.0,45.30960175640785,3,0
C008885,M,2,3,1.3826820535674695,49.51959975278379,54.91296709869992,4,0
C008886,M,2,1,5.485404235974302,88.47047159509557,66.69652054830861,3,1
C008887,M,2,1,2.5003873762390034,58.88818529437116,47.799676162327856,5,1
C008888,F,1,1,3.209715540805659,61.491164955124916,66.1633453431579,2,0
C008889,M,2,1,7.183190225854993,52.37332794936913,62.70999709903859,7,1
C008890,F,1,1,2.5601949990490156,66.77883470722696,40.39222800735654,3,0
C008891,F,3,3,0.0,51.9002381581185,66.24843840261556,2,0
C008892,F,1,1,3.4466038454086076,61.51859652571166,78.87360645601464,3,0
C008893,M,3,1,4.239728551586725,46.05955513221082,55.22869783520123,5,1
C008894,M,2,1,3.468860182510625,35.035822725869366,72.78908819902433,3,0
C008895,M,2,3,5.892727829537478,61.57560024633752,41.1233546397886,4,0
C008896,M,2,3,4.880467866147603,84.53917745002278,87.26765285416124,5,0
C008897,M,2,1,2.6811307900827264,68.66424160710935,70.47056423387811,3,1
C008898,M,2,3,5.532270213136406,62.363617914185454,72.25453775135419,4,1
C008899,M,1,3,5.019867755474106,100.0,47.679177799468484,3,1
C008900,M,2,1,4.95335939961727,30.08462040157898,72.30306388787233,5,1
C008901,F,3,2,3.6486048927695305,69.13090871866424,67.04268126967769,4,1
C008902,F,2,3,4.627870518274041,51.704362961877976,72.97184325501678,5,1
C008903,M,2,2,4.23998405033592,65.54265096081757,83.02040015726482,3,1
C008904,F,1,1,3.3393832415028526,53.11267379587026,50.857927826297306,4,0
C008905,M,1,3,5.054213611398881,54.78844999774383,83.01622725688193,4,1
C008906,M,3,3,5.224693946536204,68.96765295720442,73.37024867449097,3,0
C008907,F,2,3,5.225680892598361,62.08107980343523,38.55745967369888,4,0
C008908,M,1,2,5.357434950235698,53.9172434577949,89.4411985791022,4,1
C008909,M,2,3,0.0,44.709927673040696,50.23996489055293,3,0
C008910,M,1,1,5.989516903764168,76.3107162487735,63.49059912100414,7,1
C008911,M,2,1,1.8790028281247064,61.29176809503647,64.26996934389072,2,0
C008912,F,3,3,6.464236102214823,46.370460752367634,42.66385937377753,5,0
C008913,M,3,3,1.006936482573162,39.36050569249615,75.47118591728773,5,0
C008914,M,2,1,7.480261608636413,68.96333371644161,52.02209148459312,5,1
C008915,M,2,1,0.0,60.16070149013303,36.96315198800623,4,0
C008916,M,3,3,4.711155371997311,67.3652122157989,45.1697889480046,2,0
C008917,M,1,1,3.1955253064834697,100.0,27.28302804784908,5,1
C008918,F,3,1,5.019502982847669,76.95051492149966,35.92986678782732,3,0
C008919,F,3,1,7.796029324973592,64.30627324517363,77.7444002220544,6,1
C008920,M,2,3,4.520587501038287,39.63160049157299,32.355065523263704,4,0
C008921,F,3,3,6.067073222739279,89.25573759916571,66.10930802336144,8,0
C008922,M,2,2,7.376120993762775,65.98856856157926,49.44403518104544,6,1
C008923,M,2,2,2.638124827760596,100.0,79.38311305723697,2,1
C008924,M,2,1,4.796430128069785,52.686291520471684,59.55339340061954,6,1
C008925,M,3,3,7.009752659173575,45.53872466646486,38.25555993816704,3,1
C008926,F,2,3,4.776041560760864,86.43308073507825,70.45524109682118,5,0
C008927,F,1,2,2.70971827100931,68.6375420787117,53.033362258186074,5,1
C008928,M,2,2,5.133149241558186,83.60047277806964,71.97952195580072,8,0
C008929,M,1,2,4.252723775903208,46.580540411592814,65.75891077238649,4,1
C008930,M,3,1,5.12043508450581,46.39111955180917,40.904530717590944,6,0
C008931,M,3,2,2.837440073163264,49.55098944408216,57.5727090987359,3,0
C008932,M,3,2,4.532850939156998,23.296593823820118,49.6329116775109,5,0
C008933,F,3,2,3.693096888274823,57.15496986192798,55.24808518021091,4,0
C008934,F,3,3,2.9114978154261975,36.90085888107939,57.41280910986643,6,0
C008935,F,3,2,6.881494246518341,66.12804005651371,31.204860745264398,2,0
C008936,M,1,2,2.869881259340282,63.55216295577869,65.25756308583549,5,1
C008937,M,3,1,2.338373222063856,51.56020064351411,53.931104687987705,4,1
C008938,M,2,2,1.389751149639097,72.65192990556457,36.910876422480825,4,0
C008939,F,3,3,3.8576852022050754,67.38292303610322,38.94256303825861,2,0
C008940,M,3,3,3.664998639425842,84.93498243725814,28.58958793444277,5,0
C008941,M,2,1,5.588696865970007,92.70739990635568,94.96717468435482,2,1
C008942,M,3,2,1.29102140367492,66.99086568499723,59.26460268859865,4,0
C008943,F,2,3,0.2942227334431653,71.4844978675959,66.53598602838024,2,0
C008944,F,3,2,0.0,73.75598966133064,85.77003375499439,6,0
C008945,F,1,3,5.003340894435172,93.90224847017815,100.0,2,1
C008946,M,2,1,6.276106709118288,43.86261505074673,47.07054019465424,2,1
C008947,F,3,3,6.096785028598335,56.46380247402841,50.469064308295614,6,0
C008948,M,1,1,2.8966626053428994,44.305192346303286,41.7423954204813,6,0
C008949,M,1,2,4.286208535371562,55.55934131699661,57.1325499925006,6,0
C008950,M,3,1,0.0,59.193840783631885,27.312586712996207,5,0
C008951,M,3,2,7.55936697452076,51.84464731463284,83.40139880885212,3,1
C008952,M,3,1,6.545003155058979,71.25939661138811,68.88026116891356,3,0
C008953,F,3,2,5.988707315895239,72.53837555225633,56.15569278483103,9,1
C008954,M,1,2,2.02512491464822,64.88397545929702,33.57499021211213,3,0
C008955,M,3,1,3.2001779149531013,69.84194621440788,85.79561369608098,4,0
C008956,F,2,2,3.581662387921805,91.61640959560918,51.94796839284939,5,0
C008957,F,2,2,7.740647509794488,70.3937329194056,91.16883022289349,8,1
C008958,M,2,1,6.199991584246334,45.00503723213755,54.51754595920944,3,0
C008959,M,3,3,3.5886542422836585,53.09518394774399,61.2557645068102,5,0
C008960,M,2,1,5.286112741839433,51.95548356594486,37.46678350827244,4,0
C008961,M,1,3,1.9942765176898511,86.23107240164569,81.67361940730885,4,0
C008962,F,2,3,0.9533807951456761,57.434313569868344,29.830701616318912,3,0
C008963,M,1,3,3.8486384122193202,49.54996666526503,73.9307015633178,4,1
C008964,M,2,1,1.4978176172509126,47.85116916565278,84.81021137881396,4,1
C008965,M,2,3,0.2779580429285171,56.37420817202945,30.020692242439356,3,0
C008966,M,2,1,4.073189673489426,55.76979494440392,76.73924905437764,5,1
C008967,M,2,2,3.4175367467840734,53.53799875499243,85.883044440412,2,0
C008968,F,1,3,1.780941719022144,78.11780665963789,67.77014084475468,6,0
C008969,M,1,1,3.1193965289350065,60.605309956900726,70.56928181277377,3,0
C008970,F,3,3,4.833189882934694,63.785148301644746,66.908063855925,6,0
C008971,M,2,1,3.503359754188092,76.21145853135073,61.20664330362497,4,0
C008972,F,1,2,4.308078043670741,77.33949256645165,41.555751731433716,3,0
C008973,M,2,2,3.626129695678965,55.82347349235496,59.0207668430509,2,1
C008974,M,3,2,7.8061013651830375,83.08122760773398,54.54546682665387,2,1
C008975,M,3,2,6.9242447388519555,64.64543240182641,93.79887553907871,3,1
C008976,M,1,1,4.255727641005304,56.143450635165166,58.79456531550717,4,0
C008977,F,1,2,2.1973385443612825,78.66856549606143,59.429498500846975,4,0
C008978,F,1,1,2.7671083469853515,70.88350393371375,63.4032082845694,6,1
C008979,F,1,1,1.1589623764566372,69.40600298068844,68.11937045360357,4,0
C008980,M,3,3,2.2455084890539565,59.56542019388934,46.05246528727403,5,0
C008981,M,2,1,5.469533818744229,64.97640991814741,77.11801440893738,2,1
C008982,F,2,3,2.693989556661384,54.03899989539765,58.54932160425483,3,1
C008983,F,3,1,3.615115400231083,61.8178914455026,73.22259477856265,2,0
C008984,M,2,2,6.599171938412608,58.68958646904859,43.75399242731278,4,1
C008985,F,2,1,5.2166479135402595,68.65748125424206,57.55140257868523,3,1
C008986,M,2,1,4.15140173757361,88.06970112289584,86.76740264206734,3,1
C008987,F,2,2,3.7487538646160097,62.35717261412406,95.824640368751,4,1
C008988,M,2,2,3.5642713208050827,76.77707137569793,72.06733184988569,7,1
C008989,M,1,3,6.048509944649089,66.99827674673439,39.882549165353424,3,0
C008990,F,1,2,4.655384700919238,82.21175582521931,26.864881751181336,2,0
C008991,M,3,1,3.435620972850104,90.54611196945136,72.05644848799261,2,1
C008992,M,1,2,1.197636738786911,57.31905551125381,95.68673154022147,7,1
C008993,M,3,2,5.061948056421742,39.385893311373636,53.046983218320506,4,0
C008994,M,2,2,4.753494635633182,46.30627987240615,56.622680437887006,3,0
C008995,F,2,1,0.519016275857819,79.77842265351546,64.9994142855043,3,0
C008996,F,2,2,3.6599925041313073,69.77797006716288,100.0,4,0
C008997,M,3,2,4.736929362508655,50.33781018659762,63.47676926022348,2,1
C008998,F,1,3,3.4250248478384764,89.03709446431768,63.78617894949172,9,1
C008999,F,3,2,7.991075086979509,60.22696410515072,53.3636833515313,4,0
C009000,F,1,3,7.359513461521365,59.61658117291111,62.05023317287144,4,1
C009001,M,2,3,1.2235225373379306,60.60885103232155,80.49793354298109,5,1
C009002,M,3,1,3.453905749250475,83.98127476974543,48.50554605727689,4,1
C009003,M,3,1,6.1314316688794275,53.51884635853153,77.37398636794227,4,0
C009004,M,2,1,3.8164817800816992,84.21191188082864,78.15289631950864,3,0
C009005,F,1,1,5.621116291733464,73.44599474121173,45.91047678104433,3,0
C009006,M,1,2,2.57454135488644,85.48398104114841,74.5385647440201,5,1
C009007,M,3,1,0.5462388182894959,76.48503029854328,97.18542567716793,2,0
C009008,F,1,1,5.525106873302005,70.27817586166258,38.19332127068663,4,0
C009009,M,3,1,3.269055210693346,75.44480624464386,57.50262820382521,4,1
C009010,M,2,3,9.672102672253086,66.40474668513215,64.8058270943312,2,1
C009011,F,2,2,6.068393295173394,54.4235242789645,67.1231831931925,3,1
C009012,F,2,2,1.6679184184743092,74.92444301440462,43.060011991493454,2,0
C009013,M,1,3,5.481672176371221,63.9230138756201,37.60653232281554,5,1
C009014,F,1,3,3.8446423920008312,83.94561045271956,46.84476010964518,6,0
C009015,F,3,1,5.156487578900348,83.41428920739013,61.92402438291383,6,0
C009016,F,3,1,2.4084522847671392,73.75738272440836,51.68273504774474,4,0
C009017,M,3,3,4.686617974364899,79.87539744049485,75.77579389641248,3,0
C009018,F,2,1,6.3303430457236525,72.39719492838563,81.88281963366786,7,0
C009019,F,2,3,5.809297842486602,72.53335265817765,44.64432690963099,3,0
C009020,M,2,3,6.407847805857559,55.50502291351026,66.10157486138385,4,0
C009021,F,1,2,10.85454628469644,68.80462345593101,61.8957464217343,4,1
C009022,F,2,3,2.973009499263747,71.67919322311042,100.0,4,0
C009023,M,2,2,7.9719388431735005,70.51915417582047,52.48717890789807,3,1
C009024,F,3,3,4.650411599265987,69.09374798852083,67.49181735635534,8,0
C009025,M,2,2,3.1482782915759753,68.16578073605119,96.01961404672811,6,1
C009026,F,3,1,3.9839097552548335,96.22070874203189,24.258613817010506,4,1
C009027,F,3,2,5.986229488144595,67.03696965945977,86.70796352673756,6,0
C009028,M,3,2,3.189839963031443,76.15165094666457,49.003929455038545,7,1
C009029,M,2,2,0.0,65.47755017187674,33.95789784273295,4,0
C009030,M,3,2,5.847433199862362,70.12376013630684,65.7601909868599,6,0
C009031,F,2,1,4.500457257862546,52.35494853409717,63.77527439489942,5,1
C009032,M,1,2,2.8581306480453033,56.46117466830682,71.24948929588767,4,1
C009033,F,3,2,1.2259042405852578,57.916484473022265,73.70114352170032,5,0
C009034,M,2,3,4.894970187600634,44.29191175304197,58.23009191913885,7,1
C009035,M,1,1,6.840113171492335,67.12412931479697,91.79815403323254,6,1
C009036,F,3,2,2.0274041492600814,51.897559985343314,85.2425575407067,3,0
C009037,M,3,3,4.62039052291516,49.1637072593835,68.2932630272299,1,0
C009038,M,1,3,8.86959171720742,97.61519015022756,66.64047543248181,6,1
C009039,M,2,1,6.087342711286461,82.65896052284235,81.51483152314931,4,1
C009040,M,2,3,4.010471203271162,96.21710650319628,61.00990453867155,3,0
C009041,M,2,1,3.7891608600825504,64.49819388587557,38.11209552003535,7,0
C009042,M,3,1,2.971028725930542,61.0723707759864,58.34614344320826,4,0
C009043,M,1,3,4.181503067752616,71.62622507222852,54.17198862967985,5,1
C009044,M,3,1,3.110050783347029,71.47652576887609,62.7581676158183,7,1
C009045,M,3,2,3.4337272952892213,60.697319553658716,38.996388027974646,4,0
C009046,M,2,3,3.7684946410796814,54.46673671157285,41.3590366589811,4,0
C009047,M,2,1,0.49424052482310943,74.81659345710369,81.02095084229259,2,1
C009048,F,2,3,3.718825594445759,42.15039796520279,61.658890353985484,2,0
C009049,M,1,2,10.012923526205993,74.64438653066884,55.28148890761296,5,1
C009050,M,2,2,1.0296084396371694,61.41718553292351,52.67621186536881,6,0
C009051,M,1,2,7.467010031822882,77.581593513443,57.61401790786973,2,1
C009052,F,2,1,6.414991851810949,82.0078803925606,63.475981709453336,5,1
C009053,F,1,2,5.534293701250175,74.50638692613138,30.681221123527436,5,0
C009054,F,3,3,2.953882906541275,48.38622161222383,53.27935789498724,5,0
C009055,F,1,3,6.161285052253346,43.34282351867986,64.03584044641039,1,1
C009056,F,3,3,8.191433524018624,42.168216721691465,57.82407060993074,4,0
C009057,F,2,3,6.556351691767389,58.288590497806716,29.1321769033882,5,1
C009058,M,2,2,4.738082632175316,43.51600696796087,60.93902147015765,3,0
C009059,F,3,1,4.238179263995002,64.75841000400669,59.857051107153545,1,0
C009060,F,1,3,2.7939386657803302,51.9762496711815,48.01679907489398,4,0
C009061,F,3,2,4.4388153067789,56.77978895382414,43.864946793404,3,1
C009062,M,2,2,5.4092421719096,65.16824117556077,64.1155264700847,4,0
C009063,F,2,3,4.3088472588445486,71.1297811102311,62.4978195437254,3,0
C009064,M,2,2,4.050498620084369,53.23352215175579,68.89401186426424,2,0
C009065,M,2,3,4.080647768166402,58.77827389372912,98.00392990714288,4,1
C009066,M,1,1,8.259934240218964,70.46998798540008,70.90199745900605,3,1
C009067,M,1,2,4.614319797887147,63.29450216869127,47.507225025436455,5,1
C009068,F,3,1,4.696358224320158,62.852478792031604,83.18838257851911,1,1
C009069,M,2,2,0.0,75.365337267517,56.02008860569229,3,0
C009070,M,3,1,6.353379511892605,51.658587313081014,56.088577452730256,4,1
C009071,M,1,3,5.519642169235808,77.54399183147672,44.324698231484334,7,1
C009072,F,2,1,5.415522165534069,99.36031540156466,70.89412926472721,5,0
C009073,F,3,2,5.564192187764501,69.31104860467067,55.184747473402425,6,0
C009074,F,3,1,2.139584757638724,58.36790877234405,76.52106166330572,4,0
C009075,M,1,3,3.5886219411723435,43.365346349937425,71.28423852934453,3,1
C009076,F,3,3,8.103716681134994,57.61432393622074,45.575959443103606,5,0
C009077,F,3,1,1.1450429446714518,70.49539151334982,43.62072265617909,5,0
C009078,M,3,3,1.27876546891624,63.29153369746176,65.21047895883488,7,0
C009079,M,2,1,0.9947247926345333,64.22372518413749,83.16822913530586,6,0
C009080,M,2,2,3.8211844354276914,63.38269245355122,79.87724214457467,6,1
C009081,M,2,2,7.735355067259038,57.57743391435906,88.22884093133626,6,0
C009082,M,1,2,4.838341628702673,64.15608318774575,63.84011842026913,6,1
C009083,M,3,1,6.618389636257476,52.88532456950358,77.25971247039283,4,1
C009084,M,2,3,0.0,66.48503563389835,81.43092187612464,4,1
C009085,M,2,2,2.3752667846065423,67.347328998665,97.16465326413214,6,0
C009086,M,2,3,2.726174855784437,85.96998380923188,68.44501003670663,4,0
C009087,F,3,1,7.749824403093893,53.47636406076634,54.312580085070856,4,1
C009088,M,3,3,4.541663908130189,76.00726452506963,82.04738325484468,4,1
C009089,M,2,2,4.118058538782299,77.70646333164763,37.451565328744095,8,0
C009090,F,3,3,4.656705327456324,61.24653751591703,80.77980201190472,3,0
C009091,M,3,3,3.704820349631816,54.99561193939161,85.49965058725215,5,0
C009092,M,2,3,8.603613648090349,85.04651972597179,79.66128412785358,4,1
C009093,M,2,2,8.51596674995624,45.48983111900917,44.470382018170866,3,0
C009094,M,2,3,6.69253282251611,52.80586573520841,65.41612991727987,5,1
C009095,M,1,1,6.444353663708229,48.91841862472334,81.03490595922014,4,1
C009096,M,3,1,3.1042623849895903,54.86625048901643,70.91175731344632,4,0
C009097,M,2,1,5.259366374469065,61.46523187185515,62.117419546623054,5,1
C009098,M,3,2,0.0,87.25015781010856,65.31363203013568,4,0
C009099,F,1,2,3.2828570871378853,58.68259763291896,100.0,5,1
C009100,M,1,1,0.8112726589112849,96.5510494114325,43.59884425570671,3,1
C009101,M,2,2,5.329785382835905,78.50565831672598,38.59292577949077,4,1
C009102,M,1,1,4.005700281577506,57.44098779018151,44.46076210184483,6,1
C009103,F,2,3,5.91685357403354,57.61043977925917,99.75952753625819,4,1
C009104,F,1,3,5.669709552023997,67.94124595987131,74.406293918402,3,1
C009105,F,3,1,6.70349226944338,66.14478114584924,51.378156015989084,3,0
C009106,M,3,2,2.544188274567501,47.53457752755299,100.0,1,0
C009107,M,2,1,0.2751524374162595,54.0439219331604,40.94081607717698,6,0
C009108,F,2,2,8.501576300258261,41.794519252043116,50.73877778476522,5,0
C009109,M,1,1,3.033585060632834,91.3782883635357,40.151342050861224,7,0
C009110,F,3,3,4.1298996456042225,67.09644034894738,62.662652385021815,6,1
C009111,M,2,1,6.5879760118452495,60.3251094827639,69.80848033885756,3,0
C009112,M,2,1,3.5860120508429745,54.95742921684008,63.9899520491139,2,1
C009113,M,2,3,1.7139655789455275,56.6346138901869,82.87351443142155,4,1
C009114,M,2,1,8.88671759737153,43.007085483745136,54.1304259900905,5,0
C009115,F,2,3,3.0233254874398403,67.44577319384511,56.174204056235986,7,1
C009116,M,2,3,8.297554833222712,76.64336621938394,66.75529098108382,2,0
C009117,M,2,1,5.047214787666476,88.51088590865848,94.37095943854402,4,1
C009118,M,1,3,6.455433313128236,76.89396945134123,69.63038215412533,3,1
C009119,F,3,1,6.4130035119163065,76.22578203275671,56.100644125700825,4,0
C009120,M,1,3,3.3387449754807736,82.491702299197,75.72314251401113,3,0
C009121,F,2,2,5.567432538786908,62.66257434257672,57.433247804424674,4,0
C009122,F,1,2,8.590417345380356,44.8818526029135,65.8763497930192,3,1
C009123,M,2,1,7.154757685139694,76.66943110174134,58.075374385154745,7,0
C009124,F,2,3,6.795730338779577,54.28556128435386,39.21883336228969,2,0
C009125,F,2,3,5.767203602298135,63.650257583036655,49.52622129522436,5,1
C009126,M,3,2,4.034798850619561,49.82849451316919,88.7439378560951,5,0
C009127,M,2,3,2.3738554931313334,82.30326087664434,66.6255653653187,2,0
C009128,M,2,1,7.765822700001427,77.75066787101602,63.8914183403729,4,1
C009129,F,2,3,3.00684683472331,43.96508619745899,61.75070414999788,5,0
C009130,M,3,2,3.18590789145174,66.52431558389587,55.91026449545506,7,0
C009131,F,3,2,4.298533839851613,80.61257544794952,61.926252933754355,4,1
C009132,M,2,2,1.0381262966368991,63.0993427864476,54.34016396033497,4,0
C009133,M,2,1,3.4409753324334975,64.77636112455144,65.66071691227144,5,0
C009134,M,3,2,2.599998727476232,79.5007973620335,42.09781685892186,5,1
C009135,F,1,1,1.1007622934352432,61.02928716701722,73.49827626057296,4,1
C009136,M,1,3,1.4979312469276818,63.713731887788306,59.689594572077986,2,1
C009137,F,2,2,4.183198860280065,76.78578140534191,37.938156182979455,4,1
C009138,M,1,2,6.4935963823375005,49.89556369224658,55.75349577282148,4,0
C009139,M,3,2,4.0397153697557915,54.748190901543005,53.91080538890003,2,0
C009140,M,2,2,1.8321628258728313,39.33839628285243,79.03748250599901,2,0
C009141,F,3,1,2.7891803305904537,95.11798080696059,57.89455339874455,5,1
C009142,M,3,3,4.991360113066778,66.76457546713881,46.73028091168168,1,1
C009143,F,2,1,6.761439489127468,80.75325335682638,25.007950133233983,3,0
C009144,M,3,2,6.348660454031288,47.10666023260039,50.38792070771666,4,1
C009145,F,2,3,4.7684071924080875,83.58800864180107,82.06588467238328,5,0
C009146,M,1,2,7.573901154915611,60.58395536083389,69.19392538647199,3,1
C009147,M,2,3,3.075184105596638,85.65288796970879,45.23214404157793,3,1
C009148,M,2,2,1.6538006989087597,61.97911361176423,57.69014903998762,3,1
C009149,M,1,1,3.6115362909385995,48.740013955115245,62.326227519298875,4,1
C009150,M,2,2,7.015516103116646,81.3001875553851,89.13230917673886,4,1
C009151,M,3,2,5.780624335648915,65.89381678863094,60.990562723154774,4,0
C009152,M,3,1,6.640590285704304,47.411605099974864,51.334276672288865,6,1
C009153,F,3,2,4.047070794474254,40.325404031589684,67.1505195264358,5,0
C009154,M,2,2,4.564398738489846,71.22665280581603,72.2749343225614,1,1
C009155,F,1,3,3.781245501736262,64.58488386092014,74.55797431233285,5,0
C009156,M,1,1,2.3571595771292686,68.08910176878791,74.21027885527415,5,1
C009157,M,3,2,4.332566006617208,68.50733303713625,99.36259405248595,3,1
C009158,M,3,1,3.76680989336596,62.86159286073813,39.055567943677474,3,0
C009159,M,1,1,3.195548918882693,70.69861596929707,58.45271309241312,3,0
C009160,M,1,2,5.591938404679602,75.81418415666134,60.57450017101611,4,1
C009161,F,2,1,4.542628981869563,62.77077645053297,37.67104961915321,3,0
C009162,F,2,1,7.233805286039992,72.78853771119535,40.70336292201061,6,1
C009163,M,1,3,2.3549179386969676,73.58794889108569,56.13927191708906,6,0
C009164,M,1,1,3.3664405607629733,81.04599776118195,54.21242504347399,7,1
C009165,M,2,2,0.3660410953527138,31.5129088109636,51.50619061699835,4,0
C009166,M,1,1,2.079452222505291,58.55315575356181,28.471274982423665,7,0
C009167,M,3,1,5.644745724300372,73.26501306648815,40.5888397317333,3,1
C009168,M,3,1,6.050738858834206,96.43496938845102,50.471954922632555,7,1
C009169,M,2,2,5.7855023713112725,82.71842211323587,56.27176905526527,8,0
C009170,M,2,2,7.116904077081967,83.03746839322505,65.84566494030503,5,1
C009171,F,1,2,5.459091099744311,100.0,55.8592242976133,2,0
C009172,M,1,2,4.405994569765638,63.72221007196545,48.52385526876688,3,0
C009173,M,3,1,5.7402777379323515,96.06823277550926,66.94251955849386,3,0
C009174,F,2,1,2.6038131745399893,75.2472598045904,65.14333069696866,5,0
C009175,F,2,2,0.662257799740622,50.29941853837231,43.79276432187373,1,0
C009176,M,1,3,3.414111972129183,39.349168108368154,95.83023544918768,2,0
C009177,M,3,3,3.6758236075754764,61.60115076370426,19.450288590967766,3,0
C009178,F,1,3,4.526497296015174,74.92000206342654,72.44051068299399,4,1
C009179,M,3,2,2.5266066326820846,61.020851177655565,76.84943721633124,3,0
C009180,M,2,2,2.959815018320294,66.76561143296463,79.18171928168084,3,0
C009181,M,1,3,6.019022407835681,93.75520265528725,66.36843685136685,2,1
C009182,M,3,1,1.6056571878474584,65.68560826214463,35.85910504565868,4,0
C009183,F,2,1,4.075150824123974,94.466216550277,95.65602729091687,8,1
C009184,F,2,3,2.9282862464016115,76.60556680110486,35.969711284591135,2,1
C009185,F,1,3,0.5783755773379733,80.98526268932706,41.168994265295815,6,0
C009186,F,1,2,3.3984315057925865,61.623315048702636,50.75338727168886,2,0
C009187,M,3,2,2.32273958518277,63.89687988323338,37.64206656923726,4,0
C009188,F,1,2,3.3734657296067843,65.25660851190358,37.790616546871235,6,0
C009189,F,2,2,4.474198014331086,63.684829859384806,44.42982677449401,5,0
C009190,M,3,3,0.0,74.7617205761913,25.33558327554544,6,0
C009191,M,2,1,6.568451244474197,84.36188311641587,62.38085570183998,5,1
C009192,M,2,2,10.911918143864892,100.0,52.37559891422893,2,1
C009193,M,2,1,2.222328770518299,54.51571894072688,55.798841092494705,6,1
C009194,M,1,1,3.0025025781322694,64.9786952045101,65.33723887082965,6,0
C009195,M,2,2,2.492102247770278,79.92163505391233,57.955995787216594,8,1
C009196,M,1,1,1.9160962099133738,65.92239283662016,48.50230899895407,4,0
C009197,M,3,2,8.68100357409872,45.56423573959002,68.43372611300575,3,0
C009198,M,2,2,3.6127601289806055,76.9227924620202,55.29317585278486,4,0
C009199,M,2,2,5.8264925035966035,52.9528412211874,45.6204306888856,7,0
C009200,M,1,2,6.886279328372107,67.9428565411023,57.58458721281951,3,1
C009201,F,2,2,6.598282086495553,90.80950436100164,83.0372511245385,6,1
C009202,M,3,3,6.764043493197859,75.58492349976487,49.90053354482152,3,1
C009203,M,2,1,1.4018171808451707,74.456742414861,71.91289781005595,4,0
C009204,M,3,2,6.305872876175442,87.39384170590954,42.37787013944667,4,1
C009205,F,1,2,3.447182056599323,63.13634206918791,60.575795146622376,7,0
C009206,F,2,2,7.9127175972703006,70.13437266264037,65.08007410494783,6,0
C009207,M,2,1,2.354903907411426,62.328695829743374,44.51717738139599,3,0
C009208,M,2,1,1.668168291922448,76.78651806881722,53.774433803685405,3,1
C009209,F,2,3,4.179589702457426,45.02697753490993,43.105653169413536,3,1
C009210,F,1,2,5.591738595353285,51.68778339019903,44.76410375327641,4,0
C009211,M,1,2,0.23100751643550943,65.4950950433143,59.83458209807173,4,1
C009212,M,1,1,3.2746491906192805,74.0495633436235,89.0227167988057,6,1
C009213,M,1,2,1.753509624564435,93.5566382930721,67.58468554033463,3,0
C009214,M,2,3,6.197986446761653,51.59651954055445,60.692110803298824,5,1
C009215,F,3,2,2.9210326315196333,64.03513488199455,85.66427525488277,3,0
C009216,F,2,2,6.64319831742028,68.83031320743677,36.583905593908554,6,0
C009217,F,2,2,2.5891019398244284,47.75172080333786,84.42962507192844,1,0
C009218,F,2,2,4.8336041215503505,53.766797841621695,53.53527824106705,5,0
C009219,M,2,1,1.1269646097109995,38.06843995274211,65.35450717227027,1,0
C009220,F,3,2,3.9246607301917456,73.30959445145243,72.53123151359519,7,0
C009221,M,1,1,1.7544307776273809,52.92716896524742,69.04859629816451,2,0
C009222,M,1,3,7.526289966255322,83.41082047224928,53.88539510101647,3,1
C009223,F,3,2,6.526508098609671,71.28051236634975,75.38050577662133,3,1
C009224,M,3,2,4.640207884802718,62.11423196993861,53.09157191433209,4,0
C009225,F,2,2,6.416670693045981,53.74542092327984,52.99971642324543,4,1
C009226,F,3,3,3.0640253747833905,70.76033966214396,59.54937946138557,1,1
C009227,F,3,1,5.509514491578076,61.18208852912763,69.52616262689061,3,0
C009228,F,3,1,3.9890838150403516,73.09028916912429,42.51943552873364,1,0
C009229,M,2,1,5.297975836914474,82.32192738812282,44.53185826971395,8,1
C009230,M,1,2,4.435192991864646,53.61208301110842,29.369764285116347,5,1
C009231,F,3,1,4.041166897282748,58.49916056870171,55.432754161375556,5,0
C009232,M,2,2,0.18249600709097047,84.19018401517732,79.48705407757222,3,1
C009233,F,2,1,2.744243839970939,85.8587590176524,100.0,2,1
C009234,M,2,3,8.1571955447941,50.52299543198234,64.92035225630556,5,1
C009235,M,2,3,3.9116360118811286,52.414378034245196,90.10195985779791,2,0
C009236,M,2,2,2.5964918300160917,52.255068495923574,61.14350802087511,4,1
C009237,F,2,1,4.275265241491056,68.56724246192452,62.453999319365764,3,0
C009238,F,3,1,0.8183662175666644,44.130040158404356,58.288044158792175,5,0
C009239,F,2,1,3.129781960683929,65.5033349719974,59.74579615726459,5,0
C009240,M,1,2,4.583088705919598,64.39863572518409,59.84617132017847,3,1
C009241,M,2,1,5.259021414032305,55.78613639845966,54.666374930587665,7,0
C009242,M,1,2,4.935405234333924,66.3494755089175,92.44530151122808,4,1
C009243,M,2,2,7.503413359951512,66.32496584386422,70.46600461294753,4,1
C009244,M,2,2,2.6926275860448,59.64303962978263,47.724497063182724,2,0
C009245,M,3,3,0.8680519865673388,90.21672786276838,72.06778754800847,4,0
C009246,M,3,2,3.3827623339481856,58.88661180240033,78.51243568135308,1,1
C009247,M,2,2,2.929754580105463,65.63126841627655,38.37559632429384,2,0
C009248,F,1,2,4.581124888343999,55.966870531030125,79.22914898920077,4,0
C009249,F,3,3,3.5362810402495723,79.55079897634674,76.81363834173877,4,0
C009250,M,1,1,4.485876336334755,47.989319129439565,67.3104026667459,4,0
C009251,M,2,1,4.396529663124562,67.22839797879253,89.06883672444904,4,0
C009252,F,1,1,6.116961286085427,51.39483982025168,78.70605941713391,4,1
C009253,F,2,3,4.1387970360978485,39.27662309137846,53.28777102263843,7,0
C009254,F,2,3,4.618592254100204,54.96058627455049,63.227804684445346,4,1
C009255,M,1,1,8.086757237035972,55.47447744291049,86.19654037001277,4,0
C009256,M,1,1,0.5650841961459716,73.06066317774577,52.39089090086712,6,0
C009257,F,1,1,4.568809428937988,52.311255767958265,53.77417871819621,6,1
C009258,M,1,1,3.9118171303709297,33.87750758953073,66.07088321449949,5,0
C009259,M,2,2,4.271122975454058,35.17776957550378,57.01290827265181,5,1
C009260,F,3,2,5.441791079294916,67.4402434907313,100.0,4,0
C009261,M,2,2,2.330747829271629,72.0178558466535,85.59701622323576,2,1
C009262,F,1,3,2.9098484256830375,67.63364256156082,100.0,3,0
C009263,F,1,2,5.780038384200184,58.62088094271928,83.11542341290803,4,0
C009264,M,2,3,3.822157007598315,69.74619031321735,64.87612674127945,4,0
C009265,F,2,3,2.053282021269912,37.28348347562452,25.21454822723262,7,1
C009266,M,3,2,5.894768096903777,34.79909350545731,67.32899958340205,2,0
C009267,F,2,1,5.55626586506324,43.13388776578205,40.74691568204727,6,0
C009268,F,3,2,4.507988445339747,62.29595753342498,32.70436684280387,3,1
C009269,F,2,2,5.0601841328265955,76.72230110508669,82.0602238577317,2,0
C009270,M,2,1,5.396127161289617,49.897568173214296,40.954962219642084,2,1
C009271,F,3,2,3.9510089995049027,51.591469582542146,47.850261531294876,2,1
C009272,F,2,2,4.829553320507718,74.47088268670691,52.08934724768232,1,0
C009273,F,1,2,1.525549424490272,58.732402057517376,63.276706816039216,4,0
C009274,M,2,1,3.6920192654934945,67.71393556146487,59.53977300859122,4,1
C009275,M,3,1,6.268799817291013,66.48187994834016,74.11511742657085,1,1
C009276,F,2,2,8.981689842631225,46.30699035358744,71.05046841170629,3,1
C009277,M,1,2,4.417698218377646,91.90822943085237,32.32790901059258,5,0
C009278,M,2,2,2.1579723827341253,51.743829761732904,88.25221617211024,1,0
C009279,F,2,1,3.3664304120655064,93.47269213691936,39.96834748579377,5,0
C009280,F,1,2,0.9532164415579594,73.19588495872519,42.3546970931203,3,0
C009281,F,2,2,5.62321399878926,69.09013727823485,92.17719725406025,3,0
C009282,M,3,2,4.24752042640292,42.646640743069376,59.02780334237949,6,1
C009283,M,1,2,2.0442122760717316,70.1316887001878,80.74551859738288,2,1
C009284,M,3,3,3.726173250302269,63.78993663320778,73.23359824942636,4,1
C009285,M,1,1,5.69899000179638,61.591079858699544,68.42409977724259,4,1
C009286,F,1,1,4.258284335405033,45.464811027212434,47.522176072610385,7,0
C009287,M,2,1,2.632626632498666,78.13750221644403,56.56173602717276,10,0
C009288,M,1,2,6.397364221133989,78.81678933554079,90.34398041934008,2,1
C009289,M,2,1,4.902508004793193,39.32898478519551,47.69902768173975,8,0
C009290,M,3,1,2.4637699223073897,56.00060870923781,61.34200274834524,4,1
C009291,F,3,2,4.202919702447402,60.69728791812556,69.3850727591925,5,1
C009292,F,2,2,0.0,70.09454340310799,52.95574437310123,2,0
C009293,M,1,1,4.719043951506201,67.14854192836579,47.59055669953873,3,1
C009294,M,2,1,10.296215483355473,63.926358608379424,56.81911289028994,3,0
C009295,M,2,2,6.547718111482725,72.28743127561158,56.43464204783961,3,0
C009296,M,2,2,3.769458949231233,93.00350260259555,33.01331581423348,4,0
C009297,F,2,2,4.6867484154695305,60.57188704423739,64.99394522584687,6,0
C009298,F,2,2,5.3360497858477975,80.4847865227341,83.9368263893509,5,0
C009299,M,2,2,5.478744197888225,91.29884513889827,0.0,4,1
C009300,F,3,2,3.8803107371319316,87.91443352577613,63.3120402791742,7,0
C009301,M,2,1,0.0,74.87366188926453,5.967352846565305,4,0
C009302,M,2,1,3.365510204667237,74.81525286049677,86.58828524389222,6,0
C009303,M,3,2,2.818366572204934,71.45226853083409,49.36229278693095,3,0
C009304,M,2,3,3.913046065795841,90.37032199830745,60.19390029164059,3,1
C009305,M,1,2,2.4822259237467277,59.195255224014254,41.790803257663654,4,0
C009306,F,1,1,5.466099725146522,59.383402568651825,95.5715624574621,2,0
C009307,F,2,2,8.592019735096756,55.11477660684245,97.50529170713301,5,1
C009308,M,3,1,6.276627581680457,100.0,39.99151411805551,4,1
C009309,F,3,3,3.977828157519979,88.01650263433424,37.90103035641902,2,0
C009310,M,3,1,7.461420561579811,55.94935827440476,75.08644617219109,3,1
C009311,M,3,3,6.204489242136997,46.930715912356845,75.50640820409514,3,1
C009312,M,3,1,5.732590573718866,62.023322805897116,53.011450489782035,6,0
C009313,M,1,2,2.8677808013422044,66.06247078789839,40.971889458512166,4,1
C009314,M,3,3,3.80781260189419,68.82325763363423,87.03312433053564,2,1
C009315,F,1,3,5.413249251413035,41.91869682885862,55.133448030469104,1,0
C009316,F,3,1,8.871161002960987,53.909213824572134,54.08624467246946,1,1
C009317,M,2,3,7.2891775079437995,83.2298955616649,62.13649989648348,6,1
C009318,F,2,3,5.429548418311297,74.18243822048748,33.314936507227216,5,1
C009319,M,3,1,4.480191686080157,54.52014337592539,48.59262014184189,5,0
C009320,F,3,3,5.804571029669853,79.51056826147999,41.75672018568174,3,0
C009321,M,2,1,5.302607567375871,79.66280276406286,24.168048503789493,5,0
C009322,M,2,2,7.497744206959824,98.35594661165098,44.38535775804792,7,0
C009323,F,2,2,1.7193728077503279,61.75936474132272,58.849282809581915,5,1
C009324,M,2,3,4.2027471531202325,54.892156704652955,45.44546886242047,4,0
C009325,M,3,2,5.797202457939276,62.76686282631405,57.226064145539915,3,1
C009326,M,2,1,7.26420318106814,78.89275858201218,40.54326232301735,6,0
C009327,M,3,2,8.425356058806065,46.193022455636125,70.74040529676348,1,1
C009328,M,2,3,0.9237524192636832,65.06133254722766,77.50160349452648,1,0
C009329,M,2,3,2.5524950032223135,65.58234041782991,71.65536974519014,3,0
C009330,F,2,1,3.9801061208833364,84.92999866558159,62.59405672585831,5,1
C009331,M,1,2,1.4066529057256703,56.93953993059518,74.49666966679335,2,0
C009332,M,3,1,7.799344402868077,62.797041008352764,48.67317399470772,2,1
C009333,M,3,3,4.407576691414184,72.8402904502267,45.4781668529043,4,1
C009334,F,3,3,6.717016637623559,55.77447441944972,58.480127579317895,1,0
C009335,F,2,1,3.7463493043570804,53.0510629682654,49.97746706328243,4,1
C009336,M,2,1,5.034228883614911,93.08836893484812,84.48097752949991,5,1
C009337,M,2,1,1.135564125965332,73.36248481908518,96.22804533752868,4,1
C009338,M,3,1,1.8062768664097701,83.23305350350796,100.0,3,0
C009339,M,1,1,1.8477691844745818,75.8946352239161,76.53558759140483,2,1
C009340,M,3,3,0.36839276525868714,63.24177281182607,66.45494958498342,4,0
C009341,M,1,2,6.3936481014856295,55.917107656650515,24.61118516432564,5,1
C009342,F,1,3,4.103577675668788,56.5310798944339,52.43508777457791,8,1
C009343,M,2,2,6.461904870734441,53.98035826904615,46.651820796131325,8,0
C009344,F,3,3,3.8800625554089176,54.051337170245304,47.97240721056279,5,0
C009345,M,2,1,6.613340510430795,53.2986721544773,84.32920550391182,4,0
C009346,M,2,3,6.2324760591607395,76.70803873359125,86.10027136029194,3,0
C009347,F,2,2,3.866389352504107,50.591901738034124,52.38159686820456,4,0
C009348,F,2,1,4.571252845456641,85.8944794296055,48.936621058304404,1,0
C009349,M,1,1,4.90998240120958,76.30899619173714,56.022438958967726,7,1
C009350,F,1,3,6.588893647685358,75.092633153879,27.052688425066492,8,1
C009351,M,2,1,4.062957092753284,68.57145451401097,83.18156210151665,2,1
C009352,M,2,1,4.91988837506031,71.24929292781708,74.88894308969789,7,0
C009353,F,2,3,0.8871501814379252,58.65608055725794,37.736302774149486,5,0
C009354,F,2,1,2.1949458965445916,52.35101097470961,38.08292452181034,2,0
C009355,M,1,2,2.5188925493091157,58.32784713808846,89.9287675880179,2,1
C009356,F,3,3,5.27007270876947,45.32462202598232,75.24487359959669,2,1
C009357,F,3,1,2.5842872770488725,71.87411663793657,93.41493386098722,3,0
C009358,M,1,3,4.382984145298003,50.02028039965714,46.51314186025194,3,0
C009359,M,1,2,3.7712542628169836,74.7774243672925,92.88499428370199,5,1
C009360,M,1,3,4.13881596831106,75.20046920419627,43.541917866961825,4,1
C009361,M,3,2,6.041131634827186,68.89660297540989,63.490767851269524,4,0
C009362,F,1,2,4.492544135522372,57.40264016181368,29.455271638659255,6,0
C009363,M,2,3,3.5807411949638253,52.31271684908828,51.622502411665614,2,0
C009364,F,2,3,5.017883391579197,54.11290703606329,64.19671952668466,7,0
C009365,M,3,1,7.685029163357571,51.137131473812886,53.444378299666695,2,1
C009366,F,2,2,4.246037885034735,64.82556588619272,72.27940545868697,2,1
C009367,F,3,3,1.3076695737404869,63.35258029197297,46.27362152657557,4,0
C009368,F,2,1,1.1063764986379878,93.59564982141869,60.93512328202123,2,0
C009369,F,1,1,3.383194973521721,92.86906742233117,54.92998673975208,5,1
C009370,F,2,2,1.4910807913173052,87.90526798783804,54.70919964885854,2,0
C009371,M,2,2,0.0,62.01050815413665,75.39934749545338,4,0
C009372,F,3,1,3.3561947588184333,43.778526599610345,48.31587446366082,5,0
C009373,F,2,1,4.83740696364957,67.76652210452514,57.56176895026743,6,1
C009374,M,2,2,7.044529735426543,61.28922119825466,52.12944019136108,3,1
C009375,M,2,1,3.9612603329319307,65.57522540478786,89.60418379626282,5,1
C009376,F,2,3,4.6815600665702695,71.47795971546309,59.977843176354966,5,1
C009377,M,1,1,5.134392706996478,75.55335110371745,60.12530440224464,7,0
C009378,M,2,3,4.182200625649417,38.3287549637761,55.52020097868505,7,0
C009379,M,3,3,2.531544289978979,84.43231339557204,68.20403013694948,2,1
C009380,M,2,2,8.77642407265747,79.36486126177265,52.83742549030994,4,1
C009381,M,2,2,1.825795727067777,56.39603448293974,52.02776579406188,5,1
C009382,M,1,1,4.916099925480266,78.34362062992484,52.0428415686769,5,1
C009383,F,1,3,2.2841556744760565,61.22412841700982,61.354699412680006,4,0
C009384,M,2,1,4.248368327275941,65.52376118808519,79.66069186009506,4,0
C009385,M,1,2,4.90086777282208,62.79217767570848,54.39207541596749,3,0
C009386,F,2,3,3.55544981034099,54.14150549534746,36.54094038351664,5,0
C009387,F,3,3,1.3302701370666115,46.17215026558157,33.32194998084459,1,0
C009388,M,3,2,3.2357671764777063,100.0,100.0,4,1
C009389,M,1,2,6.472981506438707,74.42714187649872,45.27822922881766,7,1
C009390,F,2,1,0.6953118976688089,67.07786246388217,94.26494329055743,4,0
C009391,F,2,1,7.587964394810937,92.18867600863263,55.74843805402427,5,1
C009392,M,1,2,4.208706486898583,39.777689100630454,42.77394126986178,3,1
C009393,M,1,2,5.57246894967435,61.321951614323325,58.602768907456806,3,1
C009394,F,1,1,1.6812035889705017,55.75360589506707,71.30438131898208,3,0
C009395,F,1,3,3.6721110141857602,57.60241270628589,55.97134827139945,5,0
C009396,M,1,2,2.5347877858886685,65.46258246989575,49.17923444298562,4,1
C009397,F,3,1,4.649725829425305,58.4309842880093,31.938911483649978,3,0
C009398,F,1,3,1.5978893528033176,38.29649878715496,48.73198074423042,4,0
C009399,F,1,2,2.6348344643785078,49.77465038885771,67.26914696105122,5,0
C009400,F,1,2,8.548429467975147,51.1930810686903,32.2005088959546,6,1
C009401,F,2,3,5.423179106872757,58.33445601736852,52.14057584516716,4,0
C009402,M,2,2,4.835558894582025,50.6960329792594,64.794503739564,2,0
C009403,M,2,3,4.800066992284817,62.33292597270969,81.52214988399713,4,1
C009404,F,1,2,7.20901212056326,62.79620489213934,40.020893743571165,5,0
C009405,M,1,2,3.7216040347236565,32.681771675064624,96.69335666503173,7,0
C009406,M,2,2,6.060219170059472,48.90552039782693,68.2689270870254,6,0
C009407,M,3,2,0.0,68.24626768608138,38.98226047917774,3,0
C009408,F,3,1,3.736203715694056,63.33450788555618,62.663833637447894,6,0
C009409,F,3,2,3.320146953661701,38.63377729460731,46.98455271820893,4,0
C009410,M,3,1,2.846475779543045,77.07453428541355,31.808479782274375,5,1
C009411,M,3,2,5.626617340121601,74.1056858057617,57.101473462220355,3,0
C009412,M,3,1,3.7040394687733356,99.94581149896909,57.58602602799817,4,1
C009413,F,2,3,3.6462739287684274,91.45120804721245,65.02611013913916,4,1
C009414,F,3,1,2.2748948374067584,52.20485627671596,42.92196086637868,6,0
C009415,M,2,2,3.1340635234444827,63.08714836361843,44.19731740896563,2,0
C009416,M,2,1,0.0,65.47526422975902,76.94056932179048,8,0
C009417,F,2,2,3.305884895822831,84.12964783716812,73.705202309596,5,0
C009418,M,2,1,0.8867248316081211,60.712417946620434,37.58918702647454,5,0
C009419,F,2,3,7.398242462776329,85.18636715801563,29.922032703866766,4,0
C009420,M,3,3,5.614087757564995,69.25565317953827,39.82797540443015,3,1
C009421,M,2,2,6.00857086320134,53.023878907075364,80.1342288027773,5,1
C009422,M,1,3,1.0941558187072604,47.31420385321486,7.988815543926826,2,0
C009423,M,3,1,5.8437859895470625,80.26312613072268,49.469676351694844,4,1
C009424,M,2,1,2.5321340712136537,79.51518109413252,76.62622220626555,4,1
C009425,F,3,3,4.6089545322531285,81.40757069817653,63.474721344671636,4,0
C009426,M,1,1,3.589294109890544,26.27948859769502,57.26737992563174,2,0
C009427,M,3,1,0.9669983733214687,63.04790239077321,76.58924990530261,4,0
C009428,F,2,3,1.7173947553853033,83.80153080635952,55.98881669270439,4,0
C009429,F,1,2,5.450460435828905,43.541982225106686,50.17560674340094,5,0
C009430,M,2,1,5.38043882942541,73.5271206024415,73.52125142807691,2,1
C009431,M,3,3,0.9807394849606483,56.69585085122327,94.46923739267756,5,0
C009432,M,1,3,6.500713780879428,50.88096883176597,19.00536582981543,5,1
C009433,M,1,2,3.160410881377272,54.09457944424742,45.87093580655281,3,1
C009434,F,2,2,1.1794154996606103,88.69991807345762,54.4670523725448,5,1
C009435,M,3,1,2.7918290587179917,78.43362707057449,49.84686259011804,1,0
C009436,M,2,2,1.0180321752395831,63.23954735404226,61.0888987917061,5,0
C009437,F,1,2,2.404117356500067,98.01153582915546,59.610719573247756,4,1
C009438,M,1,2,2.9478261845359963,38.12565140405161,38.012576567957744,5,0
C009439,M,2,1,5.13492470358731,55.40238784179257,70.29782142935781,4,1
C009440,M,1,2,5.787906001735537,88.99877930805508,57.81214048605482,2,1
C009441,F,3,1,6.338693792282312,62.303289393240135,82.50304899450339,3,1
C009442,F,2,1,5.729599757059312,61.88972937786317,79.2156261770072,3,1
C009443,M,3,2,0.0,63.18338810057986,56.1716314776695,4,0
C009444,F,3,1,0.8212252044987625,58.13456889071544,69.55054227198579,6,0
C009445,M,3,1,6.415341166411578,78.92700160583108,18.684718706252696,5,0
C009446,M,1,2,2.974533521890261,52.61419513804059,21.69869234999122,3,0
C009447,M,2,2,3.6951021799706667,100.0,79.647158387753,3,1
C009448,M,3,1,5.391669737961706,43.78267334592947,57.521431442916054,7,0
C009449,M,2,3,6.838964995348375,90.37922380377054,82.84868445697859,4,1
C009450,F,3,3,5.034099288147848,77.38037315967415,79.74950438560666,6,0
C009451,M,1,1,2.1082641092195944,54.764726540259126,32.37166677352116,4,0
C009452,F,2,2,1.3152500326466545,68.85651806943773,71.75604566829182,4,0
C009453,F,1,3,1.6449800220050133,77.66977533875485,45.88030718651168,1,0
C009454,M,3,2,6.694015979065671,74.39111310194649,54.530654649701006,4,1
C009455,M,3,1,5.893136667954117,36.478481234556014,37.04044271932368,3,0
C009456,M,2,2,4.101233900574089,70.79504150508708,77.88952378845482,5,1
C009457,M,3,1,0.864505647361347,44.17498467526654,68.79051348189658,4,0
C009458,M,2,1,5.962238507181602,80.72231431906084,49.15814199712767,2,1
C009459,F,3,2,4.416457840936928,81.0488356917642,45.97985712291678,3,0
C009460,F,3,3,2.313424977369361,44.46071794969558,73.91998774214737,2,0
C009461,M,3,3,3.8807284243283537,35.355848614266584,45.82360361731208,2,1
C009462,M,2,1,5.115381545837375,60.425956432736754,49.045540630932386,4,0
C009463,M,3,3,3.0197876951509657,61.3802886624438,46.79926044536222,6,0
C009464,F,1,2,1.7203504518822545,65.11718802229692,46.617967663450166,2,0
C009465,M,1,3,4.415480434338927,71.3182892485254,72.22455056974752,3,0
C009466,M,3,3,4.554422551720212,62.67677076709545,64.08640091983258,3,0
C009467,F,2,2,0.0,66.55677167592047,49.86559368413819,2,0
C009468,M,3,1,3.841569900370135,52.497910938555506,41.04151975616713,4,1
C009469,M,1,3,2.146491904958772,49.58812656250855,59.6686560889407,4,0
C009470,F,2,1,5.048673264941517,74.05347894136011,55.149358510792375,4,0
C009471,M,2,1,0.25230804019679187,72.79678230168273,73.99994705925054,2,0
C009472,M,3,3,1.1977371676410518,59.63370583272369,46.92573327580912,3,0
C009473,M,1,2,0.0,49.20822049130926,67.73553791765634,8,0
C009474,M,2,2,4.912852681155728,88.28488181021808,55.391908089513976,5,0
C009475,F,2,3,0.7025711738712968,90.65953334659065,65.19175342865064,4,1
C009476,M,2,3,1.0822874339072657,82.08953133541729,89.23490968502381,5,0
C009477,F,1,3,3.799451137402441,74.49475191480336,55.27162681195412,3,0
C009478,M,3,3,3.6494205587415802,48.65523617934379,99.11950897589789,2,0
C009479,F,3,3,5.4012005858784775,84.21710946088567,56.12423425364468,5,0
C009480,F,2,3,5.62281014473873,73.67990401708212,41.24020011714835,3,0
C009481,M,3,2,6.486474883261717,49.63458167365229,88.20209191575218,2,1
C009482,F,2,1,7.552200661851089,75.58280238387323,92.65590299774124,4,1
C009483,F,3,1,6.293856795778032,57.342522273394906,43.140881451249165,3,0
C009484,F,1,2,4.731655194373413,77.43480645263197,45.791872699169645,5,0
C009485,M,2,1,4.478203565115782,82.16599872435614,74.73195014303612,4,0
C009486,F,1,3,5.356606602733124,72.79775069675817,70.30310647842929,6,0
C009487,M,2,1,0.0,52.47695122882752,45.42526969267246,2,0
C009488,F,1,3,3.659717526566752,74.26834987460649,43.88862960079844,6,1
C009489,F,2,2,0.0,73.42218869316702,65.13083569784726,3,0
C009490,M,1,2,2.3831960216340757,54.47827956444635,57.554075020501664,1,0
C009491,F,1,1,0.7530468011837321,59.884547781936426,70.39382444987385,1,0
C009492,F,2,1,4.85553994352694,93.57432908050714,70.32777216922395,8,0
C009493,M,3,3,5.322437546490969,89.84475314486289,76.45434797723658,2,0
C009494,M,1,3,6.675416865566285,56.78803843248524,23.215217004514244,1,0
C009495,M,1,1,1.8717437363066645,34.6760810399487,93.55572104881693,6,1
C009496,M,2,2,2.552916617305394,87.23646206541257,69.33106653943837,4,1
C009497,M,2,2,6.382114250919944,96.80201147802677,52.208817813695916,1,1
C009498,F,3,2,2.8735452167029685,88.60531526879865,58.09152333978056,3,0
C009499,M,2,1,2.4189309058171258,59.67980298784197,71.67872672380881,6,0
C009500,F,2,3,5.567673700042532,75.05983594292198,64.23043936295919,6,1
C009501,F,2,3,5.140944497933247,51.129311227068314,64.48347438968528,1,1
C009502,F,2,1,6.105671798497797,81.21650605073816,58.338435658700185,6,1
C009503,M,3,1,5.061123711229866,56.26600818620102,90.03120689902687,4,0
C009504,M,2,2,3.132875180509143,55.47133351200609,66.11992794730931,3,0
C009505,F,2,2,7.023368439307606,63.71960042432664,80.4859704880372,1,1
C009506,M,2,2,5.94314265021139,56.59655716205296,99.28867060731122,6,1
C009507,M,2,1,3.962282064416015,76.0231372100064,77.33407577543645,3,1
C009508,F,3,1,5.949733097261878,52.18903100522939,65.41709381561944,3,1
C009509,M,3,2,3.9706183660237717,100.0,26.878451670907666,4,1
C009510,M,3,1,1.9598707993315858,73.25789399785123,52.62989422168996,1,0
C009511,M,2,1,4.24350417714488,59.75253218402322,98.17587150541445,1,1
C009512,M,3,2,8.23788888434732,50.350296956392484,65.95369219892662,4,1
C009513,F,2,2,6.291218497446216,60.34225970582778,35.99610662028864,3,0
C009514,M,2,2,4.915052137718368,61.876743104874244,56.161455924063475,6,0
C009515,F,2,3,2.027416402693079,60.9295961090508,38.76554257064204,4,0
C009516,F,2,2,1.3978703955605734,57.57233573192783,51.76348791030871,3,0
C009517,M,3,1,3.462318404041602,52.656257858010655,52.75114823843636,1,0
C009518,M,1,1,2.663544145861679,78.60323397663586,49.45335207136149,5,0
C009519,M,3,1,4.0390178201637825,86.19558542348913,61.39348727488851,6,1
C009520,F,2,2,4.331953081206161,52.06774020093759,23.231626873187807,7,0
C009521,F,2,1,0.8703758167546356,64.2584754596411,71.91017945615167,4,0
C009522,M,2,1,2.1564791087890014,38.0118449589427,85.79792944343058,4,0
C009523,M,3,2,3.21997103732987,56.814184430272626,26.873030716762955,3,0
C009524,M,3,1,4.959793363107452,94.53944581076853,79.13468066335793,3,0
C009525,M,2,1,5.042038200956364,82.99756207132536,71.79315348179367,4,1
C009526,M,2,1,1.726520293184259,74.28298094598945,66.5695885817793,8,0
C009527,M,3,1,1.3055518916568336,47.656014767992936,60.86723273656285,5,0
C009528,F,3,3,1.9175965495796037,54.54608275157078,64.05626888180329,2,0
C009529,M,2,3,5.752324575455363,57.260746454208984,75.59637900913361,3,0
C009530,M,3,1,2.9576569872036744,80.32375461729225,63.9373914317266,3,0
C009531,F,2,1,4.234090099116914,84.51803127200638,100.0,4,1
C009532,F,1,1,4.91755209660894,65.13036337842661,48.58843397322699,6,0
C009533,M,2,1,6.700677342351858,78.63289763688346,89.61631148104507,3,1
C009534,F,2,1,1.3148309429788432,54.10070351804387,57.6967174238053,3,0
C009535,M,2,2,6.668299956229897,69.96100257462864,52.88387947501927,2,1
C009536,F,2,3,5.271458096374806,80.8927033728419,78.14094312607591,3,0
C009537,M,2,1,7.668798430104628,89.09079702457785,54.474257205515755,4,1
C009538,F,3,2,7.09142783304579,47.77513222642789,91.33060557882285,2,1
C009539,M,1,1,4.241264617259633,86.94985208417464,46.555176663797226,5,0
C009540,F,3,2,2.3536932473377425,100.0,82.85432054230671,9,1
C009541,F,2,3,5.454091705730433,43.93175865458607,70.83699781682712,4,1
C009542,M,1,1,1.5372494916447361,41.48429736212532,57.046383275484295,4,0
C009543,M,1,3,4.475722979176224,89.71476328372445,42.319165830247236,1,1
C009544,M,1,3,2.3636213804663617,59.70039029696343,42.249693090116054,1,0
C009545,M,1,3,3.4693004098400686,62.716695839373145,44.70804268511346,4,1
C009546,F,2,3,0.0,83.85963073112138,79.93791465843111,4,0
C009547,F,2,2,3.8150305836377405,52.7989641108495,60.8229545722148,2,1
C009548,M,2,2,4.264181537219402,70.16745206697095,74.22015760823989,5,1
C009549,M,2,2,2.8281470295277122,45.715537249982916,62.75399723219508,2,1
C009550,F,2,2,3.814503288071799,79.28162110890183,40.2377825910816,6,0
C009551,M,2,3,1.6153255672803346,79.2035078947043,66.3976916636225,3,0
C009552,F,3,2,5.715004783511757,68.91465082942328,71.04571136113238,4,0
C009553,M,1,2,4.054789742757051,66.53963076711742,28.53100453189871,5,1
C009554,M,1,2,8.924659631989652,66.13703210199826,49.28542685492714,6,1
C009555,M,2,1,4.642963917210495,63.78395641955719,45.352326812196104,2,0
C009556,M,1,1,4.841417377622185,65.24621786178287,37.415594578121684,3,0
C009557,F,3,3,2.967455763545511,79.43336241644238,62.60913437702378,2,0
C009558,M,2,2,6.622786086380527,39.57025064228758,64.95150854938679,5,0
C009559,F,3,2,3.0575620169445035,93.87096537338319,83.63964888833053,3,1
C009560,F,3,3,7.803177105571983,69.16609918058121,74.52292845925963,8,1
C009561,M,3,2,7.739478254953184,100.0,54.50745123743166,4,1
C009562,M,1,1,2.8730142394513978,70.11958328491188,54.54389657456251,3,0
C009563,F,2,3,3.390714835196933,66.50641571287566,91.90530240523051,1,0
C009564,F,3,2,2.4037594413015917,75.74406259937007,69.11660580475859,4,0
C009565,M,2,3,1.0590639112349987,47.60552308959984,80.69034296695642,5,0
C009566,M,2,2,4.646241423313319,50.323454383762055,34.58092830217697,3,0
C009567,F,1,2,4.009968617134203,63.331953833108976,31.480280815887422,3,0
C009568,M,2,1,5.45481033094707,67.47368973097218,52.545677350908235,4,1
C009569,F,3,2,3.889673240537051,81.81299033302602,77.59344005706748,3,1
C009570,M,2,2,5.918971256514447,67.50292434167353,88.65079762217609,1,0
C009571,F,3,2,3.8947787333277986,88.11941603375425,46.26365093380027,4,0
C009572,M,3,2,3.571043198865859,26.186917264899044,69.4991727506129,3,0
C009573,F,2,3,4.192068711619064,93.45114362335947,67.44551336342226,7,1
C009574,M,3,1,5.671708154208584,60.17929100359956,39.058208915927764,5,0
C009575,M,1,2,3.1868587648416566,76.57516708847506,44.6733006542909,4,0
C009576,M,2,1,5.9982327892609995,84.3290458601063,58.02437881192492,3,1
C009577,F,2,3,2.3783582367781095,46.59183521987951,37.015159438553695,3,0
C009578,M,2,1,3.30896409107084,88.00895390545193,100.0,5,0
C009579,M,1,1,0.0,77.6348221577069,40.90895530071944,2,0
C009580,F,2,3,3.2491937373416757,92.95126104268058,51.7733989843308,9,0
C009581,M,3,1,1.53190139721494,67.48394006316711,66.59445652512025,4,0
C009582,M,3,2,5.2192499827588765,66.27984384923636,64.35700330682667,2,0
C009583,F,1,3,5.1198196750661324,55.20524414322196,71.10298421065595,5,1
C009584,F,2,1,6.6767839721630144,55.75707615015101,41.77302110378969,5,1
C009585,F,1,3,7.65548289152434,65.36146277534547,35.593252018567256,2,1
C009586,M,2,1,3.641765366647962,75.08321472820502,61.7971366458383,6,0
C009587,M,1,1,2.376698088543603,77.59238524721826,43.668858967979716,4,0
C009588,F,3,2,5.032108800935974,51.168433140872814,46.872417101889546,3,0
C009589,M,2,2,3.1462996713608464,64.80103999876785,45.56444221779873,6,1
C009590,F,1,2,2.6693954893708236,69.70278196345001,45.53966087326333,6,0
C009591,M,2,1,3.9623623890618824,34.00218799296405,33.85958428512629,3,1
C009592,F,1,3,2.705104361443902,79.20629798685492,40.752454339661526,4,0
C009593,F,2,3,8.530904706623566,62.383025594999154,53.401063981081336,5,1
C009594,M,2,2,3.4197531782938757,66.46915304128076,80.38994073770023,3,0
C009595,M,2,2,3.9325109066011015,88.09527688876346,96.55203946403765,3,1
C009596,M,2,1,5.780787468202489,51.31561609477863,76.64765538910811,6,1
C009597,M,2,2,8.817953252853279,53.1731904317343,64.34141904195238,2,0
C009598,F,2,3,3.503913801443052,31.890089179641976,78.39264283794459,4,0
C009599,M,3,3,0.0,65.04360256005558,57.19057700085172,2,0
C009600,M,2,1,3.83156664204578,82.497436000726,64.6147108601044,1,1
C009601,M,2,3,0.24694122787401307,34.422233154513,72.92934910573517,4,1
C009602,F,2,3,2.864241467815965,50.525615574335305,69.75446485098563,6,1
C009603,M,2,1,7.294531621000645,68.48403801953862,77.22955545231807,4,1
C009604,M,2,1,2.236887290280089,59.08590033709248,72.21135892700947,2,0
C009605,F,2,3,1.6987572493747072,59.2264108810708,46.78719762454014,1,0
C009606,M,2,1,5.887967552442019,68.30988993205547,71.5709968065949,4,1
C009607,M,3,1,3.52021931633404,93.55190424188598,46.52404550695621,3,0
C009608,F,3,1,6.661797599009647,66.62821135874947,73.17421337051512,1,1
C009609,M,2,2,3.3856937877642737,69.60913805993266,52.627568769680444,5,0
C009610,F,3,3,5.4194528543622,73.23314916183722,36.74996373011469,4,0
C009611,F,2,3,0.6065244820603146,36.787884489010764,34.79962035139029,3,0
C009612,F,2,2,1.9433170857570472,70.87649087610541,98.85416332586415,1,0
C009613,M,1,2,3.593483334093169,42.880790530493414,41.096487781613504,5,0
C009614,M,2,2,3.1114880639156626,66.42076525154877,77.053865201988,2,1
C009615,M,1,1,9.49589101139668,82.41906809883602,72.15939141107408,3,1
C009616,M,1,3,6.235003600600365,59.75212587299865,76.58908927947428,8,0
C009617,M,2,2,6.176642299106101,82.11549162134955,41.8620596757412,2,1
C009618,M,2,2,3.6243210093547917,40.09855678420432,52.45324227770833,5,1
C009619,F,2,1,0.9353719616764358,70.15262662157639,42.476747274153325,5,1
C009620,M,3,2,7.681167321370564,70.38957737040268,77.71899515072487,2,1
C009621,F,3,3,0.4342477117223935,25.551664654929333,86.65187181861457,2,0
C009622,F,3,1,2.7895321624352425,73.68996357372232,59.14057211222141,5,0
C009623,F,1,1,5.261479797491459,21.195847529386484,98.55565623903931,7,1
C009624,F,1,2,9.738542839207833,68.52634045764654,64.66131856029804,4,1
C009625,F,2,1,7.8290045691867745,72.64761970976004,56.23286845117603,4,0
C009626,M,2,3,5.370451316332661,59.54082386602159,61.72088817601453,5,0
C009627,M,3,1,8.728007810908622,68.44315135656494,68.66201180836698,2,1
C009628,F,2,2,2.9136954338753593,99.89929962782168,33.34694669859492,7,0
C009629,F,1,1,4.99181383293243,57.70170803114643,64.66006706554359,3,1
C009630,F,3,1,7.2099673622364495,48.36267079703143,57.060650924457065,7,0
C009631,F,1,3,0.914502673118804,96.539039260255,55.18856121939446,8,0
C009632,M,3,2,4.827600643613432,68.79090764617712,57.561627832327495,5,1
C009633,M,2,1,4.973146435600397,83.21702315089382,77.52794535150345,4,1
C009634,F,3,1,4.903759752830481,41.204552576975445,60.001593908396565,3,0
C009635,M,1,3,1.704514823717207,28.621088661544448,39.47413406077608,5,0
C009636,M,1,2,4.959447671561838,52.49537803535671,61.22531481593565,7,0
C009637,F,2,1,4.647881034326131,62.827389773763635,55.49076525884742,5,1
C009638,M,3,2,2.7908626509620884,57.63015719115276,59.96947201526591,4,0
C009639,M,2,2,5.716229171362603,57.6022991161189,58.46575008048633,5,1
C009640,F,2,1,6.97137533416225,37.361369819279396,66.21167696773902,4,0
C009641,M,1,2,2.4529993388283664,68.73789475747382,34.824598132538824,2,1
C009642,F,3,2,5.089395154640492,61.480704574946365,35.46560180006603,4,0
C009643,M,2,1,7.03778697317503,32.37501531706975,58.214231403189586,1,0
C009644,F,2,1,7.078462659813079,60.73857668147836,55.126101430546925,5,0
C009645,M,2,1,3.659258739447367,63.37327179754643,42.60180169464688,3,0
C009646,M,3,2,6.35869530198661,81.2601056383559,23.064702881374693,5,0
C009647,M,1,3,3.4656515453242824,57.29717205464776,64.32241691582419,2,0
C009648,M,2,1,5.7987490131409025,79.93589277729299,51.70887106136714,5,1
C009649,M,3,2,2.3740847218353025,78.2529054274312,65.80718876756818,2,0
C009650,F,2,2,0.6522643081336783,52.990414370178556,64.6905363981869,6,0
C009651,F,3,2,5.172102187843944,75.44163701927597,72.67907300101554,2,1
C009652,M,1,2,5.935288782013945,82.4601037848286,40.68829658596568,1,0
C009653,F,1,2,5.553746573788709,81.7072551275158,60.280387756914635,4,1
C009654,F,2,2,2.2019264411037387,70.55283641132593,97.43355453572937,4,1
C009655,F,1,2,0.0,63.641523349319385,64.28802946463402,2,0
C009656,M,1,2,5.921796522897899,44.724646143061825,86.75332447137264,3,1
C009657,M,2,2,7.209144254715026,83.0090595407821,72.51593591820517,3,1
C009658,F,3,1,0.0,43.24381558062653,43.904540487938036,6,0
C009659,M,3,1,3.3280109460804117,62.69141543159256,100.0,2,0
C009660,M,2,1,1.9398799519247527,81.44283326554824,84.92468501290124,6,0
C009661,F,2,2,4.541469894470213,50.149813096572274,36.75328686634254,3,0
C009662,M,2,1,6.94079644630073,65.00794255744566,57.12478969029535,4,1
C009663,F,1,3,3.487473103076904,41.437947285225334,92.05013873256603,4,0
C009664,M,1,2,2.886321147770035,59.64975732418049,71.483901366027,2,0
C009665,F,3,2,4.8601685912585015,50.10414386695037,26.80729430405303,4,0
C009666,F,1,2,0.0,53.276579684452244,47.40133584192439,5,0
C009667,F,3,2,5.8431013761397725,73.6512975613375,45.75197760022317,5,1
C009668,F,3,2,6.327042597035398,74.98997664270634,86.65789126272497,6,0
C009669,F,2,1,4.010302120133407,56.47257675489977,69.27780408713386,3,0
C009670,M,2,3,3.0324877021157057,69.20743534711035,54.46382620515595,3,1
C009671,F,3,1,3.3805376550640025,58.20278242831448,45.9842472776657,3,0
C009672,F,1,2,3.389754567741821,59.785853849039746,72.04747838067044,9,0
C009673,M,1,2,3.873513189009735,47.76996591354201,57.77202712532197,4,0
C009674,M,2,1,0.5669979724991214,57.286579568810865,63.244158436456445,5,0
C009675,M,3,2,4.910601743614658,35.54552910960909,70.91889230934801,3,0
C009676,M,3,2,3.192051754137563,96.70555372961266,63.131505499700204,6,1
C009677,F,2,1,4.045359823386763,83.14256104546521,35.59435311909109,6,0
C009678,M,1,3,2.728370604465367,100.0,75.37935878944913,1,0
C009679,M,2,2,4.837828720122033,82.09672204646006,78.64254096483008,5,1
C009680,M,1,2,6.924611465111601,69.75257125583079,97.92538441379736,2,1
C009681,M,3,2,4.459062172235807,32.334175234080604,48.76097464297875,5,1
C009682,F,2,2,0.3990292780355085,80.73578569087833,83.08561334663884,3,0
C009683,M,3,2,4.009496913616593,85.40488440737514,83.01459802707957,3,1
C009684,M,1,2,4.461537031540032,48.11805005677285,79.20432644552542,1,0
C009685,M,3,1,3.8796760630044833,73.58398193413197,62.86604517493251,3,0
C009686,F,3,1,2.314843583056296,67.49472968618167,43.50075569711791,6,1
C009687,F,3,3,3.899386847145605,64.15476509279898,54.75873645358485,3,0
C009688,M,3,1,5.851479183990042,73.45828452911067,39.848999040196716,3,0
C009689,M,2,2,3.3490075916118824,72.21525662358536,32.848967775597515,4,0
C009690,M,1,2,7.035747480203797,50.286056214693254,73.5596140617875,3,1
C009691,M,2,1,2.5693323438970985,79.75474182036263,44.896970526696975,3,0
C009692,F,3,3,1.7315524502737634,43.3226575982234,24.358829743192253,4,0
C009693,M,3,1,3.490111470522788,72.51142945442375,62.24331333820961,4,1
C009694,M,2,1,0.0,69.62280534503937,74.63554924759262,6,0
C009695,M,2,3,3.9811073972141062,53.91913303814468,71.38478522548773,4,0
C009696,M,1,1,3.2697096556760243,83.9136312319939,42.264913347899885,3,0
C009697,M,1,2,5.511541597319873,36.79976800994584,49.203387429272816,3,0
C009698,M,2,1,0.23958136478615133,69.22622966116701,67.44460439440277,1,0
C009699,M,2,1,5.683614328053471,68.11195210860738,76.33226697409168,4,0
C009700,M,1,2,4.339659626409938,88.90195365901243,67.87985411546578,6,1
C009701,M,3,2,7.487611411155517,75.04163116298884,75.74433023843827,3,1
C009702,F,2,3,3.6261295092312054,31.801067122819134,57.020566799032125,5,0
C009703,M,2,3,4.750653975564224,58.17102577738597,67.20899829494437,4,0
C009704,M,1,1,5.395896141411745,89.3786607901051,63.93344877601727,5,1
C009705,M,1,3,0.0,62.69477054243211,40.22647952052027,4,0
C009706,F,2,3,6.443906959432543,48.36301313299282,28.251753764321027,4,0
C009707,F,2,2,3.7161254533558217,64.24525244325858,44.557755146547635,3,0
C009708,F,1,3,1.2037295439947227,90.17047619698371,46.75741889174158,4,0
C009709,M,3,3,3.8342236821493456,52.28010882469585,83.97571761761913,5,0
C009710,F,1,1,6.576464839002691,49.282148556598436,57.879307199210984,4,0
C009711,M,3,3,3.246708281158688,61.58506801328059,44.861111580648625,6,0
C009712,F,2,2,4.229003116099397,55.261705947622985,56.49983915314441,1,0
C009713,F,1,1,0.0,76.05871535655565,63.665515698218314,4,0
C009714,M,3,3,2.1177553235108926,59.71617233011938,52.07050288127998,5,0
C009715,M,2,2,5.557154614613998,70.27561985102157,49.50739035430175,4,0
C009716,M,1,3,6.3289172912761575,89.44073603197239,52.757969897428204,3,1
C009717,M,2,2,4.4641191599651275,50.77698854355755,63.74681470986598,4,1
C009718,F,3,1,5.28436542961856,80.5538901491586,56.78463341957079,3,1
C009719,M,2,1,3.1190904035664793,78.57788842551396,51.48539310829689,2,1
C009720,F,2,1,4.044919655426034,46.380896136341775,46.15275963922469,5,0
C009721,F,2,3,1.666600297366728,85.65152606795552,65.89952830831838,5,1
C009722,M,1,2,2.920391500130568,46.55036826711475,52.932455729228096,4,0
C009723,M,3,1,3.9376813038239327,43.1613972660853,70.15363260376691,6,1
C009724,M,1,1,0.5604737488776848,52.3931851859204,88.23211538129743,5,1
C009725,F,2,2,9.267508684481125,52.935325000359214,39.82424078750153,3,0
C009726,M,3,3,2.4501227383862343,59.80711893971845,55.545775370201255,6,0
C009727,M,3,1,4.462561126317319,48.37513767168953,31.17559587567797,2,0
C009728,M,2,1,1.2490110343213954,73.53197910414426,55.62212969665704,1,1
C009729,F,3,1,0.0,63.051135649539106,93.96602035413835,3,0
C009730,M,2,1,7.767329993204422,67.75980920729307,70.66662497011541,5,0
C009731,M,3,2,4.123927629452693,75.17575427293771,47.954029109201564,6,1
C009732,F,2,1,0.0,87.85539098220693,68.27133239338255,3,1
C009733,M,1,1,1.7423714577293734,58.49228800983999,39.65948979170693,2,1
C009734,M,3,3,8.550729402625048,55.78130333066337,39.653068256803806,3,1
C009735,M,2,2,5.0610459310768405,77.00133383315489,71.78275438876435,3,0
C009736,M,1,1,0.0,83.82185830079882,54.37416037601285,4,1
C009737,M,1,1,2.8735152676991116,66.19498274225275,55.98154965210243,2,1
C009738,F,3,3,3.597576641355596,66.05654137387238,59.11156062517537,8,0
C009739,F,2,3,5.1555043562749105,61.8539645775748,55.391456610020754,3,0
C009740,M,2,1,3.9800262640147457,55.75129244701172,83.48647540493319,3,0
C009741,M,2,3,0.18428689422935074,59.08734163395489,33.73319139546383,5,0
C009742,M,1,1,2.6056294206289516,63.789360559817595,45.554644506036915,2,0
C009743,F,3,2,2.0041764229795636,74.92787655873768,64.07132637953335,3,0
C009744,F,2,2,5.646759418942992,77.56954435320307,38.98763098949931,4,0
C009745,F,3,3,2.805410075973449,51.25921702511425,46.28108030002092,3,0
C009746,F,3,3,2.77915018013541,65.95244465277152,75.47748938791605,4,1
C009747,F,2,3,3.426260860032422,54.23810884054985,44.83151990952257,3,0
C009748,F,2,2,2.103468586613118,61.146961523675536,74.72758822130956,8,0
C009749,M,2,1,7.3188940974541286,66.94782277591803,35.799219981399986,3,1
C009750,F,2,3,6.469578666708404,79.39192578408432,96.9880979548457,4,0
C009751,F,1,1,6.572471361244243,62.898450504971755,72.23723345301609,5,1
C009752,M,3,1,1.286382107509315,71.66408041721505,72.65764901754092,3,0
C009753,M,1,1,4.774642894091946,48.971602052403696,53.02320940359404,2,1
C009754,M,2,2,5.7340923094659235,47.97481919917571,60.1912964398878,3,0
C009755,M,3,1,1.7424207831259304,61.11504600191664,100.0,4,0
C009756,F,3,3,1.41856060907726,100.0,40.32675143044462,3,0
C009757,M,2,3,1.8175020845780794,53.203488796655634,49.83691951175429,5,1
C009758,M,2,2,0.7840600884069873,67.29849399150164,54.034859403728575,4,0
C009759,M,3,2,6.304387745435172,71.12166979934734,63.09170293759226,3,1
C009760,F,1,2,6.099464764817592,65.48399332540616,72.38357045005037,4,1
C009761,M,3,1,3.2877404292144843,56.03295634838066,68.942197762265,3,1
C009762,F,2,2,3.859588543254578,73.33684497655915,40.61643024359867,9,0
C009763,M,1,1,2.5012467681641484,51.33652270507423,73.86277874934905,5,0
C009764,M,3,1,9.091377160085651,70.70162031511401,73.74699803045905,5,1
C009765,M,2,2,3.0416036996903286,56.25883160902821,61.30706499572095,3,0
C009766,M,2,1,2.8361541489002167,79.94179981253279,48.719165293223796,2,1
C009767,F,2,3,3.718290086700904,38.174741403716645,65.16069195478421,5,1
C009768,F,1,1,1.1073787256697005,63.350371978699314,54.96756613157657,6,0
C009769,M,2,2,4.588648024336949,48.22294300946567,59.15835843378497,3,0
C009770,M,3,1,7.137244013297648,77.39972613385025,60.37110253652457,4,1
C009771,F,3,1,3.616846477146856,77.60071351390562,44.28020763135021,6,1
C009772,F,3,2,5.762547841144301,25.60212483691057,60.68802001425358,4,0
C009773,M,1,2,0.0,46.35810201388088,79.27371499259185,1,0
C009774,F,3,2,1.9039889224952433,78.97433012456295,72.22611369537816,1,0
C009775,M,1,3,4.212979442449727,62.99277323392399,56.551257519067924,2,0
C009776,M,1,1,0.0,74.1535088813097,55.62886832866053,2,0
C009777,F,3,2,4.722086799597585,64.73858997844063,91.65887645328671,3,1
C009778,F,3,3,3.3222467740653787,67.40262046812317,44.37409338191132,4,0
C009779,F,3,3,4.65178284429184,79.83131633570261,71.654315599942,3,1
C009780,M,2,3,3.4883707290458665,47.12428480483147,81.97168950881539,4,0
C009781,M,2,3,3.6387716680508295,58.36509658363819,40.23540714694146,5,0
C009782,F,1,1,0.0,49.46378090039374,57.01876403017642,7,0
C009783,M,3,1,1.5978453849838261,69.07609916333254,80.0108654507491,1,0
C009784,M,3,2,5.116516778425002,45.391583120236234,46.93872089493602,4,0
C009785,F,2,2,0.8845588636824191,78.84736797819951,62.722388767924194,5,1
C009786,M,1,1,1.841007615477225,56.97755290876778,34.89805010317845,4,0
C009787,M,2,1,3.038776916002865,72.67237645715399,52.78977852541509,8,0
C009788,M,3,2,3.2414263757919004,53.88694343450632,85.17166532192658,5,0
C009789,F,3,3,5.575454151731119,77.11674017219997,37.67674027281602,3,0
C009790,M,2,2,4.504969257386078,82.8113801372463,30.634179189617953,6,1
C009791,M,2,1,2.5452243851424043,76.42393957922837,59.356349985235845,3,1
C009792,M,3,3,0.22876112631991896,51.763258679391676,69.61438979493848,3,1
C009793,M,3,3,10.725571672196999,86.89522749414002,51.23917890358173,7,0
C009794,M,2,2,4.0831506529209305,75.3690692820768,54.49965434287914,4,0
C009795,M,1,1,6.010141250750019,55.469507872995464,73.3713350669401,4,1
C009796,M,3,1,0.0,69.18315652278271,82.08193656094747,2,0
C009797,M,2,2,3.182582596717376,88.04987604525621,69.36198586922814,6,0
C009798,M,1,3,3.099036138955756,51.56373050367821,77.07373440493878,4,1
C009799,M,2,2,2.978201997185846,51.13771766055738,59.4849048875644,4,0
C009800,M,2,1,5.7121614667631375,63.066717271960414,48.76422296427929,3,0
C009801,M,2,3,3.4172617658429347,43.9881232720354,33.225337228180095,6,0
C009802,F,2,1,3.055164702972748,66.63182360264366,35.20878162400831,3,0
C009803,F,2,3,3.970519095573653,75.95508039893376,57.751518576828886,6,1
C009804,M,1,2,4.055647253878717,67.5607052806866,83.39383556285163,1,1
C009805,F,1,1,1.3365624446964386,54.11776212673687,43.07198602389056,6,0
C009806,F,2,2,6.178035409756293,78.61900125292959,100.0,4,0
C009807,M,2,1,2.72785130694142,62.43849084615872,56.85895942323894,5,1
C009808,M,2,3,3.7729624033706535,53.14931402343468,41.951817947507955,1,1
C009809,F,1,1,7.293018115941414,68.87835390291866,50.098349237634885,6,0
C009810,M,3,2,10.393285492217348,83.06888087341089,58.70526840749131,3,0
C009811,M,1,2,5.029843977181219,56.307721569460455,84.60069852830478,6,1
C009812,F,3,2,0.1684879832727888,89.00460980452294,62.08938805836152,2,0
C009813,M,2,3,3.369206276602956,66.16569496417578,37.63344055019989,4,0
C009814,F,3,2,7.774300521379958,66.91046129105929,91.67106222654144,1,1
C009815,M,3,1,3.4929162363675723,66.72231778860497,48.941022995015075,5,0
C009816,M,1,2,5.83244356156354,56.69621114192014,45.38756812457705,5,0
C009817,M,3,2,5.8007442187065505,45.9932614636863,68.44039694976013,2,1
C009818,M,1,2,2.451534598358858,94.33904494876013,77.92575394915309,6,1
C009819,F,3,3,8.16397261986817,47.30121682786218,77.38748776793273,4,1
C009820,F,2,1,4.943755228764902,83.6426807173222,28.542579593928558,2,0
C009821,F,3,3,3.941624909672889,90.94025646420614,89.29190424670347,2,1
C009822,M,1,2,3.639961755557005,54.29537648587219,41.12443006651043,3,0
C009823,M,2,1,1.4214445036493792,74.28120152577762,71.41575314060884,6,0
C009824,M,1,3,2.2631796127496155,75.35654299481521,68.29100689225828,3,0
C009825,M,1,1,1.7495340690829861,75.38936588491747,70.83113052090229,5,0
C009826,F,3,1,9.002764046577221,55.535217427533624,56.105377791247136,2,0
C009827,M,1,1,6.281423298565354,59.18830380858183,80.80069420971527,2,1
C009828,M,2,3,1.7790848223948017,77.06401431296055,60.58648398228923,4,0
C009829,M,2,3,8.055252375367626,40.406895213004724,85.23481471491827,4,0
C009830,F,3,2,7.002962272309623,34.9813138839613,39.78374407056788,5,0
C009831,M,3,3,2.586103179391541,66.56177015389189,92.16968685161314,1,1
C009832,F,2,1,5.1684578021749985,63.063137894943,28.814852845514917,3,0
C009833,F,1,1,2.5003838067267696,67.36141319319681,90.98376418177821,3,1
C009834,F,1,2,6.255253732425714,54.16616099922381,51.03076543937675,5,1
C009835,M,2,3,5.082855370453158,76.77491342892665,67.78675106886304,3,1
C009836,M,2,2,3.068243568330425,77.72821755680532,52.1197736910708,2,0
C009837,M,3,1,1.2772628965696464,67.45607115237021,43.732101316713084,6,0
C009838,F,1,3,3.857491110658776,45.16382014289147,52.479337304852734,6,0
C009839,F,1,3,5.081310105191773,80.6225050608499,74.80258749035411,5,0
C009840,M,2,3,6.86076009975768,38.64823911040996,67.45145275917602,2,0
C009841,M,3,3,5.383919643039359,46.069882969024945,82.95803793801376,5,1
C009842,M,2,1,6.038010694561754,76.38965812589515,70.30276946642282,6,1
C009843,F,2,2,2.3462194952560735,48.11120961883178,67.1281784477253,2,0
C009844,M,2,2,0.0,53.95263168272966,90.73898735369986,5,0
C009845,M,3,2,0.2770923137545105,67.00078690344345,69.11565511027925,7,1
C009846,F,2,2,3.358480428240937,78.81718398990529,42.849834959859464,6,0
C009847,M,1,1,2.2993419406846423,73.71194606126318,38.35725285390518,7,0
C009848,M,1,2,3.72919951249015,84.81969725969606,93.89063639081975,4,1
C009849,M,1,1,5.614466752787852,58.24993069462032,58.892981705937494,5,0
C009850,M,3,2,5.38064839358742,52.00307290710955,61.559510776161964,3,0
C009851,F,2,3,0.0,45.76834690636822,49.9116179037445,3,0
C009852,M,1,1,9.67568034767072,66.67693220591498,32.288736005575345,7,1
C009853,M,2,1,4.860935544033256,69.11419184408209,95.93378793033324,6,0
C009854,M,1,1,4.6367561664902475,100.0,38.14826222425266,5,1
C009855,M,3,2,3.673491055941296,74.19556617529028,42.706360673314066,2,1
C009856,F,2,3,3.3843663717421246,39.29688159108415,54.743996738416094,1,0
C009857,M,1,3,6.4205987991721525,82.24945005452855,52.0197636052123,4,1
C009858,M,2,1,1.8581614501247272,52.32570501896481,49.984820832358714,5,0
C009859,M,3,2,4.674763974286108,45.31076838037525,72.89525134727043,3,1
C009860,M,2,3,7.335209367026666,80.52229431488726,80.61486323584028,3,1
C009861,M,3,2,4.417765612881462,77.61424983223088,59.64053442402947,3,1
C009862,M,2,3,5.129137398273748,81.34747335630075,65.85022273996167,4,1
C009863,F,3,3,0.9097183912186195,55.6367698263887,43.91461503675738,4,1
C009864,M,2,3,5.818440758601476,98.35043891324679,71.1142516582026,4,1
C009865,M,1,1,4.812587211492872,78.74232887808834,55.774002046381376,4,1
C009866,M,3,1,3.7794313977001877,50.7465544247196,53.87841147992382,3,0
C009867,F,3,1,5.58806141047156,98.2715679490456,78.0324484848913,4,1
C009868,M,2,2,1.4843829558477277,73.6656007248557,34.82144226215723,4,1
C009869,F,2,3,7.96270099301875,64.7462157286325,79.31228408401626,6,1
C009870,M,3,1,10.363122481931441,56.61890767290685,59.67241194134743,6,1
C009871,F,2,3,2.677603408064167,16.781702060538016,52.09349078532982,6,0
C009872,F,2,1,6.586721765261167,76.47191279196952,92.3657961228235,4,0
C009873,M,3,2,3.683602216004193,55.697174912728165,75.18652814185074,6,0
C009874,M,1,1,1.2928765706853134,61.46824621642742,30.141838022459094,5,0
C009875,M,3,1,6.85383050388875,63.52775831617193,78.15689974175555,3,1
C009876,F,2,1,3.3754365910354798,52.05575735999937,71.4155734801356,2,0
C009877,F,1,1,5.345987007760021,72.76309528408876,37.7654938186666,2,0
C009878,M,2,2,8.20293381071772,52.3800788873545,59.40179647288409,2,0
C009879,M,2,2,5.161138872870185,40.961745661443274,75.25366199901386,4,0
C009880,M,2,2,4.459374708859604,65.9772364332361,27.77961627663565,3,1
C009881,M,2,3,1.8880367386926449,56.290762951379556,74.84928702117777,8,0
C009882,F,2,3,1.895355837962895,35.61824183834818,53.786661709273716,4,0
C009883,M,3,1,3.700234015297946,46.57079529709357,57.54909255250386,5,0
C009884,M,2,3,3.166167927748625,67.5092018876776,81.23092930435669,2,0
C009885,F,3,2,5.496336803007106,67.09699731795523,46.97488475296922,5,0
C009886,F,3,3,1.6043558465175765,85.86902487165783,40.88255562712752,7,0
C009887,F,2,1,2.2944372501211223,82.61778243215798,73.48965004189895,6,0
C009888,M,2,2,3.6664172226306357,71.59079672910656,62.550580384250004,3,0
C009889,F,1,1,4.211926898544497,54.41964937010367,52.68482934791751,6,1
C009890,M,1,3,4.128453662857626,56.81031668158977,36.24034592529061,3,1
C009891,M,3,1,3.5700505669561746,71.56830482622581,53.35341020628799,3,1
C009892,M,2,2,2.2742157526316733,79.90052880356818,49.83498196612567,3,1
C009893,F,3,1,5.274792136373393,73.16413584035763,56.01905701105422,3,1
C009894,M,3,2,6.601802526425592,57.96476721478012,31.70447125025574,3,1
C009895,F,3,2,4.682583192545005,68.12169228117928,47.82181254928853,5,0
C009896,F,1,3,2.7238170401473782,61.143839789704316,67.55868531194203,4,0
C009897,F,3,3,0.0,33.29884269305569,58.70727305932749,3,0
C009898,F,1,3,7.65222916577729,61.810393948946825,56.64842287261512,3,1
C009899,F,3,2,3.615488666468391,58.838962536525024,42.956702095448506,3,1
C009900,M,1,1,6.908413746090098,76.93026444246523,43.538472625825044,2,0
C009901,M,1,3,7.612158382391853,48.4435082798733,55.033465216489006,6,0
C009902,F,2,2,5.768092021421037,50.17370600647907,59.5274415602662,6,0
C009903,M,3,3,6.100396125846045,80.8573664513046,44.95279322521601,4,0
C009904,M,1,2,5.925366389826056,51.188849764070156,63.33053368850524,3,0
C009905,F,2,3,3.513484067761074,54.661202644613056,63.27520107069144,3,0
C009906,M,1,1,1.4736249376340074,72.45167040725953,41.48509578072795,2,0
C009907,F,2,2,5.755626796912795,75.69986963680688,82.03726443474079,5,1
C009908,M,2,1,0.6347872824002772,85.94738579998896,45.18955218004498,6,1
C009909,F,2,2,3.1359316505245487,59.68552940733542,43.88238291038279,5,0
C009910,M,2,1,2.5928950304544447,60.53518371290279,48.66252859704839,4,1
C009911,F,2,1,5.260701834106355,62.551622144750276,35.72113712919775,6,0
C009912,F,2,3,4.512165369821989,55.95639230463184,28.65437517999625,2,1
C009913,M,3,3,2.5883900383721885,71.50960493934078,79.2020176540348,3,0
C009914,M,1,3,3.0727116277844257,60.062532257825715,76.46396598102541,2,1
C009915,M,1,3,8.308210108246243,46.67089240125853,44.334208549739294,2,1
C009916,M,2,1,2.2739080488134387,38.49785554082807,71.6303279711725,5,0
C009917,M,2,3,3.5967040527020737,63.110058566832855,48.52300234636762,4,1
C009918,M,1,2,5.273805697439581,74.30846077318319,41.76892062109647,7,1
C009919,F,2,2,4.154906672820907,54.705594961901724,55.556454591542405,5,0
C009920,M,1,1,5.339911027095741,45.40831703236099,55.379263420862046,3,0
C009921,M,1,3,6.417042117117135,88.01678835370365,77.83584418223253,3,0
C009922,M,3,2,7.166423911008965,59.68446523699686,17.348523351502458,3,0
C009923,M,3,3,4.099254727290573,78.4950601423349,54.88092704530739,4,1
C009924,M,2,2,4.89161746339449,80.78924711414622,100.0,6,0
C009925,F,1,2,4.462304827275025,87.65489233951315,19.744861972205356,4,1
C009926,F,2,3,2.0304608966222095,64.1449624146241,49.8211191411369,2,0
C009927,M,1,1,4.429045938132876,43.55660162143697,54.36577207177835,2,0
C009928,F,2,3,0.3757837802566013,36.319352548623186,62.690381276053124,4,0
C009929,M,2,2,4.824862202274832,61.02225178219816,73.24544634009891,3,0
C009930,M,2,1,0.0,90.44956725058526,62.57498903050294,3,1
C009931,F,2,1,1.8232905387530107,66.10867488147781,88.4792538511869,5,0
C009932,M,3,3,5.881838640539986,85.36215665957168,53.25699147285405,5,1
C009933,M,1,2,5.023392419811964,50.42754468285207,78.98343333063957,5,1
C009934,F,2,2,3.962217565745215,86.79009895790097,57.3055684236427,4,0
C009935,M,3,3,3.0089149096308083,75.12020004593711,74.06480706587028,5,1
C009936,M,1,1,2.0981695896258543,66.95584475000135,48.46893789411764,3,1
C009937,M,1,2,2.7433146493201903,79.08303590459117,43.921755767339725,4,0
C009938,F,2,3,5.507445407615643,56.4675376351806,36.34986238676083,3,0
C009939,F,3,2,3.441210450827204,71.94245062397722,55.40330306640405,8,0
C009940,F,2,2,0.0,52.319859613908605,47.27368150630269,4,0
C009941,M,2,1,1.2907179850434343,55.840556350911385,66.05637739388807,4,1
C009942,F,3,3,2.2137255818995243,51.23646379726912,72.20290763598685,5,0
C009943,M,2,3,3.418503653327993,51.59465735089879,78.55539389188053,5,0
C009944,M,1,3,3.35427500757615,38.945495975702485,74.80687986315863,2,1
C009945,M,3,3,1.6770385735720117,99.12636757913774,79.69586826587499,4,1
C009946,F,3,2,5.3527732489436595,46.967435510224156,72.31483770234705,3,1
C009947,M,2,2,0.0,80.50106105686876,39.71741201996905,4,0
C009948,F,1,2,2.3584871838040042,39.67850178567144,65.03063284790679,5,0
C009949,M,3,1,5.7262046437474705,56.335990368527774,46.952881344447604,4,1
C009950,M,1,1,5.1879113415253695,59.62946023715097,57.44026082228286,3,1
C009951,F,2,2,3.4060059577728476,86.33066902398258,59.143849101669645,5,0
C009952,F,3,3,6.065238910569244,69.96473775407777,15.198233379396349,9,0
C009953,M,1,1,4.573100114249285,48.91581934533766,41.25847995819984,7,0
C009954,F,1,1,4.155238255254852,61.33251126700909,50.99229864616326,6,0
C009955,M,2,3,5.321692172221544,82.7959597143196,9.700568535401757,3,1
C009956,F,2,1,4.893823214375502,80.75392168766267,83.55780783160965,3,1
C009957,M,2,1,6.92970417792894,54.973156580116694,62.19393225199519,3,1
C009958,M,1,1,3.3933883321319405,42.9471522151124,62.09056585595281,3,0
C009959,M,2,2,3.4657029731299502,55.36609810523528,78.39972823097096,7,1
C009960,M,1,1,4.433053115085607,75.18495588579276,72.83834565490751,3,0
C009961,M,3,2,4.046917679451669,38.672086362813246,72.88398922565514,3,0
C009962,M,1,1,8.085133819533873,62.40018798877521,78.45829490553325,7,1
C009963,F,3,3,5.15369536112901,46.712615329301045,65.42616458039616,2,0
C009964,M,2,2,2.409009667114172,57.70810856398339,65.85086324080743,5,0
C009965,M,1,1,0.7196626744542285,72.66922887299654,68.07010809747672,7,0
C009966,M,2,3,7.456301736255503,64.02957656536617,36.24700794318268,4,0
C009967,F,2,1,3.1748670090785636,75.42917301747316,22.001012096104596,3,0
C009968,M,2,1,4.727383779519112,83.3708987444848,22.87464131334172,3,1
C009969,M,1,2,3.9591447660809225,100.0,72.62211634858744,1,0
C009970,F,2,1,5.774288501923126,78.61338768186314,50.46418373031286,4,1
C009971,M,1,3,2.7833707344262715,74.028570823622,55.087355455370115,5,0
C009972,F,1,2,4.261497272978419,55.17023936920396,62.864056917943444,6,0
C009973,M,1,3,2.799743050844062,78.41549616786212,85.56412025993164,3,1
C009974,F,3,2,10.11946080961681,88.46347688833754,71.89593571156276,6,1
C009975,M,2,2,2.344072838470367,54.869618405473936,63.6281865044815,3,0
C009976,F,3,2,5.232349497594759,56.59569269392492,67.46093561780764,6,0
C009977,F,2,2,10.259883205073042,55.27759904287828,100.0,2,0
C009978,M,1,3,6.4169504363706045,45.15556147768136,42.152203602142485,2,0
C009979,M,1,2,3.9532141350775265,64.76145953485647,85.03948251748872,6,1
C009980,M,2,3,4.367306358866502,44.78026542512226,60.40558857780305,4,1
C009981,M,2,2,2.2119724826444624,63.5096942709263,58.586864342642635,2,0
C009982,F,3,3,7.695737387185188,69.79775965176988,71.27248176159503,5,0
C009983,M,3,3,3.503235266490581,69.24078926176942,26.85974489623397,3,0
C009984,M,1,2,3.8383045550238863,57.56351507847179,40.778871135728494,4,0
C009985,F,2,1,2.0678608491253483,41.764160551236614,67.05964714243149,5,0
C009986,F,3,1,3.3128569409962054,83.28094692269536,68.2479872803267,3,0
C009987,F,2,1,4.143740497667207,38.48433148358958,70.2845836295571,4,1
C009988,M,2,2,6.396858229122461,66.76251006301945,72.83699886033284,4,1
C009989,M,1,1,4.58577230458897,87.28508668856446,96.14329705135668,3,0
C009990,M,1,3,6.4088555084345815,66.37655632876735,48.404796759334545,1,0
C009991,M,1,3,0.0,84.17941207203143,67.02046994312943,5,0
C009992,M,2,3,7.081508312274499,72.6473601709792,73.46792315174359,5,1
C009993,M,1,2,1.0488811966953722,44.09922275708786,66.72805456960599,2,1
C009994,M,3,2,5.692192086426002,84.67291540005772,58.04708980097554,4,1
C009995,M,2,1,0.0,56.16018666373009,46.00631198472738,3,0
C009996,M,2,1,4.144526167097887,58.5702626423737,56.26226377338334,4,0
C009997,M,2,3,6.084781422482308,75.25773819024701,83.35301740657235,7,1
C009998,M,2,1,2.1490728342179377,50.782122032689756,99.48462989941032,4,0
C009999,M,2,1,4.078950113073782,79.09870976318749,28.65283067623622,2,0
C010000,F,2,2,6.037984182692348,71.32419059013618,60.34002568208524,5,1
C010001,F,3,3,5.615477593745969,89.81728331096201,27.937577592767674,2,1
C010002,M,2,1,0.5688480065361734,82.20997628131671,46.902553600130716,5,0
C010003,M,1,2,6.19760522333528,61.925464063789406,64.2657572268829,2,1
C010004,M,2,3,7.7590641031320144,58.7540979292854,38.619868481158434,3,0
C010005,M,2,1,6.67313800501079,54.02348168141786,51.92345345599944,6,1
C010006,M,2,3,1.293146671503271,61.248252557292766,49.16673002441463,3,1
C010007,F,2,2,1.61183261015753,51.47197339021355,63.4823516539233,2,0
C010008,M,2,2,4.167420777518658,60.36259455494238,52.39745181507499,3,0
C010009,M,3,1,5.288106930908043,46.0209706271591,81.07574963111355,5,0
C010010,F,1,3,5.916022737369101,50.38640730390119,58.823798294096065,1,0
C010011,M,2,3,2.257840658738023,85.51385504939118,44.19718787629865,8,1
C010012,M,2,2,3.836353360441621,44.89569039097205,31.667951078991827,4,0
C010013,M,1,1,2.1999216463472653,43.57126984487121,44.45238400499574,4,0
C010014,F,2,3,1.7851874583786707,54.11449277854657,56.231699528195485,3,0
C010015,M,2,3,4.894012992553583,85.48153199334777,68.88294384931794,4,0
C010016,F,3,2,3.838470703812881,50.883859854812115,72.69678762354789,7,0
C010017,F,1,1,5.001964164582642,60.37563117626743,76.27591199513179,3,0
C010018,M,3,3,2.7422656291360594,69.21005545133451,69.90050865743787,5,0
C010019,F,2,1,5.473281048444154,72.88142008538607,77.25328580934178,1,1
C010020,M,1,3,1.5194307811837575,63.34493251358817,53.67404582705828,5,1
C010021,M,1,1,2.9980661557108155,70.81056155627037,56.51796892370863,5,1
C010022,M,3,1,1.5652213569059175,79.43246186951335,48.929589838662565,7,0
C010023,F,2,2,4.625939758981562,45.65491931744471,45.423397715742475,4,0
C010024,M,2,3,7.987493923257196,54.754168558733106,84.49131634354852,1,1
C010025,M,1,2,4.81105679640399,52.37490544033279,56.5086019604945,5,0
C010026,F,2,2,3.776257220781781,59.43585319125618,39.37480669366817,2,0
C010027,M,2,3,3.5655813447533298,83.59837808506315,44.387290533743816,9,1
C010028,F,3,2,2.723947985910532,79.58453111389474,97.62536516001519,4,1
C010029,F,2,2,6.431379230154466,63.70537679747993,64.37696025603094,5,1
C010030,M,3,2,4.906242380793454,77.05784891741787,68.22337966850692,3,1
C010031,F,1,3,0.3182410166890288,96.74240147304909,50.23582226707805,5,0
C010032,F,2,2,6.394250888234605,46.29691897861345,19.77515552215089,7,0
C010033,M,2,3,2.0847729944158413,55.02521057645566,37.019135397520344,7,0
C010034,F,2,3,2.5569418902335803,60.92971462455368,48.069701648787174,5,0
C010035,F,3,1,4.885037055361169,70.64131967508925,48.5755056065957,3,1
C010036,F,2,3,2.6838671818762876,72.73375434916352,59.62363218286074,5,0
C010037,F,1,3,8.934215679298033,49.07028383811803,74.80947726390615,4,1
C010038,M,2,3,3.4752617468252627,67.68286159310375,60.19088614435161,2,0
C010039,M,3,3,5.392944355608843,77.68742042454109,67.35541559131745,4,1
C010040,M,2,2,0.6021187422302203,46.69484051262398,76.14732527165414,3,1
C010041,M,2,3,2.644179941933567,67.25115165375497,85.74245530705717,4,1
C010042,F,2,2,3.7119945472949882,55.79168875557695,42.97604703797896,3,0
C010043,F,2,3,6.1930021071748484,43.34797496456369,67.09127207323544,6,0
C010044,M,3,2,1.632329711006724,79.72160810439017,67.9148704463717,2,0
C010045,M,1,2,6.638741222540965,71.98727085149845,64.32706103960075,5,1
C010046,F,1,2,4.28011552775819,51.5260615628416,52.329721701258265,6,0
C010047,M,1,2,4.720381765810181,78.74497045521332,41.98375798222794,3,0
C010048,F,1,3,2.3602533061003586,96.79836875941646,56.558860199195436,9,0
C010049,F,1,1,1.8766166138963172,66.58800285931454,63.887736742753034,5,0
C010050,M,3,2,0.0,44.26468841568447,78.70127674299215,4,0
C010051,M,2,1,4.659307204162408,60.482499866192285,56.84474726098175,4,0
C010052,F,1,3,5.379961496944257,35.89884597277551,38.32837217499375,5,0
C010053,M,1,2,3.2038454577602025,63.19897909240543,41.40560688316333,4,0
C010054,F,1,2,0.5162906310163975,59.23698167601524,37.96587683104304,3,0
C010055,M,1,1,2.7765397196851014,76.7276477181168,57.77695908520498,7,0
C010056,M,3,1,4.820825691969102,56.032055635095524,34.63475889601068,3,1
C010057,M,3,2,4.404868808203076,78.43064446753095,45.257258572963,4,1
C010058,F,2,2,5.478322689789636,52.993846715075485,88.3575082123605,2,0
C010059,F,1,2,0.44170391172434087,63.21372087223333,56.27298218985795,3,0
C010060,F,3,2,3.108993140458048,43.9049576473396,60.827412290102636,4,0
C010061,M,1,2,3.7796378047151826,48.976646542461,35.915101206667806,3,0
C010062,F,3,3,5.3929270450918,76.75500159052058,58.516520805209986,2,1
C010063,M,1,3,2.6725698555706763,81.05494085619132,29.53545283049457,5,0
C010064,M,2,2,5.176780166096705,55.18909822625292,61.88411830027688,3,0
C010065,F,1,2,1.9113607767800795,72.78731127580997,36.902918229973864,3,1
C010066,M,3,1,4.477390791326299,76.69593750660303,83.1850911618755,3,1
C010067,F,2,3,3.354913764144057,48.98257877915992,94.18201266838759,4,1
C010068,M,1,1,3.226698710264554,71.77045959319724,47.73255190090681,8,0
C010069,M,1,2,9.308908486694818,65.18316941680175,31.222724745867946,3,1
C010070,M,2,1,3.2676459426778335,70.26085798734513,51.276823187780465,4,0
C010071,F,2,1,3.069825114431753,63.18128820910816,29.670049400040792,3,1
C010072,M,2,2,0.8657930328952634,33.037961367542124,53.1261433143424,6,0
C010073,F,2,3,6.178214435815337,67.50797903490276,43.45152936480657,2,1
C010074,M,2,3,2.8040778816571104,62.511188732973764,79.99247329644761,4,0
C010075,F,2,2,3.9295224722614703,60.00875870607601,22.067415432908433,1,1
C010076,M,3,2,2.1425677091025896,40.369676887612215,35.82743669651569,7,0
C010077,M,2,3,4.9146198995124335,80.016258012924,75.17364368584866,4,1
C010078,F,2,3,6.051115589584022,65.61071338160727,48.62935643576479,4,0
C010079,F,2,3,6.87901111523354,34.65965253473307,86.90939285184929,2,1
C010080,M,2,1,3.743467667648395,85.4094172288905,60.25815836293592,3,1
C010081,M,1,2,2.6944233626917296,71.39627725226939,63.69000653183552,2,0
C010082,M,3,2,2.5511570814868123,78.82289700694346,65.34869041006725,5,0
C010083,F,1,3,4.038833400898559,60.54936113952846,66.88976240592457,3,0
C010084,F,1,2,4.558005335003008,64.80259173441998,56.0069418146447,6,0
C010085,F,2,1,5.1974297200515505,80.96912155409356,56.832005168622516,5,0
C010086,F,3,3,2.136958409300183,71.52759966366253,81.70800240329106,4,0
C010087,F,3,3,4.295691159325511,62.927174555839706,46.45282801044513,3,1
C010088,M,1,3,1.7576219783891487,55.43015550252686,62.881171349108044,3,0
C010089,M,3,3,3.7151081249924944,26.580773112896146,52.5134660792846,1,0
C010090,F,3,3,7.070361587433058,78.71033066206911,71.41400547972077,3,1
C010091,M,3,2,3.498354142718166,79.1634663367315,82.90096688211544,4,0
C010092,M,3,1,2.054075737291593,76.19727912865146,50.39904833625393,5,0
C010093,F,2,3,4.771118813385262,82.12704224943064,42.15556036776903,7,0
C010094,F,2,1,5.96781651148512,51.10357258654306,46.36657966810048,5,0
C010095,F,1,2,2.30864458237929,59.81562925885682,76.46610028128626,5,1
C010096,M,1,3,1.0189790424057117,57.86671563219819,64.41340973194798,2,1
C010097,F,3,3,2.213638548080395,35.64448990857008,58.55366357266518,4,0
C010098,M,3,3,3.0326830304815102,56.041454137819464,56.47638314977928,6,0
C010099,M,1,2,7.339907095617999,67.55305321575419,47.18878591316501,2,0
C010100,F,2,3,0.9111163842554824,80.71816374567538,75.4002583895861,3,1
C010101,F,1,1,0.2728146154905775,72.78833959387727,63.09871614334917,2,0
C010102,F,3,3,4.598207607024334,55.56653716053563,92.01406168717878,2,1
C010103,F,1,2,2.434059914148955,79.35514275420925,59.41168681451971,3,1
C010104,F,2,2,1.8188660634747245,69.60509100898865,64.62453534775445,5,0
C010105,M,3,1,5.429374960668463,40.526255800246346,51.61300302166486,3,0
C010106,M,2,3,4.200611477092075,68.14767807560276,48.32793468401624,1,0
C010107,F,1,3,6.211735929629934,77.23301414837667,58.71645134474775,4,0
C010108,F,2,1,5.615960970909529,73.46601281727433,81.44030999273556,2,1
C010109,M,3,2,1.3419581592594167,47.845546772207896,51.52391379578262,3,0
C010110,M,2,2,0.305638917565739,51.34501492538982,51.21350926869715,3,0
C010111,M,2,2,6.4620500242479135,96.55479072332918,34.262259307410375,3,1
C010112,M,1,2,3.7265527347496494,51.94119304841086,100.0,2,0
C010113,F,2,3,10.632482120664022,66.3933640609345,49.239848002933854,4,1
C010114,M,2,1,6.12740760547741,27.69393757307943,34.22711474048309,4,0
C010115,M,1,3,7.016718255448557,85.22497220801529,63.145233994832964,4,0
C010116,F,1,2,1.9225149544611604,77.41955252848342,64.40430073706541,4,0
C010117,M,3,3,3.815655361198481,91.47915829820889,74.17285126828881,6,1
C010118,M,3,2,5.779102158350295,49.7666156557699,63.39016885985738,4,0
C010119,M,2,3,3.8148147016092815,83.86059911872287,28.367453749601584,2,0
C010120,M,2,1,4.123226637222843,49.95467986730479,46.278461532538756,2,0
C010121,M,3,3,4.535585015574792,88.81456406243775,79.14011138220405,4,1
C010122,M,3,2,2.4073153245769356,29.40954112901604,76.6760944417216,13,0
C010123,M,1,3,2.0563633574677764,81.21484043408319,67.65642182594186,3,1
C010124,M,2,1,3.5967936909150287,66.13020886100821,86.482017758349,4,1
C010125,M,1,3,3.088017136492298,75.79482294402094,55.73431286855501,5,1
C010126,M,1,2,2.0694383021758087,74.02750598603141,80.8153024112548,5,0
C010127,F,2,1,3.721116373669285,72.4363552360719,52.100230257202284,6,0
C010128,M,2,2,1.1269746590640066,100.0,91.18122992915968,6,1
C010129,M,3,1,5.677295865849821,93.18543693458425,50.76477332006844,5,1
C010130,F,1,1,5.297185986777373,74.34492302632418,38.97956836157367,5,1
C010131,M,2,1,5.504108420134931,68.84750144507882,38.247467630672645,5,1
C010132,M,2,2,2.1549873675463163,88.00507835709078,84.96703788308001,6,1
C010133,F,2,3,1.8762467657576427,89.0920665841576,86.9828402272406,2,1
C010134,M,1,3,6.9068096114775965,67.50507703262588,43.075006408508656,7,0
C010135,M,1,2,3.5694925390627974,66.77191452022348,47.7275481531385,3,0
C010136,F,3,3,5.254260643141009,51.476920110000364,16.82223131481659,3,0
C010137,F,1,2,1.4645056233600315,70.57868492124405,37.64295682998083,3,0
C010138,M,3,1,3.3711476023983904,69.19273720949893,54.97823907956186,2,0
C010139,M,2,1,6.6219699089984765,80.6362130134147,54.82959595906652,7,0
C010140,M,2,3,4.294041884081568,93.0486780248094,22.136862918157675,3,0
C010141,F,1,3,3.450455723349108,84.41625282627325,33.46773747290567,3,0
C010142,M,3,1,5.246015990653101,81.70998307552938,93.3012107306833,4,1
C010143,M,1,2,4.695278360619723,62.48788215820215,80.59335458602285,3,0
C010144,M,3,1,8.58591841576156,59.793681287243466,62.39267589172746,5,0
C010145,F,2,3,4.089928528441594,77.11198660298193,62.933546429049514,3,0
C010146,M,3,3,5.424584287749779,74.61139034728396,60.05847585236944,1,1
C010147,M,1,3,3.70337094772656,76.39622221317329,57.73996533079173,5,1
C010148,M,2,3,1.8248312956337238,51.13779631423276,60.22723380819796,6,0
C010149,F,3,1,4.927962663932361,51.05049343396265,31.71378976787495,4,0
C010150,M,3,1,0.7741001218249344,58.08822450157737,55.35937506931608,3,0
C010151,F,2,2,6.170471016776531,76.50454604344937,23.590607350330288,4,1
C010152,M,1,3,1.1032792755939997,65.73184968106517,56.25789450936961,1,0
C010153,M,3,2,2.0520158633142978,88.7026137987093,67.5158524030289,3,1
C010154,M,2,3,1.8684029010936545,50.42124105950771,49.811208085259196,2,0
C010155,M,1,3,5.365980442448256,50.62152517632606,64.52288486123246,4,0
C010156,M,1,1,1.5368385493598016,62.258904204901384,58.068769357755805,5,0
C010157,F,2,3,5.120702691824697,57.21933863781915,67.97696895010435,4,0
C010158,M,1,1,2.5178631413284025,53.1893084819409,66.3698730173338,1,0
C010159,F,2,3,3.742510258462918,66.51850561688077,44.614422669134434,5,1
C010160,M,1,3,2.819246578658595,67.03456616763147,34.30877669961727,4,0
C010161,M,2,2,9.11948693948883,46.32313305117877,35.64326978616487,7,1
C010162,M,1,1,0.3394236752396922,56.3059942059066,43.47953304267624,4,0
C010163,M,2,1,5.077091569689984,75.95512475943174,74.49673571646724,6,0
C010164,M,1,1,3.9789105395418325,61.10256640189153,72.99215647007567,4,1
C010165,F,2,1,2.2846074219011827,52.821681657803,51.45365764122343,3,0
C010166,F,3,3,4.86854939229177,59.72718123404589,54.679839750198795,4,1
C010167,F,2,1,1.8870406039300804,46.7392534289753,35.93239250548239,3,0
C010168,F,1,2,1.63785395431481,91.80247076398302,37.09114919447709,3,0
C010169,M,2,3,1.4775579201523659,78.36114360413823,67.42601450187564,4,0
C010170,M,3,3,4.1812574560129505,100.0,52.20027691052138,4,1
C010171,M,2,1,2.680978528192732,66.52655357984216,53.93463108538759,3,1
C010172,F,1,3,2.092949266772658,59.77862634019888,71.97870322356215,7,0
C010173,M,1,1,4.75459494306173,52.09694339979018,67.91998053315268,4,1
C010174,M,1,1,6.3722491145323765,71.8769413381437,55.817777947888025,1,1
C010175,F,2,1,0.8785972370880262,58.28486969227913,81.39204706609789,1,0
C010176,M,3,2,4.72801909748537,50.602536032515125,50.38504699235674,3,0
C010177,F,2,2,5.152282343984292,84.86158726788747,42.672440775026644,3,1
C010178,M,1,1,6.802181595516242,65.58527267972747,37.225633959466776,4,0
C010179,F,3,2,3.3632199029315446,68.92948931729134,81.59264669399246,3,0
C010180,F,2,3,7.398484216161106,68.30373291677793,48.61068252858272,3,1
C010181,M,2,1,5.284240094108048,71.19328010887916,60.24867631968881,5,0
C010182,M,2,1,0.0,38.77436387298789,93.72093237393715,6,0
C010183,M,1,1,4.660659457733937,47.73018902357398,45.71089710877779,6,1
C010184,M,3,2,3.96152599026544,92.6343647604644,62.060096838385604,3,0
C010185,M,1,2,6.164922736090633,64.29915945597716,61.9519071660426,1,1
C010186,M,1,1,6.595553289551086,71.18950519734413,60.85296012037458,6,0
C010187,M,2,1,1.8624517299859416,76.95638581876968,76.51907875815908,4,0
C010188,M,1,1,5.993790928180021,59.375321416424455,66.87017362479176,2,0
C010189,M,2,1,3.7157978418312605,48.959256481009945,63.37915247077577,7,0
C010190,F,2,3,2.4398556364276267,44.50591833982439,90.20951060746808,6,1
C010191,M,1,2,7.187592360666544,49.87759357744238,33.353636408101984,2,0
C010192,M,1,2,2.9527409770569903,54.67266090847891,38.64559661132391,4,0
C010193,M,1,2,4.070779552059807,53.5740045231776,58.82599598496286,2,1
C010194,M,1,1,3.835670963462824,45.67544924922829,69.41615289916743,7,0
C010195,F,3,2,5.132405352397687,78.81040813782316,59.25637426521882,7,1
C010196,M,2,2,6.903160838923612,87.1042422021944,48.13982000315983,4,1
C010197,F,1,1,7.540800104179172,50.97944685101911,82.76277979812227,3,0
C010198,F,2,2,5.990629019178702,39.32371123678627,74.59538312153286,1,0
C010199,F,1,1,0.28268197880224566,65.89235918506016,49.188800744792175,4,0
C010200,F,1,1,7.2062227214423125,87.7137522180088,89.52662805294005,6,1
C010201,F,3,2,5.3216548538139214,45.04528612150886,52.50997014424995,7,0
C010202,M,1,3,6.414148527142926,45.45822166703039,55.122292003611875,5,0
C010203,M,2,3,3.3371010207680905,29.482939586781995,32.462304550859024,6,0
C010204,F,1,3,3.9726469979725034,68.8743261553519,64.73892880749774,4,1
C010205,M,3,1,6.089654288118048,49.997931019996045,94.6433748053771,1,1
C010206,M,2,2,8.425412004661556,78.20206538391523,93.94821856867665,4,1
C010207,M,2,2,4.425941212553843,75.87475400076326,53.568366315253535,6,0
C010208,M,1,1,1.2542984034025824,87.42230592266759,50.28565757865062,6,1
C010209,M,3,2,5.312854384089938,81.44768422004569,60.39259369785302,4,0
C010210,M,1,2,3.58976695257855,41.2365102775521,85.67742806311979,5,0
C010211,M,3,2,1.6772853157348782,60.815593579492294,63.687087261616455,3,1
C010212,M,1,1,3.709742102053585,82.08956294483599,74.37361007350026,3,1
C010213,M,3,2,5.0496080399055625,44.4745959599648,72.5180824668448,3,0
C010214,F,2,3,6.3160983548829535,59.32926487765622,80.39087652568641,2,1
C010215,M,2,1,2.9374104780204915,66.04297208488715,75.5013610208609,5,1
C010216,F,3,3,3.0317246504231656,64.25182198081409,48.51969862481142,5,1
C010217,M,2,2,3.7763585996723203,69.43566291052997,62.82337968572933,3,1
C010218,M,1,3,7.86325962286654,54.80611654073755,51.94068795573177,6,0
C010219,F,1,2,6.952811101479297,50.95268418037686,76.8406791797314,5,1
C010220,F,3,3,5.242014336057268,71.76459321808132,69.34608030077602,6,0
C010221,F,2,3,5.159141742864081,62.31811904573044,70.07867313004607,3,1
C010222,F,2,2,3.3071883671128366,96.70793274085257,66.56106258088235,2,1
C010223,F,2,3,5.698851090762253,48.344546646568695,32.651263119929595,3,0
C010224,F,3,3,1.8137937971918783,64.12684831605681,70.05858556602969,4,0
C010225,F,2,1,5.05416596390837,45.127396244815685,37.22274262112287,10,0
C010226,F,3,1,0.0,70.4915516371944,41.85932903881106,5,0
C010227,M,2,1,0.39101206628951823,61.885526756541715,80.27447453555979,3,0
C010228,M,1,2,0.0,72.86770515838286,53.04714925820485,2,0
C010229,M,3,3,8.140106720787564,54.287297651181206,35.3175125582569,4,0
C010230,M,3,2,3.6518477093627597,37.41143076844571,48.83232590443399,3,0
C010231,F,2,2,1.0243623241457098,84.14746570297476,73.41824407820701,4,0
C010232,M,3,1,9.36223405130632,78.49318295109407,51.50151881449211,4,1
C010233,M,2,3,2.294722248714704,79.14590358822292,80.02716521578094,2,1
C010234,F,1,1,5.157104371083251,78.3353463143204,76.38049977193435,5,0
C010235,M,2,1,2.2767043445033,66.49204322256674,78.06435702370021,1,0
C010236,F,3,3,5.746379819361614,74.17244501438938,71.74575321497852,6,1
C010237,M,1,1,3.96716159313186,51.4017741699866,37.12227922253457,2,0
C010238,M,2,1,2.3569979406008956,58.74586221246117,55.31212279945086,4,0
C010239,M,1,3,1.0614648535766529,82.02932985078674,67.8843792132682,7,0
C010240,M,2,2,2.4394667598086097,95.44636872639508,45.5802508321523,5,0
C010241,M,2,1,1.7889244789155532,69.92399145055164,69.19992344245972,3,1
C010242,M,1,2,0.12469031715960499,15.397940577942968,79.19827238797997,4,0
C010243,M,1,3,5.615612980627828,70.32946870892437,39.73099940983147,5,0
C010244,M,3,3,6.455690298298629,86.28157578750262,27.459025756881225,2,1
C010245,F,1,2,2.5023569882778824,60.44211074748044,61.74242650656102,4,1
C010246,M,1,3,0.0,49.94062563311795,100.0,5,0
C010247,M,2,3,4.798705454121485,79.41407564194316,59.06490927672495,4,0
C010248,M,3,3,4.341533934944474,59.6821140419852,37.10008447533019,2,0
C010249,F,2,1,1.7990902284035801,59.57484282435174,70.03813786670814,3,1
C010250,F,2,2,3.8696953193110852,39.95309780585021,65.9296205990663,3,0
C010251,F,1,1,0.0,40.25180460242585,70.35860879117227,4,0
C010252,F,1,3,4.018187099934936,77.53970841261349,99.38792445348255,3,0
C010253,M,3,2,3.6633723303073515,46.45402944194423,38.17483061000295,2,0
C010254,F,1,1,6.924711005393469,91.53135656373814,73.60384479534686,6,1
C010255,M,3,3,4.558547757275874,94.91253940430369,59.65475803530073,2,1
C010256,F,1,2,4.199903396793491,49.34383679361042,67.57428646725975,4,1
C010257,M,1,2,8.321093441646973,54.642992969167224,47.89180670415156,7,1
C010258,M,1,3,2.254017861212178,75.57531938837357,34.896679773690224,4,1
C010259,F,2,3,0.7089370878092369,87.90581292807717,89.82473488704916,5,0
C010260,F,3,1,6.008493526719983,67.53357183815069,92.38655985448973,5,1
C010261,F,3,3,6.299728994167569,55.23208240533323,95.10102185825608,2,1
C010262,M,3,1,6.352207854203431,59.2027586329642,46.7980944915109,5,1
C010263,M,3,1,3.4875887521890157,66.68192138265564,57.35809788695989,3,0
C010264,M,2,2,2.4355369590246445,56.93480821722662,82.03848146014975,5,1
C010265,M,3,3,1.2651634620058694,83.29460313227804,57.28456125855011,3,0
C010266,M,2,1,2.0477546686665185,54.59295283980947,47.754806205151056,3,0
C010267,M,1,1,0.6890154922482674,71.88706502933697,67.58551361861487,4,1
C010268,F,1,2,3.0324080827098943,76.42830520597244,37.85234379961997,4,1
C010269,M,2,1,7.650302254513234,65.14814832475342,27.326435949455643,5,1
C010270,F,2,2,2.801538579679974,61.60680890292731,100.0,2,1
C010271,F,3,1,4.2825053171815854,64.63729082829964,54.649039908843044,3,0
C010272,M,1,3,5.203748021977092,51.9312529283141,74.79495915483027,8,0
C010273,M,1,1,3.2058458574377404,76.62246754166762,55.08786160697151,7,0
C010274,M,1,3,3.1887911907628683,63.03954389044506,64.3332770831628,6,1
C010275,M,3,2,6.828977696843134,61.22460143550327,61.027980943957694,3,1
C010276,F,2,1,4.410129757775782,48.568752614682666,33.08839640196411,5,0
C010277,M,3,2,6.484322559866998,94.21968080018814,49.20131429817236,7,0
C010278,M,1,2,9.253181030737775,77.85819918457835,73.01531454662795,3,1
C010279,F,2,3,2.0862173638086263,43.099012649696604,65.9581447262855,6,0
C010280,F,3,1,3.6576874220911604,73.47879740589232,59.72434973855265,8,0
C010281,F,2,3,3.6325505033194037,55.860904800067594,23.306774274580476,5,0
C010282,M,2,3,2.9097463486280084,51.368257122976225,69.26291721225537,3,0
C010283,F,3,2,3.0506591373910927,54.0215652450442,51.788127981933755,3,0
C010284,M,2,2,7.086381894262189,72.78205346105659,48.94057585302792,4,1
C010285,M,2,1,4.218343614116295,62.83964722172576,45.04929404061149,6,1
C010286,F,3,3,9.47681510836848,64.24088044840433,61.496139046454935,7,1
C010287,F,2,3,3.106086964815962,69.25327470425077,58.044214913850126,4,0
C010288,M,1,2,7.313375794267044,79.08394170584565,52.795132046294675,3,1
C010289,M,3,2,7.869690294625558,99.67673998574038,84.30845981949838,3,1
C010290,M,1,3,3.817483171982685,61.048968008486696,60.66633650703049,7,1
C010291,F,1,3,4.983882217854808,58.6270275989462,33.744592452045495,3,1
C010292,F,2,3,5.942243046712294,66.59072981378277,48.56596484382939,3,1
C010293,M,2,1,2.7748072791421112,75.57498984468624,63.856436503538156,2,0
C010294,M,1,2,7.660169892057385,81.45819747657323,72.07342362366853,4,1
C010295,F,1,2,2.2150301564807084,50.069343893623746,42.13242181457963,3,0
C010296,F,2,1,2.8545506117704584,100.0,42.159227740135094,5,0
C010297,M,3,3,2.878754682681773,47.3256751467875,68.78251585952619,3,0
C010298,M,1,1,4.495558713048227,78.36792668187454,61.398557909084474,3,0
C010299,F,1,2,4.721234920559278,76.27064391337812,66.65960692396455,1,0
C010300,M,3,1,2.5999027652935696,43.97725639570898,47.74221820403996,5,0
C010301,M,1,2,3.7510612093436526,69.0411933917753,74.96233189683694,3,1
C010302,M,1,1,1.5481167194380672,38.80684588144484,73.91010337409251,2,1
C010303,M,2,2,6.56198402205207,52.559765741904904,71.31500815331543,5,0
C010304,F,3,1,5.528997030763585,63.99522717312668,51.69917110410155,8,0
C010305,M,2,2,3.235999465470473,67.12364881389094,51.367241431549246,4,1
C010306,M,1,1,3.577127967413931,83.67574090115562,56.671702337602234,2,1
C010307,M,3,3,2.5411127390905826,54.61365042145459,28.196567322302915,3,0
C010308,F,3,3,1.955593675157715,70.45732107463074,52.585413402911406,4,0
C010309,M,2,1,1.62218671385053,78.88717254071973,75.5298394212999,4,0
C010310,M,2,3,1.9630836942677834,64.12852456176691,44.72880937484102,1,1
C010311,M,3,3,6.108711844776676,64.91881639687381,92.33506124519451,4,1
C010312,M,2,1,6.278664853635917,43.14435798275579,36.946599018803134,5,0
C010313,F,1,3,0.9872058555420171,40.73275666738633,42.48402157227973,3,0
C010314,F,1,2,5.537071976810939,52.38168636362948,47.11781203267204,4,0
C010315,F,1,1,1.3138493790099046,85.87951753584652,69.843419757822,4,0
C010316,M,3,3,5.681960013962661,85.93803025927569,53.229287545431625,3,1
C010317,M,2,2,4.184948581637943,83.72519956081167,37.42194100035039,6,1
C010318,F,2,2,2.8542420284157903,70.56763738851133,69.06214342309855,2,0
C010319,M,2,2,4.980889458899108,72.8310597107638,64.18658249157876,3,0
C010320,F,2,1,6.966958923137448,58.83692017921542,45.6588603675066,4,0
C010321,M,1,2,0.0,59.41232335408306,90.62702730403683,6,0
C010322,M,3,2,6.5035004421468585,34.52526384995328,72.65291493557852,6,0
C010323,M,1,3,2.250247571468818,68.14232594426528,69.8160337479818,2,0
C010324,M,2,2,7.132021247080589,72.06760341610774,48.75429435662572,6,0
C010325,M,3,1,5.906448263139201,55.75123973679179,41.0366225139619,8,1
C010326,M,3,1,1.5330815113064729,78.68832224179121,85.50918989967064,5,1
C010327,M,3,2,2.719480870124087,83.42938864715077,43.544717174049694,7,0
C010328,M,2,2,5.056843035667457,48.15443251361776,69.01049616065129,9,1
C010329,F,3,2,6.0831580666794505,99.65023476007681,76.30271536824338,4,1
C010330,M,2,1,5.047423943928791,73.16782537138452,34.312541008033634,3,1
C010331,F,3,3,4.8581447242761255,88.26853062666078,55.82266903606484,6,0
C010332,M,2,3,2.5946254499426993,54.67829693083767,42.09847705170962,4,0
C010333,M,2,2,4.074364216649056,86.7632413488877,66.23840959889742,7,1
C010334,M,2,2,3.838593982760691,74.92889137521746,44.802298148374675,3,0
C010335,F,3,3,0.6974316295367808,60.60044781997692,43.64802183579477,5,0
C010336,M,2,2,4.738128414222519,48.500724056278194,35.83037534906481,3,0
C010337,F,1,2,3.1925846907429465,65.15166683999689,58.244786853207934,4,0
C010338,M,1,2,7.02701772940952,76.6866306775298,29.15843273805259,7,0
C010339,F,1,3,6.573449865798923,66.15348582514592,86.3394579586824,5,1
C010340,F,2,3,4.405380429894119,66.32865659176174,55.76724328135172,6,0
C010341,F,2,3,6.429261312636886,57.68744433128474,74.27418681536506,9,0
C010342,M,1,1,5.353548114722996,45.154097367500924,58.03094097021978,3,1
C010343,F,3,1,3.9507748310015973,67.66137536894979,65.01743473548548,3,0
C010344,M,1,3,0.8853551318335691,51.05193502942349,36.08203867288165,5,1
C010345,F,2,2,3.6489825730067524,79.26608658179858,69.10380181226391,3,0
C010346,M,2,1,3.2656850014243215,77.60270537131856,37.92022171538328,3,0
C010347,M,3,2,3.756665943794354,90.04193462306705,83.87495745492141,5,1
C010348,M,3,1,3.4965582745623607,59.33982015520928,50.080102562131344,2,1
C010349,F,2,1,6.427468674605582,64.36179145155656,71.76154307500747,1,1
C010350,M,1,1,6.670711500857337,42.92246156139122,37.161528790863485,2,1
C010351,M,2,3,2.926102171391017,56.675712398318076,72.71374807143395,9,1
C010352,M,2,1,1.08605504786029,64.91396457881368,28.9539302190081,6,0
C010353,F,2,1,1.864445228049648,66.17220763507828,30.444600008335858,4,0
C010354,M,3,2,6.73170245312151,59.297075828329916,77.97984951627693,4,1
C010355,F,2,1,6.105364539464437,55.60615718488352,76.20877393815036,6,1
C010356,M,2,1,1.4928981019933882,68.65345373392047,51.11065021462646,5,0
C010357,F,3,2,0.7729822120569678,60.51840972416186,52.67656404505187,4,0
C010358,F,3,3,2.699244938099784,84.65972574149352,56.83109321326425,4,0
C010359,F,2,1,7.950786069095601,68.78659355622449,64.400407269775,4,1
C010360,F,3,1,4.922277377705916,56.99436624812088,77.10451011574902,4,0
C010361,M,3,2,3.4799826957276245,81.25219838114707,53.208594820533925,2,0
C010362,M,1,2,3.723522803875293,49.906817475385154,31.20278260647801,7,0
C010363,F,2,1,0.0,59.129148943642576,57.785241114752395,9,0
C010364,M,2,1,3.357814367134278,49.276579825417954,46.04099661559181,5,0
C010365,M,1,2,6.728381877326768,61.188193415856404,82.74104143292905,2,1
C010366,F,3,3,3.1323984529811546,85.59748537941327,52.52595567242738,4,0
C010367,M,1,1,3.4629231091307875,67.81207498883087,80.81645552155187,3,1
C010368,M,2,1,4.72404577416409,39.07968993469584,58.62172683004687,3,1
C010369,F,3,2,1.5270366963405362,59.249391880844925,47.63929593985668,3,0
C010370,M,1,2,4.7324801835039265,69.00119790572681,80.46019506382595,4,0
C010371,M,1,3,2.178882600546464,69.3590566065972,45.303341995675936,4,0
C010372,M,2,1,2.90155556046624,62.38400353082672,59.27830853932011,2,0
C010373,M,1,1,3.167873575865789,76.53755489127872,53.025866455247446,3,0
C010374,F,2,3,3.1693823223760043,73.78668656593018,44.70105693323381,4,0
C010375,F,2,3,4.224706586411839,62.72416707591533,64.87190983501426,1,0
C010376,M,2,2,3.8380407429219296,68.56015657451874,48.526380886470946,3,0
C010377,M,3,1,3.599715172486206,62.89117832072023,44.27339877508784,4,0
C010378,M,2,1,4.268162329606488,65.84245755140797,56.04881363877393,4,1
C010379,M,2,1,2.0029741144127806,67.86070642158064,48.29696891611704,3,0
C010380,F,1,2,0.0,80.24114243455479,51.85767371261808,2,1
C010381,M,1,2,3.9810266317943466,72.08637278371089,56.63868126681132,3,1
C010382,M,2,1,2.4873948350958637,65.0485713939515,69.8486569066431,1,0
C010383,F,2,3,5.000190395844405,58.93096407478117,50.835211260590356,3,0
C010384,F,2,3,2.785716268580077,74.94696104895493,35.788959076086456,2,0
C010385,M,1,1,0.0,69.76175025356447,68.26543720500148,6,1
C010386,F,1,3,3.7363107374217157,63.55963617088476,48.22357199466535,3,0
C010387,M,2,3,6.313402005438494,60.432081570260586,65.3020227384361,4,0
C010388,M,1,1,4.6882508068578055,65.98446461707238,78.92560618791519,3,1
C010389,M,3,1,0.8747260641742498,54.98994393472853,58.12196047762235,3,0
C010390,F,2,3,2.624098190218244,43.36697701182246,43.22651524744778,6,0
C010391,F,1,1,2.9072847351786772,88.60462573597232,54.978716057049965,4,0
C010392,M,2,1,3.5954223138618935,89.02863369707097,45.048349015679364,5,0
C010393,M,1,1,2.708614273446747,67.2615189330793,44.26202142503454,5,1
C010394,F,3,1,0.13638703099063587,73.09366838810617,52.04622400214962,3,0
C010395,M,1,3,3.6974903353529767,61.79449922575822,36.82612019205365,4,0
C010396,M,2,1,7.1511269786814236,72.85016030391152,39.501246358355836,2,0
C010397,M,3,1,2.562359656555212,66.87268997544977,71.01196663367887,5,0
C010398,F,3,2,1.264098050580551,68.1674755147833,61.34591098863313,1,0
C010399,F,2,2,7.134122862456541,50.54069224610563,64.30507682261597,3,0
C010400,F,1,1,8.22605756162902,92.05280125559158,71.67132458860056,3,1
C010401,M,2,1,3.102961271835738,48.68181569662616,25.804153938783408,5,0
C010402,M,2,3,4.522886304687342,77.93753428395607,53.08330846041916,5,1
C010403,M,2,1,4.485625018548111,53.33859111283223,85.769139861449,4,0
C010404,M,2,1,5.9553413863987235,35.8120846740985,89.27509514343024,5,0
C010405,M,3,1,1.5425883931376574,79.52993454255878,46.3538361923665,2,0
C010406,F,3,2,3.9342906099085573,67.89021657167082,42.676829725914196,6,0
C010407,F,2,3,1.6020287181803838,44.9656919780858,21.616476918425185,9,0
C010408,F,3,2,4.759693196489224,75.39703155755504,51.032389255674126,3,0
C010409,M,2,3,7.328667772049631,60.06356861709774,68.81311799816069,1,1
C010410,M,2,2,4.733325326509499,92.79986809146882,74.5984871514858,2,1
C010411,M,3,2,2.1301195850395285,44.37085920554374,34.8668837611192,2,0
C010412,M,3,3,6.190527118860244,56.02097099223712,54.913777117277796,2,0
C010413,M,3,1,2.6556633993194514,77.82280918567339,48.8059026809559,2,1
C010414,M,1,2,5.041597871649864,59.108973493092726,38.95435739809835,4,1
C010415,F,3,3,2.291832647422127,53.260221772306295,47.26802823713509,4,0
C010416,M,3,1,1.0772371761572934,68.92312352425598,73.43828756714186,4,1
C010417,M,1,2,2.328538784752301,82.00083671328743,66.92222917587138,3,1
C010418,M,1,3,0.0,64.73447160024399,64.70949074878897,3,0
C010419,F,2,2,1.6156295994666219,62.304214914084156,82.31347311441951,6,0
C010420,M,2,2,8.710909772922989,54.129517194521036,56.23461495249389,5,1
C010421,M,2,2,0.0,58.73670041612526,55.63766584049106,3,0
C010422,M,1,1,0.5444405057791797,48.77452518936397,66.00623536402291,5,1
C010423,M,2,1,7.831606041265415,83.83516200118002,40.22536957369867,7,1
C010424,M,3,1,1.8891636238038356,76.11728328405893,73.1918048354679,4,0
C010425,M,3,1,3.1127607519693608,46.16761827577475,69.25327448293261,2,1
C010426,M,3,3,3.9662890997685607,56.918096318132804,64.99284320102275,2,0
C010427,F,2,3,0.3739640130841888,76.6978272740235,45.57232690449827,5,0
C010428,M,2,2,6.296263702276997,75.25817942489584,70.51430951486583,5,0
C010429,M,3,1,3.734793691078475,63.981372766663654,89.1810357463254,3,0
C010430,M,2,1,2.603133013188062,61.699359343524236,67.81877024470725,2,0
C010431,F,3,1,6.076824687110629,65.38543574858842,48.189243338118864,5,1
C010432,M,3,2,1.072286075490109,58.74150941976716,90.19738128171142,2,0
C010433,M,2,2,4.084470137062817,81.57634154389302,66.25907319175559,7,0
C010434,M,2,2,1.7672259504283199,75.95532383077997,89.53617523591622,3,1
C010435,F,2,3,1.2376455664622692,69.75558387952267,41.037216938056616,5,0
C010436,M,2,1,8.405536359575816,49.069338358592844,46.25668471908089,1,1
C010437,F,2,2,4.27724776520389,56.23116433176358,72.81975900428247,5,0
C010438,F,2,3,6.0847228778186935,56.034892704238786,11.068930969984677,3,0
C010439,M,2,2,2.8562934988763145,59.95507123832859,92.68655208453464,5,0
C010440,M,1,1,1.7361272782246107,68.08967937019248,81.64740382284326,4,0
C010441,M,3,2,0.0,89.08471105176275,46.28475657712531,4,1
C010442,F,1,2,3.3026132628834803,68.03990008238704,80.7843075248515,4,1
C010443,M,3,2,0.3516815707332883,44.74066275125911,59.84039642812802,4,0
C010444,M,2,1,4.207832624691871,75.6061939721232,54.60645101004927,3,0
C010445,M,1,3,1.156118560168928,45.17186434069272,41.35252552501183,2,0
C010446,F,3,2,5.029329321174882,72.20475863100047,77.34905694453258,7,0
C010447,M,3,3,8.528766428286309,58.831973055725555,71.31367728518418,4,1
C010448,M,1,2,10.217223259881262,73.9808597366617,63.98721289164222,6,1
C010449,M,2,3,4.705253968165633,73.27606482636845,38.33472347254168,3,1
C010450,M,1,1,3.975031296675006,67.92530923368321,68.29076791794486,3,0
C010451,F,2,1,2.457772434307125,49.71420112501234,76.79897721202755,4,0
C010452,F,1,3,2.2806047275744374,56.01493209781446,90.635393028017,4,1
C010453,M,2,2,1.9790416218530007,73.01204751600274,56.55790443066336,5,1
C010454,M,1,1,7.261603945699715,68.03491732780758,49.84830999267655,4,1
C010455,F,1,1,3.137693396575477,92.6502091301767,40.33285427434072,2,0
C010456,M,1,3,8.75268133841827,67.41121663373454,61.10767672906122,4,1
C010457,M,1,2,1.9567193995588066,76.9807591972203,74.44518710012241,2,0
C010458,M,1,1,3.6901134736078376,59.29955493571647,94.64207080425767,6,0
C010459,F,2,2,1.2097636214865157,52.45673228533445,68.48995598183151,2,0
C010460,F,2,2,5.17101129373109,82.47050785990771,83.46741959763307,1,0
C010461,F,3,1,3.5537541681632905,54.467788795253504,62.15721824378257,4,0
C010462,M,2,2,3.9263873658244783,43.79377588870227,72.39495124558486,3,1
C010463,F,3,2,3.318269612833249,45.10615187102487,49.85922558730634,3,0
C010464,M,1,3,5.224618575939947,70.54724723938659,64.4693439125757,4,1
C010465,F,2,2,5.475039001280347,54.98971855195598,41.493034927052896,4,0
C010466,M,3,3,5.828324830193974,42.348206103108666,79.25468693903085,4,1
C010467,M,1,3,1.9304746178657664,93.86168563910226,97.91404843855511,4,0
C010468,M,1,2,4.706131563056463,32.244767821727145,62.71451889830061,4,1
C010469,M,2,3,2.9057224521636655,58.84750819414725,52.02249660330204,1,0
C010470,M,1,3,6.92292183586896,89.33216586543881,100.0,4,0
C010471,M,1,1,4.54422182170943,65.89080249087915,80.66197497296592,3,1
C010472,F,1,2,4.66050963763765,100.0,87.1019811435864,4,1
C010473,F,2,1,3.391016369347845,76.74403338892165,67.15391613482217,3,1
C010474,M,2,2,2.2103385000376616,47.3169344237517,41.54086872162898,2,0
C010475,M,2,2,4.161589278948976,76.25113823273878,56.2192793267012,5,1
C010476,M,2,3,6.694767547795749,56.506876337110285,61.53002520302782,2,0
C010477,M,2,2,2.3071935322888795,61.19133957565706,59.39713220769858,6,0
C010478,M,2,1,6.903533030662432,49.933360554891884,40.309254821749974,3,1
C010479,F,2,1,5.252607565246872,55.196412149520825,59.5242548421739,5,1
C010480,F,2,2,0.0,75.87474714006235,39.17477213786077,2,0
C010481,M,2,3,1.9856420492580495,51.3962534663194,35.853143303913356,2,0
C010482,F,2,2,9.034450060784437,35.97436027027048,45.83918101495383,5,0
C010483,F,3,2,3.7329796214909243,71.15152893717507,54.68296732845116,9,0
C010484,M,2,1,2.011171256307608,61.32489300139201,55.875931460498215,3,0
C010485,F,1,2,2.081371765019449,78.79501532979474,57.461828911198694,6,0
C010486,M,1,1,3.700700883159488,53.49561609674513,92.34314573713942,4,1
C010487,M,2,1,6.019880654959844,80.33029943040461,57.51077337141455,5,1
C010488,F,2,3,3.2570908473324733,75.72016768116224,26.533689194551762,6,0
C010489,F,2,1,2.2938505532428355,72.7410282811046,53.44351785758386,4,0
C010490,M,2,2,0.0,44.75172591808704,54.834449431815145,5,0
C010491,M,1,3,1.9982885848981171,64.1057875128364,18.477738719448084,2,0
C010492,F,3,2,2.463809644630725,78.54189231252926,58.913800643840226,2,0
C010493,M,2,1,4.707120309667107,56.69773467605503,49.05143168363831,8,1
C010494,F,3,3,4.892117873903581,33.52949589356995,57.211445055464296,1,1
C010495,F,2,3,7.165425863938449,54.84453404678321,62.699385115048706,2,1
C010496,M,2,2,1.3811701717195928,50.776867225428596,56.00503166456889,5,0
C010497,F,1,2,4.29367040937361,55.894462023078184,56.32357365205939,6,1
C010498,F,1,1,4.353192931257037,43.32654856469926,49.01913691513149,3,0
C010499,F,1,2,1.8001172338574887,76.61465413051172,68.42010360251822,5,1
C010500,M,2,2,6.008301182273465,74.12357252634094,51.02915647582936,5,0
C010501,M,1,2,7.749314805760022,51.37794529530112,69.71422786778321,4,0
C010502,M,1,3,4.0524658920886285,58.503110956383,38.4848516225104,2,1
C010503,M,2,1,2.9496756675702445,51.90266259061694,50.67256202224783,5,1
C010504,F,3,2,7.286530325312681,72.29443743207608,66.9066660467881,3,1
C010505,F,2,1,4.960780386015404,49.96784751096653,38.0173431753787,6,0
C010506,M,2,2,1.326816783048645,52.1616847575057,48.204302443405346,1,0
C010507,M,3,1,3.5734533517144693,66.49912929396204,68.16652529925885,1,1
C010508,M,2,2,3.2036075677667712,52.285420901892174,44.624943155043155,5,0
C010509,F,1,1,2.1391672052638593,90.14961023960356,80.00296190889554,4,0
C010510,M,2,1,2.241736921345181,54.20149510611461,58.65983489751595,2,0
C010511,F,2,2,2.5272590231488343,75.98853755643614,52.92094226107073,5,0
C010512,M,2,1,5.783555378467901,78.23755423960469,68.94588158964743,6,0
C010513,M,3,1,3.3524037488705005,43.94555990431091,59.67675704781836,2,0
C010514,F,2,3,4.189272736766042,61.055968795619805,59.06455879396077,2,0
C010515,M,1,1,6.128659751705731,51.937536756125816,55.03994592678694,4,0
C010516,M,2,1,3.342580838214177,78.5766522594493,55.77680588538676,5,1
C010517,F,2,1,1.3541241941446822,63.842888907335244,39.61155078871788,6,0
C010518,M,1,2,6.077215038909095,78.35554124559052,70.09431086101236,3,1
C010519,F,1,2,3.16304062534196,89.4768743634236,47.63087216711945,5,0
C010520,F,2,1,7.919650354472829,90.89313117331588,76.16666639014137,5,0
C010521,F,3,1,6.219202502781336,48.90488185115899,41.64863620836847,3,0
C010522,M,2,2,5.164406897485658,47.30856975241615,79.51532163285756,1,0
C010523,M,1,2,4.497958931933029,47.28465005649958,44.65591771761285,5,0
C010524,F,3,3,6.469832811498964,82.02357085114934,71.73447896215978,3,1
C010525,M,2,1,4.548414086388074,76.27880893011495,51.10255692408951,3,1
C010526,F,3,2,0.0,75.19173355724007,61.70816255566412,4,0
C010527,F,3,2,3.7762073797232976,73.23336491176639,47.83033271909653,5,1
C010528,M,1,1,5.2575595783371005,58.85676424345414,44.336507628265075,5,0
C010529,M,1,1,1.7909097925300124,66.34367586086587,51.99649289861312,5,1
C010530,F,2,3,9.703009657810814,70.03761892476435,70.00816417901603,6,1
C010531,M,3,1,3.677782801887632,66.69170951757093,69.9983718757087,4,1
C010532,M,3,3,5.2357678928621905,55.29095920306433,68.10400056529076,1,0
C010533,F,3,3,6.578955944023171,89.14570121215162,62.68613351204935,3,0
C010534,M,3,2,5.329230454034422,46.996285186362826,95.5583522967286,5,1
C010535,M,2,3,3.765389188495516,58.72252625336752,43.81449341234766,1,1
C010536,F,3,1,4.881652330404096,86.9239978101244,56.26723775177239,3,1
C010537,F,3,1,3.5749489115086854,78.94178296163236,14.38065622210074,5,0
C010538,M,3,1,3.792502348890488,45.956467718783856,65.9480205379059,6,0
C010539,F,1,2,1.4759173661999418,32.12519495107037,42.64711608643763,4,0
C010540,F,1,1,3.4276160993818223,49.54952916997297,57.7730581876826,5,0
C010541,M,3,2,1.3536534748085018,66.78863973046614,45.4442780997944,4,0
C010542,M,2,2,3.9894078491501452,65.91498205403128,55.59562709639911,4,0
C010543,F,2,1,3.1045169267591346,64.50003891648916,61.10449453648288,7,0
C010544,M,1,3,5.103689104967836,73.63287091555458,45.82887940072317,4,1
C010545,F,3,1,0.7096999033106872,65.40401503361828,64.10064517966005,2,0
C010546,M,1,1,1.9577433472308843,79.30549057291674,50.86527018061031,6,0
C010547,M,1,2,1.9754767085084435,76.36317689853092,46.852084499903285,5,0
C010548,M,3,1,3.967644482533416,32.62699493589777,70.06789616725551,5,1
C010549,M,2,3,3.460934780484879,66.32271746043976,62.41938568844458,6,1
C010550,F,3,2,6.412441646025384,61.7812816999343,27.377709056634018,3,1
C010551,M,2,1,4.0920101882941715,69.11117633263038,52.66133324595887,6,1
C010552,F,2,1,4.000229241564589,61.38221898025828,40.92637815442487,4,1
C010553,M,3,2,1.6786579532531514,40.82619237488754,82.2299119300039,8,0
C010554,F,2,2,3.3645952741717418,71.87131231939505,45.35408494030052,6,0
C010555,F,1,2,1.0642088438616972,75.42476514733815,47.267147771445934,4,1
C010556,M,2,3,5.0861356148389785,37.31704066269906,59.32508908252845,2,0
C010557,M,3,2,5.827745829306021,90.91495712303768,67.40923809627675,8,1
C010558,F,2,3,0.6831966079434943,79.09193251179279,46.440378650011574,5,1
C010559,F,3,3,4.097829256708454,51.518304165443055,61.31854203459989,2,0
C010560,M,3,2,3.770112629899264,48.519445152402554,63.33780843108101,6,1
C010561,M,2,2,6.649368488815225,68.03213255995114,29.329863998510444,3,0
C010562,F,3,3,1.8008327716709895,66.93884699168228,66.80268684728243,1,0
C010563,M,1,2,2.3284102806002593,74.29735711158955,49.58382713910735,8,0
C010564,F,2,2,4.58080778228495,72.373228168394,38.10776545881127,3,1
C010565,M,1,2,2.926718179576189,73.7973875551998,90.48848129197293,3,1
C010566,M,2,2,3.042244620154579,48.33706974172714,43.18760896019419,3,0
C010567,F,2,3,3.0016458577250096,62.89718685526063,71.98602027344718,2,1
C010568,M,3,3,5.149677832819732,70.15029780726267,66.92509101223206,2,0
C010569,F,2,1,6.499461282342403,61.448079982029626,29.21561350970662,4,1
C010570,M,2,3,3.818588452215223,74.70367945540819,45.29373796694241,3,0
C010571,M,2,1,3.404533303203432,81.15597576734059,39.097527475880156,2,1
C010572,M,1,2,5.461703508019829,52.56669768707312,74.56899206146255,4,0
C010573,M,2,2,4.454668197778441,64.47235250158158,72.50185515569443,5,0
C010574,F,2,3,4.349399156815183,57.06780207652823,86.75657126442468,4,0
C010575,F,2,3,6.4940394981268525,58.63306027652057,41.2071687861121,6,0
C010576,F,2,2,1.653266381824292,40.35497134320761,100.0,5,1
C010577,M,3,1,3.4208111036173134,71.19738601555329,75.10246206729227,3,1
C010578,M,1,3,1.8420834292670558,100.0,87.98502549032452,2,0
C010579,M,3,1,2.8200197507200473,71.26927662060703,61.30336171278237,3,0
C010580,F,2,2,1.1952269153256596,99.33546508183619,53.737649165510014,5,1
C010581,M,3,3,3.1680416370237667,84.36735260705592,43.64743761901586,5,0
C010582,M,3,3,4.814284243495747,53.71408652266361,81.2124113241043,3,1
C010583,M,3,1,0.0,71.36384215967597,56.51146894718682,6,0
C010584,M,1,1,3.2818428672069215,76.78074811369285,56.724965977593676,3,1
C010585,F,2,3,3.8024066918545056,75.9967706670101,78.93116954616781,4,0
C010586,M,3,1,3.3936736140516355,54.18346033460449,73.4707217625253,5,0
C010587,F,1,3,0.31353806980567533,68.16111181839064,55.28504530463715,4,0
C010588,M,2,1,6.10226322548805,90.08317106516897,61.496086659335624,3,1
C010589,M,2,3,6.073439869366054,41.68393304460389,64.12406036179489,2,0
C010590,M,1,1,6.515726007132722,80.51100001309962,60.27407714056169,4,1
C010591,F,3,1,2.771425685799665,82.71881201565034,80.12593739812311,2,0
C010592,M,1,2,4.379405297887774,39.29464322489767,68.50387251930961,5,0
C010593,M,2,1,2.3948580291789194,55.578921914343695,53.56414065150963,3,0
C010594,F,2,3,1.6407332707749815,60.85139948730019,82.24496142447398,4,0
C010595,M,1,1,1.525347132699003,78.13968293052918,48.24174535451698,3,0
C010596,M,1,1,4.441414294396605,65.11083257844307,57.43942940400815,2,1
C010597,M,3,1,5.839099634187017,56.73620276998438,55.12564370571257,2,0
C010598,M,2,1,6.82998251741399,66.18902252268354,52.22508572431489,4,1
C010599,F,2,1,3.891000644073271,71.50800747913692,53.698871208935415,3,1
C010600,F,2,2,2.499195237182823,62.582724201415864,76.48468807008757,1,1
C010601,F,3,2,3.7873264125169785,89.38417948875134,60.53636685452111,6,0
C010602,F,1,1,6.136784466738776,65.50907467769191,90.0969176799366,4,1
C010603,F,1,3,7.569339354779477,76.11409246187334,50.295575556954006,2,0
C010604,M,1,1,6.589765523244022,49.13618286544299,48.78953860325193,5,0
C010605,M,2,3,6.373402921791871,70.44764045928052,36.161308037902046,4,0
C010606,M,1,2,6.995294574888846,57.39601334121111,36.09039316970372,4,0
C010607,F,1,2,4.161913196907269,57.42020532778645,45.759657138049946,5,0
C010608,F,1,3,4.619934394259239,88.12196512725987,45.02432490185728,3,0
C010609,F,1,2,6.332228424099689,55.122969678492325,49.20231093211859,5,0
C010610,M,2,2,5.132949401346883,57.29889143133848,62.274903298831155,7,0
C010611,M,1,3,5.907548054487597,39.06503703802242,44.957262203001605,2,1
C010612,F,3,3,2.662880945761848,51.72458513038833,89.28232558749023,1,1
C010613,M,3,3,7.076911870436245,39.54434426623595,57.694268923351146,6,0
C010614,M,3,3,2.902214936382444,82.67714108096115,74.06337615064038,4,0
C010615,M,2,2,6.446920209524453,70.51991130960344,43.8046160111675,6,0
C010616,M,2,1,3.8030058959289996,77.08982403463709,52.52960439180804,7,1
C010617,F,2,2,2.8263878337246617,71.9722404043543,65.01327621484174,4,0
C010618,F,2,2,0.0,50.610155529356454,67.07094021231798,3,0
C010619,F,1,1,3.52076962394558,77.25385260292038,75.46892632679982,3,1
C010620,M,2,2,1.2561198557092892,62.10864503750141,36.159911300982316,5,0
C010621,M,1,2,1.9699034124057206,73.70384486318231,100.0,2,1
C010622,F,2,3,5.120281442844468,24.031934962447195,88.37088759096359,4,1
C010623,M,1,2,0.6601860318396278,47.09290855508422,63.63710326309382,3,0
C010624,M,1,3,6.706989079688254,54.42554469332428,65.80109754033492,3,1
C010625,F,2,2,9.544892905701463,69.59052328481087,63.48782594299437,4,1
C010626,M,2,3,2.9370923669309166,41.37462299993514,42.38982823943465,4,0
C010627,M,2,1,6.649942376747008,99.1073500680053,35.12411682930197,6,1
C010628,F,2,3,0.9265768130074492,83.94079192330378,39.00510141610194,5,0
C010629,M,1,3,4.880195829748452,84.52387695325872,36.73005187339661,4,0
C010630,M,2,3,4.78108738541218,86.55901985462816,89.98005676917724,4,0
C010631,M,3,1,10.765293450685476,73.1735455920201,50.88636827143951,5,1
C010632,F,3,1,3.181182371062273,48.07656796793019,79.54355086594887,3,1
C010633,F,3,3,5.016877186109156,71.87816519317113,55.31884162727634,8,0
C010634,F,2,3,3.594048564976343,57.615214675477624,57.46258822866347,3,1
C010635,M,1,1,3.182750078271164,61.521526568565505,55.42276260203731,4,1
C010636,F,1,1,3.6960527499967895,77.83107806219817,49.28149318553526,1,1
C010637,F,1,3,3.5849264277321526,56.55148108326997,91.18640322232642,4,0
C010638,M,2,2,2.606774895022344,55.76528220987389,62.07291707108885,3,0
C010639,M,3,2,4.589307750877474,79.41507167856288,84.92230630361638,1,0
C010640,F,2,1,2.0294106367369515,52.717200795000196,63.89065910084621,2,0
C010641,F,3,3,3.121295655949884,60.359540855681125,85.25211780472871,1,0
C010642,F,1,2,8.227312931376368,63.73818914591233,61.44514009317873,5,1
C010643,F,3,2,3.7450345535355796,73.71248597105203,54.933729397946564,5,0
C010644,F,3,1,5.950589532638095,75.97077606741067,33.299651124278995,5,1
C010645,M,3,2,3.8324428442590825,55.03371021534618,73.14572301914762,3,1
C010646,M,3,2,5.6904074360896715,39.90304207533165,87.4111770551954,8,1
C010647,F,2,1,3.615515073784988,84.19306271012451,77.71244477972704,5,1
C010648,M,1,1,0.0,31.242570172613462,52.143406296764674,5,0
C010649,M,1,1,3.9319656924579625,71.09429154466815,74.1816125170018,2,1
C010650,F,3,2,1.796646256018362,64.29208272467008,40.74103926530456,3,0
C010651,M,2,1,3.339761367897311,68.92446330170203,41.627569342467226,4,1
C010652,F,1,3,5.514233108020469,69.6288588268297,47.39492670406672,3,0
C010653,M,2,2,7.996075818948684,61.43319300144589,47.64637462822854,3,1
C010654,M,3,3,0.901557111535082,63.746881474805996,70.4758604548781,2,0
C010655,M,3,1,3.4743090029820722,70.00040393185682,74.77013283962035,4,1
C010656,F,2,3,4.037436817603756,69.00368815597292,52.50063321661751,6,0
C010657,F,3,1,4.107558655066994,23.29794980963493,88.56444210101452,1,0
C010658,M,2,3,4.122086597051332,63.96582237692521,50.73548215644242,9,1
C010659,M,3,1,5.239278067551662,76.9982431319748,80.97178499288297,5,1
C010660,M,2,3,3.0369868164096068,54.16888203198842,53.359960835506605,5,1
C010661,F,2,3,3.563270568551776,71.93942377842654,60.1965590528677,8,1
C010662,F,2,3,4.867324206133409,80.31461021631685,61.21219021424593,3,1
C010663,F,3,1,2.4626106127286507,66.40116251826731,75.0586588425718,1,0
C010664,M,1,2,2.699566603796681,66.85923660180534,56.35780180087096,3,1
C010665,F,2,2,3.853968183613983,44.65012230400423,29.764129473416453,3,0
C010666,M,2,1,2.699635539907929,63.60314630250202,73.81750140553326,3,1
C010667,M,3,3,1.8487860850867697,72.46565948297545,59.87077430267887,1,1
C010668,M,2,2,1.5913348577102182,58.445666424474744,91.32833202397876,3,1
C010669,M,2,2,3.9040951346339456,59.209482042728396,36.6859920455208,2,0
C010670,M,2,2,7.014642869123765,72.7862302247821,56.2589314294804,7,1
C010671,F,3,3,4.863374288383202,70.33668537791536,30.983210923452937,5,0
C010672,M,1,3,1.9051380591231224,71.99205446645172,61.81688323024112,5,0
C010673,F,2,3,7.406328576081112,41.454099420046646,61.841286434804786,6,0
C010674,F,1,3,2.897076071328545,71.34213204336967,85.23531146692707,4,1
C010675,M,2,2,7.4916266924940675,40.97257994711722,68.71251212437872,5,1
C010676,M,2,3,3.8368604616963644,60.96512956796223,50.834536551990546,5,0
C010677,F,2,1,4.585476350605429,94.08585520653588,61.587878570620305,5,1
C010678,M,2,2,3.1955965757908236,73.50313968849173,77.6632869482249,3,0
C010679,M,2,1,3.342926432287049,69.89936243831981,28.328788666768663,3,0
C010680,M,2,2,7.040965890537678,52.44813087705518,69.72952153420403,5,0
C010681,F,2,2,3.6050147547461044,88.1364490387853,47.11458511832596,7,0
C010682,F,1,1,6.074348448423403,69.65997827455914,53.42902783354097,3,1
C010683,F,2,3,4.103972289164492,30.203084939510347,60.308903803790415,2,0
C010684,F,3,2,3.7453142696748216,54.80434511568827,32.677872402689744,1,0
C010685,M,3,1,5.372688814568539,69.10558499483717,32.863720121953335,3,0
C010686,F,2,3,3.7400081230186877,61.61767565584914,71.72710373904953,6,1
C010687,F,2,3,2.266818399395637,81.24198503429785,52.35032785153397,4,0
C010688,M,1,2,2.331285694198371,48.067923453653805,59.306871250265026,3,1
C010689,F,2,1,5.273872940309484,67.6102368157597,64.05801385753598,1,1
C010690,F,3,2,0.0,55.57922040389208,37.61904150919139,6,0
C010691,M,2,3,4.827582107903112,67.36390198514874,46.60161697927852,4,0
C010692,M,2,2,0.8370147418782019,56.75130987656257,43.86830980883944,5,0
C010693,M,1,2,4.384831150747432,65.88883137059806,18.110631205349094,4,1
C010694,F,2,1,6.944896164125579,87.64579678797561,56.43438104609843,4,0
C010695,M,2,1,2.0550421034151287,41.302078725709634,57.040582389267456,1,0
C010696,M,2,2,5.152817313760262,95.88177196088004,68.54154173984043,3,0
C010697,M,1,3,6.473233509586299,100.0,66.3331548657715,4,1
C010698,F,3,2,2.7332394150786863,57.46273467089818,28.770906776648456,4,0
C010699,F,1,1,2.5764231393256187,85.9760973905871,29.165513233563537,3,1
C010700,F,3,3,4.8250920307664735,78.45192258086112,48.81137519629617,4,0
C010701,M,2,2,6.7499444590738715,76.54237084871772,63.74946682173617,9,0
C010702,M,1,3,9.021296151880573,53.57887289952056,50.66729669086547,5,0
C010703,F,2,1,2.3710269225646146,50.817360374211425,45.92581800829245,3,0
C010704,M,2,1,5.424769067341769,57.83272598466926,83.6900177975614,4,0
C010705,M,3,2,2.943312180877072,58.614813973667204,70.3296251636929,5,1
C010706,F,1,2,1.5162206147378554,46.554371283035,72.71301965307124,3,0
C010707,M,1,2,3.4855356511359004,53.186806363806966,66.24149296403888,7,1
C010708,F,2,3,3.4923793042313624,80.09989118725409,40.05960635706596,4,0
C010709,F,3,3,4.190130971563475,88.1686191333721,73.16776746672919,3,1
C010710,F,3,1,4.921174526832563,51.38428601969739,100.0,5,0
C010711,M,3,2,4.5116617587218535,100.0,70.93171539889997,3,0
C010712,M,1,1,6.673126187579307,43.468643458357604,58.157441137558095,3,0
C010713,M,2,1,8.132117448307115,47.222562014802755,32.344299876653366,5,1
C010714,M,2,3,4.034004182980548,36.689102672561475,46.37118888965253,9,0
C010715,M,2,2,2.9170917291226486,37.89903410439303,72.5019065661033,4,0
C010716,M,2,1,3.5612829240682684,82.11778140297386,71.63500736122276,4,1
C010717,F,3,1,3.493010776681049,57.78379665130591,41.39382251720316,4,0
C010718,M,1,3,2.698880347634063,64.2930587137621,68.66403063933298,5,1
C010719,M,2,2,0.7027267830775084,59.53688293820055,42.6030382944858,13,0
C010720,M,2,1,1.0351154957192894,44.8433319325643,75.56072372287157,3,0
C010721,M,2,1,5.504260746294991,38.23056432518632,70.94231073191804,3,1
C010722,M,1,1,5.649693123106193,30.72743178623648,77.62490906162108,4,0
C010723,M,2,3,4.715778290130551,59.382197500936044,51.154419876971886,5,0
C010724,F,3,2,3.4675152657953463,69.74454244014905,73.06382270749845,4,0
C010725,F,1,2,2.8887607914801303,48.951771383034384,62.063525658762835,4,0
C010726,F,2,2,0.980727164435697,28.973867956210782,67.14494528253792,3,0
C010727,M,3,1,2.566793172728027,76.76257291521271,61.164381885029904,4,0
C010728,F,1,1,2.3895760689329206,78.77656354476744,44.440441376364404,5,1
C010729,F,1,3,0.8884812019955959,41.578181453732135,65.87457847294931,6,0
C010730,M,1,1,4.478924241008012,44.61897907287107,68.15229584982866,5,1
C010731,M,3,1,2.3744719509543932,74.27728978992128,40.12191634623272,5,1
C010732,F,2,3,4.089065511976186,33.500633757727826,70.27802782752768,4,0
C010733,F,2,3,0.7456398011597716,41.93750535718027,69.3326450096605,6,0
C010734,M,3,3,5.292665909776041,84.50252424274544,47.82903221203977,7,1
C010735,M,2,3,4.944399963735206,54.65099995361332,64.76908565532496,3,0
C010736,M,1,1,2.870530606986013,63.22306054825007,48.93231283234307,6,0
C010737,M,1,2,7.021461104648889,44.888857555720165,70.56086334321758,2,1
C010738,F,2,3,3.82200406753204,79.843029821273,44.03106365005496,5,1
C010739,M,1,1,4.298636433572654,61.360934882608404,83.81907372899052,4,0
C010740,F,3,1,0.5636421515802237,77.83031345660572,82.86868975955272,6,0
C010741,F,2,3,2.278081882036321,54.61193647706509,74.71208249936679,5,0
C010742,M,3,2,2.5680435729020092,45.30353709072348,95.08696239252146,4,1
C010743,F,2,2,5.720430911562199,60.66539821811435,85.7071179903227,6,0
C010744,F,3,1,6.120088754063948,49.728994325676865,76.86760003369514,2,0
C010745,M,2,2,2.745583507509248,54.60716830699769,88.13261855569625,2,1
C010746,M,2,1,4.3747287509535955,49.62179760944991,57.76874375254262,2,0
C010747,F,2,1,5.884879453071535,43.31488313162744,50.0451900268286,3,0
C010748,M,2,2,3.252072008986666,74.01876176967116,77.64626884030106,6,0
C010749,M,1,1,0.7832340758562037,69.48478107402288,58.03473512844429,3,0
C010750,M,3,1,5.563951798148411,47.27479139556684,76.59299963108587,3,1
C010751,M,2,1,4.934715724572666,89.10837812620824,46.12684720410623,1,1
C010752,F,1,2,4.6403611385028745,51.23103769083055,48.14363087731536,2,0
C010753,M,2,1,6.11114781009293,74.97929740348197,33.73735359816545,4,1
C010754,F,3,2,6.29212103279813,23.013789872695696,39.98404719344225,4,1
C010755,M,2,3,5.366539144679535,57.947398515089745,66.18347364995613,3,1
C010756,F,2,2,1.4238806782235014,34.46370694798108,34.62520751194277,7,0
C010757,M,3,2,0.6719108834002374,49.31936555152924,42.18526174402879,3,0
C010758,F,1,2,4.771134925964105,68.51154980568647,45.58556277210207,3,1
C010759,F,2,3,4.143686484370713,66.77499029770068,52.659432940419265,3,0
C010760,M,2,3,4.308748599098303,50.85186120094152,61.582555804126834,2,0
C010761,F,2,3,7.719997327317067,63.016096331152845,95.2840936284952,2,1
C010762,M,3,1,6.018698163660732,66.92291138944243,74.29935089658117,3,1
C010763,F,2,1,3.5947005477822134,52.77942676877025,49.390032027785985,5,0
C010764,F,2,1,2.380450280781326,72.50461971865055,60.39682242797677,8,1
C010765,M,2,3,5.418813953933875,64.43240595002176,50.318067081591586,3,0
C010766,M,3,2,5.017363347474073,54.23943003806071,75.92798442690508,2,0
C010767,M,3,2,3.526602009951609,89.78611953702479,70.12428850322262,7,1
C010768,F,3,3,0.0,56.378529009264255,50.23619459887861,1,0
C010769,F,3,1,1.8913901266351174,46.27592400799489,66.93561213135897,2,0
C010770,M,1,3,5.864145415265821,77.167374794248,68.16921616544626,4,1
C010771,M,1,1,1.157069492354803,71.74953636579495,60.98061727441268,4,0
C010772,M,1,3,5.274001659943982,31.90681796389417,67.04870118422988,2,0
C010773,M,1,3,4.976090198526088,32.695749635871515,70.39916639482232,3,1
C010774,M,2,2,1.8197051825245278,69.52104628220519,98.34206217888944,6,1
C010775,M,2,2,5.979771774783296,51.780725882579944,81.56647069351271,4,0
C010776,F,2,1,3.8250779617106314,66.92006112171673,42.68978940378314,5,1
C010777,M,2,2,3.6734109197947595,56.39879679094778,64.52081978469528,5,1
C010778,F,2,1,1.470920852682048,70.30266594110594,98.30935955528707,5,1
C010779,M,2,1,6.854727839973046,73.70710825061418,66.56395228328711,2,1
C010780,M,1,1,1.3772804307845483,34.18580141588055,93.2054814482436,4,0
C010781,F,3,1,1.3522544491216162,47.263817877259164,100.0,3,0
C010782,M,3,1,4.311333515969928,86.3084282297832,43.2786679717197,3,0
C010783,M,1,2,1.8432417948701327,68.97855685734638,58.746859730043745,3,0
C010784,F,2,2,8.549568626237772,72.81061275391427,61.315131280146474,6,1
C010785,F,3,2,1.8263358842172295,97.22018408926127,36.52977382729909,6,0
C010786,F,2,2,5.744988077212426,80.20806754239008,85.03065660666788,2,0
C010787,M,2,1,7.614482322459035,64.16681397896863,66.19887436567831,1,1
C010788,M,2,2,5.574479099097245,45.52050474684967,30.256657569355706,2,0
C010789,M,2,2,2.3384713165456326,82.98219356564252,65.8153955043967,2,0
C010790,F,2,1,4.755425955936598,83.38709089606829,45.81831085358309,5,1
C010791,F,3,1,6.981635321469328,66.98842525243197,59.58975688891232,2,0
C010792,M,1,3,0.7019071373519608,92.84543481957189,15.140159410604404,3,0
C010793,F,3,2,6.414691823595289,69.24454913473869,56.66577989652881,3,0
C010794,M,1,3,5.080412411148469,65.98451845415617,75.15997180832045,1,1
C010795,M,1,2,8.158014764868117,83.00948659365426,52.416574508992575,6,1
C010796,M,3,3,4.942409537920049,72.4182582550166,28.018423386717714,4,1
C010797,M,2,2,4.3348112081798025,76.44350999763809,58.958586859657714,2,1
C010798,F,1,1,5.504330580260971,32.742388806507755,56.36730510801976,5,1
C010799,F,2,1,1.2721168131357987,70.38694822162655,88.23430754638662,4,0
C010800,M,1,3,2.205571220219495,57.49695198390748,67.94896994683582,2,0
C010801,M,2,2,4.152575430629291,56.513711344302024,55.84932160826591,6,1
C010802,M,2,1,2.847885497888618,61.43412815537864,38.36178524534331,2,0
C010803,M,3,2,2.6546404262874637,54.54791190548407,59.193623932596914,4,0
C010804,M,1,3,8.483402068623924,75.75213584822552,94.86084445561266,7,1
C010805,M,2,3,7.946732515951063,46.82880240956651,66.84056510518327,5,1
C010806,M,3,3,0.0,37.784299800679435,71.83108405937102,5,0
C010807,M,3,2,4.088192597516023,62.69931190075154,15.473630379589459,7,0
C010808,M,1,3,1.3781295509629392,84.9370525620521,76.50672931540424,6,0
C010809,F,1,1,6.531367774711366,57.02020718801931,61.68745123075243,4,0
C010810,M,3,2,4.489632479677624,60.92121964912221,60.41948198032555,4,0
C010811,M,2,2,7.2232740473278,60.571082794543116,63.11466389814021,5,1
C010812,M,2,1,2.1049498329415908,100.0,63.61722631698794,6,0
C010813,F,2,3,1.9098413736981632,79.06708131858751,55.350896980464555,5,0
C010814,M,3,1,3.5182193664106247,55.94717022950481,51.093521761219606,1,0
C010815,M,2,2,2.686152633185934,61.836321302038,34.74606590834888,3,0
C010816,F,2,2,3.7967249954545603,53.13791503755361,53.347315467747556,9,0
C010817,F,3,3,6.611320087906737,92.88911663394909,80.01726596389908,1,1
C010818,M,2,2,5.028171180093317,41.87714976093292,49.95034644764706,4,1
C010819,M,2,1,3.3477304235290046,50.26589752862058,74.33566776037242,3,1
C010820,F,1,2,4.118623841188741,78.2637916007614,40.71880290705683,1,1
C010821,M,2,1,0.5184226131721559,90.47994176585183,35.61587369280987,6,0
C010822,M,2,1,0.0,64.69790914774676,52.274737518575606,4,0
C010823,M,3,3,6.664397694308318,60.82009841881664,76.64981812521725,2,0
C010824,M,2,3,2.3250275246634295,65.51475283470538,33.54109413670377,4,1
C010825,F,3,3,7.15452408106445,66.10198889693868,91.94213235154288,3,0
C010826,F,2,2,3.325733028981454,96.47982326076433,98.4767093566968,3,1
C010827,M,1,2,4.29545491666385,71.54185409294311,72.73480989786167,3,1
C010828,M,2,3,5.827270360896546,59.44004942816033,50.345887049481505,4,0
C010829,M,1,2,6.084681248542211,70.96138651847804,51.45649443347619,6,1
C010830,F,1,2,2.8685998890796354,79.04069491658952,47.606355080529255,4,0
C010831,M,2,3,4.156395072865743,50.79132806402482,47.58239398686243,8,0
C010832,M,1,2,3.95997804762672,68.8237168086637,56.07078213537592,10,1
C010833,F,1,3,4.832397773165335,65.34994662107691,27.099157694237626,3,0
C010834,M,3,3,4.424966281790428,47.73570408355171,66.28564944933152,3,0
C010835,M,1,1,2.3937229433997396,58.63353308757533,39.6273316642155,2,0
C010836,M,3,3,4.328839027168752,57.75731023194487,44.50743805795179,2,0
C010837,F,2,3,0.7806914131768963,57.53111087763963,46.29899155472423,2,0
C010838,M,1,2,4.006730939021513,93.06743150752965,66.51178529429086,1,1
C010839,F,3,1,4.260488182661845,65.28998480771524,79.89724057258529,2,0
C010840,F,1,2,1.8428349133917887,70.2071095546063,41.71314757565291,5,0
C010841,F,3,1,3.379697856633101,74.84758996697312,81.66905036543021,5,1
C010842,M,2,1,2.8704146127341312,64.01115757024486,39.76284465087538,2,0
C010843,F,2,3,2.912105224163032,58.330045758749606,46.891562209590454,3,0
C010844,M,2,2,5.666808852177594,87.35321576869035,76.14253308095992,7,1
C010845,F,3,3,5.017170023201177,87.46643439141998,30.08941907811624,1,0
C010846,F,3,3,6.1148777714020905,78.60367297370891,50.06695788236315,2,1
C010847,M,2,2,8.57221442846705,63.33616086468966,43.29335955593615,2,0
C010848,F,1,3,6.414210191032282,70.26252392769521,51.75182579121449,6,1
C010849,M,2,1,0.6204414388713477,52.79703630015102,47.64419631491674,4,0
C010850,M,2,1,2.5578130267469588,66.4860727134535,28.658593143345275,2,0
C010851,M,2,3,6.952580935133853,47.34395754545313,70.9324457538735,4,1
C010852,M,2,2,3.1312282351444103,76.95779136031175,66.23650524846803,3,0
C010853,F,2,2,2.9850146676059888,89.68534364240666,76.10794627993458,2,1
C010854,F,3,2,4.735085001857595,48.07778803982672,52.647389556287436,3,1
C010855,M,2,1,3.373729433140929,91.31658573707037,58.309114347659936,4,0
C010856,F,1,3,7.760642737625469,74.39635644630299,76.06807159274584,2,1
C010857,F,1,1,3.645021101328002,53.331649334614085,64.03516109402737,5,0
C010858,F,2,2,9.305987497982198,68.83492826653622,76.30443428342647,3,1
C010859,M,2,1,2.7679299038813294,88.0784120913078,75.00180865035136,3,0
C010860,M,3,2,2.5542853159603096,83.5854535874859,60.8025717867661,4,0
C010861,F,3,3,2.162434718846649,83.12354692426592,61.714979277408254,4,1
C010862,M,3,1,2.2686373242482603,59.41668313938784,58.77871209252317,5,0
C010863,M,1,2,5.591605086675026,50.932786984822314,61.73619673565236,4,0
C010864,M,2,3,1.0433554469537585,64.97006602087787,50.159522127748055,1,0
C010865,M,2,3,1.7904305092954198,66.80593249529385,66.13193076756828,2,0
C010866,M,2,2,5.143176815494163,61.77612034058913,63.30797618984086,4,0
C010867,M,2,1,0.0,55.841922023610365,49.14362360219651,3,0
C010868,F,2,2,0.7603256337063642,49.85889320609001,66.96128431373464,4,0
C010869,F,1,3,3.885654680123085,75.6769609262657,82.19093145845372,3,0
C010870,M,3,2,4.897755139590082,54.39747085008748,60.148333448552535,3,0
C010871,M,2,3,3.2603143655038607,77.0793704608286,61.247369805665286,4,0
C010872,F,2,2,4.958377375552525,60.507711824972404,63.315504124751044,8,0
C010873,M,3,1,2.1066542403707906,63.553292500894436,25.69970765733654,1,0
C010874,F,2,3,7.330567267136868,47.32010056381641,53.44763527491443,2,1
C010875,M,3,3,6.0041620759158025,71.01397721593409,100.0,4,0
C010876,M,1,1,2.2086170920375903,60.85194882581703,60.767997738546384,7,0
C010877,M,1,2,3.5854162405697583,48.846921189802394,43.844962623820386,3,1
C010878,M,3,1,0.0,61.56398691293685,59.31250218060191,4,0
C010879,F,3,2,6.045217684600752,52.059624234956694,49.84550636015391,3,0
C010880,M,2,2,1.1853882505799733,41.36107981713583,63.045166139817,1,0
C010881,F,3,3,2.8150143040648063,76.31525573609298,63.29873321201528,1,0
C010882,F,2,3,3.3553841610539323,47.77787499055508,58.86917710845763,4,0
C010883,F,1,2,0.9718273142199543,71.80915395809167,76.05245161204806,3,1
C010884,F,3,2,2.1674967577212434,99.28690182505207,38.20845077395631,4,1
C010885,M,2,1,4.819319274495749,50.90567271944212,65.94797927544803,2,1
C010886,M,1,1,2.9043682394110464,71.99286159507793,78.79717638386755,5,0
C010887,F,3,3,5.917850022993498,58.90531667858373,55.01730196224861,3,0
C010888,M,3,1,5.631666457653699,68.73710025152344,74.6169021779524,3,1
C010889,M,2,2,2.1325113861520704,38.42766641750678,55.878317217536306,4,0
C010890,M,2,1,3.0019791534905216,71.13251584572055,40.35410840517872,6,0
C010891,M,1,1,3.0030740444312896,66.5697115586168,25.761432703320366,5,1
C010892,F,2,2,3.111326658898307,100.0,49.99869956970724,5,1
C010893,M,2,2,7.244533125800006,34.34842091998337,54.31744166106996,4,1
C010894,F,1,2,4.421614316836385,57.7488618015642,99.47360227223473,5,0
C010895,F,3,2,0.34962170012204075,71.8517288415166,60.823098791266425,4,0
C010896,M,2,2,2.5593745474230145,78.20677765079908,49.85073095630436,7,1
C010897,F,2,3,2.9832765414936553,63.14390130015693,69.55725823601007,6,0
C010898,M,1,3,4.931737141093543,83.96608699807723,52.984559106151686,1,1
C010899,M,2,2,7.964766880206847,65.96518196056067,78.59623329433671,3,0
C010900,M,1,2,5.73207178710563,67.0364084999723,87.75977863966564,2,1
C010901,M,1,1,3.775430362856204,39.01909416197859,62.903932022451045,4,0
C010902,M,1,1,2.128352514780432,73.77234615177971,27.948817990698956,6,0
C010903,M,3,3,7.1262100144608995,87.75132175846952,58.1920049586124,4,1
C010904,M,2,1,3.347143569973451,50.14072405250672,57.09283932478534,2,1
C010905,M,2,1,0.8748966439410597,58.37676222675494,89.45719960166639,6,1
C010906,F,2,3,4.786846099426656,43.74982143404692,68.04050327132805,3,1
C010907,M,2,3,1.2814043453697739,71.9674308516816,52.95781620286622,7,0
C010908,F,2,1,5.451317445208294,62.55934247605302,85.16604779121975,5,1
C010909,F,1,3,3.1333078929759797,77.16448294491542,57.876397049965924,2,0
C010910,F,2,3,3.3274166503040723,63.842839913427724,57.70493531575207,7,1
C010911,M,2,2,0.0,63.548591422803774,50.9926055300599,3,1
C010912,F,2,1,6.370566803682955,64.07368724206293,80.88126205017068,10,1
C010913,F,3,3,1.405955852568339,67.53967088588816,50.332226715909215,2,0
C010914,F,1,1,2.410891194730585,65.34112427454144,71.69661649847336,7,0
C010915,F,2,2,4.41996665749744,71.37571383690657,67.21074709761908,6,0
C010916,M,3,1,3.6790769147857434,86.4172274915884,61.23299471579951,7,1
C010917,M,1,1,9.05174941973343,79.6235041231313,76.4253850446744,3,1
C010918,F,2,1,0.20518213484502468,91.33936192853984,87.74801811054985,4,0
C010919,M,1,1,3.1572288491725615,47.46100794618381,37.83309897244111,6,0
C010920,M,3,1,5.729597338385966,53.65517926633109,57.06780584422671,5,0
C010921,F,3,3,3.0253242261621005,81.63600472533136,55.61713356552052,4,0
C010922,F,2,1,3.9926781453618823,49.82816221055822,61.915809969145194,4,1
C010923,M,2,1,9.686454166520168,89.29853021961878,49.566814314935826,6,1
C010924,M,2,2,4.144856372996879,57.34768054893762,41.49942136640129,4,1
C010925,M,2,1,7.081484081534423,62.83076530244727,58.05027219581678,2,1
C010926,M,1,2,5.429265623592253,59.42217661776286,78.3086630661605,3,0
C010927,F,3,1,5.62247343963015,65.18328271086901,56.35937406322012,7,0
C010928,F,2,2,3.5634879627318314,89.86931248470893,67.48080585564374,2,1
C010929,M,2,1,0.4162869223097303,84.77294934206888,87.55962413626334,2,1
C010930,M,1,2,6.392844250685185,94.36163117289024,62.99252359599069,3,1
C010931,F,3,2,5.224920810792855,99.2268819716909,77.82589864534656,2,0
C010932,F,1,3,5.178443077305314,58.125654119306674,79.49913222653475,4,1
C010933,M,2,3,3.670024044598172,49.82385076899296,82.34734444420783,6,1
C010934,M,2,1,2.5740972746717867,67.4593270125517,97.46867049122707,2,0
C010935,M,2,3,6.909724397359164,69.88795336667367,57.70669015724612,3,1
C010936,F,3,2,4.718779945241472,42.9063931892922,76.43848625157779,4,1
C010937,M,1,1,0.0,76.9103632344175,63.91338478643256,5,0
C010938,M,2,1,3.882318904512863,49.38783472134092,68.9747258827686,2,0
C010939,F,2,3,3.3312634521225117,58.867020150741304,67.40456137450961,3,0
C010940,F,2,1,0.0,76.15202969427867,81.48980314953674,3,0
C010941,F,1,3,2.3542857867323983,72.12040485593677,50.86805636337272,3,0
C010942,M,1,1,9.711409744516677,66.1253926605195,67.0731936980637,2,1
C010943,M,2,1,0.0,68.63674877071091,37.12119275190602,7,0
C010944,F,3,2,1.460792148262732,74.84634835798761,45.64491923283944,4,0
C010945,F,3,2,0.0,55.96023495771772,49.615759617689946,3,0
C010946,F,2,3,0.5175506365391298,69.92165480800351,70.65698771314209,5,0
C010947,F,2,3,0.0,64.9368053969055,67.54638002919343,3,0
C010948,M,2,1,1.3941558213752439,67.07756012630483,85.20283996411422,4,0
C010949,M,3,3,7.775138539689175,82.3682583128116,77.76661108357692,8,1
C010950,M,3,3,5.993097283489237,69.31166586727778,59.72486990693626,5,1
C010951,F,3,3,3.4300550453083307,86.3612379569488,100.0,4,0
C010952,M,3,2,7.682430888936393,57.57735663625522,63.404615759137684,4,1
C010953,F,1,3,2.9526565731146173,63.61156079324662,34.82234231571935,2,1
C010954,F,2,1,1.8981884312488129,42.17769951753323,37.22342283284142,2,0
C010955,F,2,1,3.0473552892147224,50.563094049748095,72.55414418062308,3,0
C010956,F,2,2,0.5162088558073172,59.390888390660315,31.8635551459893,3,0
C010957,M,1,1,0.0,72.11082936880649,63.2782153056506,5,0
C010958,M,2,1,5.451519112238831,57.50048526853432,53.96866818050738,3,0
C010959,F,2,1,4.729646858112834,48.652899404272326,94.35125558049022,3,0
C010960,M,2,3,1.168030671287776,70.16816271105097,38.98911508449072,1,1
C010961,M,1,2,5.028109167816862,40.00866895162445,77.91456292562454,1,0
C010962,F,3,3,5.116053814682401,40.558216111451976,53.72993674602607,1,0
C010963,F,1,3,2.6703434561810537,52.70946167957527,52.08598378451471,3,0
C010964,M,2,2,1.9036122724561118,70.92776079663449,87.42563569684603,4,0
C010965,M,2,3,5.741553050110333,51.92941175645636,50.72175939337349,2,0
C010966,M,2,3,4.985106264781333,66.45578006416778,43.81517434827056,4,1
C010967,F,2,3,7.828005061521305,76.24847801718373,51.543535134983834,4,1
C010968,M,1,3,4.959225318670923,72.06949741085502,41.844168540436726,3,0
C010969,M,2,3,0.09991621998136901,90.92785048573168,32.448181049095865,8,1
C010970,M,1,1,0.6290046999279446,67.455955536907,45.94656906317087,4,0
C010971,F,3,3,3.521061148061504,86.3689646349989,30.99619221253732,5,0
C010972,F,2,3,5.7797321031962365,74.36687850987745,44.450643096032906,5,1
C010973,M,1,1,4.705971515168338,59.117724531229044,43.997654432525074,5,0
C010974,M,3,2,2.643030242130667,50.59420470484645,64.47889918138718,6,0
C010975,M,2,1,0.29810132981489,67.43128785857458,36.721012748804654,5,0
C010976,M,1,2,7.231474128160086,45.52239525754304,70.6937720079424,5,1
C010977,M,2,2,7.1262991550489385,61.753800171959874,21.145919789087706,4,0
C010978,M,1,1,0.9040092385311964,62.80896806300908,43.27981105409998,5,0
C010979,M,1,2,5.461825319047301,82.70173026881444,56.12603341820529,2,0
C010980,M,3,3,4.561543395453177,54.351544463210686,52.72257797612748,3,0
C010981,M,2,1,5.505219390301046,71.6289995781743,60.999101413125544,4,1
C010982,M,3,2,7.339485212454582,50.4236670666742,35.77525423392717,4,1
C010983,M,2,1,7.135537753304588,78.00585448943035,94.20106049398044,5,1
C010984,F,3,1,5.113985421774372,87.7155690391391,89.15434148941691,4,1
C010985,M,3,2,3.4637121989585817,52.55293472143595,13.256436388137466,5,0
C010986,M,1,1,3.3412508043909965,67.15900178030617,70.84311722467311,3,0
C010987,F,1,1,3.5187228950504634,100.0,53.63552992704027,1,1
C010988,M,2,1,10.005856475679941,53.919030922711485,57.75142920061366,3,1
C010989,F,3,1,4.099459483894658,43.19049428092396,58.12712466921241,4,0
C010990,M,2,1,5.715459742332839,68.39324054567787,45.59690694999003,5,1
C010991,F,2,2,4.915281862615157,49.01475754982359,57.855754093969416,3,0
C010992,M,3,2,1.8234648552116037,70.5982053947987,87.40603941959931,6,0
C010993,M,1,1,5.051073083202289,78.0629959468568,92.72712582184661,3,1
C010994,F,2,2,2.542973599387552,49.64541331303183,57.791542556517165,4,0
C010995,F,2,1,1.91767064446793,42.93175353021016,30.665753261417915,2,0
C010996,M,1,3,5.307292000061611,80.38055205195151,55.29688184153038,5,1
C010997,F,2,1,1.217854080487402,91.00755430827633,54.318279435863275,4,0
C010998,M,2,2,5.930571907480666,60.4297913505758,85.76351121533372,4,1
C010999,F,2,1,5.254441506710241,85.76222677029064,38.156842663254466,7,0
C011000,F,1,1,6.782825264319572,91.49122457343913,25.979776473219957,3,1
C011001,M,1,2,5.055942190872319,75.69478198811495,47.118230879127864,7,1
C011002,F,2,1,1.8976830560855449,67.09915814960573,71.64754224927562,1,1
C011003,F,3,2,6.4512471241514096,75.18578446237785,42.87032886535719,4,0
C011004,F,2,2,6.564804468321119,78.05069693861567,55.226405909205695,4,1
C011005,M,3,1,5.9656185573433085,31.327099458100605,73.13405669855898,4,0
C011006,F,3,2,5.612811662169635,63.239735945458875,31.94076203747734,2,0
C011007,F,1,1,0.7485976634483644,45.36698878745673,57.74445561530149,2,0
C011008,M,2,2,5.883142526720964,51.45038184026279,63.9777763300365,4,0
C011009,F,1,3,1.251869579738432,69.8157061510117,71.22883353698184,7,1
C011010,M,1,2,2.632422613633625,63.559741987600034,52.16573007215794,2,1
C011011,F,2,1,2.170325194253005,65.49761472165609,87.34607845574322,6,0
C011012,F,1,3,0.5490575051117705,63.0525712979945,50.78742644896717,6,0
C011013,M,2,1,4.3901997883560835,62.20126091807288,74.17666953456919,5,0
C011014,F,3,1,3.9316185547734492,64.80990462589787,79.85428470365504,5,0
C011015,M,2,1,6.922098168611965,88.4434765353871,13.726364936058332,6,1
C011016,M,1,1,6.651683927882452,74.71653119125602,87.36993629074799,3,1
C011017,M,2,3,4.389161678242875,50.955959969573286,40.04779747081811,2,0
C011018,M,2,2,5.733851981260774,58.373650966888974,51.76152902573019,7,0
C011019,F,3,1,3.7707187622634297,75.28598303278112,79.29877248233893,5,0
C011020,M,3,3,3.756989462674831,60.96642124088351,51.794105524940775,3,1
C011021,F,2,2,4.276308972276666,72.70035518956543,58.105944616323164,4,0
C011022,F,2,3,3.6683915983574193,64.66766595400284,76.28977596365037,2,0
C011023,F,2,2,4.466539611311795,68.16207858351056,62.678067894974866,6,0
C011024,M,2,2,5.459568547375907,84.12901291363917,41.52832365587163,3,0
C011025,F,3,2,1.3167248356386247,71.02788385113988,81.11002522386349,6,0
C011026,M,1,1,3.1021626572100325,94.03310776423127,65.85835538990246,4,1
C011027,F,3,3,5.706925456331264,55.08237519848288,31.503174375760807,4,0
C011028,M,2,1,2.7806146260950397,51.26397273700407,57.5157202943782,5,0
C011029,F,1,3,2.8269357083007267,70.97074504595395,65.70383038084196,4,0
C011030,M,3,1,6.233998904645242,61.773174628369404,52.433808914899274,4,0
C011031,M,3,1,2.372108113672902,66.9998729703095,30.296388101835436,4,0
C011032,F,2,2,4.9535917559595,70.38448832960881,34.72247057711051,5,1
C011033,M,1,1,4.329588973859443,45.637462096715026,47.58516650043186,3,0
C011034,F,3,3,5.952688565339739,32.3195837888642,66.1152916932079,6,0
C011035,F,2,1,3.854579857263987,75.8147789841489,80.56169551278916,2,1
C011036,M,3,3,2.260907142795487,43.48703743799829,34.33977694597647,3,0
C011037,M,2,2,2.5651698535636482,57.35266316266679,49.12308502525546,2,0
C011038,M,1,3,7.6429096482721075,62.39572353090109,21.808501815183888,9,1
C011039,F,2,2,2.826017863435712,63.75542994674185,58.953265102504155,5,0
C011040,F,2,2,2.6822341884352525,76.73321781422473,86.74266042040429,4,1
C011041,M,2,2,2.9843338473462953,74.98853024309143,77.99106478415364,3,0
C011042,F,3,1,3.4046555545959287,68.5768889427543,54.66602493280226,5,0
C011043,M,3,2,3.102157268953899,73.53381378532318,53.52492879503488,2,0
C011044,M,2,3,5.242219251386391,49.57570772489946,53.009323180460754,2,0
C011045,F,3,1,4.223567180689354,53.74773415215385,54.131695543579966,4,0
C011046,F,2,3,2.701527879130028,100.0,59.95045565760034,5,1
C011047,M,2,3,5.589596340605274,67.28645099933384,52.954855889917255,2,0
C011048,M,3,2,4.61970236625015,78.19932952375625,59.34795130574399,4,0
C011049,M,2,1,6.919251728611866,47.772059881914814,39.177348341153234,4,1
C011050,M,2,1,4.6960410761252085,76.01824045221733,67.54088207907834,4,0
C011051,M,3,1,3.7181075654115707,61.19336573255743,70.63851867831765,5,0
C011052,F,1,2,3.552268786127291,57.017469980528006,100.0,3,1
C011053,M,3,2,4.31933441566505,91.38075560437159,68.43064692162503,1,1
C011054,M,2,1,4.807408098563881,88.12019615074641,56.76065764645826,5,0
C011055,F,2,2,3.9954851024268097,64.57937365008951,88.44537378559177,3,1
C011056,M,2,2,3.0303872764051896,68.70656609963851,84.85520631864827,4,1
C011057,M,2,1,5.378635928550306,59.33021138430132,46.72286700143909,5,0
C011058,F,2,2,4.952742263844868,47.8940894562634,90.9259308012933,4,0
C011059,M,3,3,4.041015940812672,66.42435907364049,65.77482513931513,3,0
C011060,M,2,3,5.47052306225284,68.72999149406596,34.49504759134913,1,0
C011061,M,2,3,3.831998157512435,80.79345170160083,46.700801329962516,5,0
C011062,M,3,2,4.0267576891525225,73.97709282110856,48.60901424802166,1,0
C011063,M,3,3,5.389377625680732,50.241931996353216,86.56159146843063,2,1
C011064,M,1,1,5.761989167188013,34.416448862892565,63.046901389156766,7,0
C011065,M,2,1,5.437340488822468,60.33669330695267,61.69178726780645,5,0
C011066,F,3,3,2.3179441190267767,45.85337527686016,58.833057222452915,4,0
C011067,M,1,2,4.826883298818895,63.56805278733378,95.55339280949138,4,1
C011068,M,1,1,4.095720691548493,71.85710707352735,56.163967200166546,3,0
C011069,M,2,2,4.862052355897798,70.0731983978988,52.41450662567068,3,1
C011070,F,3,3,8.011856543414602,58.45880102398668,81.28405528426511,4,0
C011071,M,3,2,3.536885131096024,71.35016186343378,62.89817451830572,3,1
C011072,F,2,1,4.048454465328887,86.22306759347464,85.30894362003696,3,0
C011073,M,2,2,2.7620439516904045,71.2992821444726,52.43428888509644,4,0
C011074,F,3,3,3.5781336858448256,70.7859466188023,63.114253942382135,3,0
C011075,M,3,1,2.5097344836789808,57.2102132470605,92.25582076235295,2,0
C011076,M,3,1,1.639405431187828,67.79327924240698,50.96165228938325,4,0
C011077,M,3,2,0.0,88.24215349582619,77.45030494258938,4,0
C011078,M,2,1,2.470230759965423,64.47567076912709,32.05544471737123,3,0
C011079,F,2,2,2.6217681319210193,60.58050957430951,73.19457805823438,4,1
C011080,F,3,2,3.8706059770983186,83.69744135500608,48.169036643824356,2,0
C011081,F,2,1,2.8136302540373714,63.07250486740623,75.8486202984102,1,0
C011082,M,2,1,6.271494109774291,74.4984993049635,39.67340931071003,2,0
C011083,F,2,3,4.498854791185801,68.78750817418447,78.27578815133549,3,1
C011084,M,1,3,5.632496410821587,73.42973270192991,58.647442129571154,4,1
C011085,F,3,2,6.162690919777113,78.22265899740341,67.15238743144151,4,1
C011086,F,2,1,7.051334918362112,84.8198826098715,61.935729401291624,5,1
C011087,M,2,2,6.140610020120061,81.60798175638726,57.854257503167744,2,1
C011088,F,3,1,2.0556237029164617,87.5790353805724,47.8271218002196,4,0
C011089,M,1,2,5.890277801670486,61.97069869475854,42.38191608992323,3,1
C011090,M,2,1,4.704777558860769,47.66136213860955,72.24669293777413,3,1
C011091,M,2,3,6.962312568134481,63.37872891335593,39.21743611539385,6,0
C011092,F,2,3,4.056740032258172,100.0,56.841595384978326,2,1
C011093,M,2,2,6.517931902236906,64.34937993279955,41.43026335525619,2,0
C011094,M,1,3,4.219744533511352,37.80751568297562,53.438940708221615,4,0
C011095,F,1,1,4.307449938630652,100.0,25.74105902450927,3,1
C011096,M,3,2,5.46525725656572,68.8270871582761,80.85884383048828,6,1
C011097,F,3,1,3.307935756465208,53.35443708021457,72.56177294806996,4,0
C011098,M,2,1,5.215865016343391,48.386834495329076,58.73492814094484,3,0
C011099,M,2,2,0.6592592992659068,68.12286121491468,62.924371579583685,4,0
C011100,F,3,1,5.063813218750747,77.3015150033579,80.83935598281133,4,1
C011101,M,2,3,1.202028776462094,76.18517430246192,49.978655231964424,4,0
C011102,F,2,2,5.219535196690902,79.54896744442496,83.25522308241035,2,1
C011103,M,3,2,0.0,43.64622293547349,46.94870810682079,4,0
C011104,F,1,3,0.007830955116974181,48.38624173840674,58.971395209122136,4,0
C011105,M,2,2,4.116303698818916,65.86934008815962,34.64194631799264,2,0
C011106,F,2,3,4.154902106300545,83.03673365230696,84.43531746890639,4,1
C011107,M,1,1,3.4441005935008944,59.536335504641514,54.54072977209818,2,0
C011108,M,1,1,5.589308751054412,31.67074163580063,65.79223813361803,4,1
C011109,M,1,3,6.051550297373392,78.75920647662028,45.84519669794546,7,0
C011110,M,2,1,9.5679951560559,24.428658341227795,55.978794829321274,4,1
C011111,M,2,1,4.096717458108991,58.490022097520765,41.55627662102158,5,1
C011112,M,2,1,6.275870683200729,77.76290639062212,44.4058101359329,9,0
C011113,M,2,1,2.177063851280188,77.28706620462509,30.279951347069726,9,0
C011114,F,1,3,2.7968107745931365,41.10699497251727,54.87135916779006,9,0
C011115,M,3,2,2.194029971182623,79.5120175646768,46.75443844720843,2,1
C011116,M,3,1,3.7577486579118684,86.58080147767927,99.27768828186113,2,0
C011117,M,1,1,4.4910995557244116,75.86527403072867,39.16908495231196,2,1
C011118,M,2,3,6.292161178847694,62.371668757542075,46.82018028900609,3,1
C011119,F,1,3,4.760431036644424,73.02671253480244,72.96196607649863,4,0
C011120,F,2,3,6.940837439896335,54.968702978652004,41.322550642779966,3,1
C011121,M,2,1,6.976938443072058,82.16453371070654,56.56931673701676,3,0
C011122,F,3,1,4.0887418661304595,88.80881048409444,71.90875224879068,3,1
C011123,M,2,1,3.770681169495397,59.62799433791198,70.54787412263562,4,1
C011124,F,2,3,0.6454176101216298,77.7280185497161,59.62629711953772,5,1
C011125,M,1,2,2.8058018124924096,81.28735672443649,57.07035252613122,2,0
C011126,M,2,1,2.2198515442418625,62.5677017101588,76.0934573267694,3,0
C011127,M,2,1,2.3157878015352074,31.640021739524926,80.61380078330933,6,1
C011128,M,1,2,3.0676788823400702,68.221381835524,59.882580901467406,7,0
C011129,F,3,3,5.157546966486199,19.439095951533822,67.92666527795103,3,0
C011130,M,3,3,4.637997135700445,90.21836439914108,49.26999723163122,3,1
C011131,M,3,2,6.174427262412117,75.03580247832406,79.21363506054689,7,1
C011132,M,2,3,4.846416348872671,62.1260764343671,72.51525676053544,7,0
C011133,F,2,1,2.698867414569066,80.22095920989946,52.789001203509756,6,0
C011134,F,2,2,5.665395232770411,48.24014382330291,49.12944642735989,5,0
C011135,F,2,3,0.9841912960148789,83.05444116743065,91.08089391134551,8,0
C011136,F,2,3,6.149747606166471,69.2678154626598,49.48236112520952,4,1
C011137,F,1,1,2.315344035423466,69.53718889270547,54.79259006478195,6,0
C011138,M,1,2,0.0,59.46206384234668,36.08107032000767,4,0
C011139,M,1,1,5.197957366135908,61.153680699238286,77.04456801737427,3,0
C011140,M,2,3,3.32014713811371,73.96636662961407,49.319788210581905,1,0
C011141,M,2,2,6.584354091464061,51.79332641586166,59.01776408463228,3,1
C011142,F,3,3,6.118085219768778,46.59959098959885,57.43463889008387,10,1
C011143,M,2,3,1.8303732863438125,81.41443555030908,100.0,2,1
C011144,M,3,1,7.350699955374935,73.11104603801482,90.96168027316287,4,1
C011145,F,3,3,0.0,50.72534029872935,64.64533077053676,4,0
C011146,M,2,1,5.022709996815802,66.69771889333713,47.201676715543506,5,0
C011147,M,3,1,7.134106191437718,65.76509814284718,61.2289327479108,1,1
C011148,M,2,1,1.765593497185053,54.26317580914391,57.74031274656153,3,0
C011149,F,3,1,8.646318924185618,68.3199923837725,87.61317502617277,2,1
C011150,M,1,1,4.356643848433016,64.5955998110554,100.0,2,1
C011151,M,3,3,4.820007713754246,78.57171717505038,64.98584015495098,6,0
C011152,M,2,1,6.583906860745127,71.30802213546123,73.47848346369119,5,0
C011153,F,2,3,4.919861566477427,56.954416319066375,94.42120439814616,2,0
C011154,M,3,1,1.085263474610441,56.55384481334369,68.6206171549565,4,0
C011155,M,3,1,0.0,71.55768329642154,44.69363877068319,7,0
C011156,F,2,3,1.8528651255336088,38.06141067902769,57.2649752479188,6,0
C011157,F,1,1,2.04788641264761,48.10946398391752,59.19849126005154,6,1
C011158,M,1,1,1.9135208576686464,62.24212430195768,46.27909819031128,5,0
C011159,M,1,1,2.6083564223205444,63.025063517781255,60.17818608655797,6,1
C011160,M,1,1,0.0,79.85512670196135,31.984409953276018,5,1
C011161,F,3,2,1.378189908633301,43.78589312230206,23.755774415069958,3,0
C011162,M,2,1,5.2018693686465065,58.307220070832145,58.335220352793144,2,0
C011163,F,1,2,6.292689594046118,64.8900736125265,55.46177109173841,6,0
C011164,F,3,2,2.3969121078156954,60.160764436737836,91.64570214025642,5,1
C011165,M,1,3,5.519556876511189,53.80302333144879,50.98609504701377,4,0
C011166,M,2,1,0.0,55.46357122067464,65.10557986183817,2,0
C011167,F,2,1,4.5942602155301575,68.7903990259338,52.1118949385103,2,1
C011168,F,1,3,6.6063312097520495,60.91595420372259,26.67308627065286,3,0
C011169,F,1,1,5.134456230655057,59.33771792166418,58.820238882334536,5,0
C011170,M,2,2,3.941665622230417,47.32734601218816,63.79448582465494,2,0
C011171,F,2,1,0.0,99.30542186203004,49.945753835697225,4,0
C011172,F,3,2,8.158977131340773,67.19127909221643,56.24051381689405,2,0
C011173,F,3,3,8.270103051882705,88.65531536525091,76.85665369612754,5,1
C011174,M,2,2,5.5419792199750155,60.78813604636618,54.97816975190018,5,0
C011175,M,3,2,6.930129925056441,66.82784331112076,82.8439792752527,3,1
C011176,M,1,3,4.004562547264914,72.62630164798732,63.8183917059179,1,0
C011177,F,3,2,5.674932575330033,63.18209247298783,78.98076088196271,6,1
C011178,F,1,3,5.846256405384993,66.81648979386779,88.47105870273178,5,0
C011179,M,3,3,3.860467962947766,68.55448480306418,43.73628200404151,4,0
C011180,M,2,2,2.181040824731503,61.76026654867597,79.33431958764129,5,1
C011181,M,1,2,5.925105621560318,63.50094148880384,83.78305988981937,2,0
C011182,M,2,2,8.133136254928626,80.51656759769432,79.311849927157,7,1
C011183,F,1,3,6.732269286440648,50.45199997678442,55.19853639976631,4,1
C011184,M,2,2,4.749883926859254,91.17042126541773,10.439569796074181,3,0
C011185,M,1,2,4.580399879226109,73.77166713457946,100.0,3,1
C011186,F,2,1,4.706859189851638,60.705514105043996,31.730823645511478,4,0
C011187,M,3,3,0.0,78.66717781766899,95.92718204118034,5,1
C011188,M,2,3,3.7658835577862217,77.68503554402723,39.02167836824954,5,0
C011189,M,3,1,3.524965499983848,70.02018473797021,37.39858320189802,1,1
C011190,M,2,2,1.343875495428959,63.54035590518118,61.44043322079484,3,1
C011191,M,2,1,6.319461399824769,40.72550686009211,58.80673978688505,2,1
C011192,F,2,1,4.6200993367350165,54.730013028714964,99.31715132598481,2,0
C011193,M,2,2,0.0,66.26355853647912,48.24436482651153,4,0
C011194,F,2,2,4.516672609372568,72.5261321538065,76.52590557562749,2,1
C011195,M,1,2,6.808140723943374,66.32965219432154,69.20499872511273,4,1
C011196,M,2,1,2.6892639263407103,71.48801162817726,44.075569403424666,7,1
C011197,M,1,3,1.7455132616094176,61.58807579865613,70.10882256323154,2,0
C011198,M,3,1,1.1639693150353572,74.89958562297895,58.66911253097234,3,0
C011199,M,1,1,4.2195729222665115,97.7882191242729,81.33747046831603,4,0
C011200,F,2,3,2.4025621876645227,67.79816691399375,56.21296266263489,2,0
C011201,M,2,2,0.7648127224833301,63.4258190740538,86.84047057061285,4,1
C011202,F,3,3,7.5642315682904755,65.21213337575551,66.83662527607372,4,1
C011203,M,2,3,4.448475229576218,77.51643788526151,38.378449671232865,3,0
C011204,M,3,3,2.84689373940484,64.75223642538306,28.097629255594345,7,0
C011205,M,2,1,7.682248778905654,77.27868014375949,93.07511671377843,1,0
C011206,M,2,1,4.603473488119134,79.12051735031343,59.11250458334778,5,1
C011207,F,1,2,3.7034641497614444,92.15648451465377,58.98660593938091,5,1
C011208,F,3,2,4.479601747482712,72.27742731905512,64.65674727853745,6,1
C011209,M,3,2,2.8370136543575013,66.98637830404607,59.41972591560256,5,0
C011210,M,2,1,3.6928711921374457,70.64711340704784,62.220442865909106,5,1
C011211,F,2,1,5.284983182537941,65.3960086766307,30.73594507469199,5,0
C011212,M,2,2,7.698901961036891,68.21266668549602,76.96966507213429,3,1
C011213,M,2,2,2.791910142668037,86.08194629569024,63.22619731778692,4,1
C011214,M,2,3,5.381412816821042,58.40904174087905,72.72889654198741,2,1
C011215,M,3,2,0.755212003224226,45.82307924852617,50.164057951083514,5,0
C011216,F,3,2,5.1129075486421085,67.47440750578242,59.97734937323166,6,1
C011217,M,3,1,7.968136994246252,68.3204413404768,34.31041350854869,3,1
C011218,M,3,1,4.051825502012295,80.31383888735856,80.16823219316794,4,0
C011219,F,1,3,2.729678221325192,63.1498557618685,57.97113455656118,2,0
C011220,M,1,2,2.830562842498809,58.66307478694874,16.87614621143176,1,1
C011221,F,2,3,5.064716625542531,56.22611331412773,53.65914439652463,2,0
C011222,M,1,1,4.1323598889107895,56.00189820016452,67.02199957217228,4,1
C011223,M,3,1,3.109938522684282,52.81556923837769,86.68492958274899,3,1
C011224,M,1,1,5.437587492075506,47.362606771220015,33.79991701665226,6,0
C011225,M,1,2,2.0688259080132028,32.495158415811915,83.65195113272125,4,1
C011226,M,1,3,5.903111475878061,77.62909129144563,72.92292830310886,3,1
C011227,F,2,3,3.3069808758784576,68.2452508102534,52.00367862285174,1,0
C011228,F,3,3,5.449577282136635,96.77694363272472,76.22677275056861,5,0
C011229,F,2,2,5.847449919381253,43.137958155187064,65.75776187027526,6,0
C011230,M,1,2,0.0,94.5550301525569,50.10189393302106,8,0
C011231,F,3,1,3.8441637643624893,62.87968116982515,80.01693177596,3,1
C011232,M,3,1,0.6361860081834521,41.33389803779086,85.23083548497134,3,0
C011233,F,1,2,0.1918775308594327,34.99681677811359,34.745777737766986,1,0
C011234,F,2,2,3.483943622872059,57.11073304545463,66.61430303302394,3,0
C011235,M,1,1,4.67567884875881,78.68353690298605,57.21442060627552,5,1
C011236,M,3,1,0.6013402109818333,69.11705148019243,68.53512451199336,2,0
C011237,F,3,3,4.5969209148333015,59.57499996934809,54.13149804363957,2,0
C011238,F,3,2,2.07642518825366,82.09010237251897,87.30168235608853,2,1
C011239,M,2,1,4.149386944981922,66.87406162637424,26.23783377820874,1,0
C011240,F,3,2,9.564831432071905,41.37192753485798,63.27020399831101,3,0
C011241,M,2,2,3.3018256171966236,84.4036257510852,50.49375103914089,2,0
C011242,M,2,1,1.4955577281841919,49.43685984632177,55.79000855834958,3,0
C011243,F,1,2,3.9605939729944057,49.07223512433411,25.230631308084796,4,0
C011244,F,2,1,3.5817232224886557,61.76481968067178,82.94783826289057,3,0
C011245,M,3,2,3.239750238961266,70.05913099460724,34.756044166781265,2,0
C011246,M,3,2,4.075396103670504,55.375300437466194,68.18118727597844,6,0
C011247,M,3,2,3.5933639912412643,38.613117513343866,49.99010439953763,4,0
C011248,M,2,3,1.2771524006592827,55.92768366762303,55.0008826978746,7,0
C011249,M,3,2,5.813644324108236,79.88329433775567,70.55510479050915,4,0
C011250,M,2,3,6.889726315839839,64.96569516243201,82.24937112510166,5,1
C011251,F,2,3,3.1813236938141394,81.77574025092177,36.09875302651841,5,1
C011252,M,1,3,4.7714811083708115,72.79548232071278,52.569509375587884,2,0
C011253,M,2,3,0.0,56.76055282493501,65.01243292496507,2,0
C011254,M,1,1,3.959647696601945,54.23314849018338,59.195968861302454,2,1
C011255,M,2,2,8.231570885586603,67.87546515006481,75.29948147140625,4,1
C011256,M,2,1,5.759992624195969,67.95393307785652,87.11619481348437,5,1
C011257,M,3,3,4.3388834408782895,66.73987658771387,47.979672153053414,5,0
C011258,M,3,1,3.902643719385508,68.08297230269243,44.93027900065589,4,0
C011259,M,2,2,3.3422904928844237,62.93450110009256,69.93406156073632,3,0
C011260,M,3,1,4.923479828574022,63.22456599300152,38.59495268250066,3,0
C011261,F,3,1,6.262567948852815,52.7652937362686,68.55006374767521,3,1
C011262,M,2,3,2.896402124929887,49.12452205299931,59.04845193253356,4,0
C011263,M,2,2,5.652470969800991,76.18421046022041,57.028338431857826,3,0
C011264,M,1,1,2.221197735890522,50.13465379587307,72.74211011660286,5,1
C011265,M,1,2,3.0382912596432483,36.85685378358366,51.23166605601263,4,0
C011266,M,2,1,1.5546439736703,59.79417289950945,100.0,5,1
C011267,F,2,2,4.35260999766099,69.13040015707008,54.66221582972969,2,1
C011268,M,2,1,4.183649112941442,62.469697931707486,46.602074764462316,3,1
C011269,M,3,2,4.872362187890349,47.06944711618846,100.0,4,1
C011270,M,1,1,4.678829465469255,81.54823116084509,59.52783443806823,3,0
C011271,M,3,3,5.590942878739485,68.47924755699316,40.81985293779506,3,1
C011272,F,2,3,8.586753449277646,82.35086232843051,57.02917043352782,3,1
C011273,M,3,3,5.612496162991713,64.32540871413487,92.85978180047508,5,1
C011274,M,2,1,0.0,72.36306541469294,64.56395064754295,3,1
C011275,M,1,2,3.454551523097008,47.93614769300342,43.44463358061205,5,0
C011276,M,3,1,3.922471719515271,18.946360496969568,77.16851186420965,5,1
C011277,M,2,3,0.5138306264542267,65.52577905966672,71.3771537603639,2,0
C011278,M,3,1,5.82613103163114,44.938177666174866,70.88540238071347,3,1
C011279,M,1,2,7.934886850890204,78.02509746116321,30.51337049094574,6,1
C011280,M,2,2,2.093469292215989,78.89135978250545,41.00833330159314,9,0
C011281,M,2,1,6.778948195148673,69.6678837111355,32.141864738544754,4,1
C011282,M,2,3,6.361221152526351,52.40229623988185,53.8382831314225,5,0
C011283,M,3,3,4.603326023452818,64.84825443664232,86.29831163117717,2,0
C011284,F,2,3,5.827398192397086,73.30405977861298,26.473454948117237,1,0
C011285,M,1,2,2.318092282348993,71.08634566984966,38.490834083568345,4,0
C011286,F,1,3,6.531925836995885,51.24695165599408,29.072390302091815,2,0
C011287,F,3,3,6.785263977159819,36.683906218100574,74.06994102236075,2,0
C011288,M,1,3,5.049601956233112,70.65672404266749,93.64145553260065,7,1
C011289,M,1,1,4.672043185376408,64.7062165537526,64.56046502606175,3,1
C011290,F,3,2,2.2546696883412425,73.57839980704395,68.49864978986724,4,0
C011291,M,2,2,6.081966594934578,64.70227092160032,59.281205151703354,4,1
C011292,M,3,1,4.031458924683912,62.59722506439398,56.67278926324888,5,1
C011293,M,2,1,3.699786268553386,62.31868468632052,72.51646270476954,3,0
C011294,M,1,2,6.0771640684737225,60.25051766112648,43.51323897160446,3,0
C011295,F,1,3,3.3648578602486614,100.0,71.46503490864296,3,1
C011296,F,3,1,2.4479467026038844,61.48795318964713,54.280094185359566,3,0
C011297,F,2,1,6.393065400781545,60.11840032247271,59.20477366751232,4,0
C011298,F,3,3,0.6795166270467354,75.85843657617121,49.84209661171627,3,0
C011299,F,3,2,5.601360485097816,71.75381361056944,21.880324926270674,5,0
C011300,M,2,1,1.2915701919805134,66.30399991608657,73.30013173309086,4,0
C011301,F,2,3,0.01707889883769642,52.12845264791024,57.77086538432955,4,0
C011302,F,1,3,5.4455860213730025,45.33068961876831,58.69881943089973,4,1
C011303,F,2,1,4.7137458449833085,64.17718681201697,94.03340555660071,2,0
C011304,F,1,3,2.609407861726167,62.09422520208385,62.41103392253417,3,0
C011305,M,3,1,1.4574251023754425,57.48537345609883,46.43076854974373,2,0
C011306,M,2,2,4.744491222636352,76.96919805192739,32.01478801359264,3,1
C011307,F,2,3,2.9701778155244005,78.8658736497188,54.042877176320886,6,0
C011308,M,3,1,5.740199393535109,82.27818504349358,67.2394104256622,3,1
C011309,M,2,3,2.7329114393403247,49.61655072083106,33.74687273436889,2,0
C011310,M,1,3,3.0645691196205007,80.57719141056535,79.27806929799316,3,0
C011311,M,2,1,6.439569773311518,36.581153425083,52.58885828404626,2,1
C011312,M,1,1,1.7391030945305808,64.16910275673288,56.71524592941128,1,1
C011313,M,2,3,0.797667589885438,77.94298161113329,59.38383908159462,4,0
C011314,M,3,2,1.9434070448826994,49.562477498964775,34.040290984864896,2,0
C011315,M,2,1,4.532105960232714,44.92311957000154,50.22813558056359,5,1
C011316,M,2,1,8.204877844387141,64.19743837594427,67.03525638190726,3,1
C011317,M,2,1,4.334892430100601,89.77638238324516,58.179272551271524,6,1
C011318,F,3,3,2.0820230726670874,90.55347222012504,50.68239822084813,3,0
C011319,M,2,3,2.176316458741428,82.61514375705923,53.63527665508309,1,0
C011320,M,2,2,4.902952317331764,50.03535207358676,69.57784488995443,8,1
C011321,M,1,1,0.18695296495789915,65.0617832739313,84.94100462680505,7,0
C011322,M,1,3,0.0,98.56968605877302,56.42835968050649,5,0
C011323,F,2,1,4.431822095910298,78.54733286782114,43.69831591616147,4,0
C011324,M,2,1,5.946368193428739,41.79255749803358,100.0,7,1
C011325,M,2,3,6.00173792457118,77.08193433675578,77.99605742711677,4,1
C011326,F,2,3,4.761762544676706,53.983750458313565,57.51618513680877,5,0
C011327,M,1,2,6.633323654217364,60.696691737360716,48.86320559389056,3,1
C011328,F,1,3,3.5845552586081504,76.21194383942768,90.64054810652837,6,1
C011329,F,2,1,3.1669542522139578,59.578572882775674,44.40477776247436,2,0
C011330,M,1,2,3.8867145413014725,57.23358650193525,59.97257748852337,3,0
C011331,F,3,1,4.649760868771281,81.2068387289443,72.21467713773768,2,0
C011332,M,2,1,12.559852948903456,76.32953049326846,63.35783905695154,2,1
C011333,M,2,3,3.5669175167307863,70.03181308990644,42.66344540208922,2,0
C011334,M,1,1,4.394146316083946,96.63682114219154,52.605854824141346,4,1
C011335,M,2,3,7.822225018212313,68.24269153392643,59.59676642382908,2,1
C011336,M,3,1,5.219594184584009,69.88292089174789,38.77279486627728,2,1
C011337,M,1,2,0.3047378362043083,60.3390641786653,56.63594173196962,5,0
C011338,M,3,2,7.7819076187282015,50.54142661956921,86.24459984713062,4,1
C011339,M,3,1,4.713075016830454,43.77508023574966,92.34702419861625,5,1
C011340,M,2,1,0.0,77.97863129508252,55.82055780712248,5,0
C011341,M,1,2,3.1046906128317695,58.36354847731959,58.686770949805876,4,0
C011342,M,2,3,2.415133655055117,100.0,56.13805677096556,5,1
C011343,M,2,1,2.9559658325491416,51.77798444140318,21.918145640394094,5,0
C011344,F,2,1,3.922536845882873,53.68848561463578,67.9409719143836,4,0
C011345,M,3,1,5.5897185856543175,70.04179934812305,64.42648367372945,4,1
C011346,F,3,1,6.787824050567313,49.65832448149982,78.31330704740759,6,1
C011347,M,3,2,6.8680226442198045,42.6486120783716,78.80150961136947,5,1
C011348,M,1,2,7.526138514070142,75.23042211518897,70.80933560649174,3,1
C011349,F,2,3,3.5597900491401866,32.22653104450173,71.03298836082267,5,0
C011350,M,2,1,0.0,68.0574172921377,41.051839854464596,3,1
C011351,M,1,1,0.0,68.37379404874281,62.89664236814412,1,0
C011352,M,1,1,5.702994615799048,79.02453120082713,34.379185371779414,7,0
C011353,M,1,2,3.867927869743365,72.26948891415853,52.812816697520894,4,1
C011354,M,3,1,7.294095146703233,100.0,89.0378044514201,3,1
C011355,M,1,1,5.020042992002503,59.411511762727876,69.16618388559762,4,0
C011356,M,2,1,0.14054269978068135,45.13161667848775,64.95418360220816,3,0
C011357,F,3,3,2.6703316311719827,100.0,59.080529863397494,3,1
C011358,M,2,2,4.941709667296321,66.56438582859292,59.331263646486285,3,0
C011359,M,2,3,1.5503766000980903,51.91979795110291,62.66623901563696,1,0
C011360,F,2,1,7.311320715925845,41.30101004126951,61.24105050928554,2,1
C011361,M,3,1,3.030829539540608,60.30717697638007,71.61573681822142,5,1
C011362,F,2,1,3.291906703512188,53.31854085755244,96.33519421035882,4,1
C011363,M,3,2,0.470472346353934,53.45242109745066,85.76812944009454,1,0
C011364,F,2,3,8.483164363027099,33.89819854611133,51.91512723097206,7,1
C011365,F,1,2,3.569945207223623,59.46718086069558,48.74138830519598,3,1
C011366,M,3,1,4.639262712961296,71.44842459923025,50.37137963260175,3,1
C011367,F,3,3,2.2997938094486856,49.94526774634917,48.444986471046604,3,0
C011368,F,2,1,3.1316996065976133,58.483556878365846,28.528098453561924,4,0
C011369,F,3,1,4.676608591339151,57.730589953232254,61.92376062125279,4,0
C011370,M,1,1,4.954107776780236,66.36537256100483,52.54185310308579,2,0
C011371,M,2,3,5.2675290555014325,90.11824670695651,59.44103078718453,8,0
C011372,M,2,3,6.224401938967064,68.16173108422828,50.905977633554045,2,0
C011373,F,2,3,5.525074960860785,47.64920276948072,60.99512434530999,5,0
C011374,M,2,1,5.199970726108991,63.14144982916733,48.06084316503212,3,0
C011375,M,2,1,2.5526613916095307,70.36431834385213,48.440182818126445,5,1
C011376,F,3,1,3.5035296258598705,46.64523995025223,95.87720977976846,3,1
C011377,M,2,1,1.2994344547535017,51.26318146742055,37.8868048517158,7,0
C011378,M,2,1,2.9004216140229175,50.99548630360059,100.0,3,0
C011379,M,2,2,4.939201561617715,62.18706649628042,35.5176949642454,4,1
C011380,F,2,3,4.882429076548144,59.36220906053458,44.99673157835901,3,0
C011381,M,3,2,5.457842753932557,39.72877015333589,37.23409047463209,2,0
C011382,M,2,2,7.236739128678159,56.27892184708108,52.936015141190566,3,0
C011383,M,1,1,1.110695762081149,64.466545660798,0.0,4,0
C011384,M,3,1,0.0,81.09111242492503,77.65628770502528,3,0
C011385,M,1,1,3.421451025914868,45.11931628883332,45.114532531821325,2,0
C011386,M,2,3,7.244264915335428,51.20847824971319,65.66551522059979,1,1
C011387,F,2,2,7.172263364816336,47.94227672147146,91.04867581592461,2,1
C011388,M,2,3,4.436886238774476,40.399869741649766,50.58027598441052,4,0
C011389,M,3,1,3.372576130030315,25.293892790957038,66.98029426404405,3,0
C011390,M,2,1,4.575425763799492,71.64624075488477,43.47521903852578,3,1
C011391,M,1,2,6.464783532889464,66.74747479119094,74.90718737913818,6,1
C011392,F,3,1,2.285627266880274,71.1543639123393,66.21035582829325,4,1
C011393,M,1,3,2.743873374826329,68.92386706275656,37.36402525933214,3,0
C011394,F,3,2,4.210263192443676,58.31708816149505,84.40879714271492,5,0
C011395,F,2,3,6.462658099937434,55.281425869565105,58.0223071179783,3,1
C011396,F,3,1,5.8376940696030974,80.8339245764726,56.92711771586213,6,1
C011397,F,2,1,0.0,74.56970893364257,72.36883438537279,4,0
C011398,M,2,1,5.842899353032204,63.01517031907801,78.50716621476948,4,1
C011399,F,2,1,3.968342559672813,49.944900257362804,41.36854930573721,4,0
C011400,F,2,3,5.400398098608377,66.33926499950347,76.7083345513076,5,0
C011401,M,3,3,3.5256683058589653,67.85095743105066,60.695789121175046,3,0
C011402,M,1,1,5.098542328336428,55.547080509690076,55.566689479006165,3,0
C011403,M,3,2,4.102426278225011,68.54924819046231,48.33063314491413,2,0
C011404,M,2,2,2.8026514937371707,73.62846440829229,64.02663393186158,8,1
C011405,M,2,1,2.3311096125432993,71.49312526323929,34.5463846465952,6,0
C011406,F,3,1,3.578771995679191,79.303717846855,44.97814416295321,2,0
C011407,M,2,1,1.1520668581087334,77.76820096680643,29.71018425125629,3,0
C011408,M,2,1,3.0260672108502296,80.48155400343816,75.04073925524041,5,0
C011409,M,3,2,3.292483513598328,56.92615775028003,62.98741981292355,1,0
C011410,M,3,1,6.280269531702403,76.69978099625325,64.24173960149984,4,0
C011411,M,2,3,5.459369995731796,72.2061775373621,51.6528209907708,2,1
C011412,F,3,1,8.428202518340015,77.16621794318004,56.474126771788434,5,1
C011413,M,2,2,0.30902560513993516,66.78899748212729,56.54258965439374,2,0
C011414,F,1,2,3.435398225491867,72.27173469341794,66.08763570139976,4,0
C011415,F,2,1,6.712266180647413,49.69507132626964,32.39012003159186,5,0
C011416,F,1,1,4.60382390771123,72.02479236594932,61.6950745899128,2,0
C011417,M,2,3,3.5203272220289374,83.242684308402,68.1756946297701,6,0
C011418,F,3,2,1.9485918751250648,89.75145528163839,68.87036978946664,6,1
C011419,F,3,1,5.527425113935607,63.138570385410105,96.06118161720455,5,1
C011420,F,3,3,4.410244196152599,91.79497200841274,64.78470526355531,4,1
C011421,M,1,1,3.2562986747857114,62.53876846335932,75.67794650839384,3,0
C011422,F,2,2,6.218681970934309,75.42545459076845,77.14148502811895,5,0
C011423,M,2,2,8.92448756888675,65.94600659346982,46.646410318878,5,1
C011424,M,3,2,2.04541335335644,84.04634829062417,74.24327065167276,5,0
C011425,F,3,3,5.283079255276973,68.0591610472511,25.439020518289382,4,1
C011426,F,2,3,4.304802312846568,55.996429547885164,45.37015621548717,5,0
C011427,M,1,1,5.428922459946671,80.5910882554032,72.48192685590647,5,0
C011428,M,2,1,6.905160907635565,57.56582706908851,39.8423179202808,3,1
C011429,F,3,3,7.128756179921995,69.70113501533763,79.58965237665069,4,1
C011430,M,3,2,2.9034539965646537,39.61289428956325,78.82120731834473,2,0
C011431,M,1,1,0.351234021396194,77.41055730418955,67.90752891083504,4,1
C011432,F,2,3,3.794043171320358,36.85527915021177,65.3955749272689,2,0
C011433,F,2,3,3.8073426493104257,57.500676227392475,55.94863278764323,5,1
C011434,M,2,1,0.0,44.513689474123474,63.50315771702945,2,0
C011435,M,1,1,6.2288693070717365,48.1999594940434,78.60151350391264,6,1
C011436,M,1,1,2.844887096159808,64.46812691912858,80.97825776501953,2,0
C011437,M,2,1,3.8863862898966826,54.92726642674687,62.01767508746333,5,0
C011438,F,3,2,2.744233138038674,76.06533845383562,36.127114270913765,3,0
C011439,F,3,2,3.5434700853821446,61.30562160449204,55.00783456102815,4,0
C011440,M,2,1,6.807780929679265,67.51879182415003,64.83731711091623,2,1
C011441,M,1,1,4.185510408160196,52.74763608631,74.57802207657544,1,1
C011442,M,3,2,8.667334346727237,76.2209237161564,67.90599020170774,4,1
C011443,M,1,1,5.383980328490326,67.73856583979932,83.44365410119235,5,1
C011444,M,1,3,5.543079230099455,72.89274133780775,47.932953960829394,2,1
C011445,M,2,1,3.5507300908619897,76.40159995322014,48.007664675840324,4,1
C011446,F,2,1,3.8679550997240835,77.96767783699211,78.12410035651942,3,1
C011447,M,2,3,6.271403591438443,71.2310969640078,43.72094453773528,2,0
C011448,F,2,2,6.611840231978537,67.61016460516234,41.52419643821429,3,1
C011449,M,2,2,4.586129517995663,81.56631116859748,61.207905926213726,3,1
C011450,F,3,3,5.224974081912519,67.44556062200775,73.73843640066191,7,0
C011451,F,3,2,3.6919690500896003,58.798364764158535,64.13995001056193,3,1
C011452,M,1,2,4.4839855635900605,78.7539127619692,12.929181983662417,6,0
C011453,M,3,1,4.191888802682319,80.69210539094608,57.56018903318271,3,0
C011454,F,2,3,4.086891858631322,64.23026172127409,46.725148309865794,5,0
C011455,M,2,1,6.204007654289539,74.3015023776789,81.57879041789366,4,1
C011456,M,2,1,3.8898445353629105,71.83319789030854,32.365919713855234,3,0
C011457,M,2,1,2.6160361560327354,66.34707956403172,70.36017055478393,4,0
C011458,F,2,3,3.407335842144706,42.95903059287103,60.34001749526202,2,0
C011459,M,3,3,3.3701748310672395,48.475555351628856,64.80945204802015,2,0
C011460,M,2,3,4.9701278132716755,59.454932164535904,74.40208707957817,7,1
C011461,M,3,1,2.7721567507534464,65.6193915835077,56.33609919959489,4,0
C011462,F,1,2,6.475904110569664,47.35097789001016,61.77755811936547,3,0
C011463,M,2,2,3.4074710326880218,33.59998258698348,91.3389084935569,2,0
C011464,F,2,2,7.4521481656431,63.46272086460594,78.07331754496185,3,1
C011465,F,1,1,4.057243293259208,65.12929381110848,76.77946937526113,3,1
C011466,M,2,3,5.162307751927166,77.97544296834158,76.19750292032496,4,1
C011467,M,3,2,6.1861607920965564,93.99358547796541,94.24583020046781,5,1
C011468,F,1,3,6.69191267320817,44.626686854800184,70.48957140826076,1,1
C011469,F,2,1,5.379594600172595,70.12463376845567,62.28568581976696,8,0
C011470,M,1,2,9.767664122367012,100.0,71.47736564172533,4,1
C011471,M,1,2,4.007590268692878,45.235573584560214,50.03649202336366,7,0
C011472,M,3,2,0.6800428953038238,50.35027999488656,75.2910204818412,5,0
C011473,M,3,1,3.923651688022571,79.57730469848974,78.53593908854053,9,1
C011474,M,1,1,5.7484660470410605,67.83325901315504,54.114457352993135,4,0
C011475,M,1,2,5.000734434682674,69.13314424943637,57.732768223947815,2,1
C011476,M,1,1,1.7599483421462776,74.30329511970231,66.38099149188216,5,0
C011477,F,2,2,3.256406956422854,76.09826638639996,48.667280520453346,3,0
C011478,F,2,1,2.218708083730982,71.3529555327724,41.44825851890136,6,0
C011479,F,1,3,2.5390300003389026,73.18457905584971,55.74423368011309,4,0
C011480,F,3,2,3.7943606160180443,47.02708027015889,61.38481017777816,5,0
C011481,F,3,3,5.026664200567485,79.7313476980576,72.04440275516389,6,0
C011482,M,3,3,2.3964874954173334,88.458731082568,70.06910973775369,4,0
C011483,F,3,3,2.604314582669007,81.63935189465614,59.26153119765883,5,0
C011484,M,2,3,5.563647386027158,72.48805789533846,70.41717150367238,7,1
C011485,M,2,1,2.1159053527867973,93.3066612769348,50.633749199229165,6,1
C011486,F,2,2,2.0168048476783174,67.80147762707443,32.93557780528924,2,1
C011487,F,3,1,8.836397903027855,79.89506670397084,56.42464994030303,3,1
C011488,M,2,3,2.8410834708984476,90.39811353722563,64.52186952794004,4,1
C011489,F,2,2,0.0,59.542940873576306,49.61440383509225,4,0
C011490,M,3,2,1.2723184302008126,84.66059114976211,33.69564700945359,4,0
C011491,M,2,3,0.0,48.02423321074191,44.46411634461567,2,0
C011492,M,1,1,7.628924480130095,52.03758085172447,38.35326358745827,3,1
C011493,M,3,3,3.8409611134369777,50.24981483450051,35.46462247496647,3,0
C011494,F,1,2,1.7097935091801428,32.76023758019176,61.0729838416065,3,0
C011495,M,1,1,5.234480699689699,54.253018424064145,81.45187966838868,4,0
C011496,M,1,2,7.767012827441297,66.22896151367544,60.79081427397014,3,0
C011497,F,3,1,3.623658009180447,60.41020544321682,81.23950233285909,4,0
C011498,M,2,1,7.592605610736653,45.86541385080935,13.124291603846224,4,0
C011499,M,2,3,3.260329451705414,28.013769040173543,63.60463159968984,3,0
C011500,M,2,1,1.4114651648451986,53.743232915467345,70.19194151562398,4,1
C011501,M,2,2,7.981872029855952,52.266654834621725,46.31012275566614,5,0
C011502,M,1,1,2.413261761134466,93.42011095201775,44.112229850789305,4,1
C011503,M,2,1,2.7560449997533434,64.71264021592604,53.66934162047734,5,1
C011504,F,2,3,6.285972672797271,91.30384740490737,76.12658643960799,7,0
C011505,M,3,2,4.078083195614672,54.24425164690422,38.86208027143855,5,1
C011506,M,2,1,3.7572554941010003,80.77633632330114,45.26534631283856,2,0
C011507,M,2,2,3.4400678086334433,68.66191842410812,36.46706059487025,3,0
C011508,F,3,3,2.5345393094522186,52.84352719523911,70.90604317785156,8,1
C011509,M,3,1,4.397985187081383,68.85414922918183,47.40265334213855,2,0
C011510,M,3,1,5.072298033165643,61.908217541953576,58.25630670952653,3,0
C011511,F,1,3,3.508838594793924,60.42520337866397,68.60401548689076,3,0
C011512,M,2,1,5.246480876625786,40.0887730893244,51.07127823449562,4,0
C011513,M,1,1,4.906925667442181,94.54935592572666,33.62330449345794,6,0
C011514,M,1,1,4.852173968790259,73.1450246609657,69.11286395442397,5,0
C011515,M,1,2,3.3749571985392715,48.29876329728353,70.43697994181797,6,0
C011516,F,1,3,3.182806362315367,70.8534161421814,88.88903732314888,3,0
C011517,M,1,1,4.815190456577366,59.7839019129604,65.59591630228184,6,1
C011518,M,2,3,1.3608680682796765,86.01755056648473,61.34055592977604,1,0
C011519,M,2,3,10.379206503153462,60.62890788981725,65.01133614622728,4,1
C011520,M,2,1,0.0,64.3118594336331,56.7406651991886,2,0
C011521,M,2,2,2.766072354943481,55.619303580297654,59.42530972012002,6,0
C011522,F,3,3,5.131108082549295,72.2220378002743,49.23494725114128,8,1
C011523,M,2,3,5.605841300476489,64.7536310702369,64.79143634801909,6,1
C011524,F,3,3,2.141736231301428,83.74579330804107,65.12552246287913,6,1
C011525,F,2,1,2.569429135141187,69.62324410985605,57.04547675689932,4,1
C011526,M,3,1,4.109782187005817,100.0,43.05718249932326,2,1
C011527,F,1,1,1.0121448594545286,62.90034805055212,33.30686816384414,4,0
C011528,F,3,2,1.3549939617782867,53.10999914257059,50.40409810261549,4,1
C011529,M,2,2,5.928600455623577,54.12513340988005,48.52466408024755,4,1
C011530,M,2,3,5.797636947805318,54.1954821112532,52.88388917222538,4,1
C011531,M,3,1,4.025703216021286,52.80092287234117,51.713963800845995,7,0
C011532,M,2,1,5.693586952067741,87.79677148005838,90.88250125647158,6,0
C011533,F,2,2,4.205144642794864,61.15899841635149,52.98258551572631,4,0
C011534,M,3,1,2.2971408829234523,69.5505142269606,35.995794543512666,5,0
C011535,M,3,2,1.4513838565285666,45.89946576664548,60.31941599720331,4,0
C011536,M,1,3,5.374002381074515,65.07476852230039,53.138443084602514,3,0
C011537,M,1,2,2.515995437886258,29.949903264875132,93.45789378952509,4,0
C011538,F,2,3,5.779746725027532,70.4025635627112,65.35490162282719,2,0
C011539,F,2,3,3.3278580933134903,57.12506032587262,76.14083533285972,5,0
C011540,F,3,1,6.8583494904247075,89.12223188922258,60.53930756521544,4,1
C011541,M,1,3,1.8956127761101498,77.51002593817886,63.456710765487124,2,0
C011542,M,3,2,1.4941056749373267,77.17595712649684,50.39291229499932,4,0
C011543,F,2,1,4.453386302185865,51.97866052195007,59.09918038790387,7,1
C011544,M,3,1,3.234093326490178,70.54897040418271,43.74625744530457,4,1
C011545,F,2,2,4.324807541776185,94.49077045831667,52.10284232738973,3,0
C011546,M,1,1,3.8392243324227557,53.71686661580109,65.67476361901963,4,1
C011547,M,2,3,2.866197676940611,52.524299118985795,66.93602264655753,3,0
C011548,M,2,1,3.4093103120499517,65.92198174338297,63.93744729967018,6,1
C011549,F,1,1,0.0,68.86178502498748,48.99919122134757,4,1
C011550,M,1,1,7.277910054759525,75.26379918223726,99.89767966306826,3,0
C011551,F,3,1,2.588549999578494,73.26137352626965,58.323956862529236,8,1
C011552,M,1,3,4.958207499097856,68.62607968803069,64.37141102918245,5,1
C011553,M,2,2,0.0,54.541377703030335,82.72898489922976,4,0
C011554,F,3,2,2.048220387399036,95.0012278062901,43.23728067129491,5,1
C011555,M,3,1,4.549736389979046,87.93090085689212,56.78040801082657,1,1
C011556,M,2,2,7.973952945413688,72.3482623673861,93.04182203508138,2,1
C011557,F,3,1,4.971249648157478,84.12630537592511,68.23398655036905,2,1
C011558,F,2,3,5.207911551182287,64.8130489829173,74.30769799166895,2,0
C011559,M,2,3,2.9028746440843087,47.28533173962947,53.290604782884365,4,0
C011560,F,2,2,3.9519571337300956,78.99534059390568,52.619776668283045,2,0
C011561,M,3,3,3.5439797131658843,46.59379572504868,40.614063832247524,7,0
C011562,M,2,3,4.654155687869604,96.65987231427955,96.01809088867503,4,1
C011563,M,1,3,6.7067565332041275,48.73955901472205,51.92007623134714,4,0
C011564,M,3,2,3.205500080079035,86.8744811586003,35.70889618155807,1,0
C011565,M,1,3,4.033837503254439,93.8650488443772,81.1782392333003,1,1
C011566,M,1,1,3.110271349158528,45.49104884588415,48.01099052745562,5,0
C011567,F,3,1,3.405530074104516,44.03276819357086,72.69659346276205,4,0
C011568,M,1,2,6.471249095863094,73.48270871958833,72.13495856673678,4,1
C011569,M,1,1,4.962261036860578,89.04583649191723,78.66716264919208,4,1
C011570,F,3,2,4.677732934297938,76.53378774261441,34.89185564559958,4,1
C011571,F,3,1,3.7000536966393667,53.55633311659095,66.76748401466305,4,1
C011572,M,3,1,2.078674205186503,89.23126953115393,40.451390781904216,6,0
C011573,F,2,1,5.510199513018443,99.67703898864126,61.06099372414096,6,1
C011574,F,3,2,5.824943033896234,51.82672250805849,75.44470477266219,6,0
C011575,M,3,2,5.918709249055788,71.84056348211891,29.162107842463115,6,1
C011576,M,2,2,3.947048591214417,75.55632185243684,52.08605057863922,5,0
C011577,M,1,2,2.2698369893525503,61.933239253046246,42.96912928496532,3,0
C011578,F,1,2,5.390982522098808,52.674817435697086,62.905880277906064,2,0
C011579,M,2,1,6.357942813846633,50.17357696832759,39.88736734212834,4,1
C011580,M,1,1,5.828489592827492,39.476886269145936,72.29064422876486,2,0
C011581,F,3,1,2.2657803867027395,79.08634828978785,55.53502409092321,4,1
C011582,M,2,3,4.8113763999418415,58.42476439518316,59.0302621687081,7,0
C011583,M,2,2,0.0,91.0365419236937,64.13802938082397,3,1
C011584,F,2,3,6.930750588549471,74.27466224869197,9.729360059186064,3,0
C011585,F,3,1,4.359705104433797,64.83871218133758,40.77333368064704,6,0
C011586,F,1,3,4.423046647934434,87.86836608246783,86.25722769488168,6,1
C011587,M,2,1,7.392137845002667,64.93634426766107,37.843247748001154,4,1
C011588,M,1,2,2.6950328199040534,57.5962460884525,41.01236465677625,5,0
C011589,M,2,2,4.25466898153928,77.03852846186176,53.516701924884025,5,1
C011590,M,2,3,2.1025387854239357,57.66866749217415,74.05291989647867,6,0
C011591,M,2,3,0.7061251524062828,68.40685916784827,35.04367992699352,5,0
C011592,F,2,1,4.61343235164847,71.18891601546771,55.24213436522512,5,0
C011593,F,1,3,4.512641055743474,66.62596078637036,81.98005503686203,5,0
C011594,M,3,3,0.0,71.41277859402615,65.71543787661432,3,0
C011595,M,1,2,5.604352311794271,71.43323920033637,42.16851457725096,4,1
C011596,M,2,2,3.9073217109732554,68.36802495017893,78.62419061926398,3,1
C011597,M,2,2,5.655025728593793,57.6612357693324,54.01087659046476,6,1
C011598,F,3,3,4.517225506178788,50.01437188951124,68.2514991649666,4,0
C011599,M,2,1,6.300605840974612,54.41486183995488,45.925091922085045,4,1
C011600,F,2,1,6.552798724345777,55.359338726149666,77.79594870414348,3,0
C011601,M,2,1,4.438386098181595,75.3485908818189,54.06811690742082,4,1
C011602,M,2,2,6.030293176481788,91.33500733096548,64.02398302142086,8,1
C011603,F,2,1,5.941222600239078,65.35469443558765,27.114595181884958,5,0
C011604,M,2,1,1.4001082360795727,83.89837329601534,86.95296579801014,4,0
C011605,M,1,2,2.0578800973723737,54.895076704346906,83.52802644667392,2,1
C011606,F,2,1,1.7775909254760736,63.24794670053832,38.730936430792525,3,0
C011607,M,1,1,5.460433334489672,62.863702669183425,87.61236233211463,5,1
C011608,M,2,2,2.4437139747188894,74.30162373086293,35.88419602527449,4,0
C011609,M,3,1,0.0,56.158258570732215,37.24241260214504,5,0
C011610,M,3,3,1.7805247535310884,76.53443668214723,56.2570849996186,5,1
C011611,M,1,3,3.158329880358119,70.64984867444653,63.33566643634122,3,0
C011612,M,3,1,5.0112328512689315,67.85415690112048,76.00039760568671,4,0
C011613,F,3,2,6.844107524281793,56.833844842871436,58.39712056054149,4,1
C011614,F,3,2,6.095236396964384,40.46653208992879,40.89918316110236,6,0
C011615,M,2,3,4.391880532526314,58.615982479566725,79.3069975554397,6,1
C011616,M,1,1,2.1807613982981424,76.58446729162705,56.87981757536966,3,1
C011617,M,3,2,0.0,38.824819100809904,71.5544180258223,7,0
C011618,M,2,1,2.928531919041669,41.665251153956774,77.19213210952947,3,0
C011619,M,2,3,3.369860151691733,60.93200524817261,49.98559149773729,7,0
C011620,F,2,2,4.220094599413968,52.58382010963707,55.53355126998206,2,1
C011621,M,1,2,5.968599119181608,100.0,71.75475775889504,3,1
C011622,M,1,2,5.476928810702211,68.78110128345463,77.39980289042447,4,0
C011623,F,3,2,4.205602217909693,59.10954670961033,49.07561210443497,4,0
C011624,F,1,3,3.1232941027229524,82.19850939440971,59.47013031911244,6,0
C011625,M,3,2,0.6495314098297662,64.15330343136984,35.09797424679829,2,0
C011626,M,1,1,2.238860212069982,63.835414358745595,52.767215083554326,4,0
C011627,F,1,3,1.8774307610936654,92.49326972073095,86.74992709604659,4,0
C011628,M,2,1,9.703780819549088,33.876588937670306,27.11962970958453,4,0
C011629,F,3,3,8.388678570682064,50.63193018597296,92.74455087315437,3,0
C011630,F,3,1,1.2305962802197432,73.07287121298414,93.2038251577991,3,1
C011631,M,2,3,4.864103809292444,50.7744070373799,38.53782513930089,6,0
C011632,M,3,1,1.0278504951840381,50.588720386416966,41.14056548419636,4,0
C011633,M,1,2,4.492014988840699,77.49372624082783,60.35752703143217,2,1
C011634,M,1,3,2.920682631583775,54.95562915017743,52.7354482861118,4,0
C011635,M,3,1,3.6878075019018985,70.62992516551961,79.12455995115359,3,0
C011636,F,1,2,6.313254815174493,61.29814955718887,74.05565217929905,5,1
C011637,F,2,1,4.819357592567248,70.348923904771,58.67793158329682,7,0
C011638,F,1,1,5.913842044666045,63.63044944915481,36.37340914264674,3,0
C011639,F,1,1,5.105678832214912,77.6494595984904,55.27415706923845,3,1
C011640,F,3,3,2.3887965587629,79.36395443944346,100.0,2,0
C011641,M,3,1,1.1155356320035135,54.61013884717072,64.31180650554639,4,0
C011642,M,3,3,3.341103124192613,40.86438852730391,86.14076868507853,3,0
C011643,M,1,1,3.337002700762108,63.00000291683603,67.02934202119687,4,0
C011644,M,2,1,2.8499916111222285,56.31147722041577,91.57465957975108,2,1
C011645,M,2,2,2.4500713335743303,54.332809290161805,59.137547142664125,5,1
C011646,M,1,3,4.1464541996922435,39.02872571772547,82.17380235670328,3,0
C011647,M,3,1,6.90676680832831,58.90133144592605,77.85657587038577,5,1
C011648,M,1,2,0.0,65.63663490388447,61.91306309885816,3,0
C011649,F,3,3,1.265786964731142,56.13885988757564,61.98686800788633,5,1
C011650,M,1,1,4.574995026799092,64.26146491299744,33.92132067361216,2,1
C011651,M,2,3,0.0,74.76481331011797,53.545086786872396,1,0
C011652,M,3,2,0.824626162745171,86.27602916634746,100.0,7,0
C011653,M,2,2,8.654305036262532,88.03670095696451,92.74069392199047,4,1
C011654,M,2,1,5.237161489333365,55.26441447919028,58.883483460968854,6,0
C011655,M,1,2,9.872677831652517,53.76103344386985,45.107725696420644,1,1
C011656,M,2,1,0.24243072671469346,44.26679114948831,82.72818620225397,1,0
C011657,F,1,1,8.586762572033503,77.23957298854417,65.7105418935641,4,1
C011658,M,2,2,1.1147171531426951,67.75616769821845,69.08213987827978,2,0
C011659,F,2,3,5.969648006037348,86.29347538015074,55.071111843821335,2,1
C011660,F,2,1,0.0,67.71616520243711,87.42113899977936,5,0
C011661,M,2,1,4.639127160291896,56.6432577277899,65.17761375668316,3,1
C011662,M,2,3,4.794075160720417,64.27016955151888,71.78235162574083,4,1
C011663,M,2,3,3.013505676369867,61.746319438767465,41.5299604627552,4,0
C011664,F,1,3,0.9366512328052043,54.21077424895422,46.43636319075973,4,0
C011665,F,2,1,3.38261457624422,66.28038659833435,39.80757272103044,2,0
C011666,F,2,1,4.527836957855618,51.88097998200501,68.46912621366988,5,0
C011667,F,2,2,1.467276001024434,85.84875132521613,61.871211145604626,4,0
C011668,M,2,2,3.5452611590065835,39.17803827083162,36.33170648123261,5,0
C011669,F,1,3,3.8602897293309795,83.04300424139846,65.97459464962442,3,1
C011670,M,1,1,4.9940597187899245,57.461519709294194,62.577692937014625,7,1
C011671,F,2,3,0.4966201173308047,21.428261432146932,26.577496616473958,1,0
C011672,M,2,1,2.691136271015943,38.0115129145226,47.1347363383758,7,0
C011673,F,1,2,4.387402184156707,64.01215877300177,64.55912848088397,2,0
C011674,M,2,1,3.125421955294523,58.67077268447193,41.51122126876065,4,0
C011675,M,2,3,1.5835362765342587,71.11875941362506,55.36587059286212,5,0
C011676,M,2,3,6.058784094193454,58.622610282138815,46.593575621030936,9,0
C011677,F,2,3,6.131288303669048,73.66631498138713,31.569008529220316,9,0
C011678,M,1,3,5.657311803345021,65.15816719718612,21.876693094937522,4,0
C011679,M,1,1,3.194610951074936,74.76644618786261,38.757523572447155,2,1
C011680,M,3,1,3.5470494291098658,78.0002470877972,95.75370086172813,3,1
C011681,M,1,2,6.74666436406938,72.60779028215528,37.66995924345582,4,0
C011682,F,1,1,5.763639422943518,60.534268709293535,56.84341713609416,3,1
C011683,F,2,3,6.780895061965106,86.33266395982697,58.764807565232076,4,0
C011684,F,2,1,4.184427886054647,63.98847428429514,94.88009203532698,6,0
C011685,F,2,2,5.340668402035094,54.09640797405009,22.669541896217268,11,0
C011686,M,3,2,5.461072667409832,58.61590452073264,46.97613788962496,6,1
C011687,M,2,1,7.17407102150792,70.78781775112377,65.11519993143288,4,1
C011688,M,3,1,0.0,79.95600185754905,57.616405076926526,5,0
C011689,F,3,2,4.270194622719353,74.9960661601935,52.126884696355,5,0
C011690,M,2,2,6.097263615746576,75.04120247741805,69.69646723764333,2,1
C011691,F,2,2,6.588867527986665,59.4607184448074,21.630048634426487,4,0
C011692,M,2,2,3.0040583534349734,81.29551391410558,54.331269589657666,4,1
C011693,M,1,1,4.857665767891416,65.10002821667936,49.288964953466206,3,0
C011694,M,2,3,5.618016783931508,56.83943629710431,75.45876968494508,6,1
C011695,F,3,1,6.75985031406144,36.34493815541684,21.322295433632988,2,0
C011696,F,1,3,4.782732001283189,74.07998313312089,55.47603621747404,1,0
C011697,M,2,3,4.5659912228353265,56.2135569428986,56.248681546221,3,0
C011698,F,3,2,3.404375865088222,48.69600168302234,51.533465039064616,4,0
C011699,F,2,1,6.466992318341473,45.80021728595993,48.56546323348133,5,1
C011700,M,2,1,6.735984341255007,78.42452153083661,56.679063448657644,8,1
C011701,F,3,1,6.295858558208827,67.56298169167081,78.83782919686237,1,0
C011702,M,2,2,5.6321367031422565,72.69227962866024,70.75222690168793,3,0
C011703,M,1,3,4.539155858586266,61.730704244598506,46.0875579157353,5,0
C011704,M,1,2,2.707645495661752,65.59251447495375,45.954981659965945,3,1
C011705,M,3,1,2.3712705100829625,64.35277865525887,39.30256959705788,5,1
C011706,M,1,2,6.265624599910464,47.56481875844345,77.06070017861433,5,0
C011707,M,1,1,6.491691817685999,77.22606521151354,48.09339248349874,9,1
C011708,M,3,1,4.540161099602817,52.120296113045164,36.67767357103935,2,1
C011709,F,2,2,4.538269753243205,56.87246056985098,60.30616444229884,4,0
C011710,M,3,2,4.469234101031603,70.5404290658869,63.626847054153274,5,1
C011711,M,2,2,6.636815432346399,80.52883580059091,53.48679320544949,5,0
C011712,M,2,1,5.664354014012758,55.7090326935991,60.5328766190253,3,1
C011713,M,3,1,3.0525977102804633,76.4220435772705,55.40301390950734,3,0
C011714,F,1,1,5.119790763627558,69.92782919816932,67.57478002917034,6,1
C011715,F,1,3,0.5173991658201418,61.68252778488916,63.312483599673826,5,1
C011716,M,1,2,2.641502250296982,63.72800137755432,46.89487680283695,2,0
C011717,F,3,2,0.1519824710265527,63.56771771869694,70.08377990314028,6,0
C011718,M,1,2,2.115168827192883,68.42538994762671,43.04065484319831,2,0
C011719,F,2,3,2.3194558667572425,82.27268830244863,39.08623327390178,5,1
C011720,M,2,1,0.0,69.37837891108907,61.43992538688094,6,0
C011721,M,3,2,6.5792508172194,60.91220283681235,65.2082294551197,8,0
C011722,M,2,2,2.880751164690513,58.233266594303615,73.86790457435008,3,0
C011723,M,2,2,3.289369487436944,67.12034099547098,91.75809548259552,3,0
C011724,M,3,1,2.105820008003739,57.878857605016115,25.449202675382764,6,0
C011725,M,1,3,5.244181815006108,38.327836660284525,47.896909714806725,2,1
C011726,M,2,1,7.03770933769237,82.19119472221192,60.702839101660025,7,0
C011727,F,2,2,5.149917512230201,63.092581463616064,88.8895090004315,4,1
C011728,F,3,1,4.765623594906974,62.30477394668726,51.33723550607533,5,0
C011729,M,1,2,0.0,85.24370448374839,28.92124328226198,3,0
C011730,F,1,3,3.7769767436192416,57.30688191846573,38.761632963310305,7,1
C011731,M,1,2,5.423931279042728,71.39069838829789,54.827891433145204,3,1
C011732,F,2,1,6.638202298474345,64.93343979269295,65.48530180763075,4,1
C011733,M,2,3,5.334365095621456,70.16904366793742,98.08775620648632,5,0
C011734,F,3,3,8.593297706556385,56.04220172943791,46.65020939470368,9,0
C011735,F,3,2,2.397524226987267,78.55581015882582,68.03665276778142,2,0
C011736,F,1,2,2.397592050842922,91.64021106881751,77.12881849910598,3,0
C011737,F,2,3,4.843367996212302,50.943631145477006,48.062254909820126,5,0
C011738,M,1,2,6.810954807023757,76.39039606326486,88.40685039356862,3,1
C011739,F,2,1,7.1654746864646075,66.80872158187512,47.84737252593172,2,1
C011740,M,3,1,0.0,70.51958030130068,39.64591396714519,3,0
C011741,M,3,1,4.2429570441732265,71.9585979200763,86.02235039599863,6,1
C011742,F,2,1,6.095488541555089,46.20419800834149,57.44793972691979,3,0
C011743,M,1,2,6.034173742885829,53.134668669382684,38.06542772428979,4,0
C011744,M,2,2,5.242689633899313,61.34539837514102,50.34739744586346,2,1
C011745,F,2,1,3.812505768594865,83.34834040816786,45.312394892170744,2,1
C011746,M,2,2,0.0,60.44416915799782,48.20491249420705,4,0
C011747,M,1,1,8.523767772410888,72.0223929917671,61.40224988786276,3,1
C011748,M,2,1,5.346558177216412,65.83919987207602,51.95827710606544,2,1
C011749,F,2,3,2.060111041038554,66.01845622434027,95.26437925201593,4,0
C011750,F,2,3,3.2874893417380777,67.28073284115207,51.70796237651792,4,1
C011751,M,1,2,4.573388375149857,52.78330075969308,55.43156065365345,4,0
C011752,F,3,3,5.045419511459205,62.68879069642778,84.81157915099169,4,0
C011753,M,2,2,0.942482965930254,58.86047426554172,80.57390146292401,7,0
C011754,F,3,1,1.819947837460988,64.14311192475645,71.70205797227717,6,0
C011755,F,3,2,5.100584352665773,54.822195307416095,50.96290955221373,3,0
C011756,F,3,1,2.730497734925108,92.24402259207517,84.12216994495546,2,0
C011757,M,1,3,0.08705064863478507,39.401009840842626,51.19486059731963,6,1
C011758,M,1,3,2.2588756177754554,39.88255674255698,39.00997663499315,5,0
C011759,M,3,2,3.9729236833381254,71.40463983330565,47.41817760265119,6,0
C011760,M,2,1,0.39421755940740555,77.35814181315322,72.54825839412442,2,1
C011761,M,2,3,7.596861960101231,89.09998394383183,53.43470790601652,3,0
C011762,M,2,2,6.613910557104804,61.07544688826178,61.77928712094464,6,0
C011763,M,1,3,6.016212148755889,65.06265856662105,40.50205191161376,3,0
C011764,F,2,2,4.199856041098794,72.51823786716332,72.98520572104499,6,0
C011765,M,3,2,1.2813926146045969,86.01305280051017,44.86759976411759,6,0
C011766,M,2,1,2.1536889550814626,45.34328129565836,42.2623571745373,8,0
C011767,F,1,1,6.910844144044673,67.90120955451302,54.3529833183658,4,1
C011768,M,2,2,2.2540075904020442,74.60368845217013,34.70080256661079,5,0
C011769,M,3,3,3.9282716881824222,59.99191497392773,41.560222733213536,3,1
C011770,M,1,2,3.362949406541225,71.5028849774205,42.49836697592046,4,1
C011771,M,1,1,3.6553966149236343,55.81481554336629,62.32581097389501,4,0
C011772,M,2,1,3.723094864037652,83.31530570980213,45.358509709977255,3,1
C011773,F,3,3,3.474872488462658,38.54586464415284,63.56684934365724,5,1
C011774,M,1,3,3.0067309179754282,61.0986137158593,55.27983953615639,3,0
C011775,M,1,1,3.2976412338773144,73.52924323675683,49.67900686147077,3,0
C011776,M,1,1,3.5408564294099207,60.67627998785409,80.40471597461968,6,1
C011777,M,2,2,1.9223098917547428,77.81477863794268,28.541562001210313,5,0
C011778,M,1,2,0.9182937204745931,66.04908920983299,69.2499355440379,4,0
C011779,F,2,3,3.1853366978575446,69.51859329283614,37.744484343579124,1,0
C011780,M,2,1,2.074324610277472,73.47480215593887,43.49831703115217,2,1
C011781,M,1,3,3.854797460990584,64.21362014352074,50.39197095601718,5,0
C011782,M,1,2,1.6527679842148206,40.1710006833759,54.0381234118997,2,0
C011783,F,2,3,0.0,91.28589140255124,57.185559990427606,5,0
C011784,F,3,2,7.200145474672366,85.5088079203249,60.03028706632958,5,1
C011785,M,2,2,2.608347541200329,75.85610165781611,48.923182092952196,2,0
C011786,F,3,3,0.0,59.56108545487395,15.233123087587096,3,0
C011787,M,3,2,5.635228415005057,71.70583754013411,44.89925232463016,5,0
C011788,F,2,2,2.9175680029359645,39.102054630612606,72.99707915333886,3,0
C011789,M,1,1,3.8502537209767684,41.55758290620811,68.07233278379775,3,1
C011790,F,2,1,4.2578086685811005,100.0,68.62144732686957,3,1
C011791,F,2,1,6.024383984773939,46.40467853048207,53.469815672623746,3,1
C011792,F,2,1,4.4712436725794795,60.44941283429116,66.58703429473908,6,1
C011793,M,1,1,0.7177568102589595,67.16471714181466,49.45007801857726,4,1
C011794,F,2,1,1.167351715242439,70.1736262685831,51.19729792619334,2,0
C011795,F,1,2,0.6386097339776189,64.9882729443903,47.314957822096304,9,1
C011796,M,2,1,2.7049188361795995,59.45800777332326,75.15605476001925,3,0
C011797,M,2,1,4.65607362322164,63.4757277880552,11.311880729217954,3,1
C011798,M,1,1,2.0123364166302027,82.04923409400273,59.920697359698664,4,0
C011799,M,1,1,2.307619047812664,74.57630901377031,59.910612248024435,4,0
C011800,F,1,2,2.2162837856203694,75.23041553813073,61.38755022679119,4,1
C011801,M,1,3,2.5148374834307408,35.9192993613364,56.217575328519146,5,1
C011802,F,3,2,5.298529722064375,72.89041920407367,79.934287706393,4,0
C011803,F,1,3,3.175587431850484,66.90542809275794,58.42769426435123,4,0
C011804,F,1,2,6.252371272498513,55.46802117384295,53.866970968970435,7,0
C011805,F,3,3,2.6506755379255873,92.62206786482574,69.41298705824967,2,0
C011806,M,3,3,3.8902984876066014,42.97185138825819,29.076952160437145,3,0
C011807,M,2,3,3.4027090434022718,64.48659485774745,44.594568119789514,5,0
C011808,M,1,2,4.466069933381825,82.73052582472734,76.69550304255273,2,0
C011809,F,1,1,5.012825417178107,67.33858839250881,62.704070582202185,8,1
C011810,F,1,3,3.901022127535132,35.572088273167395,32.52284671174463,6,0
C011811,M,3,1,9.774152843593734,86.61413491046804,100.0,6,1
C011812,F,2,2,7.211374074233716,39.467418205573836,54.7664132699347,6,1
C011813,F,2,2,2.67023770576356,47.04774275749095,43.957516374165124,1,0
C011814,M,2,2,6.833818057189742,79.50119329821199,31.965480736926246,2,1
C011815,F,2,2,6.595366879885271,50.544542409536824,82.1139319108415,7,1
C011816,F,2,1,1.0418555659426119,61.16023466080738,40.892655237651624,3,0
C011817,M,1,1,0.0,50.38120804163243,50.772964196243144,4,1
C011818,M,2,1,4.411578761826418,66.07875549139928,63.68461095642209,3,0
C011819,M,3,2,3.647025782902118,82.95392748437186,21.6289858807247,2,0
C011820,F,2,1,0.0,41.32393488549849,72.52713618087054,1,0
C011821,M,2,1,4.222977241642794,68.64491588265038,41.60628835311354,2,1
C011822,F,2,1,4.044953679852026,39.17701184722213,77.18412049027621,1,0
C011823,F,2,3,2.6032730089941554,96.49772619997812,62.90001133961051,5,0
C011824,F,2,1,7.414549655878466,51.17444655437192,78.36999967095349,4,0
C011825,M,2,1,3.45060978084463,73.43309085003506,61.49640116666174,4,1
C011826,M,2,1,3.0746404290096114,69.39307920464196,76.2963073249384,5,1
C011827,M,2,2,3.943727249187057,67.02840141831179,66.04311798661628,3,0
C011828,M,2,3,0.9448225086468391,58.410002226743856,56.78306276127868,1,0
C011829,M,1,2,1.9278242639577372,44.461329027401,63.988438830712376,5,0
C011830,M,1,3,0.0,87.10442092161531,4.4013071897562455,5,1
C011831,M,2,1,4.792724832612191,50.84866062878083,48.08082895419021,3,1
C011832,M,1,1,5.958427082391523,63.22759367277902,79.14677468307514,6,1
C011833,M,1,3,4.563616980919614,59.801624162371034,34.86530471831878,3,1
C011834,M,2,2,4.392516195801289,79.74554044525377,47.37770497884859,5,1
C011835,F,2,1,3.7427863933416856,99.11495800195068,30.55582109945446,2,0
C011836,M,2,1,7.241661146835556,54.77609494088976,25.974724191284054,3,1
C011837,F,2,2,3.592996050773228,67.08898962290691,50.8432137196407,3,0
C011838,F,3,2,5.8843938259926505,81.12818115804035,65.19124283373198,3,1
C011839,M,1,2,5.659883144453159,84.96706294537012,52.657103673091726,5,1
C011840,F,2,3,0.8800533048069865,62.673022752472136,34.96052641457425,5,0
C011841,F,2,1,5.349801857324997,63.24159591913644,36.295277713643245,3,0
C011842,F,3,3,1.452578391997951,84.25094200283803,40.106326400476625,4,1
C011843,M,3,1,2.6699508085024153,37.313290867471515,52.09960165036841,1,1
C011844,M,1,2,3.5080709279046274,78.6737958938087,40.29109261666722,4,1
C011845,M,2,1,6.661138030729566,53.01228499659243,77.1852290978553,6,1
C011846,F,2,2,2.3307489666408214,67.23438259270293,44.544700362531614,4,0
C011847,M,1,2,4.634992673613087,65.93688586428871,48.6235462336511,3,1
C011848,M,2,1,0.4733476237267036,55.893129430876854,66.93038095502304,1,0
C011849,M,1,2,3.495402800323149,69.66207463692008,20.789432343389706,5,0
C011850,M,1,2,2.8553573059339152,59.63009211048622,84.67701869526437,6,0
C011851,M,2,1,6.682785111321706,80.17734156717674,72.31554895963598,6,1
C011852,M,2,1,2.258827256135392,53.50206963286492,71.82299793892236,3,0
C011853,F,3,2,0.4693206195792121,49.30601577988213,44.09137940391921,3,0
C011854,M,1,1,2.9597778564347097,66.6633400825143,41.8689337389508,6,0
C011855,M,2,2,2.555653522000297,63.909704771364105,46.42931210259666,3,0
C011856,M,2,1,4.449074239144512,87.66469081449519,50.40926108847518,4,0
C011857,M,2,1,6.820708833252164,64.61414195898716,80.23068733051612,3,1
C011858,M,2,1,3.1782009560260676,64.98007694203244,22.336479680143597,5,1
C011859,M,3,1,4.723534718118671,46.8641732766132,80.92132324601306,6,1
C011860,F,2,1,3.702127114600131,67.8865941999346,53.617322764654,4,0
C011861,F,2,2,5.0228962532724974,47.868309669820036,76.84809876688153,2,1
C011862,F,2,3,1.7727835528190647,62.18343213546373,64.41784730482135,3,0
C011863,F,3,2,3.8730891565705106,51.244985167713516,69.00824237772903,3,0
C011864,M,3,1,6.002336345464473,72.70672361781203,74.66650208149072,4,1
C011865,M,2,3,2.2487073216468447,63.366719115865116,55.342764817358166,5,0
C011866,M,2,2,3.542280451626431,82.25264011836063,40.415752596969654,6,0
C011867,F,3,1,3.7721896853226418,49.941555742109294,41.216956496814404,1,0
C011868,M,1,2,0.6597144021688734,65.56631889649006,74.85059717591423,5,0
C011869,M,2,1,5.50946280478842,66.85566297436141,85.29299002571742,7,1
C011870,M,2,2,2.6686843940394542,62.69786235617894,44.422282614103025,6,0
C011871,M,3,2,3.8198163446598272,81.14715277228399,77.61190131204897,4,0
C011872,F,1,1,5.273363397511348,63.79049919689114,74.96744751822322,1,1
C011873,M,1,3,5.496184049139485,49.1728047594131,30.41240110013936,3,0
C011874,M,2,1,1.3074449317023138,70.83907275468309,74.3172461849485,8,0
C011875,M,3,1,4.834296823098672,91.66645420623121,46.87009435098478,3,1
C011876,F,1,2,6.088615636899814,54.57971539688381,84.91863509744127,5,0
C011877,M,3,1,2.4791684395976823,63.75316993728448,62.17303914823082,2,0
C011878,M,2,3,5.671519825844601,67.86158942892496,100.0,3,1
C011879,F,3,2,4.8334632946524225,78.90440467561635,57.49762138320877,3,1
C011880,M,2,3,5.011429170845264,76.05939538987147,46.98594984326223,4,1
C011881,F,1,1,5.828777029699514,66.66791729754564,67.82724388331822,6,0
C011882,M,1,1,1.9861848878160209,58.538993512458966,72.21492925813547,3,0
C011883,F,3,3,1.8552821728409699,57.780037952776304,68.65606026729375,2,0
C011884,M,3,1,6.492786225784654,72.04039100300076,51.61493743276387,6,0
C011885,M,2,3,3.262218159383259,54.15899915577744,72.45351727744408,4,0
C011886,F,3,3,0.7565225232680022,44.14858790010192,37.31741124861231,3,0
C011887,M,2,2,3.603218952406283,61.466637394964415,17.61811216585781,3,0
C011888,F,2,2,3.7273274628723283,57.12208657790585,65.02397389144572,5,0
C011889,M,1,2,4.505485540784498,59.171239582358446,98.69841296051578,3,1
C011890,M,2,1,3.1209913321128457,72.91673113505368,69.63252723974497,2,0
C011891,M,1,2,7.791480791020771,66.32000928400376,44.6322362667819,4,0
C011892,M,2,1,1.9985520497435694,61.4248976583038,52.75697482276143,5,1
C011893,F,2,1,0.0,47.12160413583821,58.61318545078919,6,0
C011894,M,2,3,0.7412053384730934,58.89140598520338,42.26426455690322,5,0
C011895,M,2,1,2.3480847886162532,40.65761637598432,40.76518474928726,4,0
C011896,M,3,1,5.014329772387134,53.312473544025565,65.35628893954818,4,0
C011897,M,3,2,3.514979674965695,52.8658927916853,66.35106786255976,5,0
C011898,M,1,2,4.728251885326675,65.1109778558213,41.806103823032494,1,1
C011899,F,2,1,2.488413280161531,65.81109852430035,33.79891759825902,4,0
C011900,M,1,1,4.8680156140498045,61.17524887174447,54.54213496841079,5,1
C011901,M,1,2,0.4769464104653718,47.858160399661195,50.63097800801643,6,0
C011902,M,1,2,4.31034262675278,39.11796126480871,69.7408489074424,2,0
C011903,M,3,1,5.2726746455441065,85.19678086344095,44.68441932080527,2,1
C011904,M,3,1,1.9267012628170872,52.28008446076377,63.97917413362228,2,0
C011905,F,2,3,7.653607040316909,60.643198295733285,65.47976106831509,5,0
C011906,M,3,1,0.0,57.74648889910297,72.31081288321253,3,0
C011907,F,3,3,5.496539461318511,77.91049844386609,56.5929448676829,6,0
C011908,M,2,2,5.791206255641546,69.36742251627165,45.70051019388695,3,1
C011909,M,3,2,2.0492352969746452,54.2436784874256,52.64688178677781,7,0
C011910,F,2,3,4.649052208473908,72.72983207518385,54.605710801139146,3,0
C011911,F,3,3,2.062239770971842,44.70450652233946,93.78252080956707,3,0
C011912,F,2,2,4.596340543828173,63.48380241718128,48.47256179585649,3,1
C011913,M,2,3,3.4612839586496706,19.94671828248827,92.0442896873081,5,0
C011914,F,1,3,3.9521493723001817,69.70018705875553,58.86497048077456,2,0
C011915,F,2,1,2.662992412985436,58.6289788712086,50.808804136123484,2,0
C011916,F,1,2,2.674738848639902,61.600388951256264,45.92435450470991,4,0
C011917,F,3,1,2.2476672733230556,83.12134698923298,38.535424408768904,4,0
C011918,F,1,2,5.3628978940645275,53.749109686246406,54.62134542492576,4,0
C011919,M,2,3,7.619122394260158,54.39661992926455,56.692477413310115,3,1
C011920,F,3,2,8.959278381025957,42.66856237697361,58.110594779776385,4,1
C011921,F,1,2,6.007900054162263,65.71093383275813,97.65059757514712,8,1
C011922,F,2,3,3.9395909920204097,63.970600836164365,82.75364706474812,5,0
C011923,F,3,3,6.1456608021090915,75.92116129076364,59.47349725767537,6,0
C011924,M,2,1,4.72594167103548,64.4616359774121,50.5255024699634,5,0
C011925,M,2,1,3.1992662713364366,70.01491059621215,32.42757493755607,3,0
C011926,M,3,2,8.295430491097662,72.81462138468655,62.565565057705946,6,1
C011927,F,3,2,6.109690078133793,70.42449915481643,75.66075572879227,1,1
C011928,F,2,1,2.3265773343516862,63.02986663014175,81.36803671395948,5,0
C011929,F,3,2,6.081921905276909,73.05829673106527,47.76428633342504,7,0
C011930,F,3,3,5.233891283565461,74.67523082173236,33.41957940778501,6,0
C011931,M,2,2,1.9051999222940172,80.04001433784684,57.97012848508398,7,1
C011932,M,2,1,4.1332244374569935,99.1966917383177,66.47757917385017,3,0
C011933,F,1,3,3.844868500951978,50.01577353577317,51.866282426462824,5,0
C011934,F,3,1,0.0,72.76438990698506,66.31694434826353,4,0
C011935,F,3,2,0.8724656822294805,64.76158790918248,55.754017421168264,5,0
C011936,F,3,1,6.375353117621824,68.01054859863913,60.620089409500956,3,1
C011937,F,2,2,2.3986234202181445,76.35549111434453,62.0701786604955,3,0
C011938,M,2,2,5.280221978800351,68.33161452159847,56.508967180356535,5,0
C011939,F,3,1,6.778326299325233,49.017187557757744,34.7389772872144,4,1
C011940,M,2,1,0.0,57.17802286752532,79.61622110237782,6,0
C011941,M,3,1,7.539872422641675,73.59403765602676,47.13443162053886,9,1
C011942,M,1,1,3.6189758042826696,53.36666508514268,15.765220820444746,4,0
C011943,M,1,3,4.848809268314119,48.46763755475027,55.55391425383323,4,1
C011944,M,2,2,8.261376938858351,60.44391523915636,64.15371449880982,5,0
C011945,F,1,2,6.119263545368817,43.318536696835835,74.46142892680452,3,1
C011946,M,1,1,3.6073628155730653,53.566942377818094,61.07941944291221,3,0
C011947,M,2,1,2.824549692086808,94.08289856196426,58.765926800360326,4,1
C011948,M,1,2,3.0107298619688185,56.79781389013857,60.09321148615235,6,0
C011949,M,2,1,2.7549740803604577,70.74158012024674,44.65896907467511,2,0
C011950,F,2,2,6.776813761002199,52.62335378824292,51.185573692099126,4,0
C011951,M,1,2,5.187527451219574,74.43772423631331,73.15398545730358,2,1
C011952,M,2,1,4.460816349269866,61.062498343689285,48.23991619041001,5,1
C011953,F,3,1,3.517647992959339,76.852800711023,59.93533262888772,2,1
C011954,F,2,1,5.6019297025916295,60.15743465741892,49.74711579666278,7,0
C011955,F,3,1,0.0,57.979802586247494,46.05340922422462,3,0
C011956,F,3,3,8.097743419347712,62.72053186024198,54.101614983165646,3,0
C011957,M,2,1,3.4105186490694903,65.06649839295659,54.3887173713157,5,1
C011958,F,1,2,1.9051330964453839,68.42772881760123,54.94196127659106,6,0
C011959,M,1,1,6.522351574167625,54.57906088738909,62.456365543523496,7,1
C011960,M,1,1,6.471044458030425,51.52271865957323,23.144993617036704,3,0
C011961,M,2,2,3.8367972225207643,43.79643492199652,49.93387973673571,5,1
C011962,F,1,1,6.920497786087694,56.188450643112326,67.4389991357879,1,1
C011963,M,3,2,6.206447066377921,39.61910722833788,82.56261577919034,2,1
C011964,M,2,3,4.83564531130106,45.801671901464545,35.853829651894074,3,1
C011965,M,2,3,0.3915152578497709,61.3585746624531,37.725949285438375,2,1
C011966,F,2,3,4.278094695336023,73.76203226733578,61.34263557192193,5,0
C011967,M,2,1,4.019420187079944,59.92442227587817,75.69432107024677,7,1
C011968,M,2,1,3.4527007113156136,94.87830786613334,43.69653859152609,7,0
C011969,M,1,1,3.1846071855957856,69.55257898940363,24.76057803094433,5,0
C011970,F,3,2,5.653462668056681,68.05237451393432,61.6498988432956,3,1
C011971,M,2,1,1.2611759080231737,48.02231301931731,41.90162616384016,5,0
C011972,F,3,1,6.6268062268531125,73.72332008254,85.8125924415286,3,1
C011973,M,2,1,3.8891700720266287,73.64596480175601,55.21314175261423,1,0
C011974,M,3,1,2.1473656651758306,50.783507999974994,36.29029428541738,5,0
C011975,M,1,2,3.361652401960377,65.59153325193495,41.2766947776796,2,0
C011976,M,3,3,4.437908311238799,87.94888584330397,59.89737314348077,1,1
C011977,M,1,2,7.173033345378206,68.91782508069927,51.236754205625125,3,0
C011978,M,1,1,5.5624181944540885,77.74963082623333,59.057934156156705,5,0
C011979,F,3,1,6.598657701986801,59.92701144792594,100.0,2,0
C011980,M,1,2,3.8610179768305435,38.67268149761369,38.394536958085325,7,0
C011981,M,2,3,3.533141534797172,72.2182165142896,70.79966815632262,3,0
C011982,M,2,2,8.08518077314555,62.63368274858138,81.07643233242226,3,1
C011983,M,3,1,3.696944533061375,68.61945191331802,78.70858580816244,6,0
C011984,M,3,2,2.7949917483067295,65.7132317922836,39.10952770590471,3,0
C011985,M,2,1,2.5703688015255497,53.21591470351125,59.12796040049857,4,0
C011986,M,3,1,4.648704102383115,65.95425140073905,31.299370169244757,5,1
C011987,M,1,3,1.6150211314637382,55.47730583725359,71.40521373184964,3,0
C011988,F,2,2,4.40283408185057,49.556298254301936,48.90288142722825,1,0
C011989,F,1,3,4.3606102123618,76.73880658025948,63.179622217480116,4,1
C011990,F,1,1,5.300549667558777,52.322387569380396,81.90682983745276,4,1
C011991,M,2,1,0.15052700756767967,62.77894010163347,61.561319798470265,3,0
C011992,F,2,3,0.0,51.67228299179477,61.24787025273449,2,0
C011993,M,2,3,3.036854233472854,86.69045387585207,53.29690968007802,2,1
C011994,M,3,3,3.69322727556178,72.34476473311932,79.92336442566075,3,1
C011995,F,2,1,1.5422919108792956,50.0822199833365,47.408945593365964,5,1
C011996,M,2,3,0.9895132855018138,65.08768689682718,65.07468584257856,7,0
C011997,M,3,1,4.951261041225074,65.36420961797549,67.80681024312926,3,1
C011998,F,3,2,3.313837975098944,66.60706205447323,71.08549566921383,3,1
C011999,M,2,3,5.77901515600189,55.71957957197706,63.18636823395783,3,1
