candidate_id,job_id,skill_overlap,seniority_gap,same_location,recency_days,candidate_activity,clicked,applied,shortlisted,label
35,92,3,0,0,39,0.3643,1,1,0,2
175,93,2,2,0,38,0.5408,0,0,0,0
110,75,3,2,0,9,0.1769,1,1,0,2
303,89,2,3,0,40,0.1509,0,0,0,0
132,27,7,3,1,33,0.5237,1,1,1,3
267,28,0,1,1,40,0.2906,0,0,0,0
110,93,2,1,0,33,0.1004,1,0,0,1
183,68,2,0,0,38,0.2782,1,0,0,1
397,102,1,3,1,2,0.1292,0,0,0,0
93,119,3,0,0,39,0.2777,1,1,1,3
360,60,1,1,0,56,0.3416,0,0,0,0
60,115,3,0,1,5,0.0785,0,0,0,0
105,93,1,1,0,15,0.2008,1,0,0,1
286,97,0,3,0,34,0.1733,0,0,0,0
56,70,2,2,0,5,0.114,1,1,0,2
259,95,1,0,1,10,0.2435,0,0,0,0
167,57,2,0,0,28,0.5138,1,0,0,1
313,101,3,1,0,26,0.2293,1,0,0,1
47,33,3,1,1,14,0.4194,1,1,1,3
263,37,2,1,0,49,0.3006,1,0,0,1
72,19,3,0,0,31,0.2745,1,0,0,1
17,40,2,3,0,39,0.2862,0,0,0,0
12,14,0,3,0,4,0.144,0,0,0,0
332,119,5,2,0,46,0.2183,1,1,1,3
118,60,1,0,0,55,0.1187,0,0,0,0
277,52,1,1,0,7,0.3734,0,0,0,0
208,34,4,2,0,57,0.216,1,0,0,1
369,19,3,2,0,35,0.2673,1,0,0,1
100,95,1,2,1,27,0.2885,0,0,0,0
93,115,1,3,0,52,0.1426,0,0,0,0
352,7,3,0,0,28,0.4303,1,1,1,3
237,54,1,0,1,6,0.2099,1,1,0,2
393,60,0,1,0,44,0.1676,0,0,0,0
350,33,3,1,0,2,0.103,0,0,0,0
320,108,2,0,0,14,0.191,1,0,0,1
391,116,2,1,0,51,0.0125,0,0,0,0
66,50,0,1,1,36,0.0842,0,0,0,0
93,95,1,0,0,56,0.2479,0,0,0,0
80,96,5,2,1,33,0.1971,1,1,1,3
213,76,2,3,0,5,0.7231,0,0,0,0
162,71,2,0,0,26,0.1622,0,0,0,0
313,20,2,1,0,10,0.7431,0,0,0,0
207,59,5,3,0,14,0.3347,1,1,1,3
239,87,4,0,0,20,0.2735,1,1,0,2
222,52,2,0,0,44,0.5864,1,0,0,1
153,0,2,3,0,43,0.2042,0,0,0,0
12,82,0,3,0,32,0.6196,0,0,0,0
4,61,2,1,0,55,0.6223,0,0,0,0
17,12,5,2,0,39,0.1273,1,1,0,2
399,97,1,0,0,11,0.227,0,0,0,0
392,96,4,1,0,57,0.0159,1,0,0,1
95,53,3,0,0,2,0.1613,1,1,0,2
21,23,4,1,0,0,0.5636,1,0,0,1
108,55,1,1,0,42,0.4683,0,0,0,0
101,76,5,2,0,52,0.3547,1,0,0,1
228,18,4,1,0,8,0.1276,1,1,1,3
314,73,0,1,0,24,0.5121,0,0,0,0
253,35,6,3,0,25,0.6613,1,1,1,3
98,94,1,1,0,20,0.0436,0,0,0,0
219,15,3,0,0,55,0.3341,1,1,1,3
347,101,2,3,0,49,0.2472,0,0,0,0
22,52,1,1,0,49,0.0531,0,0,0,0
200,115,2,2,0,4,0.2853,0,0,0,0
398,40,3,0,0,0,0.3172,0,0,0,0
383,66,2,2,0,12,0.3254,0,0,0,0
335,4,5,3,0,26,0.6128,1,1,1,3
398,70,5,1,1,43,0.2139,1,1,1,3
197,86,3,0,0,21,0.3318,1,1,0,2
121,70,2,2,0,7,0.1251,0,0,0,0
340,75,3,0,0,37,0.1177,1,1,0,2
226,0,1,0,0,24,0.2573,0,0,0,0
111,78,0,2,1,54,0.1708,0,0,0,0
384,78,1,0,0,25,0.0516,1,1,0,2
387,115,2,0,0,29,0.6229,1,0,0,1
216,96,4,0,0,15,0.6019,1,1,0,2
369,0,1,2,0,51,0.0874,0,0,0,0
177,0,5,1,0,57,0.215,1,1,1,3
205,93,2,0,0,51,0.229,1,1,0,2
179,86,4,2,0,25,0.6003,0,0,0,0
322,102,3,3,0,42,0.0679,0,0,0,0
32,8,2,3,0,21,0.2947,0,0,0,0
80,115,4,3,0,45,0.1434,0,0,0,0
122,63,1,2,1,59,0.4686,1,0,0,1
296,0,1,3,0,16,0.3447,0,0,0,0
235,80,5,1,0,15,0.2289,1,1,1,3
325,112,2,0,1,25,0.5098,1,0,0,1
105,61,2,1,0,47,0.2316,0,0,0,0
125,117,2,0,0,18,0.2315,1,0,0,1
109,58,1,2,0,1,0.4936,1,0,0,1
133,103,3,1,0,40,0.4001,0,0,0,0
76,18,4,0,0,36,0.2225,1,1,1,3
18,10,2,3,0,34,0.12,1,0,0,1
398,102,4,0,1,17,0.1474,1,1,1,3
101,61,3,1,0,24,0.341,1,0,0,1
338,84,2,0,0,18,0.3329,1,1,0,2
295,14,1,2,0,59,0.1414,0,0,0,0
36,105,3,3,0,24,0.1616,0,0,0,0
214,117,0,1,1,50,0.1707,0,0,0,0
74,66,2,2,0,31,0.228,0,0,0,0
158,110,1,0,0,30,0.2133,0,0,0,0
262,47,0,2,0,9,0.3558,0,0,0,0
273,105,4,1,0,44,0.2784,0,0,0,0
379,68,1,0,1,26,0.2903,1,1,0,2
41,118,3,0,0,22,0.5077,1,1,1,3
230,112,2,1,0,30,0.372,0,0,0,0
187,5,3,1,0,20,0.5503,1,1,1,3
191,62,5,0,0,3,0.3638,1,1,1,3
187,16,3,2,1,17,0.2291,0,0,0,0
235,8,2,2,0,24,0.7807,0,0,0,0
55,62,2,1,0,9,0.19,1,0,0,1
334,48,1,1,0,6,0.3009,1,0,0,1
304,21,1,2,0,50,0.1274,0,0,0,0
229,104,4,1,0,44,0.5946,0,0,0,0
135,0,3,2,0,46,0.2532,1,1,0,2
35,57,2,0,0,50,0.4471,1,0,0,1
381,0,4,0,1,19,0.3094,1,1,1,3
148,56,3,1,0,50,0.4178,0,0,0,0
61,6,2,0,1,45,0.3123,1,0,0,1
112,33,4,3,0,52,0.4369,0,0,0,0
24,77,5,2,0,19,0.1453,1,1,1,3
36,81,3,0,1,59,0.3262,1,1,1,3
338,43,2,1,0,56,0.5408,1,0,0,1
132,50,0,1,1,11,0.1261,0,0,0,0
258,15,1,0,0,39,0.5348,0,0,0,0
300,29,4,1,0,54,0.3038,1,1,1,3
267,65,4,1,0,42,0.2071,0,0,0,0
207,47,2,3,1,26,0.3374,0,0,0,0
274,101,2,3,0,51,0.101,0,0,0,0
161,109,2,1,0,57,0.2242,0,0,0,0
369,75,3,0,1,27,0.4384,1,1,1,3
116,103,2,0,0,34,0.2175,0,0,0,0
67,72,0,2,1,6,0.3192,0,0,0,0
351,111,5,0,0,17,0.2611,1,1,1,3
392,69,2,0,0,10,0.2217,0,0,0,0
9,119,2,3,0,1,0.3957,1,1,0,2
206,91,3,1,0,21,0.4655,1,0,0,1
66,58,1,2,0,13,0.1923,1,0,0,1
357,27,5,3,0,0,0.1696,1,1,1,3
107,98,2,3,0,33,0.177,0,0,0,0
215,24,1,3,0,30,0.575,0,0,0,0
384,14,1,1,0,45,0.1436,1,0,0,1
34,21,0,1,0,26,0.1737,0,0,0,0
189,78,2,1,0,56,0.111,1,1,0,2
115,44,1,1,0,29,0.2531,0,0,0,0
301,32,2,1,0,7,0.1318,1,0,0,1
208,92,4,0,0,38,0.227,1,1,1,3
185,23,2,3,0,18,0.6522,1,0,0,1
271,21,2,0,0,19,0.0728,1,0,0,1
12,111,0,1,0,41,0.2555,0,0,0,0
39,12,4,0,0,49,0.4309,1,1,1,3
369,20,2,2,0,48,0.3057,0,0,0,0
391,56,4,0,0,7,0.2207,1,1,1,3
320,75,2,2,0,22,0.1101,1,0,0,1
370,42,3,3,1,33,0.1761,0,0,0,0
387,46,1,0,0,51,0.2069,0,0,0,0
85,12,4,2,0,40,0.5379,1,1,0,2
365,67,2,3,0,4,0.7095,0,0,0,0
10,112,1,1,0,19,0.1967,0,0,0,0
59,59,4,1,0,12,0.4715,1,1,1,3
214,46,0,2,0,48,0.7214,0,0,0,0
51,50,1,0,1,7,0.3442,1,1,1,3
47,52,2,0,1,41,0.1577,1,1,1,3
178,16,1,2,1,34,0.0323,0,0,0,0
75,29,2,1,0,4,0.3874,1,0,0,1
147,119,5,3,0,28,0.2345,0,0,0,0
383,91,3,1,1,50,0.2736,1,1,0,2
395,7,3,3,0,10,0.3552,0,0,0,0
387,15,1,0,0,42,0.3274,0,0,0,0
386,107,2,2,0,12,0.4865,0,0,0,0
388,13,3,2,0,5,0.1736,1,1,1,3
113,117,1,1,0,49,0.3921,0,0,0,0
87,111,3,1,0,3,0.1634,1,0,0,1
345,74,6,0,0,39,0.5594,1,1,1,3
345,14,2,3,0,32,0.3049,0,0,0,0
307,86,2,3,1,54,0.3067,0,0,0,0
67,112,0,0,0,26,0.3942,0,0,0,0
244,6,2,0,0,35,0.5621,1,0,0,1
392,108,3,2,0,25,0.2385,0,0,0,0
371,115,2,3,0,42,0.3292,0,0,0,0
148,71,2,0,0,44,0.2809,1,1,0,2
320,18,3,0,0,16,0.3203,1,1,1,3
79,96,4,2,1,8,0.2924,1,1,0,2
232,89,4,3,0,6,0.1398,1,1,1,3
326,109,3,0,0,45,0.5466,1,1,0,2
23,111,2,2,0,21,0.3473,0,0,0,0
199,60,0,1,0,47,0.4471,0,0,0,0
180,68,3,1,0,45,0.1649,0,0,0,0
220,80,2,3,0,52,0.2064,0,0,0,0
172,41,1,1,0,59,0.5498,0,0,0,0
222,7,4,2,0,50,0.1303,0,0,0,0
307,16,3,2,1,17,0.1451,1,1,1,3
271,93,3,0,0,46,0.4965,1,0,0,1
353,4,4,3,0,12,0.3087,1,0,0,1
83,20,1,0,1,11,0.3387,0,0,0,0
65,49,1,3,1,39,0.4231,0,0,0,0
161,15,4,3,0,12,0.1812,0,0,0,0
254,31,3,1,0,36,0.3249,1,1,1,3
109,10,0,3,0,9,0.1833,0,0,0,0
28,27,2,2,0,31,0.5296,0,0,0,0
20,19,4,2,1,56,0.0542,0,0,0,0
64,89,2,1,0,37,0.3567,1,0,0,1
115,115,0,1,0,54,0.5017,0,0,0,0
181,115,3,1,0,0,0.4077,0,0,0,0
288,26,1,1,1,5,0.2712,0,0,0,0
192,106,2,0,0,46,0.1629,1,0,0,1
120,110,2,2,1,42,0.2375,1,0,0,1
166,113,1,1,0,52,0.0882,0,0,0,0
20,95,1,1,0,14,0.096,0,0,0,0
371,63,3,0,0,6,0.1366,1,1,1,3
190,31,2,1,1,58,0.3367,1,0,0,1
152,8,3,2,0,3,0.5516,1,0,0,1
395,36,2,2,0,38,0.2786,0,0,0,0
168,95,0,1,0,46,0.1718,0,0,0,0
104,105,2,1,0,4,0.2345,1,0,0,1
99,34,4,2,0,20,0.6427,1,0,0,1
221,73,2,3,0,4,0.2048,0,0,0,0
308,28,1,0,0,50,0.3247,0,0,0,0
331,111,4,1,0,29,0.1853,1,0,0,1
133,59,2,2,0,33,0.3988,1,0,0,1
187,43,0,1,1,46,0.056,0,0,0,0
160,75,3,2,0,11,0.2112,1,0,0,1
130,59,4,1,0,50,0.037,1,0,0,1
3,118,2,1,0,6,0.1715,0,0,0,0
210,26,0,0,0,18,0.502,1,0,0,1
254,65,3,1,1,4,0.3015,1,1,1,3
224,63,2,1,0,51,0.0925,0,0,0,0
44,21,2,1,0,15,0.1849,0,0,0,0
262,12,4,0,0,9,0.1392,1,1,1,3
237,108,1,1,1,20,0.3588,0,0,0,0
219,104,5,1,0,29,0.2482,1,1,1,3
130,52,3,0,0,32,0.2376,1,1,1,3
257,21,1,1,1,2,0.1518,0,0,0,0
174,24,2,0,0,36,0.3682,0,0,0,0
371,23,5,0,0,54,0.1246,1,1,1,3
200,18,2,2,1,39,0.2749,1,0,0,1
295,15,2,1,0,43,0.6226,0,0,0,0
39,25,6,1,0,56,0.3264,1,1,0,2
343,65,1,2,0,9,0.079,0,0,0,0
56,34,3,1,1,30,0.2557,1,1,0,2
134,82,1,0,0,29,0.2919,1,0,0,1
276,49,3,2,0,32,0.1219,1,1,0,2
208,40,2,0,0,27,0.2861,1,0,0,1
302,41,4,0,0,51,0.0711,1,1,1,3
168,60,0,0,0,37,0.2218,0,0,0,0
317,40,2,1,0,5,0.1668,0,0,0,0
395,34,2,1,0,28,0.2478,0,0,0,0
3,111,2,1,0,43,0.1569,0,0,0,0
200,49,2,2,0,51,0.1937,1,0,0,1
225,24,3,0,0,42,0.3832,1,1,1,3
272,12,2,0,0,51,0.3534,1,1,1,3
271,89,3,1,1,20,0.5924,0,0,0,0
52,58,2,1,1,20,0.3365,1,0,0,1
242,31,4,1,1,15,0.0945,1,1,1,3
15,117,0,2,0,20,0.1179,0,0,0,0
140,111,3,2,0,2,0.1645,0,0,0,0
201,20,2,3,0,26,0.2083,0,0,0,0
178,92,2,0,0,2,0.1812,1,1,1,3
37,117,1,2,0,24,0.319,0,0,0,0
74,32,1,2,0,51,0.3765,0,0,0,0
357,5,2,2,0,9,0.5334,0,0,0,0
3,94,0,2,1,29,0.1376,0,0,0,0
387,37,3,2,0,15,0.1861,0,0,0,0
72,97,2,0,0,0,0.2221,0,0,0,0
27,31,2,2,0,11,0.2534,1,0,0,1
305,54,2,0,0,18,0.2491,0,0,0,0
349,41,2,1,0,18,0.1636,1,0,0,1
244,8,2,0,1,35,0.1915,0,0,0,0
15,48,2,2,0,52,0.1261,1,0,0,1
217,30,4,3,0,39,0.0477,0,0,0,0
154,119,4,2,0,46,0.1942,0,0,0,0
140,7,4,0,0,42,0.2655,1,0,0,1
171,3,3,2,0,30,0.1648,0,0,0,0
209,104,2,1,0,2,0.1435,1,1,0,2
14,37,5,1,0,12,0.1268,1,1,1,3
85,36,3,2,0,36,0.2337,0,0,0,0
119,37,3,2,0,45,0.2706,1,0,0,1
253,107,2,2,0,37,0.1656,1,0,0,1
398,98,6,0,0,29,0.299,1,1,1,3
48,23,7,2,0,7,0.0395,1,1,1,3
229,99,2,1,0,22,0.3639,1,0,0,1
0,7,2,0,1,59,0.178,1,0,0,1
345,92,4,3,1,25,0.1909,1,1,1,3
39,106,2,1,0,6,0.2808,1,0,0,1
266,83,2,2,0,18,0.2226,1,0,0,1
386,101,2,0,1,5,0.3549,1,1,1,3
95,101,1,2,0,35,0.2512,0,0,0,0
158,22,1,1,0,30,0.3157,0,0,0,0
49,24,3,2,0,14,0.1933,0,0,0,0
199,50,0,2,0,11,0.5004,0,0,0,0
214,91,3,0,1,7,0.1324,1,0,0,1
338,75,4,1,0,15,0.3918,1,1,1,3
302,49,1,2,1,26,0.2018,0,0,0,0
335,68,3,0,1,3,0.1922,1,1,1,3
19,113,3,2,0,32,0.1278,0,0,0,0
132,10,4,3,1,23,0.0376,1,0,0,1
236,100,5,3,0,51,0.0256,1,1,0,2
152,60,2,1,0,59,0.1177,0,0,0,0
93,68,3,0,0,6,0.3182,1,1,0,2
271,59,5,1,1,11,0.1463,1,1,1,3
13,93,4,2,1,38,0.6593,1,1,1,3
365,65,4,0,0,59,0.1566,1,0,0,1
86,5,4,2,0,54,0.3313,1,0,0,1
363,70,2,1,0,10,0.2681,1,1,0,2
312,106,1,2,0,22,0.3118,0,0,0,0
43,77,3,1,0,45,0.1502,1,0,0,1
380,73,4,3,1,40,0.3947,1,0,0,1
32,119,4,3,0,22,0.1069,0,0,0,0
6,96,4,0,0,51,0.1225,1,1,1,3
80,54,2,2,0,5,0.3178,0,0,0,0
160,59,2,0,1,5,0.3095,1,0,0,1
196,3,4,3,0,6,0.5018,0,0,0,0
57,63,1,2,0,29,0.6063,0,0,0,0
365,108,2,0,0,21,0.3478,1,1,1,3
350,80,4,1,1,14,0.342,1,1,1,3
99,98,3,0,0,22,0.3743,1,1,0,2
79,0,4,3,0,39,0.1228,0,0,0,0
364,111,2,2,0,12,0.0567,0,0,0,0
157,67,2,0,0,14,0.1508,0,0,0,0
120,73,3,0,0,34,0.2654,1,1,1,3
178,78,1,1,0,48,0.5598,1,0,0,1
68,30,3,2,1,29,0.1286,1,1,0,2
204,102,3,1,0,41,0.4703,1,1,1,3
223,77,6,1,1,48,0.113,1,0,0,1
388,48,2,3,0,0,0.1115,0,0,0,0
101,88,2,1,0,50,0.3078,0,0,0,0
313,4,4,1,0,20,0.2142,1,1,1,3
213,20,1,3,0,12,0.6077,0,0,0,0
305,113,3,0,0,13,0.0726,0,0,0,0
203,83,1,0,1,31,0.3797,1,0,0,1
269,60,2,2,1,26,0.6407,0,0,0,0
61,5,3,1,0,13,0.1084,1,1,0,2
301,26,2,1,0,21,0.0739,0,0,0,0
215,100,4,3,1,42,0.5222,0,0,0,0
30,40,2,2,0,59,0.4027,0,0,0,0
228,87,6,1,0,47,0.1485,1,1,1,3
73,30,2,3,0,26,0.289,0,0,0,0
371,88,1,2,0,3,0.3794,0,0,0,0
186,24,1,0,0,49,0.369,1,0,0,1
152,51,2,1,0,32,0.4333,0,0,0,0
175,86,1,3,0,22,0.2978,0,0,0,0
185,79,1,1,0,57,0.3952,0,0,0,0
172,100,0,1,0,7,0.5014,0,0,0,0
6,2,2,1,1,25,0.2086,1,1,1,3
99,37,3,1,0,32,0.5788,1,1,1,3
353,117,2,0,0,34,0.0947,1,0,0,1
247,36,1,0,0,8,0.4642,0,0,0,0
157,68,3,0,0,36,0.136,1,0,0,1
281,105,3,0,1,2,0.2858,1,1,1,3
136,83,3,2,0,30,0.3344,0,0,0,0
237,85,3,0,0,5,0.1454,1,1,1,3
50,38,2,3,0,32,0.4031,0,0,0,0
319,95,1,0,0,31,0.1548,0,0,0,0
262,116,4,2,1,54,0.5187,1,1,1,3
40,23,5,3,0,39,0.2675,1,1,0,2
69,73,3,1,0,49,0.3646,1,1,0,2
111,72,3,3,0,47,0.124,0,0,0,0
53,25,4,0,0,51,0.5347,1,0,0,1
391,78,1,1,0,35,0.5049,0,0,0,0
179,83,2,0,1,31,0.5207,1,1,0,2
111,21,3,1,0,18,0.1503,0,0,0,0
151,7,4,3,0,22,0.1686,1,0,0,1
101,80,5,2,0,45,0.4762,1,1,0,2
195,11,3,0,1,49,0.3496,1,1,1,3
259,16,2,2,0,14,0.3011,0,0,0,0
26,53,2,2,0,19,0.2717,0,0,0,0
6,0,3,1,0,36,0.348,0,0,0,0
327,91,2,2,0,32,0.1237,0,0,0,0
126,15,1,0,0,27,0.3422,0,0,0,0
88,23,5,2,0,3,0.2537,1,0,0,1
383,33,5,1,1,18,0.2552,1,1,1,3
399,32,2,3,0,39,0.2235,0,0,0,0
64,30,2,2,0,7,0.2334,1,0,0,1
202,91,1,0,0,34,0.2886,0,0,0,0
337,8,4,1,0,3,0.5997,1,1,1,3
120,42,5,3,0,48,0.1796,1,0,0,1
49,14,1,1,1,57,0.192,1,1,0,2
118,118,3,1,0,39,0.0925,1,0,0,1
268,91,2,1,1,15,0.0866,1,1,1,3
116,23,3,0,0,36,0.1303,1,1,0,2
10,64,2,0,0,45,0.2907,1,1,0,2
392,11,4,2,1,37,0.2502,1,1,1,3
140,100,5,3,0,16,0.2368,1,1,0,2
138,58,3,0,0,10,0.7872,1,1,1,3
175,86,1,3,0,19,0.3833,0,0,0,0
118,41,3,0,0,16,0.488,1,1,0,2
320,10,3,3,0,6,0.1254,1,0,0,1
336,40,3,3,0,3,0.242,1,0,0,1
91,82,1,3,1,42,0.1338,1,0,0,1
189,4,4,1,0,2,0.4142,1,1,1,3
110,74,4,0,0,43,0.3438,1,1,1,3
54,113,3,1,0,28,0.3994,1,0,0,1
127,38,4,2,0,4,0.3397,1,1,1,3
38,10,2,2,0,47,0.2713,0,0,0,0
124,111,3,1,1,24,0.6185,1,1,1,3
74,42,5,1,1,20,0.2503,1,1,1,3
209,54,2,1,0,40,0.1698,1,1,0,2
80,59,5,3,0,17,0.1554,1,1,1,3
142,15,3,0,0,18,0.221,0,0,0,0
211,4,6,2,0,52,0.379,1,1,1,3
342,16,3,0,1,51,0.2761,0,0,0,0
209,52,1,1,0,8,0.2142,0,0,0,0
107,102,0,3,0,4,0.0622,0,0,0,0
199,108,1,3,0,2,0.1663,0,0,0,0
351,119,5,2,0,8,0.1864,1,1,0,2
113,103,2,1,0,29,0.2148,0,0,0,0
136,83,3,2,0,55,0.4291,0,0,0,0
396,39,1,0,1,26,0.2366,1,0,0,1
128,17,2,0,0,20,0.3356,0,0,0,0
255,0,4,3,0,1,0.4758,1,1,0,2
14,41,2,1,0,0,0.3834,1,0,0,1
326,52,2,1,0,30,0.4606,0,0,0,0
178,20,1,3,1,55,0.2887,0,0,0,0
79,89,5,3,0,13,0.5163,1,0,0,1
270,27,4,0,0,43,0.1998,1,1,1,3
11,68,4,2,0,44,0.2717,0,0,0,0
198,29,3,1,0,58,0.3438,0,0,0,0
211,62,7,2,0,36,0.5451,1,1,1,3
347,58,2,1,0,2,0.2029,1,0,0,1
324,18,3,0,0,13,0.2213,1,0,0,1
121,116,3,0,1,59,0.3274,1,1,0,2
375,59,4,2,0,32,0.0194,1,0,0,1
370,38,2,0,0,48,0.3229,1,1,0,2
112,38,3,0,0,35,0.3746,1,1,0,2
154,47,1,1,0,54,0.0567,0,0,0,0
24,39,4,0,0,13,0.0558,1,1,1,3
322,31,5,0,0,7,0.3401,1,1,1,3
142,78,2,2,0,23,0.0392,1,0,0,1
131,34,2,0,0,57,0.3199,1,0,0,1
82,80,3,0,0,54,0.1161,1,1,0,2
257,8,0,3,0,12,0.4289,0,0,0,0
175,6,1,0,0,40,0.0581,1,0,0,1
302,64,3,2,0,12,0.3367,1,1,0,2
190,106,3,0,0,14,0.042,1,1,0,2
271,88,1,0,0,17,0.1544,1,1,0,2
0,20,1,3,0,59,0.036,0,0,0,0
170,42,0,3,1,22,0.2545,0,0,0,0
113,35,4,1,0,35,0.1865,1,1,1,3
18,79,0,1,1,19,0.4144,0,0,0,0
231,90,4,2,0,53,0.3722,1,0,0,1
340,81,3,1,0,51,0.206,0,0,0,0
40,90,3,0,1,32,0.1364,1,1,1,3
374,95,2,3,0,26,0.3372,0,0,0,0
81,30,2,1,1,51,0.2941,0,0,0,0
350,75,3,1,0,27,0.0461,0,0,0,0
190,39,3,2,0,24,0.1626,0,0,0,0
35,35,4,0,0,37,0.1794,1,1,1,3
323,90,4,2,0,6,0.1309,0,0,0,0
384,23,4,1,0,57,0.3308,1,1,1,3
47,78,2,1,0,32,0.3505,0,0,0,0
259,60,2,1,1,10,0.3035,1,1,1,3
351,67,2,2,0,13,0.3345,0,0,0,0
24,75,3,1,0,46,0.3229,1,0,0,1
321,112,2,2,0,38,0.4009,0,0,0,0
249,85,4,2,0,41,0.2363,1,0,0,1
16,115,4,3,0,53,0.2216,1,1,0,2
203,53,4,0,0,36,0.3125,1,1,1,3
3,41,1,2,0,13,0.1423,0,0,0,0
379,101,1,3,0,12,0.6205,0,0,0,0
57,2,3,1,0,48,0.4164,0,0,0,0
167,10,1,0,0,50,0.4281,0,0,0,0
335,110,3,2,1,56,0.1533,0,0,0,0
248,91,1,2,0,42,0.2644,0,0,0,0
277,98,3,3,0,9,0.4167,0,0,0,0
204,110,0,1,1,32,0.4295,0,0,0,0
26,24,2,0,0,18,0.3199,1,0,0,1
224,84,0,1,0,2,0.8148,1,1,1,3
327,22,1,0,0,19,0.4281,1,0,0,1
243,40,2,3,1,57,0.2315,0,0,0,0
267,12,3,1,0,3,0.4737,1,0,0,1
158,79,0,0,0,9,0.2003,0,0,0,0
231,9,4,1,0,37,0.2336,1,1,1,3
80,1,4,0,0,22,0.062,1,1,1,3
96,1,3,3,0,40,0.7248,0,0,0,0
38,49,2,1,1,14,0.4619,1,1,1,3
75,111,3,1,1,33,0.1151,1,1,1,3
17,49,2,0,1,18,0.2758,1,0,0,1
155,61,1,3,0,10,0.3714,0,0,0,0
142,5,5,2,0,49,0.0414,1,1,1,3
134,44,1,1,0,4,0.2012,0,0,0,0
287,22,2,2,0,17,0.2675,0,0,0,0
179,70,4,0,0,12,0.1732,1,1,1,3
47,119,0,2,0,10,0.3507,0,0,0,0
66,44,0,2,0,20,0.4133,0,0,0,0
109,18,2,0,0,4,0.1837,1,0,0,1
85,70,2,2,1,8,0.516,1,0,0,1
248,81,2,3,0,5,0.3503,0,0,0,0
356,92,4,2,0,36,0.4558,1,0,0,1
200,65,3,2,0,47,0.3693,1,0,0,1
206,109,4,1,0,38,0.2765,1,0,0,1
292,91,3,1,0,42,0.2946,1,1,1,3
39,82,2,1,0,47,0.3619,0,0,0,0
174,6,2,3,0,0,0.3711,0,0,0,0
210,103,3,2,0,18,0.269,1,0,0,1
158,24,2,1,0,42,0.0147,0,0,0,0
373,78,1,1,0,40,0.5201,0,0,0,0
359,78,2,0,0,6,0.407,0,0,0,0
242,100,5,1,0,54,0.2171,1,1,1,3
111,11,3,0,0,36,0.4223,1,0,0,1
95,42,3,2,0,3,0.501,0,0,0,0
179,30,2,1,0,41,0.2819,0,0,0,0
285,72,2,1,1,53,0.4407,1,1,1,3
70,58,3,2,0,23,0.4164,1,0,0,1
124,2,5,0,0,58,0.3974,1,1,1,3
78,67,2,0,1,27,0.1692,1,0,0,1
282,61,3,2,0,19,0.4166,0,0,0,0
169,84,2,0,0,51,0.1672,0,0,0,0
386,0,1,0,1,58,0.5555,1,0,0,1
142,108,3,0,0,36,0.5131,1,1,0,2
398,63,2,0,0,17,0.0173,1,0,0,1
275,21,1,1,0,20,0.1909,0,0,0,0
112,0,4,3,0,26,0.2849,1,1,1,3
247,98,4,1,0,12,0.1808,1,0,0,1
129,8,2,0,0,52,0.4266,0,0,0,0
189,107,2,1,0,7,0.1976,0,0,0,0
177,99,3,0,1,33,0.5352,0,0,0,0
73,61,2,3,0,18,0.0309,0,0,0,0
397,89,1,0,0,35,0.4518,1,0,0,1
47,10,1,2,0,9,0.0593,1,0,0,1
310,38,4,0,0,17,0.39,1,1,1,3
90,14,0,3,0,45,0.5274,0,0,0,0
133,18,4,2,1,50,0.1822,1,0,0,1
311,57,1,0,0,22,0.1337,0,0,0,0
251,30,1,1,0,56,0.3225,0,0,0,0
310,61,1,0,0,36,0.6582,1,1,0,2
321,108,3,3,0,48,0.095,1,0,0,1
332,54,3,0,0,2,0.2141,1,1,1,3
293,2,4,2,0,7,0.0202,1,0,0,1
336,37,6,2,0,2,0.1819,1,1,1,3
144,79,1,2,0,59,0.4315,0,0,0,0
396,13,1,1,0,39,0.0793,0,0,0,0
347,94,2,1,0,42,0.4947,1,0,0,1
96,104,2,1,0,51,0.0601,0,0,0,0
87,102,0,1,0,5,0.385,0,0,0,0
308,95,2,1,0,24,0.364,0,0,0,0
389,14,1,2,0,35,0.3173,0,0,0,0
45,65,2,0,0,24,0.2226,0,0,0,0
335,28,2,1,0,59,0.3076,1,0,0,1
220,50,0,2,0,51,0.2207,0,0,0,0
57,42,3,1,0,31,0.0493,0,0,0,0
109,28,0,2,1,0,0.5683,1,0,0,1
258,118,2,1,0,59,0.2073,1,0,0,1
97,110,2,1,0,34,0.38,1,0,0,1
366,9,5,0,0,50,0.1513,1,1,1,3
195,51,3,2,0,54,0.3671,1,0,0,1
52,117,0,2,0,52,0.141,0,0,0,0
173,44,5,1,0,39,0.1291,1,1,1,3
29,81,3,3,0,43,0.3742,0,0,0,0
186,33,4,0,0,12,0.4198,1,1,1,3
60,53,2,2,0,37,0.2946,1,0,0,1
130,65,4,1,0,12,0.3591,0,0,0,0
76,25,3,3,1,45,0.038,0,0,0,0
124,48,3,3,0,52,0.1961,0,0,0,0
65,9,4,0,0,26,0.4889,1,1,1,3
231,102,1,1,1,16,0.7797,0,0,0,0
286,113,2,2,0,56,0.2225,0,0,0,0
18,0,2,0,0,28,0.3013,1,0,0,1
191,117,0,3,0,58,0.0637,0,0,0,0
177,52,4,0,0,10,0.42,1,1,1,3
138,17,1,2,0,25,0.3576,0,0,0,0
178,30,1,0,0,15,0.6318,1,0,0,1
152,89,3,1,1,45,0.1121,1,1,1,3
272,27,3,1,0,2,0.2439,1,0,0,1
77,57,3,1,0,48,0.1139,1,1,0,2
369,99,1,1,1,30,0.171,0,0,0,0
17,77,5,1,0,15,0.2446,1,1,1,3
158,66,0,2,0,18,0.2863,0,0,0,0
181,58,2,1,1,48,0.2699,0,0,0,0
6,81,3,2,1,50,0.343,0,0,0,0
387,87,3,2,0,4,0.1597,0,0,0,0
163,46,2,3,0,56,0.2724,0,0,0,0
143,85,3,1,0,26,0.3309,1,0,0,1
109,94,2,2,0,54,0.5023,0,0,0,0
354,8,1,0,0,24,0.0089,0,0,0,0
4,32,2,1,0,23,0.1381,1,0,0,1
29,96,5,1,0,19,0.113,1,1,0,2
50,34,2,1,1,16,0.448,0,0,0,0
367,76,2,3,0,20,0.1076,0,0,0,0
173,68,3,0,0,40,0.263,1,0,0,1
51,101,3,1,0,49,0.83,1,1,1,3
43,6,1,1,1,13,0.285,1,0,0,1
56,85,3,1,0,59,0.218,0,0,0,0
228,4,5,1,1,23,0.3983,1,1,1,3
263,19,3,1,0,43,0.306,1,1,0,2
110,103,5,3,0,37,0.2097,0,0,0,0
393,75,2,1,0,31,0.1171,0,0,0,0
75,5,2,0,0,35,0.1251,1,0,0,1
250,27,7,0,0,56,0.2409,1,1,1,3
94,25,2,1,1,14,0.1893,0,0,0,0
323,8,1,1,0,10,0.5864,0,0,0,0
126,36,2,2,0,54,0.1867,0,0,0,0
241,75,4,2,0,33,0.207,1,1,1,3
75,110,1,1,1,10,0.3515,0,0,0,0
255,19,5,3,0,56,0.3082,1,1,1,3
17,116,6,0,0,43,0.1526,1,1,1,3
214,105,3,2,0,28,0.1952,1,1,0,2
251,8,2,1,0,2,0.2186,0,0,0,0
380,91,4,2,0,7,0.1996,1,0,0,1
96,116,4,0,1,9,0.4132,1,1,1,3
281,65,5,0,1,58,0.3322,1,1,1,3
241,4,5,0,0,21,0.2434,1,0,0,1
245,26,1,0,0,23,0.2249,0,0,0,0
195,43,2,2,0,3,0.1837,0,0,0,0
326,49,1,2,1,1,0.3221,0,0,0,0
303,72,1,0,0,49,0.372,0,0,0,0
87,54,2,1,0,51,0.3767,0,0,0,0
65,40,1,0,0,56,0.1123,0,0,0,0
278,74,6,2,0,33,0.188,1,0,0,1
122,60,1,1,0,58,0.4627,1,1,0,2
136,101,1,0,0,42,0.293,0,0,0,0
248,93,3,1,0,29,0.1848,1,1,1,3
168,38,2,1,0,31,0.589,1,0,0,1
235,36,2,1,1,44,0.0216,0,0,0,0
377,5,5,1,0,44,0.4263,1,1,1,3
69,29,4,1,1,40,0.4104,1,1,1,3
297,14,2,0,0,9,0.2816,1,1,1,3
269,100,4,0,0,10,0.124,1,1,1,3
347,29,0,2,0,8,0.4732,0,0,0,0
385,8,4,0,0,7,0.7088,1,1,1,3
142,23,5,3,0,5,0.1668,1,1,1,3
94,84,0,1,0,26,0.4707,0,0,0,0
344,78,2,0,0,2,0.1587,1,0,0,1
203,53,4,0,0,45,0.3189,1,1,1,3
349,106,2,2,0,50,0.3707,0,0,0,0
147,78,2,2,0,52,0.0978,0,0,0,0
297,21,3,2,1,34,0.6266,1,0,0,1
292,72,2,0,1,33,0.2557,1,1,1,3
112,118,3,2,0,38,0.1463,0,0,0,0
96,19,2,0,0,0,0.2227,1,1,0,2
114,76,4,3,0,41,0.2505,1,1,0,2
138,42,3,2,0,2,0.2739,1,0,0,1
104,89,2,1,0,16,0.1791,0,0,0,0
98,28,0,1,1,16,0.1044,1,0,0,1
300,89,1,0,1,7,0.4118,0,0,0,0
266,35,3,3,0,55,0.0313,1,0,0,1
318,108,3,0,0,28,0.3144,1,0,0,1
353,98,3,0,0,1,0.5321,1,1,1,3
323,83,0,0,0,54,0.0913,0,0,0,0
313,34,3,0,0,55,0.2468,1,1,1,3
149,82,1,3,0,5,0.1614,0,0,0,0
16,60,1,1,0,21,0.2423,0,0,0,0
237,22,1,1,0,42,0.6335,1,0,0,1
290,91,3,1,0,47,0.2243,0,0,0,0
58,72,1,0,0,1,0.5659,0,0,0,0
142,57,2,3,0,12,0.341,0,0,0,0
112,115,3,3,0,28,0.4464,0,0,0,0
108,61,2,2,0,44,0.1207,1,1,0,2
252,13,3,1,0,2,0.291,1,1,0,2
42,77,1,0,0,3,0.0869,0,0,0,0
210,68,1,2,0,39,0.1729,0,0,0,0
399,92,1,3,1,52,0.0975,0,0,0,0
335,38,3,0,0,27,0.2052,1,1,1,3
344,55,2,2,0,37,0.1528,0,0,0,0
34,56,0,1,0,43,0.4682,0,0,0,0
130,76,3,1,1,26,0.0582,1,0,0,1
353,97,2,3,0,43,0.3664,0,0,0,0
137,26,1,0,0,36,0.1131,0,0,0,0
16,66,3,0,0,34,0.402,1,1,1,3
116,27,4,0,0,39,0.3196,1,1,1,3
107,20,1,0,0,55,0.5002,1,1,0,2
373,41,2,1,1,51,0.2674,0,0,0,0
187,83,0,1,0,32,0.1292,0,0,0,0
153,68,2,0,0,29,0.3622,1,0,0,1
271,109,3,1,0,2,0.3477,0,0,0,0
165,63,2,0,0,32,0.3082,1,0,0,1
313,34,3,0,0,55,0.2028,1,1,1,3
260,65,3,3,0,38,0.0272,1,0,0,1
95,50,0,1,0,43,0.2921,0,0,0,0
71,58,1,1,0,2,0.0862,0,0,0,0
328,27,5,0,0,46,0.2042,1,1,1,3
232,115,2,3,0,12,0.1605,1,0,0,1
50,15,2,0,0,2,0.3392,0,0,0,0
83,69,0,2,0,52,0.3358,0,0,0,0
114,90,4,3,0,23,0.4794,1,1,1,3
148,115,2,2,1,46,0.245,0,0,0,0
2,34,2,0,0,10,0.4206,1,1,1,3
49,10,1,1,1,24,0.1704,0,0,0,0
128,117,1,3,0,57,0.3675,0,0,0,0
274,88,1,2,0,45,0.1956,0,0,0,0
398,38,4,0,0,24,0.3535,1,0,0,1
362,109,4,2,0,36,0.3694,1,0,0,1
144,81,0,0,0,30,0.0974,0,0,0,0
27,35,2,1,1,45,0.1197,1,1,1,3
98,109,2,1,0,20,0.3424,0,0,0,0
297,99,1,2,1,44,0.7255,1,0,0,1
267,65,4,1,0,21,0.2653,1,0,0,1
289,97,2,3,0,52,0.2537,0,0,0,0
68,13,2,1,1,53,0.2325,1,0,0,1
308,82,1,1,0,45,0.3828,1,0,0,1
326,61,2,1,0,46,0.1647,1,0,0,1
29,37,3,2,1,24,0.2965,1,1,1,3
137,63,2,2,0,31,0.2769,1,0,0,1
316,106,2,0,0,30,0.4348,1,1,0,2
281,112,3,1,1,52,0.2688,1,1,1,3
87,56,2,1,1,36,0.5012,1,1,1,3
86,23,5,3,0,36,0.1818,0,0,0,0
254,52,3,0,0,10,0.3662,1,1,1,3
155,31,3,0,0,28,0.218,1,1,0,2
63,35,6,1,0,6,0.6708,1,1,1,3
107,105,0,0,0,33,0.452,1,1,0,2
254,66,4,2,0,35,0.3271,1,0,0,1
328,36,3,1,0,18,0.1057,0,0,0,0
224,76,2,2,0,14,0.3492,0,0,0,0
254,78,2,1,1,57,0.4054,1,1,0,2
334,63,3,1,0,22,0.2551,1,0,0,1
320,65,3,0,0,5,0.1964,1,0,0,1
30,26,2,0,0,14,0.3131,1,0,0,1
190,119,5,2,0,10,0.279,1,1,0,2
387,73,2,3,0,20,0.3505,0,0,0,0
258,12,2,2,1,28,0.1086,0,0,0,0
275,7,1,1,0,51,0.3936,0,0,0,0
392,102,2,1,0,22,0.3246,1,1,0,2
313,53,2,1,0,49,0.3418,0,0,0,0
51,100,4,1,0,6,0.2412,1,1,1,3
348,109,3,1,0,59,0.2201,1,1,0,2
328,119,4,0,0,46,0.1343,1,1,0,2
211,92,5,1,0,13,0.3091,1,1,1,3
112,18,3,3,0,55,0.6644,1,0,0,1
160,9,3,3,0,3,0.3634,1,1,0,2
27,23,2,1,0,10,0.5473,0,0,0,0
13,102,3,0,0,20,0.2914,0,0,0,0
290,44,2,1,0,25,0.3153,0,0,0,0
26,32,3,3,0,50,0.1166,1,1,0,2
191,31,2,0,0,12,0.351,1,1,1,3
380,15,2,0,1,41,0.0473,1,1,0,2
133,76,3,2,1,18,0.2683,1,1,1,3
290,55,2,1,0,38,0.0887,0,0,0,0
306,96,2,2,0,17,0.07,1,1,0,2
288,18,5,0,0,41,0.3141,1,1,1,3
3,83,1,2,1,39,0.4128,0,0,0,0
392,70,2,0,0,21,0.5154,1,1,0,2
8,86,5,0,0,7,0.0661,1,1,1,3
105,56,1,1,0,47,0.1033,1,0,0,1
155,47,1,0,0,4,0.1774,0,0,0,0
115,108,2,1,0,14,0.2529,0,0,0,0
365,25,4,3,0,16,0.6726,1,0,0,1
226,55,0,0,0,54,0.2109,0,0,0,0
198,67,2,3,0,57,0.1199,0,0,0,0
256,75,3,0,0,57,0.4533,1,0,0,1
232,110,3,2,0,59,0.6884,1,0,0,1
260,86,2,3,0,27,0.6223,0,0,0,0
27,26,1,1,1,36,0.382,0,0,0,0
237,50,0,0,0,3,0.2184,0,0,0,0
312,60,1,1,0,12,0.441,0,0,0,0
387,37,3,2,0,48,0.4233,0,0,0,0
336,10,4,3,0,4,0.728,0,0,0,0
277,106,2,1,0,9,0.2077,1,1,0,2
294,103,3,0,0,16,0.0864,1,1,0,2
43,32,1,1,0,30,0.5166,0,0,0,0
398,108,3,3,0,5,0.5375,0,0,0,0
352,88,1,2,0,41,0.2422,0,0,0,0
139,39,4,1,0,25,0.3743,1,0,0,1
377,108,3,1,0,21,0.1984,1,0,0,1
128,84,2,1,0,50,0.3805,0,0,0,0
113,16,3,1,0,52,0.1656,1,0,0,1
157,24,4,3,0,25,0.2739,0,0,0,0
54,55,3,0,0,9,0.1172,1,1,0,2
254,115,4,1,1,6,0.1751,1,1,1,3
83,11,0,0,0,26,0.1777,0,0,0,0
165,93,2,2,0,15,0.2347,0,0,0,0
32,71,1,2,0,26,0.688,0,0,0,0
299,59,3,0,0,41,0.7478,1,0,0,1
364,43,0,1,0,45,0.0832,0,0,0,0
294,56,1,2,0,5,0.3379,0,0,0,0
289,5,2,1,0,33,0.6261,0,0,0,0
24,72,4,0,0,45,0.3416,1,1,1,3
396,118,1,2,0,52,0.4414,1,0,0,1
145,31,2,3,0,39,0.2823,0,0,0,0
265,22,3,1,0,22,0.0875,0,0,0,0
100,5,2,1,0,40,0.471,1,0,0,1
235,76,4,1,1,43,0.1935,1,1,1,3
57,119,4,2,0,11,0.272,1,1,1,3
121,60,1,2,0,10,0.5554,0,0,0,0
61,110,1,2,0,43,0.3478,0,0,0,0
207,35,7,0,0,51,0.5508,1,1,1,3
264,27,5,0,0,7,0.5694,1,1,1,3
181,90,4,1,0,53,0.4194,1,1,0,2
165,116,5,3,0,0,0.0393,1,1,0,2
383,102,2,2,0,51,0.1833,0,0,0,0
308,41,3,0,0,46,0.2092,1,1,1,3
97,9,3,3,1,6,0.3217,1,1,1,3
72,118,2,1,0,43,0.1477,0,0,0,0
50,29,4,1,0,0,0.1526,1,1,1,3
243,7,1,3,1,37,0.0954,0,0,0,0
352,6,1,0,0,23,0.508,1,1,1,3
375,109,3,0,1,10,0.1682,1,1,0,2
124,65,5,0,0,47,0.2053,1,1,0,2
381,57,5,3,0,4,0.3994,1,1,1,3
76,119,3,3,0,53,0.1458,0,0,0,0
217,26,2,1,0,19,0.2348,1,0,0,1
141,105,2,1,0,49,0.2834,0,0,0,0
365,28,1,2,1,17,0.1372,0,0,0,0
249,70,1,1,0,36,0.2657,0,0,0,0
153,100,3,3,0,37,0.209,0,0,0,0
295,8,1,2,0,7,0.4107,0,0,0,0
266,96,2,1,0,32,0.3359,0,0,0,0
217,26,2,1,0,47,0.5977,1,1,0,2
34,63,1,1,0,46,0.1703,0,0,0,0
182,101,2,3,0,4,0.148,0,0,0,0
237,109,1,1,0,57,0.3295,0,0,0,0
271,4,4,1,0,20,0.459,1,1,1,3
200,86,5,2,0,16,0.2246,1,1,1,3
152,28,3,1,1,50,0.5631,1,1,1,3
380,18,5,0,0,29,0.1917,1,1,1,3
162,102,3,1,0,47,0.3329,1,0,0,1
234,22,3,2,0,7,0.4903,1,0,0,1
49,88,1,1,0,0,0.2513,0,0,0,0
316,116,3,1,0,16,0.2108,1,0,0,1
160,11,0,0,1,43,0.5695,0,0,0,0
138,119,3,1,1,50,0.0971,1,1,1,3
148,39,4,1,0,13,0.2723,1,1,0,2
269,67,2,3,0,31,0.3574,1,0,0,1
272,86,0,2,0,40,0.5364,0,0,0,0
292,114,1,2,1,53,0.3056,1,0,0,1
170,26,0,2,0,9,0.4329,0,0,0,0
335,38,3,0,0,4,0.2728,1,0,0,1
191,68,3,3,1,39,0.5,1,0,0,1
242,90,4,1,0,9,0.4652,1,1,0,2
316,84,2,0,0,14,0.5408,1,1,1,3
349,32,1,0,0,15,0.039,0,0,0,0
283,110,1,0,0,42,0.2572,0,0,0,0
171,86,4,2,0,1,0.4072,1,0,0,1
190,52,3,0,1,23,0.3109,1,1,1,3
337,114,3,1,1,17,0.1943,1,0,0,1
224,68,2,1,0,16,0.3114,1,1,1,3
28,30,2,2,0,45,0.1133,0,0,0,0
362,62,6,0,0,44,0.0799,1,1,1,3
215,8,2,0,0,55,0.3272,1,1,0,2
390,61,2,1,0,59,0.4853,0,0,0,0
393,107,2,1,0,48,0.0561,1,0,0,1
0,31,1,3,1,53,0.2732,0,0,0,0
392,115,3,2,0,9,0.455,1,1,1,3
152,8,3,2,0,22,0.0423,1,0,0,1
57,7,3,2,1,23,0.4587,1,1,1,3
150,47,2,2,0,31,0.062,0,0,0,0
157,95,2,0,0,52,0.1279,1,0,0,1
83,85,1,1,1,34,0.1728,0,0,0,0
31,28,2,0,0,46,0.5446,1,0,0,1
4,117,1,1,0,34,0.3671,0,0,0,0
310,96,5,2,0,35,0.5054,1,0,0,1
358,69,1,2,0,52,0.3041,0,0,0,0
389,54,1,0,0,25,0.2081,1,0,0,1
266,96,2,1,0,9,0.3032,0,0,0,0
59,40,3,2,0,20,0.5117,0,0,0,0
305,109,2,1,0,48,0.3865,0,0,0,0
140,53,3,1,0,10,0.1517,1,1,0,2
228,31,5,1,0,32,0.5589,1,1,1,3
178,31,2,3,0,50,0.5773,0,0,0,0
174,36,2,2,0,9,0.1936,0,0,0,0
122,114,1,0,0,36,0.3445,1,0,0,1
52,105,3,1,0,36,0.2485,1,1,0,2
391,72,2,2,0,32,0.2543,1,1,0,2
326,95,2,1,1,8,0.3228,0,0,0,0
383,36,3,1,0,5,0.195,1,1,0,2
88,114,2,0,0,34,0.1933,0,0,0,0
3,23,3,3,1,50,0.4044,0,0,0,0
314,73,0,1,0,2,0.0866,0,0,0,0
372,65,4,3,0,12,0.1207,1,0,0,1
8,71,2,2,1,55,0.4732,0,0,0,0
213,73,1,0,0,28,0.3704,0,0,0,0
295,41,2,1,0,47,0.2592,0,0,0,0
318,17,3,0,0,32,0.2067,1,1,0,2
258,111,2,1,1,28,0.275,1,1,0,2
49,48,1,1,0,43,0.2735,1,0,0,1
247,116,2,2,0,55,0.3997,0,0,0,0
234,25,5,1,0,4,0.5049,1,1,1,3
354,15,0,3,1,32,0.2465,0,0,0,0
294,57,2,0,0,33,0.2978,1,1,0,2
105,32,1,1,0,8,0.275,0,0,0,0
168,22,1,2,0,8,0.1717,0,0,0,0
36,104,4,2,1,32,0.4753,1,1,1,3
246,45,5,1,0,37,0.1117,1,1,1,3
377,24,3,1,0,0,0.2596,1,0,0,1
79,92,3,0,0,56,0.2699,0,0,0,0
214,89,2,2,0,34,0.1545,0,0,0,0
249,78,3,1,0,22,0.3307,1,1,1,3
334,18,3,2,0,44,0.2932,0,0,0,0
229,77,3,1,0,44,0.2761,1,0,0,1
286,46,1,3,1,52,0.4928,0,0,0,0
147,44,4,2,0,35,0.3105,0,0,0,0
189,34,4,0,0,32,0.057,1,1,0,2
229,114,3,1,0,21,0.084,0,0,0,0
1,43,0,0,0,21,0.1247,0,0,0,0
146,109,4,0,0,31,0.3354,1,1,1,3
201,22,2,3,0,56,0.2259,0,0,0,0
187,2,3,3,0,4,0.1557,0,0,0,0
200,80,5,2,0,50,0.2633,1,1,1,3
19,104,5,2,0,28,0.4117,1,1,1,3
268,68,1,0,0,46,0.1926,1,1,0,2
292,115,2,3,0,36,0.0292,0,0,0,0
203,30,2,1,0,58,0.412,1,0,0,1
227,80,1,3,0,40,0.3929,0,0,0,0
119,30,1,3,0,53,0.3476,0,0,0,0
374,4,4,0,0,39,0.2124,1,1,0,2
253,64,2,0,1,54,0.274,1,0,0,1
163,66,3,0,0,57,0.4721,1,1,1,3
150,26,1,1,0,36,0.4028,0,0,0,0
40,118,2,1,0,2,0.2637,1,0,0,1
205,51,3,1,0,46,0.0932,1,0,0,1
72,87,4,2,0,56,0.0857,1,0,0,1
337,64,3,2,1,54,0.355,1,1,1,3
279,59,1,2,0,47,0.4171,0,0,0,0
379,88,0,2,0,41,0.2693,0,0,0,0
336,26,1,1,0,25,0.1939,1,0,0,1
211,93,3,1,0,25,0.5769,0,0,0,0
188,44,5,1,0,25,0.3203,1,1,1,3
253,67,2,3,0,57,0.4538,0,0,0,0
316,2,3,1,0,41,0.1589,1,1,0,2
333,35,5,0,1,35,0.1098,1,1,1,3
12,51,0,2,0,46,0.7021,0,0,0,0
203,87,5,0,0,25,0.4398,1,1,1,3
226,103,4,3,0,15,0.3006,1,1,0,2
22,102,1,3,0,26,0.0757,0,0,0,0
101,11,3,2,0,2,0.2214,1,0,0,1
176,103,5,2,0,38,0.4193,1,1,0,2
233,14,2,3,0,31,0.1839,1,0,0,1
11,14,1,2,0,22,0.3584,0,0,0,0
123,82,2,0,1,52,0.1616,1,1,1,3
171,30,2,1,0,22,0.0821,0,0,0,0
8,60,1,2,0,51,0.5235,0,0,0,0
70,11,3,0,0,16,0.6423,1,1,1,3
117,113,4,1,1,58,0.3211,1,1,1,3
12,43,1,2,0,58,0.0608,0,0,0,0
243,24,0,0,1,55,0.2274,0,0,0,0
316,49,1,1,0,41,0.0297,0,0,0,0
369,105,3,2,0,24,0.4968,1,1,0,2
107,30,0,3,0,32,0.0951,0,0,0,0
116,29,3,2,0,44,0.5236,1,0,0,1
336,101,4,0,0,35,0.1288,1,1,0,2
19,93,2,2,0,2,0.1846,1,0,0,1
388,95,3,3,1,17,0.3728,1,1,0,2
313,78,0,1,0,27,0.1612,0,0,0,0
233,47,2,0,0,39,0.0997,1,0,0,1
61,16,4,2,0,41,0.3537,0,0,0,0
164,80,2,0,0,23,0.0756,1,1,0,2
317,35,7,1,1,4,0.1364,1,1,1,3
222,116,4,1,0,10,0.2926,1,0,0,1
387,78,1,2,0,41,0.3435,0,0,0,0
245,50,1,0,0,6,0.083,1,0,0,1
271,61,2,2,1,34,0.6269,1,0,0,1
339,81,3,1,0,53,0.125,0,0,0,0
181,111,4,0,0,23,0.1604,1,1,0,2
389,32,1,2,1,5,0.0988,0,0,0,0
265,114,3,0,1,59,0.287,1,0,0,1
223,48,1,3,0,50,0.0726,0,0,0,0
71,85,2,2,1,17,0.2796,1,0,0,1
132,86,3,0,1,23,0.4944,1,1,1,3
281,103,4,3,0,46,0.1084,0,0,0,0
171,106,2,1,0,27,0.4031,0,0,0,0
380,109,3,2,0,45,0.1798,0,0,0,0
281,11,3,0,0,38,0.1567,1,1,1,3
104,117,1,2,1,1,0.2719,1,0,0,1
169,62,3,1,0,58,0.1483,1,0,0,1
356,112,3,0,0,12,0.6726,0,0,0,0
69,52,3,1,0,2,0.4538,1,1,0,2
14,87,5,1,1,13,0.4177,1,1,1,3
279,19,2,2,0,43,0.3466,0,0,0,0
148,45,2,0,1,56,0.0533,1,1,0,2
231,111,3,1,0,38,0.2479,1,1,0,2
125,38,3,0,0,9,0.177,1,1,1,3
113,107,2,0,0,5,0.1919,0,0,0,0
100,104,3,0,0,37,0.4993,1,1,0,2
85,94,3,2,0,41,0.3782,0,0,0,0
73,64,2,0,1,11,0.3906,1,1,1,3
30,26,2,0,0,2,0.1241,0,0,0,0
393,102,2,0,0,2,0.2958,1,1,1,3
45,18,2,0,0,58,0.296,1,0,0,1
115,115,0,1,0,42,0.3238,0,0,0,0
171,19,2,2,0,34,0.4909,0,0,0,0
81,32,1,1,0,24,0.2916,1,0,0,1
55,36,1,1,0,36,0.3556,0,0,0,0
355,7,4,2,1,1,0.3899,1,1,1,3
383,96,4,0,0,43,0.3183,1,1,0,2
167,112,1,2,1,55,0.0695,0,0,0,0
266,46,2,0,0,9,0.5787,1,0,0,1
316,38,2,2,0,31,0.1084,0,0,0,0
189,46,1,1,0,54,0.3419,1,0,0,1
317,49,3,2,1,51,0.0995,1,0,0,1
269,91,3,2,0,45,0.0377,0,0,0,0
119,37,3,2,0,19,0.178,0,0,0,0
12,92,0,3,1,25,0.3583,0,0,0,0
341,83,1,1,1,0,0.494,0,0,0,0
227,20,1,3,0,12,0.2969,1,0,0,1
133,80,3,2,0,55,0.0977,1,0,0,1
141,49,1,1,0,52,0.1395,0,0,0,0
165,107,3,1,0,1,0.1366,0,0,0,0
64,103,4,2,0,7,0.4143,1,1,0,2
216,69,2,1,0,13,0.1796,1,0,0,1
289,71,0,1,0,10,0.1361,0,0,0,0
45,52,2,1,1,21,0.2505,0,0,0,0
179,106,3,1,0,47,0.481,0,0,0,0
119,22,2,0,0,17,0.1812,1,1,0,2
285,78,3,0,0,56,0.0835,0,0,0,0
261,116,3,1,0,8,0.342,1,1,0,2
137,53,2,1,0,38,0.3038,1,0,0,1
271,36,3,1,0,0,0.3089,1,0,0,1
128,118,4,1,1,56,0.5426,0,0,0,0
119,107,2,2,0,32,0.331,0,0,0,0
262,69,1,0,0,30,0.2596,0,0,0,0
323,49,3,2,0,47,0.2759,0,0,0,0
10,12,2,2,0,1,0.3308,0,0,0,0
307,7,2,0,0,17,0.1659,1,0,0,1
319,1,3,0,0,9,0.3637,1,1,0,2
136,33,5,0,0,17,0.1633,1,1,1,3
227,1,2,0,0,33,0.1263,0,0,0,0
294,116,2,3,1,29,0.1915,0,0,0,0
166,51,2,0,0,2,0.2513,1,1,1,3
28,21,0,0,1,34,0.5906,0,0,0,0
2,40,1,2,0,36,0.4827,0,0,0,0
349,88,0,2,1,28,0.0096,0,0,0,0
119,80,4,0,0,53,0.3711,1,1,0,2
82,62,4,0,1,40,0.2987,1,1,0,2
9,70,0,2,0,21,0.3279,0,0,0,0
154,104,2,0,1,21,0.5545,1,0,0,1
182,91,1,1,0,3,0.2683,0,0,0,0
261,31,2,1,1,52,0.2801,1,0,0,1
64,46,0,1,1,41,0.1206,0,0,0,0
274,41,3,1,0,49,0.2849,1,1,0,2
19,55,3,3,0,6,0.4215,1,0,0,1
87,6,2,1,0,11,0.5352,1,1,0,2
127,103,5,2,0,58,0.2103,1,1,1,3
151,33,4,0,0,55,0.1574,1,0,0,1
396,10,2,0,0,4,0.5007,1,1,0,2
267,83,2,1,0,11,0.0295,0,0,0,0
54,92,3,3,1,15,0.2846,1,0,0,1
233,58,3,2,0,13,0.4862,1,1,0,2
59,16,3,0,1,25,0.3471,1,0,0,1
36,85,3,2,0,23,0.2478,0,0,0,0
1,34,4,1,1,29,0.038,1,1,1,3
44,26,2,1,1,1,0.273,1,0,0,1
212,94,1,0,0,38,0.2498,1,0,0,1
311,102,1,0,1,0,0.5018,1,1,1,3
311,58,1,1,0,9,0.1363,0,0,0,0
335,47,2,3,0,44,0.4703,0,0,0,0
168,66,3,1,0,40,0.342,0,0,0,0
5,28,0,1,0,17,0.3239,0,0,0,0
238,9,3,3,0,39,0.1346,0,0,0,0
231,67,2,1,0,22,0.1526,1,1,0,2
237,47,0,1,0,46,0.1654,0,0,0,0
153,119,3,0,0,20,0.1386,1,0,0,1
234,6,1,1,0,23,0.2135,1,0,0,1
6,7,3,2,0,39,0.1943,0,0,0,0
222,112,0,0,1,10,0.398,0,0,0,0
7,71,1,1,0,41,0.7461,1,0,0,1
323,46,0,2,0,32,0.1349,0,0,0,0
316,46,1,1,0,58,0.0531,0,0,0,0
341,59,4,1,0,38,0.3658,1,0,0,1
19,82,3,0,1,36,0.0609,1,1,1,3
68,31,2,1,1,35,0.237,1,0,0,1
209,14,2,1,1,34,0.2975,0,0,0,0
95,83,1,0,0,20,0.3983,0,0,0,0
340,44,3,0,0,16,0.5027,1,1,1,3
200,56,3,1,0,24,0.5326,0,0,0,0
289,115,1,3,0,49,0.0647,0,0,0,0
151,56,2,1,0,57,0.2717,1,0,0,1
349,94,1,1,1,29,0.4494,1,0,0,1
278,21,2,1,0,58,0.0915,0,0,0,0
164,29,4,1,0,58,0.4573,1,0,0,1
150,92,3,1,1,32,0.3634,1,1,0,2
288,86,2,0,0,17,0.2145,0,0,0,0
250,60,1,1,0,16,0.1043,1,0,0,1
16,51,2,1,0,49,0.6766,0,0,0,0
373,4,1,3,0,29,0.206,0,0,0,0
262,3,3,2,0,41,0.4283,1,1,0,2
179,104,5,1,0,48,0.1606,1,1,1,3
371,2,5,3,1,37,0.4088,1,1,1,3
31,105,5,2,0,21,0.3808,1,1,1,3
35,49,3,3,0,27,0.4688,0,0,0,0
396,44,2,1,0,55,0.2097,0,0,0,0
196,57,2,0,0,10,0.6836,1,1,0,2
315,81,1,3,0,39,0.112,1,0,0,1
317,56,3,1,0,34,0.0492,0,0,0,0
144,3,1,3,1,31,0.1559,0,0,0,0
327,55,2,0,0,7,0.2301,1,0,0,1
155,112,2,1,1,43,0.3257,1,0,0,1
316,56,1,0,0,3,0.3992,0,0,0,0
173,29,4,2,0,57,0.0579,1,1,0,2
14,11,2,1,0,2,0.3252,1,1,1,3
293,72,1,1,0,26,0.5223,1,0,0,1
22,44,2,2,0,13,0.1111,0,0,0,0
45,89,1,0,0,27,0.0323,0,0,0,0
396,69,2,1,0,23,0.6209,0,0,0,0
196,49,1,3,0,1,0.5153,0,0,0,0
134,4,2,3,0,27,0.2019,0,0,0,0
170,93,1,2,0,36,0.5326,0,0,0,0
282,58,0,1,0,13,0.3921,0,0,0,0
58,89,4,3,1,26,0.0052,1,1,0,2
309,45,3,1,0,42,0.1873,1,1,0,2
53,105,4,3,0,19,0.5398,1,1,1,3
371,7,3,0,0,38,0.1709,1,1,0,2
317,0,3,2,0,17,0.3646,1,1,0,2
68,99,2,0,0,13,0.1029,0,0,0,0
96,24,3,0,0,54,0.0792,0,0,0,0
156,18,2,2,0,10,0.3857,0,0,0,0
285,111,2,1,0,55,0.3544,0,0,0,0
393,111,2,2,0,33,0.044,0,0,0,0
379,8,1,0,1,33,0.2439,1,0,0,1
212,47,0,2,1,45,0.255,0,0,0,0
40,101,1,0,0,34,0.5192,0,0,0,0
304,27,3,0,0,40,0.219,1,0,0,1
224,15,2,2,0,5,0.0927,0,0,0,0
186,62,5,0,0,57,0.5602,1,1,1,3
23,96,4,2,0,32,0.1561,1,1,0,2
0,47,0,3,1,18,0.1463,0,0,0,0
333,28,1,1,0,41,0.3708,0,0,0,0
61,53,2,1,1,1,0.3189,1,0,0,1
252,24,3,1,0,53,0.3798,0,0,0,0
8,20,3,0,0,8,0.3756,1,1,0,2
134,40,2,0,0,49,0.6048,1,0,0,1
81,80,2,2,0,20,0.6069,0,0,0,0
226,78,2,2,0,27,0.3076,0,0,0,0
265,41,3,1,0,42,0.1065,0,0,0,0
142,7,4,3,0,3,0.1483,1,0,0,1
98,82,1,0,0,21,0.1616,0,0,0,0
333,108,1,3,0,16,0.3552,0,0,0,0
158,35,3,2,0,29,0.1932,0,0,0,0
284,39,5,0,0,15,0.4064,1,1,0,2
154,105,4,1,0,20,0.1464,1,1,1,3
10,68,2,3,0,40,0.0715,0,0,0,0
355,90,3,1,0,38,0.0861,1,0,0,1
128,16,2,1,0,57,0.2344,1,0,0,1
311,9,3,0,0,36,0.2248,1,1,0,2
43,54,0,1,0,34,0.4984,0,0,0,0
7,96,3,0,0,27,0.4644,0,0,0,0
70,101,2,0,1,37,0.282,1,0,0,1
43,31,2,2,1,23,0.3515,0,0,0,0
216,35,4,2,0,14,0.0369,1,1,1,3
116,80,3,3,0,53,0.2159,1,0,0,1
279,8,2,1,0,1,0.1245,1,1,0,2
328,78,2,1,0,59,0.5461,0,0,0,0
222,47,2,1,0,25,0.1244,1,1,0,2
88,7,4,2,0,57,0.3361,0,0,0,0
89,119,5,3,0,8,0.4785,1,1,1,3
273,87,5,1,1,32,0.2206,1,1,1,3
216,70,2,1,0,58,0.1071,1,1,1,3
277,8,2,3,1,8,0.3315,0,0,0,0
238,17,1,0,0,42,0.6192,0,0,0,0
275,27,1,1,0,43,0.1828,0,0,0,0
128,105,2,0,1,53,0.2121,1,1,0,2
355,96,3,0,0,18,0.1798,1,0,0,1
65,70,1,1,1,15,0.1472,0,0,0,0
218,33,3,1,0,13,0.1581,1,1,1,3
386,65,3,0,0,34,0.1833,1,0,0,1
198,11,3,0,1,0,0.1823,1,1,1,3
60,8,3,3,0,9,0.1057,0,0,0,0
235,110,2,0,0,41,0.1147,1,0,0,1
315,28,1,2,0,15,0.0675,0,0,0,0
19,44,4,1,0,18,0.1033,1,1,0,2
242,47,2,1,1,10,0.1362,0,0,0,0
115,61,1,2,1,27,0.2345,0,0,0,0
153,49,0,3,1,50,0.2347,0,0,0,0
253,52,2,1,0,58,0.1335,0,0,0,0
299,111,3,1,0,17,0.1557,1,0,0,1
226,89,2,0,0,4,0.1301,0,0,0,0
288,38,2,3,0,48,0.1959,0,0,0,0
175,25,3,0,0,35,0.262,1,1,1,3
150,96,3,1,0,1,0.152,1,1,1,3
78,104,4,2,0,30,0.0723,1,1,0,2
276,41,4,0,0,10,0.3803,1,1,1,3
72,46,0,0,0,28,0.2527,1,0,0,1
18,114,1,1,0,42,0.6634,0,0,0,0
185,71,2,2,0,48,0.5342,0,0,0,0
84,46,1,3,0,22,0.2518,0,0,0,0
212,11,1,2,0,56,0.5132,0,0,0,0
263,50,1,0,0,55,0.114,0,0,0,0
143,78,2,0,0,15,0.0514,1,1,1,3
99,114,2,2,0,38,0.1976,1,0,0,1
62,68,2,2,0,45,0.3369,0,0,0,0
201,49,2,3,0,41,0.503,0,0,0,0
1,85,3,1,0,1,0.4985,0,0,0,0
218,27,5,2,0,15,0.6602,0,0,0,0
196,24,3,3,0,38,0.3791,1,1,0,2
213,48,1,0,0,29,0.3008,0,0,0,0
151,84,3,1,0,37,0.1085,0,0,0,0
361,78,1,0,0,14,0.245,0,0,0,0
122,81,3,2,0,37,0.0333,1,1,0,2
190,74,4,1,0,0,0.0979,1,1,0,2
232,40,1,0,1,39,0.1041,1,1,0,2
256,44,3,0,0,35,0.2199,1,1,1,3
250,44,5,1,0,29,0.5859,1,0,0,1
56,25,4,3,0,42,0.3865,0,0,0,0
111,21,3,1,0,32,0.0547,1,0,0,1
127,66,3,2,0,47,0.243,0,0,0,0
235,25,6,2,0,0,0.2322,1,1,1,3
51,78,1,1,0,59,0.5898,1,0,0,1
135,74,5,2,0,21,0.0721,1,1,1,3
263,38,1,2,1,41,0.2744,0,0,0,0
189,116,3,1,0,47,0.0963,1,0,0,1
353,19,2,3,1,13,0.1657,1,0,0,1
99,66,1,0,0,33,0.3984,0,0,0,0
70,15,2,0,0,39,0.1514,0,0,0,0
314,12,2,0,1,10,0.2785,1,1,0,2
59,91,3,1,0,46,0.0953,0,0,0,0
195,103,5,3,0,17,0.019,1,0,0,1
143,15,3,2,0,32,0.0399,1,0,0,1
92,36,1,1,0,17,0.3698,1,0,0,1
4,38,4,1,1,33,0.4381,1,1,1,3
268,62,4,3,0,12,0.2616,0,0,0,0
368,35,2,1,0,2,0.339,1,0,0,1
54,17,3,0,0,0,0.4461,1,0,0,1
224,17,2,2,0,8,0.2745,0,0,0,0
162,10,2,1,0,31,0.5938,1,1,1,3
292,83,2,1,1,34,0.2615,1,1,1,3
142,110,4,1,1,23,0.4548,1,1,1,3
39,12,4,0,0,34,0.251,1,1,1,3
71,84,1,2,1,16,0.0906,0,0,0,0
224,73,3,1,0,39,0.707,1,1,1,3
360,91,3,1,1,25,0.173,1,1,1,3
133,91,3,0,0,20,0.0421,0,0,0,0
15,94,0,1,0,6,0.4277,0,0,0,0
392,54,2,1,0,22,0.2271,0,0,0,0
316,50,1,0,0,6,0.1922,0,0,0,0
189,35,6,2,0,21,0.081,1,1,1,3
313,52,3,0,0,42,0.1635,1,1,0,2
382,65,0,1,0,50,0.0853,0,0,0,0
347,118,1,2,0,48,0.0656,0,0,0,0
97,51,1,2,0,7,0.3405,0,0,0,0
99,85,2,2,0,4,0.5203,1,1,0,2
339,41,2,0,0,13,0.3491,1,0,0,1
278,66,3,1,0,36,0.5369,0,0,0,0
3,92,2,3,0,1,0.0863,0,0,0,0
122,99,2,0,0,26,0.2142,1,0,0,1
105,15,2,2,0,40,0.1575,0,0,0,0
145,52,2,2,0,1,0.4809,0,0,0,0
199,106,0,2,0,46,0.1206,0,0,0,0
323,2,3,2,1,54,0.2984,1,0,0,1
326,102,3,1,1,56,0.3567,1,0,0,1
280,96,3,1,0,34,0.3305,0,0,0,0
370,57,4,0,1,16,0.2753,1,1,1,3
378,2,4,3,0,20,0.3821,1,1,0,2
290,50,0,0,1,25,0.1054,1,0,0,1
87,27,5,1,0,14,0.4107,1,1,1,3
365,83,1,2,0,50,0.5531,0,0,0,0
116,23,3,0,0,6,0.2142,0,0,0,0
148,84,1,1,0,39,0.2869,0,0,0,0
126,56,2,1,1,41,0.0887,1,0,0,1
102,53,1,1,0,26,0.0953,0,0,0,0
324,31,4,0,0,52,0.5694,1,0,0,1
254,78,2,1,1,26,0.1475,0,0,0,0
72,43,0,2,0,42,0.1271,0,0,0,0
20,42,6,2,0,1,0.4137,1,1,1,3
138,78,2,0,0,15,0.8704,1,0,0,1
237,107,0,1,0,39,0.3307,0,0,0,0
98,18,3,3,0,57,0.3959,0,0,0,0
139,97,0,2,0,9,0.1474,0,0,0,0
219,63,4,3,0,40,0.1682,1,1,0,2
369,17,3,2,1,50,0.3813,1,1,0,2
374,38,3,3,1,15,0.5531,1,0,0,1
373,47,0,3,0,25,0.3598,0,0,0,0
69,51,3,0,0,15,0.5221,1,1,0,2
273,45,3,1,0,48,0.0637,0,0,0,0
170,91,1,1,0,19,0.1149,0,0,0,0
349,117,1,0,0,46,0.1012,1,0,0,1
72,81,3,3,0,28,0.139,0,0,0,0
383,20,2,1,0,40,0.0331,0,0,0,0
314,118,2,1,0,14,0.214,1,0,0,1
253,69,3,2,0,50,0.3263,0,0,0,0
130,31,3,1,0,0,0.1284,1,1,0,2
92,86,1,1,0,27,0.4828,1,1,0,2
261,12,5,1,0,47,0.1195,1,1,1,3
78,59,4,3,0,25,0.0733,0,0,0,0
81,99,3,1,0,41,0.1653,1,0,0,1
349,13,1,1,0,50,0.3288,0,0,0,0
232,117,1,0,1,45,0.2423,1,1,1,3
220,14,1,0,0,30,0.1871,1,0,0,1
176,118,3,0,0,39,0.1671,1,0,0,1
399,115,1,0,0,59,0.1789,0,0,0,0
251,112,0,1,0,55,0.389,0,0,0,0
315,93,1,1,0,25,0.2495,0,0,0,0
205,55,2,1,0,33,0.3371,1,0,0,1
335,5,3,1,0,38,0.2216,1,1,1,3
347,70,2,1,0,43,0.1275,0,0,0,0
59,93,1,0,0,37,0.195,0,0,0,0
27,3,2,2,0,50,0.3113,0,0,0,0
70,94,1,2,0,10,0.5391,0,0,0,0
210,70,2,1,0,1,0.1708,0,0,0,0
116,4,2,3,1,42,0.4242,0,0,0,0
390,114,2,1,1,59,0.4681,0,0,0,0
41,111,4,0,1,36,0.3314,1,1,1,3
42,85,1,0,0,52,0.1219,1,0,0,1
48,80,7,1,1,42,0.1616,1,1,1,3
88,32,1,2,0,14,0.2667,0,0,0,0
252,39,5,2,1,12,0.41,0,0,0,0
218,54,3,0,1,53,0.1211,1,1,0,2
58,113,2,2,0,6,0.6123,1,1,1,3
8,29,3,1,0,44,0.3474,1,1,1,3
348,64,2,3,0,18,0.5866,1,0,0,1
378,111,4,2,1,15,0.5114,1,1,0,2
284,12,4,1,0,0,0.0785,1,1,0,2
116,107,2,1,1,48,0.2029,1,0,0,1
143,75,4,0,1,37,0.3178,1,0,0,1
114,115,3,3,0,39,0.1018,1,0,0,1
384,0,4,2,0,55,0.6495,1,1,0,2
122,82,0,2,1,47,0.3038,0,0,0,0
214,30,3,1,1,53,0.4539,1,1,1,3
27,40,1,1,0,53,0.4219,0,0,0,0
108,36,3,1,0,15,0.1338,0,0,0,0
15,99,1,0,0,33,0.2101,0,0,0,0
139,26,1,1,1,58,0.0694,0,0,0,0
245,67,2,2,0,34,0.1212,0,0,0,0
341,26,1,0,0,8,0.2673,1,0,0,1
208,2,4,3,0,57,0.3721,1,0,0,1
330,30,0,2,0,54,0.1952,0,0,0,0
14,88,1,0,0,4,0.5238,0,0,0,0
114,80,3,3,0,8,0.5818,1,0,0,1
262,112,3,1,0,28,0.2994,1,0,0,1
32,107,2,2,0,25,0.0865,0,0,0,0
247,114,1,1,0,25,0.1033,0,0,0,0
126,84,2,1,0,11,0.2956,0,0,0,0
178,70,0,1,0,40,0.1623,0,0,0,0
221,86,2,0,0,51,0.2366,0,0,0,0
96,54,2,1,1,47,0.6315,1,1,1,3
171,114,2,1,1,21,0.3031,1,0,0,1
196,37,2,1,0,9,0.4259,1,0,0,1
141,42,2,1,0,46,0.1611,0,0,0,0
40,35,5,3,0,21,0.2721,1,0,0,1
286,77,4,2,0,8,0.2836,0,0,0,0
84,105,3,3,0,31,0.3108,0,0,0,0
73,100,5,0,1,35,0.5347,1,1,1,3
357,69,1,2,0,20,0.3488,1,0,0,1
203,27,7,1,0,51,0.4064,1,1,1,3
123,71,2,1,0,18,0.0702,1,1,0,2
259,106,2,2,1,10,0.0822,0,0,0,0
100,73,2,2,1,49,0.5193,1,0,0,1
309,98,4,2,1,46,0.0479,1,0,0,1
180,89,4,2,0,14,0.0114,1,1,0,2
24,77,5,2,0,8,0.3596,1,1,1,3
208,30,3,0,0,55,0.0675,1,1,1,3
211,0,4,2,0,29,0.2219,1,1,0,2
257,82,1,3,0,13,0.1242,0,0,0,0
19,107,3,1,0,21,0.254,1,1,1,3
278,103,4,1,0,45,0.241,1,1,1,3
113,118,2,1,0,29,0.1576,0,0,0,0
177,118,4,0,0,33,0.4738,1,1,1,3
383,5,4,1,0,35,0.1213,1,1,1,3
257,42,3,0,0,25,0.2287,1,0,0,1
133,108,2,2,1,57,0.4719,1,1,0,2
204,60,2,0,0,59,0.3509,0,0,0,0
87,7,3,1,0,44,0.1094,1,1,0,2
293,18,4,2,0,50,0.1664,0,0,0,0
207,15,3,3,0,18,0.202,0,0,0,0
87,20,2,2,0,44,0.3478,0,0,0,0
173,16,4,2,0,35,0.269,1,1,1,3
279,84,2,1,0,40,0.5495,0,0,0,0
67,62,3,1,1,40,0.5441,1,1,1,3
375,73,3,1,0,55,0.1506,1,0,0,1
166,21,2,1,0,33,0.3171,0,0,0,0
394,86,4,1,1,55,0.3376,1,1,0,2
42,72,1,2,0,7,0.2683,0,0,0,0
172,28,1,1,0,17,0.3833,0,0,0,0
302,59,5,2,0,1,0.1832,0,0,0,0
311,44,3,1,0,19,0.1328,1,1,0,2
35,73,1,0,0,17,0.3113,1,1,1,3
102,6,1,0,0,22,0.3942,0,0,0,0
9,45,2,2,0,7,0.1552,0,0,0,0
4,88,2,1,1,53,0.288,1,0,0,1
41,32,2,2,0,32,0.2575,0,0,0,0
90,36,0,2,0,18,0.2287,0,0,0,0
194,20,2,0,0,7,0.311,1,1,1,3
390,103,1,1,0,38,0.2759,0,0,0,0
6,62,5,1,0,34,0.5528,1,1,0,2
256,96,3,1,1,54,0.1086,1,1,1,3
336,30,3,3,0,39,0.2594,1,1,0,2
110,86,4,0,0,55,0.0635,1,1,0,2
237,19,1,1,0,26,0.8085,0,0,0,0
332,8,3,2,0,41,0.3551,1,0,0,1
133,112,0,1,0,51,0.0287,0,0,0,0
94,28,1,0,0,19,0.4296,0,0,0,0
360,92,2,0,0,5,0.4236,1,0,0,1
27,47,1,2,0,47,0.2501,0,0,0,0
36,56,2,2,1,8,0.3766,1,0,0,1
376,80,3,0,0,1,0.4095,1,1,1,3
328,92,4,0,1,8,0.1368,1,1,1,3
39,48,3,1,0,11,0.2349,0,0,0,0
243,69,1,2,1,25,0.4432,0,0,0,0
202,78,2,0,0,39,0.1275,0,0,0,0
58,91,2,1,0,39,0.2084,0,0,0,0
163,93,2,2,0,28,0.0407,0,0,0,0
2,113,2,0,0,27,0.0973,1,0,0,1
164,78,0,2,1,40,0.4622,0,0,0,0
81,107,3,0,0,31,0.335,1,1,1,3
43,62,2,2,0,35,0.6983,1,0,0,1
31,102,3,1,0,52,0.2016,0,0,0,0
220,71,2,1,0,14,0.1399,1,0,0,1
123,98,6,0,0,22,0.1197,1,1,1,3
330,119,2,2,0,24,0.2591,0,0,0,0
116,0,1,3,0,51,0.363,0,0,0,0
120,41,3,1,0,16,0.3288,0,0,0,0
119,62,3,0,1,4,0.4327,1,1,1,3
194,27,5,3,0,34,0.1971,1,1,0,2
10,51,2,2,0,38,0.3392,0,0,0,0
398,75,3,1,0,57,0.2814,1,1,0,2
260,106,3,2,0,24,0.1474,1,1,0,2
215,115,3,3,0,51,0.4113,1,0,0,1
186,5,3,2,1,19,0.1967,1,1,1,3
17,15,3,0,1,56,0.4847,1,1,1,3
84,72,2,0,0,54,0.3331,1,1,1,3
147,6,3,3,0,51,0.2263,1,0,0,1
50,45,2,2,0,37,0.0391,0,0,0,0
297,94,1,1,1,50,0.2015,0,0,0,0
68,61,3,2,0,22,0.147,0,0,0,0
173,71,3,1,1,34,0.0472,1,1,1,3
379,40,3,0,0,35,0.3186,0,0,0,0
204,12,2,0,1,42,0.134,0,0,0,0
169,3,3,1,0,24,0.0511,0,0,0,0
293,97,1,2,0,33,0.4233,0,0,0,0
317,114,4,1,0,45,0.1202,1,0,0,1
114,71,3,1,1,35,0.2537,1,1,1,3
55,49,0,1,1,14,0.2263,0,0,0,0
302,102,3,1,1,54,0.2295,1,1,1,3
177,2,5,1,0,45,0.2339,1,1,0,2
288,27,5,3,0,38,0.5237,1,0,0,1
376,80,3,0,0,31,0.2742,1,1,0,2
364,80,3,3,0,48,0.1175,1,0,0,1
368,46,1,2,0,49,0.0789,0,0,0,0
165,30,3,0,0,31,0.3593,0,0,0,0
94,67,0,1,1,3,0.1127,1,0,0,1
139,53,2,0,0,36,0.5174,0,0,0,0
129,116,1,3,0,30,0.1081,0,0,0,0
188,60,1,1,0,17,0.0687,1,0,0,1
212,10,2,1,0,42,0.0657,1,1,0,2
375,110,2,1,1,45,0.1182,1,0,0,1
223,45,4,2,0,47,0.2674,1,1,1,3
204,43,2,0,1,50,0.1457,1,0,0,1
17,32,3,3,1,52,0.1333,1,1,0,2
47,60,1,1,0,47,0.0807,0,0,0,0
95,16,1,1,0,51,0.1337,0,0,0,0
393,77,2,2,0,4,0.4158,0,0,0,0
279,34,2,1,0,10,0.2578,1,0,0,1
214,85,1,1,0,17,0.5327,0,0,0,0
79,9,5,0,0,10,0.5569,1,1,1,3
168,46,2,2,0,34,0.0559,0,0,0,0
256,107,1,0,0,11,0.2464,0,0,0,0
254,12,3,1,0,17,0.6722,1,0,0,1
338,27,5,2,0,4,0.4582,1,1,1,3
101,66,4,1,0,11,0.472,1,1,0,2
380,0,3,0,0,37,0.6051,1,1,1,3
228,10,3,2,0,44,0.0314,0,0,0,0
153,67,1,0,0,51,0.3606,0,0,0,0
3,39,3,3,1,29,0.2595,1,1,0,2
132,59,6,0,0,20,0.0386,1,1,1,3
190,1,4,2,0,43,0.2612,1,0,0,1
203,96,4,1,0,54,0.4019,1,1,0,2
109,103,2,3,0,21,0.1876,1,0,0,1
224,113,1,1,0,1,0.2231,0,0,0,0
274,50,0,2,0,36,0.0291,0,0,0,0
187,38,3,0,0,2,0.4403,1,1,0,2
273,79,2,0,0,26,0.3397,0,0,0,0
212,17,1,2,0,12,0.1205,0,0,0,0
220,26,0,2,0,53,0.6839,0,0,0,0
251,74,3,2,1,27,0.2354,1,1,1,3
143,109,2,0,0,51,0.4053,1,1,0,2
199,60,0,1,0,27,0.4845,0,0,0,0
321,17,2,3,0,30,0.1297,1,0,0,1
89,17,1,0,1,5,0.1643,1,0,0,1
231,96,4,1,0,32,0.1605,1,1,1,3
167,46,0,3,1,12,0.087,0,0,0,0
122,63,1,2,1,0,0.1739,0,0,0,0
68,90,3,1,0,11,0.1501,0,0,0,0
120,93,2,2,0,32,0.1587,0,0,0,0
101,43,3,0,0,11,0.1567,1,1,1,3
76,45,3,2,0,0,0.7027,1,0,0,1
89,105,4,0,0,43,0.1916,1,0,0,1
374,113,2,1,1,2,0.5164,1,1,0,2
252,13,3,1,0,0,0.122,0,0,0,0
23,31,4,3,1,3,0.2825,1,0,0,1
341,106,2,0,0,24,0.1931,1,0,0,1
190,72,3,2,0,31,0.1222,0,0,0,0
324,112,2,1,0,52,0.3078,0,0,0,0
347,9,0,0,0,38,0.4477,0,0,0,0
337,64,3,2,1,12,0.2268,1,0,0,1
144,56,2,2,0,28,0.2553,1,0,0,1
344,104,4,1,0,52,0.0739,0,0,0,0
47,110,1,0,0,3,0.332,1,0,0,1
182,14,1,0,1,34,0.1972,1,0,0,1
192,30,2,2,1,8,0.2571,1,0,0,1
280,105,4,2,1,33,0.4914,1,1,1,3
349,21,2,2,1,34,0.2844,0,0,0,0
223,24,3,0,0,51,0.2217,1,0,0,1
178,101,1,3,0,13,0.481,0,0,0,0
79,56,4,2,0,56,0.4184,1,1,0,2
70,112,1,1,0,39,0.3991,0,0,0,0
140,85,4,2,0,54,0.5494,0,0,0,0
139,33,2,2,0,4,0.1095,0,0,0,0
187,49,3,3,0,3,0.3627,1,1,0,2
300,89,1,0,1,46,0.2781,0,0,0,0
382,94,1,1,0,9,0.1508,0,0,0,0
216,82,2,2,0,55,0.2197,0,0,0,0
78,45,4,1,0,16,0.368,1,1,1,3
311,32,2,0,1,49,0.6372,1,0,0,1
112,82,1,0,1,0,0.5092,1,1,0,2
285,107,1,0,0,37,0.3588,1,0,0,1
54,13,1,2,0,16,0.3842,0,0,0,0
235,39,4,2,1,39,0.1241,1,0,0,1
223,94,2,2,0,16,0.2101,1,0,0,1
329,27,6,2,0,31,0.0705,1,1,1,3
229,15,3,2,1,8,0.2212,1,0,0,1
91,83,0,2,0,20,0.3123,0,0,0,0
300,50,0,1,0,22,0.13,0,0,0,0
192,27,3,2,0,52,0.2611,0,0,0,0
262,71,2,0,0,13,0.2445,1,0,0,1
55,79,1,0,1,22,0.3605,0,0,0,0
174,109,4,2,0,59,0.53,1,1,0,2
342,101,1,1,0,48,0.6686,1,0,0,1
31,67,2,1,1,8,0.0598,1,0,0,1
221,67,1,3,0,48,0.194,0,0,0,0
171,47,2,2,0,8,0.0957,1,0,0,1
137,1,3,2,0,16,0.3635,1,1,0,2
187,102,2,0,0,46,0.2125,1,0,0,1
107,75,1,2,0,43,0.4083,0,0,0,0
349,72,3,0,1,8,0.2398,1,0,0,1
31,79,2,1,0,27,0.4196,0,0,0,0
14,110,3,0,1,31,0.225,1,1,1,3
205,16,4,0,1,28,0.3106,1,1,1,3
149,28,1,2,0,59,0.6125,0,0,0,0
203,51,4,0,0,26,0.2684,1,0,0,1
318,31,2,0,0,37,0.3746,0,0,0,0
333,28,1,1,0,11,0.073,1,0,0,1
64,23,4,2,0,7,0.1316,1,1,1,3
192,12,2,1,0,27,0.4026,1,0,0,1
274,68,2,0,0,27,0.497,1,0,0,1
163,42,4,3,0,1,0.0588,0,0,0,0
96,75,1,2,1,42,0.1188,0,0,0,0
269,18,5,0,0,12,0.3211,1,1,1,3
373,86,1,3,0,56,0.4564,0,0,0,0
159,68,3,2,0,21,0.1209,0,0,0,0
189,99,2,0,0,20,0.3045,1,1,0,2
86,31,4,0,1,26,0.4125,1,1,1,3
337,98,6,1,1,58,0.0761,1,1,1,3
117,24,3,2,0,21,0.1394,1,1,1,3
22,98,3,3,1,29,0.1641,0,0,0,0
133,83,1,0,1,8,0.2192,1,1,0,2
364,50,0,2,0,22,0.3894,0,0,0,0
367,94,0,1,0,18,0.1623,0,0,0,0
193,98,3,2,0,27,0.3608,1,0,0,1
63,106,4,1,0,44,0.0953,1,1,0,2
177,48,2,2,0,0,0.542,0,0,0,0
333,74,5,3,0,50,0.098,1,0,0,1
38,81,4,2,0,58,0.2014,1,1,1,3
80,67,1,0,0,50,0.2693,0,0,0,0
160,3,3,0,0,0,0.3366,1,1,1,3
90,1,0,3,0,42,0.5004,0,0,0,0
346,7,2,3,0,29,0.424,0,0,0,0
180,82,1,1,0,54,0.3042,0,0,0,0
196,25,4,0,0,22,0.376,1,0,0,1
192,40,1,2,1,20,0.4149,1,0,0,1
320,70,2,2,0,32,0.3692,0,0,0,0
332,111,3,0,0,49,0.1176,0,0,0,0
373,55,0,3,0,47,0.0256,0,0,0,0
48,35,7,2,0,38,0.2045,1,1,1,3
330,84,0,0,0,30,0.0713,0,0,0,0
163,97,2,3,1,28,0.3669,0,0,0,0
165,15,4,3,0,9,0.2318,1,0,0,1
22,19,3,0,0,17,0.5144,1,1,1,3
339,19,3,2,0,55,0.0795,1,1,0,2
317,33,5,2,0,14,0.1033,1,1,1,3
391,63,2,2,1,32,0.2866,0,0,0,0
283,108,3,1,0,3,0.0509,0,0,0,0
290,73,2,2,0,34,0.0939,1,0,0,1
21,42,4,2,0,59,0.5341,1,1,0,2
254,109,3,1,0,12,0.6093,1,0,0,1
31,18,5,2,0,43,0.5546,1,1,1,3
119,0,1,0,0,14,0.6313,0,0,0,0
67,43,0,1,0,37,0.0992,0,0,0,0
66,16,1,1,1,25,0.354,0,0,0,0
346,113,1,1,1,36,0.0451,0,0,0,0
211,35,7,1,0,14,0.4855,0,0,0,0
232,92,2,0,0,35,0.2277,1,0,0,1
209,53,2,0,0,39,0.1129,1,0,0,1
356,20,3,1,1,36,0.177,1,1,1,3
60,114,3,1,0,19,0.3817,0,0,0,0
87,79,1,1,0,8,0.2646,0,0,0,0
236,50,1,2,0,27,0.1628,0,0,0,0
83,4,2,0,0,51,0.1498,0,0,0,0
46,35,2,3,1,46,0.6942,1,0,0,1
71,66,1,0,1,20,0.0852,1,0,0,1
85,63,1,3,0,22,0.1488,1,0,0,1
276,4,3,2,0,45,0.423,0,0,0,0
270,20,1,3,0,15,0.1355,0,0,0,0
385,101,2,3,0,58,0.0715,1,0,0,1
198,3,4,0,0,8,0.4903,1,1,1,3
17,58,2,2,0,35,0.2505,0,0,0,0
69,110,3,1,0,16,0.1128,0,0,0,0
240,46,0,2,0,47,0.6168,0,0,0,0
316,25,3,2,1,10,0.413,1,1,1,3
346,36,3,2,1,18,0.3699,1,0,0,1
130,49,1,1,0,3,0.2686,0,0,0,0
189,16,3,0,1,4,0.074,1,1,1,3
318,102,1,3,0,12,0.4118,1,0,0,1
101,53,1,0,0,17,0.4211,1,0,0,1
237,111,2,0,0,8,0.3012,0,0,0,0
361,22,2,2,0,10,0.0769,0,0,0,0
311,54,3,2,0,5,0.1593,1,0,0,1
58,16,1,2,0,23,0.342,0,0,0,0
312,79,0,2,0,12,0.1421,0,0,0,0
344,100,4,2,0,1,0.1476,1,1,1,3
216,55,2,1,0,4,0.2532,0,0,0,0
92,31,1,1,0,53,0.2589,0,0,0,0
360,13,2,1,1,19,0.2045,0,0,0,0
345,14,2,3,0,24,0.145,0,0,0,0
211,59,5,2,0,22,0.1718,1,1,1,3
149,115,2,0,1,11,0.2505,1,1,1,3
272,114,1,1,1,39,0.4195,0,0,0,0
80,62,5,3,0,47,0.0729,1,0,0,1
16,116,5,3,0,37,0.5681,1,0,0,1
369,47,1,2,0,36,0.6015,0,0,0,0
119,48,1,3,0,59,0.4794,0,0,0,0
385,5,3,1,0,17,0.3532,0,0,0,0
245,34,2,0,1,56,0.5,0,0,0,0
203,16,3,1,0,4,0.1086,1,0,0,1
52,105,3,1,0,5,0.4037,1,1,0,2
126,57,3,3,1,57,0.0821,0,0,0,0
243,67,0,3,1,18,0.0772,0,0,0,0
230,24,2,2,0,9,0.3231,1,0,0,1
78,25,5,0,1,8,0.4228,1,1,1,3
357,0,3,0,0,34,0.0159,1,1,1,3
275,6,1,1,0,52,0.1573,1,0,0,1
380,113,3,1,0,32,0.59,1,1,1,3
63,26,1,1,0,36,0.0753,0,0,0,0
314,80,2,2,1,46,0.2856,0,0,0,0
7,10,2,2,0,48,0.2975,0,0,0,0
202,75,2,0,0,54,0.3197,1,0,0,1
285,63,2,1,0,31,0.1747,1,1,0,2
251,54,2,1,1,12,0.2449,1,1,1,3
207,108,3,3,0,57,0.2709,1,0,0,1
120,19,2,3,1,18,0.1923,0,0,0,0
237,91,1,1,0,33,0.5042,0,0,0,0
112,76,4,3,0,17,0.3062,1,0,0,1
99,42,4,3,0,6,0.1596,1,0,0,1
166,10,1,1,0,42,0.467,0,0,0,0
281,104,4,1,0,15,0.1769,1,1,1,3
266,79,1,1,0,21,0.3124,0,0,0,0
164,40,2,3,0,47,0.1919,0,0,0,0
18,86,3,0,0,0,0.4122,1,1,1,3
244,72,3,0,0,16,0.5781,1,1,1,3
75,99,2,1,0,8,0.1125,1,0,0,1
178,55,0,3,0,53,0.2924,0,0,0,0
36,38,1,0,0,11,0.1564,0,0,0,0
277,61,3,3,0,53,0.1575,0,0,0,0
85,20,1,0,0,17,0.2697,0,0,0,0
301,67,1,1,0,38,0.2187,0,0,0,0
303,43,1,1,0,22,0.2954,1,0,0,1
269,73,2,3,1,45,0.1415,0,0,0,0
219,38,3,3,1,11,0.3946,1,1,0,2
282,58,0,1,0,19,0.5097,0,0,0,0
5,6,1,0,0,25,0.1144,0,0,0,0
316,115,2,1,0,54,0.4049,0,0,0,0
374,18,4,0,1,19,0.551,1,1,1,3
371,28,1,1,1,48,0.1782,0,0,0,0
63,31,3,2,1,27,0.0433,0,0,0,0
377,32,2,2,0,58,0.4935,0,0,0,0
132,0,5,0,0,1,0.427,1,1,1,3
223,115,3,0,0,42,0.314,0,0,0,0
369,115,1,2,0,23,0.1847,0,0,0,0
253,109,3,2,0,22,0.2202,0,0,0,0
395,44,2,2,0,16,0.5375,1,0,0,1
208,88,2,2,0,34,0.5243,0,0,0,0
204,99,4,1,0,44,0.0809,1,1,1,3
289,45,1,1,0,50,0.1338,0,0,0,0
96,14,1,3,0,54,0.2837,0,0,0,0
42,43,1,1,0,57,0.4189,0,0,0,0
13,68,5,0,0,46,0.1625,1,1,1,3
184,73,1,2,1,22,0.4813,1,0,0,1
118,68,4,1,0,22,0.3339,1,1,1,3
373,57,1,0,1,14,0.2443,1,0,0,1
61,83,3,1,0,50,0.4057,0,0,0,0
387,64,0,0,1,1,0.203,0,0,0,0
129,76,2,3,0,29,0.1128,0,0,0,0
376,28,1,2,0,50,0.1801,0,0,0,0
340,95,2,1,0,20,0.4529,1,0,0,1
202,93,1,1,0,38,0.2508,0,0,0,0
319,93,2,2,1,35,0.5423,0,0,0,0
297,107,1,1,0,6,0.4198,0,0,0,0
65,31,2,3,0,51,0.3827,0,0,0,0
246,54,2,0,0,4,0.0919,1,0,0,1
366,100,5,3,0,18,0.3625,1,1,0,2
23,25,5,0,1,35,0.3231,1,1,1,3
93,95,1,0,0,36,0.2591,0,0,0,0
208,103,4,0,0,44,0.1872,1,0,0,1
305,1,2,2,1,44,0.2414,1,0,0,1
130,56,2,0,0,26,0.4622,1,0,0,1
376,28,1,2,0,41,0.0555,0,0,0,0
131,6,3,2,1,14,0.4824,1,1,0,2
389,64,1,1,0,16,0.4911,0,0,0,0
244,40,1,0,0,37,0.4125,0,0,0,0
363,86,3,1,0,50,0.232,1,0,0,1
275,119,1,1,0,31,0.4606,0,0,0,0
196,49,1,3,0,23,0.1948,0,0,0,0
239,90,5,2,0,39,0.3556,0,0,0,0
321,50,0,2,0,56,0.4006,0,0,0,0
148,34,3,1,0,36,0.109,0,0,0,0
154,40,2,2,0,58,0.2835,0,0,0,0
183,7,4,0,0,37,0.1571,1,1,1,3
47,72,1,2,0,43,0.3133,0,0,0,0
120,107,3,1,0,58,0.5834,0,0,0,0
242,93,3,0,0,31,0.5212,0,0,0,0
58,45,3,1,0,34,0.2467,0,0,0,0
343,76,2,2,0,53,0.1259,0,0,0,0
136,16,3,1,0,54,0.061,1,0,0,1
307,64,1,3,0,24,0.1127,0,0,0,0
162,80,7,2,0,44,0.0381,1,1,0,2
139,88,1,1,0,13,0.243,1,1,1,3
371,112,2,2,0,46,0.491,1,0,0,1
292,67,2,0,0,41,0.3349,1,0,0,1
162,58,3,0,1,48,0.2539,1,1,1,3
361,77,2,1,1,7,0.562,1,0,0,1
50,95,2,3,0,47,0.2219,0,0,0,0
47,32,2,2,0,54,0.3645,0,0,0,0
228,111,4,0,0,39,0.2169,1,1,1,3
56,48,1,3,0,3,0.4035,0,0,0,0
318,25,4,3,0,51,0.4188,1,1,0,2
16,84,2,2,0,29,0.2675,0,0,0,0
353,6,3,0,0,54,0.5617,0,0,0,0
135,114,1,1,0,0,0.3431,1,0,0,1
387,105,1,0,0,18,0.2867,0,0,0,0
265,106,3,0,0,17,0.4719,1,1,1,3
87,71,2,0,1,59,0.1838,0,0,0,0
61,7,3,0,1,59,0.223,1,1,0,2
221,65,2,0,0,36,0.5368,1,0,0,1
277,119,3,3,1,1,0.0841,0,0,0,0
313,9,2,2,1,58,0.2686,1,1,1,3
396,33,2,3,0,51,0.174,0,0,0,0
310,16,2,2,0,17,0.3293,0,0,0,0
103,16,3,1,0,4,0.1113,1,1,0,2
261,116,3,1,0,53,0.1014,1,0,0,1
253,41,4,2,0,58,0.5904,1,1,1,3
115,7,1,2,0,58,0.3158,0,0,0,0
324,5,4,2,0,50,0.1168,1,0,0,1
335,103,4,0,1,38,0.0603,1,1,0,2
395,78,3,2,0,20,0.7613,0,0,0,0
239,119,5,1,0,19,0.5298,1,1,1,3
103,6,3,3,0,56,0.0806,0,0,0,0
330,70,1,1,1,57,0.4806,0,0,0,0
121,94,1,2,1,34,0.3105,0,0,0,0
374,19,5,0,0,52,0.2217,1,1,1,3
367,55,1,3,0,8,0.4384,1,0,0,1
217,54,3,1,0,20,0.2559,1,1,1,3
251,63,0,1,0,58,0.2263,0,0,0,0
296,6,0,0,0,9,0.0678,0,0,0,0
305,26,0,0,1,57,0.1,0,0,0,0
54,67,2,3,0,47,0.0995,0,0,0,0
301,42,4,2,0,22,0.2031,1,0,0,1
185,61,0,3,0,48,0.2006,0,0,0,0
53,67,1,0,0,21,0.4305,1,0,0,1
90,54,0,1,0,27,0.1005,0,0,0,0
337,74,6,2,1,41,0.1419,1,1,1,3
230,16,3,1,1,46,0.2281,1,0,0,1
395,72,1,3,0,20,0.437,0,0,0,0
23,31,4,3,1,0,0.2231,1,1,1,3
214,91,3,0,1,6,0.2408,1,1,1,3
377,96,5,0,1,50,0.3715,1,1,1,3
236,47,1,3,1,1,0.5575,1,0,0,1
237,76,2,1,1,2,0.3279,1,0,0,1
354,82,0,0,0,48,0.0552,0,0,0,0
110,74,4,0,0,14,0.1077,1,1,1,3
96,35,5,3,0,42,0.1204,0,0,0,0
220,78,1,1,0,29,0.1197,0,0,0,0
303,93,2,2,0,24,0.2208,1,1,0,2
275,107,1,0,1,24,0.4827,1,1,0,2
359,41,0,0,0,45,0.3249,0,0,0,0
257,16,1,1,0,36,0.1491,0,0,0,0
254,56,2,0,0,50,0.1386,1,0,0,1
189,63,3,2,1,27,0.4782,1,1,1,3
344,6,3,1,0,45,0.2694,0,0,0,0
311,11,3,3,0,26,0.1225,0,0,0,0
43,54,0,1,0,3,0.463,0,0,0,0
129,1,2,0,0,14,0.3201,1,1,0,2
161,115,2,3,0,12,0.1601,0,0,0,0
296,26,0,2,0,53,0.2475,0,0,0,0
288,99,4,1,0,42,0.0223,1,1,0,2
344,4,4,2,0,52,0.2782,1,1,0,2
225,59,4,0,1,52,0.3607,1,1,1,3
68,108,3,1,0,26,0.1257,0,0,0,0
41,108,3,1,0,56,0.1021,0,0,0,0
302,38,3,1,0,35,0.3982,1,0,0,1
286,6,2,0,0,38,0.2971,1,0,0,1
156,51,1,0,0,5,0.1287,0,0,0,0
209,67,1,1,0,4,0.3934,1,0,0,1
343,82,1,1,0,32,0.445,1,0,0,1
253,2,4,0,0,53,0.1338,1,0,0,1
355,84,1,0,0,5,0.0134,0,0,0,0
334,17,1,2,0,23,0.1238,0,0,0,0
307,66,1,0,1,34,0.4325,1,1,0,2
206,2,4,1,1,41,0.1879,1,1,0,2
171,73,2,1,0,54,0.2117,0,0,0,0
129,32,2,0,0,7,0.4919,1,1,1,3
227,47,0,3,1,47,0.1539,0,0,0,0
278,29,3,1,0,0,0.1878,1,1,0,2
302,47,2,2,0,57,0.1098,0,0,0,0
223,71,3,2,0,47,0.3416,0,0,0,0
319,42,5,3,0,30,0.1387,1,1,1,3
193,101,1,1,0,52,0.2476,0,0,0,0
22,18,3,0,1,48,0.1184,1,1,1,3
96,8,1,3,0,17,0.2185,0,0,0,0
131,53,3,1,1,9,0.4493,1,1,0,2
157,103,6,0,0,30,0.4556,1,1,1,3
125,35,6,0,1,46,0.2005,1,1,1,3
276,37,3,0,1,44,0.2888,1,1,0,2
298,73,3,1,1,40,0.4534,1,0,0,1
190,107,3,1,0,3,0.1188,1,0,0,1
385,104,4,2,0,14,0.633,1,1,0,2
83,58,2,2,0,33,0.3458,1,0,0,1
104,51,3,1,1,45,0.2977,0,0,0,0
267,103,3,2,0,30,0.1472,1,0,0,1
390,18,2,2,1,9,0.3254,1,0,0,1
272,22,2,2,0,31,0.5334,0,0,0,0
43,82,0,1,0,14,0.525,0,0,0,0
121,71,0,2,0,47,0.115,0,0,0,0
346,32,1,3,0,36,0.1423,0,0,0,0
124,69,3,2,0,58,0.4288,1,0,0,1
106,67,1,0,0,12,0.4098,1,0,0,1
206,115,2,1,0,5,0.3787,0,0,0,0
169,19,4,1,0,44,0.3928,1,0,0,1
313,57,2,2,0,55,0.253,0,0,0,0
267,63,2,2,0,17,0.3688,1,0,0,1
270,4,3,3,0,13,0.5043,1,0,0,1
141,0,3,1,0,13,0.7205,1,1,1,3
122,111,1,0,1,5,0.2668,1,0,0,1
329,32,2,2,0,33,0.3798,0,0,0,0
270,86,3,3,0,3,0.6372,0,0,0,0
318,14,1,3,0,0,0.3869,0,0,0,0
38,105,4,1,1,24,0.3522,1,1,1,3
288,57,3,3,0,20,0.1831,0,0,0,0
183,31,4,3,0,24,0.6874,1,0,0,1
362,16,5,1,0,53,0.2656,1,1,0,2
75,67,2,1,0,45,0.4461,1,1,0,2
310,65,4,3,1,24,0.201,1,1,1,3
131,11,4,1,0,17,0.0473,1,1,0,2
85,44,3,2,0,42,0.3346,0,0,0,0
58,36,1,1,0,28,0.5183,0,0,0,0
140,113,3,2,0,47,0.1358,0,0,0,0
351,119,5,2,0,52,0.2349,1,1,0,2
149,82,1,3,0,25,0.3208,0,0,0,0
179,34,3,1,0,10,0.2724,1,1,0,2
381,102,2,3,0,55,0.5242,0,0,0,0
162,66,3,1,0,58,0.0483,1,0,0,1
141,48,0,2,0,34,0.0133,0,0,0,0
20,73,4,1,0,26,0.3275,1,1,0,2
367,105,2,3,0,16,0.2321,0,0,0,0
107,55,0,0,0,57,0.5774,0,0,0,0
30,66,2,2,0,17,0.3375,0,0,0,0
272,77,2,1,0,46,0.3528,1,0,0,1
13,119,6,0,0,1,0.0761,1,1,1,3
60,61,1,3,0,41,0.6606,0,0,0,0
12,39,0,3,0,53,0.637,0,0,0,0
310,74,4,3,0,45,0.1456,0,0,0,0
292,88,1,2,1,55,0.467,0,0,0,0
166,41,1,0,0,24,0.3373,1,0,0,1
1,25,3,1,0,45,0.4682,0,0,0,0
350,81,2,2,0,31,0.1944,0,0,0,0
309,33,4,1,0,41,0.0647,1,1,1,3
52,19,5,1,0,34,0.1453,1,1,1,3
324,71,2,2,0,16,0.1373,1,0,0,1
6,94,3,1,0,41,0.2471,0,0,0,0
353,38,2,0,0,56,0.2137,0,0,0,0
228,36,3,1,0,14,0.3887,1,1,0,2
0,4,3,3,0,29,0.1377,0,0,0,0
110,28,2,2,0,45,0.1372,0,0,0,0
128,62,3,0,0,41,0.085,0,0,0,0
253,66,2,3,0,53,0.3204,0,0,0,0
214,33,2,2,1,30,0.175,1,0,0,1
311,32,2,0,1,15,0.4382,1,0,0,1
119,119,3,3,0,28,0.3436,1,0,0,1
75,8,1,1,1,14,0.2012,0,0,0,0
395,19,2,0,1,29,0.2045,0,0,0,0
152,106,3,0,0,43,0.1347,1,0,0,1
376,75,2,2,0,43,0.0758,0,0,0,0
29,2,3,0,0,26,0.0889,1,1,1,3
21,39,4,1,0,25,0.2336,1,1,0,2
201,52,2,2,0,57,0.1219,0,0,0,0
351,5,4,1,1,1,0.5182,1,1,1,3
104,10,1,2,0,35,0.43,0,0,0,0
371,113,2,2,0,15,0.051,1,0,0,1
159,118,4,0,0,0,0.3803,1,1,1,3
149,13,1,2,0,54,0.321,0,0,0,0
141,107,1,1,0,56,0.2045,0,0,0,0
396,63,1,0,0,40,0.3211,1,1,1,3
243,81,1,3,0,9,0.2379,0,0,0,0
310,73,2,0,1,19,0.1379,1,1,0,2
347,113,2,2,0,40,0.2545,1,1,0,2
253,38,4,3,1,0,0.0984,0,0,0,0
375,82,2,1,1,25,0.0868,0,0,0,0
152,75,2,1,0,0,0.1293,1,1,0,2
296,28,1,1,0,14,0.4043,0,0,0,0
83,82,0,3,1,34,0.1218,0,0,0,0
164,14,2,3,0,7,0.4041,0,0,0,0
301,97,2,2,0,14,0.2489,0,0,0,0
197,64,2,0,0,5,0.1371,1,0,0,1
250,39,5,0,1,5,0.1858,1,1,1,3
137,12,3,1,0,23,0.2912,1,1,1,3
239,90,5,2,0,6,0.0834,1,1,1,3
79,27,7,0,1,2,0.2364,1,1,1,3
210,29,2,0,0,38,0.1949,0,0,0,0
362,13,2,2,0,45,0.2011,1,0,0,1
121,60,1,2,0,29,0.3084,0,0,0,0
56,108,2,0,0,36,0.3376,0,0,0,0
309,37,2,1,0,53,0.4649,0,0,0,0
180,44,3,0,0,42,0.2893,1,1,0,2
138,21,3,1,0,19,0.1678,1,0,0,1
27,84,0,1,0,21,0.637,0,0,0,0
278,3,4,2,1,17,0.2955,1,1,1,3
211,48,1,1,0,19,0.0343,1,1,0,2
388,70,4,2,1,52,0.2685,1,1,1,3
28,119,2,2,0,50,0.1842,0,0,0,0
371,95,2,0,0,47,0.2646,0,0,0,0
327,40,0,3,0,40,0.2237,0,0,0,0
79,108,3,3,0,33,0.5799,1,0,0,1
243,29,2,1,0,38,0.3433,0,0,0,0
44,77,5,1,0,15,0.4343,1,1,1,3
192,8,1,2,0,22,0.1877,0,0,0,0
242,31,4,1,1,4,0.3844,1,1,1,3
191,56,2,1,0,52,0.2418,0,0,0,0
18,18,4,0,0,16,0.1585,1,1,1,3
239,35,6,1,0,27,0.1152,1,1,1,3
98,51,2,1,0,0,0.0905,1,0,0,1
311,52,1,2,0,36,0.3599,0,0,0,0
255,105,5,3,1,26,0.2581,1,1,1,3
49,118,1,1,0,36,0.0737,1,0,0,1
38,90,5,1,0,20,0.3171,1,1,1,3
13,21,4,2,1,31,0.3808,1,0,0,1
56,12,5,2,0,2,0.4938,1,0,0,1
83,119,2,3,1,2,0.3522,0,0,0,0
30,16,3,0,0,3,0.084,1,1,1,3
129,5,3,1,0,21,0.2987,1,0,0,1
200,29,2,1,1,13,0.1618,0,0,0,0
333,91,3,1,0,9,0.3119,1,0,0,1
207,78,2,1,0,42,0.6125,1,0,0,1
79,16,4,2,1,2,0.1799,1,0,0,1
198,91,3,2,0,46,0.2932,1,0,0,1
252,81,4,2,0,7,0.2862,0,0,0,0
127,21,1,0,0,22,0.3507,0,0,0,0
168,91,2,0,0,13,0.1377,1,1,1,3
136,119,2,3,0,25,0.3108,0,0,0,0
388,77,4,1,0,24,0.3148,0,0,0,0
258,31,1,0,0,19,0.3985,1,0,0,1
245,58,2,1,0,56,0.3502,0,0,0,0
337,38,4,1,1,34,0.2688,1,1,1,3
235,36,2,1,1,0,0.287,0,0,0,0
155,59,3,0,0,31,0.1226,0,0,0,0
293,86,3,2,1,51,0.1838,1,1,1,3
243,50,0,1,0,49,0.3504,0,0,0,0
232,45,4,1,0,46,0.1532,1,1,1,3
117,49,3,2,0,16,0.4474,0,0,0,0
99,95,1,0,1,44,0.277,1,0,0,1
357,91,3,2,0,45,0.3072,0,0,0,0
239,25,4,1,0,11,0.1475,1,0,0,1
379,10,2,0,1,49,0.4439,0,0,0,0
220,60,0,1,0,27,0.0211,0,0,0,0
150,24,2,2,0,43,0.2868,1,0,0,1
211,53,4,0,0,55,0.2447,1,1,1,3
317,66,2,1,0,7,0.0424,0,0,0,0
184,19,3,1,0,14,0.4395,1,1,0,2
325,82,1,2,0,9,0.3448,0,0,0,0
305,47,1,1,0,20,0.0409,0,0,0,0
43,58,1,0,0,18,0.0861,0,0,0,0
196,10,2,0,0,42,0.3042,1,0,0,1
84,40,1,0,1,58,0.3278,1,0,0,1
222,84,3,0,0,29,0.4115,1,0,0,1
60,30,2,3,0,51,0.4498,0,0,0,0
66,95,1,3,0,50,0.3364,0,0,0,0
202,71,2,0,1,19,0.3006,1,1,1,3
16,13,2,1,0,11,0.3469,1,0,0,1
384,119,4,1,0,21,0.4699,1,1,0,2
192,79,0,0,0,20,0.5693,1,0,0,1
2,39,2,2,0,1,0.2402,1,0,0,1
308,51,0,0,1,55,0.6526,0,0,0,0
144,97,0,3,1,50,0.1673,1,0,0,1
16,48,2,0,0,31,0.3429,1,1,1,3
83,55,0,0,0,44,0.1776,0,0,0,0
102,44,2,1,0,57,0.2025,1,0,0,1
206,62,4,1,0,21,0.1512,1,0,0,1
300,69,1,2,0,5,0.0153,0,0,0,0
59,95,3,2,0,22,0.4496,1,0,0,1
191,77,4,1,1,33,0.2992,1,1,1,3
216,19,3,1,0,37,0.5287,1,1,0,2
395,23,3,3,0,28,0.3534,1,0,0,1
350,113,2,0,0,42,0.587,0,0,0,0
253,73,2,3,0,44,0.0619,0,0,0,0
30,67,2,2,0,30,0.5135,0,0,0,0
376,55,0,0,1,54,0.2243,0,0,0,0
340,10,3,1,1,7,0.2674,0,0,0,0
214,17,1,2,0,21,0.1792,0,0,0,0
196,10,2,0,0,51,0.2224,1,0,0,1
95,29,2,1,0,24,0.2922,0,0,0,0
257,31,2,0,0,26,0.4568,0,0,0,0
355,15,2,1,0,53,0.618,0,0,0,0
363,5,4,1,0,34,0.4326,1,1,0,2
373,82,2,0,0,21,0.2457,0,0,0,0
363,52,4,0,1,16,0.1281,1,1,1,3
164,104,4,1,0,26,0.2271,1,1,1,3
121,45,2,2,0,24,0.261,0,0,0,0
0,29,4,2,0,47,0.2572,1,0,0,1
305,116,3,1,0,28,0.3089,0,0,0,0
84,55,2,3,0,26,0.4475,0,0,0,0
384,1,3,1,0,12,0.3895,1,0,0,1
396,10,2,0,0,15,0.1687,1,1,0,2
314,16,3,1,1,56,0.4111,1,1,0,2
397,107,0,2,1,54,0.0489,0,0,0,0
180,112,2,1,1,25,0.3033,1,0,0,1
156,88,1,1,0,31,0.1939,1,0,0,1
289,4,3,3,0,36,0.116,0,0,0,0
29,70,3,2,0,32,0.0483,1,1,0,2
89,45,2,2,0,49,0.5169,0,0,0,0
112,92,3,0,0,0,0.2899,1,1,1,3
69,68,2,1,0,0,0.2548,0,0,0,0
256,17,2,2,0,59,0.1278,0,0,0,0
16,64,1,3,0,29,0.2287,0,0,0,0
279,79,0,1,1,1,0.4561,0,0,0,0
273,10,4,2,1,35,0.146,1,1,0,2
195,35,6,3,0,18,0.1541,1,1,1,3
23,63,4,0,0,21,0.0388,1,1,1,3
208,100,5,3,0,59,0.4706,0,0,0,0
298,7,4,1,0,8,0.4542,1,1,0,2
375,11,4,2,0,53,0.2226,1,1,1,3
345,66,3,3,0,49,0.0882,0,0,0,0
338,68,3,2,0,14,0.1227,0,0,0,0
352,94,0,1,0,14,0.3793,0,0,0,0
285,99,2,1,1,3,0.1964,1,0,0,1
85,15,2,0,1,17,0.2387,1,0,0,1
43,89,2,2,0,47,0.2011,0,0,0,0
125,92,4,0,0,59,0.225,1,1,0,2
253,7,3,3,0,31,0.1969,0,0,0,0
314,81,2,1,0,20,0.5393,1,0,0,1
190,45,3,1,0,34,0.2752,0,0,0,0
34,32,1,1,0,39,0.5546,0,0,0,0
46,7,2,3,0,48,0.2523,0,0,0,0
278,79,2,1,0,4,0.1157,0,0,0,0
182,116,3,3,0,9,0.1719,0,0,0,0
233,71,2,2,0,7,0.6483,1,1,1,3
286,43,2,1,0,31,0.2598,1,0,0,1
242,97,2,1,1,19,0.309,1,1,1,3
107,104,1,1,1,35,0.0298,0,0,0,0
227,65,2,3,0,9,0.1554,0,0,0,0
223,60,1,2,0,58,0.0644,0,0,0,0
378,91,4,1,0,46,0.2279,1,1,0,2
148,95,1,1,1,23,0.1679,0,0,0,0
74,12,3,1,0,31,0.4865,1,1,1,3
281,9,5,3,0,10,0.3295,1,0,0,1
55,96,2,0,0,27,0.3975,1,1,0,2
162,88,2,1,1,48,0.2146,1,0,0,1
223,115,3,0,0,39,0.3984,1,0,0,1
347,0,1,3,0,0,0.3228,0,0,0,0
360,83,2,1,0,11,0.2325,1,1,0,2
330,47,0,1,0,2,0.3913,0,0,0,0
208,77,5,2,0,55,0.4041,1,1,1,3
394,46,2,1,0,45,0.4353,0,0,0,0
387,22,2,0,0,50,0.2549,1,0,0,1
224,3,3,2,1,19,0.3818,1,1,1,3
331,11,3,0,0,0,0.2976,1,1,1,3
90,15,1,0,0,54,0.5275,0,0,0,0
245,23,4,2,0,2,0.4238,1,1,1,3
124,56,4,1,0,12,0.1419,1,1,1,3
176,115,3,1,0,54,0.5453,1,0,0,1
35,72,0,0,1,44,0.2788,0,0,0,0
390,80,2,2,0,0,0.2607,0,0,0,0
380,29,4,1,0,1,0.206,1,0,0,1
115,68,2,2,0,0,0.3732,1,0,0,1
56,67,3,3,0,14,0.402,0,0,0,0
254,86,4,1,0,18,0.1533,1,1,1,3
186,17,2,0,0,19,0.2447,1,0,0,1
350,43,1,1,1,17,0.3608,1,0,0,1
128,110,2,1,0,49,0.2325,0,0,0,0
294,50,1,2,0,13,0.2761,0,0,0,0
384,115,2,2,0,29,0.2867,0,0,0,0
118,117,2,1,0,33,0.4331,0,0,0,0
117,3,4,2,0,15,0.1909,1,1,0,2
217,34,3,1,1,46,0.4293,1,1,0,2
103,77,5,1,0,0,0.4772,1,1,1,3
96,76,4,0,1,34,0.2357,1,1,1,3
335,113,2,2,0,47,0.1406,0,0,0,0
350,115,1,1,0,8,0.2919,0,0,0,0
35,21,1,2,1,49,0.1919,0,0,0,0
121,17,1,0,1,9,0.1108,1,0,0,1
144,106,1,2,0,41,0.3455,0,0,0,0
1,54,1,1,0,22,0.2037,0,0,0,0
305,70,3,1,1,1,0.2187,1,1,1,3
211,52,5,1,0,10,0.169,1,1,1,3
75,40,1,1,0,51,0.465,0,0,0,0
20,17,3,2,0,6,0.0654,1,1,0,2
145,30,1,0,0,22,0.3319,1,1,0,2
242,46,2,1,0,48,0.2043,0,0,0,0
96,94,3,2,1,49,0.1533,1,1,0,2
222,6,3,2,0,52,0.2754,1,0,0,1
370,95,3,0,0,3,0.1404,0,0,0,0
21,59,3,2,0,23,0.1726,0,0,0,0
124,25,6,3,0,46,0.4976,1,1,1,3
89,96,4,1,0,42,0.1315,0,0,0,0
140,50,1,2,0,51,0.1775,1,1,0,2
170,102,1,0,0,33,0.3398,0,0,0,0
136,24,2,0,0,39,0.1626,1,0,0,1
7,106,3,0,1,28,0.122,1,1,1,3
273,84,2,0,1,10,0.3078,0,0,0,0
15,75,3,1,0,59,0.6512,0,0,0,0
187,118,1,2,0,9,0.0965,1,0,0,1
48,98,8,2,0,27,0.192,1,1,1,3
60,30,2,3,0,29,0.217,0,0,0,0
163,6,2,0,1,30,0.363,1,1,0,2
349,108,1,3,1,42,0.1626,0,0,0,0
169,22,2,1,0,4,0.1711,0,0,0,0
279,26,0,1,1,25,0.1286,0,0,0,0
156,70,2,0,1,8,0.2391,1,1,0,2
248,51,1,2,0,32,0.3136,0,0,0,0
295,71,2,1,0,28,0.2991,1,1,0,2
357,23,5,3,0,33,0.3818,1,1,0,2
162,7,4,1,0,8,0.3073,1,1,0,2
76,8,1,3,0,3,0.1783,0,0,0,0
162,94,3,0,1,28,0.3942,1,1,1,3
353,85,4,2,1,15,0.099,1,1,1,3
351,60,1,1,0,46,0.1848,1,1,0,2
198,18,2,0,0,30,0.2561,1,0,0,1
192,65,3,1,0,42,0.4131,1,1,0,2
390,113,1,1,1,8,0.1374,1,0,0,1
59,100,4,1,0,0,0.2682,1,1,0,2
30,56,4,0,1,0,0.545,1,1,1,3
166,20,0,2,0,57,0.3134,0,0,0,0
136,48,2,3,0,5,0.6039,0,0,0,0
33,73,1,0,0,46,0.3516,0,0,0,0
54,40,1,3,0,3,0.285,0,0,0,0
214,35,4,1,0,40,0.0625,1,0,0,1
373,51,0,1,0,59,0.2913,0,0,0,0
302,91,4,0,0,15,0.2398,1,1,0,2
181,65,4,1,0,55,0.3317,1,0,0,1
368,104,2,1,0,0,0.3626,1,0,0,1
113,103,2,1,0,22,0.1507,0,0,0,0
125,60,2,1,1,54,0.2215,1,1,1,3
356,71,1,1,0,28,0.1787,0,0,0,0
367,113,1,2,0,40,0.424,0,0,0,0
298,32,2,1,1,41,0.3329,0,0,0,0
389,112,2,0,1,5,0.1451,1,1,1,3
215,61,0,0,0,35,0.3327,1,0,0,1
371,66,3,0,0,51,0.4231,1,0,0,1
102,21,2,2,0,54,0.0837,0,0,0,0
206,53,0,1,0,27,0.5409,0,0,0,0
296,72,1,0,1,45,0.1914,1,0,0,1
384,106,2,1,0,45,0.275,1,0,0,1
64,93,3,0,0,4,0.3213,1,1,1,3
167,80,2,3,0,35,0.6144,1,1,0,2
38,16,3,0,0,16,0.2015,1,1,1,3
147,26,1,1,0,15,0.416,1,0,0,1
262,21,2,1,1,21,0.453,0,0,0,0
121,37,2,2,0,4,0.209,0,0,0,0
396,86,1,3,0,57,0.163,0,0,0,0
56,55,3,0,0,58,0.2795,1,1,0,2
396,85,0,2,0,29,0.1747,0,0,0,0
325,52,4,0,0,1,0.261,1,1,0,2
17,76,6,0,0,27,0.458,1,1,1,3
55,51,1,1,0,17,0.2867,0,0,0,0
230,36,1,0,0,49,0.4789,1,1,0,2
123,67,1,0,0,45,0.2106,1,0,0,1
202,28,1,0,1,58,0.1542,1,0,0,1
268,115,2,3,0,0,0.2615,0,0,0,0
229,83,2,0,0,27,0.2069,1,0,0,1
260,76,3,3,0,10,0.3061,1,1,0,2
275,24,1,2,0,52,0.2205,0,0,0,0
347,77,2,2,1,45,0.6005,1,1,0,2
86,9,4,3,0,16,0.1945,0,0,0,0
396,94,1,1,1,10,0.3733,0,0,0,0
57,55,2,1,0,24,0.0886,0,0,0,0
179,12,4,0,0,20,0.5601,1,1,1,3
100,24,3,1,0,38,0.705,1,1,1,3
200,20,2,2,0,35,0.0623,0,0,0,0
349,0,3,3,0,2,0.2131,0,0,0,0
353,30,2,0,0,33,0.4465,0,0,0,0
175,31,1,3,0,38,0.3744,0,0,0,0
190,109,4,1,0,11,0.3021,1,1,1,3
184,93,3,0,0,10,0.1437,1,1,0,2
227,50,0,2,0,36,0.4021,0,0,0,0
122,4,3,1,0,23,0.1239,1,0,0,1
139,84,2,1,0,27,0.1503,0,0,0,0
164,72,2,3,0,30,0.0834,1,0,0,1
108,32,1,2,0,55,0.2483,0,0,0,0
347,89,2,3,0,20,0.3436,1,0,0,1
169,84,2,0,0,48,0.2978,0,0,0,0
63,12,4,0,0,9,0.1745,1,1,1,3
366,42,7,3,0,30,0.2569,1,1,1,3
14,25,4,2,0,40,0.2035,1,1,1,3
66,50,0,1,1,25,0.0934,0,0,0,0
325,111,2,0,0,57,0.1824,1,0,0,1
299,53,3,2,0,46,0.0855,0,0,0,0
159,91,3,1,0,17,0.1884,1,1,0,2
339,34,4,1,0,22,0.1717,1,0,0,1
20,18,4,2,0,48,0.2742,1,1,0,2
115,32,1,2,0,33,0.7263,0,0,0,0
392,90,4,2,0,16,0.1815,1,1,0,2
126,45,2,2,0,42,0.0491,0,0,0,0
294,15,3,3,0,12,0.177,0,0,0,0
218,14,2,2,0,54,0.3754,0,0,0,0
283,79,1,0,0,1,0.0295,0,0,0,0
95,95,0,1,1,7,0.2997,1,0,0,1
6,101,3,1,0,43,0.3561,0,0,0,0
335,112,1,2,0,18,0.1433,0,0,0,0
264,58,2,1,0,57,0.4801,0,0,0,0
304,113,1,2,0,5,0.2157,0,0,0,0
90,50,0,1,0,24,0.244,0,0,0,0
118,112,1,1,0,25,0.0169,0,0,0,0
244,43,1,1,1,24,0.2539,0,0,0,0
368,64,1,2,1,42,0.1687,0,0,0,0
68,66,2,2,0,46,0.2237,0,0,0,0
130,25,3,2,0,0,0.0547,1,0,0,1
353,27,5,0,1,25,0.0799,1,1,0,2
294,43,1,1,0,10,0.1556,0,0,0,0
332,107,3,1,0,20,0.1636,0,0,0,0
56,71,2,2,1,36,0.3474,1,0,0,1
26,79,2,1,0,45,0.3586,0,0,0,0
144,23,2,0,0,39,0.1891,1,0,0,1
344,76,5,2,0,59,0.1548,1,0,0,1
374,115,2,0,0,30,0.2292,0,0,0,0
236,96,3,2,0,42,0.2586,0,0,0,0
111,53,3,2,0,16,0.5284,0,0,0,0
179,59,4,2,0,29,0.1494,1,1,1,3
180,26,1,1,1,56,0.4159,0,0,0,0
397,26,0,1,1,26,0.2368,0,0,0,0
196,56,2,2,0,0,0.5785,1,0,0,1
106,113,1,2,0,51,0.1055,0,0,0,0
176,19,3,1,0,50,0.3344,1,1,1,3
47,63,1,2,0,32,0.091,0,0,0,0
6,97,1,1,0,40,0.4751,0,0,0,0
88,50,0,0,1,57,0.1566,0,0,0,0
58,84,2,2,0,3,0.0727,0,0,0,0
29,58,3,2,0,34,0.2588,1,0,0,1
368,113,0,1,1,22,0.4071,0,0,0,0
364,97,1,3,1,15,0.163,1,0,0,1
5,66,2,0,0,54,0.0564,0,0,0,0
18,100,4,0,0,4,0.4275,1,0,0,1
209,77,3,1,1,47,0.1945,1,1,0,2
4,82,2,1,0,54,0.2122,0,0,0,0
167,28,1,1,0,57,0.3678,0,0,0,0
60,59,3,0,0,37,0.0726,0,0,0,0
222,119,4,2,0,51,0.3194,1,1,1,3
280,86,4,2,0,45,0.0711,1,0,0,1
216,4,3,1,0,37,0.1913,1,0,0,1
176,94,2,1,0,31,0.4039,0,0,0,0
26,39,3,3,1,35,0.1762,0,0,0,0
289,6,1,0,0,50,0.1657,0,0,0,0
87,13,0,0,0,45,0.1589,0,0,0,0
317,9,4,1,0,26,0.3286,0,0,0,0
362,16,5,1,0,21,0.5754,1,1,1,3
56,31,3,0,0,32,0.1926,1,1,1,3
398,19,5,3,0,32,0.1863,1,0,0,1
13,51,4,1,0,9,0.1109,1,1,0,2
4,112,3,1,0,45,0.2604,1,1,0,2
2,23,3,2,0,41,0.2798,1,1,0,2
59,116,3,1,0,28,0.3809,1,0,0,1
308,97,2,2,1,58,0.3855,1,0,0,1
165,76,3,3,0,56,0.2591,1,0,0,1
358,11,1,0,0,8,0.6032,1,1,1,3
268,29,3,2,0,51,0.0949,1,0,0,1
132,1,4,3,0,34,0.3993,0,0,0,0
332,74,6,1,0,15,0.409,1,1,1,3
95,100,2,2,0,25,0.4677,0,0,0,0
230,4,4,2,0,41,0.1663,1,1,0,2
54,56,2,1,1,54,0.2065,1,0,0,1
397,85,3,1,0,56,0.1552,1,1,0,2
300,69,1,2,0,26,0.2633,0,0,0,0
85,33,4,0,0,17,0.3582,1,1,1,3
21,58,2,0,0,53,0.4183,1,1,0,2
12,104,1,1,1,31,0.2735,0,0,0,0
198,11,3,0,1,24,0.2205,1,0,0,1
28,46,0,1,0,0,0.2543,0,0,0,0
303,49,1,3,0,36,0.2862,0,0,0,0
336,77,6,1,0,3,0.1316,1,1,1,3
238,102,2,3,0,58,0.2524,0,0,0,0
143,117,0,1,0,53,0.6263,0,0,0,0
359,33,3,2,0,46,0.094,1,0,0,1
42,25,3,2,1,43,0.2921,1,1,1,3
261,71,2,1,0,48,0.3737,0,0,0,0
225,91,1,2,0,38,0.424,0,0,0,0
85,57,3,3,0,40,0.2963,1,0,0,1
54,90,4,0,0,23,0.1429,1,1,0,2
136,59,3,0,0,33,0.1565,1,1,0,2
209,0,3,2,0,36,0.4946,1,0,0,1
19,91,4,1,0,52,0.2412,1,0,0,1
227,107,1,1,0,42,0.1,0,0,0,0
37,63,1,2,0,53,0.0889,0,0,0,0
286,102,3,0,1,0,0.1258,1,1,1,3
102,11,2,3,0,32,0.1974,1,0,0,1
368,90,1,2,0,13,0.3666,0,0,0,0
257,54,2,1,1,21,0.4445,1,1,1,3
183,26,1,2,1,2,0.5573,1,0,0,1
73,47,1,0,0,17,0.07,1,1,1,3
352,28,0,1,0,37,0.3527,0,0,0,0
146,18,5,2,0,45,0.2765,1,1,0,2
202,50,0,1,0,0,0.2236,0,0,0,0
100,94,2,1,0,34,0.4909,1,0,0,1
61,48,2,0,1,51,0.1968,1,1,1,3
358,85,2,1,0,30,0.0677,0,0,0,0
79,80,6,3,1,50,0.6637,1,1,1,3
331,75,1,2,1,17,0.2066,1,0,0,1
241,73,4,3,0,38,0.2437,1,0,0,1
295,79,0,0,0,41,0.3258,0,0,0,0
183,80,4,3,0,24,0.1001,1,0,0,1
106,92,1,0,0,49,0.3324,0,0,0,0
215,76,2,3,1,48,0.2396,0,0,0,0
108,102,2,2,0,21,0.3425,0,0,0,0
346,89,3,0,0,38,0.1264,1,0,0,1
136,91,4,2,0,34,0.1796,1,1,1,3
256,9,5,1,0,15,0.5032,1,1,0,2
169,45,2,1,1,31,0.0749,1,0,0,1
371,88,1,2,0,58,0.493,0,0,0,0
269,52,3,1,0,25,0.2599,1,1,1,3
29,69,2,2,1,59,0.047,1,0,0,1
319,54,3,2,1,18,0.4136,0,0,0,0
321,79,2,2,0,13,0.4056,0,0,0,0
24,63,3,0,0,49,0.6046,1,0,0,1
272,94,1,0,1,14,0.2326,1,0,0,1
142,3,3,0,0,26,0.523,0,0,0,0
193,51,1,1,0,15,0.066,0,0,0,0
53,34,4,2,0,7,0.0999,1,0,0,1
21,54,2,1,0,35,0.1463,0,0,0,0
233,20,4,0,0,10,0.1171,1,1,1,3
83,28,0,2,0,28,0.0504,0,0,0,0
340,102,2,1,0,15,0.1325,1,1,0,2
237,107,0,1,0,11,0.3738,0,0,0,0
231,53,3,0,0,21,0.6256,1,1,0,2
15,24,1,1,0,28,0.1522,0,0,0,0
262,114,2,1,1,29,0.4731,1,1,1,3
370,74,4,3,0,52,0.2615,0,0,0,0
130,12,3,1,0,29,0.2161,0,0,0,0
0,60,0,1,0,58,0.3696,0,0,0,0
81,44,3,0,1,46,0.253,1,1,1,3
276,89,2,2,0,34,0.3981,1,0,0,1
289,106,1,2,0,56,0.2565,0,0,0,0
192,72,2,2,0,2,0.2504,0,0,0,0
276,73,2,1,0,26,0.3458,1,0,0,1
234,114,3,1,0,4,0.4211,0,0,0,0
35,84,2,2,0,18,0.4137,0,0,0,0
200,102,2,1,0,11,0.0476,1,0,0,1
62,42,3,1,1,27,0.0158,0,0,0,0
2,23,3,2,0,57,0.3897,1,0,0,1
318,79,2,1,0,21,0.1185,0,0,0,0
127,76,4,1,0,37,0.2256,1,1,1,3
284,24,3,3,0,33,0.1732,1,0,0,1
91,2,2,0,0,12,0.2829,1,0,0,1
220,92,2,0,0,45,0.3827,0,0,0,0
225,48,1,3,0,46,0.2091,1,0,0,1
342,36,2,1,0,25,0.1159,1,1,0,2
117,103,6,1,0,23,0.2037,1,1,1,3
79,21,4,2,0,11,0.2539,0,0,0,0
280,111,3,1,0,40,0.5529,1,1,0,2
355,75,3,1,0,43,0.1514,0,0,0,0
35,12,3,1,0,55,0.1036,0,0,0,0
131,22,2,1,1,14,0.4102,0,0,0,0
149,50,1,1,0,45,0.3786,0,0,0,0
41,117,1,2,0,1,0.0819,0,0,0,0
211,76,5,2,0,38,0.3226,1,1,1,3
362,32,3,3,0,18,0.1448,0,0,0,0
22,37,4,2,0,12,0.2197,1,1,0,2
341,114,2,0,1,17,0.335,1,1,1,3
254,105,4,1,1,18,0.3175,1,1,1,3
166,99,0,1,0,8,0.3987,0,0,0,0
269,41,4,2,0,12,0.1584,1,1,1,3
267,28,0,1,1,19,0.5488,0,0,0,0
327,83,1,2,0,4,0.067,0,0,0,0
176,66,3,2,0,57,0.3846,0,0,0,0
252,118,3,0,0,58,0.2004,1,1,1,3
47,5,2,1,0,38,0.0992,0,0,0,0
261,13,2,1,1,29,0.0589,1,0,0,1
264,83,1,1,0,2,0.4969,1,0,0,1
71,96,1,2,1,50,0.3695,0,0,0,0
386,85,4,1,0,1,0.2083,1,1,1,3
134,55,0,3,0,34,0.26,0,0,0,0
194,97,2,0,1,7,0.09,1,0,0,1
211,61,2,1,0,24,0.2313,0,0,0,0
279,43,0,0,0,43,0.3814,0,0,0,0
201,112,1,2,0,52,0.5913,0,0,0,0
47,19,2,1,0,59,0.2124,0,0,0,0
277,72,1,3,0,27,0.2254,0,0,0,0
247,114,1,1,0,59,0.6896,0,0,0,0
42,23,2,2,0,17,0.3227,0,0,0,0
222,117,2,2,0,6,0.5065,0,0,0,0
266,77,2,1,0,37,0.0757,0,0,0,0
313,41,3,1,0,28,0.5482,1,0,0,1
129,106,0,2,0,38,0.2406,0,0,0,0
157,48,2,0,0,47,0.3509,1,0,0,1
134,102,3,0,0,17,0.0287,1,1,1,3
394,57,3,2,0,38,0.2632,0,0,0,0
274,37,2,1,0,41,0.3345,0,0,0,0
192,40,1,2,1,28,0.2723,1,0,0,1
384,48,2,1,0,21,0.308,1,1,1,3
304,59,2,3,1,58,0.3674,0,0,0,0
108,94,1,1,0,28,0.4229,0,0,0,0
317,87,4,0,0,9,0.3641,1,1,0,2
331,50,1,1,0,30,0.2087,0,0,0,0
351,115,4,1,0,4,0.1387,1,0,0,1
263,42,4,1,0,8,0.1851,1,1,1,3
303,82,0,0,0,42,0.1078,0,0,0,0
264,119,3,0,0,43,0.4323,0,0,0,0
58,116,3,3,0,10,0.4311,0,0,0,0
227,14,2,0,0,45,0.5233,1,0,0,1
315,46,0,0,0,10,0.2751,0,0,0,0
347,97,1,3,0,6,0.2795,0,0,0,0
143,119,4,1,0,37,0.4003,1,1,1,3
345,8,4,3,0,32,0.3068,1,1,1,3
246,90,4,1,1,28,0.668,1,1,0,2
177,101,4,1,0,4,0.1423,1,1,0,2
60,15,4,0,1,12,0.2532,1,1,1,3
130,81,5,2,0,20,0.4899,1,1,1,3
283,8,2,2,0,4,0.557,0,0,0,0
100,53,3,1,0,42,0.2408,1,0,0,1
256,57,4,1,0,34,0.1313,1,1,0,2
152,71,2,1,1,46,0.4116,0,0,0,0
156,97,1,2,0,54,0.0608,0,0,0,0
36,111,3,2,0,9,0.1845,1,0,0,1
240,107,2,0,0,47,0.1784,1,1,1,3
242,106,3,0,0,5,0.2948,1,0,0,1
360,22,1,3,1,28,0.1018,0,0,0,0
113,32,2,1,0,7,0.2026,0,0,0,0
35,66,2,0,0,49,0.453,1,0,0,1
183,85,5,2,0,1,0.3031,1,0,0,1
240,119,4,1,0,40,0.3142,1,1,1,3
4,1,3,1,0,54,0.1725,1,0,0,1
53,112,1,2,0,33,0.3647,0,0,0,0
99,102,1,0,1,30,0.2854,0,0,0,0
22,74,3,0,1,30,0.3386,1,1,1,3
14,9,4,2,0,22,0.3485,1,1,1,3
42,25,3,2,1,9,0.3544,1,0,0,1
338,102,1,2,0,54,0.473,0,0,0,0
239,49,1,2,0,26,0.4046,0,0,0,0
28,4,2,1,0,58,0.1473,0,0,0,0
133,59,2,2,0,10,0.2504,0,0,0,0
270,73,3,0,0,58,0.4536,1,0,0,1
334,30,3,1,0,8,0.1749,1,1,0,2
333,69,3,1,0,46,0.5556,1,1,0,2
355,35,4,2,0,54,0.2635,0,0,0,0
345,102,1,3,0,9,0.6495,1,0,0,1
50,119,3,3,0,2,0.0901,1,0,0,1
235,108,3,1,1,30,0.2176,1,1,0,2
65,57,2,0,0,36,0.0777,1,0,0,1
279,47,1,2,0,2,0.439,0,0,0,0
8,118,2,1,0,31,0.3617,0,0,0,0
332,100,4,1,0,4,0.0357,1,1,1,3
167,15,2,3,1,43,0.2027,0,0,0,0
190,117,2,2,1,2,0.0529,1,1,0,2
234,57,3,1,0,33,0.1549,1,0,0,1
312,105,1,3,0,27,0.1757,0,0,0,0
52,33,5,1,0,31,0.0481,1,1,1,3
134,54,1,2,1,41,0.2469,0,0,0,0
211,40,3,1,0,40,0.3743,1,1,0,2
213,14,0,0,0,50,0.1177,0,0,0,0
206,91,3,1,0,29,0.2089,1,1,1,3
211,111,5,1,1,40,0.1268,1,0,0,1
367,115,2,3,0,44,0.2947,0,0,0,0
125,50,1,2,0,40,0.4868,0,0,0,0
80,61,2,0,0,57,0.1035,0,0,0,0
311,104,3,2,0,56,0.1718,1,0,0,1
304,112,2,2,0,36,0.2097,0,0,0,0
268,43,2,1,0,39,0.0881,0,0,0,0
234,82,2,1,1,46,0.3616,1,0,0,1
310,1,3,0,1,13,0.2759,0,0,0,0
55,57,3,2,0,36,0.4129,0,0,0,0
319,61,3,0,0,26,0.1278,1,1,0,2
66,19,2,0,1,36,0.3613,1,0,0,1
76,48,1,3,1,19,0.5512,0,0,0,0
58,30,2,0,0,43,0.2499,1,0,0,1
362,64,2,0,0,54,0.4099,0,0,0,0
56,81,3,3,1,10,0.1469,1,0,0,1
229,71,2,0,0,23,0.1752,1,0,0,1
158,19,1,1,0,19,0.4385,0,0,0,0
201,84,3,2,0,59,0.199,0,0,0,0
65,21,1,2,0,48,0.0752,0,0,0,0
126,28,2,2,1,42,0.1565,0,0,0,0
312,111,1,2,0,16,0.391,0,0,0,0
147,13,3,2,0,32,0.249,0,0,0,0
170,48,1,0,0,19,0.2596,0,0,0,0
274,58,2,1,0,40,0.2714,1,0,0,1
369,38,2,1,1,24,0.387,1,0,0,1
315,73,2,3,0,20,0.0881,0,0,0,0
213,111,1,2,0,16,0.398,0,0,0,0
285,55,2,2,0,19,0.0237,0,0,0,0
70,59,5,0,0,11,0.3987,1,1,1,3
247,77,2,1,1,14,0.4381,1,0,0,1
35,55,2,3,0,54,0.3353,0,0,0,0
316,63,2,2,0,35,0.2509,0,0,0,0
12,66,0,3,0,50,0.4332,0,0,0,0
185,42,2,0,0,39,0.1347,1,0,0,1
269,92,2,3,0,37,0.3673,0,0,0,0
350,31,4,1,0,54,0.0426,1,1,0,2
90,62,1,0,0,10,0.2119,0,0,0,0
116,69,0,1,0,17,0.2437,0,0,0,0
239,95,2,1,0,41,0.523,0,0,0,0
38,51,2,1,0,30,0.3061,1,0,0,1
340,105,4,2,0,5,0.2593,1,1,1,3
57,118,3,0,0,43,0.1301,0,0,0,0
58,66,3,0,0,56,0.5836,1,1,0,2
301,103,4,1,1,19,0.3141,1,1,1,3
88,95,1,2,0,41,0.1763,0,0,0,0
297,67,1,0,0,36,0.3601,0,0,0,0
193,20,1,1,0,16,0.1988,0,0,0,0
308,88,0,1,0,13,0.229,1,0,0,1
21,11,2,2,0,32,0.2727,1,0,0,1
372,112,1,2,0,11,0.4521,0,0,0,0
395,17,1,0,0,41,0.2011,0,0,0,0
140,42,5,3,1,52,0.2434,1,1,0,2
12,64,1,0,0,47,0.5952,0,0,0,0
291,99,2,1,1,6,0.1271,0,0,0,0
157,53,3,1,0,6,0.2276,1,1,1,3
195,92,4,3,1,46,0.2671,0,0,0,0
144,90,1,3,0,59,0.2204,0,0,0,0
205,102,3,2,0,45,0.1612,1,0,0,1
147,109,4,2,0,42,0.554,1,1,0,2
162,28,2,0,0,51,0.0418,0,0,0,0
100,29,3,0,0,6,0.17,1,1,1,3
84,26,1,2,0,32,0.1042,0,0,0,0
104,16,2,0,0,15,0.3257,1,0,0,1
324,38,3,3,0,19,0.197,0,0,0,0
159,38,3,2,0,32,0.0239,0,0,0,0
185,111,3,1,0,6,0.225,1,0,0,1
198,84,3,1,0,41,0.1851,0,0,0,0
26,27,5,3,0,13,0.2357,1,0,0,1
57,98,4,2,0,32,0.2212,1,1,0,2
31,62,6,2,0,28,0.6432,1,1,1,3
163,45,4,1,0,50,0.1676,1,1,0,2
218,19,3,1,0,24,0.4018,1,0,0,1
195,44,4,2,0,25,0.1384,0,0,0,0
38,111,4,0,0,16,0.2363,1,1,1,3
123,63,3,0,1,16,0.3091,1,1,1,3
331,32,2,3,0,15,0.37,0,0,0,0
150,81,2,1,1,17,0.2289,1,0,0,1
160,72,1,3,0,35,0.1752,0,0,0,0
1,105,2,2,0,42,0.1424,0,0,0,0
345,21,3,1,0,56,0.3137,0,0,0,0
339,72,3,1,1,52,0.2587,1,0,0,1
313,116,4,1,1,30,0.1249,1,1,1,3
274,59,5,3,0,58,0.5231,1,1,1,3
243,79,0,1,0,1,0.348,0,0,0,0
141,86,0,1,0,12,0.5753,0,0,0,0
255,7,3,0,0,33,0.4565,0,0,0,0
17,18,5,0,0,59,0.0968,1,1,1,3
180,58,3,0,0,43,0.1727,1,1,1,3
338,9,4,2,0,59,0.2159,1,1,1,3
125,101,3,3,0,30,0.2214,0,0,0,0
67,60,0,1,0,9,0.3697,0,0,0,0
359,110,2,1,0,35,0.357,0,0,0,0
147,115,3,0,0,52,0.1242,0,0,0,0
37,19,0,1,0,29,0.4897,1,0,0,1
289,88,0,2,0,10,0.2365,0,0,0,0
346,100,2,0,1,36,0.4087,1,1,1,3
203,110,4,1,0,22,0.285,1,1,0,2
47,69,2,1,1,14,0.5665,1,1,1,3
91,71,1,2,0,1,0.2987,0,0,0,0
252,5,4,1,0,55,0.1202,1,1,1,3
224,49,1,2,0,11,0.4423,0,0,0,0
276,67,1,1,1,52,0.1427,0,0,0,0
393,92,3,0,0,24,0.3897,0,0,0,0
309,107,1,1,0,47,0.125,0,0,0,0
336,29,6,1,0,9,0.0616,1,1,1,3
256,3,2,2,0,18,0.3321,1,0,0,1
230,63,2,1,1,31,0.1711,1,1,0,2
45,101,1,0,1,37,0.2805,1,1,0,2
106,77,2,2,0,14,0.0956,0,0,0,0
349,20,3,3,0,28,0.5929,0,0,0,0
154,56,3,0,1,15,0.4959,1,1,1,3
34,72,1,1,0,31,0.0837,0,0,0,0
356,43,2,1,1,45,0.4127,0,0,0,0
159,57,3,2,1,28,0.0298,1,0,0,1
289,2,1,3,0,18,0.2816,0,0,0,0
190,65,4,1,0,55,0.4147,1,1,0,2
123,72,4,0,0,15,0.284,1,1,1,3
119,104,1,1,0,26,0.3891,0,0,0,0
235,94,3,1,1,52,0.1896,1,1,0,2
197,25,3,3,1,35,0.0395,1,0,0,1
60,42,4,0,0,2,0.0223,1,1,1,3
175,81,1,0,1,16,0.6911,0,0,0,0
31,87,7,0,0,39,0.5597,1,1,1,3
376,23,4,3,0,13,0.1427,1,1,1,3
41,83,3,1,0,42,0.2332,1,0,0,1
340,62,6,2,0,28,0.2308,1,1,0,2
150,29,3,1,0,11,0.09,0,0,0,0
4,114,4,1,1,53,0.3729,1,1,1,3
16,85,5,2,0,55,0.3833,1,1,0,2
0,114,3,2,0,29,0.2346,0,0,0,0
149,56,2,1,0,40,0.1239,1,0,0,1
324,88,2,1,0,19,0.713,1,0,0,1
379,7,2,0,0,48,0.5227,1,0,0,1
0,21,3,2,0,48,0.1043,0,0,0,0
178,59,2,3,0,46,0.0874,0,0,0,0
305,53,1,1,0,19,0.401,0,0,0,0
290,13,0,1,0,20,0.1752,0,0,0,0
199,56,2,2,1,30,0.4823,1,0,0,1
103,20,3,0,0,5,0.1995,1,1,0,2
163,77,2,2,0,39,0.2202,0,0,0,0
355,117,2,2,1,57,0.5544,1,1,0,2
290,103,5,2,1,54,0.1047,1,1,1,3
32,114,0,1,1,54,0.4311,0,0,0,0
262,59,5,2,0,45,0.1411,0,0,0,0
179,23,6,1,1,25,0.2588,1,1,1,3
361,117,2,1,0,20,0.1184,1,0,0,1
39,58,3,0,1,30,0.0607,1,1,1,3
17,62,6,0,0,45,0.136,1,1,1,3
11,76,5,1,0,29,0.3676,1,0,0,1
182,99,1,2,0,15,0.3205,0,0,0,0
70,26,2,1,0,58,0.4315,1,0,0,1
204,69,1,0,0,2,0.2851,1,0,0,1
387,23,3,3,1,43,0.1141,0,0,0,0
330,87,3,1,0,56,0.1105,0,0,0,0
154,86,3,1,0,54,0.4574,0,0,0,0
96,55,1,0,0,13,0.1165,0,0,0,0
323,97,0,2,0,14,0.1786,0,0,0,0
291,61,2,1,0,58,0.1645,0,0,0,0
32,9,5,3,1,46,0.3444,1,1,1,3
23,57,5,0,0,25,0.08,1,1,1,3
45,56,1,1,0,54,0.1789,0,0,0,0
352,35,3,0,0,4,0.2358,1,0,0,1
313,76,4,1,1,44,0.5497,1,1,1,3
73,107,1,2,0,25,0.4935,0,0,0,0
92,38,2,2,0,15,0.203,0,0,0,0
118,21,3,1,1,55,0.0486,1,0,0,1
367,97,1,3,0,51,0.2748,0,0,0,0
284,12,4,1,0,28,0.2991,1,1,0,2
394,86,4,1,1,56,0.2377,1,0,0,1
188,98,4,2,1,18,0.2575,1,1,0,2
285,98,5,1,1,39,0.1931,1,1,1,3
160,17,1,0,0,55,0.4465,0,0,0,0
358,94,0,2,0,25,0.536,0,0,0,0
192,73,2,2,0,55,0.0391,1,0,0,1
164,22,2,0,0,4,0.3075,1,1,1,3
33,68,3,0,0,6,0.0742,1,0,0,1
14,28,1,1,0,16,0.2478,0,0,0,0
364,94,2,1,0,50,0.1177,1,0,0,1
14,80,5,1,1,5,0.0825,1,1,0,2
57,87,4,1,0,21,0.1691,1,0,0,1
51,16,4,0,1,57,0.0939,1,1,1,3
70,117,2,3,1,39,0.3153,0,0,0,0
9,74,3,0,0,19,0.1606,1,1,0,2
55,65,3,1,1,24,0.1679,1,0,0,1
308,16,3,1,0,10,0.5034,1,1,1,3
265,19,4,1,0,17,0.1696,1,1,0,2
45,74,2,0,0,16,0.2045,1,0,0,1
228,77,5,0,0,9,0.1634,1,1,1,3
99,100,3,3,0,7,0.2439,1,1,0,2
264,113,2,2,0,58,0.2913,0,0,0,0
295,59,3,1,0,32,0.331,0,0,0,0
161,115,2,3,0,20,0.0561,0,0,0,0
296,76,2,3,1,47,0.2984,1,0,0,1
144,29,1,2,0,17,0.3249,0,0,0,0
131,57,2,2,0,37,0.1707,0,0,0,0
316,79,1,0,0,47,0.3662,0,0,0,0
7,97,3,1,0,45,0.5864,1,0,0,1
108,74,4,1,0,19,0.0966,1,1,1,3
244,14,1,0,1,12,0.1117,0,0,0,0
360,43,1,1,0,42,0.3555,0,0,0,0
294,80,3,3,0,56,0.4291,0,0,0,0
135,60,2,0,0,41,0.2814,1,1,0,2
231,33,2,2,0,50,0.3224,0,0,0,0
110,42,3,0,0,15,0.5889,1,1,0,2
200,33,4,2,0,46,0.2833,0,0,0,0
349,26,1,2,0,34,0.2216,0,0,0,0
67,90,3,1,0,59,0.265,0,0,0,0
308,6,1,1,1,51,0.6598,1,0,0,1
13,50,1,2,0,6,0.4477,0,0,0,0
78,36,1,1,0,50,0.154,0,0,0,0
256,39,4,1,0,51,0.1594,1,1,1,3
52,119,4,2,0,17,0.535,1,0,0,1
386,15,3,0,0,14,0.3772,1,1,0,2
343,105,2,2,0,8,0.3063,1,0,0,1
110,18,4,0,0,58,0.0705,1,1,1,3
281,27,6,3,0,50,0.0171,1,1,1,3
277,92,2,3,0,31,0.1343,0,0,0,0
241,97,2,0,0,32,0.3094,1,0,0,1
349,88,0,2,1,48,0.3831,0,0,0,0
305,17,2,1,0,37,0.0549,0,0,0,0
237,20,1,1,0,46,0.3241,0,0,0,0
305,13,2,1,0,45,0.3166,1,0,0,1
199,117,0,0,0,31,0.2138,0,0,0,0
101,3,4,2,0,2,0.4771,1,1,1,3
189,75,3,1,0,29,0.2027,1,0,0,1
377,100,5,1,0,3,0.4666,1,1,1,3
367,93,3,2,0,12,0.299,0,0,0,0
248,104,1,1,0,56,0.485,0,0,0,0
79,56,4,2,0,14,0.2362,0,0,0,0
32,56,4,1,0,33,0.2372,1,1,1,3
270,110,2,2,0,43,0.0601,0,0,0,0
203,40,1,1,0,42,0.4164,1,0,0,1
313,1,2,2,0,55,0.1447,0,0,0,0
101,100,6,2,0,48,0.227,1,1,1,3
91,101,3,0,0,1,0.1806,1,1,1,3
161,102,2,0,0,48,0.101,1,0,0,1
133,62,4,2,1,55,0.2255,1,1,0,2
321,116,4,3,0,23,0.1491,1,1,0,2
269,51,1,2,0,16,0.4839,0,0,0,0
230,66,3,1,1,52,0.1435,1,1,1,3
79,89,5,3,0,33,0.1664,1,1,0,2
199,85,1,2,0,44,0.2141,0,0,0,0
52,116,3,1,1,13,0.4221,1,1,1,3
31,74,7,2,0,42,0.6004,1,1,1,3
361,13,2,0,0,22,0.2491,1,1,0,2
340,86,3,2,1,31,0.2666,1,1,0,2
116,81,2,0,0,47,0.2159,1,0,0,1
130,32,1,2,0,44,0.2286,0,0,0,0
92,117,0,2,0,29,0.0766,0,0,0,0
182,116,3,3,0,22,0.2975,1,0,0,1
219,3,6,0,0,53,0.2943,1,1,1,3
136,12,2,2,0,28,0.2986,1,0,0,1
317,82,2,1,0,48,0.3829,1,0,0,1
140,29,2,2,0,53,0.1685,0,0,0,0
379,56,1,2,0,42,0.4791,0,0,0,0
291,35,5,1,0,43,0.3218,1,1,1,3
198,115,3,0,0,14,0.3579,0,0,0,0
113,27,4,1,0,40,0.3496,1,1,1,3
245,56,1,0,1,7,0.0893,1,1,0,2
176,23,6,2,0,56,0.1153,1,1,1,3
87,113,2,1,0,48,0.338,0,0,0,0
220,53,1,1,0,59,0.0807,0,0,0,0
283,62,4,1,0,43,0.2409,1,0,0,1
79,79,1,2,0,26,0.2285,0,0,0,0
210,26,0,0,0,52,0.4112,0,0,0,0
65,82,1,0,0,22,0.202,1,0,0,1
94,20,1,2,0,55,0.2262,0,0,0,0
39,29,4,1,1,21,0.1651,1,1,1,3
249,59,4,3,0,43,0.2698,1,1,0,2
134,44,1,1,0,40,0.2063,0,0,0,0
19,98,6,0,0,28,0.3829,1,1,1,3
337,37,4,0,0,3,0.241,1,1,1,3
117,3,4,2,0,18,0.2619,1,1,1,3
161,37,4,1,0,54,0.1769,1,1,1,3
31,40,3,1,1,59,0.3037,1,0,0,1
210,63,0,2,0,26,0.4948,0,0,0,0
15,113,2,0,0,36,0.0808,0,0,0,0
322,57,3,3,1,43,0.3836,1,0,0,1
53,56,3,2,0,17,0.3656,0,0,0,0
282,42,4,1,0,16,0.0609,1,0,0,1
21,76,5,2,0,36,0.2032,1,0,0,1
26,36,2,2,1,11,0.2507,1,0,0,1
124,54,3,1,0,30,0.3038,1,0,0,1
51,3,3,1,0,29,0.2248,1,1,1,3
132,118,3,1,0,14,0.4815,1,1,1,3
339,101,2,2,0,22,0.2244,0,0,0,0
268,7,2,0,1,30,0.1898,1,1,0,2
157,59,5,3,1,45,0.2778,1,1,1,3
44,42,3,0,0,2,0.1105,1,0,0,1
279,23,2,1,0,21,0.0613,1,1,0,2
203,96,4,1,0,55,0.064,1,1,1,3
300,54,3,1,0,43,0.5516,0,0,0,0
59,91,3,1,0,37,0.1741,0,0,0,0
263,36,1,1,1,51,0.2792,0,0,0,0
277,49,3,0,0,8,0.2864,1,1,1,3
253,40,2,3,0,45,0.313,0,0,0,0
109,100,3,0,0,9,0.52,1,1,1,3
246,44,4,1,0,57,0.2822,1,1,1,3
266,97,1,0,0,57,0.0896,0,0,0,0
94,48,1,1,1,28,0.3423,0,0,0,0
9,36,1,2,0,10,0.1727,0,0,0,0
174,108,2,0,0,57,0.1737,1,0,0,1
291,21,2,1,1,4,0.1348,0,0,0,0
69,41,3,0,0,43,0.2153,0,0,0,0
36,32,3,0,0,46,0.4845,0,0,0,0
368,62,1,2,1,1,0.0723,0,0,0,0
275,44,0,0,0,24,0.1544,0,0,0,0
323,30,2,1,0,32,0.4403,1,0,0,1
8,22,2,0,0,16,0.2881,1,0,0,1
345,34,5,1,1,10,0.144,1,1,1,3
160,41,1,2,1,20,0.2439,0,0,0,0
33,64,2,3,0,57,0.2904,0,0,0,0
217,116,5,0,0,10,0.4654,1,1,1,3
201,28,2,1,1,7,0.1845,0,0,0,0
301,46,2,2,0,36,0.0867,0,0,0,0
398,73,4,0,1,31,0.611,1,1,1,3
71,89,1,3,0,18,0.2781,0,0,0,0
289,4,3,3,0,41,0.3218,0,0,0,0
385,69,1,1,0,28,0.328,0,0,0,0
204,71,1,0,0,49,0.4773,1,0,0,1
179,52,2,1,0,3,0.4086,0,0,0,0
214,7,3,1,1,49,0.2737,1,1,0,2
363,50,1,0,0,40,0.229,0,0,0,0
57,73,2,2,0,22,0.2695,1,0,0,1
309,87,4,1,0,37,0.0608,1,1,0,2
155,96,3,1,0,12,0.5,0,0,0,0
1,29,2,1,0,41,0.5807,0,0,0,0
49,28,1,0,0,32,0.343,0,0,0,0
381,39,5,3,0,40,0.0771,1,1,0,2
109,118,2,1,0,41,0.1711,0,0,0,0
381,85,6,1,0,16,0.1537,1,1,1,3
65,32,1,0,1,52,0.3211,1,1,0,2
208,34,4,2,0,13,0.2536,1,1,0,2
335,114,3,2,0,34,0.0542,1,1,0,2
391,38,2,2,0,2,0.1112,0,0,0,0
173,29,4,2,0,46,0.0839,1,0,0,1
214,8,2,1,0,54,0.2504,1,0,0,1
47,64,1,1,0,13,0.2609,0,0,0,0
279,57,1,1,0,15,0.3156,1,1,0,2
275,70,1,0,1,43,0.5328,0,0,0,0
83,16,0,1,1,42,0.0625,0,0,0,0
272,2,2,2,0,37,0.5975,1,0,0,1
334,45,1,0,0,4,0.3431,1,0,0,1
39,88,2,1,1,50,0.3271,1,1,0,2
22,1,2,3,0,37,0.4754,0,0,0,0
100,108,1,1,0,14,0.3839,0,0,0,0
318,24,3,0,0,57,0.0867,1,1,0,2
212,26,0,1,0,7,0.5281,1,0,0,1
356,101,2,1,0,27,0.0629,1,1,0,2
344,45,4,0,0,30,0.3375,1,1,1,3
258,119,3,3,1,40,0.2519,0,0,0,0
80,112,2,2,0,2,0.2316,1,1,1,3
281,69,0,2,0,39,0.1936,0,0,0,0
344,86,4,2,1,44,0.3577,1,1,1,3
248,26,1,1,1,45,0.1232,1,1,0,2
36,76,4,3,0,55,0.2356,0,0,0,0
213,111,1,2,0,58,0.4789,0,0,0,0
235,69,1,1,0,33,0.0622,0,0,0,0
390,35,3,1,0,6,0.2375,0,0,0,0
48,46,2,1,0,21,0.0903,0,0,0,0
331,33,4,0,0,41,0.2961,1,1,1,3
196,119,5,0,0,15,0.2044,1,1,1,3
39,36,3,0,1,19,0.0474,1,1,1,3
26,13,2,2,0,4,0.4098,1,0,0,1
393,103,2,0,0,59,0.1587,1,1,0,2
222,74,4,1,0,49,0.2454,1,1,1,3
223,8,3,3,1,33,0.3541,1,1,0,2
4,23,6,1,1,35,0.0814,1,1,1,3
225,0,3,0,0,12,0.1743,1,1,1,3
139,100,3,2,0,31,0.3285,0,0,0,0
21,15,3,2,0,12,0.3241,1,0,0,1
318,95,1,3,0,47,0.1317,0,0,0,0
65,75,3,1,0,11,0.603,1,1,1,3
176,26,2,0,0,25,0.2254,0,0,0,0
302,106,4,1,1,21,0.2175,1,1,1,3
43,37,1,0,1,0,0.1816,1,0,0,1
38,102,2,2,1,37,0.4752,0,0,0,0
250,61,4,0,0,31,0.3756,1,1,1,3
76,119,3,3,0,38,0.0524,0,0,0,0
143,113,3,1,1,21,0.4154,1,0,0,1
157,61,3,0,1,8,0.3657,1,0,0,1
390,112,0,1,0,55,0.0775,0,0,0,0
121,116,3,0,1,14,0.3886,1,1,1,3
296,74,2,3,1,48,0.4781,0,0,0,0
280,100,5,2,0,24,0.4219,1,1,1,3
178,102,0,0,0,44,0.6219,0,0,0,0
182,12,2,1,1,12,0.323,1,0,0,1
82,91,3,2,0,32,0.4498,1,0,0,1
209,77,3,1,1,8,0.1673,1,0,0,1
326,67,0,1,0,20,0.1579,0,0,0,0
108,17,2,1,0,22,0.1836,1,0,0,1
344,26,1,1,0,13,0.7483,0,0,0,0
248,111,0,1,0,20,0.438,0,0,0,0
57,109,3,1,0,11,0.2737,1,0,0,1
160,116,3,0,0,11,0.0501,1,1,1,3
132,92,3,3,0,56,0.7078,1,0,0,1
256,51,2,0,0,8,0.2745,1,1,0,2
176,8,3,2,0,51,0.2645,0,0,0,0
395,7,3,3,0,34,0.1542,0,0,0,0
389,73,3,2,1,7,0.0407,1,1,0,2
213,31,2,3,0,14,0.0629,0,0,0,0
87,74,4,2,0,35,0.3418,1,1,0,2
388,62,6,0,0,32,0.2821,1,1,1,3
236,71,3,1,0,8,0.1207,0,0,0,0
290,106,2,0,0,48,0.3174,1,0,0,1
159,35,5,2,0,32,0.5564,1,1,1,3
61,9,4,0,0,50,0.4867,1,1,0,2
314,20,2,2,1,49,0.222,0,0,0,0
321,2,2,3,1,15,0.1429,0,0,0,0
352,117,1,0,0,52,0.2115,0,0,0,0
244,37,3,1,0,14,0.8263,0,0,0,0
218,72,2,2,1,18,0.1809,1,0,0,1
302,7,4,1,0,17,0.1811,1,1,1,3
127,95,2,2,1,33,0.6013,0,0,0,0
161,78,2,1,0,50,0.09,0,0,0,0
393,68,3,0,0,39,0.1697,0,0,0,0
179,49,3,2,0,39,0.2776,1,0,0,1
268,9,3,0,0,3,0.2164,1,1,1,3
281,34,4,1,0,9,0.1742,1,1,0,2
131,67,2,2,1,48,0.0618,1,0,0,1
172,2,0,1,0,2,0.4,0,0,0,0
165,24,1,3,0,40,0.1913,0,0,0,0
87,76,4,2,0,11,0.2367,1,1,1,3
212,70,2,0,0,32,0.3434,1,1,1,3
199,117,0,0,0,45,0.2506,0,0,0,0
148,82,2,1,0,8,0.3258,0,0,0,0
260,29,1,2,0,20,0.2272,0,0,0,0
83,54,0,1,0,38,0.3966,0,0,0,0
399,69,1,2,0,57,0.2279,0,0,0,0
221,85,2,1,0,20,0.2955,0,0,0,0
165,69,2,1,0,40,0.6549,1,0,0,1
294,17,1,3,1,15,0.3505,0,0,0,0
305,18,4,1,0,3,0.533,1,1,1,3
339,7,4,1,0,7,0.3503,1,0,0,1
299,18,2,0,0,38,0.1463,1,0,0,1
172,10,1,2,0,8,0.1937,0,0,0,0
159,94,2,1,0,15,0.1151,0,0,0,0
3,1,2,3,0,6,0.1215,0,0,0,0
304,15,1,3,0,24,0.3314,0,0,0,0
164,66,2,3,0,21,0.218,1,0,0,1
119,54,0,1,1,18,0.2678,1,0,0,1
213,69,0,1,0,42,0.4701,0,0,0,0
34,76,3,2,0,6,0.314,1,1,0,2
154,106,1,0,0,53,0.232,0,0,0,0
200,50,1,1,0,37,0.3168,1,0,0,1
368,75,0,0,1,29,0.1823,1,0,0,1
89,86,3,0,0,49,0.1056,1,1,1,3
194,119,4,3,0,43,0.167,1,1,0,2
385,4,3,3,1,4,0.2998,1,0,0,1
36,113,1,2,0,28,0.3621,0,0,0,0
211,36,3,0,0,32,0.6028,1,1,0,2
368,66,1,1,0,5,0.3179,0,0,0,0
2,28,1,1,0,29,0.1812,0,0,0,0
77,57,3,1,0,22,0.2837,0,0,0,0
137,84,2,0,0,30,0.3459,0,0,0,0
354,50,0,2,0,51,0.089,0,0,0,0
194,30,1,3,1,44,0.1521,0,0,0,0
210,34,2,0,1,36,0.2867,1,0,0,1
45,52,2,1,1,32,0.4532,0,0,0,0
186,68,5,3,0,2,0.3392,1,1,0,2
364,30,1,0,1,32,0.3041,0,0,0,0
215,86,3,3,0,39,0.3128,0,0,0,0
383,27,5,2,0,31,0.5987,1,1,1,3
34,39,1,1,0,30,0.1893,0,0,0,0
280,95,3,1,1,38,0.198,1,1,1,3
268,105,3,3,0,7,0.2341,1,0,0,1
162,8,4,1,0,40,0.8278,1,1,1,3
114,8,3,0,0,14,0.0731,1,1,0,2
359,101,1,2,0,34,0.3661,0,0,0,0
209,57,1,1,0,20,0.3267,0,0,0,0
65,22,2,3,0,33,0.1191,0,0,0,0
289,60,1,1,0,51,0.2189,0,0,0,0
156,83,2,0,0,46,0.1381,1,1,0,2
192,43,1,1,0,50,0.4604,0,0,0,0
148,19,2,2,0,58,0.4271,0,0,0,0
375,11,4,2,0,46,0.5533,1,1,1,3
348,18,5,3,0,53,0.1377,1,1,0,2
399,116,3,0,0,2,0.2822,0,0,0,0
16,48,2,0,0,36,0.2991,1,0,0,1
342,64,1,1,0,9,0.4488,0,0,0,0
335,70,3,1,0,12,0.5039,1,1,1,3
150,25,3,1,0,30,0.249,1,0,0,1
398,4,5,3,1,42,0.5097,1,1,0,2
237,21,2,0,1,12,0.2604,1,1,1,3
55,45,2,1,1,13,0.3438,1,0,0,1
389,119,3,2,0,9,0.2276,1,0,0,1
318,40,0,3,0,25,0.2425,0,0,0,0
249,106,3,2,0,47,0.0444,1,1,1,3
288,36,1,2,0,19,0.4551,0,0,0,0
145,99,2,2,1,15,0.2569,0,0,0,0
320,1,3,3,0,28,0.3375,0,0,0,0
193,43,2,1,0,7,0.106,0,0,0,0
351,36,3,1,0,36,0.3132,0,0,0,0
57,104,3,0,0,33,0.0934,1,1,0,2
54,8,5,3,0,31,0.483,1,1,1,3
368,43,2,0,0,22,0.3968,1,1,0,2
332,39,3,2,0,1,0.2751,1,0,0,1
62,88,1,0,0,53,0.4499,0,0,0,0
378,93,3,2,0,18,0.3254,1,1,0,2
332,18,6,1,0,41,0.4888,1,1,1,3
122,9,2,2,0,47,0.138,0,0,0,0
25,64,1,2,0,3,0.4775,0,0,0,0
361,78,1,0,0,47,0.1107,1,0,0,1
35,47,2,3,0,45,0.2697,0,0,0,0
153,3,2,3,0,39,0.2808,0,0,0,0
340,67,2,1,0,49,0.3062,1,0,0,1
170,113,0,2,0,44,0.3871,0,0,0,0
42,29,2,0,0,9,0.3029,1,0,0,1
282,86,4,1,0,34,0.2956,1,0,0,1
290,114,2,0,0,22,0.1716,0,0,0,0
106,40,0,0,0,48,0.1557,0,0,0,0
210,56,2,0,1,8,0.5041,1,1,1,3
94,66,1,1,0,59,0.3606,0,0,0,0
64,95,3,2,1,51,0.0598,1,1,0,2
121,84,1,1,0,9,0.1501,0,0,0,0
47,106,2,0,0,42,0.1337,0,0,0,0
390,3,2,2,0,0,0.5148,1,1,1,3
271,77,5,0,0,16,0.1394,1,1,1,3
276,38,3,1,0,20,0.2544,1,1,1,3
388,77,4,1,0,51,0.1236,1,1,0,2
389,20,3,1,0,24,0.433,1,1,0,2
106,53,2,1,0,30,0.3098,0,0,0,0
82,18,4,0,1,34,0.06,1,1,1,3
388,88,1,1,0,36,0.2908,1,0,0,1
138,43,1,0,1,28,0.2593,1,0,0,1
279,83,0,0,0,40,0.1157,0,0,0,0
91,17,2,0,0,36,0.1542,0,0,0,0
323,76,3,2,0,31,0.4159,0,0,0,0
42,62,2,1,0,12,0.1899,0,0,0,0
301,49,0,2,0,36,0.2231,0,0,0,0
167,15,2,3,1,36,0.3408,1,0,0,1
192,63,1,2,0,54,0.4087,0,0,0,0
10,73,2,3,0,54,0.2709,0,0,0,0
139,59,4,2,0,35,0.0934,1,1,1,3
349,100,4,3,1,27,0.2554,1,1,0,2
323,33,2,2,0,48,0.1589,1,0,0,1
326,85,4,1,0,34,0.4945,1,1,0,2
249,31,2,3,1,23,0.1906,0,0,0,0
14,19,4,1,1,8,0.088,1,1,1,3
211,79,1,1,0,1,0.2112,0,0,0,0
258,87,3,2,1,14,0.1181,1,1,0,2
38,79,1,0,1,46,0.1796,0,0,0,0
258,52,2,1,0,14,0.2784,1,1,0,2
125,14,1,0,0,56,0.6162,0,0,0,0
261,117,0,2,1,42,0.2885,0,0,0,0
119,82,1,3,0,55,0.4728,0,0,0,0
252,69,3,1,0,3,0.2235,1,0,0,1
271,94,1,1,0,45,0.1723,0,0,0,0
143,68,3,1,0,0,0.2848,1,0,0,1
285,5,3,0,0,56,0.2574,1,1,0,2
150,7,4,1,0,48,0.2128,1,1,1,3
314,8,2,1,1,42,0.4632,0,0,0,0
42,10,1,2,0,49,0.2481,0,0,0,0
365,94,2,2,0,29,0.3016,1,1,0,2
228,41,2,1,0,24,0.7601,1,1,1,3
183,116,4,3,0,25,0.4651,0,0,0,0
314,94,0,0,0,56,0.212,0,0,0,0
11,39,4,2,0,28,0.4408,1,1,1,3
361,101,2,2,0,10,0.6711,1,0,0,1
272,56,1,1,0,23,0.5876,0,0,0,0
118,87,4,0,0,8,0.296,1,0,0,1
245,30,2,2,0,52,0.4498,0,0,0,0
12,79,0,1,0,9,0.4422,0,0,0,0
129,96,3,2,0,22,0.4563,1,0,0,1
41,115,3,1,0,14,0.5536,1,1,1,3
47,63,1,2,0,38,0.49,1,0,0,1
138,26,1,1,0,31,0.3331,0,0,0,0
2,106,1,0,0,43,0.3325,0,0,0,0
86,25,6,3,1,4,0.3119,1,1,1,3
316,89,5,1,0,6,0.2178,1,1,1,3
168,1,2,1,0,8,0.3957,1,1,1,3
121,35,5,3,0,58,0.2915,0,0,0,0
2,52,3,0,0,48,0.3371,1,1,1,3
45,13,2,2,1,11,0.2657,1,0,0,1
195,63,2,3,0,19,0.3698,1,0,0,1
222,60,1,1,1,3,0.1649,1,0,0,1
183,103,4,0,0,49,0.2594,1,1,1,3
97,33,3,0,0,36,0.14,1,0,0,1
125,84,2,2,0,31,0.137,0,0,0,0
59,14,2,2,1,31,0.2947,1,1,0,2
183,45,5,1,1,11,0.1669,1,1,1,3
73,90,4,0,0,32,0.225,1,1,1,3
356,59,4,1,0,59,0.1078,0,0,0,0
58,70,2,1,0,1,0.4322,0,0,0,0
220,118,2,2,0,12,0.405,0,0,0,0
189,85,3,0,1,19,0.7308,1,1,1,3
108,3,3,1,0,6,0.2467,1,0,0,1
166,17,1,2,0,43,0.1451,0,0,0,0
211,72,3,1,0,25,0.4772,1,0,0,1
52,71,1,1,0,45,0.3521,1,0,0,1
302,36,2,0,0,19,0.3857,1,0,0,1
306,15,2,3,0,42,0.0489,0,0,0,0
33,30,2,0,1,33,0.1403,1,1,1,3
196,42,3,3,0,13,0.1769,0,0,0,0
239,41,3,0,1,27,0.1367,1,1,1,3
155,60,0,2,1,45,0.432,0,0,0,0
173,117,2,0,0,26,0.1942,0,0,0,0
47,104,2,0,0,2,0.1831,0,0,0,0
57,9,3,2,0,20,0.1181,1,1,0,2
103,6,3,3,0,54,0.1245,0,0,0,0
26,14,1,3,0,44,0.3763,0,0,0,0
181,72,4,2,1,2,0.7063,1,0,0,1
345,5,4,2,1,52,0.3159,1,1,1,3
392,1,2,1,0,59,0.2967,0,0,0,0
226,81,3,3,0,43,0.2314,1,0,0,1
326,3,2,2,0,44,0.2357,0,0,0,0
348,93,2,2,0,7,0.1605,0,0,0,0
193,7,2,2,0,40,0.2284,0,0,0,0
93,67,3,0,0,49,0.1223,1,1,0,2
216,103,4,2,0,6,0.2056,1,1,1,3
105,87,2,0,1,22,0.4587,1,1,0,2
360,3,2,3,1,20,0.2157,0,0,0,0
76,36,1,2,0,12,0.3423,0,0,0,0
322,87,6,2,0,30,0.3544,1,1,1,3
60,51,2,2,0,25,0.1557,0,0,0,0
148,30,1,1,0,7,0.1949,1,0,0,1
143,94,1,0,1,48,0.2439,0,0,0,0
314,38,2,1,0,30,0.1345,0,0,0,0
76,87,2,2,0,27,0.6077,1,0,0,1
387,48,1,3,0,28,0.0807,0,0,0,0
116,92,3,0,0,10,0.2826,1,1,1,3
211,12,5,0,1,34,0.2215,1,1,1,3
370,79,1,2,0,28,0.3091,0,0,0,0
41,52,4,0,0,42,0.4285,1,1,1,3
136,38,1,3,0,53,0.2522,0,0,0,0
228,73,3,2,1,18,0.4774,1,0,0,1
81,109,3,0,0,25,0.1043,0,0,0,0
76,33,4,0,1,16,0.3015,1,1,0,2
248,108,2,0,0,55,0.0507,1,0,0,1
316,34,2,0,0,23,0.5217,1,1,0,2
70,7,3,3,1,40,0.5901,1,1,0,2
192,71,1,1,0,12,0.2994,0,0,0,0
272,56,1,1,0,38,0.4214,1,1,0,2
260,118,1,2,0,4,0.3666,0,0,0,0
46,35,2,3,1,46,0.2462,1,0,0,1
285,90,3,2,0,9,0.2626,1,0,0,1
398,71,3,1,0,27,0.325,1,0,0,1
191,96,4,1,1,12,0.3187,1,1,1,3
327,41,3,2,0,16,0.4729,1,0,0,1
324,0,2,0,0,19,0.3683,1,0,0,1
142,35,6,3,0,43,0.5099,1,1,0,2
51,28,2,1,0,35,0.3506,0,0,0,0
295,35,3,2,0,44,0.0918,1,1,0,2
178,89,1,3,0,57,0.1848,0,0,0,0
73,56,4,1,0,44,0.0851,1,1,1,3
353,118,3,2,0,26,0.3506,1,0,0,1
290,24,2,1,0,28,0.199,1,0,0,1
220,24,0,3,0,6,0.3471,0,0,0,0
322,60,1,2,0,29,0.3195,0,0,0,0
228,87,6,1,0,6,0.3202,1,1,1,3
309,78,2,1,0,44,0.1319,0,0,0,0
381,109,3,2,0,40,0.172,1,0,0,1
162,14,1,1,0,33,0.2258,0,0,0,0
138,88,1,1,0,21,0.0744,0,0,0,0
205,76,3,1,0,56,0.2851,0,0,0,0
45,109,2,2,0,41,0.2271,0,0,0,0
103,98,5,3,0,29,0.2234,1,1,0,2
370,119,5,0,0,11,0.2878,1,1,1,3
280,28,2,0,0,39,0.2479,1,0,0,1
223,32,0,3,0,18,0.1084,0,0,0,0
101,27,6,1,0,55,0.3671,1,1,1,3
214,56,2,1,0,28,0.2406,0,0,0,0
89,17,1,0,1,15,0.0624,0,0,0,0
211,85,5,1,1,22,0.4143,1,1,1,3
336,54,4,1,0,52,0.4308,1,0,0,1
119,94,1,2,1,42,0.2132,0,0,0,0
81,0,4,2,1,13,0.3367,1,1,1,3
241,71,3,2,1,18,0.1284,1,0,0,1
366,118,3,2,1,32,0.3775,1,0,0,1
124,93,4,1,0,28,0.3948,1,0,0,1
56,60,2,2,0,43,0.3627,0,0,0,0
215,55,1,3,0,53,0.2618,0,0,0,0
384,12,2,0,0,40,0.0652,0,0,0,0
348,96,3,2,0,21,0.1092,0,0,0,0
66,59,3,0,0,29,0.245,1,1,1,3
9,9,3,3,0,39,0.0802,0,0,0,0
341,75,1,1,1,43,0.457,0,0,0,0
345,9,6,3,0,56,0.3528,1,1,0,2
312,105,1,3,0,33,0.1976,0,0,0,0
254,30,3,2,0,41,0.1698,0,0,0,0
347,56,1,2,0,13,0.0389,0,0,0,0
66,53,2,2,0,38,0.4596,0,0,0,0
288,104,3,1,0,11,0.3478,1,1,0,2
397,118,2,1,1,5,0.0297,0,0,0,0
170,64,1,3,0,54,0.2511,0,0,0,0
364,22,2,3,1,17,0.231,0,0,0,0
163,102,1,0,0,9,0.2287,1,1,0,2
303,54,1,2,0,30,0.1789,0,0,0,0
374,104,4,1,0,36,0.0044,1,1,0,2
112,69,1,1,0,11,0.3716,0,0,0,0
59,68,2,2,1,44,0.3555,0,0,0,0
324,111,3,1,1,24,0.055,1,0,0,1
182,20,1,3,1,41,0.092,0,0,0,0
345,42,5,0,1,16,0.1268,1,1,1,3
243,89,1,0,0,18,0.3621,0,0,0,0
4,24,3,2,0,30,0.2843,1,0,0,1
370,55,1,3,0,56,0.4199,0,0,0,0
251,106,1,1,0,51,0.191,0,0,0,0
40,117,2,3,0,3,0.394,1,0,0,1
125,17,4,3,0,26,0.1136,1,1,1,3
267,99,1,0,0,48,0.2474,0,0,0,0
229,118,3,1,1,43,0.0911,1,0,0,1
171,1,1,1,0,57,0.2969,0,0,0,0
9,100,2,0,0,46,0.3593,0,0,0,0
315,89,1,0,0,3,0.2265,1,1,1,3
241,64,3,0,0,4,0.4407,1,1,0,2
231,116,5,2,0,50,0.5207,1,1,1,3
259,29,1,2,0,45,0.2794,0,0,0,0
244,99,1,2,0,35,0.3406,0,0,0,0
212,91,2,0,1,19,0.3663,1,1,0,2
328,63,1,0,0,39,0.5333,1,0,0,1
357,10,3,3,0,56,0.3135,0,0,0,0
269,118,2,1,1,30,0.3749,0,0,0,0
120,28,1,1,0,56,0.1336,0,0,0,0
112,92,3,0,0,11,0.3366,1,1,0,2
141,62,3,1,1,30,0.2879,1,0,0,1
81,116,5,2,0,7,0.497,1,0,0,1
14,62,4,1,0,16,0.3796,1,1,1,3
227,119,3,0,0,38,0.1225,1,1,0,2
22,8,3,3,0,4,0.216,1,0,0,1
23,29,3,2,0,18,0.2167,0,0,0,0
365,69,0,2,0,10,0.0735,0,0,0,0
364,35,5,0,0,48,0.1074,1,1,1,3
102,84,1,2,1,24,0.1548,0,0,0,0
214,10,2,1,0,11,0.4018,1,1,0,2
184,10,2,2,0,54,0.3103,0,0,0,0
212,50,0,1,0,42,0.2866,0,0,0,0
144,28,1,1,0,11,0.4384,0,0,0,0
268,44,1,1,1,7,0.3162,0,0,0,0
315,77,3,1,1,37,0.1668,1,0,0,1
130,42,4,1,0,24,0.3514,1,1,0,2
157,43,2,1,0,18,0.5214,1,0,0,1
189,26,1,0,0,38,0.1209,0,0,0,0
94,103,1,1,0,42,0.651,0,0,0,0
31,64,2,2,0,32,0.1868,1,0,0,1
204,39,2,1,0,45,0.4866,0,0,0,0
96,85,3,1,0,14,0.2227,1,1,0,2
142,39,4,3,0,50,0.3617,1,0,0,1
58,13,2,1,0,58,0.6625,0,0,0,0
368,74,1,2,1,26,0.1417,0,0,0,0
76,36,1,2,0,41,0.2477,0,0,0,0
338,33,4,1,1,28,0.5349,1,1,1,3
316,87,2,1,0,21,0.1351,1,0,0,1
61,57,5,0,0,17,0.3969,1,1,1,3
109,71,1,2,1,27,0.314,0,0,0,0
347,6,1,0,0,23,0.3242,0,0,0,0
109,119,2,3,0,5,0.2701,0,0,0,0
267,69,1,1,0,9,0.296,0,0,0,0
2,63,2,2,1,43,0.0593,0,0,0,0
150,83,1,0,0,44,0.3166,1,0,0,1
292,4,4,3,0,44,0.0244,1,1,0,2
105,118,2,1,0,19,0.0368,0,0,0,0
10,108,1,0,0,22,0.1862,0,0,0,0
331,96,1,1,0,46,0.0323,0,0,0,0
120,43,2,1,1,59,0.3871,1,1,1,3
99,31,2,3,0,42,0.5318,0,0,0,0
363,42,5,1,0,2,0.2562,1,1,0,2
44,81,2,3,0,52,0.5857,1,0,0,1
349,85,2,2,0,57,0.472,1,1,0,2
309,77,4,0,0,20,0.1461,1,1,1,3
318,72,4,3,0,31,0.0858,0,0,0,0
389,66,3,2,0,20,0.1329,1,0,0,1
183,16,3,2,0,31,0.2571,0,0,0,0
339,47,1,2,0,18,0.3704,0,0,0,0
349,85,2,2,0,28,0.1332,1,0,0,1
133,69,2,0,0,9,0.2415,1,0,0,1
86,6,3,3,1,44,0.3757,0,0,0,0
311,114,3,2,0,37,0.0819,0,0,0,0
328,87,5,1,0,46,0.5346,1,1,1,3
69,49,2,2,0,21,0.1726,0,0,0,0
9,21,1,1,0,29,0.6404,1,0,0,1
8,67,1,3,0,42,0.5422,0,0,0,0
321,54,3,2,0,17,0.0778,0,0,0,0
79,109,4,1,1,33,0.1653,1,0,0,1
198,11,3,0,1,59,0.3761,1,1,0,2
62,104,4,0,1,19,0.0632,1,1,1,3
97,33,3,0,0,4,0.2895,1,0,0,1
39,58,3,0,1,30,0.0252,1,1,1,3
48,57,6,2,0,2,0.2182,1,1,1,3
77,87,4,0,0,32,0.6574,1,0,0,1
284,90,4,3,0,46,0.1239,1,0,0,1
132,117,2,3,0,4,0.632,0,0,0,0
176,22,2,1,0,24,0.2331,1,0,0,1
86,79,1,1,0,31,0.368,0,0,0,0
98,30,2,0,0,11,0.174,1,1,0,2
176,65,6,1,0,35,0.4335,1,1,1,3
263,1,2,2,0,21,0.2637,0,0,0,0
336,73,4,3,0,17,0.3226,1,1,1,3
197,77,4,1,0,51,0.1875,1,0,0,1
228,73,3,2,1,33,0.3974,0,0,0,0
271,118,2,0,0,5,0.4256,1,1,1,3
325,89,5,1,0,44,0.291,1,1,0,2
42,104,2,0,0,6,0.0954,0,0,0,0
180,38,2,1,0,2,0.7544,1,0,0,1
19,85,5,2,1,36,0.3373,1,1,0,2
92,42,2,1,1,11,0.1769,1,0,0,1
301,51,2,0,0,58,0.2591,1,1,1,3
230,62,4,2,0,2,0.0859,1,0,0,1
379,105,3,3,0,57,0.3081,0,0,0,0
188,87,5,1,0,48,0.5805,1,1,1,3
387,55,2,0,0,29,0.2304,1,0,0,1
358,38,1,3,0,34,0.2985,0,0,0,0
160,13,2,2,0,32,0.2306,0,0,0,0
279,14,1,1,0,23,0.5349,1,0,0,1
107,116,2,0,0,5,0.412,1,0,0,1
203,42,6,2,0,8,0.3329,1,1,1,3
333,2,4,3,0,18,0.1085,0,0,0,0
53,73,4,0,0,48,0.5186,1,1,1,3
233,58,3,2,0,39,0.3365,0,0,0,0
20,117,2,1,0,27,0.2119,1,1,0,2
352,71,0,1,0,1,0.0973,0,0,0,0
372,103,2,0,0,44,0.2769,1,0,0,1
170,9,1,0,0,29,0.3926,0,0,0,0
255,116,4,3,0,15,0.3887,1,0,0,1
37,72,1,2,0,11,0.381,0,0,0,0
1,53,3,0,0,17,0.1919,1,1,1,3
321,40,1,0,0,55,0.1104,0,0,0,0
97,50,0,1,0,23,0.0656,0,0,0,0
33,82,0,0,0,39,0.2768,0,0,0,0
66,12,2,2,1,59,0.1249,0,0,0,0
241,24,2,0,0,21,0.3987,1,1,1,3
289,81,2,0,0,21,0.3493,1,1,1,3
245,53,2,1,0,52,0.1201,0,0,0,0
152,70,4,1,0,47,0.7139,1,1,0,2
201,24,1,3,0,46,0.6461,0,0,0,0
45,15,1,0,0,48,0.1638,0,0,0,0
260,105,2,3,0,34,0.1297,0,0,0,0
264,3,3,3,0,39,0.5625,0,0,0,0
76,112,1,1,0,25,0.6967,1,0,0,1
249,87,4,1,0,50,0.2399,1,1,1,3
194,93,3,1,0,31,0.1102,1,0,0,1
317,103,5,1,0,36,0.1367,1,1,1,3
343,46,1,2,0,15,0.2326,0,0,0,0
128,112,2,1,1,21,0.5012,0,0,0,0
309,3,1,1,0,49,0.2231,0,0,0,0
241,39,5,3,0,57,0.4433,1,1,0,2
384,93,2,1,0,47,0.2198,1,1,1,3
239,68,2,1,0,15,0.3785,1,0,0,1
69,24,4,2,0,34,0.0635,0,0,0,0
139,60,0,0,1,48,0.4519,1,0,0,1
16,0,5,3,0,38,0.1364,1,0,0,1
92,7,2,2,0,10,0.0962,0,0,0,0
50,48,1,3,0,53,0.0775,0,0,0,0
205,49,3,1,0,50,0.2372,1,0,0,1
182,66,2,0,1,16,0.3459,1,1,0,2
228,91,4,1,0,18,0.1965,1,0,0,1
21,102,2,1,0,0,0.3681,0,0,0,0
390,3,2,2,0,53,0.1487,0,0,0,0
198,83,1,2,0,45,0.2006,0,0,0,0
141,77,3,0,0,44,0.2263,1,1,1,3
200,64,1,2,1,55,0.1423,0,0,0,0
164,84,2,1,0,13,0.3908,1,0,0,1
232,50,1,2,0,47,0.5208,0,0,0,0
196,55,1,3,0,55,0.1424,0,0,0,0
245,9,3,2,0,1,0.2009,1,0,0,1
65,64,0,3,0,33,0.1043,0,0,0,0
171,103,2,1,0,9,0.4766,1,0,0,1
149,20,2,0,0,50,0.3848,0,0,0,0
177,5,5,1,0,16,0.2469,1,1,1,3
123,39,4,0,0,31,0.3163,1,1,1,3
163,29,2,2,0,21,0.3696,0,0,0,0
147,22,4,0,0,41,0.0586,1,1,1,3
130,91,2,1,0,17,0.1031,1,0,0,1
37,20,1,1,0,5,0.107,0,0,0,0
230,77,3,1,1,54,0.2526,1,0,0,1
376,118,1,1,1,9,0.4446,0,0,0,0
350,83,1,1,0,8,0.5016,0,0,0,0
327,25,4,3,0,38,0.182,0,0,0,0
230,81,3,1,0,21,0.5304,1,1,0,2
155,39,4,3,0,41,0.356,1,0,0,1
181,97,2,1,0,8,0.3919,1,1,0,2
200,37,4,0,0,26,0.2881,1,1,0,2
366,85,5,2,0,11,0.1016,1,1,1,3
58,4,4,3,0,56,0.2322,1,1,0,2
109,82,0,3,0,23,0.4541,0,0,0,0
62,56,2,0,1,19,0.2572,1,1,0,2
62,47,1,1,0,5,0.6771,0,0,0,0
258,7,2,3,0,33,0.4537,0,0,0,0
5,94,1,1,0,51,0.1188,0,0,0,0
247,6,1,1,0,49,0.201,1,1,0,2
105,39,2,1,0,36,0.4287,1,1,1,3
224,84,0,1,0,42,0.0477,0,0,0,0
170,8,1,0,0,4,0.2894,0,0,0,0
326,63,2,1,0,45,0.6149,1,0,0,1
142,15,3,0,0,47,0.2947,1,1,1,3
126,94,1,2,0,32,0.2052,0,0,0,0
126,112,2,1,0,13,0.4077,1,1,0,2
170,91,1,1,0,25,0.3914,1,1,1,3
388,82,2,3,0,27,0.2599,0,0,0,0
264,6,3,0,0,24,0.4186,1,1,0,2
377,38,4,2,0,29,0.3801,1,1,0,2
351,30,4,2,0,1,0.1792,1,1,1,3
328,51,2,1,0,1,0.2798,0,0,0,0
118,13,2,0,0,35,0.3371,0,0,0,0
247,25,3,1,0,51,0.2429,0,0,0,0
165,28,1,1,1,15,0.1278,1,0,0,1
88,72,2,2,0,28,0.036,0,0,0,0
154,61,2,2,1,48,0.371,0,0,0,0
266,30,1,3,0,5,0.5246,0,0,0,0
94,116,1,2,0,4,0.2708,0,0,0,0
383,86,3,1,0,56,0.0974,1,1,1,3
272,84,1,1,0,11,0.3173,0,0,0,0
271,5,5,1,1,10,0.4888,1,1,1,3
5,116,2,3,0,34,0.1215,0,0,0,0
240,76,3,2,1,53,0.4357,0,0,0,0
1,54,1,1,0,4,0.3515,1,1,0,2
127,75,3,1,0,29,0.1572,1,0,0,1
100,116,4,1,0,53,0.4973,1,1,0,2
98,54,0,2,0,1,0.0895,0,0,0,0
298,95,3,1,1,27,0.2122,1,1,1,3
148,105,2,2,1,57,0.3069,1,0,0,1
122,5,2,1,0,35,0.25,1,1,0,2
190,29,4,0,0,24,0.1652,1,1,1,3
130,68,1,2,0,27,0.1012,0,0,0,0
65,87,4,1,0,48,0.098,1,1,1,3
233,39,6,3,0,48,0.1821,1,1,1,3
89,67,1,3,0,24,0.2935,0,0,0,0
225,61,1,3,1,13,0.0969,0,0,0,0
398,88,2,2,0,42,0.1496,0,0,0,0
83,65,2,0,0,59,0.1527,0,0,0,0
127,109,2,1,0,1,0.6002,1,0,0,1
66,33,2,0,0,10,0.1038,0,0,0,0
113,29,3,1,1,40,0.3338,1,0,0,1
196,42,3,3,0,23,0.1134,1,0,0,1
381,113,2,1,0,3,0.3205,1,1,0,2
43,23,2,1,0,19,0.291,1,0,0,1
157,8,4,0,0,10,0.2267,1,1,1,3
120,35,5,0,0,3,0.2694,1,1,1,3
277,76,4,0,0,29,0.2674,1,1,1,3
389,9,5,2,0,45,0.3431,1,1,0,2
202,102,1,1,0,6,0.25,1,0,0,1
176,10,2,2,0,56,0.3406,0,0,0,0
195,20,4,0,0,58,0.2288,1,0,0,1
55,54,1,0,0,50,0.4844,0,0,0,0
357,107,1,2,1,36,0.3103,0,0,0,0
354,12,1,1,0,21,0.1342,0,0,0,0
105,49,2,2,0,11,0.429,1,0,0,1
76,52,3,1,1,31,0.126,1,1,1,3
59,48,2,2,0,14,0.126,0,0,0,0
10,14,0,3,0,43,0.0639,0,0,0,0
381,113,2,1,0,53,0.4294,0,0,0,0
345,5,4,2,1,24,0.2626,1,1,1,3
118,73,3,1,0,51,0.4805,1,1,0,2
115,13,2,1,0,11,0.3114,1,0,0,1
183,26,1,2,1,47,0.1533,0,0,0,0
355,12,2,1,0,31,0.3433,1,0,0,1
163,71,1,1,0,39,0.2471,0,0,0,0
181,97,2,1,0,51,0.132,0,0,0,0
386,102,2,3,0,8,0.1782,0,0,0,0
197,19,3,0,0,1,0.4555,0,0,0,0
340,81,3,1,0,39,0.1119,1,0,0,1
150,63,0,1,0,13,0.2689,0,0,0,0
33,17,3,3,0,5,0.2444,0,0,0,0
246,113,2,0,0,24,0.0759,0,0,0,0
141,2,1,1,0,33,0.2799,0,0,0,0
130,25,3,2,0,46,0.2576,0,0,0,0
96,3,3,0,0,57,0.6085,0,0,0,0
37,34,2,0,1,13,0.0984,1,0,0,1
9,10,0,3,0,40,0.6076,0,0,0,0
243,115,1,0,0,6,0.2071,0,0,0,0
49,108,1,2,0,50,0.2122,0,0,0,0
215,117,1,0,0,26,0.7296,1,0,0,1
330,45,3,1,1,0,0.1496,1,0,0,1
16,68,2,0,0,18,0.4826,0,0,0,0
307,7,2,0,0,23,0.2011,1,0,0,1
301,83,3,0,0,34,0.38,1,0,0,1
115,113,1,0,0,13,0.5184,0,0,0,0
370,32,1,0,0,50,0.3265,1,1,0,2
391,117,1,2,0,50,0.3671,0,0,0,0
200,41,2,0,0,51,0.1366,1,1,0,2
369,42,5,2,0,48,0.1392,0,0,0,0
275,111,1,1,0,37,0.1564,0,0,0,0
269,103,3,3,0,5,0.2083,0,0,0,0
183,74,6,3,0,21,0.1071,1,1,1,3
180,45,4,0,1,29,0.2332,1,1,1,3
253,89,4,0,0,40,0.3069,1,1,1,3
146,29,6,1,0,27,0.3043,1,1,1,3
12,50,0,1,0,49,0.2601,0,0,0,0
160,83,2,2,0,38,0.3498,0,0,0,0
191,10,3,3,1,32,0.4157,1,1,0,2
86,71,3,2,0,42,0.064,0,0,0,0
68,80,3,1,0,26,0.532,1,0,0,1
137,30,2,2,0,35,0.4909,0,0,0,0
170,51,0,1,0,53,0.1287,0,0,0,0
71,2,3,3,0,23,0.1508,0,0,0,0
130,28,0,1,0,30,0.1184,0,0,0,0
49,54,1,1,0,38,0.5865,0,0,0,0
260,3,3,3,1,20,0.2749,0,0,0,0
121,61,2,3,0,33,0.0305,0,0,0,0
318,73,4,3,0,54,0.2441,0,0,0,0
121,10,3,3,0,38,0.2797,1,0,0,1
173,7,4,0,0,27,0.3055,1,0,0,1
297,83,1,1,1,39,0.1765,0,0,0,0
246,15,3,1,0,39,0.0224,0,0,0,0
50,107,0,2,0,46,0.3634,0,0,0,0
61,46,1,3,0,24,0.5478,0,0,0,0
323,98,3,1,0,13,0.4926,1,0,0,1
354,10,2,0,0,37,0.4238,0,0,0,0
132,8,4,3,1,3,0.4864,1,1,1,3
216,13,1,1,0,23,0.6914,0,0,0,0
129,108,2,3,0,53,0.1029,0,0,0,0
286,0,2,3,0,52,0.3281,0,0,0,0
325,107,4,1,1,10,0.628,1,0,0,1
80,0,4,3,0,52,0.2185,0,0,0,0
293,33,3,2,0,31,0.1836,0,0,0,0
139,102,1,1,1,18,0.2208,1,0,0,1
183,87,5,1,0,14,0.2974,1,1,1,3
43,65,3,2,0,50,0.036,0,0,0,0
334,79,1,1,0,6,0.1149,0,0,0,0
393,47,1,3,1,11,0.2621,0,0,0,0
278,72,3,1,0,26,0.4354,1,1,0,2
246,96,3,0,1,44,0.3469,1,1,0,2
220,76,2,3,1,31,0.3132,0,0,0,0
123,85,5,2,1,5,0.4235,1,1,1,3
330,107,0,1,1,13,0.0728,0,0,0,0
38,109,4,1,0,21,0.1431,1,1,1,3
199,21,1,2,0,55,0.5125,0,0,0,0
337,36,3,0,1,48,0.5469,1,1,0,2
128,100,3,0,0,18,0.2826,1,0,0,1
97,45,4,2,0,52,0.2143,1,1,0,2
139,111,2,1,0,33,0.3923,1,0,0,1
25,94,0,0,0,8,0.399,0,0,0,0
93,80,5,3,0,34,0.4653,1,1,1,3
96,75,1,2,1,17,0.3914,1,1,0,2
365,75,3,2,0,22,0.1426,1,0,0,1
4,28,1,0,0,4,0.354,0,0,0,0
299,25,4,3,0,14,0.1162,1,0,0,1
97,86,3,0,0,35,0.0636,1,1,1,3
130,39,3,2,1,49,0.2185,1,0,0,1
360,90,3,3,0,11,0.5711,1,0,0,1
295,68,1,2,0,28,0.1617,0,0,0,0
291,115,3,2,0,4,0.4386,1,0,0,1
232,77,4,2,0,18,0.1983,1,0,0,1
100,11,1,1,0,43,0.0991,0,0,0,0
68,22,0,1,1,1,0.2684,0,0,0,0
232,51,3,1,1,52,0.1782,0,0,0,0
320,119,3,3,0,36,0.5155,0,0,0,0
340,69,1,0,0,39,0.3584,0,0,0,0
134,21,2,2,1,6,0.2053,0,0,0,0
157,108,2,3,0,57,0.328,0,0,0,0
227,75,1,1,0,54,0.3712,0,0,0,0
398,63,2,0,0,32,0.1669,0,0,0,0
83,0,2,0,0,44,0.2438,0,0,0,0
179,30,2,1,0,59,0.3932,0,0,0,0
133,96,2,1,0,29,0.1041,1,1,1,3
96,62,5,0,1,11,0.1749,1,1,1,3
361,110,1,1,1,6,0.036,0,0,0,0
170,66,0,0,0,12,0.2191,0,0,0,0
59,74,3,1,0,8,0.3599,1,1,0,2
174,68,1,3,0,17,0.3994,0,0,0,0
363,113,4,0,0,9,0.2031,1,1,0,2
214,87,2,0,0,36,0.3358,1,0,0,1
63,7,4,1,1,11,0.1531,0,0,0,0
80,87,5,1,1,40,0.1935,1,1,1,3
96,101,3,0,0,18,0.6112,1,0,0,1
122,52,2,0,0,15,0.1709,1,1,1,3
344,19,3,2,1,4,0.2032,1,1,0,2
181,17,4,1,1,56,0.1843,1,1,1,3
163,55,2,3,0,21,0.0507,0,0,0,0
280,17,2,2,0,40,0.1744,0,0,0,0
39,33,5,2,0,12,0.2316,1,1,1,3
0,101,2,3,1,8,0.5702,0,0,0,0
207,41,3,1,0,30,0.405,1,1,0,2
2,51,2,1,0,27,0.442,1,0,0,1
100,45,4,1,1,16,0.1664,1,1,1,3
234,93,3,1,0,58,0.1287,1,0,0,1
183,2,4,3,0,59,0.0815,0,0,0,0
216,52,1,0,0,40,0.1926,0,0,0,0
201,64,2,3,0,56,0.2755,0,0,0,0
211,85,5,1,1,12,0.0902,1,1,1,3
333,2,4,3,0,7,0.392,1,0,0,1
1,119,4,1,0,30,0.1789,1,1,0,2
307,76,3,3,0,32,0.1461,0,0,0,0
386,0,1,0,1,16,0.2795,1,0,0,1
5,14,0,0,0,56,0.273,0,0,0,0
196,42,3,3,0,1,0.1849,1,0,0,1
317,75,3,0,0,57,0.3406,0,0,0,0
376,116,3,0,0,57,0.1069,1,1,0,2
273,117,2,2,0,54,0.5847,1,0,0,1
27,74,3,2,0,6,0.284,1,1,0,2
188,32,2,2,0,2,0.3362,0,0,0,0
174,42,2,0,0,48,0.3369,1,0,0,1
148,83,1,0,0,38,0.1148,1,0,0,1
191,29,3,1,0,31,0.3441,1,1,0,2
317,34,4,1,0,14,0.2664,1,1,1,3
396,116,2,3,1,25,0.4247,0,0,0,0
70,86,3,0,0,44,0.243,1,1,0,2
324,6,3,3,0,51,0.1902,0,0,0,0
137,88,1,0,0,22,0.4188,1,0,0,1
156,94,0,0,0,12,0.4845,1,0,0,1
95,72,2,1,0,24,0.1524,0,0,0,0
184,62,4,1,0,38,0.1954,1,0,0,1
22,61,1,3,0,55,0.2473,0,0,0,0
23,97,2,3,1,45,0.0158,0,0,0,0
46,36,1,2,0,4,0.2012,0,0,0,0
184,57,3,2,0,19,0.3565,0,0,0,0
92,23,3,2,0,41,0.7308,1,0,0,1
224,107,2,0,0,25,0.2949,1,1,0,2
52,65,5,1,0,57,0.1687,1,1,1,3
334,40,2,1,0,53,0.2257,0,0,0,0
99,97,1,3,0,33,0.3146,0,0,0,0
4,33,6,2,0,54,0.2637,1,1,1,3
119,7,2,3,0,53,0.4057,0,0,0,0
155,7,4,3,0,34,0.3387,1,0,0,1
77,41,4,0,0,18,0.2003,1,1,0,2
62,54,1,0,0,27,0.3352,0,0,0,0
242,18,4,1,0,5,0.1913,1,1,1,3
138,110,2,1,1,50,0.7199,1,1,1,3
253,64,2,0,1,33,0.2355,0,0,0,0
205,103,3,2,1,43,0.4622,1,0,0,1
260,1,1,0,0,53,0.0275,1,1,0,2
198,48,1,3,0,7,0.243,0,0,0,0
266,92,2,3,1,31,0.2943,0,0,0,0
292,46,1,3,0,52,0.3906,0,0,0,0
48,18,5,1,0,40,0.2427,0,0,0,0
141,105,2,1,0,5,0.0439,0,0,0,0
202,87,3,0,0,4,0.3466,1,0,0,1
121,24,3,0,0,7,0.5476,1,1,1,3
103,86,4,0,0,59,0.3461,1,0,0,1
262,63,3,1,0,29,0.367,1,1,1,3
136,113,1,1,0,13,0.3403,1,0,0,1
386,61,2,3,0,28,0.2434,0,0,0,0
370,43,2,1,0,29,0.3611,1,0,0,1
246,65,4,1,0,50,0.2177,1,1,1,3
136,89,4,0,0,34,0.1841,1,1,1,3
49,81,2,1,0,8,0.3423,1,0,0,1
263,82,1,2,0,17,0.1748,0,0,0,0
134,105,3,3,0,17,0.5929,1,1,0,2
146,115,4,2,1,16,0.7015,1,1,1,3
296,12,2,1,0,12,0.4994,1,1,1,3
275,84,0,1,0,17,0.2864,0,0,0,0
293,1,3,1,0,29,0.2039,0,0,0,0
342,71,2,1,0,2,0.1582,1,0,0,1
291,67,2,1,0,57,0.6466,1,0,0,1
356,113,3,0,0,37,0.4717,1,1,1,3
61,95,3,0,0,1,0.571,1,1,0,2
324,27,5,3,1,52,0.7438,1,1,1,3
210,82,2,2,0,32,0.0243,0,0,0,0
344,83,3,0,0,30,0.2487,0,0,0,0
217,45,3,2,0,12,0.3004,0,0,0,0
220,23,2,0,1,52,0.3656,0,0,0,0
205,72,1,2,0,31,0.0402,0,0,0,0
186,36,1,2,0,53,0.254,0,0,0,0
305,106,2,0,1,56,0.0516,1,1,0,2
346,63,1,3,0,58,0.2211,0,0,0,0
170,51,0,1,0,58,0.2368,0,0,0,0
84,44,3,1,1,57,0.3023,1,1,0,2
78,92,3,0,0,39,0.2675,1,0,0,1
0,33,3,3,1,3,0.4303,0,0,0,0
5,101,1,3,0,53,0.5076,0,0,0,0
344,37,4,0,0,1,0.3358,1,1,1,3
271,26,1,0,0,57,0.0955,0,0,0,0
271,15,2,1,0,43,0.434,0,0,0,0
376,115,0,0,1,17,0.2092,1,0,0,1
89,84,2,1,0,25,0.4923,1,0,0,1
69,58,3,0,1,8,0.0435,1,1,1,3
102,102,1,0,0,11,0.328,0,0,0,0
206,29,3,0,0,14,0.3806,1,1,1,3
103,90,4,0,0,57,0.5928,1,1,0,2
364,19,3,3,0,29,0.3145,1,0,0,1
285,99,2,1,1,42,0.6086,1,1,1,3
15,28,2,1,1,56,0.3453,1,0,0,1
69,86,3,2,0,0,0.3244,1,0,0,1
104,90,2,1,0,27,0.1566,0,0,0,0
164,55,2,0,1,1,0.4361,1,1,1,3
132,38,4,3,0,4,0.6101,1,0,0,1
163,106,3,2,0,46,0.2271,0,0,0,0
241,78,2,2,0,39,0.1494,0,0,0,0
138,24,3,2,0,43,0.2311,1,1,0,2
392,67,3,1,0,57,0.1849,1,0,0,1
53,76,5,3,0,41,0.024,0,0,0,0
321,54,3,2,0,37,0.1787,0,0,0,0
207,75,3,1,0,56,0.1067,1,0,0,1
214,35,4,1,0,49,0.1636,1,0,0,1
247,61,2,1,0,41,0.4352,0,0,0,0
104,27,5,2,0,21,0.0374,1,1,0,2
91,10,1,3,1,51,0.1021,0,0,0,0
311,26,0,2,1,17,0.4304,0,0,0,0
220,15,2,3,0,26,0.2259,0,0,0,0
374,96,3,1,0,32,0.2034,1,0,0,1
397,48,2,3,0,49,0.1488,0,0,0,0
180,54,2,1,0,47,0.1752,0,0,0,0
63,68,5,1,0,56,0.3682,1,1,1,3
292,102,2,0,0,37,0.0288,1,0,0,1
45,106,0,1,0,57,0.1649,0,0,0,0
89,110,4,1,0,37,0.1001,1,1,1,3
88,90,3,1,1,4,0.0728,1,1,0,2
164,72,2,3,0,48,0.0347,0,0,0,0
178,10,0,0,1,4,0.3003,1,0,0,1
367,30,2,0,0,29,0.0818,0,0,0,0
123,41,4,1,0,35,0.3984,1,1,1,3
27,13,1,0,0,29,0.2027,0,0,0,0
372,80,2,3,0,55,0.0185,0,0,0,0
35,104,2,2,0,22,0.2087,0,0,0,0
279,59,1,2,0,6,0.2358,0,0,0,0
186,15,3,0,0,13,0.2699,1,1,1,3
23,23,7,0,0,31,0.3207,1,1,1,3
84,75,2,1,0,1,0.0639,0,0,0,0
301,23,5,1,0,25,0.0978,1,1,1,3
343,14,1,1,0,52,0.4194,1,0,0,1
363,58,2,1,0,26,0.257,0,0,0,0
314,93,1,1,0,37,0.4881,0,0,0,0
11,119,4,2,0,52,0.0955,1,0,0,1
293,102,3,1,0,29,0.1923,1,1,0,2
0,118,1,2,0,13,0.2561,1,0,0,1
311,30,1,0,0,45,0.213,0,0,0,0
350,92,3,2,0,6,0.065,0,0,0,0
211,12,5,0,1,44,0.3849,1,1,1,3
320,66,2,3,0,33,0.5114,0,0,0,0
150,65,2,2,0,26,0.0622,0,0,0,0
158,3,1,1,0,4,0.3409,0,0,0,0
351,77,5,0,0,9,0.3974,1,1,1,3
388,64,2,0,0,32,0.3568,1,0,0,1
0,38,4,0,0,3,0.4371,0,0,0,0
260,47,1,3,1,54,0.0498,0,0,0,0
23,115,2,3,0,28,0.4964,0,0,0,0
326,67,0,1,0,10,0.3176,0,0,0,0
128,83,2,2,0,11,0.6353,1,0,0,1
81,102,2,1,0,39,0.1239,0,0,0,0
351,96,4,0,0,6,0.3019,1,1,1,3
399,44,1,2,0,25,0.2078,0,0,0,0
306,91,2,1,0,3,0.3414,1,1,0,2
37,74,2,1,0,28,0.304,1,0,0,1
199,10,2,0,0,12,0.0582,0,0,0,0
326,66,3,1,0,20,0.2949,0,0,0,0
284,64,2,3,0,24,0.0938,0,0,0,0
196,74,4,3,1,9,0.4419,0,0,0,0
66,41,2,2,0,53,0.5401,0,0,0,0
0,85,3,2,0,45,0.1961,0,0,0,0
64,25,4,2,0,0,0.1863,1,1,1,3
173,80,3,3,0,59,0.0804,0,0,0,0
327,34,2,1,0,50,0.2985,0,0,0,0
107,106,2,1,0,42,0.0901,0,0,0,0
366,3,5,3,0,25,0.6053,1,1,1,3
284,13,4,1,0,13,0.3087,1,1,1,3
161,64,1,3,1,45,0.0972,0,0,0,0
222,118,2,0,1,46,0.2939,1,1,1,3
117,25,6,1,0,48,0.6078,1,1,1,3
386,70,2,2,0,24,0.4232,0,0,0,0
40,21,4,1,0,59,0.0916,1,1,1,3
240,2,3,2,0,56,0.1608,1,0,0,1
376,12,3,2,0,23,0.179,1,1,1,3
321,47,0,3,0,58,0.2405,0,0,0,0
21,54,2,1,0,59,0.2671,0,0,0,0
71,63,2,0,1,9,0.2747,1,0,0,1
246,103,4,2,1,59,0.3653,1,1,1,3
79,65,6,3,0,54,0.126,1,0,0,1
239,111,1,1,0,36,0.4194,0,0,0,0
52,92,2,2,0,38,0.2591,0,0,0,0
139,89,2,2,0,39,0.1383,0,0,0,0
341,107,2,1,0,44,0.4919,0,0,0,0
374,73,4,3,0,15,0.5249,1,0,0,1
282,59,3,1,0,47,0.3093,1,1,1,3
185,86,3,0,0,12,0.1064,1,1,1,3
359,76,3,2,1,37,0.4041,1,1,0,2
326,54,1,1,0,17,0.6584,1,0,0,1
110,65,4,0,1,6,0.2971,1,1,1,3
378,14,2,0,1,43,0.1273,1,0,0,1
47,110,1,0,0,23,0.2821,1,0,0,1
196,23,3,0,1,14,0.7845,1,1,1,3
376,15,1,0,1,31,0.2152,0,0,0,0
77,102,2,1,0,12,0.2676,0,0,0,0
317,49,3,2,1,21,0.4452,1,0,0,1
391,15,1,1,0,50,0.1317,0,0,0,0
168,67,0,1,0,46,0.4176,0,0,0,0
136,116,3,0,0,5,0.2742,1,0,0,1
104,31,3,1,1,40,0.2022,0,0,0,0
82,26,0,1,0,50,0.2451,0,0,0,0
219,77,5,1,0,30,0.2958,1,1,0,2
87,20,2,2,0,12,0.0996,1,0,0,1
42,71,2,1,0,1,0.6397,1,0,0,1
288,7,2,3,0,23,0.4279,0,0,0,0
154,58,1,1,0,17,0.5747,1,0,0,1
42,115,2,1,0,0,0.4171,0,0,0,0
204,90,4,2,1,59,0.3646,1,1,1,3
257,47,1,0,0,57,0.1006,0,0,0,0
157,109,4,1,0,45,0.3748,1,1,1,3
215,18,2,3,1,41,0.4168,0,0,0,0
375,114,2,1,0,23,0.4608,1,0,0,1
343,98,2,1,0,49,0.2864,0,0,0,0
307,4,3,3,0,56,0.2412,0,0,0,0
337,93,3,1,1,43,0.4501,1,1,0,2
194,112,3,1,0,41,0.2993,1,0,0,1
268,6,1,0,1,15,0.4333,1,0,0,1
21,48,1,1,0,49,0.3929,0,0,0,0
231,59,4,2,0,20,0.285,1,1,0,2
390,61,2,1,0,12,0.2096,1,1,1,3
332,72,3,2,0,42,0.3364,1,0,0,1
203,66,3,1,0,9,0.0727,1,1,0,2
259,58,1,1,0,9,0.309,1,0,0,1
59,13,2,1,0,19,0.4034,1,0,0,1
198,7,5,3,0,9,0.1689,1,0,0,1
145,85,4,2,0,36,0.4976,1,1,1,3
2,35,4,2,0,59,0.1246,1,0,0,1
165,22,3,3,0,8,0.2583,1,0,0,1
343,39,3,1,0,10,0.5091,1,1,1,3
22,42,3,0,0,57,0.2697,1,1,1,3
161,39,3,0,1,17,0.227,1,0,0,1
123,87,5,1,1,27,0.0785,1,1,1,3
27,114,0,1,0,7,0.571,0,0,0,0
140,90,5,3,0,16,0.4251,1,1,1,3
84,107,3,1,0,5,0.2874,1,1,0,2
313,92,2,2,0,22,0.1388,0,0,0,0
354,103,1,0,0,2,0.6041,1,0,0,1
43,42,2,2,0,14,0.2701,0,0,0,0
214,23,3,1,0,32,0.4041,1,1,1,3
292,69,1,1,0,8,0.5229,1,1,0,2
117,50,1,1,0,29,0.3874,1,0,0,1
254,82,1,2,0,10,0.2222,0,0,0,0
17,80,6,0,0,46,0.3868,1,1,1,3
395,49,1,0,0,47,0.4236,0,0,0,0
173,8,2,0,0,40,0.4766,0,0,0,0
140,30,3,0,0,42,0.408,1,0,0,1
89,52,2,1,0,41,0.4313,0,0,0,0
319,45,5,1,0,16,0.1876,1,1,1,3
191,42,4,0,0,42,0.553,1,1,1,3
85,80,4,0,0,58,0.2456,1,1,0,2
63,85,3,1,0,0,0.2738,0,0,0,0
234,30,3,1,0,6,0.2761,1,0,0,1
194,69,2,2,1,46,0.2078,0,0,0,0
291,48,0,1,0,0,0.4013,1,0,0,1
218,20,2,1,0,56,0.3523,0,0,0,0
340,21,3,1,0,10,0.3657,1,0,0,1
124,89,4,0,0,18,0.3651,1,1,1,3
161,85,3,2,0,48,0.1468,1,0,0,1
3,26,0,1,0,22,0.1849,0,0,0,0
263,76,3,1,1,33,0.3606,0,0,0,0
207,51,4,1,1,58,0.2763,1,0,0,1
372,90,2,3,0,13,0.1712,0,0,0,0
93,36,1,1,1,22,0.1715,0,0,0,0
31,39,6,1,0,39,0.2002,1,1,1,3
185,78,1,2,0,6,0.1425,0,0,0,0
376,115,0,0,1,33,0.1281,0,0,0,0
182,70,0,1,0,15,0.1439,0,0,0,0
286,3,2,3,0,42,0.3954,0,0,0,0
273,58,3,1,0,19,0.5065,1,1,0,2
93,114,2,2,1,55,0.1552,1,0,0,1
69,9,4,1,1,17,0.1952,1,1,1,3
292,73,3,0,0,2,0.4237,1,0,0,1
293,115,2,2,0,38,0.5407,1,0,0,1
315,37,1,2,0,49,0.2143,0,0,0,0
86,96,3,1,0,41,0.4302,1,1,1,3
124,56,4,1,0,31,0.1762,1,0,0,1
128,95,1,3,1,33,0.1668,0,0,0,0
169,56,3,0,0,23,0.4072,1,1,1,3
387,40,1,3,0,26,0.3836,0,0,0,0
337,73,5,1,0,39,0.5981,1,1,0,2
110,19,4,0,0,49,0.1258,0,0,0,0
275,21,1,1,0,21,0.5306,0,0,0,0
215,114,1,2,1,25,0.4644,1,0,0,1
379,75,2,1,0,18,0.1436,1,0,0,1
83,41,1,2,0,2,0.1961,0,0,0,0
323,94,2,0,0,6,0.2721,1,0,0,1
156,86,3,2,0,17,0.3033,1,0,0,1
323,64,1,2,0,21,0.4293,0,0,0,0
281,116,5,0,0,8,0.1169,1,1,1,3
17,90,6,0,0,55,0.5956,1,1,1,3
70,92,3,3,0,27,0.1292,0,0,0,0
27,73,2,1,1,9,0.0585,0,0,0,0
223,28,2,2,0,45,0.2599,0,0,0,0
366,74,7,3,0,35,0.5266,1,1,1,3
43,39,3,1,0,23,0.1298,1,1,1,3
310,91,2,1,0,24,0.253,0,0,0,0
393,34,2,2,0,21,0.0661,1,0,0,1
152,110,2,0,0,42,0.2493,1,0,0,1
322,47,2,0,0,11,0.3788,1,0,0,1
149,115,2,0,1,20,0.2526,1,0,0,1
331,101,2,0,0,12,0.3445,1,0,0,1
35,72,0,0,1,27,0.2267,0,0,0,0
44,39,4,3,0,36,0.0769,1,0,0,1
172,0,2,1,0,57,0.3548,1,0,0,1
276,18,5,2,0,14,0.167,1,1,0,2
158,87,2,1,0,47,0.4711,1,0,0,1
266,86,2,0,0,41,0.4429,0,0,0,0
283,104,1,0,1,27,0.5198,1,1,0,2
331,106,3,1,0,10,0.3574,1,1,0,2
206,31,2,1,0,17,0.2091,0,0,0,0
222,78,1,1,1,37,0.0818,0,0,0,0
135,58,3,0,0,42,0.4414,1,0,0,1
265,66,3,2,0,8,0.2575,1,1,0,2
45,83,1,2,0,30,0.1616,1,0,0,1
172,14,1,2,0,7,0.3054,0,0,0,0
326,100,4,2,0,20,0.2365,1,1,1,3
176,25,5,2,0,59,0.5345,1,1,0,2
306,2,3,3,0,59,0.2982,0,0,0,0
113,67,1,1,0,27,0.3432,1,0,0,1
43,32,1,1,0,24,0.3076,0,0,0,0
176,19,3,1,0,22,0.2918,1,1,0,2
128,115,4,0,1,14,0.4089,1,1,1,3
138,61,2,1,0,58,0.3752,0,0,0,0
122,41,1,1,0,26,0.0579,0,0,0,0
301,30,3,1,0,58,0.4953,0,0,0,0
142,7,4,3,0,21,0.1707,1,1,1,3
391,106,1,0,0,3,0.5008,1,0,0,1
24,90,5,3,0,36,0.5205,1,1,1,3
214,99,2,1,0,48,0.4223,0,0,0,0
338,37,5,1,1,48,0.5025,1,1,1,3
384,4,4,2,0,45,0.1197,0,0,0,0
166,24,2,2,0,7,0.0481,0,0,0,0
98,59,5,3,1,46,0.1749,1,1,1,3
181,97,2,1,0,30,0.1617,0,0,0,0
390,36,1,0,1,58,0.3426,0,0,0,0
371,101,2,3,0,54,0.059,0,0,0,0
346,29,3,1,1,3,0.2327,1,0,0,1
269,107,3,2,1,27,0.1752,0,0,0,0
286,73,4,0,1,38,0.4456,1,1,1,3
387,26,1,1,0,38,0.1442,0,0,0,0
105,19,2,2,1,3,0.003,0,0,0,0
371,18,5,3,0,9,0.2881,1,1,1,3
266,71,2,2,1,8,0.247,1,1,0,2
48,39,4,2,0,11,0.2101,0,0,0,0
0,24,2,3,1,50,0.1251,0,0,0,0
318,86,3,0,0,28,0.0254,1,0,0,1
195,24,4,0,0,39,0.2989,1,1,1,3
56,51,4,2,0,48,0.1265,0,0,0,0
80,103,6,0,1,48,0.5146,1,1,1,3
55,69,1,1,0,43,0.3075,1,0,0,1
104,100,3,1,0,4,0.0872,1,1,1,3
140,4,4,3,0,20,0.1922,1,1,0,2
329,104,4,0,1,48,0.5629,1,1,1,3
271,18,4,1,0,51,0.2021,1,1,0,2
122,2,1,1,0,11,0.2111,1,0,0,1
273,18,5,1,0,27,0.1945,1,1,1,3
213,76,2,3,0,35,0.1298,0,0,0,0
312,26,0,2,0,18,0.6937,0,0,0,0
57,61,1,2,0,52,0.1831,0,0,0,0
285,30,2,1,0,16,0.6779,1,1,1,3
148,60,0,0,1,27,0.0197,1,0,0,1
93,26,1,2,0,8,0.1916,0,0,0,0
369,49,2,2,0,24,0.3509,0,0,0,0
112,51,2,1,0,19,0.1649,1,0,0,1
264,56,4,2,1,15,0.6368,1,1,1,3
114,93,2,2,0,0,0.2781,0,0,0,0
310,87,4,1,0,53,0.4966,0,0,0,0
394,13,2,1,0,30,0.5939,1,0,0,1
6,81,3,2,1,30,0.3559,1,0,0,1
236,86,3,3,0,34,0.0112,0,0,0,0
78,23,5,0,0,33,0.223,1,1,1,3
337,88,2,1,1,4,0.1115,1,1,1,3
267,42,4,1,1,55,0.5555,1,1,1,3
356,18,4,1,0,25,0.1314,1,1,1,3
348,32,3,0,1,17,0.2003,1,1,1,3
116,32,1,0,1,52,0.1373,0,0,0,0
263,90,3,1,0,29,0.45,1,0,0,1
360,105,3,3,0,46,0.1626,0,0,0,0
177,87,6,1,0,28,0.2503,1,1,1,3
343,27,3,1,0,34,0.6476,0,0,0,0
140,102,3,0,0,3,0.1698,1,0,0,1
157,100,5,3,0,11,0.268,1,1,0,2
397,44,3,2,0,42,0.5233,0,0,0,0
186,28,2,2,1,0,0.3789,1,1,0,2
279,102,1,1,1,45,0.0646,1,0,0,1
19,89,4,3,0,38,0.2372,0,0,0,0
331,99,3,1,1,7,0.2791,1,1,0,2
348,19,4,3,0,24,0.1607,1,1,1,3
31,58,3,0,0,12,0.0461,1,1,1,3
307,93,0,2,0,23,0.2703,0,0,0,0
12,33,1,0,0,11,0.141,1,1,0,2
379,5,2,1,0,24,0.1111,0,0,0,0
139,17,1,2,0,31,0.0217,0,0,0,0
299,109,2,2,0,29,0.3566,0,0,0,0
270,86,3,3,0,50,0.4758,1,0,0,1
53,92,1,0,0,20,0.0352,0,0,0,0
329,87,6,1,0,23,0.1505,1,1,1,3
21,78,2,0,0,51,0.171,0,0,0,0
71,68,3,0,1,32,0.2708,1,0,0,1
292,6,4,0,0,45,0.2913,1,0,0,1
272,13,0,0,0,58,0.8052,0,0,0,0
56,16,3,1,0,25,0.1684,0,0,0,0
332,57,5,2,0,36,0.1363,1,1,0,2
76,84,1,1,0,3,0.5961,0,0,0,0
26,107,2,2,0,1,0.4491,0,0,0,0
148,52,2,1,0,42,0.3655,1,1,1,3
62,38,2,2,0,15,0.2487,1,0,0,1
231,25,4,1,0,41,0.2628,1,1,0,2
342,14,1,2,1,30,0.3828,1,0,0,1
4,48,2,1,0,5,0.0448,1,1,1,3
305,117,0,2,0,33,0.4168,0,0,0,0
347,65,2,3,0,22,0.3389,0,0,0,0
208,102,3,0,1,28,0.4051,1,1,1,3
266,48,2,3,0,51,0.1664,0,0,0,0
26,63,2,3,0,11,0.1924,0,0,0,0
219,31,4,0,0,24,0.4541,1,1,0,2
188,109,3,1,0,29,0.2766,0,0,0,0
234,28,2,0,0,39,0.2639,0,0,0,0
239,60,1,0,0,40,0.6981,1,0,0,1
90,117,0,3,1,20,0.232,0,0,0,0
110,54,2,1,0,44,0.3935,0,0,0,0
355,111,4,0,0,45,0.4974,1,1,1,3
46,10,1,3,0,3,0.2689,0,0,0,0
326,15,2,2,1,24,0.1726,0,0,0,0
201,52,2,2,0,15,0.2215,0,0,0,0
103,62,5,0,0,58,0.0981,1,1,1,3
7,112,2,0,1,11,0.4483,1,1,1,3
317,77,5,1,0,32,0.3068,1,1,1,3
89,114,2,1,1,24,0.0369,0,0,0,0
167,103,3,0,0,21,0.2939,0,0,0,0
204,81,3,1,0,6,0.196,1,1,0,2
250,103,6,0,0,57,0.2533,1,1,1,3
97,58,2,2,1,47,0.0672,1,0,0,1
178,8,2,0,1,23,0.158,1,1,1,3
248,12,3,2,0,2,0.1632,1,1,0,2
159,42,4,1,1,31,0.0763,1,1,1,3
360,74,2,3,0,45,0.2967,0,0,0,0
337,76,7,2,1,20,0.1595,1,1,1,3
370,39,4,0,0,6,0.3071,1,1,1,3
210,5,3,1,1,59,0.1984,0,0,0,0
346,21,3,1,1,32,0.1525,1,1,0,2
398,40,3,0,0,22,0.0582,1,1,1,3
343,118,3,1,0,16,0.3019,1,0,0,1
334,94,0,0,0,22,0.2106,1,0,0,1
79,84,2,2,1,8,0.3815,0,0,0,0
398,105,6,3,1,43,0.1981,1,1,1,3
84,54,2,2,0,24,0.2609,1,0,0,1
278,49,1,2,0,36,0.458,0,0,0,0
290,18,3,1,0,9,0.4166,1,1,1,3
124,87,5,2,1,14,0.6653,1,1,1,3
281,24,3,0,0,29,0.0934,1,1,0,2
70,80,3,0,0,9,0.3737,1,1,1,3
227,107,1,1,0,55,0.3111,0,0,0,0
72,25,5,3,0,18,0.5064,1,0,0,1
193,101,1,1,0,31,0.3068,0,0,0,0
228,72,1,2,0,7,0.1024,0,0,0,0
316,116,3,1,0,46,0.0564,1,1,1,3
302,23,6,1,0,2,0.0531,1,1,1,3
296,108,1,3,1,16,0.045,0,0,0,0
28,24,0,1,0,22,0.4717,1,0,0,1
358,18,2,0,0,32,0.3283,1,0,0,1
5,63,2,0,0,15,0.3375,1,0,0,1
114,108,1,3,0,20,0.434,0,0,0,0
180,68,3,1,0,1,0.1639,1,0,0,1
172,92,0,2,0,53,0.3244,0,0,0,0
55,109,1,1,0,4,0.2141,0,0,0,0
281,63,4,3,0,47,0.7179,0,0,0,0
220,85,1,2,0,14,0.0342,0,0,0,0
203,7,5,1,0,9,0.2555,1,1,1,3
198,17,2,0,0,9,0.565,0,0,0,0
277,36,4,2,0,3,0.0865,0,0,0,0
244,5,3,1,0,52,0.2162,1,0,0,1
222,44,3,1,0,28,0.0799,1,0,0,1
175,29,2,2,0,7,0.0955,0,0,0,0
249,22,2,3,1,7,0.4163,0,0,0,0
7,102,1,2,1,54,0.1847,0,0,0,0
373,49,1,3,0,5,0.1074,0,0,0,0
248,20,0,0,0,56,0.4881,0,0,0,0
301,41,2,0,0,46,0.3791,0,0,0,0
291,89,2,2,0,6,0.8096,0,0,0,0
374,39,4,3,1,54,0.2934,1,1,1,3
204,43,2,0,1,6,0.1566,1,0,0,1
269,64,3,0,0,59,0.4977,1,1,1,3
59,12,2,1,1,14,0.3966,1,1,1,3
142,12,5,2,1,17,0.2907,1,0,0,1
33,4,2,3,0,25,0.1449,0,0,0,0
351,58,2,1,0,17,0.3596,0,0,0,0
354,1,2,0,1,41,0.4617,1,0,0,1
388,77,4,1,0,53,0.3804,1,1,0,2
311,40,1,0,0,57,0.4333,1,0,0,1
98,62,4,3,0,59,0.3829,1,0,0,1
272,17,1,2,1,23,0.5311,0,0,0,0
87,34,3,1,1,21,0.525,1,0,0,1
204,72,3,1,0,9,0.5662,1,1,1,3
30,70,4,1,0,20,0.2882,1,1,1,3
176,59,6,1,1,47,0.2228,1,1,1,3
190,94,3,1,0,55,0.2357,0,0,0,0
178,17,2,3,0,35,0.1719,0,0,0,0
13,90,6,3,0,32,0.4822,1,1,1,3
337,84,3,1,0,4,0.3254,1,1,1,3
315,111,2,1,1,32,0.2741,1,0,0,1
365,8,2,3,0,42,0.3251,0,0,0,0
293,2,4,2,0,31,0.2503,1,1,1,3
6,108,3,1,0,57,0.0547,0,0,0,0
310,48,2,0,0,0,0.3286,1,0,0,1
97,60,0,2,0,18,0.3184,0,0,0,0
159,37,3,1,0,46,0.1819,0,0,0,0
363,37,4,1,1,40,0.0802,1,0,0,1
319,69,3,1,0,10,0.2236,1,0,0,1
394,28,1,1,0,1,0.1261,0,0,0,0
257,110,2,1,0,6,0.402,0,0,0,0
98,15,1,3,0,33,0.1235,1,0,0,1
250,38,4,0,1,16,0.3898,1,1,1,3
15,116,3,1,0,2,0.061,1,0,0,1
222,102,3,2,1,42,0.4316,0,0,0,0
3,94,0,2,1,56,0.2362,0,0,0,0
45,116,3,0,0,5,0.2446,1,1,0,2
324,75,3,2,0,3,0.5102,1,1,1,3
331,57,3,3,0,13,0.0765,1,0,0,1
186,90,5,0,0,15,0.073,1,1,1,3
364,31,2,3,1,15,0.2458,0,0,0,0
220,15,2,3,0,19,0.2659,0,0,0,0
195,18,5,0,0,10,0.3984,1,1,1,3
159,21,2,0,0,40,0.317,1,0,0,1
129,39,2,0,0,0,0.4386,0,0,0,0
363,13,2,1,1,4,0.0411,1,1,1,3
195,80,4,0,0,53,0.1162,1,0,0,1
41,98,5,2,0,35,0.1235,1,1,0,2
351,103,5,2,0,21,0.4199,1,1,1,3
154,103,3,2,0,39,0.3517,1,0,0,1
192,50,1,0,0,53,0.2509,0,0,0,0
127,65,3,1,1,36,0.2527,1,1,1,3
325,78,2,1,1,10,0.6207,1,1,1,3
288,46,0,0,1,29,0.4777,0,0,0,0
131,78,2,1,0,14,0.0891,1,0,0,1
119,33,3,0,0,8,0.1616,1,1,1,3
292,103,2,0,0,23,0.0158,0,0,0,0
134,56,2,2,0,11,0.3207,0,0,0,0
324,72,2,3,0,21,0.3255,0,0,0,0
333,8,4,0,0,17,0.5715,1,1,1,3
334,43,2,0,0,40,0.236,0,0,0,0
207,37,5,1,1,40,0.1868,1,1,1,3
160,105,3,0,0,35,0.2844,1,1,0,2
124,3,5,0,0,10,0.19,1,0,0,1
374,20,2,0,0,58,0.5436,0,0,0,0
227,19,1,3,0,36,0.0136,0,0,0,0
208,32,2,0,1,6,0.4133,1,0,0,1
30,103,3,2,0,20,0.0259,0,0,0,0
327,90,3,0,1,26,0.4119,1,1,1,3
218,37,2,1,0,40,0.292,0,0,0,0
286,49,2,3,1,41,0.2407,0,0,0,0
156,114,2,1,0,52,0.4494,0,0,0,0
323,114,3,1,0,55,0.3126,1,1,0,2
305,52,2,0,0,29,0.1229,0,0,0,0
207,114,3,2,0,8,0.5385,0,0,0,0
361,62,3,2,0,31,0.3262,1,1,0,2
237,73,2,2,0,33,0.4911,0,0,0,0
370,91,4,1,0,17,0.5286,1,0,0,1
240,71,1,0,0,45,0.1272,1,0,0,1
278,98,5,1,0,18,0.2067,1,1,1,3
96,98,4,3,1,53,0.3188,1,0,0,1
353,110,3,2,1,48,0.4624,1,1,1,3
58,63,1,0,0,30,0.2627,1,0,0,1
273,80,4,1,1,3,0.5476,1,1,0,2
260,80,3,3,0,30,0.1289,0,0,0,0
311,95,1,0,1,45,0.5248,0,0,0,0
320,12,2,2,0,16,0.3563,0,0,0,0
45,51,2,2,1,11,0.3235,1,1,0,2
275,93,0,1,0,56,0.497,0,0,0,0
80,12,4,1,1,8,0.0734,1,0,0,1
87,21,2,1,0,39,0.2302,0,0,0,0
393,92,3,0,0,27,0.3211,1,1,0,2
151,32,2,3,1,58,0.2861,1,0,0,1
120,112,2,2,0,12,0.0707,0,0,0,0
111,115,2,0,1,56,0.4963,0,0,0,0
374,1,3,3,0,53,0.2579,1,0,0,1
122,25,1,2,0,32,0.3258,0,0,0,0
94,37,0,0,1,0,0.4526,1,0,0,1
113,69,2,0,0,41,0.4611,1,0,0,1
291,33,3,2,0,54,0.6412,0,0,0,0
187,116,3,3,0,9,0.2588,1,0,0,1
106,94,1,1,0,19,0.4186,0,0,0,0
208,57,4,0,0,17,0.2318,1,1,1,3
266,85,2,1,0,20,0.6964,1,0,0,1
112,94,2,1,0,11,0.3134,1,1,0,2
125,98,6,0,0,45,0.5535,1,1,1,3
172,44,1,1,0,7,0.1649,0,0,0,0
229,58,1,0,0,41,0.3216,0,0,0,0
350,55,1,1,0,25,0.3091,0,0,0,0
340,53,4,0,0,14,0.4833,1,1,1,3
3,85,3,1,0,15,0.4015,1,1,0,2
65,88,1,2,0,36,0.0637,0,0,0,0
302,4,5,2,1,0,0.4362,1,1,1,3
386,62,4,0,0,17,0.4103,1,1,1,3
366,63,3,0,0,1,0.3332,1,1,1,3
237,105,1,1,0,36,0.2522,0,0,0,0
197,3,3,0,1,34,0.2849,1,1,0,2
167,101,2,3,0,28,0.3701,1,0,0,1
55,20,0,1,0,45,0.2014,0,0,0,0
42,117,0,2,1,46,0.0806,0,0,0,0
331,89,3,0,0,59,0.0705,0,0,0,0
210,103,3,2,0,0,0.3348,1,1,0,2
351,82,2,2,0,56,0.0893,1,0,0,1
122,103,2,2,1,6,0.125,0,0,0,0
11,41,3,1,0,28,0.3207,0,0,0,0
142,13,3,2,0,48,0.2416,0,0,0,0
113,105,4,2,0,36,0.5572,1,1,1,3
325,15,2,1,1,8,0.107,0,0,0,0
47,107,1,1,0,3,0.4475,0,0,0,0
280,65,3,2,1,5,0.3739,1,0,0,1
85,0,3,0,0,4,0.0617,1,1,1,3
68,2,2,1,0,55,0.4241,0,0,0,0
324,44,4,2,0,23,0.5218,1,0,0,1
116,90,3,3,0,20,0.576,0,0,0,0
227,49,1,3,0,40,0.1644,0,0,0,0
134,68,1,0,0,10,0.4067,0,0,0,0
180,57,5,1,0,3,0.2574,1,1,1,3
91,94,2,2,0,15,0.271,1,0,0,1
46,52,1,1,0,24,0.1787,0,0,0,0
301,56,4,1,0,24,0.1871,0,0,0,0
159,81,3,2,1,16,0.3665,1,0,0,1
5,87,2,1,0,10,0.3793,0,0,0,0
241,99,3,1,0,10,0.0498,1,1,0,2
246,102,3,2,0,30,0.3283,1,0,0,1
73,22,2,0,0,55,0.1675,1,0,0,1
267,68,2,2,0,2,0.0369,0,0,0,0
140,35,5,0,0,7,0.3863,1,1,1,3
80,102,3,0,0,50,0.2956,0,0,0,0
183,106,3,2,1,24,0.1228,1,1,1,3
182,79,1,2,0,21,0.3792,0,0,0,0
286,88,2,2,0,21,0.4274,0,0,0,0
394,29,3,0,0,26,0.3197,1,1,0,2
38,6,3,2,0,15,0.1904,1,0,0,1
183,111,4,2,0,18,0.4735,1,0,0,1
96,109,3,2,0,17,0.1941,0,0,0,0
91,92,3,3,0,16,0.6143,0,0,0,0
260,81,1,0,0,36,0.1656,1,0,0,1
371,91,4,1,0,56,0.1969,0,0,0,0
125,27,7,0,0,40,0.2988,1,1,1,3
88,89,2,1,0,5,0.2487,1,1,0,2
105,36,2,0,0,35,0.1217,1,1,0,2
66,9,2,3,0,20,0.285,0,0,0,0
30,116,4,1,0,15,0.0993,1,0,0,1
283,22,2,1,0,17,0.1238,0,0,0,0
239,99,3,1,0,17,0.1284,1,0,0,1
80,25,5,0,0,46,0.036,1,1,1,3
277,25,4,3,0,39,0.2942,0,0,0,0
228,52,4,0,0,28,0.2802,0,0,0,0
317,21,2,1,0,49,0.2719,1,0,0,1
287,110,1,1,0,50,0.434,0,0,0,0
299,41,1,2,0,18,0.2945,0,0,0,0
117,15,3,2,0,48,0.35,0,0,0,0
290,82,1,2,1,0,0.3359,0,0,0,0
135,79,1,1,0,41,0.1803,1,1,0,2
209,5,2,0,0,37,0.3792,1,0,0,1
215,69,1,1,0,43,0.1663,0,0,0,0
160,97,2,0,0,49,0.5513,1,1,1,3
201,12,4,1,0,49,0.0312,1,1,0,2
372,113,1,2,1,36,0.1356,0,0,0,0
102,56,2,2,0,58,0.2631,1,0,0,1
270,85,3,2,0,26,0.3233,0,0,0,0
50,48,1,3,0,43,0.2489,0,0,0,0
42,74,2,1,0,11,0.4667,0,0,0,0
312,12,1,1,0,36,0.1258,0,0,0,0
330,81,2,2,0,27,0.4624,0,0,0,0
252,48,3,2,0,9,0.0355,1,0,0,1
213,91,1,1,0,14,0.2934,1,0,0,1
380,30,4,3,0,42,0.1504,0,0,0,0
76,89,3,0,0,45,0.4775,1,0,0,1
388,49,3,0,1,27,0.3327,1,1,0,2
264,77,4,2,0,27,0.2656,1,1,1,3
271,69,2,1,0,27,0.5666,0,0,0,0
227,33,1,3,1,29,0.1194,0,0,0,0
234,13,3,0,0,23,0.1139,1,0,0,1
8,72,1,3,0,18,0.2949,0,0,0,0
157,111,5,2,0,37,0.5507,1,0,0,1
130,35,4,2,0,21,0.2159,0,0,0,0
190,83,2,1,0,44,0.3089,1,0,0,1
5,100,1,3,0,56,0.4234,0,0,0,0
45,62,3,0,0,54,0.1305,1,1,0,2
190,3,4,1,1,35,0.4357,1,1,1,3
59,2,4,1,0,17,0.1647,1,0,0,1
101,19,5,2,0,17,0.2144,1,1,1,3
5,82,0,0,0,1,0.0909,0,0,0,0
95,4,2,2,1,36,0.333,1,0,0,1
188,15,4,1,0,39,0.4826,1,0,0,1
383,33,5,1,1,7,0.5508,1,1,1,3
329,90,5,1,0,21,0.1066,1,1,1,3
230,34,3,1,0,23,0.4174,0,0,0,0
319,100,4,3,1,27,0.2987,1,0,0,1
195,59,4,0,1,7,0.196,1,0,0,1
242,60,1,1,0,13,0.254,0,0,0,0
355,30,2,2,1,39,0.1209,0,0,0,0
50,93,2,1,0,8,0.0936,1,0,0,1
324,115,2,0,0,16,0.374,1,0,0,1
354,13,2,1,0,4,0.2387,0,0,0,0
86,95,2,3,0,40,0.3187,0,0,0,0
227,12,2,1,0,2,0.1146,0,0,0,0
386,26,1,1,0,2,0.1719,0,0,0,0
139,16,2,1,0,19,0.3601,1,1,0,2
150,29,3,1,0,17,0.0581,1,1,0,2
192,43,1,1,0,22,0.2999,0,0,0,0
315,74,2,0,0,19,0.0991,1,1,0,2
115,102,2,2,0,46,0.1103,0,0,0,0
365,89,1,0,1,24,0.5219,1,0,0,1
173,59,3,3,1,12,0.1175,1,0,0,1
198,110,3,1,0,39,0.2101,1,0,0,1
108,89,1,1,0,39,0.2031,1,0,0,1
292,40,1,0,0,27,0.2803,0,0,0,0
53,86,3,3,1,22,0.3226,0,0,0,0
151,62,4,0,0,10,0.321,1,1,1,3
290,114,2,0,0,49,0.4611,1,1,0,2
30,94,2,1,0,1,0.1784,1,1,1,3
226,11,2,0,0,59,0.3765,1,0,0,1
37,79,0,0,0,55,0.1398,0,0,0,0
181,4,5,1,0,21,0.1936,1,1,1,3
342,21,2,0,0,32,0.2257,0,0,0,0
206,87,3,1,0,25,0.0557,1,0,0,1
297,0,3,3,0,54,0.1821,0,0,0,0
357,19,3,0,0,15,0.1315,1,0,0,1
109,68,3,3,0,5,0.1011,0,0,0,0
263,33,3,1,0,22,0.4559,1,0,0,1
331,32,2,3,0,27,0.1771,0,0,0,0
250,21,4,2,1,6,0.2056,1,1,1,3
301,86,4,2,1,57,0.2311,0,0,0,0
309,62,4,1,1,39,0.4361,1,1,1,3
157,96,5,2,0,36,0.5124,1,1,0,2
107,43,1,2,0,1,0.3229,0,0,0,0
302,54,3,1,0,0,0.4246,1,1,1,3
274,12,3,1,0,52,0.2592,1,0,0,1
368,70,1,0,0,39,0.1354,0,0,0,0
147,20,4,0,0,51,0.1735,1,1,1,3
147,31,4,0,0,38,0.2433,1,1,0,2
393,119,3,0,0,7,0.232,0,0,0,0
263,101,2,1,0,44,0.4187,0,0,0,0
27,29,3,1,0,49,0.5842,1,1,0,2
78,28,2,1,0,42,0.2343,1,1,0,2
58,1,1,0,0,44,0.3386,0,0,0,0
162,17,4,2,1,2,0.2661,0,0,0,0
242,15,2,1,0,5,0.5008,1,0,0,1
313,67,2,2,0,52,0.1061,0,0,0,0
70,66,1,3,0,52,0.342,0,0,0,0
112,74,6,3,0,48,0.0757,1,1,1,3
308,77,2,1,0,25,0.413,1,0,0,1
121,111,1,1,0,13,0.1737,1,0,0,1
344,44,2,0,0,51,0.4319,1,1,1,3
177,81,5,2,0,27,0.5275,1,1,1,3
199,49,2,3,0,18,0.1778,0,0,0,0
330,45,3,1,1,28,0.0967,1,1,1,3
19,74,6,3,0,12,0.0784,1,1,1,3
193,95,1,2,1,22,0.3314,0,0,0,0
139,68,3,1,0,34,0.282,0,0,0,0
165,86,5,3,0,29,0.3279,1,1,1,3
149,33,3,0,0,8,0.401,1,1,0,2
153,82,0,0,0,29,0.1577,0,0,0,0
151,95,1,3,1,27,0.3508,0,0,0,0
82,100,4,0,1,11,0.3158,1,1,1,3
277,49,3,0,0,2,0.214,1,1,0,2
5,44,1,1,0,38,0.1986,0,0,0,0
399,61,3,3,1,48,0.3976,1,0,0,1
218,16,2,0,0,39,0.2114,0,0,0,0
397,39,3,3,0,16,0.4993,1,0,0,1
343,90,2,2,0,44,0.0737,0,0,0,0
87,12,3,0,0,17,0.4444,1,1,1,3
194,92,3,3,0,14,0.2899,1,1,0,2
256,65,5,2,0,43,0.2673,1,0,0,1
99,96,3,2,0,21,0.2322,1,0,0,1
6,90,4,1,0,7,0.5033,1,1,1,3
20,42,6,2,0,44,0.3061,1,1,1,3
198,34,2,1,1,10,0.6535,1,1,1,3
105,60,2,0,0,48,0.2261,1,0,0,1
125,88,2,2,0,4,0.1423,0,0,0,0
49,112,1,1,0,11,0.4658,0,0,0,0
29,22,2,0,1,16,0.4465,1,1,1,3
357,13,2,2,0,27,0.057,0,0,0,0
83,112,1,1,0,24,0.1361,1,0,0,1
67,41,1,1,0,8,0.1648,0,0,0,0
38,63,3,2,0,40,0.3852,0,0,0,0
62,22,2,1,0,49,0.2376,0,0,0,0
193,36,3,1,0,1,0.5929,1,1,0,2
324,51,3,2,0,44,0.253,0,0,0,0
172,26,0,0,1,0,0.1227,0,0,0,0
396,102,2,0,0,45,0.325,1,0,0,1
321,78,1,1,0,23,0.1759,0,0,0,0
334,36,1,0,0,29,0.1121,1,0,0,1
299,69,2,2,0,51,0.384,1,1,0,2
1,65,4,2,0,13,0.4111,1,1,1,3
184,96,2,0,0,40,0.1175,1,0,0,1
355,12,2,1,0,13,0.0523,0,0,0,0
253,99,3,1,1,4,0.2761,1,0,0,1
341,112,1,0,0,44,0.5287,0,0,0,0
273,6,2,2,0,33,0.2464,0,0,0,0
150,10,3,1,0,8,0.3339,1,1,1,3
383,41,3,1,0,14,0.1052,1,0,0,1
54,111,3,1,0,5,0.3551,1,1,0,2
275,86,1,2,0,12,0.1273,0,0,0,0
264,72,2,0,0,15,0.3186,0,0,0,0
297,72,2,0,1,55,0.2959,1,1,0,2
397,26,0,1,1,44,0.25,0,0,0,0
244,63,3,0,1,23,0.2616,1,1,0,2
278,67,3,1,1,55,0.0476,1,1,1,3
281,111,3,1,0,43,0.1959,0,0,0,0
72,79,1,1,0,4,0.4703,1,0,0,1
248,117,0,3,0,51,0.3237,0,0,0,0
94,68,1,1,0,38,0.4185,0,0,0,0
237,58,1,1,1,32,0.1011,0,0,0,0
211,83,2,0,0,27,0.3238,0,0,0,0
358,73,2,3,1,51,0.1362,0,0,0,0
15,61,2,2,1,18,0.0569,1,0,0,1
177,20,4,1,0,39,0.3693,1,0,0,1
260,79,1,2,0,59,0.1505,0,0,0,0
363,72,3,2,0,5,0.2807,1,1,1,3
164,74,3,0,0,51,0.0839,1,1,0,2
318,54,2,1,0,24,0.5174,1,1,1,3
266,86,2,0,0,8,0.3499,1,1,1,3
151,29,4,1,0,2,0.0194,1,1,1,3
224,76,2,2,0,57,0.3605,1,0,0,1
369,12,3,0,0,54,0.5156,1,1,0,2
65,101,1,3,0,47,0.3143,0,0,0,0
260,19,2,3,0,16,0.2856,0,0,0,0
385,72,3,0,0,56,0.3793,1,0,0,1
335,100,4,3,0,26,0.2639,1,1,0,2
375,101,2,2,0,53,0.36,0,0,0,0
200,42,5,2,0,56,0.0503,1,0,0,1
178,56,2,2,0,37,0.3486,0,0,0,0
332,90,5,1,0,27,0.2108,1,1,1,3
109,11,2,0,1,39,0.3783,1,0,0,1
358,12,2,2,0,47,0.4588,0,0,0,0
119,2,2,0,0,27,0.3147,0,0,0,0
375,15,3,2,0,40,0.4094,0,0,0,0
165,99,2,2,0,33,0.3842,0,0,0,0
31,85,6,1,0,36,0.1475,1,1,0,2
356,100,5,1,0,13,0.4243,1,1,1,3
183,49,2,3,1,44,0.194,0,0,0,0
91,79,1,1,0,36,0.6306,0,0,0,0
30,49,2,1,0,4,0.114,0,0,0,0
172,115,1,1,1,48,0.745,1,1,1,3
227,119,3,0,0,42,0.1539,1,0,0,1
370,74,4,3,0,15,0.636,1,0,0,1
30,103,3,2,0,57,0.4562,1,0,0,1
393,46,1,3,0,30,0.3727,0,0,0,0
332,64,3,1,0,59,0.0668,0,0,0,0
165,63,2,0,0,36,0.2911,1,0,0,1
273,76,6,1,0,43,0.5099,1,1,1,3
58,87,2,1,0,10,0.0784,0,0,0,0
9,68,2,3,0,55,0.3655,0,0,0,0
7,59,4,1,0,46,0.5677,1,1,1,3
341,62,4,1,1,23,0.2765,1,1,1,3
222,82,2,2,0,15,0.1676,1,0,0,1
3,8,3,3,0,35,0.4294,0,0,0,0
2,71,0,1,0,8,0.2527,0,0,0,0
333,78,3,1,1,3,0.1892,1,1,1,3
137,107,1,1,0,3,0.1182,0,0,0,0
258,84,1,1,1,17,0.1862,0,0,0,0
207,107,4,1,0,46,0.4862,1,1,1,3
207,59,5,3,0,25,0.1549,1,1,0,2
357,85,5,1,0,35,0.6663,1,1,1,3
20,9,5,1,0,49,0.1852,1,1,1,3
3,67,0,3,0,44,0.2179,0,0,0,0
326,63,2,1,0,17,0.2824,0,0,0,0
62,74,4,1,0,31,0.302,1,1,1,3
328,80,3,3,0,59,0.4004,0,0,0,0
130,53,2,1,0,53,0.3125,1,0,0,1
289,65,3,3,0,26,0.2524,1,1,0,2
28,29,0,0,1,31,0.5491,0,0,0,0
325,71,1,1,0,23,0.2376,1,0,0,1
378,98,5,0,0,34,0.2782,1,1,1,3
382,57,0,2,1,52,0.1398,0,0,0,0
230,94,2,0,0,15,0.4382,1,1,1,3
151,63,2,3,0,15,0.4501,0,0,0,0
100,88,0,0,0,31,0.0512,0,0,0,0
263,115,1,1,0,34,0.2059,1,0,0,1
253,19,5,0,0,38,0.7137,1,1,1,3
341,72,2,2,1,21,0.1365,1,0,0,1
252,111,5,0,0,26,0.3382,1,1,1,3
182,90,1,3,1,2,0.2411,0,0,0,0
273,106,2,0,0,25,0.4151,0,0,0,0
17,74,6,0,0,44,0.4369,1,1,1,3
239,81,4,1,1,7,0.2608,1,1,1,3
211,11,3,2,0,23,0.0895,0,0,0,0
264,22,2,3,0,28,0.0554,0,0,0,0
74,113,2,0,0,4,0.2848,0,0,0,0
198,37,4,2,0,10,0.1979,1,1,1,3
75,98,4,1,0,44,0.2291,0,0,0,0
124,73,3,3,0,21,0.1806,0,0,0,0
74,38,3,2,0,41,0.1173,1,0,0,1
113,73,2,1,0,57,0.2846,0,0,0,0
234,102,3,1,0,50,0.0657,1,0,0,1
359,24,2,2,0,31,0.3236,1,0,0,1
237,71,1,1,0,55,0.2696,0,0,0,0
333,8,4,0,0,53,0.4932,1,1,1,3
262,87,5,0,0,8,0.2094,1,1,1,3
381,15,2,0,0,26,0.0243,1,1,1,3
365,20,1,0,0,59,0.3877,0,0,0,0
289,29,1,2,0,7,0.1128,0,0,0,0
30,34,4,0,1,44,0.1686,1,1,0,2
343,71,2,0,1,50,0.1508,0,0,0,0
66,81,1,3,0,26,0.2023,0,0,0,0
337,46,1,2,0,34,0.4309,0,0,0,0
20,1,3,1,0,43,0.2694,1,0,0,1
287,37,3,0,0,37,0.3492,1,0,0,1
275,60,0,0,1,0,0.3065,0,0,0,0
236,25,5,0,1,15,0.461,1,1,1,3
280,24,1,2,0,6,0.3923,0,0,0,0
46,11,1,0,0,59,0.3954,0,0,0,0
158,23,3,2,0,39,0.2068,0,0,0,0
165,37,4,1,0,35,0.0642,1,0,0,1
365,87,4,2,0,18,0.2765,1,0,0,1
291,13,3,0,0,57,0.2209,0,0,0,0
86,99,1,1,0,43,0.2395,1,0,0,1
126,63,3,3,0,39,0.3886,0,0,0,0
170,73,1,0,0,25,0.4753,1,0,0,1
324,24,2,0,0,7,0.4233,0,0,0,0
36,79,1,2,0,4,0.6933,1,0,0,1
392,77,5,1,0,17,0.1739,1,1,0,2
200,29,2,1,1,0,0.268,1,1,0,2
93,52,4,2,0,31,0.1946,1,0,0,1
299,92,3,3,0,47,0.0865,0,0,0,0
133,9,2,1,1,10,0.1025,0,0,0,0
191,22,3,0,0,34,0.1613,1,0,0,1
0,84,2,2,0,18,0.0693,0,0,0,0
211,37,5,0,0,41,0.2268,1,1,1,3
32,84,0,1,0,37,0.4374,0,0,0,0
25,26,2,1,0,50,0.3726,0,0,0,0
109,104,1,1,1,18,0.1862,0,0,0,0
122,1,1,2,0,23,0.1851,0,0,0,0
322,20,4,0,0,46,0.4399,1,1,0,2
241,11,4,0,1,21,0.2007,1,1,1,3
101,88,2,1,0,30,0.227,0,0,0,0
95,102,0,1,1,39,0.5335,0,0,0,0
160,81,3,3,1,24,0.3826,1,1,0,2
355,59,3,1,0,1,0.1478,1,1,0,2
276,96,2,1,0,21,0.7096,1,0,0,1
396,109,2,1,0,20,0.1217,1,0,0,1
37,16,0,0,0,8,0.3774,0,0,0,0
162,42,7,2,0,23,0.1766,1,1,1,3
100,4,3,1,1,10,0.4216,1,1,1,3
13,86,5,3,0,32,0.2181,1,1,0,2
261,96,5,0,0,59,0.3366,1,1,1,3
145,104,4,2,0,42,0.0985,1,0,0,1
41,4,4,1,0,28,0.0502,1,1,0,2
37,3,2,1,0,10,0.4164,0,0,0,0
139,84,2,1,0,20,0.0541,0,0,0,0
321,72,3,0,0,44,0.5604,1,1,1,3
5,58,1,1,0,0,0.5505,1,0,0,1
10,74,4,0,0,36,0.3023,1,1,1,3
50,68,3,3,0,57,0.0007,0,0,0,0
259,116,3,3,0,59,0.3013,1,1,0,2
24,108,2,3,0,10,0.6694,1,0,0,1
276,58,2,0,0,47,0.2702,1,0,0,1
125,117,2,0,0,42,0.0529,1,0,0,1
106,83,1,1,0,0,0.6303,0,0,0,0
306,1,2,0,0,51,0.1983,0,0,0,0
289,33,2,3,0,24,0.5432,1,0,0,1
289,94,1,1,0,55,0.3911,0,0,0,0
211,115,3,2,0,40,0.3595,1,0,0,1
147,11,2,0,1,34,0.1876,0,0,0,0
137,81,1,2,1,52,0.3496,0,0,0,0
334,54,2,1,0,55,0.2611,1,0,0,1
117,48,3,1,0,38,0.3474,1,0,0,1
138,95,1,1,0,37,0.2405,0,0,0,0
191,46,1,0,0,38,0.462,1,1,0,2
365,100,3,0,0,6,0.212,0,0,0,0
303,26,2,2,0,11,0.4353,1,1,1,3
210,23,4,2,0,53,0.1294,1,0,0,1
118,34,3,1,0,27,0.3474,0,0,0,0
367,62,3,3,0,14,0.3091,1,1,0,2
135,83,2,0,0,12,0.0847,1,1,1,3
260,82,1,0,0,31,0.3414,1,0,0,1
345,83,2,2,0,10,0.6975,0,0,0,0
39,68,3,1,0,22,0.0325,1,1,1,3
269,49,2,0,1,29,0.6455,1,1,0,2
181,16,4,0,0,56,0.2694,1,1,1,3
203,34,4,1,0,43,0.1989,1,1,1,3
130,108,0,1,1,36,0.2267,0,0,0,0
348,4,4,3,1,21,0.23,0,0,0,0
86,40,2,3,1,48,0.4854,0,0,0,0
178,108,1,3,0,51,0.1853,0,0,0,0
185,69,1,2,1,5,0.2055,1,1,1,3
49,44,1,0,0,18,0.373,0,0,0,0
390,62,2,2,1,43,0.6006,1,0,0,1
257,109,1,2,0,52,0.2648,0,0,0,0
151,53,3,2,0,25,0.6492,1,0,0,1
205,5,4,1,0,20,0.4081,1,1,1,3
164,35,5,3,1,32,0.3305,1,1,0,2
94,103,1,1,0,39,0.2989,0,0,0,0
249,15,2,3,0,42,0.2213,1,0,0,1
209,118,2,1,0,29,0.0235,0,0,0,0
71,56,3,2,0,22,0.0999,1,0,0,1
157,53,3,1,0,22,0.2277,1,0,0,1
342,35,3,2,0,10,0.3626,0,0,0,0
38,18,5,1,0,27,0.3587,1,1,1,3
220,14,1,0,0,43,0.1264,0,0,0,0
290,47,0,1,0,14,0.0596,0,0,0,0
92,102,1,2,0,38,0.4041,1,0,0,1
223,78,2,2,0,49,0.2666,1,0,0,1
130,97,3,1,0,53,0.179,0,0,0,0
113,42,1,2,0,43,0.0743,0,0,0,0
378,24,3,3,0,43,0.1449,0,0,0,0
274,16,1,2,0,51,0.1795,0,0,0,0
140,78,2,1,0,47,0.4159,0,0,0,0
28,99,1,0,1,24,0.2197,0,0,0,0
92,113,3,0,0,17,0.1843,1,1,1,3
47,26,0,0,0,31,0.2605,0,0,0,0
198,41,1,2,1,4,0.2429,0,0,0,0
370,100,6,3,0,59,0.1856,0,0,0,0
61,73,2,0,0,31,0.0353,0,0,0,0
261,101,2,1,1,48,0.0882,1,0,0,1
3,34,2,1,0,1,0.3728,1,1,0,2
284,75,3,1,0,12,0.361,1,0,0,1
374,47,1,0,0,47,0.2484,0,0,0,0
100,77,4,0,0,40,0.6927,1,1,1,3
399,54,2,1,0,6,0.2262,0,0,0,0
70,60,0,2,0,27,0.4262,0,0,0,0
35,98,3,0,1,8,0.2197,1,1,0,2
101,61,3,1,0,23,0.1257,1,0,0,1
352,57,2,0,0,0,0.2024,1,0,0,1
73,105,5,0,0,25,0.4473,1,1,1,3
212,117,0,1,1,13,0.5737,0,0,0,0
183,70,3,1,1,33,0.5277,1,1,0,2
196,107,3,1,0,4,0.1399,1,1,1,3
133,69,2,0,0,48,0.3202,0,0,0,0
24,25,6,0,1,59,0.2986,1,1,1,3
249,44,3,1,1,36,0.4204,1,1,0,2
395,55,1,0,0,54,0.1078,0,0,0,0
168,75,1,0,0,4,0.2554,0,0,0,0
184,72,3,2,0,9,0.463,0,0,0,0
192,94,2,1,0,30,0.0559,0,0,0,0
316,93,2,0,0,17,0.1665,1,0,0,1
3,45,3,2,0,24,0.1234,0,0,0,0
84,69,2,1,1,15,0.4549,1,1,1,3
40,106,2,1,0,14,0.6151,1,1,0,2
312,34,0,2,1,34,0.4628,0,0,0,0
271,3,3,1,0,25,0.2934,1,1,0,2
359,94,0,0,1,40,0.2872,0,0,0,0
37,71,0,1,1,27,0.235,0,0,0,0
39,71,1,0,0,20,0.3297,1,0,0,1
316,45,3,1,0,49,0.2858,1,1,0,2
8,95,1,3,0,44,0.1993,0,0,0,0
167,25,2,0,0,16,0.6358,1,1,1,3
47,109,0,1,0,3,0.5835,0,0,0,0
340,98,5,1,0,37,0.152,1,1,0,2
225,55,1,0,0,6,0.4055,1,0,0,1
257,116,3,0,1,18,0.354,1,0,0,1
302,45,5,0,1,41,0.1679,1,1,1,3
255,43,2,1,0,52,0.3206,0,0,0,0
44,27,5,3,0,21,0.1968,1,1,1,3
329,78,2,1,0,15,0.3233,1,0,0,1
226,29,2,1,1,56,0.1911,0,0,0,0
138,96,3,1,1,43,0.3173,1,0,0,1
57,4,4,1,0,14,0.1611,1,1,1,3
359,86,3,2,0,42,0.1816,0,0,0,0
387,5,4,2,0,51,0.5722,0,0,0,0
33,50,1,2,0,16,0.1717,1,0,0,1
6,40,1,2,0,32,0.275,0,0,0,0
251,96,3,1,0,34,0.4455,1,1,0,2
244,19,2,3,1,29,0.1272,1,0,0,1
383,21,2,0,0,13,0.1293,1,0,0,1
230,19,2,2,1,45,0.1789,1,0,0,1
242,99,3,0,0,40,0.4777,0,0,0,0
162,119,5,1,0,47,0.1593,1,1,1,3
281,68,3,3,0,47,0.2991,1,0,0,1
232,91,3,1,1,51,0.1858,1,1,1,3
356,87,3,1,1,49,0.0755,1,1,0,2
250,17,3,3,1,1,0.3215,1,1,0,2
227,59,2,3,0,44,0.2548,0,0,0,0
299,100,3,0,0,35,0.0408,0,0,0,0
143,53,3,0,0,0,0.0529,1,0,0,1
53,21,4,2,0,33,0.3103,1,1,1,3
128,95,1,3,1,58,0.2013,1,0,0,1
19,9,6,0,0,57,0.5949,1,1,1,3
123,101,2,3,0,42,0.2891,0,0,0,0
333,79,1,2,1,16,0.1016,0,0,0,0
203,107,3,0,0,20,0.6441,0,0,0,0
195,65,4,0,0,58,0.0983,1,1,1,3
39,48,3,1,0,28,0.1391,0,0,0,0
398,19,5,3,0,38,0.3573,1,0,0,1
104,101,2,1,1,28,0.4334,1,1,1,3
4,10,3,1,0,44,0.0863,0,0,0,0
238,75,2,2,0,22,0.2129,0,0,0,0
109,33,3,0,0,55,0.1679,0,0,0,0
242,38,2,2,0,26,0.5133,0,0,0,0
131,10,1,2,0,4,0.17,0,0,0,0
140,74,6,3,0,8,0.2154,1,1,1,3
16,15,3,3,0,43,0.1361,1,1,0,2
75,50,1,1,1,34,0.5574,0,0,0,0
175,8,3,0,0,0,0.3441,1,0,0,1
39,98,6,1,1,55,0.1808,1,1,1,3
114,13,2,1,0,26,0.095,0,0,0,0
355,53,3,1,1,15,0.2826,1,1,0,2
282,67,2,2,0,8,0.2936,0,0,0,0
70,66,1,3,0,35,0.3906,0,0,0,0
345,67,2,3,0,5,0.3116,1,1,0,2
296,113,0,2,1,28,0.4462,0,0,0,0
102,3,0,3,0,36,0.426,0,0,0,0
233,60,2,2,1,0,0.195,0,0,0,0
197,87,3,2,0,7,0.3013,1,0,0,1
97,114,2,1,1,44,0.5471,1,1,1,3
255,63,2,0,0,7,0.3927,0,0,0,0
137,41,2,1,1,12,0.4564,1,0,0,1
68,83,2,1,0,44,0.4701,1,0,0,1
73,10,3,3,0,2,0.3114,1,1,0,2
314,68,2,1,1,4,0.3431,1,0,0,1
324,117,1,3,0,54,0.012,0,0,0,0
250,16,5,2,0,11,0.4031,1,1,1,3
207,53,4,1,1,5,0.1864,1,1,1,3
26,87,3,2,0,43,0.2649,1,1,1,3
351,3,5,1,0,41,0.2813,1,1,1,3
309,47,1,1,0,5,0.1151,0,0,0,0
326,70,3,0,1,4,0.0672,1,1,0,2
290,29,4,0,0,50,0.3126,1,1,1,3
250,32,3,0,0,43,0.3481,1,1,0,2
156,9,3,1,0,9,0.1247,1,0,0,1
316,44,1,1,1,9,0.1088,1,0,0,1
272,29,2,1,1,12,0.5069,1,1,0,2
83,5,1,2,0,28,0.1939,0,0,0,0
24,60,1,1,0,42,0.4679,1,1,0,2
355,28,2,1,0,30,0.3061,0,0,0,0
101,38,3,1,0,37,0.5234,0,0,0,0
208,112,2,2,1,17,0.1468,0,0,0,0
207,118,4,2,0,40,0.7016,1,0,0,1
140,71,2,1,1,0,0.277,1,1,1,3
109,49,1,0,0,27,0.1883,1,0,0,1
209,71,1,0,0,9,0.6391,1,0,0,1
392,80,5,2,0,11,0.1932,1,0,0,1
371,101,2,3,0,27,0.2719,0,0,0,0
197,52,3,1,1,27,0.1765,1,1,0,2
142,106,2,1,0,18,0.3532,1,0,0,1
77,48,2,1,0,45,0.0551,1,0,0,1
2,115,1,1,0,52,0.1575,1,0,0,1
299,99,0,1,0,59,0.4813,0,0,0,0
364,64,0,3,0,10,0.0246,0,0,0,0
297,0,3,3,0,5,0.0495,1,0,0,1
343,84,1,1,0,19,0.3286,0,0,0,0
275,14,0,1,0,57,0.0814,0,0,0,0
271,89,3,1,1,34,0.588,1,1,0,2
396,113,2,2,1,2,0.2181,0,0,0,0
94,11,1,2,0,14,0.5058,1,0,0,1
158,112,1,0,0,6,0.0544,1,0,0,1
304,60,0,1,0,33,0.2148,0,0,0,0
85,77,4,1,0,15,0.1559,1,1,0,2
272,65,2,2,0,59,0.2866,0,0,0,0
311,3,2,3,0,45,0.2318,0,0,0,0
266,102,1,3,0,20,0.2555,0,0,0,0
187,110,2,2,1,25,0.1064,1,0,0,1
274,74,4,3,0,42,0.3023,0,0,0,0
64,8,3,2,0,8,0.064,1,0,0,1
361,49,1,2,0,43,0.1479,0,0,0,0
368,78,1,0,0,27,0.3349,0,0,0,0
333,78,3,1,1,48,0.0724,1,0,0,1
2,85,2,0,1,48,0.1584,1,0,0,1
25,66,2,1,0,6,0.3553,1,0,0,1
195,105,4,0,0,25,0.5699,1,1,1,3
86,38,3,3,0,44,0.0614,1,0,0,1
49,11,2,2,0,39,0.2772,0,0,0,0
17,24,3,0,0,15,0.1332,1,1,1,3
34,15,2,2,0,21,0.6244,0,0,0,0
53,119,5,0,1,41,0.1678,1,1,1,3
177,6,4,2,0,37,0.3553,1,1,1,3
276,30,2,1,1,52,0.2119,1,0,0,1
10,33,4,0,0,21,0.757,1,1,1,3
366,12,6,1,0,42,0.202,1,1,1,3
275,77,1,1,0,39,0.401,0,0,0,0
126,64,1,0,0,22,0.154,1,0,0,1
360,82,0,0,0,46,0.2618,0,0,0,0
64,8,3,2,0,38,0.2038,1,0,0,1
92,54,2,0,0,10,0.216,1,0,0,1
324,28,1,2,0,24,0.2923,0,0,0,0
76,115,1,0,0,13,0.1668,1,0,0,1
349,64,2,3,1,42,0.2511,0,0,0,0
392,32,2,1,0,37,0.343,0,0,0,0
109,16,2,1,0,52,0.0465,0,0,0,0
384,51,1,0,0,15,0.2305,1,0,0,1
9,28,1,2,0,5,0.0523,0,0,0,0
277,82,3,3,1,22,0.3168,1,1,0,2
153,100,3,3,0,20,0.2918,0,0,0,0
190,112,1,0,0,45,0.3151,0,0,0,0
178,112,3,2,0,43,0.531,0,0,0,0
292,29,3,2,1,22,0.3136,1,1,1,3
327,73,4,3,0,16,0.2134,0,0,0,0
45,112,1,1,0,54,0.2807,0,0,0,0
191,30,2,3,0,17,0.2253,0,0,0,0
314,6,1,1,0,46,0.4761,1,0,0,1
170,112,0,2,0,19,0.052,0,0,0,0
393,118,2,2,0,25,0.0348,0,0,0,0
71,34,2,2,0,55,0.1682,0,0,0,0
346,77,5,1,0,11,0.4146,1,1,1,3
391,43,1,1,1,53,0.1394,0,0,0,0
324,31,4,0,0,44,0.4594,1,1,0,2
307,114,3,2,0,59,0.463,0,0,0,0
382,43,0,1,0,2,0.2586,0,0,0,0
64,115,1,1,1,8,0.5145,1,0,0,1
98,9,3,0,0,51,0.2364,1,1,0,2
328,73,2,0,0,57,0.2343,1,0,0,1
352,16,0,2,1,9,0.6118,0,0,0,0
116,3,3,3,0,55,0.386,0,0,0,0
362,52,3,1,0,28,0.2508,1,0,0,1
215,28,1,1,0,51,0.2588,1,0,0,1
192,51,1,1,1,4,0.2178,1,0,0,1
90,19,1,0,0,19,0.5864,1,0,0,1
139,93,2,1,0,8,0.2818,1,0,0,1
102,17,1,3,0,8,0.2873,0,0,0,0
69,85,3,1,0,15,0.1269,1,1,0,2
284,107,3,1,0,9,0.5304,1,1,1,3
186,118,3,1,0,33,0.4265,0,0,0,0
254,82,1,2,0,36,0.3491,0,0,0,0
232,105,4,3,0,53,0.2795,0,0,0,0
344,20,3,2,1,52,0.1417,1,0,0,1
279,114,2,1,0,23,0.3456,0,0,0,0
175,16,3,2,0,54,0.133,0,0,0,0
148,31,2,2,0,55,0.2123,0,0,0,0
389,91,3,1,0,8,0.602,0,0,0,0
156,103,4,1,0,57,0.3481,1,0,0,1
383,84,2,0,0,20,0.4905,0,0,0,0
124,37,6,2,0,22,0.5783,1,1,1,3
236,29,3,2,0,47,0.5031,0,0,0,0
29,28,3,2,0,26,0.2135,0,0,0,0
227,100,1,3,0,15,0.2486,0,0,0,0
248,13,2,2,0,12,0.2135,0,0,0,0
81,17,3,2,0,44,0.6598,1,1,1,3
351,46,2,1,0,58,0.3317,1,0,0,1
126,100,3,0,0,53,0.0394,1,1,0,2
51,54,3,0,0,27,0.1068,1,1,1,3
214,52,2,1,1,52,0.1876,0,0,0,0
261,33,3,1,1,56,0.1012,1,1,1,3
120,62,4,3,0,3,0.1869,0,0,0,0
247,16,2,1,1,35,0.185,1,1,0,2
191,47,1,0,0,26,0.1621,0,0,0,0
186,99,3,1,0,10,0.3723,1,1,1,3
15,25,4,2,0,33,0.3205,1,1,1,3
108,95,3,2,0,56,0.1683,1,0,0,1
333,100,4,3,0,4,0.192,0,0,0,0
210,0,2,1,0,39,0.5614,1,0,0,1
5,13,0,1,0,10,0.2988,0,0,0,0
255,34,4,2,0,28,0.4237,1,0,0,1
44,93,2,1,0,57,0.1897,0,0,0,0
333,66,3,0,0,51,0.5588,1,1,1,3
312,22,1,3,0,20,0.1286,0,0,0,0
24,66,2,0,0,3,0.3022,0,0,0,0
396,66,1,0,0,40,0.3223,1,0,0,1
213,96,3,2,0,28,0.2165,0,0,0,0
227,69,1,1,1,16,0.1597,1,0,0,1
126,58,1,2,0,41,0.1175,0,0,0,0
259,14,0,0,0,22,0.4462,0,0,0,0
182,6,2,0,0,48,0.4607,1,0,0,1
198,24,1,0,0,18,0.0822,1,0,0,1
391,28,2,1,0,3,0.0936,0,0,0,0
27,63,1,1,0,29,0.4463,0,0,0,0
312,53,0,1,0,45,0.516,1,0,0,1
34,31,1,2,1,17,0.442,0,0,0,0
297,102,2,0,0,50,0.3643,0,0,0,0
197,63,3,3,0,8,0.3404,0,0,0,0
313,97,2,1,0,10,0.2696,1,0,0,1
220,119,2,0,0,15,0.1707,1,1,0,2
268,112,1,2,0,35,0.046,1,0,0,1
390,47,2,2,0,9,0.13,0,0,0,0
362,4,5,0,0,43,0.2549,1,1,1,3
275,13,1,0,0,11,0.3407,0,0,0,0
314,45,2,0,0,5,0.2515,1,0,0,1
351,89,4,1,1,44,0.4668,1,1,1,3
79,73,4,0,0,46,0.4325,1,1,1,3
365,106,3,1,0,0,0.0219,1,0,0,1
387,76,3,0,1,10,0.4837,1,1,1,3
201,8,3,0,0,52,0.3102,1,0,0,1
235,52,5,0,0,37,0.5391,1,1,1,3
292,44,3,1,0,25,0.5115,1,1,1,3
273,108,3,1,0,28,0.3572,1,1,1,3
54,108,2,0,0,44,0.0651,0,0,0,0
197,56,2,1,0,52,0.1268,1,1,0,2
362,37,6,2,0,26,0.0912,1,1,1,3
32,32,1,3,0,10,0.2755,0,0,0,0
222,8,3,2,0,16,0.0324,0,0,0,0
391,110,2,0,1,9,0.2052,1,1,1,3
92,64,1,1,0,30,0.1656,0,0,0,0
51,24,1,1,0,25,0.2293,0,0,0,0
159,74,5,1,0,35,0.2086,1,1,1,3
195,81,4,3,1,34,0.7116,1,1,1,3
215,10,2,0,0,0,0.0786,1,0,0,1
130,42,4,1,0,41,0.364,1,1,1,3
205,87,5,1,1,58,0.3296,1,1,1,3
107,7,1,3,0,49,0.0892,0,0,0,0
397,71,3,2,0,33,0.1237,0,0,0,0
399,66,1,3,0,28,0.257,0,0,0,0
153,79,2,2,1,6,0.0741,0,0,0,0
7,68,1,2,0,44,0.4988,0,0,0,0
261,97,1,1,1,58,0.328,0,0,0,0
128,13,1,2,0,8,0.2782,0,0,0,0
275,112,0,1,1,32,0.2856,0,0,0,0
372,30,2,0,0,20,0.3503,0,0,0,0
164,91,4,2,0,4,0.5253,1,0,0,1
287,58,4,0,0,43,0.156,1,1,1,3
144,44,1,1,1,48,0.0221,0,0,0,0
342,64,1,1,0,0,0.1354,0,0,0,0
374,60,1,2,0,43,0.6657,0,0,0,0
119,95,1,3,0,25,0.0643,0,0,0,0
321,100,3,3,0,45,0.3525,1,0,0,1
392,71,1,0,1,28,0.0372,1,1,0,2
96,115,1,0,0,28,0.3145,0,0,0,0
295,42,3,1,0,3,0.366,1,0,0,1
27,34,2,1,0,55,0.5581,0,0,0,0
28,5,3,1,0,28,0.2745,1,0,0,1
184,72,3,2,0,11,0.0385,0,0,0,0
105,80,2,2,1,32,0.7824,1,0,0,1
91,112,2,1,0,28,0.1189,1,1,0,2
33,56,2,2,0,18,0.1648,0,0,0,0
300,57,2,3,1,15,0.3435,0,0,0,0
145,31,2,3,0,20,0.1684,0,0,0,0
168,103,3,1,0,18,0.1934,1,0,0,1
222,89,4,1,0,3,0.3979,1,1,1,3
331,49,1,0,0,31,0.3393,1,0,0,1
47,8,2,2,0,36,0.4028,0,0,0,0
197,4,4,0,0,21,0.1386,1,1,0,2
124,89,4,0,0,41,0.3579,1,1,0,2
389,62,3,1,0,42,0.0676,1,1,1,3
168,59,3,2,1,33,0.4035,1,0,0,1
261,97,1,1,1,37,0.1377,1,0,0,1
244,38,3,0,0,39,0.2368,1,1,0,2
65,15,2,3,1,28,0.4456,1,1,0,2
377,79,2,0,0,0,0.3523,1,1,0,2
46,39,2,3,0,33,0.1481,0,0,0,0
77,70,3,0,0,48,0.3824,1,0,0,1
149,46,2,0,1,46,0.1554,1,0,0,1
362,109,4,2,0,37,0.1317,1,1,0,2
358,42,1,0,0,4,0.3476,0,0,0,0
5,119,1,0,0,40,0.3325,1,1,1,3
396,105,3,3,0,36,0.4244,0,0,0,0
13,38,4,0,1,28,0.354,1,1,1,3
161,116,4,3,1,25,0.3309,1,1,1,3
66,110,1,1,1,24,0.2888,0,0,0,0
22,97,1,0,0,12,0.4854,1,0,0,1
393,94,0,1,0,58,0.6743,0,0,0,0
141,44,2,1,0,21,0.054,0,0,0,0
348,87,3,1,0,11,0.1871,1,1,0,2
231,43,0,0,0,10,0.5371,1,0,0,1
193,30,0,2,0,57,0.5192,0,0,0,0
280,104,4,1,0,58,0.1981,1,1,1,3
335,112,1,2,0,51,0.2252,0,0,0,0
60,72,2,3,0,11,0.3015,0,0,0,0
5,89,2,3,0,57,0.4858,0,0,0,0
333,31,3,3,0,7,0.2208,0,0,0,0
34,41,2,0,0,20,0.4063,1,1,0,2
363,27,6,2,0,32,0.5236,1,1,1,3
345,94,2,2,0,17,0.015,0,0,0,0
33,66,2,0,0,54,0.4272,1,0,0,1
130,50,0,0,0,43,0.2403,0,0,0,0
161,37,4,1,0,55,0.2575,1,0,0,1
182,39,3,0,0,23,0.5762,1,1,1,3
33,113,2,2,0,33,0.7415,1,0,0,1
260,68,2,0,0,42,0.3882,0,0,0,0
336,71,3,2,1,0,0.1198,1,1,1,3
181,8,5,2,0,28,0.584,1,1,1,3
96,17,3,0,1,29,0.4991,1,1,1,3
389,95,1,2,1,53,0.5478,0,0,0,0
4,101,3,2,0,25,0.2611,1,0,0,1
269,63,2,3,0,47,0.1883,0,0,0,0
57,15,2,1,0,22,0.1425,1,0,0,1
321,18,4,3,0,4,0.3728,1,1,0,2
96,14,1,3,0,44,0.2978,0,0,0,0
50,23,3,3,0,1,0.3164,0,0,0,0
214,111,2,1,0,38,0.211,1,0,0,1
95,34,2,1,0,43,0.2774,1,1,1,3
116,80,3,3,0,41,0.0543,1,0,0,1
340,10,3,1,1,31,0.5826,1,1,1,3
227,5,2,1,0,3,0.119,1,0,0,1
226,4,2,0,0,35,0.1815,0,0,0,0
295,10,1,2,0,36,0.5309,0,0,0,0
387,113,3,1,1,48,0.2093,0,0,0,0
104,105,2,1,0,32,0.3788,1,1,0,2
205,38,2,2,0,42,0.2959,0,0,0,0
304,15,1,3,0,2,0.1934,0,0,0,0
325,81,4,2,0,58,0.0775,0,0,0,0
309,21,4,0,1,44,0.3029,1,1,0,2
330,87,3,1,0,55,0.3903,0,0,0,0
291,44,4,0,0,48,0.1752,1,1,0,2
129,47,0,3,1,32,0.3364,0,0,0,0
312,82,0,0,0,11,0.3521,1,0,0,1
75,91,3,0,0,8,0.3687,1,1,0,2
103,0,4,0,0,53,0.2126,1,1,0,2
238,78,2,2,0,20,0.4109,0,0,0,0
319,21,3,2,1,16,0.221,1,1,0,2
326,60,0,0,1,12,0.2698,1,1,1,3
31,22,3,2,1,21,0.3897,0,0,0,0
143,93,3,1,1,58,0.3259,1,0,0,1
185,31,3,0,1,45,0.1428,1,0,0,1
364,49,2,3,0,17,0.0671,0,0,0,0
358,75,2,2,0,45,0.0913,0,0,0,0
24,17,3,3,0,37,0.5078,0,0,0,0
97,114,2,1,1,11,0.5055,0,0,0,0
146,101,3,2,0,23,0.1647,0,0,0,0
12,19,1,0,0,29,0.3257,0,0,0,0
325,53,2,1,0,41,0.2841,0,0,0,0
327,57,2,3,0,20,0.1537,1,0,0,1
378,16,3,2,1,54,0.2527,1,0,0,1
111,45,2,2,1,24,0.2063,0,0,0,0
296,72,1,0,1,13,0.3679,1,1,1,3
61,105,4,3,0,30,0.2077,0,0,0,0
43,114,1,1,0,14,0.2514,0,0,0,0
236,64,2,3,0,10,0.1583,0,0,0,0
206,109,4,1,0,50,0.3779,1,1,0,2
351,116,6,1,0,25,0.2895,1,1,1,3
195,38,4,3,0,40,0.2038,0,0,0,0
96,116,4,0,1,1,0.4773,1,1,1,3
389,40,2,2,0,4,0.1196,1,0,0,1
241,107,3,2,0,40,0.4954,1,0,0,1
7,105,2,1,1,56,0.1624,1,0,0,1
239,97,2,2,0,16,0.4174,0,0,0,0
277,11,3,0,0,49,0.2679,1,0,0,1
310,37,4,1,0,15,0.2264,1,1,1,3
361,78,1,0,0,0,0.1207,0,0,0,0
208,8,2,0,0,24,0.1999,1,0,0,1
323,87,4,0,0,25,0.6697,1,1,1,3
21,25,4,1,0,2,0.2089,1,1,1,3
139,47,0,2,0,5,0.523,0,0,0,0
372,2,1,3,0,20,0.2112,0,0,0,0
137,107,1,1,0,43,0.179,0,0,0,0
214,69,2,0,1,17,0.13,1,1,0,2
34,96,2,1,0,34,0.5127,0,0,0,0
87,93,2,1,0,14,0.4938,1,0,0,1
251,62,3,2,1,41,0.1602,1,1,0,2
211,89,3,2,0,35,0.2357,0,0,0,0
116,38,0,0,0,39,0.4353,0,0,0,0
331,33,4,0,0,18,0.4091,1,1,0,2
388,5,5,2,0,22,0.2355,1,0,0,1
350,40,1,2,0,47,0.2966,0,0,0,0
103,21,4,1,0,28,0.4139,0,0,0,0
94,98,2,1,0,2,0.1656,1,1,0,2
200,23,5,1,1,58,0.3341,1,1,1,3
125,85,5,2,0,18,0.4077,1,1,1,3
193,43,2,1,0,26,0.1744,1,0,0,1
146,91,5,0,0,2,0.2622,1,1,1,3
264,16,3,2,0,49,0.4644,1,0,0,1
212,72,2,1,0,19,0.5637,0,0,0,0
140,69,1,1,0,2,0.0517,1,0,0,1
60,11,1,0,0,6,0.1822,0,0,0,0
370,11,2,3,1,45,0.2373,0,0,0,0
315,19,2,0,1,12,0.3298,1,1,1,3
252,111,5,0,0,36,0.3815,1,1,1,3
300,18,3,0,0,19,0.4131,1,1,0,2
383,58,2,1,0,41,0.1902,0,0,0,0
335,29,5,2,0,6,0.155,1,1,1,3
204,38,1,1,0,49,0.2038,0,0,0,0
347,12,3,1,1,44,0.2287,1,1,0,2
329,58,3,1,0,17,0.0246,1,0,0,1
332,7,3,2,1,54,0.6232,1,0,0,1
287,14,1,1,0,51,0.2123,0,0,0,0
80,103,6,0,1,3,0.323,1,1,1,3
176,102,2,2,0,49,0.373,0,0,0,0
23,48,3,0,1,37,0.3075,0,0,0,0
71,83,2,1,0,16,0.0182,0,0,0,0
154,12,4,1,0,19,0.1721,1,1,0,2
269,59,4,0,0,3,0.5138,1,1,1,3
226,57,4,3,0,0,0.5344,1,0,0,1
364,81,2,0,0,46,0.1587,1,1,1,3
175,38,2,0,0,21,0.4717,1,1,0,2
284,11,4,3,1,52,0.0226,1,1,0,2
9,85,3,1,0,31,0.3858,0,0,0,0
3,26,0,1,0,33,0.1475,0,0,0,0
89,52,2,1,0,41,0.2511,1,1,1,3
352,98,3,0,0,48,0.3549,0,0,0,0
134,108,1,3,1,23,0.4331,0,0,0,0
350,50,1,0,1,46,0.2287,0,0,0,0
29,119,6,3,0,3,0.0902,1,1,1,3
380,38,2,3,0,19,0.329,0,0,0,0
166,14,1,1,0,26,0.013,0,0,0,0
240,56,2,1,0,20,0.6199,0,0,0,0
130,16,2,0,0,46,0.1767,1,1,1,3
202,57,3,1,1,50,0.0625,1,0,0,1
147,111,4,1,0,56,0.0206,1,1,1,3
296,72,1,0,1,45,0.2893,0,0,0,0
199,0,1,3,0,16,0.2203,0,0,0,0
309,36,3,1,1,30,0.2593,1,1,1,3
286,45,4,1,1,13,0.4119,1,1,0,2
62,41,2,1,1,48,0.5098,1,1,1,3
153,49,0,3,1,29,0.0512,0,0,0,0
317,48,3,1,0,7,0.0689,1,1,0,2
2,63,2,2,1,3,0.2554,0,0,0,0
222,78,1,1,1,36,0.1117,0,0,0,0
40,41,3,2,0,7,0.1131,0,0,0,0
314,17,1,2,0,50,0.4619,1,0,0,1
202,29,2,1,0,28,0.3325,0,0,0,0
332,3,3,1,1,36,0.5321,1,0,0,1
341,64,1,1,1,0,0.0158,0,0,0,0
387,23,3,3,1,34,0.2269,0,0,0,0
383,75,3,1,0,50,0.153,0,0,0,0
41,15,3,1,0,55,0.368,1,0,0,1
298,65,5,2,1,1,0.0454,1,1,1,3
81,21,2,1,0,58,0.365,0,0,0,0
216,91,1,1,0,44,0.2614,1,0,0,1
321,82,2,0,0,9,0.2823,1,1,0,2
276,63,1,1,0,33,0.3638,0,0,0,0
300,73,3,3,0,50,0.2401,0,0,0,0
366,78,3,1,1,2,0.3609,1,0,0,1
93,77,3,2,0,18,0.4175,0,0,0,0
341,9,4,2,1,53,0.2833,1,1,1,3
18,34,2,1,0,6,0.2181,1,1,0,2
80,118,4,2,0,7,0.4603,1,1,0,2
94,54,1,1,0,26,0.3189,1,0,0,1
117,18,6,2,1,38,0.4606,1,1,1,3
27,2,2,2,0,56,0.3339,0,0,0,0
46,81,0,3,0,20,0.097,0,0,0,0
144,69,0,1,1,3,0.4045,0,0,0,0
250,116,5,3,1,3,0.2548,1,1,1,3
194,32,1,3,0,41,0.1216,0,0,0,0
205,101,2,1,0,53,0.0858,0,0,0,0
374,115,2,0,0,23,0.5381,0,0,0,0
379,40,3,0,0,48,0.3932,1,1,1,3
284,108,3,3,0,30,0.2094,1,0,0,1
46,72,0,3,0,24,0.3503,0,0,0,0
346,93,1,1,1,59,0.3325,1,0,0,1
20,1,3,1,0,23,0.504,1,0,0,1
34,34,2,1,0,3,0.1029,1,0,0,1
358,2,2,0,0,25,0.2041,1,0,0,1
220,102,1,0,0,5,0.1382,1,0,0,1
397,31,2,0,0,26,0.4542,1,0,0,1
236,105,4,3,0,4,0.4701,1,1,1,3
239,92,2,1,1,0,0.2838,1,0,0,1
308,59,3,2,0,12,0.5269,1,0,0,1
335,103,4,0,1,29,0.313,1,1,1,3
297,59,5,3,0,10,0.2618,1,0,0,1
221,98,2,3,0,1,0.1163,0,0,0,0
203,9,5,1,1,55,0.444,1,1,1,3
283,88,1,0,0,40,0.1365,0,0,0,0
356,70,3,1,0,59,0.384,0,0,0,0
197,81,3,3,0,31,0.4624,1,0,0,1
351,17,3,1,0,2,0.1532,1,1,1,3
344,10,3,1,1,49,0.522,0,0,0,0
166,59,3,2,0,23,0.0668,0,0,0,0
202,107,1,0,0,5,0.3326,0,0,0,0
123,3,3,3,0,28,0.6493,0,0,0,0
184,76,4,1,0,46,0.0908,1,1,0,2
189,9,4,2,0,55,0.2945,1,1,1,3
244,105,2,3,0,17,0.2307,0,0,0,0
223,103,5,3,1,28,0.0747,1,1,1,3
221,56,1,1,1,6,0.2658,0,0,0,0
280,18,4,2,0,55,0.1205,1,1,0,2
171,79,1,1,0,39,0.634,0,0,0,0
33,44,2,1,1,25,0.2181,1,1,1,3
172,95,0,2,1,48,0.3279,0,0,0,0
307,2,3,3,0,22,0.538,0,0,0,0
390,52,2,1,0,24,0.2675,0,0,0,0
236,115,2,3,0,29,0.2915,0,0,0,0
163,14,0,0,0,12,0.3152,0,0,0,0
153,8,2,0,0,51,0.0997,1,0,0,1
299,110,4,1,0,13,0.3662,0,0,0,0
379,33,2,3,0,23,0.3244,0,0,0,0
49,106,2,1,0,18,0.1246,0,0,0,0
130,55,1,1,0,44,0.5356,0,0,0,0
41,113,3,0,0,48,0.2069,0,0,0,0
78,67,2,0,1,53,0.2894,0,0,0,0
334,75,3,0,0,56,0.4455,0,0,0,0
100,33,4,1,0,7,0.1753,1,0,0,1
44,70,2,2,1,34,0.2862,0,0,0,0
385,55,1,3,1,47,0.0351,0,0,0,0
279,14,1,1,0,20,0.3245,0,0,0,0
109,35,3,3,0,29,0.4189,0,0,0,0
190,36,2,1,0,24,0.5768,0,0,0,0
189,33,4,1,0,51,0.1318,1,1,0,2
3,87,4,2,0,52,0.3113,1,1,1,3
31,5,5,0,0,52,0.051,1,1,0,2
206,94,0,1,0,36,0.1401,0,0,0,0
20,73,4,1,0,51,0.1801,1,1,1,3
388,101,3,0,0,56,0.311,1,1,1,3
200,16,3,1,0,6,0.4096,1,0,0,1
332,112,1,0,0,1,0.559,1,0,0,1
11,26,1,0,0,23,0.342,1,1,0,2
217,38,2,3,0,48,0.1394,0,0,0,0
117,106,3,1,0,6,0.2109,1,1,0,2
247,59,3,2,0,40,0.3886,1,0,0,1
41,1,3,2,0,6,0.5123,1,1,0,2
390,19,2,2,0,41,0.2877,0,0,0,0
101,42,4,2,0,17,0.0913,0,0,0,0
283,79,1,0,0,4,0.1227,0,0,0,0
330,119,2,2,0,27,0.3596,0,0,0,0
245,118,3,0,0,46,0.46,0,0,0,0
206,16,3,0,0,31,0.4626,1,1,1,3
63,91,4,0,1,12,0.5522,1,1,1,3
357,4,3,0,1,45,0.3923,1,1,1,3
358,46,0,0,1,53,0.232,1,0,0,1
377,81,3,2,0,45,0.2813,0,0,0,0
106,30,0,0,0,10,0.5071,0,0,0,0
131,22,2,1,1,42,0.2682,1,0,0,1
144,28,1,1,0,39,0.3135,0,0,0,0
354,40,1,0,0,16,0.5012,1,0,0,1
173,6,4,0,0,59,0.2935,0,0,0,0
364,7,2,0,1,13,0.373,1,1,0,2
308,25,3,1,1,31,0.13,1,1,1,3
190,119,5,2,0,14,0.1323,1,1,1,3
230,70,3,0,0,32,0.1058,1,1,0,2
288,29,3,1,0,57,0.2314,0,0,0,0
327,53,2,2,0,41,0.2672,0,0,0,0
302,116,5,2,0,47,0.2054,1,0,0,1
306,94,1,1,1,56,0.5859,0,0,0,0
42,29,2,0,0,14,0.0836,1,1,0,2
163,52,3,2,1,46,0.4105,1,0,0,1
28,77,2,0,0,11,0.38,0,0,0,0
268,17,1,3,0,14,0.1537,0,0,0,0
320,6,2,3,0,37,0.369,0,0,0,0
347,8,1,0,1,0,0.1012,1,0,0,1
15,45,2,1,0,29,0.3169,1,0,0,1
71,60,0,1,0,29,0.1316,0,0,0,0
335,57,3,0,0,35,0.2955,1,1,0,2
241,44,5,2,0,33,0.1357,1,1,1,3
383,15,3,1,0,8,0.5765,1,0,0,1
181,79,1,0,0,57,0.1343,0,0,0,0
275,116,1,2,0,45,0.7094,0,0,0,0
298,77,5,1,0,25,0.4077,1,1,1,3
48,40,2,2,0,31,0.3617,0,0,0,0
306,81,1,0,0,59,0.2433,0,0,0,0
66,56,2,1,0,19,0.0908,1,0,0,1
353,50,0,2,1,34,0.1509,0,0,0,0
219,35,7,3,0,19,0.4534,1,1,1,3
390,20,2,2,0,34,0.1132,0,0,0,0
27,78,1,0,1,49,0.1099,1,0,0,1
153,31,2,3,0,49,0.3876,0,0,0,0
149,13,1,2,0,20,0.1719,0,0,0,0
227,22,2,3,1,3,0.0483,0,0,0,0
381,52,4,1,1,24,0.4098,1,1,1,3
211,6,4,1,0,22,0.3239,1,0,0,1
16,58,4,1,0,12,0.2559,0,0,0,0
138,18,3,2,0,31,0.0945,1,1,0,2
47,57,2,2,0,37,0.2175,0,0,0,0
322,28,2,2,1,48,0.5426,1,0,0,1
230,76,4,2,0,53,0.1229,1,1,1,3
78,2,4,3,0,12,0.1178,1,0,0,1
190,105,5,1,0,47,0.5487,1,1,1,3
352,21,2,2,0,43,0.2329,0,0,0,0
173,114,3,2,0,40,0.0978,1,0,0,1
318,47,0,0,0,53,0.5136,0,0,0,0
182,75,1,1,0,44,0.2718,0,0,0,0
314,44,3,0,0,5,0.0945,1,1,1,3
221,4,2,0,0,21,0.3847,1,1,0,2
80,44,3,1,0,51,0.1835,1,1,0,2
284,64,2,3,0,37,0.3545,0,0,0,0
5,57,3,0,0,15,0.3331,1,1,1,3
394,74,4,1,0,16,0.1737,1,0,0,1
156,91,2,0,0,21,0.3927,0,0,0,0
106,93,2,2,0,27,0.2997,1,0,0,1
268,88,1,2,0,47,0.102,0,0,0,0
293,3,4,2,0,39,0.2385,1,1,0,2
336,97,3,0,0,16,0.2806,1,1,1,3
166,109,1,0,0,24,0.4984,1,0,0,1
86,27,5,3,0,17,0.2766,1,1,1,3
196,88,0,2,1,21,0.1599,0,0,0,0
89,11,4,0,0,16,0.0337,1,1,1,3
225,99,2,1,0,10,0.2601,0,0,0,0
151,119,3,3,0,32,0.3831,1,0,0,1
342,80,3,1,1,11,0.2898,1,0,0,1
138,68,0,1,1,16,0.2595,1,0,0,1
391,99,1,0,0,0,0.6469,1,1,0,2
113,71,1,0,0,55,0.3463,0,0,0,0
188,54,3,0,1,43,0.1363,1,1,1,3
218,3,2,1,0,12,0.3218,0,0,0,0
112,96,4,2,1,0,0.0319,1,1,1,3
314,39,2,1,0,27,0.0611,0,0,0,0
134,99,3,2,1,4,0.4289,0,0,0,0
128,41,1,2,0,52,0.2876,0,0,0,0
271,44,2,1,0,48,0.3306,0,0,0,0
86,46,1,0,0,49,0.2219,0,0,0,0
20,103,4,1,1,34,0.2055,1,1,1,3
246,54,2,0,0,57,0.5099,1,0,0,1
26,6,2,3,0,47,0.2411,0,0,0,0
19,38,4,0,0,35,0.128,1,1,0,2
368,76,2,2,1,23,0.3463,0,0,0,0
183,98,5,0,0,30,0.2544,0,0,0,0
388,54,3,1,0,44,0.1666,0,0,0,0
367,64,1,3,0,24,0.8022,0,0,0,0
154,98,4,2,0,25,0.3869,1,1,0,2
351,118,3,0,0,31,0.1973,1,1,1,3
192,98,3,2,0,9,0.2703,1,0,0,1
318,37,3,2,0,51,0.2961,1,1,0,2
57,63,1,2,0,33,0.1502,0,0,0,0
80,116,4,3,0,29,0.2056,1,0,0,1
204,88,1,1,0,53,0.1603,0,0,0,0
342,2,3,1,0,24,0.154,1,1,1,3
1,26,2,1,0,6,0.4094,1,1,0,2
280,118,2,1,1,58,0.3925,0,0,0,0
128,102,1,3,1,16,0.0662,0,0,0,0
302,64,3,2,0,41,0.4462,0,0,0,0
117,63,3,1,0,55,0.135,1,1,0,2
8,34,2,1,1,14,0.282,1,1,1,3
25,98,4,1,0,9,0.1054,1,1,0,2
98,53,2,1,0,42,0.0965,0,0,0,0
0,117,1,0,1,30,0.3069,1,0,0,1
297,118,1,2,0,37,0.1569,0,0,0,0
202,87,3,0,0,53,0.2181,1,1,0,2
126,34,3,1,1,26,0.2683,1,1,1,3
57,20,2,1,0,51,0.4712,1,0,0,1
182,23,4,0,0,31,0.3772,1,1,0,2
212,26,0,1,0,14,0.4238,0,0,0,0
305,82,2,2,0,22,0.2747,1,0,0,1
298,72,3,1,0,4,0.2664,0,0,0,0
308,14,0,1,0,57,0.0147,0,0,0,0
184,104,3,0,0,9,0.6346,1,1,1,3
287,70,4,0,1,49,0.5694,1,1,1,3
352,9,3,0,0,26,0.3525,1,1,1,3
238,116,2,0,0,34,0.1268,0,0,0,0
112,79,2,2,0,18,0.7032,0,0,0,0
45,94,0,2,0,50,0.3446,0,0,0,0
216,82,2,2,0,12,0.4202,1,0,0,1
332,2,4,1,0,29,0.1382,1,0,0,1
326,7,3,1,0,4,0.2764,1,1,1,3
58,34,2,2,1,38,0.2141,1,0,0,1
5,7,2,0,0,30,0.1193,1,0,0,1
182,49,0,3,0,8,0.6712,0,0,0,0
259,8,2,0,0,49,0.1142,1,1,0,2
348,88,2,2,0,55,0.4561,0,0,0,0
329,17,2,1,0,21,0.1825,0,0,0,0
168,12,1,0,0,19,0.4473,1,0,0,1
197,43,2,2,0,45,0.0606,0,0,0,0
151,117,1,3,0,33,0.3481,0,0,0,0
113,108,2,2,1,19,0.0605,0,0,0,0
34,90,3,2,0,57,0.4003,1,1,0,2
202,43,1,0,0,7,0.3672,0,0,0,0
171,118,2,1,0,6,0.4601,0,0,0,0
80,62,5,3,0,48,0.153,1,1,1,3
101,21,3,1,0,53,0.4849,1,0,0,1
135,72,3,1,0,3,0.4682,1,0,0,1
242,31,4,1,1,8,0.3101,1,1,0,2
255,78,2,1,1,49,0.0673,1,0,0,1
136,104,4,1,0,33,0.2635,1,1,0,2
220,118,2,2,0,10,0.1144,0,0,0,0
118,20,4,2,0,11,0.0456,1,0,0,1
73,5,2,2,0,37,0.2319,0,0,0,0
326,94,0,0,0,24,0.3414,0,0,0,0
158,59,3,1,1,52,0.2102,1,1,1,3
48,82,1,2,1,57,0.1504,0,0,0,0
68,62,4,1,0,55,0.501,1,0,0,1
27,79,0,1,1,1,0.2479,1,0,0,1
381,84,1,1,0,15,0.6315,0,0,0,0
124,9,5,3,0,28,0.1219,1,1,0,2
386,24,1,0,1,11,0.2445,1,1,0,2
176,8,3,2,0,27,0.2548,0,0,0,0
270,57,3,0,0,3,0.0326,0,0,0,0
144,76,1,3,0,16,0.2737,0,0,0,0
340,106,3,1,0,55,0.3121,1,1,0,2
158,29,1,0,0,48,0.2546,0,0,0,0
384,30,2,1,0,35,0.1702,0,0,0,0
308,114,1,1,0,27,0.0791,1,0,0,1
111,28,3,2,0,23,0.3779,1,1,1,3
144,52,1,2,1,39,0.0552,0,0,0,0
39,75,2,0,1,2,0.4121,1,1,1,3
365,4,3,0,0,38,0.1603,1,0,0,1
39,30,4,1,0,10,0.2344,1,1,1,3
64,105,3,1,1,51,0.1337,1,0,0,1
238,89,3,0,0,13,0.4007,1,0,0,1
392,79,2,1,0,56,0.0843,0,0,0,0
236,13,2,1,1,9,0.5458,1,0,0,1
92,70,2,1,0,45,0.1091,0,0,0,0
162,9,5,1,1,21,0.1521,1,1,1,3
275,37,0,0,0,15,0.2787,0,0,0,0
174,29,3,1,0,11,0.3228,1,1,1,3
44,69,1,2,0,58,0.1934,0,0,0,0
102,61,2,0,0,54,0.3619,1,0,0,1
349,99,3,2,1,42,0.1078,1,1,1,3
246,75,2,1,0,25,0.2619,1,0,0,1
274,76,4,3,0,46,0.2126,1,0,0,1
201,14,1,0,0,40,0.1216,1,0,0,1
4,15,4,2,0,2,0.3686,1,0,0,1
283,100,3,1,0,56,0.2182,1,0,0,1
139,102,1,1,1,59,0.448,1,0,0,1
252,3,4,1,0,20,0.8425,1,1,1,3
27,0,2,2,0,53,0.1003,0,0,0,0
198,106,2,1,0,52,0.2904,1,0,0,1
100,75,2,1,0,2,0.2361,0,0,0,0
127,40,2,2,0,23,0.2016,0,0,0,0
359,112,1,1,0,59,0.4376,0,0,0,0
357,100,4,0,0,44,0.4249,1,1,1,3
60,89,3,0,0,28,0.0898,1,0,0,1
221,25,2,3,0,17,0.2492,0,0,0,0
55,29,2,0,0,44,0.184,0,0,0,0
95,61,1,1,0,11,0.1735,1,0,0,1
134,68,1,0,0,29,0.563,1,0,0,1
39,83,2,0,1,37,0.3971,0,0,0,0
155,83,2,2,0,51,0.3906,0,0,0,0
231,2,2,2,0,58,0.4552,0,0,0,0
333,64,1,3,0,16,0.3526,0,0,0,0
311,95,1,0,1,8,0.3161,0,0,0,0
191,59,4,0,0,13,0.3063,1,0,0,1
155,12,2,2,0,47,0.5935,0,0,0,0
96,92,2,3,0,41,0.0946,1,0,0,1
82,98,3,3,1,1,0.0745,0,0,0,0
125,57,4,0,0,31,0.3263,1,1,1,3
293,105,4,2,0,34,0.1483,1,1,0,2
108,95,3,2,0,40,0.3593,1,0,0,1
65,55,2,3,1,4,0.3442,0,0,0,0
381,91,2,2,1,36,0.0919,0,0,0,0
106,95,0,0,1,44,0.0844,0,0,0,0
191,87,3,2,1,42,0.3495,0,0,0,0
80,96,5,2,1,22,0.0356,1,1,1,3
228,54,2,0,0,4,0.2041,1,0,0,1
204,77,2,1,1,57,0.2912,0,0,0,0
32,110,2,1,0,45,0.5798,1,0,0,1
87,26,0,1,0,36,0.2878,0,0,0,0
229,106,2,1,1,17,0.4488,1,1,0,2
148,67,1,1,0,57,0.2558,1,1,0,2
331,89,3,0,0,55,0.4339,1,1,1,3
276,18,5,2,0,39,0.0995,0,0,0,0
59,37,2,1,0,4,0.2334,0,0,0,0
357,88,1,1,0,57,0.1084,0,0,0,0
78,103,4,0,0,48,0.3899,1,1,1,3
310,119,4,0,0,37,0.2535,1,1,1,3
28,51,2,1,0,36,0.5614,1,0,0,1
251,68,2,1,0,46,0.1683,1,0,0,1
7,47,1,1,0,43,0.7841,0,0,0,0
251,62,3,2,1,45,0.0753,0,0,0,0
226,18,3,0,1,11,0.1089,1,1,1,3
399,38,3,3,0,28,0.3482,0,0,0,0
393,30,3,0,1,37,0.1918,1,0,0,1
177,26,1,0,0,49,0.2267,0,0,0,0
21,75,2,0,0,15,0.147,1,1,0,2
26,10,2,3,0,11,0.178,0,0,0,0
70,84,1,1,0,34,0.3492,0,0,0,0
354,31,2,3,0,29,0.2056,0,0,0,0
15,12,3,1,0,50,0.3799,0,0,0,0
305,106,2,0,1,4,0.0745,1,0,0,1
243,70,3,2,0,4,0.5305,1,1,0,2
162,79,2,1,0,3,0.2729,0,0,0,0
125,5,4,1,0,13,0.1229,0,0,0,0
201,33,3,3,0,0,0.3653,1,0,0,1
270,50,1,2,0,24,0.3155,0,0,0,0
40,0,3,0,0,0,0.1602,1,1,0,2
359,52,2,1,0,37,0.2647,1,0,0,1
41,7,5,2,0,24,0.3067,1,1,0,2
279,0,2,2,0,13,0.0928,0,0,0,0
382,106,1,0,0,24,0.1913,0,0,0,0
124,72,3,3,0,45,0.1462,0,0,0,0
59,43,1,1,1,25,0.1853,0,0,0,0
358,19,2,0,0,57,0.3537,1,0,0,1
166,98,2,1,0,21,0.1737,1,0,0,1
341,32,1,2,0,42,0.1185,0,0,0,0
19,72,2,0,0,7,0.493,1,0,0,1
291,23,4,1,1,48,0.4095,1,1,1,3
52,77,4,0,0,24,0.232,1,1,1,3
108,28,3,1,0,15,0.1706,1,0,0,1
327,86,3,0,1,51,0.3034,1,1,1,3
72,6,3,3,0,38,0.0767,0,0,0,0
4,2,5,2,0,51,0.2936,1,0,0,1
390,91,2,0,0,40,0.0905,0,0,0,0
294,14,1,0,0,32,0.4355,1,1,0,2
237,51,1,1,0,44,0.4078,0,0,0,0
162,38,4,1,1,44,0.337,1,1,1,3
254,85,3,0,0,58,0.3436,1,1,0,2
40,76,4,0,0,28,0.4162,1,1,1,3
72,87,4,2,0,10,0.2456,1,1,1,3
103,13,2,2,0,5,0.124,0,0,0,0
104,87,4,1,0,7,0.0763,1,0,0,1
318,90,3,0,0,58,0.3514,1,1,0,2
340,15,2,2,0,46,0.0022,1,0,0,1
357,21,4,1,0,16,0.3134,1,1,1,3
40,51,1,2,0,56,0.0614,0,0,0,0
213,90,3,3,0,1,0.1599,0,0,0,0
197,95,1,3,0,6,0.0229,0,0,0,0
107,30,0,3,0,56,0.0993,0,0,0,0
214,62,4,2,0,43,0.1496,1,0,0,1
238,4,3,0,0,32,0.2791,0,0,0,0
190,3,4,1,1,31,0.4669,1,1,1,3
197,106,1,1,0,10,0.1598,0,0,0,0
269,42,3,0,0,31,0.5063,1,1,0,2
189,108,2,1,0,59,0.421,0,0,0,0
77,61,4,1,0,33,0.0886,1,0,0,1
393,1,2,0,0,14,0.648,1,1,0,2
108,6,2,2,0,2,0.0781,0,0,0,0
223,9,5,3,0,42,0.4035,1,1,0,2
315,36,1,2,0,7,0.2114,1,0,0,1
67,36,2,1,1,58,0.1433,0,0,0,0
229,51,3,0,0,40,0.2022,1,1,1,3
199,77,2,2,0,12,0.2477,0,0,0,0
201,83,1,1,0,55,0.3687,0,0,0,0
322,18,5,0,0,45,0.4438,1,1,1,3
343,4,2,2,0,24,0.3284,0,0,0,0
381,17,3,0,0,31,0.3302,1,1,1,3
170,32,1,0,0,53,0.2559,0,0,0,0
142,56,3,1,0,37,0.4301,1,1,1,3
135,102,3,1,0,58,0.5024,0,0,0,0
345,62,5,0,0,45,0.0922,1,1,1,3
20,90,4,2,1,23,0.1811,0,0,0,0
234,73,2,1,0,7,0.4396,0,0,0,0
80,54,2,2,0,42,0.2425,0,0,0,0
145,31,2,3,0,28,0.1609,0,0,0,0
399,21,3,1,0,56,0.5314,1,0,0,1
135,0,3,2,0,54,0.4924,1,0,0,1
318,20,1,0,0,27,0.2112,0,0,0,0
263,72,3,2,1,3,0.1948,1,0,0,1
85,19,3,0,0,19,0.2743,1,0,0,1
65,43,2,1,0,40,0.1632,0,0,0,0
27,88,0,1,0,46,0.3198,0,0,0,0
343,23,1,1,0,59,0.025,0,0,0,0
326,35,4,1,1,11,0.7881,1,1,1,3
263,34,2,0,0,32,0.1046,1,1,0,2
124,84,3,1,1,12,0.4008,1,0,0,1
109,15,2,0,0,5,0.389,1,1,0,2
88,7,4,2,0,52,0.1261,0,0,0,0
335,101,3,3,0,5,0.282,0,0,0,0
245,84,2,0,0,31,0.0704,1,0,0,1
364,97,1,3,1,37,0.0968,0,0,0,0
344,78,2,0,0,35,0.0269,0,0,0,0
86,85,4,1,0,0,0.3143,1,1,1,3
317,24,2,2,0,31,0.2423,0,0,0,0
133,7,2,1,0,48,0.4309,1,0,0,1
227,6,1,0,1,6,0.1926,1,1,1,3
334,14,1,1,0,33,0.5562,1,1,0,2
114,50,0,2,0,42,0.1273,0,0,0,0
318,81,3,3,1,30,0.5289,0,0,0,0
137,89,2,1,1,27,0.1237,0,0,0,0
201,70,3,1,0,28,0.3525,1,1,0,2
69,116,5,2,1,20,0.7773,1,1,1,3
287,109,4,0,0,24,0.5633,0,0,0,0
23,9,4,0,0,50,0.6066,1,1,1,3
370,101,1,3,0,58,0.1945,0,0,0,0
168,17,2,2,0,9,0.4456,1,0,0,1
275,83,1,0,0,17,0.2673,0,0,0,0
129,46,1,3,0,21,0.4244,0,0,0,0
262,17,3,2,1,11,0.3112,1,1,1,3
113,28,2,0,0,49,0.3582,1,0,0,1
238,57,4,3,0,54,0.7592,1,1,0,2
259,40,0,0,0,52,0.6096,0,0,0,0
206,4,2,1,0,47,0.3389,0,0,0,0
283,17,2,1,0,37,0.2006,0,0,0,0
299,35,4,3,1,31,0.3542,1,0,0,1
247,12,2,0,1,13,0.1576,1,1,0,2
36,62,3,3,0,3,0.2023,0,0,0,0
100,103,4,2,0,26,0.2446,1,1,0,2
363,78,1,1,0,7,0.149,0,0,0,0
399,41,3,2,1,23,0.1702,1,1,0,2
265,18,5,1,1,24,0.3823,1,1,1,3
205,68,4,2,1,55,0.2053,1,0,0,1
386,48,1,3,1,14,0.7584,1,0,0,1
265,96,6,0,0,39,0.1812,1,1,1,3
22,101,2,0,0,34,0.1522,1,1,0,2
205,51,3,1,0,29,0.2192,0,0,0,0
38,8,3,2,0,44,0.4472,1,1,0,2
351,85,5,0,0,29,0.3693,1,1,1,3
339,18,4,2,1,33,0.5425,1,1,1,3
114,76,4,3,0,21,0.2216,1,1,0,2
107,96,1,1,0,54,0.4591,0,0,0,0
104,8,2,2,0,16,0.1017,0,0,0,0
369,77,3,1,0,12,0.2022,1,0,0,1
93,98,5,0,1,19,0.185,1,1,1,3
90,46,1,0,0,50,0.347,0,0,0,0
302,4,5,2,1,49,0.3354,1,1,1,3
306,65,3,3,0,42,0.1728,0,0,0,0
88,82,2,2,1,1,0.2315,1,0,0,1
387,77,4,1,0,19,0.2679,1,1,1,3
285,21,2,1,1,8,0.3262,1,1,0,2
234,10,2,1,1,54,0.2194,1,0,0,1
231,112,2,1,1,33,0.3978,1,0,0,1
226,79,1,1,0,49,0.4463,1,0,0,1
308,88,0,1,0,3,0.5017,0,0,0,0
104,106,3,0,0,37,0.3496,1,1,1,3
178,71,1,1,0,0,0.3233,0,0,0,0
293,85,2,1,1,0,0.3376,1,1,0,2
366,33,5,3,0,28,0.1722,1,0,0,1
95,96,1,1,0,19,0.2889,0,0,0,0
344,20,3,2,1,16,0.2172,1,0,0,1
57,119,4,2,0,24,0.1652,1,0,0,1
99,115,1,3,1,25,0.3312,0,0,0,0
262,42,6,2,0,25,0.5868,1,1,1,3
14,93,3,0,0,41,0.3455,1,1,0,2
66,107,2,2,0,30,0.5159,1,0,0,1
226,63,4,3,0,44,0.3584,0,0,0,0
256,48,3,1,0,7,0.1546,1,1,1,3
43,30,2,1,1,55,0.2957,0,0,0,0
243,38,2,3,0,57,0.1212,0,0,0,0
167,96,3,2,0,58,0.1804,1,0,0,1
357,53,2,2,0,38,0.1985,0,0,0,0
65,107,1,1,1,30,0.1016,0,0,0,0
347,83,0,1,0,38,0.4189,0,0,0,0
179,30,2,1,0,13,0.3568,1,1,0,2
190,59,4,1,0,4,0.2733,1,1,0,2
228,24,2,1,0,10,0.544,1,0,0,1
33,32,2,0,0,28,0.2314,1,0,0,1
53,114,2,2,0,44,0.3228,0,0,0,0
94,28,1,0,0,22,0.0805,0,0,0,0
369,37,3,0,0,18,0.3059,1,1,1,3
267,92,3,2,1,49,0.2639,1,0,0,1
312,118,0,2,0,55,0.2127,0,0,0,0
138,89,2,2,0,46,0.4772,0,0,0,0
22,60,1,2,0,3,0.3796,0,0,0,0
277,15,3,0,0,28,0.528,0,0,0,0
373,79,0,2,0,25,0.2745,0,0,0,0
388,94,2,2,0,58,0.2075,0,0,0,0
117,25,6,1,0,18,0.1726,1,1,1,3
344,117,1,1,0,57,0.117,0,0,0,0
372,102,1,0,0,55,0.1066,1,0,0,1
338,97,2,1,1,7,0.1224,1,0,0,1
268,102,3,0,0,26,0.254,1,1,1,3
211,37,5,0,0,21,0.2812,1,1,1,3
28,8,0,2,0,54,0.5011,0,0,0,0
398,14,2,0,0,9,0.1922,1,1,0,2
21,6,3,1,0,39,0.2016,1,0,0,1
248,107,2,2,1,23,0.1181,0,0,0,0
189,88,1,0,0,16,0.2561,0,0,0,0
142,85,4,1,1,12,0.3725,1,1,1,3
296,101,0,3,0,40,0.3568,0,0,0,0
345,22,3,0,0,15,0.4397,1,1,1,3
242,26,2,0,0,55,0.279,1,1,0,2
335,19,3,3,1,6,0.5279,1,0,0,1
368,85,1,1,0,29,0.0706,0,0,0,0
166,13,1,0,0,53,0.1325,0,0,0,0
148,50,0,1,0,36,0.2051,0,0,0,0
147,10,3,3,0,50,0.4251,0,0,0,0
150,93,0,1,0,57,0.249,0,0,0,0
5,103,3,0,0,51,0.3004,1,0,0,1
66,108,2,0,0,44,0.2345,0,0,0,0
114,11,1,3,1,5,0.3298,0,0,0,0
5,76,2,3,0,31,0.1893,0,0,0,0
244,103,4,0,1,45,0.4806,1,1,1,3
47,67,1,2,1,55,0.212,0,0,0,0
279,58,1,0,0,34,0.2674,1,0,0,1
252,91,5,1,0,3,0.2541,1,1,1,3
267,9,4,2,0,15,0.1219,1,0,0,1
80,20,3,3,1,28,0.2255,1,0,0,1
21,95,1,1,0,54,0.3958,1,0,0,1
345,83,2,2,0,14,0.4558,0,0,0,0
262,113,2,1,1,9,0.3938,1,1,0,2
340,10,3,1,1,27,0.3989,1,1,1,3
74,110,2,0,0,48,0.5415,0,0,0,0
211,60,2,0,0,53,0.0927,1,0,0,1
360,94,1,1,0,23,0.5079,0,0,0,0
46,73,1,3,1,45,0.1039,0,0,0,0
306,106,1,2,0,52,0.4453,0,0,0,0
391,113,1,0,0,19,0.0909,0,0,0,0
176,12,4,1,0,18,0.3907,1,1,1,3
365,99,1,1,0,56,0.1076,1,0,0,1
302,54,3,1,0,28,0.3549,1,1,0,2
187,56,2,2,0,28,0.2845,0,0,0,0
96,76,4,0,1,6,0.3485,1,1,1,3
108,15,3,1,0,53,0.2016,0,0,0,0
41,47,2,1,0,28,0.1248,0,0,0,0
126,2,2,0,1,59,0.3239,1,1,0,2
179,70,4,0,0,18,0.4071,1,1,1,3
192,103,3,2,0,50,0.6111,0,0,0,0
270,8,2,0,0,32,0.2116,0,0,0,0
219,100,6,0,1,39,0.3698,1,1,1,3
371,23,5,0,0,22,0.0958,1,1,1,3
139,54,3,1,0,44,0.7076,0,0,0,0
128,67,1,3,0,20,0.2355,0,0,0,0
80,65,5,3,0,57,0.3551,1,0,0,1
124,63,4,3,1,51,0.3803,1,1,1,3
355,98,3,2,0,54,0.305,0,0,0,0
341,7,3,2,0,16,0.1416,0,0,0,0
312,74,1,3,0,41,0.5835,1,0,0,1
14,117,0,2,0,7,0.3087,0,0,0,0
269,22,2,0,0,12,0.166,1,0,0,1
362,86,4,0,0,46,0.4276,1,1,1,3
211,78,2,0,0,5,0.534,1,1,0,2
248,24,1,0,0,27,0.561,0,0,0,0
21,17,3,2,0,31,0.2397,1,1,1,3
47,8,2,2,0,43,0.2744,0,0,0,0
254,58,1,1,0,37,0.3014,0,0,0,0
265,31,4,1,0,2,0.5143,1,1,1,3
246,103,4,2,1,4,0.1679,1,1,1,3
367,31,3,3,0,34,0.239,1,0,0,1
100,60,1,1,1,52,0.4555,0,0,0,0
102,112,0,2,0,3,0.0737,0,0,0,0
21,11,2,2,0,47,0.4174,0,0,0,0
287,108,3,2,0,15,0.332,1,1,1,3
283,105,2,1,0,39,0.1268,1,0,0,1
158,114,1,0,0,47,0.4224,1,1,0,2
358,67,1,3,0,43,0.1209,0,0,0,0
386,100,4,0,0,2,0.235,1,1,1,3
391,47,0,1,0,59,0.4119,0,0,0,0
52,115,1,1,0,8,0.246,0,0,0,0
273,68,3,2,1,47,0.1273,0,0,0,0
46,10,1,3,0,2,0.2818,0,0,0,0
101,91,5,0,0,7,0.41,1,1,1,3
126,115,2,0,0,50,0.572,1,0,0,1
285,35,4,1,0,20,0.1462,1,0,0,1
327,69,2,2,0,2,0.3344,0,0,0,0
84,72,2,0,0,8,0.2468,1,0,0,1
398,105,6,3,1,16,0.3924,1,1,1,3
101,25,6,1,0,31,0.2796,1,1,1,3
6,88,2,0,0,32,0.0697,1,0,0,1
233,65,5,0,1,40,0.0984,1,1,1,3
325,77,5,0,0,28,0.2328,1,1,0,2
365,37,3,2,0,57,0.1021,0,0,0,0
230,30,2,1,0,1,0.3015,0,0,0,0
375,96,2,1,1,35,0.5721,0,0,0,0
212,22,2,2,1,29,0.2826,0,0,0,0
83,115,1,0,0,18,0.1967,1,0,0,1
117,7,4,1,0,51,0.2167,0,0,0,0
151,55,3,0,1,56,0.2842,1,0,0,1
124,101,3,0,0,22,0.1781,1,1,0,2
56,30,2,3,0,22,0.3586,1,0,0,1
357,84,1,1,0,42,0.0624,0,0,0,0
12,89,1,0,1,11,0.1975,1,1,1,3
216,2,2,1,0,30,0.4296,1,1,1,3
348,110,2,2,0,10,0.3989,1,1,0,2
200,56,3,1,0,16,0.3586,1,1,0,2
337,116,6,2,1,8,0.2297,1,1,1,3
330,72,2,2,0,24,0.0842,0,0,0,0
395,55,1,0,0,58,0.2131,0,0,0,0
73,25,6,3,0,1,0.1705,1,1,1,3
295,51,0,1,1,56,0.069,0,0,0,0
284,112,2,2,0,5,0.3135,1,0,0,1
390,19,2,2,0,39,0.3961,0,0,0,0
152,118,2,0,0,45,0.256,0,0,0,0
55,46,1,1,1,57,0.1264,0,0,0,0
0,14,2,0,0,22,0.165,1,0,0,1
58,84,2,2,0,24,0.03,1,0,0,1
147,97,3,0,0,58,0.1308,1,0,0,1
229,26,1,1,1,9,0.2282,0,0,0,0
265,67,2,2,0,42,0.1722,0,0,0,0
246,55,1,1,0,28,0.2001,0,0,0,0
187,114,3,2,0,7,0.1458,0,0,0,0
336,119,6,3,0,45,0.1894,1,1,1,3
53,29,4,2,0,42,0.4583,1,0,0,1
93,83,1,1,1,40,0.0979,1,0,0,1
306,73,2,0,0,6,0.4236,0,0,0,0
206,54,2,0,0,58,0.4148,1,0,0,1
187,114,3,2,0,57,0.283,0,0,0,0
275,26,1,1,1,38,0.2015,1,1,0,2
125,27,7,0,0,54,0.4467,1,1,1,3
282,117,0,2,0,13,0.3183,0,0,0,0
321,20,1,3,0,54,0.0267,0,0,0,0
226,82,1,3,0,34,0.4208,0,0,0,0
214,26,1,1,0,15,0.1812,0,0,0,0
259,76,3,3,0,8,0.4261,1,0,0,1
217,77,4,1,0,34,0.1227,1,1,1,3
371,47,2,3,0,58,0.254,0,0,0,0
25,16,3,1,0,57,0.4954,0,0,0,0
326,67,0,1,0,9,0.4079,0,0,0,0
65,69,2,1,0,6,0.3176,0,0,0,0
218,62,4,1,1,29,0.0971,1,1,1,3
342,118,1,0,0,46,0.6182,1,0,0,1
73,49,2,0,0,5,0.3573,1,0,0,1
7,8,3,2,0,24,0.1751,1,0,0,1
304,105,1,3,0,9,0.3655,0,0,0,0
258,50,0,1,1,43,0.2264,0,0,0,0
337,79,2,1,0,24,0.233,0,0,0,0
270,22,1,3,1,8,0.2053,1,0,0,1
326,34,2,1,0,43,0.3254,1,0,0,1
159,90,4,1,0,32,0.1568,1,1,1,3
312,83,0,1,0,3,0.2454,0,0,0,0
18,99,4,1,0,50,0.2347,1,0,0,1
365,119,4,3,0,6,0.1952,1,1,0,2
190,24,3,1,1,43,0.0816,1,0,0,1
108,54,3,0,0,9,0.1794,1,0,0,1
22,16,2,1,0,4,0.152,1,0,0,1
24,111,4,2,0,47,0.1658,1,0,0,1
74,80,5,1,0,40,0.3727,1,1,1,3
284,116,5,3,0,14,0.207,0,0,0,0
180,0,2,2,0,54,0.3474,1,0,0,1
29,18,5,0,0,22,0.1608,1,1,1,3
199,55,1,3,0,20,0.3725,0,0,0,0
290,87,3,1,1,46,0.4023,1,0,0,1
142,104,3,1,0,11,0.1132,1,0,0,1
162,74,7,2,1,47,0.0552,1,1,1,3
364,15,2,3,0,12,0.3109,0,0,0,0
107,67,1,3,0,24,0.0915,0,0,0,0
138,3,1,2,0,40,0.3235,0,0,0,0
73,6,3,3,0,56,0.4235,1,0,0,1
261,104,2,0,0,53,0.2071,0,0,0,0
228,51,4,1,0,48,0.1003,1,1,1,3
238,32,2,3,0,44,0.1701,0,0,0,0
85,107,2,2,1,15,0.1099,0,0,0,0
288,62,5,0,0,13,0.4119,1,1,1,3
212,65,2,2,0,47,0.3098,0,0,0,0
363,74,5,1,0,11,0.4402,1,1,1,3
116,16,2,2,0,41,0.192,1,0,0,1
127,102,2,2,1,37,0.1386,1,0,0,1
251,107,1,0,0,1,0.4973,0,0,0,0
102,47,0,3,0,46,0.1681,0,0,0,0
40,88,1,1,0,27,0.306,0,0,0,0
390,54,1,1,1,18,0.0699,0,0,0,0
289,48,0,0,0,6,0.1159,0,0,0,0
217,6,3,3,0,16,0.1309,1,1,0,2
44,99,2,1,0,38,0.5712,1,1,1,3
140,81,4,0,1,14,0.1376,1,1,1,3
335,41,2,1,0,7,0.3656,0,0,0,0
13,13,3,1,0,10,0.3696,1,1,0,2
238,32,2,3,0,17,0.3539,0,0,0,0
8,37,4,2,0,43,0.2191,0,0,0,0
220,48,1,0,0,47,0.1791,0,0,0,0
374,3,3,0,0,20,0.3309,1,1,1,3
106,37,3,1,0,19,0.1642,1,1,1,3
396,114,2,2,1,7,0.616,0,0,0,0
26,101,2,0,0,3,0.0732,0,0,0,0
387,62,3,0,1,53,0.6411,1,1,1,3
395,88,1,1,0,15,0.339,0,0,0,0
81,67,2,1,1,22,0.6573,0,0,0,0
346,19,2,0,0,36,0.5461,0,0,0,0
316,7,3,2,1,28,0.1521,1,1,0,2
378,60,0,1,0,29,0.214,1,0,0,1
257,82,1,3,0,25,0.1371,0,0,0,0
146,102,3,1,1,55,0.676,1,1,0,2
219,74,6,0,1,38,0.4266,1,1,1,3
354,26,2,2,1,31,0.1258,1,0,0,1
283,38,1,2,0,58,0.0822,0,0,0,0
384,76,5,2,0,35,0.5377,1,1,1,3
201,97,0,3,0,58,0.0873,0,0,0,0
87,72,3,1,0,56,0.0576,1,0,0,1
283,103,2,2,0,33,0.1416,0,0,0,0
129,101,0,3,1,1,0.3367,0,0,0,0
269,20,2,0,0,28,0.1231,0,0,0,0
102,60,0,1,0,7,0.4782,0,0,0,0
178,40,0,0,0,28,0.1651,1,0,0,1
15,118,2,0,0,12,0.2334,0,0,0,0
35,115,2,3,0,14,0.366,0,0,0,0
245,22,3,1,0,33,0.5597,1,1,0,2
384,107,2,0,0,49,0.2837,1,0,0,1
378,45,3,1,0,29,0.4617,1,0,0,1
182,79,1,2,0,49,0.4873,0,0,0,0
130,85,4,0,0,49,0.5901,1,1,1,3
251,40,2,1,0,8,0.1783,0,0,0,0
155,14,0,3,0,55,0.4334,0,0,0,0
96,16,2,1,0,17,0.3357,1,1,0,2
170,80,1,3,0,27,0.3976,0,0,0,0
49,74,3,2,0,5,0.0809,0,0,0,0
297,73,4,0,0,16,0.7714,1,1,0,2
379,114,2,2,0,28,0.5369,1,0,0,1
300,90,3,0,0,12,0.0538,1,0,0,1
119,34,3,1,0,39,0.5636,1,1,0,2
203,41,3,0,0,32,0.3165,1,0,0,1
170,1,1,0,0,56,0.118,0,0,0,0
154,37,3,1,0,1,0.2009,1,0,0,1
277,12,4,2,1,48,0.1931,1,1,0,2
206,56,2,0,1,22,0.162,1,0,0,1
20,113,2,1,0,41,0.112,0,0,0,0
166,19,2,2,0,16,0.1736,0,0,0,0
239,44,1,0,0,24,0.148,0,0,0,0
314,6,1,1,0,10,0.2975,0,0,0,0
258,80,4,0,1,23,0.1435,1,1,1,3
142,61,3,3,0,13,0.1808,0,0,0,0
247,27,4,1,1,50,0.1598,1,1,0,2
242,52,4,0,1,58,0.2293,1,1,1,3
295,101,1,1,1,8,0.1809,0,0,0,0
212,48,1,1,1,49,0.3746,0,0,0,0
144,32,0,0,0,9,0.3037,1,0,0,1
346,41,3,2,0,56,0.3165,0,0,0,0
33,103,3,0,0,47,0.5137,1,0,0,1
201,101,2,3,0,33,0.4469,0,0,0,0
395,58,2,2,0,25,0.1279,0,0,0,0
314,114,2,1,0,32,0.0955,0,0,0,0
324,52,3,1,0,51,0.1498,0,0,0,0
12,45,0,2,0,19,0.0936,0,0,0,0
2,44,1,1,0,40,0.4393,0,0,0,0
286,80,5,3,0,31,0.2943,1,1,1,3
257,114,1,1,1,51,0.3425,1,0,0,1
266,58,0,2,0,39,0.3163,0,0,0,0
268,100,3,3,0,13,0.0748,0,0,0,0
179,0,3,2,0,13,0.3678,1,1,0,2
364,22,2,3,1,13,0.0987,0,0,0,0
49,18,2,2,0,2,0.632,0,0,0,0
357,103,5,3,0,0,0.4999,1,1,1,3
188,40,2,2,0,47,0.2567,0,0,0,0
343,72,1,1,0,13,0.08,0,0,0,0
66,21,1,1,0,7,0.3729,1,0,0,1
309,34,3,0,0,25,0.2498,1,0,0,1
85,66,2,3,0,17,0.4738,0,0,0,0
67,11,0,1,0,58,0.3582,0,0,0,0
128,38,3,3,0,17,0.5164,0,0,0,0
370,65,4,3,0,15,0.1416,1,1,0,2
84,30,2,0,1,39,0.5084,1,1,0,2
12,74,0,0,0,6,0.0976,1,0,0,1
161,38,2,0,1,5,0.2951,1,0,0,1
96,85,3,1,0,16,0.1576,1,1,1,3
365,38,3,3,0,7,0.3495,1,0,0,1
267,6,2,2,0,56,0.2548,0,0,0,0
332,62,6,1,0,48,0.2577,1,1,1,3
331,115,2,0,0,47,0.4608,0,0,0,0
232,43,2,1,0,28,0.2562,0,0,0,0
378,60,0,1,0,45,0.18,0,0,0,0
217,31,4,0,0,49,0.1494,1,1,1,3
269,81,3,3,0,18,0.2791,0,0,0,0
246,82,2,2,1,17,0.4293,0,0,0,0
294,99,1,2,1,22,0.0625,0,0,0,0
232,14,2,0,0,15,0.3813,1,1,0,2
308,95,2,1,0,47,0.3595,0,0,0,0
177,63,2,2,0,35,0.6205,1,0,0,1
197,103,3,3,0,36,0.7236,1,0,0,1
177,51,3,1,0,8,0.3256,1,0,0,1
124,79,2,1,0,50,0.3205,1,0,0,1
183,115,3,3,1,5,0.0964,0,0,0,0
372,32,1,0,0,28,0.1889,0,0,0,0
328,7,4,0,0,48,0.3423,1,1,1,3
326,108,1,2,0,20,0.0866,0,0,0,0
379,37,2,1,0,49,0.3809,1,0,0,1
219,116,7,0,1,58,0.2468,1,1,1,3
79,100,5,3,0,13,0.1288,1,1,1,3
35,14,1,0,0,53,0.3876,1,1,1,3
216,65,3,1,0,14,0.2475,1,1,0,2
226,67,2,3,0,48,0.0805,0,0,0,0
138,20,1,2,1,54,0.2453,0,0,0,0
6,98,5,2,0,39,0.2768,1,0,0,1
3,71,3,2,0,15,0.154,1,1,1,3
350,75,3,1,0,34,0.4384,1,1,0,2
259,73,2,0,1,17,0.1477,0,0,0,0
308,8,3,1,0,1,0.7381,1,1,0,2
82,65,2,0,0,27,0.0195,1,1,1,3
199,18,3,3,0,11,0.5395,1,0,0,1
261,78,2,1,0,2,0.2113,0,0,0,0
242,103,4,2,0,54,0.309,1,0,0,1
183,16,3,2,0,33,0.2022,0,0,0,0
6,100,3,1,0,33,0.0412,0,0,0,0
371,20,3,3,0,2,0.3397,0,0,0,0
128,8,4,3,0,51,0.2157,1,1,1,3
321,53,3,1,0,26,0.2546,1,1,1,3
377,110,4,0,1,42,0.1899,1,1,1,3
59,114,2,0,0,5,0.4272,1,0,0,1
151,102,1,3,1,31,0.3916,0,0,0,0
315,94,0,2,0,21,0.5047,0,0,0,0
237,110,2,0,0,33,0.3398,0,0,0,0
6,75,2,1,0,25,0.2178,1,0,0,1
226,98,5,3,1,19,0.1335,1,0,0,1
289,43,0,1,1,46,0.1256,0,0,0,0
87,82,2,1,0,29,0.1708,1,0,0,1
302,100,4,2,0,51,0.4354,0,0,0,0
214,75,2,0,0,56,0.2694,0,0,0,0
114,82,3,0,0,2,0.153,1,1,1,3
14,61,1,2,0,4,0.2188,0,0,0,0
353,82,2,0,1,55,0.1754,1,1,0,2
220,73,1,0,0,50,0.2582,0,0,0,0
21,84,3,1,1,9,0.1037,1,0,0,1
387,11,2,0,0,9,0.0884,1,1,0,2
259,15,1,3,1,20,0.6098,0,0,0,0
126,60,1,2,0,3,0.2494,1,0,0,1
308,23,4,1,0,21,0.4143,0,0,0,0
179,118,2,1,0,12,0.2626,0,0,0,0
46,53,1,2,0,20,0.3787,0,0,0,0
178,41,1,1,0,55,0.304,0,0,0,0
20,51,3,0,0,6,0.1585,1,1,1,3
179,15,4,2,0,53,0.2532,0,0,0,0
349,58,2,1,1,7,0.2309,0,0,0,0
379,74,2,3,0,10,0.3801,0,0,0,0
245,79,1,0,0,47,0.3747,1,0,0,1
270,79,1,2,0,26,0.1874,0,0,0,0
222,97,1,1,0,6,0.6717,0,0,0,0
98,7,3,0,0,52,0.182,1,1,0,2
344,83,3,0,0,10,0.432,0,0,0,0
375,63,3,1,1,41,0.1263,1,0,0,1
53,20,1,3,1,55,0.0414,0,0,0,0
319,49,2,3,0,15,0.0478,0,0,0,0
259,77,2,2,0,12,0.0968,1,0,0,1
129,62,3,3,0,52,0.2055,0,0,0,0
152,113,3,0,0,55,0.1718,0,0,0,0
181,53,3,1,0,58,0.2157,0,0,0,0
49,108,1,2,0,21,0.4299,0,0,0,0
86,69,2,2,1,56,0.2723,1,0,0,1
306,89,2,3,0,5,0.6576,0,0,0,0
303,48,0,0,1,33,0.1029,0,0,0,0
29,34,5,1,0,7,0.1651,1,1,1,3
9,30,1,3,1,33,0.177,0,0,0,0
136,97,2,0,0,30,0.578,1,1,0,2
146,92,5,1,0,27,0.0793,1,1,1,3
220,110,1,2,0,31,0.4629,1,0,0,1
223,85,5,1,1,34,0.2587,1,1,1,3
354,119,3,0,0,2,0.5529,1,1,1,3
11,6,3,2,1,38,0.5272,0,0,0,0
60,118,4,1,1,27,0.1631,1,1,1,3
136,106,2,1,1,14,0.2389,1,0,0,1
82,87,4,2,0,30,0.2175,0,0,0,0
307,93,0,2,0,20,0.1972,0,0,0,0
76,90,4,0,0,0,0.0398,1,1,1,3
6,37,4,1,0,29,0.4585,1,1,1,3
182,48,1,0,0,18,0.0758,0,0,0,0
370,4,3,3,0,19,0.2149,0,0,0,0
101,84,3,1,0,7,0.3046,0,0,0,0
200,58,1,0,1,48,0.1655,1,0,0,1
95,103,2,1,0,50,0.2945,0,0,0,0
53,89,4,3,0,41,0.3068,1,0,0,1
239,52,3,1,0,53,0.3955,0,0,0,0
234,56,3,1,0,10,0.18,1,1,0,2
370,63,3,0,0,37,0.1332,1,0,0,1
345,85,5,1,0,52,0.1444,1,1,1,3
396,61,2,0,0,48,0.063,0,0,0,0
22,19,3,0,0,37,0.261,0,0,0,0
68,101,1,1,1,14,0.1159,0,0,0,0
41,48,1,2,0,32,0.2498,0,0,0,0
97,22,1,0,0,5,0.3267,1,0,0,1
349,47,1,3,0,22,0.189,0,0,0,0
142,24,2,0,0,49,0.1316,0,0,0,0
21,15,3,2,0,19,0.4621,0,0,0,0
145,42,4,3,0,51,0.3258,1,0,0,1
16,66,3,0,0,26,0.3057,1,0,0,1
301,101,1,2,0,27,0.2325,0,0,0,0
42,103,2,2,0,18,0.169,0,0,0,0
108,99,1,0,0,4,0.4802,1,0,0,1
340,9,6,1,0,1,0.1297,1,0,0,1
128,32,1,3,1,58,0.3113,0,0,0,0
34,73,0,1,0,36,0.2007,0,0,0,0
303,110,1,2,0,44,0.3941,0,0,0,0
57,112,1,0,0,8,0.1483,0,0,0,0
60,14,1,3,0,34,0.2762,0,0,0,0
244,26,1,2,0,25,0.3236,1,0,0,1
273,77,6,0,1,59,0.2338,1,1,1,3
171,89,3,2,0,59,0.1467,1,0,0,1
171,2,3,2,0,49,0.079,1,0,0,1
365,96,3,1,0,21,0.0793,0,0,0,0
222,53,1,1,0,29,0.213,0,0,0,0
102,50,0,2,1,36,0.2798,0,0,0,0
352,119,2,0,1,32,0.4629,1,1,0,2
246,55,1,1,0,49,0.134,0,0,0,0
263,95,1,2,0,43,0.7036,0,0,0,0
32,80,3,0,0,17,0.5651,1,0,0,1
147,79,0,1,0,46,0.2789,0,0,0,0
269,30,3,3,0,16,0.4566,1,0,0,1
117,8,4,1,0,18,0.1017,1,1,0,2
217,72,2,3,0,16,0.094,0,0,0,0
112,119,4,0,1,17,0.2873,1,1,1,3
32,19,2,0,0,31,0.3087,1,1,1,3
222,97,1,1,0,36,0.2453,0,0,0,0
185,108,1,0,0,8,0.4453,1,0,0,1
40,113,0,1,0,28,0.5596,0,0,0,0
42,68,3,2,0,19,0.0666,1,0,0,1
232,116,4,3,0,7,0.4754,0,0,0,0
262,44,3,0,0,16,0.0583,0,0,0,0
115,30,2,2,0,24,0.3494,0,0,0,0
80,85,4,2,1,24,0.1106,1,1,0,2
302,87,4,0,0,35,0.4024,1,1,1,3
40,37,3,2,0,0,0.529,0,0,0,0
47,48,1,2,1,17,0.1648,0,0,0,0
171,21,2,1,1,32,0.1297,0,0,0,0
298,38,4,1,0,11,0.2372,1,1,1,3
373,66,0,0,0,33,0.338,0,0,0,0
340,104,5,1,0,2,0.0858,1,1,1,3
354,19,2,3,0,18,0.2874,0,0,0,0
33,110,0,2,0,30,0.5415,0,0,0,0
313,68,1,2,0,44,0.0783,0,0,0,0
128,83,2,2,0,47,0.3214,0,0,0,0
216,91,1,1,0,38,0.7275,0,0,0,0
56,20,3,0,0,9,0.1495,1,1,1,3
372,47,1,3,0,3,0.1875,0,0,0,0
341,107,2,1,0,13,0.1461,1,1,1,3
17,116,6,0,0,9,0.3509,1,1,1,3
229,34,2,1,0,37,0.1511,0,0,0,0
365,30,1,3,0,33,0.202,0,0,0,0
316,82,0,2,0,41,0.1989,0,0,0,0
123,88,1,2,0,35,0.2411,0,0,0,0
142,85,4,1,1,25,0.5037,1,1,1,3
123,93,3,2,0,56,0.0927,0,0,0,0
289,71,0,1,0,33,0.2297,0,0,0,0
155,73,3,3,1,52,0.272,0,0,0,0
177,77,6,0,0,28,0.3373,1,1,1,3
284,89,3,3,1,19,0.1352,1,0,0,1
66,108,2,0,0,49,0.2803,0,0,0,0
288,6,3,3,0,35,0.2377,1,0,0,1
258,27,5,3,1,39,0.3246,1,1,0,2
284,84,2,2,0,4,0.1234,0,0,0,0
214,50,1,1,0,56,0.2639,0,0,0,0
152,55,2,1,0,21,0.404,0,0,0,0
155,90,2,0,0,29,0.2205,1,1,0,2
40,61,3,3,0,24,0.2579,0,0,0,0
329,8,2,2,0,13,0.0748,1,0,0,1
377,51,4,1,0,12,0.1261,0,0,0,0
304,56,2,2,1,18,0.1596,1,1,0,2
260,57,1,0,0,37,0.2463,0,0,0,0
13,31,4,3,0,1,0.3052,1,1,1,3
363,72,3,2,0,49,0.5514,1,0,0,1
275,119,1,1,0,20,0.1659,0,0,0,0
67,55,1,1,0,51,0.1692,0,0,0,0
19,80,5,3,1,52,0.4046,1,0,0,1
354,28,1,1,0,29,0.1897,0,0,0,0
142,38,4,3,0,49,0.4498,1,1,1,3
227,79,0,2,0,11,0.183,0,0,0,0
280,35,5,1,1,40,0.3147,1,1,1,3
172,61,2,2,0,31,0.0578,0,0,0,0
361,107,2,0,0,10,0.4647,0,0,0,0
165,118,3,2,0,14,0.128,0,0,0,0
108,11,3,1,0,29,0.4804,1,0,0,1
111,9,5,3,0,0,0.3044,1,1,1,3
297,91,2,1,0,54,0.2061,0,0,0,0
66,70,1,2,0,6,0.4032,0,0,0,0
74,78,2,1,0,12,0.324,0,0,0,0
182,68,1,0,1,11,0.1377,1,0,0,1
358,20,2,0,0,49,0.168,1,0,0,1
141,13,0,1,0,27,0.166,0,0,0,0
38,80,4,1,0,19,0.0433,0,0,0,0
308,91,2,0,1,20,0.0253,1,1,1,3
311,87,3,1,0,15,0.2016,0,0,0,0
158,93,1,0,0,12,0.5815,1,1,0,2
201,24,1,3,0,11,0.3782,0,0,0,0
323,112,1,1,0,45,0.2869,1,0,0,1
117,65,6,2,0,1,0.1432,1,1,1,3
70,70,4,2,0,13,0.2366,1,1,1,3
4,45,5,0,0,57,0.0038,1,1,1,3
271,62,5,1,0,5,0.4871,1,1,1,3
225,12,3,2,0,55,0.2233,1,1,0,2
164,13,2,2,0,14,0.425,0,0,0,0
163,11,2,3,0,12,0.2547,1,0,0,1
0,31,1,3,1,6,0.3613,0,0,0,0
322,50,1,1,0,34,0.0983,1,0,0,1
275,3,1,2,0,47,0.2964,0,0,0,0
17,35,7,3,1,18,0.3111,1,1,1,3
43,51,2,0,1,25,0.251,1,1,0,2
268,119,4,0,0,58,0.4094,1,1,0,2
349,54,2,2,1,25,0.4361,1,0,0,1
33,43,2,1,0,49,0.2962,0,0,0,0
333,93,2,2,0,3,0.5822,1,0,0,1
242,74,6,1,0,38,0.4518,1,1,1,3
228,76,4,1,0,51,0.7082,1,1,0,2
311,59,2,3,0,49,0.2206,0,0,0,0
161,22,3,3,0,32,0.3356,1,0,0,1
52,85,3,0,0,18,0.3531,1,1,1,3
208,82,2,0,0,27,0.2133,1,0,0,1
48,98,8,2,0,13,0.1822,1,1,1,3
153,57,3,0,0,30,0.1568,1,1,0,2
370,18,4,3,0,31,0.1192,1,0,0,1
243,61,1,3,0,13,0.2666,1,0,0,1
185,97,2,0,1,42,0.0526,1,1,1,3
202,91,1,0,0,26,0.6152,1,0,0,1
205,1,3,2,0,10,0.4302,1,0,0,1
249,75,2,1,0,23,0.4307,1,1,0,2
349,54,2,2,1,54,0.2621,0,0,0,0
223,102,2,3,0,28,0.4249,0,0,0,0
105,98,2,1,0,4,0.3605,1,0,0,1
345,38,4,3,0,30,0.1985,1,0,0,1
180,83,3,0,0,30,0.728,1,0,0,1
75,118,2,1,0,59,0.1371,0,0,0,0
28,115,0,1,0,51,0.1817,0,0,0,0
66,1,1,3,0,22,0.0793,0,0,0,0
109,115,1,0,0,10,0.0986,0,0,0,0
310,69,2,1,0,8,0.1827,1,1,0,2
112,99,2,2,0,45,0.3824,0,0,0,0
238,43,2,2,0,33,0.0674,0,0,0,0
376,29,1,1,0,53,0.4451,0,0,0,0
193,60,0,1,1,21,0.5388,1,0,0,1
339,111,3,1,0,9,0.1481,1,1,0,2
67,59,2,1,0,59,0.1904,1,0,0,1
26,97,0,0,0,36,0.3152,0,0,0,0
393,42,2,3,0,38,0.111,0,0,0,0
262,83,1,0,1,36,0.2862,1,1,0,2
315,12,2,2,1,50,0.2098,1,0,0,1
192,2,3,1,0,35,0.4943,1,0,0,1
218,109,4,1,0,27,0.1519,1,1,1,3
203,55,3,2,0,4,0.163,1,1,0,2
177,111,5,0,0,59,0.1698,1,1,1,3
286,5,4,1,0,5,0.561,1,1,1,3
242,60,1,1,0,7,0.3607,0,0,0,0
291,42,4,2,0,6,0.4274,1,1,1,3
77,65,5,2,0,2,0.4283,1,1,0,2
260,90,3,3,0,39,0.5129,1,0,0,1
72,75,2,2,1,17,0.1636,1,0,0,1
397,39,3,3,0,17,0.0441,1,0,0,1
206,50,0,0,0,9,0.1283,0,0,0,0
101,44,4,0,0,31,0.0896,0,0,0,0
299,2,2,0,0,36,0.4026,0,0,0,0
5,63,2,0,0,15,0.235,0,0,0,0
389,95,1,2,1,58,0.4985,0,0,0,0
188,54,3,0,1,27,0.5099,1,1,0,2
128,102,1,3,1,53,0.4854,0,0,0,0
16,36,4,1,0,32,0.3378,1,1,0,2
12,81,0,3,1,35,0.1238,0,0,0,0
194,9,4,3,0,48,0.1979,1,0,0,1
23,52,4,2,1,6,0.3195,1,1,1,3
37,15,0,1,0,24,0.1945,0,0,0,0
263,69,1,1,0,25,0.0807,0,0,0,0
277,71,2,2,0,31,0.3313,0,0,0,0
66,18,2,0,0,15,0.3202,0,0,0,0
202,76,3,2,0,11,0.4931,1,0,0,1
219,21,3,1,1,53,0.6063,1,1,1,3
282,29,3,0,0,40,0.1201,0,0,0,0
352,16,0,2,1,56,0.0777,0,0,0,0
32,41,2,2,0,35,0.0628,1,0,0,1
150,34,2,1,1,47,0.3185,0,0,0,0
391,12,2,1,1,39,0.0821,0,0,0,0
24,101,3,3,1,36,0.3622,0,0,0,0
97,96,2,1,0,25,0.6407,0,0,0,0
218,77,4,0,0,13,0.0413,1,1,1,3
270,88,2,2,0,7,0.4337,0,0,0,0
391,41,3,1,0,39,0.0948,1,1,1,3
126,16,2,1,0,45,0.2392,0,0,0,0
347,8,1,0,1,54,0.2272,0,0,0,0
364,39,3,0,0,30,0.2427,1,1,1,3
289,45,1,1,0,41,0.2071,0,0,0,0
179,26,0,1,0,35,0.2628,0,0,0,0
189,8,4,2,1,32,0.5443,1,1,1,3
173,6,4,0,0,21,0.2526,1,1,1,3
295,47,1,1,1,33,0.2951,0,0,0,0
96,77,4,1,0,56,0.347,1,1,0,2
182,41,2,1,0,6,0.4358,0,0,0,0
163,43,2,1,0,47,0.2118,1,0,0,1
281,66,2,3,0,3,0.479,0,0,0,0
264,107,2,1,0,21,0.6647,1,0,0,1
215,25,4,0,0,35,0.3698,1,1,1,3
380,28,2,2,0,59,0.4798,0,0,0,0
66,105,1,0,0,28,0.299,1,0,0,1
344,45,4,0,0,28,0.1944,1,1,1,3
168,13,1,0,0,34,0.1393,0,0,0,0
244,20,1,3,1,15,0.3978,0,0,0,0
198,7,5,3,0,28,0.2956,1,0,0,1
359,35,3,1,0,45,0.3874,1,0,0,1
119,53,3,2,0,14,0.3484,0,0,0,0
65,25,3,0,0,10,0.4095,1,1,1,3
105,78,0,0,0,26,0.3704,0,0,0,0
384,33,4,2,0,57,0.3491,0,0,0,0
15,45,2,1,0,25,0.5147,1,0,0,1
351,29,6,0,0,56,0.3542,1,1,1,3
146,53,3,0,0,2,0.3946,1,1,1,3
327,11,5,0,0,30,0.4603,1,1,1,3
331,102,3,3,0,17,0.1366,0,0,0,0
177,34,5,0,0,13,0.2281,1,1,1,3
88,99,1,0,0,11,0.3275,0,0,0,0
215,63,2,0,0,56,0.1157,0,0,0,0
348,7,2,0,0,0,0.3629,1,0,0,1
154,17,1,1,0,56,0.339,0,0,0,0
258,52,2,1,0,48,0.324,1,0,0,1
388,43,1,2,0,37,0.3505,0,0,0,0
16,11,2,3,1,47,0.4596,0,0,0,0
88,116,4,1,0,41,0.3623,1,1,1,3
212,76,3,2,0,47,0.3197,1,1,0,2
297,117,1,0,0,43,0.0494,1,0,0,1
240,110,2,1,0,13,0.4645,1,0,0,1
313,15,1,1,0,57,0.1857,0,0,0,0
25,71,3,0,0,39,0.4826,1,0,0,1
295,20,2,1,0,46,0.2458,1,1,0,2
106,13,0,1,0,49,0.2368,0,0,0,0
79,29,5,2,0,14,0.5729,1,1,0,2
83,71,0,2,0,42,0.2139,0,0,0,0
134,61,1,0,0,7,0.5408,0,0,0,0
10,65,2,0,0,5,0.3257,1,0,0,1
252,77,5,0,0,58,0.2158,1,1,1,3
5,25,1,0,0,10,0.5606,0,0,0,0
3,99,0,1,1,17,0.3648,1,0,0,1
139,42,3,2,0,38,0.1089,0,0,0,0
78,51,1,1,1,26,0.4065,0,0,0,0
332,22,2,1,1,15,0.4419,1,0,0,1
301,22,1,2,0,30,0.3756,0,0,0,0
298,58,2,0,0,51,0.248,1,1,0,2
197,41,2,2,0,12,0.337,0,0,0,0
192,42,3,1,0,36,0.4462,0,0,0,0
59,60,0,1,0,8,0.8034,0,0,0,0
69,35,6,1,0,55,0.4135,1,1,1,3
76,93,1,1,0,42,0.2698,0,0,0,0
374,43,3,2,0,39,0.4738,0,0,0,0
50,37,2,2,0,56,0.2642,1,0,0,1
200,119,2,1,0,57,0.3746,0,0,0,0
87,107,1,0,0,43,0.3291,0,0,0,0
65,103,3,0,0,26,0.3519,1,1,1,3
230,66,3,1,1,28,0.7047,1,1,0,2
177,62,6,1,1,50,0.2787,1,1,1,3
213,72,1,0,0,19,0.3428,0,0,0,0
196,63,2,0,0,38,0.4189,1,1,0,2
210,91,1,1,0,8,0.4228,1,0,0,1
197,23,4,3,0,24,0.8073,0,0,0,0
192,87,2,1,0,41,0.1895,0,0,0,0
60,113,3,1,0,38,0.3315,1,1,0,2
111,113,3,1,0,25,0.193,1,0,0,1
134,15,1,3,0,25,0.3188,0,0,0,0
260,95,0,0,0,44,0.3088,0,0,0,0
203,12,5,0,0,20,0.2885,1,1,1,3
27,53,2,0,0,43,0.3577,0,0,0,0
318,40,0,3,0,33,0.3139,0,0,0,0
106,96,2,2,0,52,0.4679,0,0,0,0
15,87,4,1,0,10,0.4864,1,1,1,3
94,100,2,2,0,31,0.499,1,0,0,1
168,25,3,1,0,17,0.1871,1,0,0,1
232,118,2,2,0,49,0.0823,0,0,0,0
143,95,2,1,0,35,0.2145,1,0,0,1
276,76,4,2,0,42,0.0825,1,0,0,1
196,43,0,1,0,13,0.7208,0,0,0,0
55,58,1,1,0,38,0.2822,0,0,0,0
92,6,0,2,0,8,0.086,0,0,0,0
62,18,3,1,0,33,0.3034,0,0,0,0
211,58,4,0,0,1,0.205,1,1,1,3
275,1,1,1,1,13,0.2119,1,1,0,2
38,22,3,1,0,1,0.3332,1,0,0,1
47,103,2,2,0,57,0.4425,1,0,0,1
299,2,2,0,0,30,0.5928,0,0,0,0
353,23,3,0,0,55,0.0568,1,1,1,3
168,112,1,1,0,53,0.4901,0,0,0,0
179,77,4,1,0,37,0.2585,1,1,0,2
53,5,3,1,0,43,0.0607,0,0,0,0
267,78,3,1,0,19,0.6108,0,0,0,0
113,96,2,1,0,16,0.0239,1,0,0,1
337,86,4,2,0,39,0.3118,1,0,0,1
148,107,1,0,1,38,0.2373,1,0,0,1
125,113,3,2,0,32,0.376,0,0,0,0
119,21,0,1,1,58,0.2999,0,0,0,0
121,59,5,0,0,13,0.188,1,1,1,3
122,79,1,0,0,24,0.2905,1,0,0,1
350,108,3,1,0,2,0.1319,1,0,0,1
88,87,6,1,1,37,0.225,1,1,1,3
134,33,4,3,0,24,0.3976,1,1,0,2
266,91,3,2,0,38,0.3425,0,0,0,0
341,82,2,2,0,22,0.1356,1,0,0,1
9,23,3,3,0,25,0.1765,1,1,0,2
65,58,0,1,0,1,0.1625,0,0,0,0
100,72,3,2,0,42,0.0726,1,0,0,1
33,97,2,3,1,18,0.4572,1,0,0,1
225,68,1,3,0,37,0.5055,0,0,0,0
364,108,2,3,0,18,0.2776,0,0,0,0
140,44,3,1,0,57,0.1409,1,1,1,3
357,40,2,3,0,42,0.2568,0,0,0,0
91,4,4,0,0,10,0.2825,1,1,0,2
185,67,1,3,1,30,0.7212,0,0,0,0
202,90,3,2,0,53,0.1071,1,1,0,2
265,11,3,1,0,39,0.2088,0,0,0,0
252,86,5,1,0,25,0.0232,1,1,1,3
318,2,2,0,1,8,0.2032,1,0,0,1
294,22,2,3,0,25,0.341,1,0,0,1
169,42,3,1,0,34,0.1785,0,0,0,0
388,51,3,2,0,17,0.1649,0,0,0,0
115,85,2,0,0,16,0.2465,1,1,1,3
111,64,2,0,0,20,0.4741,0,0,0,0
334,18,3,2,0,40,0.4493,0,0,0,0
61,23,4,0,0,12,0.142,1,1,1,3
11,16,5,0,0,46,0.1586,1,1,1,3
183,93,1,2,0,18,0.1424,0,0,0,0
237,84,1,0,0,3,0.673,0,0,0,0
338,92,3,2,0,8,0.4386,0,0,0,0
197,25,3,3,1,10,0.4116,0,0,0,0
256,11,4,2,0,49,0.0181,0,0,0,0
84,15,2,3,0,28,0.1144,0,0,0,0
166,15,0,2,1,21,0.5689,0,0,0,0
51,58,2,1,0,0,0.3714,1,0,0,1
127,81,4,2,0,32,0.1525,0,0,0,0
294,114,4,2,1,19,0.3196,1,0,0,1
361,17,3,2,0,56,0.3425,0,0,0,0
67,23,1,2,1,39,0.073,0,0,0,0
178,20,1,3,1,26,0.1065,0,0,0,0
363,112,3,0,0,37,0.3276,1,1,1,3
5,62,1,3,0,14,0.3435,0,0,0,0
220,42,1,3,0,51,0.3575,0,0,0,0
321,32,2,0,0,44,0.3442,1,1,1,3
270,12,3,1,0,52,0.2639,0,0,0,0
170,77,0,2,0,53,0.5449,0,0,0,0
378,26,2,2,0,18,0.3801,0,0,0,0
294,9,2,0,1,39,0.0496,1,1,0,2
17,87,5,2,0,50,0.348,1,0,0,1
172,14,1,2,0,40,0.44,0,0,0,0
260,60,2,1,0,29,0.2115,0,0,0,0
151,28,2,2,0,31,0.3232,1,0,0,1
86,79,1,1,0,39,0.3166,0,0,0,0
27,53,2,0,0,35,0.1871,1,0,0,1
133,42,2,2,0,49,0.3355,0,0,0,0
60,76,4,0,0,2,0.5159,1,1,1,3
373,42,2,3,1,1,0.297,0,0,0,0
202,108,0,2,0,12,0.5075,0,0,0,0
222,22,2,1,0,27,0.1235,0,0,0,0
358,118,2,1,1,30,0.4627,1,1,0,2
227,92,1,0,0,39,0.3031,0,0,0,0
252,109,5,1,0,46,0.4158,1,0,0,1
348,87,3,1,0,19,0.1255,1,1,1,3
52,91,2,1,0,9,0.5825,0,0,0,0
96,23,4,3,1,18,0.4081,1,1,0,2
222,102,3,2,1,19,0.1492,0,0,0,0
95,96,1,1,0,40,0.1915,0,0,0,0
153,108,2,3,0,42,0.2924,0,0,0,0
22,33,3,0,0,27,0.4818,1,1,1,3
201,114,3,2,0,26,0.2729,0,0,0,0
39,35,7,1,0,11,0.2202,1,1,1,3
119,96,3,1,0,45,0.2118,0,0,0,0
393,29,3,2,0,37,0.5447,1,1,0,2
302,24,4,2,0,32,0.4312,0,0,0,0
303,1,1,0,0,50,0.2041,0,0,0,0
92,57,2,2,1,24,0.0808,0,0,0,0
357,80,4,0,0,14,0.2569,1,1,1,3
145,69,2,1,0,53,0.2672,1,1,0,2
127,72,2,2,0,17,0.5113,0,0,0,0
6,96,4,0,0,12,0.2719,1,1,1,3
37,10,1,2,0,41,0.822,0,0,0,0
368,28,1,0,0,16,0.4459,0,0,0,0
94,15,0,2,0,9,0.3591,0,0,0,0
248,116,2,0,0,10,0.5256,1,1,0,2
17,6,3,3,0,24,0.1818,0,0,0,0
212,50,0,1,0,39,0.2538,0,0,0,0
43,8,1,1,0,7,0.1813,0,0,0,0
139,7,3,1,0,49,0.0133,1,0,0,1
210,15,2,1,0,14,0.3326,0,0,0,0
161,46,1,3,0,11,0.1847,0,0,0,0
273,27,7,2,1,0,0.4231,1,1,1,3
65,101,1,3,0,24,0.3637,0,0,0,0
385,33,5,3,0,58,0.2255,0,0,0,0
214,57,1,1,0,13,0.2019,0,0,0,0
182,53,3,1,0,44,0.4158,0,0,0,0
164,88,1,1,0,53,0.8488,0,0,0,0
6,76,4,1,0,24,0.1635,1,1,0,2
314,53,1,0,0,29,0.5544,1,0,0,1
31,33,5,2,1,9,0.3571,1,1,1,3
278,42,6,2,0,52,0.1686,1,1,1,3
260,113,3,2,0,44,0.3314,0,0,0,0
17,107,4,2,1,57,0.3227,1,1,0,2
318,41,3,2,1,34,0.5235,1,1,0,2
73,119,5,3,0,23,0.3453,0,0,0,0
388,115,1,0,1,51,0.468,0,0,0,0
111,77,5,1,0,21,0.5422,1,1,1,3
310,44,2,1,0,3,0.2188,1,0,0,1
238,49,2,0,0,47,0.3607,0,0,0,0
206,102,3,2,0,29,0.2032,0,0,0,0
38,116,6,1,0,43,0.2712,1,1,1,3
194,78,3,2,0,13,0.2929,1,1,1,3
351,57,4,2,1,37,0.2759,0,0,0,0
368,0,1,2,0,38,0.3032,0,0,0,0
86,4,4,0,0,58,0.0631,1,1,1,3
50,88,0,1,0,46,0.1273,0,0,0,0
14,32,1,2,0,27,0.0858,0,0,0,0
159,29,4,0,0,24,0.2616,1,1,0,2
67,51,1,1,0,9,0.4511,0,0,0,0
258,50,0,1,1,48,0.3064,0,0,0,0
288,40,1,3,0,57,0.6328,0,0,0,0
70,31,3,0,1,49,0.2932,1,1,1,3
108,88,0,0,0,54,0.3383,0,0,0,0
153,82,0,0,0,52,0.2595,0,0,0,0
44,60,1,2,1,37,0.3793,0,0,0,0
125,110,3,2,0,19,0.2535,1,0,0,1
192,99,2,0,0,0,0.1825,1,0,0,1
349,76,4,3,1,43,0.3044,1,1,1,3
244,11,2,3,0,25,0.312,0,0,0,0
83,86,1,0,1,27,0.4992,0,0,0,0
305,67,2,2,0,59,0.4394,0,0,0,0
329,59,5,1,1,24,0.2432,1,1,1,3
317,116,4,2,0,31,0.2448,1,1,1,3
124,72,3,3,0,50,0.238,0,0,0,0
154,3,3,1,0,50,0.1557,1,1,0,2
358,65,2,0,1,35,0.1333,1,1,0,2
14,58,2,1,0,33,0.1894,1,1,0,2
209,15,1,2,0,15,0.7112,1,0,0,1
80,111,3,2,1,50,0.4551,0,0,0,0
190,22,3,1,1,6,0.138,1,1,0,2
286,31,3,3,0,37,0.219,0,0,0,0
61,48,2,0,1,50,0.4969,1,0,0,1
96,36,2,2,1,36,0.7447,1,1,1,3
109,40,0,3,0,29,0.2174,0,0,0,0
123,1,4,0,0,33,0.1319,1,1,1,3
367,82,1,0,0,4,0.1458,0,0,0,0
116,0,1,3,0,6,0.199,0,0,0,0
177,27,7,2,0,4,0.235,1,1,1,3
376,80,3,0,0,5,0.5096,1,1,0,2
144,85,2,2,0,54,0.0846,0,0,0,0
369,31,4,2,0,13,0.7918,1,0,0,1
334,81,2,1,1,41,0.4756,0,0,0,0
108,75,4,1,0,25,0.0757,1,1,1,3
235,71,2,1,0,50,0.3157,0,0,0,0
90,52,2,1,1,50,0.4157,0,0,0,0
232,20,2,3,0,6,0.1071,0,0,0,0
167,64,0,3,0,40,0.3054,0,0,0,0
19,104,5,2,0,15,0.2228,1,1,1,3
194,80,5,0,0,54,0.1213,1,1,0,2
232,46,1,3,0,38,0.2247,0,0,0,0
220,92,2,0,0,1,0.1753,0,0,0,0
171,97,2,2,0,46,0.1477,0,0,0,0
354,70,2,1,1,9,0.1452,1,1,0,2
322,97,2,0,0,10,0.4136,0,0,0,0
185,114,1,1,0,52,0.3818,0,0,0,0
55,76,3,1,0,46,0.3044,1,1,0,2
75,13,3,0,0,56,0.0648,1,1,0,2
264,61,3,0,1,21,0.1423,1,1,1,3
84,46,1,3,0,17,0.1455,0,0,0,0
388,90,6,0,0,21,0.2745,1,1,1,3
93,68,3,0,0,53,0.4121,1,1,1,3
4,42,6,2,0,1,0.4275,1,1,1,3
89,119,5,3,0,38,0.2536,0,0,0,0
168,41,1,0,1,25,0.1197,1,1,0,2
250,96,4,2,0,47,0.6593,1,1,1,3
300,50,0,1,0,34,0.1242,0,0,0,0
157,67,2,0,0,28,0.7245,0,0,0,0
219,4,6,0,0,53,0.4651,1,1,1,3
48,52,5,0,0,37,0.3442,1,1,1,3
359,115,4,2,0,58,0.4235,1,0,0,1
194,36,3,2,0,26,0.395,1,1,1,3
287,52,3,1,0,20,0.2395,1,1,1,3
73,14,2,3,0,48,0.2681,1,1,0,2
348,1,3,0,1,35,0.2642,0,0,0,0
49,109,1,0,1,12,0.5275,1,1,0,2
362,97,2,0,0,21,0.2695,1,0,0,1
345,102,1,3,0,37,0.4528,0,0,0,0
50,84,1,1,0,54,0.4153,0,0,0,0
145,100,3,3,1,30,0.0576,1,0,0,1
94,60,0,0,0,8,0.2516,1,1,0,2
291,95,1,1,0,23,0.0883,0,0,0,0
205,92,5,2,0,4,0.2953,1,1,0,2
30,57,3,2,1,52,0.2745,1,0,0,1
335,119,3,0,1,18,0.2263,1,1,0,2
249,46,2,3,0,4,0.3971,0,0,0,0
50,72,3,3,0,37,0.0527,1,0,0,1
208,119,4,0,0,20,0.0235,1,1,1,3
159,116,6,1,0,56,0.4482,1,1,1,3
1,35,4,1,0,36,0.199,1,1,1,3
188,23,5,2,1,10,0.577,1,1,1,3
197,14,0,3,0,37,0.0526,0,0,0,0
395,5,2,2,0,23,0.1764,1,0,0,1
290,32,2,2,0,27,0.1163,0,0,0,0
310,86,3,3,0,41,0.205,0,0,0,0
353,80,2,3,1,42,0.1725,0,0,0,0
29,102,2,3,0,36,0.1334,0,0,0,0
177,10,3,2,0,29,0.1993,1,0,0,1
21,64,2,2,0,28,0.2862,0,0,0,0
382,44,1,1,0,53,0.2071,0,0,0,0
340,16,3,1,1,32,0.2186,1,1,1,3
285,70,3,0,0,16,0.2665,1,0,0,1
371,43,2,1,0,27,0.4774,0,0,0,0
361,97,2,2,0,49,0.079,0,0,0,0
149,99,1,1,0,28,0.1786,0,0,0,0
2,39,2,2,0,11,0.3509,0,0,0,0
172,103,2,2,0,6,0.5132,1,0,0,1
141,71,1,1,0,23,0.1526,0,0,0,0
77,76,6,2,1,42,0.5573,1,1,1,3
16,9,5,0,0,3,0.434,1,1,1,3
318,28,2,2,1,20,0.3999,1,0,0,1
374,91,3,2,0,40,0.2007,0,0,0,0
263,0,1,1,0,18,0.2863,0,0,0,0
66,62,3,0,0,32,0.5561,1,1,1,3
368,20,0,2,0,39,0.3023,0,0,0,0
163,36,1,1,0,55,0.1625,0,0,0,0
42,4,2,1,0,17,0.5505,1,0,0,1
95,73,2,1,1,57,0.3339,1,0,0,1
262,55,1,2,0,35,0.0322,0,0,0,0
158,113,1,0,0,3,0.3479,0,0,0,0
205,79,1,0,0,56,0.173,0,0,0,0
145,97,2,3,0,13,0.23,0,0,0,0
393,39,3,0,0,25,0.048,1,0,0,1
219,67,3,3,0,21,0.0907,0,0,0,0
362,30,2,3,0,40,0.5464,1,0,0,1
131,75,2,1,0,21,0.1561,0,0,0,0
132,63,3,3,1,13,0.1751,1,1,1,3
30,105,5,1,0,24,0.1842,1,1,1,3
71,31,1,3,0,34,0.2143,0,0,0,0
154,61,2,2,1,35,0.2279,1,0,0,1
5,78,2,1,1,23,0.1359,1,1,1,3
100,38,3,2,0,26,0.3473,0,0,0,0
147,23,5,3,0,6,0.2383,1,1,1,3
323,16,3,1,0,44,0.3878,1,0,0,1
180,95,2,1,1,43,0.0926,1,0,0,1
110,2,5,0,0,10,0.1418,1,1,1,3
248,80,4,0,0,8,0.2023,1,1,1,3
367,79,2,2,0,16,0.2304,0,0,0,0
222,39,4,2,0,8,0.1536,0,0,0,0
112,107,3,1,0,3,0.4977,1,1,1,3
383,69,2,1,1,29,0.048,0,0,0,0
53,36,3,1,0,7,0.1784,0,0,0,0
156,20,1,2,0,4,0.4045,0,0,0,0
173,98,4,0,0,19,0.3803,1,0,0,1
154,38,2,2,0,5,0.1477,0,0,0,0
72,81,3,3,0,22,0.2456,0,0,0,0
82,94,2,2,1,40,0.2907,0,0,0,0
373,36,2,1,0,51,0.2535,1,0,0,1
211,116,7,2,0,40,0.2942,1,1,1,3
185,117,1,3,1,56,0.3143,0,0,0,0
117,10,3,1,0,10,0.1374,1,1,1,3
99,37,3,1,0,20,0.5383,0,0,0,0
7,14,1,2,0,7,0.1573,0,0,0,0
382,21,0,0,0,48,0.5136,1,0,0,1
219,61,3,3,0,59,0.4099,0,0,0,0
24,1,5,0,0,3,0.3343,1,1,1,3
7,41,2,1,0,46,0.1974,0,0,0,0
34,26,0,1,0,58,0.4241,0,0,0,0
266,13,0,2,0,39,0.1548,0,0,0,0
343,101,1,2,0,6,0.2041,0,0,0,0
341,2,2,1,0,1,0.1085,1,0,0,1
317,92,3,1,0,40,0.2693,0,0,0,0
89,84,2,1,0,20,0.4971,0,0,0,0
199,5,2,1,1,7,0.1899,1,0,0,1
208,87,6,1,0,48,0.4105,1,1,1,3
69,99,3,1,1,59,0.1626,1,0,0,1
277,79,1,1,0,56,0.1284,0,0,0,0
67,15,2,1,0,51,0.2205,0,0,0,0
316,114,2,0,0,54,0.2911,0,0,0,0
13,103,6,0,0,12,0.6661,1,1,1,3
129,84,1,2,0,25,0.4434,0,0,0,0
297,13,2,1,0,20,0.0229,1,1,0,2
49,112,1,1,0,8,0.0277,0,0,0,0
165,85,4,2,0,22,0.1248,1,1,1,3
39,84,2,1,0,29,0.2898,1,0,0,1
134,118,2,2,0,52,0.22,0,0,0,0
326,52,2,1,0,59,0.526,1,1,0,2
75,8,1,1,1,15,0.6429,0,0,0,0
92,23,3,2,0,22,0.4806,0,0,0,0
317,112,2,1,1,47,0.0893,1,0,0,1
63,40,1,1,1,49,0.1262,0,0,0,0
206,17,0,1,0,21,0.341,0,0,0,0
29,113,3,1,0,33,0.1536,1,0,0,1
175,47,1,3,0,22,0.3382,0,0,0,0
269,83,2,2,0,2,0.3085,0,0,0,0
25,25,5,1,1,0,0.4062,1,1,1,3
263,71,1,1,0,18,0.3852,0,0,0,0
292,65,3,3,0,42,0.3801,1,0,0,1
139,2,2,2,0,19,0.3583,0,0,0,0
110,48,3,3,0,59,0.0667,0,0,0,0
345,113,3,1,0,13,0.2381,0,0,0,0
307,84,2,2,1,21,0.4526,1,0,0,1
324,14,1,3,1,55,0.3939,0,0,0,0
350,72,2,2,0,28,0.1391,1,0,0,1
303,110,1,2,0,17,0.1386,1,0,0,1
367,77,3,2,0,16,0.0711,1,1,1,3
295,7,2,2,1,39,0.1984,0,0,0,0
253,72,2,3,1,31,0.1114,0,0,0,0
394,46,2,1,0,12,0.0686,1,0,0,1
243,104,2,1,0,34,0.2011,0,0,0,0
235,54,2,0,1,18,0.4419,1,0,0,1
55,28,1,1,0,20,0.0971,1,0,0,1
293,48,1,1,0,7,0.4226,0,0,0,0
222,99,3,0,0,9,0.388,1,1,1,3
96,97,2,0,0,43,0.707,1,0,0,1
114,112,2,2,0,40,0.4347,0,0,0,0
18,30,3,3,0,53,0.157,1,0,0,1
311,111,3,2,0,48,0.0709,1,1,1,3
54,82,1,3,0,25,0.0941,0,0,0,0
54,90,4,0,0,42,0.4874,1,1,1,3
388,81,2,3,0,34,0.4776,0,0,0,0
23,102,3,0,0,48,0.2149,1,1,0,2
233,84,3,1,0,45,0.4422,0,0,0,0
166,43,1,0,0,33,0.178,0,0,0,0
137,26,1,0,0,4,0.3191,0,0,0,0
97,28,1,2,0,51,0.3075,0,0,0,0
34,76,3,2,0,24,0.3075,1,0,0,1
292,75,2,1,1,31,0.4466,1,1,1,3
326,67,0,1,0,15,0.1804,0,0,0,0
92,104,2,0,1,57,0.5373,1,0,0,1
312,102,1,0,0,46,0.1829,0,0,0,0
142,49,3,0,0,25,0.071,1,0,0,1
49,95,0,1,0,43,0.3162,0,0,0,0
31,32,2,1,0,16,0.221,1,0,0,1
69,78,1,0,0,59,0.1844,0,0,0,0
192,23,4,2,0,14,0.2943,1,0,0,1
176,20,2,1,0,22,0.18,1,0,0,1
348,95,2,0,1,27,0.4742,1,1,1,3
308,119,3,1,0,30,0.3598,1,0,0,1
259,37,2,1,0,4,0.0814,1,0,0,1
203,61,3,1,0,39,0.1826,0,0,0,0
294,68,2,0,0,57,0.1895,1,0,0,1
51,79,0,0,0,32,0.451,0,0,0,0
382,47,1,1,0,1,0.5179,0,0,0,0
318,71,1,2,1,12,0.1475,0,0,0,0
152,19,4,1,0,27,0.4111,1,1,1,3
269,83,2,2,0,31,0.2407,0,0,0,0
9,116,3,0,0,15,0.2089,1,1,0,2
113,37,2,0,0,49,0.0449,1,1,0,2
364,62,5,3,0,42,0.1988,1,1,1,3
97,15,2,0,0,59,0.2558,0,0,0,0
106,68,1,0,0,1,0.1917,0,0,0,0
85,33,4,0,0,51,0.499,1,1,1,3
267,50,0,0,0,1,0.2249,1,0,0,1
46,45,0,2,1,17,0.0729,0,0,0,0
308,48,2,1,1,13,0.3647,1,0,0,1
172,55,1,1,1,53,0.0702,0,0,0,0
341,19,2,1,0,14,0.4158,0,0,0,0
232,50,1,2,0,48,0.0496,0,0,0,0
142,67,2,3,0,50,0.3784,0,0,0,0
282,62,3,1,0,34,0.2595,1,1,1,3
148,14,2,1,0,29,0.1202,0,0,0,0
207,27,8,0,0,3,0.7149,1,1,1,3
78,54,3,2,0,53,0.1962,0,0,0,0
297,86,3,3,0,23,0.1852,0,0,0,0
169,101,1,1,0,59,0.262,0,0,0,0
220,85,1,2,0,2,0.29,0,0,0,0
22,119,3,3,0,16,0.3996,0,0,0,0
129,42,3,3,0,39,0.3491,0,0,0,0
376,109,2,2,0,3,0.5081,0,0,0,0
157,26,1,2,0,47,0.1317,0,0,0,0
151,93,2,1,0,0,0.1546,0,0,0,0
4,4,6,2,0,14,0.2836,1,1,1,3
283,26,1,0,0,18,0.1514,0,0,0,0
348,46,1,3,1,24,0.0785,0,0,0,0
76,51,1,2,1,47,0.3007,1,0,0,1
324,50,1,1,1,38,0.5032,0,0,0,0
39,100,5,2,1,50,0.4052,1,1,1,3
143,21,0,1,1,32,0.2197,0,0,0,0
271,114,3,0,0,17,0.3183,1,0,0,1
85,7,2,3,0,56,0.3831,0,0,0,0
208,83,2,1,0,51,0.1799,0,0,0,0
177,8,4,2,0,41,0.2894,0,0,0,0
155,15,1,0,1,42,0.326,0,0,0,0
282,105,2,1,1,14,0.3997,1,1,1,3
32,90,3,0,0,56,0.2335,1,0,0,1
269,16,3,1,0,58,0.3296,0,0,0,0
214,1,2,1,0,39,0.3026,0,0,0,0
126,115,2,0,0,59,0.452,1,0,0,1
44,81,2,3,0,14,0.18,0,0,0,0
211,41,4,0,0,17,0.2076,1,1,1,3
96,57,3,3,0,33,0.286,1,1,0,2
291,51,3,0,0,24,0.0348,0,0,0,0
90,96,1,1,0,9,0.1208,0,0,0,0
7,84,1,0,0,19,0.3988,1,0,0,1
367,46,2,3,0,47,0.3798,0,0,0,0
153,71,0,1,0,56,0.5246,0,0,0,0
28,24,0,1,0,37,0.2636,0,0,0,0
69,66,3,1,0,38,0.239,1,1,1,3
160,23,2,3,0,36,0.189,0,0,0,0
301,80,4,2,1,15,0.3671,1,1,1,3
350,42,5,1,0,59,0.1621,1,1,1,3
13,73,5,0,0,37,0.2441,1,1,1,3
295,18,3,1,0,30,0.3974,1,1,0,2
372,12,2,1,0,43,0.0618,1,0,0,1
156,40,1,1,0,21,0.0936,0,0,0,0
61,53,2,1,1,48,0.523,1,0,0,1
141,9,2,2,1,6,0.1994,1,0,0,1
264,67,2,0,0,13,0.1618,0,0,0,0
137,43,2,1,0,52,0.2585,0,0,0,0
134,19,2,3,0,39,0.6911,0,0,0,0
251,44,3,0,0,4,0.1675,1,1,1,3
17,84,3,1,0,17,0.5438,1,0,0,1
98,115,2,3,0,32,0.156,0,0,0,0
6,104,2,0,1,12,0.2414,1,0,0,1
206,55,1,1,0,15,0.2296,0,0,0,0
385,34,4,2,0,18,0.1627,0,0,0,0
121,0,3,0,0,17,0.2242,1,1,1,3
302,52,4,1,0,48,0.1469,1,1,1,3
70,111,3,1,0,34,0.2841,1,0,0,1
184,100,4,1,0,46,0.1589,1,0,0,1
322,27,6,3,0,0,0.155,1,1,1,3
116,4,2,3,1,15,0.4793,1,0,0,1
16,67,1,0,0,40,0.1959,0,0,0,0
121,71,0,2,0,43,0.2112,0,0,0,0
315,67,1,3,0,31,0.1902,0,0,0,0
138,93,0,1,0,0,0.2306,0,0,0,0
144,13,1,1,1,35,0.0918,0,0,0,0
126,4,4,0,0,1,0.5551,1,1,1,3
367,78,3,1,0,39,0.1009,0,0,0,0
342,23,4,2,0,41,0.3167,0,0,0,0
47,64,1,1,0,32,0.1226,0,0,0,0
9,88,0,1,0,40,0.3613,0,0,0,0
180,43,2,0,0,31,0.3911,1,0,0,1
97,34,2,1,0,11,0.2449,1,1,0,2
390,104,2,1,0,0,0.5284,1,0,0,1
260,65,3,3,0,39,0.2338,0,0,0,0
96,59,4,0,0,55,0.1895,1,1,1,3
141,92,1,2,0,19,0.3699,0,0,0,0
88,88,1,0,0,13,0.4984,1,1,1,3
74,117,2,2,0,54,0.4925,1,0,0,1
230,94,2,0,0,52,0.3039,1,0,0,1
286,85,4,2,0,44,0.2728,0,0,0,0
18,38,1,3,0,15,0.1355,0,0,0,0
190,78,0,1,0,52,0.2894,0,0,0,0
80,60,1,1,0,7,0.0928,0,0,0,0
383,54,2,0,0,2,0.1703,1,0,0,1
153,5,2,1,0,31,0.2153,0,0,0,0
321,31,1,3,0,28,0.3282,0,0,0,0
237,15,1,1,0,3,0.0973,1,0,0,1
241,34,5,1,1,31,0.3692,1,1,1,3
187,58,2,1,0,41,0.3025,1,0,0,1
350,29,2,0,0,42,0.3691,0,0,0,0
327,59,4,0,0,56,0.304,1,1,1,3
224,119,4,1,0,57,0.0632,1,1,0,2
153,104,3,2,0,32,0.508,1,0,0,1
17,6,3,3,0,51,0.1395,0,0,0,0
183,112,1,2,1,13,0.3171,0,0,0,0
42,89,1,1,0,13,0.3889,0,0,0,0
128,32,1,3,1,3,0.3241,1,0,0,1
274,87,3,1,0,4,0.1253,1,0,0,1
12,45,0,2,0,23,0.2431,0,0,0,0
388,77,4,1,0,7,0.4881,1,1,1,3
371,62,5,3,0,8,0.1874,1,1,1,3
363,100,4,1,0,16,0.3603,1,1,0,2
77,71,1,0,0,3,0.3393,1,0,0,1
359,62,2,2,1,39,0.4256,0,0,0,0
110,50,0,1,0,10,0.5142,0,0,0,0
206,57,3,2,1,14,0.4363,1,1,1,3
261,97,1,1,1,31,0.2361,1,0,0,1
256,82,2,1,1,59,0.6372,0,0,0,0
208,8,2,0,0,1,0.057,1,1,0,2
280,92,3,1,0,37,0.1703,0,0,0,0
32,116,4,0,1,26,0.3708,1,1,1,3
245,69,2,1,0,51,0.3027,0,0,0,0
312,20,1,3,0,10,0.1607,0,0,0,0
205,62,5,1,0,2,0.2197,1,1,1,3
349,99,3,2,1,17,0.1515,1,1,0,2
104,89,2,1,0,52,0.2555,1,0,0,1
321,16,2,2,0,34,0.7991,0,0,0,0
278,70,1,0,0,31,0.1282,0,0,0,0
45,34,3,1,0,26,0.1704,0,0,0,0
46,56,1,1,0,53,0.0123,0,0,0,0
252,1,5,2,0,42,0.3014,1,0,0,1
282,60,1,1,1,22,0.6556,1,1,0,2
114,86,3,3,0,2,0.5272,0,0,0,0
108,33,3,1,0,4,0.2189,0,0,0,0
17,90,6,0,0,29,0.4569,1,1,1,3
285,30,2,1,0,3,0.2293,1,0,0,1
94,11,1,2,0,2,0.4068,0,0,0,0
33,100,3,3,0,41,0.1773,0,0,0,0
98,87,4,1,0,25,0.2412,0,0,0,0
1,34,4,1,1,30,0.1209,1,1,1,3
251,37,4,0,0,44,0.0953,1,1,1,3
329,102,3,2,0,33,0.1905,0,0,0,0
192,93,1,0,0,38,0.24,0,0,0,0
185,29,3,1,0,29,0.2979,0,0,0,0
196,115,2,3,0,18,0.0913,1,0,0,1
314,92,2,1,0,2,0.1066,1,0,0,1
141,37,2,1,0,17,0.0385,0,0,0,0
173,23,4,0,0,12,0.3304,1,1,1,3
298,119,5,1,0,13,0.275,0,0,0,0
93,116,4,3,1,31,0.3407,1,1,0,2
317,94,2,0,0,37,0.3082,1,1,1,3
186,46,1,0,0,16,0.2302,0,0,0,0
144,45,1,1,0,37,0.1758,0,0,0,0
0,35,5,0,0,57,0.314,1,1,1,3
326,31,3,2,0,0,0.4887,1,0,0,1
48,75,3,1,0,16,0.3481,0,0,0,0
331,60,1,2,0,35,0.2763,0,0,0,0
190,91,4,1,1,26,0.174,1,1,1,3
239,35,6,1,0,52,0.2324,1,1,1,3
372,61,2,0,0,26,0.1705,1,1,0,2
49,59,3,2,0,56,0.0523,1,0,0,1
140,46,1,3,0,11,0.438,0,0,0,0
127,84,3,0,0,0,0.3047,0,0,0,0
61,48,2,0,1,32,0.0693,0,0,0,0
222,16,3,0,0,27,0.2959,1,1,0,2
351,116,6,1,0,45,0.0961,1,1,1,3
382,114,1,0,0,35,0.3381,1,0,0,1
344,90,4,2,1,31,0.5315,1,0,0,1
391,25,4,2,0,39,0.4896,1,1,1,3
117,8,4,1,0,49,0.2397,1,1,0,2
120,7,4,0,0,33,0.2922,1,1,1,3
74,40,2,2,0,33,0.5348,1,1,0,2
288,45,3,2,1,19,0.241,1,1,0,2
305,12,5,1,0,35,0.3825,1,1,0,2
265,105,4,1,0,56,0.277,1,1,0,2
200,93,2,1,1,12,0.5675,1,1,0,2
186,51,3,2,0,2,0.3977,1,0,0,1
276,80,3,2,0,53,0.3542,1,1,0,2
372,106,1,2,0,40,0.2885,0,0,0,0
9,28,1,2,0,59,0.3168,0,0,0,0
358,28,1,2,0,2,0.2968,0,0,0,0
128,35,4,3,1,31,0.1854,1,1,0,2
343,58,1,0,0,17,0.1131,0,0,0,0
115,22,0,1,0,57,0.2864,0,0,0,0
356,115,2,1,0,8,0.3792,0,0,0,0
133,66,1,1,0,19,0.2643,0,0,0,0
195,35,6,3,0,57,0.4278,1,1,0,2
78,7,3,0,1,8,0.4682,1,1,1,3
23,20,2,3,0,54,0.2078,0,0,0,0
9,116,3,0,0,16,0.5755,1,1,0,2
44,78,0,2,1,35,0.367,0,0,0,0
368,89,2,2,0,47,0.387,0,0,0,0
398,107,2,1,1,14,0.3066,1,0,0,1
111,89,3,0,0,11,0.3922,1,1,1,3
168,28,1,0,1,17,0.3118,1,1,0,2
70,6,2,3,1,5,0.1517,0,0,0,0
141,100,1,1,1,0,0.1042,1,0,0,1
141,112,1,0,0,40,0.3576,0,0,0,0
186,94,1,2,0,8,0.0524,0,0,0,0
29,0,5,0,1,6,0.2751,1,1,1,3
356,37,3,1,0,3,0.3444,1,0,0,1
85,27,4,3,0,24,0.4968,1,0,0,1
207,88,2,2,0,37,0.1756,0,0,0,0
115,109,2,1,0,32,0.2348,0,0,0,0
353,37,2,1,0,31,0.0786,0,0,0,0
284,45,5,1,0,47,0.3704,1,1,1,3
115,21,1,0,0,58,0.1228,0,0,0,0
316,56,1,0,0,6,0.3098,0,0,0,0
214,91,3,0,1,58,0.2471,1,1,0,2
255,56,3,2,0,16,0.4648,0,0,0,0
276,16,4,1,0,17,0.2368,1,1,0,2
118,97,2,2,0,47,0.2433,0,0,0,0
273,111,3,0,1,41,0.2326,1,1,1,3
62,2,3,1,1,21,0.1785,1,1,1,3
10,74,4,0,0,59,0.308,1,1,1,3
317,50,1,1,0,16,0.2201,0,0,0,0
393,36,0,1,0,21,0.4288,0,0,0,0
164,110,2,1,0,26,0.5593,0,0,0,0
223,69,1,2,0,13,0.0858,0,0,0,0
19,99,3,2,0,18,0.2499,1,0,0,1
68,101,1,1,1,24,0.1645,1,1,0,2
13,95,2,0,0,59,0.1424,0,0,0,0
90,60,0,2,0,3,0.2669,0,0,0,0
7,119,3,2,0,45,0.7303,0,0,0,0
388,24,1,0,0,26,0.7094,1,0,0,1
170,30,1,0,0,56,0.1315,1,0,0,1
236,85,2,2,0,45,0.066,0,0,0,0
98,5,4,1,1,19,0.435,1,1,1,3
364,34,5,2,0,2,0.1545,1,1,1,3
196,38,3,0,1,38,0.2469,1,0,0,1
332,44,3,1,1,27,0.1022,1,0,0,1
109,35,3,3,0,50,0.1957,1,0,0,1
82,90,3,0,0,28,0.0849,1,0,0,1
150,88,2,1,0,30,0.4284,0,0,0,0
155,73,3,3,1,33,0.117,1,0,0,1
254,45,3,1,1,23,0.4637,1,1,1,3
178,84,0,2,1,40,0.2803,0,0,0,0
230,117,1,1,0,32,0.5895,1,0,0,1
230,33,4,2,0,25,0.4696,1,1,1,3
374,43,3,2,0,1,0.2038,1,0,0,1
109,41,2,2,1,6,0.1243,1,0,0,1
245,39,3,2,0,40,0.2177,1,0,0,1
75,7,4,1,0,2,0.5248,1,1,0,2
181,39,4,2,1,45,0.3772,1,0,0,1
16,116,5,3,0,21,0.305,1,0,0,1
112,102,1,0,0,51,0.2238,1,0,0,1
307,53,1,1,0,23,0.2212,0,0,0,0
226,10,1,3,0,57,0.1105,0,0,0,0
203,16,3,1,0,19,0.2621,1,0,0,1
167,99,1,2,0,8,0.1191,0,0,0,0
40,101,1,0,0,21,0.1582,0,0,0,0
322,19,4,0,0,42,0.3827,1,1,1,3
131,28,1,1,0,0,0.2542,0,0,0,0
397,61,1,3,0,45,0.106,0,0,0,0
82,43,1,2,0,50,0.1042,0,0,0,0
348,43,2,1,0,40,0.3199,1,0,0,1
355,22,2,1,1,6,0.3367,1,0,0,1
190,97,2,1,1,43,0.4763,1,0,0,1
325,99,4,0,0,14,0.3114,1,0,0,1
72,19,3,0,0,55,0.2806,1,1,0,2
29,97,2,0,1,45,0.0764,1,0,0,1
199,19,3,3,0,54,0.0966,0,0,0,0
192,102,3,2,0,11,0.1705,0,0,0,0
308,51,0,0,1,6,0.2373,1,1,0,2
171,108,1,2,1,19,0.2765,0,0,0,0
331,7,3,3,0,9,0.1015,0,0,0,0
322,33,4,0,0,10,0.1943,1,1,1,3
232,18,5,3,0,54,0.4078,1,1,0,2
159,91,3,1,0,9,0.3634,1,0,0,1
374,63,3,3,0,1,0.7374,0,0,0,0
102,61,2,0,0,23,0.157,0,0,0,0
51,11,2,1,0,33,0.1815,1,0,0,1
362,71,3,2,1,38,0.1614,0,0,0,0
133,118,1,1,0,57,0.2607,0,0,0,0
141,7,1,2,0,10,0.5241,0,0,0,0
53,73,4,0,0,26,0.1304,1,1,1,3
15,95,2,2,0,25,0.2444,0,0,0,0
112,111,3,2,1,15,0.1705,1,1,1,3
258,95,1,3,0,7,0.1689,0,0,0,0
279,103,2,1,0,9,0.2836,1,1,0,2
248,23,4,3,0,47,0.2609,0,0,0,0
245,104,3,0,1,48,0.1851,1,1,1,3
357,62,4,0,0,18,0.1579,1,1,1,3
100,75,2,1,0,34,0.3002,1,0,0,1
51,22,3,1,0,14,0.6357,1,0,0,1
267,32,1,2,0,49,0.0814,1,0,0,1
81,32,1,1,0,17,0.5927,0,0,0,0
141,29,2,0,1,24,0.6141,0,0,0,0
11,81,4,2,0,11,0.5375,1,1,1,3
69,96,4,1,0,0,0.0705,1,0,0,1
234,84,2,1,1,2,0.3427,0,0,0,0
70,49,2,0,0,32,0.085,0,0,0,0
230,5,3,0,0,23,0.2986,1,1,0,2
292,44,3,1,0,3,0.3854,1,1,0,2
312,45,1,1,0,58,0.134,0,0,0,0
398,77,5,2,0,7,0.1693,1,1,0,2
365,74,5,0,0,22,0.4607,1,1,1,3
264,19,4,3,0,3,0.3908,1,1,0,2
250,73,4,0,0,0,0.7223,1,1,1,3
206,113,1,0,0,40,0.7401,0,0,0,0
383,22,3,1,1,42,0.1397,1,1,0,2
48,84,2,0,1,36,0.3703,1,0,0,1
390,35,3,1,0,30,0.251,1,0,0,1
58,98,4,0,0,6,0.4454,1,1,1,3
120,116,5,3,0,3,0.5005,1,1,1,3
289,115,1,3,0,55,0.1541,0,0,0,0
167,94,1,1,0,26,0.2002,0,0,0,0
200,88,2,1,1,36,0.387,1,0,0,1
245,5,3,1,1,10,0.1699,1,0,0,1
131,11,4,1,0,30,0.3442,1,1,1,3
167,64,0,3,0,40,0.0751,0,0,0,0
372,90,2,3,0,20,0.2712,0,0,0,0
142,103,4,3,1,44,0.3095,1,1,1,3
44,74,4,0,0,23,0.1663,1,1,1,3
344,48,2,1,0,0,0.1213,1,1,0,2
270,119,3,0,0,57,0.3959,1,1,0,2
372,76,3,3,1,20,0.2222,0,0,0,0
132,84,2,1,1,33,0.1495,0,0,0,0
197,57,4,3,0,56,0.2819,1,1,0,2
200,23,5,1,1,25,0.1245,1,1,1,3
53,9,4,0,0,57,0.5892,1,1,1,3
157,81,5,0,1,29,0.2959,1,1,1,3
135,46,0,2,0,45,0.1284,0,0,0,0
53,114,2,2,0,21,0.3569,0,0,0,0
221,68,1,3,0,26,0.1921,0,0,0,0
70,32,1,3,0,22,0.6044,0,0,0,0
79,94,3,1,0,45,0.4662,1,0,0,1
207,35,7,0,0,16,0.2391,1,1,1,3
0,5,3,1,0,59,0.5321,1,0,0,1
29,116,5,0,0,34,0.2335,1,1,0,2
17,71,2,2,0,16,0.0958,1,1,1,3
173,43,1,1,0,7,0.6858,1,0,0,1
306,27,3,0,0,30,0.2105,1,1,1,3
250,101,3,3,0,24,0.2705,1,0,0,1
362,22,4,0,0,39,0.2355,1,1,0,2
166,59,3,2,0,54,0.4151,0,0,0,0
264,113,2,2,0,22,0.6861,1,0,0,1
9,68,2,3,0,43,0.7166,0,0,0,0
265,45,5,1,0,12,0.0611,1,1,1,3
144,26,1,2,0,59,0.2283,0,0,0,0
167,99,1,2,0,42,0.1163,0,0,0,0
333,75,3,1,0,13,0.4909,1,1,0,2
256,84,1,1,1,16,0.1502,0,0,0,0
304,85,3,2,0,55,0.1575,0,0,0,0
108,113,2,0,0,6,0.0537,0,0,0,0
345,90,4,0,0,19,0.1612,1,1,1,3
28,15,2,1,0,22,0.375,0,0,0,0
108,36,3,1,0,15,0.3023,1,0,0,1
282,68,4,2,0,16,0.2304,1,1,1,3
144,8,0,0,0,19,0.1524,0,0,0,0
138,35,4,1,0,6,0.1228,1,1,1,3
112,111,3,2,1,0,0.487,1,1,0,2
84,25,4,0,1,18,0.4776,1,1,1,3
164,103,3,3,0,58,0.5788,0,0,0,0
219,31,4,0,0,45,0.3866,1,0,0,1
34,28,1,0,0,11,0.2955,1,0,0,1
330,104,2,0,0,41,0.403,0,0,0,0
396,79,0,2,0,21,0.208,0,0,0,0
254,91,5,1,0,43,0.4945,1,1,1,3
385,118,4,2,1,55,0.1081,1,1,1,3
318,20,1,0,0,16,0.1346,0,0,0,0
64,111,1,0,0,16,0.315,0,0,0,0
309,89,3,1,0,12,0.0724,1,1,1,3
195,57,4,3,1,30,0.3918,1,1,0,2
268,105,3,3,0,2,0.3803,1,0,0,1
105,114,2,1,0,4,0.2515,1,1,0,2
137,52,1,0,0,24,0.1294,0,0,0,0
233,59,5,0,0,27,0.171,1,1,1,3
317,42,5,2,0,31,0.2695,1,1,1,3
121,1,2,3,0,23,0.1419,0,0,0,0
249,70,1,1,0,12,0.4569,0,0,0,0
357,55,1,0,1,5,0.2132,0,0,0,0
132,30,3,3,0,59,0.1262,0,0,0,0
227,115,1,3,0,9,0.2704,0,0,0,0
316,22,2,1,1,17,0.3173,0,0,0,0
18,52,4,1,0,34,0.188,1,1,0,2
206,9,3,2,0,30,0.0568,1,0,0,1
12,23,1,3,0,53,0.204,0,0,0,0
145,2,3,3,0,43,0.3969,0,0,0,0
340,20,3,2,1,44,0.3672,1,1,1,3
186,7,5,3,0,0,0.1658,1,0,0,1
100,69,0,1,0,53,0.2735,0,0,0,0
289,63,2,0,1,22,0.2481,1,0,0,1
27,53,2,0,0,23,0.271,1,1,1,3
94,111,1,1,0,33,0.2933,1,0,0,1
125,68,3,0,0,26,0.0692,1,1,1,3
370,18,4,3,0,58,0.1525,1,0,0,1
29,21,4,1,0,55,0.4107,1,1,1,3
382,26,0,0,0,11,0.5212,0,0,0,0
159,44,3,1,0,10,0.0744,1,1,1,3
22,49,2,0,0,44,0.2589,0,0,0,0
238,14,1,3,0,36,0.0264,0,0,0,0
111,92,3,3,0,30,0.1319,0,0,0,0
136,96,2,1,0,11,0.1557,0,0,0,0
56,105,2,0,0,54,0.2438,1,0,0,1
17,89,5,0,0,40,0.2672,1,1,1,3
276,34,3,1,0,39,0.4545,1,0,0,1
189,95,3,2,0,43,0.6091,1,0,0,1
343,93,1,1,0,56,0.2681,0,0,0,0
326,39,3,1,0,7,0.1748,0,0,0,0
20,91,3,0,0,18,0.1482,1,1,0,2
237,59,2,1,0,17,0.2472,1,1,0,2
25,22,2,2,1,43,0.1244,0,0,0,0
334,4,3,2,0,54,0.1543,0,0,0,0
27,4,2,2,1,33,0.1166,1,0,0,1
113,10,3,1,0,7,0.5104,1,0,0,1
270,46,1,3,0,57,0.1668,0,0,0,0
90,111,1,1,0,11,0.1099,0,0,0,0
6,42,6,1,1,29,0.0045,1,1,1,3
171,72,1,1,1,57,0.2376,0,0,0,0
250,56,4,2,0,11,0.2862,1,1,0,2
222,95,2,2,1,19,0.241,0,0,0,0
357,9,5,3,0,41,0.1087,1,1,1,3
87,6,2,1,0,42,0.2179,1,1,0,2
136,18,3,0,0,3,0.4404,1,1,0,2
23,64,2,3,0,12,0.1016,0,0,0,0
288,118,2,1,1,51,0.0602,0,0,0,0
201,41,2,1,1,16,0.3959,0,0,0,0
187,111,3,2,1,51,0.1991,1,0,0,1
12,4,0,0,0,16,0.2719,0,0,0,0
169,24,1,1,0,29,0.0672,0,0,0,0
121,75,1,2,1,13,0.0363,1,0,0,1
250,113,2,2,1,23,0.1915,1,0,0,1
322,119,5,3,0,21,0.5676,1,1,0,2
7,8,3,2,0,7,0.5621,0,0,0,0
241,91,5,2,0,51,0.0959,1,1,1,3
214,45,1,0,0,37,0.4835,1,0,0,1
367,116,2,3,0,24,0.2678,0,0,0,0
352,102,1,0,0,51,0.4918,0,0,0,0
381,89,3,0,0,24,0.6794,1,1,1,3
85,112,1,1,1,39,0.32,0,0,0,0
324,53,3,2,0,10,0.0795,1,1,1,3
311,106,2,2,1,32,0.3093,0,0,0,0
299,45,3,2,1,43,0.2607,0,0,0,0
260,104,1,2,0,35,0.2907,1,0,0,1
117,16,4,1,0,37,0.2465,1,1,1,3
103,77,5,1,0,41,0.6248,1,1,1,3
143,9,3,1,1,42,0.4819,1,1,1,3
76,3,3,0,1,52,0.1963,1,1,1,3
323,91,2,0,0,9,0.8052,1,1,1,3
350,97,1,1,0,49,0.2822,0,0,0,0
220,119,2,0,0,58,0.1536,0,0,0,0
95,38,1,1,0,31,0.6231,0,0,0,0
326,23,4,1,0,39,0.2646,1,1,0,2
12,119,1,3,0,31,0.564,0,0,0,0
380,119,5,3,0,29,0.1316,1,1,1,3
229,62,3,2,0,2,0.5154,1,1,0,2
11,90,5,1,0,48,0.3908,1,1,1,3
16,62,5,3,0,10,0.0746,1,0,0,1
89,118,2,1,0,18,0.3846,1,1,0,2
298,89,3,2,0,37,0.696,1,0,0,1
179,111,4,1,0,47,0.4375,0,0,0,0
377,90,5,1,1,32,0.2946,1,1,1,3
113,75,1,0,1,35,0.4469,1,1,0,2
165,63,2,0,0,52,0.3,0,0,0,0
192,13,2,1,1,34,0.4008,1,1,0,2
343,14,1,1,0,17,0.3499,0,0,0,0
26,66,2,3,0,1,0.6598,1,0,0,1
231,82,2,1,0,3,0.1922,1,0,0,1
162,106,4,1,0,10,0.1836,1,1,1,3
314,51,1,0,0,55,0.6826,1,0,0,1
107,119,1,3,0,40,0.2145,0,0,0,0
320,80,3,0,0,25,0.2329,1,0,0,1
45,61,0,3,0,6,0.1169,0,0,0,0
289,43,0,1,1,35,0.1675,0,0,0,0
256,12,3,0,1,23,0.17,1,0,0,1
62,14,0,2,0,33,0.3627,0,0,0,0
0,13,1,1,1,37,0.0985,0,0,0,0
357,0,3,0,0,41,0.3172,0,0,0,0
88,28,1,1,0,26,0.2084,0,0,0,0
321,78,1,1,0,7,0.0299,0,0,0,0
352,78,1,1,0,2,0.1529,0,0,0,0
348,35,6,0,1,5,0.2431,1,1,1,3
55,5,2,1,0,24,0.0799,0,0,0,0
359,60,0,0,0,29,0.6854,0,0,0,0
360,13,2,1,1,43,0.0698,1,0,0,1
325,36,2,1,0,5,0.2283,1,0,0,1
222,40,2,2,0,50,0.2413,0,0,0,0
311,42,3,3,0,32,0.3805,0,0,0,0
39,89,4,2,0,59,0.4035,1,1,0,2
216,7,2,2,0,54,0.1031,1,0,0,1
244,90,3,3,1,54,0.3841,1,0,0,1
112,15,1,3,0,27,0.3505,0,0,0,0
105,118,2,1,0,39,0.2018,1,0,0,1
215,99,1,2,1,46,0.2639,1,0,0,1
193,21,2,0,0,43,0.2341,1,0,0,1
285,27,4,1,0,6,0.3932,1,1,1,3
197,32,2,3,0,31,0.1229,0,0,0,0
38,29,4,0,0,44,0.2073,0,0,0,0
397,35,3,3,1,31,0.2047,0,0,0,0
16,32,1,0,0,6,0.5494,0,0,0,0
160,75,3,2,0,19,0.2342,0,0,0,0
162,22,3,2,0,7,0.1276,1,0,0,1
207,51,4,1,1,6,0.4127,1,1,1,3
176,49,1,1,0,53,0.2491,0,0,0,0
65,45,2,1,1,53,0.1364,0,0,0,0
30,101,2,1,0,51,0.4078,0,0,0,0
160,109,3,2,0,34,0.2354,0,0,0,0
136,58,1,2,0,15,0.2798,0,0,0,0
391,64,1,1,0,51,0.4992,0,0,0,0
192,69,1,1,1,30,0.2391,0,0,0,0
185,88,0,1,0,40,0.2689,0,0,0,0
140,24,2,3,0,9,0.2049,1,1,0,2
221,71,0,2,1,3,0.3658,0,0,0,0
292,1,2,0,0,5,0.3053,0,0,0,0
131,21,2,0,0,22,0.1525,0,0,0,0
147,40,3,3,0,51,0.2301,0,0,0,0
334,78,1,0,0,28,0.0612,1,1,0,2
374,12,4,2,0,58,0.0971,1,0,0,1
169,24,1,1,0,34,0.6127,0,0,0,0
133,4,2,2,0,39,0.316,0,0,0,0
207,55,3,3,0,13,0.2691,1,0,0,1
374,1,3,3,0,3,0.4445,1,1,0,2
335,92,4,0,0,8,0.6389,1,1,1,3
36,109,2,1,0,43,0.0072,1,0,0,1
298,50,0,1,0,4,0.2218,0,0,0,0
356,101,2,1,0,49,0.355,0,0,0,0
238,83,1,2,0,20,0.2243,0,0,0,0
99,110,3,2,0,6,0.1631,1,0,0,1
236,68,4,0,0,28,0.2414,1,1,1,3
143,60,1,0,0,44,0.5869,1,0,0,1
236,93,3,2,0,5,0.3093,1,0,0,1
140,7,4,0,0,8,0.8583,1,1,1,3
148,13,1,0,0,42,0.1211,1,0,0,1
284,79,2,2,0,45,0.2752,1,0,0,1
81,62,5,2,0,59,0.1434,1,1,1,3
204,84,1,1,1,43,0.4698,0,0,0,0
97,23,4,3,1,36,0.1816,1,1,1,3
145,23,4,0,1,13,0.3412,1,1,1,3
56,105,2,0,0,46,0.2177,1,0,0,1
196,80,2,3,0,48,0.3798,0,0,0,0
236,82,2,0,0,3,0.1009,0,0,0,0
31,69,3,0,1,38,0.3404,1,0,0,1
231,45,2,0,1,47,0.2725,1,1,1,3
176,113,2,0,0,8,0.4132,0,0,0,0
284,89,3,3,1,26,0.1638,0,0,0,0
266,85,2,1,0,8,0.47,1,1,0,2
156,1,2,1,1,52,0.0976,0,0,0,0
323,74,4,2,0,35,0.2168,1,1,1,3
170,112,0,2,0,53,0.281,0,0,0,0
333,6,2,0,0,15,0.3392,1,0,0,1
270,76,4,3,0,15,0.0936,1,0,0,1
397,111,2,1,0,23,0.0865,1,0,0,1
159,48,0,2,0,46,0.5389,0,0,0,0
109,52,4,1,0,6,0.3924,1,1,1,3
44,9,4,3,0,6,0.2821,1,0,0,1
182,99,1,2,0,22,0.1209,1,0,0,1
345,59,5,0,1,59,0.2463,1,1,1,3
269,47,2,0,0,28,0.7176,0,0,0,0
227,14,2,0,0,47,0.411,0,0,0,0
175,58,1,1,0,55,0.45,0,0,0,0
64,44,2,1,0,39,0.146,0,0,0,0
133,0,1,2,0,49,0.3256,0,0,0,0
391,16,2,0,1,11,0.2858,1,1,1,3
196,110,3,2,0,58,0.5447,1,0,0,1
276,80,3,2,0,36,0.1722,0,0,0,0
388,45,3,2,1,58,0.1905,1,1,0,2
327,34,2,1,0,17,0.1775,1,1,0,2
373,17,1,3,0,5,0.311,1,0,0,1
140,15,3,3,0,38,0.5611,1,0,0,1
143,118,3,1,0,46,0.1444,1,0,0,1
62,1,2,2,0,35,0.1659,0,0,0,0
127,19,4,1,0,33,0.5501,1,1,1,3
225,73,3,3,0,2,0.3222,0,0,0,0
289,14,0,0,1,44,0.5894,0,0,0,0
162,33,6,2,0,56,0.3011,1,1,1,3
274,45,3,1,1,25,0.4243,1,1,1,3
150,48,1,1,0,48,0.1533,0,0,0,0
106,44,1,1,0,1,0.3139,0,0,0,0
341,15,1,1,0,35,0.1145,0,0,0,0
191,20,2,0,1,48,0.1495,1,1,1,3
269,100,4,0,0,58,0.6386,1,1,1,3
256,69,1,0,0,9,0.6467,0,0,0,0
64,42,3,1,0,14,0.3464,1,1,1,3
307,80,2,3,1,26,0.2932,1,1,0,2
109,110,1,1,0,59,0.1154,0,0,0,0
184,79,0,0,1,58,0.1296,0,0,0,0
290,11,2,1,0,11,0.1477,1,0,0,1
87,83,1,0,0,18,0.3215,0,0,0,0
370,101,1,3,0,49,0.3939,0,0,0,0
141,17,2,1,1,6,0.2494,0,0,0,0
210,100,2,1,0,27,0.3398,1,0,0,1
371,24,2,3,0,41,0.2338,0,0,0,0
100,39,3,2,0,8,0.0541,0,0,0,0
11,37,5,1,1,48,0.1924,1,1,1,3
48,1,3,2,0,2,0.1273,0,0,0,0
246,89,3,1,0,20,0.4801,1,1,1,3
161,54,2,2,1,17,0.1866,0,0,0,0
101,113,2,1,0,20,0.1606,0,0,0,0
22,103,4,3,0,4,0.1078,1,0,0,1
20,16,3,1,1,48,0.4178,0,0,0,0
33,115,1,3,0,12,0.3354,0,0,0,0
193,23,4,2,0,53,0.1862,0,0,0,0
272,37,2,0,0,27,0.215,1,0,0,1
342,8,2,2,1,32,0.5398,0,0,0,0
289,98,3,0,0,57,0.1837,1,0,0,1
33,22,3,3,1,57,0.0613,0,0,0,0
330,42,3,1,0,51,0.2416,1,0,0,1
67,11,0,1,0,4,0.1308,0,0,0,0
268,107,2,1,0,28,0.2702,1,1,1,3
340,34,5,1,0,10,0.4898,1,1,1,3
282,111,2,0,0,45,0.078,0,0,0,0
398,112,1,2,1,11,0.0937,1,0,0,1
5,31,1,3,0,11,0.4531,0,0,0,0
209,9,2,1,0,56,0.1658,0,0,0,0
174,24,2,0,0,55,0.4458,0,0,0,0
323,47,1,2,0,30,0.0496,0,0,0,0
210,24,2,1,0,33,0.3988,1,0,0,1
78,51,1,1,1,22,0.2439,1,1,1,3
172,67,0,2,0,50,0.0415,0,0,0,0
15,49,1,1,0,28,0.3696,0,0,0,0
120,92,3,0,0,0,0.2169,1,1,0,2
9,48,0,3,1,43,0.2605,0,0,0,0
243,36,2,2,0,28,0.0372,0,0,0,0
155,2,2,0,0,20,0.2644,1,0,0,1
8,104,3,1,1,1,0.1491,1,0,0,1
134,38,2,0,1,46,0.0982,1,1,0,2
341,53,2,1,0,21,0.2914,0,0,0,0
73,67,0,3,0,25,0.1228,0,0,0,0
259,15,1,3,1,17,0.4569,1,0,0,1
13,54,4,2,1,1,0.192,1,0,0,1
112,20,2,3,1,6,0.6713,0,0,0,0
8,113,1,1,0,16,0.09,0,0,0,0
160,25,4,3,0,54,0.2315,1,1,0,2
349,71,2,1,0,36,0.3066,0,0,0,0
124,34,4,1,0,9,0.2847,1,1,1,3
238,117,0,3,1,56,0.0943,0,0,0,0
317,95,3,1,1,21,0.1555,1,1,1,3
56,85,3,1,0,13,0.0585,1,0,0,1
261,110,3,0,0,35,0.1499,1,0,0,1
136,86,4,0,0,16,0.5574,1,1,1,3
273,1,4,2,0,33,0.055,1,1,1,3
11,65,4,1,0,58,0.4811,1,1,0,2
94,11,1,2,0,52,0.4473,0,0,0,0
306,44,2,1,0,33,0.1058,0,0,0,0
361,9,3,1,0,4,0.5899,1,0,0,1
348,85,3,2,0,27,0.3127,0,0,0,0
275,100,1,2,0,54,0.284,0,0,0,0
216,29,2,0,1,53,0.0695,1,0,0,1
28,40,1,2,0,36,0.6828,0,0,0,0
253,14,1,3,0,0,0.32,0,0,0,0
220,81,1,0,0,43,0.2457,0,0,0,0
108,39,4,2,0,46,0.248,0,0,0,0
288,0,3,0,0,21,0.1955,0,0,0,0
62,66,3,2,0,50,0.4063,1,1,1,3
260,32,1,0,0,8,0.3453,1,0,0,1
161,60,1,1,0,5,0.2277,0,0,0,0
31,100,6,2,0,3,0.0729,1,1,1,3
9,113,1,1,0,5,0.1431,0,0,0,0
108,116,4,1,0,46,0.2788,1,1,1,3
298,26,1,1,1,5,0.4925,0,0,0,0
312,26,0,2,0,29,0.1582,0,0,0,0
211,109,4,0,1,3,0.1239,1,1,1,3
329,81,3,2,1,10,0.2798,1,1,0,2
78,97,3,3,1,25,0.4463,0,0,0,0
53,90,4,3,1,12,0.4759,1,0,0,1
267,48,2,2,0,10,0.5656,0,0,0,0
159,39,5,2,0,6,0.1726,1,1,1,3
154,115,1,1,0,45,0.1455,0,0,0,0
99,45,3,1,1,46,0.3606,1,1,1,3
330,42,3,1,0,33,0.381,1,1,1,3
390,92,2,1,0,41,0.1049,1,0,0,1
243,13,1,2,1,8,0.1245,0,0,0,0
340,41,3,0,0,49,0.1476,1,1,1,3
259,14,0,0,0,52,0.4729,0,0,0,0
259,80,4,3,0,41,0.2692,0,0,0,0
190,6,3,2,1,30,0.3634,1,0,0,1
165,113,3,2,0,33,0.1595,1,1,0,2
371,37,4,1,0,21,0.1223,1,1,0,2
107,21,0,1,0,57,0.1937,0,0,0,0
218,66,2,2,0,7,0.1189,0,0,0,0
98,84,1,2,0,46,0.5587,0,0,0,0
164,51,2,2,0,38,0.476,0,0,0,0
282,78,2,1,1,46,0.1218,1,1,1,3
3,31,2,0,0,32,0.141,1,0,0,1
286,31,3,3,0,5,0.1534,0,0,0,0
93,84,1,2,0,45,0.1375,0,0,0,0
136,34,1,1,0,28,0.3867,0,0,0,0
153,87,3,1,0,19,0.4508,1,1,0,2
78,95,1,0,0,9,0.315,0,0,0,0
2,72,1,2,0,57,0.6694,0,0,0,0
80,1,4,0,0,43,0.1036,1,0,0,1
38,6,3,2,0,31,0.2421,1,0,0,1
195,12,4,2,0,31,0.548,1,0,0,1
265,20,3,1,0,18,0.4976,0,0,0,0
286,37,3,1,0,5,0.0547,0,0,0,0
248,95,2,3,1,54,0.4512,1,0,0,1
150,90,3,2,0,4,0.5486,0,0,0,0
153,16,1,2,0,34,0.0599,0,0,0,0
2,78,0,1,0,45,0.3024,0,0,0,0
299,105,2,0,1,53,0.2038,1,1,0,2
214,68,4,1,0,27,0.0979,1,1,1,3
332,117,2,2,1,25,0.5486,1,0,0,1
245,71,1,1,1,55,0.1075,0,0,0,0
378,38,3,0,0,24,0.1024,1,0,0,1
71,85,2,2,1,10,0.1642,1,0,0,1
269,28,1,2,0,55,0.179,0,0,0,0
177,76,6,1,1,16,0.18,1,1,1,3
108,117,1,2,0,4,0.0576,0,0,0,0
387,64,0,0,1,25,0.1091,0,0,0,0
289,57,2,0,0,4,0.3077,0,0,0,0
340,110,3,1,1,19,0.3761,1,1,1,3
325,110,2,0,0,54,0.2985,1,0,0,1
276,76,4,2,0,11,0.3738,1,0,0,1
274,12,3,1,0,33,0.1145,1,0,0,1
65,105,1,3,1,20,0.2766,0,0,0,0
177,101,4,1,0,4,0.3457,1,0,0,1
65,111,2,2,0,49,0.2784,0,0,0,0
294,64,1,3,1,48,0.2379,0,0,0,0
135,66,2,1,1,21,0.4881,1,1,0,2
17,98,7,3,0,51,0.3123,1,1,1,3
125,39,5,0,0,3,0.2342,1,1,1,3
30,53,2,1,0,23,0.1557,0,0,0,0
274,75,1,1,0,20,0.4929,0,0,0,0
3,61,1,3,0,19,0.2852,0,0,0,0
199,19,3,3,0,11,0.5276,0,0,0,0
256,26,1,1,0,40,0.0822,0,0,0,0
44,22,2,0,0,51,0.3122,0,0,0,0
93,66,2,0,0,42,0.3364,1,0,0,1
120,99,3,2,0,19,0.4042,1,0,0,1
318,64,1,0,0,1,0.2913,0,0,0,0
76,39,1,3,0,23,0.5448,0,0,0,0
195,21,3,1,0,26,0.1761,1,1,1,3
255,50,1,2,0,12,0.2161,0,0,0,0
39,1,4,1,0,45,0.1487,1,1,0,2
326,49,1,2,1,12,0.1571,1,0,0,1
139,115,2,2,1,10,0.6428,1,0,0,1
241,101,3,0,0,19,0.2579,1,1,0,2
279,5,3,0,0,21,0.2053,1,0,0,1
84,45,5,1,0,57,0.72,1,1,1,3
398,41,4,1,0,3,0.0596,1,1,1,3
26,76,4,0,1,54,0.4738,1,1,1,3
326,28,1,0,0,5,0.5274,1,1,0,2
22,14,1,3,0,50,0.0362,0,0,0,0
363,44,4,1,1,4,0.0791,1,1,1,3
275,9,1,1,0,16,0.2031,0,0,0,0
211,4,6,2,0,3,0.4798,1,1,1,3
248,39,1,3,0,48,0.058,1,0,0,1
81,12,3,0,0,51,0.1525,1,1,1,3
392,27,7,1,0,57,0.4305,1,1,1,3
201,35,5,0,0,57,0.1883,1,1,1,3
371,78,2,1,0,24,0.1058,0,0,0,0
40,38,3,3,0,26,0.2483,0,0,0,0
212,17,1,2,0,38,0.5004,0,0,0,0
353,17,2,3,0,49,0.1833,0,0,0,0
149,27,4,3,0,15,0.1835,0,0,0,0
263,24,1,1,0,30,0.511,0,0,0,0
148,104,3,1,0,37,0.1477,1,0,0,1
277,110,3,1,1,12,0.3266,1,1,0,2
91,36,1,2,0,31,0.4958,0,0,0,0
16,70,3,1,0,47,0.1784,1,1,0,2
280,33,5,2,0,58,0.5957,1,1,1,3
83,97,2,0,0,30,0.3631,1,0,0,1
273,108,3,1,0,55,0.2221,0,0,0,0
265,82,3,2,0,12,0.1454,0,0,0,0
98,53,2,1,0,19,0.2028,1,0,0,1
230,69,2,0,0,3,0.3054,0,0,0,0
137,77,4,0,0,27,0.3114,1,1,0,2
371,48,2,0,0,38,0.1605,0,0,0,0
228,60,1,1,1,3,0.3118,0,0,0,0
205,54,2,0,0,10,0.1243,1,1,0,2
140,36,1,1,0,51,0.3941,0,0,0,0
98,16,1,2,0,12,0.0746,0,0,0,0
221,31,2,0,0,5,0.4942,1,0,0,1
316,31,2,1,1,19,0.7888,1,1,1,3
308,60,1,0,0,4,0.2837,0,0,0,0
175,81,1,0,1,21,0.3872,1,0,0,1
158,9,1,2,0,35,0.1045,0,0,0,0
70,30,3,3,1,57,0.1449,0,0,0,0
151,21,2,1,0,57,0.3303,1,0,0,1
73,33,4,0,0,47,0.0354,1,1,1,3
131,25,4,2,1,39,0.1043,1,1,1,3
69,114,3,1,1,39,0.5374,0,0,0,0
84,48,2,0,1,33,0.3617,1,0,0,1
42,50,1,0,0,1,0.4703,0,0,0,0
142,36,4,2,0,31,0.2018,1,0,0,1
219,102,3,3,0,5,0.3881,0,0,0,0
59,84,1,0,1,17,0.1183,1,1,1,3
272,19,2,2,0,9,0.2426,0,0,0,0
127,69,3,1,0,10,0.4744,1,1,1,3
95,89,0,2,0,13,0.2806,0,0,0,0
159,2,3,1,1,0,0.5084,1,1,1,3
146,88,2,1,0,7,0.3061,1,0,0,1
175,65,2,3,0,9,0.2621,0,0,0,0
363,71,2,1,0,16,0.4415,0,0,0,0
64,8,3,2,0,30,0.192,1,0,0,1
202,116,2,2,0,27,0.042,0,0,0,0
278,72,3,1,0,41,0.0989,1,0,0,1
256,35,5,1,0,8,0.4382,1,1,1,3
314,58,1,0,0,58,0.3371,0,0,0,0
280,116,3,2,0,13,0.3027,1,0,0,1
77,96,4,1,0,51,0.1917,1,1,1,3
140,104,2,2,1,12,0.0841,0,0,0,0
6,67,3,2,0,18,0.0694,1,1,0,2
360,22,1,3,1,7,0.1368,0,0,0,0
257,82,1,3,0,43,0.3983,0,0,0,0
277,52,1,1,0,19,0.4145,1,0,0,1
326,37,3,0,0,51,0.4773,1,0,0,1
203,20,3,2,0,19,0.0876,0,0,0,0
172,28,1,1,0,16,0.3476,0,0,0,0
281,109,3,2,0,3,0.3477,1,1,0,2
152,65,4,1,0,11,0.1821,1,1,0,2
391,71,1,1,0,42,0.135,0,0,0,0
387,31,1,0,0,26,0.4585,0,0,0,0
23,43,3,1,0,23,0.4099,1,1,1,3
45,106,0,1,0,24,0.4453,0,0,0,0
201,24,1,3,0,30,0.0473,0,0,0,0
58,49,1,3,0,18,0.3234,0,0,0,0
85,85,3,1,0,18,0.5577,1,1,0,2
268,109,3,1,0,52,0.3494,1,1,1,3
307,44,4,1,0,44,0.3235,1,0,0,1
211,113,4,1,0,8,0.1123,1,1,0,2
277,96,3,1,1,22,0.3276,1,1,1,3
265,55,2,1,0,59,0.4465,0,0,0,0
379,76,2,3,0,0,0.2032,0,0,0,0
235,82,2,2,0,9,0.6763,0,0,0,0
13,33,6,3,0,51,0.1365,1,1,1,3
17,95,2,3,1,59,0.4692,1,1,0,2
297,78,2,1,0,23,0.0315,1,0,0,1
76,32,1,3,0,12,0.3885,1,0,0,1
184,86,2,1,0,26,0.2135,0,0,0,0
182,34,2,2,0,37,0.3441,0,0,0,0
382,37,1,1,0,38,0.198,0,0,0,0
163,30,1,0,1,51,0.4169,1,0,0,1
134,1,3,0,0,21,0.1288,1,0,0,1
368,30,1,1,0,22,0.0949,0,0,0,0
283,63,3,2,0,4,0.0302,0,0,0,0
251,112,0,1,0,42,0.2224,0,0,0,0
380,80,5,0,0,47,0.5288,1,1,1,3
50,49,1,0,0,47,0.329,0,0,0,0
342,118,1,0,0,30,0.2303,0,0,0,0
9,29,2,1,0,59,0.297,0,0,0,0
319,117,2,0,0,14,0.6187,1,1,0,2
107,51,0,2,0,39,0.0373,0,0,0,0
0,57,3,0,0,14,0.3613,1,1,1,3
11,22,3,1,1,34,0.1168,1,0,0,1
206,3,2,1,0,53,0.136,1,0,0,1
96,95,1,3,0,32,0.3826,0,0,0,0
374,22,2,0,0,11,0.4189,1,0,0,1
308,39,1,1,0,21,0.3221,0,0,0,0
38,68,3,2,0,4,0.1419,1,1,0,2
172,64,0,1,0,2,0.1197,0,0,0,0
332,75,1,1,0,29,0.4507,0,0,0,0
289,63,2,0,1,0,0.6486,1,1,1,3
108,114,2,0,0,42,0.456,1,0,0,1
36,55,2,3,0,45,0.0735,0,0,0,0
201,76,4,3,0,46,0.4924,0,0,0,0
33,19,2,3,0,52,0.1439,0,0,0,0
13,78,2,1,0,21,0.2291,1,0,0,1
119,19,2,0,0,28,0.4666,0,0,0,0
176,73,4,2,0,7,0.1187,1,1,1,3
180,33,6,2,0,24,0.2013,1,1,1,3
68,25,4,2,1,12,0.1005,1,0,0,1
138,112,0,1,0,57,0.3408,0,0,0,0
29,74,5,0,0,45,0.0626,1,1,0,2
287,85,3,1,0,37,0.3906,1,1,0,2
97,21,2,1,1,28,0.4723,1,1,0,2
39,63,2,1,0,50,0.2491,1,0,0,1
313,74,4,1,1,29,0.4638,1,1,0,2
56,14,1,3,0,50,0.4653,0,0,0,0
262,98,5,1,1,56,0.6453,1,1,1,3
336,59,6,0,1,41,0.2127,1,1,1,3
209,28,2,0,0,11,0.0252,1,1,0,2
107,50,0,1,0,26,0.2357,0,0,0,0
101,69,3,0,0,54,0.1704,1,0,0,1
72,97,2,0,0,14,0.6238,1,0,0,1
268,30,2,0,1,10,0.7144,1,1,0,2
177,70,4,1,0,46,0.5371,1,1,0,2
200,35,4,1,0,9,0.2034,1,0,0,1
125,30,3,0,0,55,0.388,1,1,1,3
11,91,5,1,1,5,0.538,1,1,1,3
121,98,5,3,1,45,0.211,0,0,0,0
232,100,3,3,0,35,0.5318,1,0,0,1
271,33,4,1,0,45,0.3906,1,1,1,3
236,87,3,1,0,43,0.1948,1,0,0,1
143,77,4,1,0,40,0.5572,1,1,1,3
392,11,4,2,1,19,0.3871,1,0,0,1
22,42,3,0,0,0,0.3471,1,1,1,3
28,89,1,1,0,38,0.1999,0,0,0,0
313,15,1,1,0,58,0.4728,0,0,0,0
167,55,1,3,1,59,0.4164,0,0,0,0
49,34,2,1,0,29,0.1807,0,0,0,0
36,86,4,3,0,17,0.2156,0,0,0,0
22,0,3,0,0,50,0.1827,0,0,0,0
98,39,3,0,0,6,0.2048,1,0,0,1
282,118,1,0,1,2,0.4489,1,0,0,1
370,116,4,3,0,6,0.2024,0,0,0,0
307,27,3,0,1,37,0.3808,1,1,0,2
46,53,1,2,0,51,0.0279,0,0,0,0
158,95,1,2,0,43,0.0665,0,0,0,0
198,4,4,0,0,43,0.2382,1,1,1,3
338,93,3,0,0,42,0.1798,1,0,0,1
43,91,1,0,1,32,0.4538,1,0,0,1
263,118,1,0,0,37,0.0929,1,0,0,1
210,31,2,1,0,59,0.5158,0,0,0,0
358,24,1,0,0,42,0.4454,1,1,0,2
322,6,4,3,0,30,0.095,0,0,0,0
29,96,5,1,0,28,0.1853,1,1,1,3
365,87,4,2,0,9,0.4502,0,0,0,0
43,27,3,1,0,46,0.3285,1,1,0,2
318,108,3,0,0,19,0.0372,0,0,0,0
248,12,3,2,0,29,0.3228,0,0,0,0
135,117,2,1,0,17,0.1528,0,0,0,0
224,95,1,1,0,25,0.3555,0,0,0,0
365,19,2,0,0,46,0.234,0,0,0,0
256,7,3,1,0,9,0.2912,1,0,0,1
347,55,1,3,0,45,0.4727,0,0,0,0
332,59,6,1,0,51,0.1857,1,1,1,3
348,93,2,2,0,30,0.3494,1,0,0,1
326,33,5,2,0,12,0.4015,1,1,0,2
145,5,4,1,0,32,0.236,1,1,1,3
48,98,8,2,0,48,0.3245,1,1,1,3
307,107,1,1,0,31,0.3827,0,0,0,0
191,91,3,2,0,37,0.2867,1,1,0,2
74,23,6,2,0,29,0.1353,1,1,1,3
105,68,2,1,1,33,0.2978,0,0,0,0
367,107,1,1,0,25,0.3552,0,0,0,0
5,10,1,0,0,52,0.4222,0,0,0,0
123,86,4,3,1,15,0.2443,0,0,0,0
379,54,1,2,0,51,0.2694,0,0,0,0
106,36,1,1,0,31,0.4038,1,0,0,1
181,85,3,0,0,12,0.1761,1,1,0,2
344,18,4,2,0,49,0.4645,1,1,0,2
207,69,3,1,1,50,0.5572,1,0,0,1
391,77,3,0,1,19,0.4515,1,1,0,2
248,32,1,3,1,12,0.1852,0,0,0,0
150,11,2,2,1,57,0.2711,1,1,1,3
374,107,2,2,0,24,0.3662,0,0,0,0
122,7,2,2,0,21,0.2307,1,0,0,1
69,32,2,1,0,42,0.1437,0,0,0,0
242,32,3,2,0,20,0.1263,1,0,0,1
272,62,3,2,1,55,0.7382,1,0,0,1
308,63,3,1,0,18,0.3078,1,1,1,3
208,76,4,3,0,33,0.306,1,0,0,1
112,63,3,0,1,46,0.6273,1,1,1,3
327,49,1,0,0,25,0.2272,0,0,0,0
314,96,2,1,1,3,0.3524,1,1,1,3
331,109,3,2,0,51,0.2792,1,0,0,1
254,36,2,1,0,57,0.491,1,0,0,1
285,12,3,0,0,21,0.1879,1,1,1,3
135,85,3,1,1,8,0.3354,1,1,1,3
73,114,2,1,1,15,0.0429,1,0,0,1
92,15,1,1,0,50,0.5408,1,0,0,1
219,11,4,0,0,33,0.1542,1,1,1,3
290,79,1,0,0,50,0.4818,0,0,0,0
81,12,3,0,0,35,0.2246,1,1,1,3
7,30,1,2,0,41,0.4031,0,0,0,0
82,101,3,0,0,11,0.1165,1,0,0,1
206,15,2,1,0,52,0.1462,0,0,0,0
183,17,3,3,0,23,0.3997,0,0,0,0
353,55,1,3,0,36,0.2668,0,0,0,0
127,24,2,1,0,13,0.4787,0,0,0,0
204,39,2,1,0,59,0.2151,0,0,0,0
307,36,3,1,0,13,0.4224,1,0,0,1
258,108,2,0,0,43,0.4958,1,0,0,1
25,117,1,1,1,21,0.3378,0,0,0,0
127,34,3,0,0,2,0.2412,1,0,0,1
175,55,2,3,0,40,0.0808,0,0,0,0
235,38,3,2,1,37,0.5678,1,0,0,1
265,61,2,2,0,29,0.2627,0,0,0,0
42,40,1,2,1,36,0.1666,0,0,0,0
99,52,3,2,0,41,0.3519,1,0,0,1
18,88,1,1,0,3,0.2467,0,0,0,0
139,41,2,0,0,38,0.4241,1,1,0,2
234,17,2,2,0,43,0.5181,0,0,0,0
208,75,3,1,0,42,0.3237,1,1,0,2
36,79,1,2,0,6,0.2417,1,1,0,2
13,67,3,0,0,55,0.2063,0,0,0,0
206,85,2,0,0,34,0.4017,0,0,0,0
275,13,1,0,0,23,0.5686,0,0,0,0
9,84,0,1,0,43,0.4698,0,0,0,0
120,75,1,1,0,0,0.518,0,0,0,0
239,72,2,1,0,45,0.3097,1,0,0,1
118,8,3,1,0,32,0.173,1,1,1,3
77,83,1,0,1,10,0.0498,0,0,0,0
340,96,4,1,1,37,0.3993,1,0,0,1
253,48,3,3,0,49,0.4313,0,0,0,0
173,30,2,0,0,57,0.1807,1,0,0,1
336,64,3,0,0,47,0.2747,1,0,0,1
323,35,5,1,0,58,0.0539,1,1,1,3
175,79,0,2,0,57,0.3828,0,0,0,0
49,107,1,0,0,2,0.1937,0,0,0,0
323,53,2,0,0,1,0.1278,1,0,0,1
270,106,2,2,0,27,0.1048,0,0,0,0
135,38,2,1,0,18,0.2081,1,0,0,1
326,95,2,1,1,9,0.1641,1,1,1,3
380,13,3,2,0,5,0.6632,0,0,0,0
250,15,4,3,0,5,0.0718,0,0,0,0
38,87,6,1,0,50,0.176,1,1,1,3
240,3,3,2,0,58,0.4406,1,0,0,1
16,74,6,3,0,31,0.2538,1,1,1,3
222,94,2,1,0,22,0.6569,1,1,0,2
131,61,3,2,0,1,0.3923,0,0,0,0
176,59,6,1,1,56,0.5219,1,1,1,3
120,29,4,2,0,6,0.3518,1,0,0,1
38,13,3,1,0,4,0.1895,1,0,0,1
225,53,2,2,0,29,0.3119,1,0,0,1
26,112,1,1,0,32,0.1717,0,0,0,0
386,31,4,0,1,12,0.3186,1,1,1,3
258,119,3,3,1,27,0.1306,1,1,0,2
224,2,3,2,0,46,0.4377,0,0,0,0
208,43,2,1,0,54,0.5675,1,0,0,1
351,77,5,0,0,12,0.1904,1,1,1,3
209,104,2,1,0,42,0.1067,1,1,0,2
227,93,1,2,0,34,0.3251,1,0,0,1
130,11,1,1,0,35,0.504,0,0,0,0
282,32,3,2,1,8,0.1224,1,1,1,3
202,54,1,1,0,33,0.5127,0,0,0,0
133,33,3,2,0,22,0.3072,1,0,0,1
140,56,3,2,1,38,0.2638,1,1,1,3
58,102,2,0,0,32,0.4787,0,0,0,0
24,61,2,0,0,13,0.3303,0,0,0,0
123,119,5,0,1,28,0.473,1,1,1,3
26,44,2,2,0,18,0.4108,0,0,0,0
79,103,6,0,1,37,0.5166,1,1,1,3
197,8,3,3,0,20,0.0487,0,0,0,0
313,69,1,1,0,47,0.1728,0,0,0,0
162,98,7,1,1,16,0.2088,1,1,1,3
322,2,5,0,1,39,0.2725,1,1,1,3
142,56,3,1,0,34,0.3494,1,0,0,1
377,29,4,0,0,7,0.1802,1,1,0,2
12,67,0,3,0,42,0.0342,0,0,0,0
290,56,2,0,0,57,0.278,1,0,0,1
157,83,2,1,0,11,0.1994,0,0,0,0
218,68,2,2,0,19,0.3812,0,0,0,0
237,70,0,1,0,5,0.4589,0,0,0,0
326,81,4,1,0,4,0.1304,1,1,1,3
282,74,4,1,0,22,0.3061,0,0,0,0
316,5,3,1,0,47,0.058,0,0,0,0
180,83,3,0,0,33,0.3605,1,1,1,3
358,38,1,3,0,58,0.1969,0,0,0,0
123,55,1,3,0,35,0.1987,0,0,0,0
354,72,1,0,0,5,0.144,0,0,0,0
163,98,4,0,0,27,0.1894,0,0,0,0
77,29,4,1,1,11,0.1567,1,1,0,2
170,102,1,0,0,58,0.4793,0,0,0,0
237,26,0,0,0,30,0.4897,0,0,0,0
245,93,2,0,0,6,0.1825,1,0,0,1
45,94,0,2,0,0,0.4668,0,0,0,0
95,4,2,2,1,2,0.1331,0,0,0,0
145,21,3,2,1,27,0.1276,1,0,0,1
231,111,3,1,0,16,0.5921,1,1,1,3
15,97,1,1,0,2,0.3575,1,1,0,2
137,1,3,2,0,13,0.1413,1,1,0,2
251,60,1,0,0,3,0.1977,0,0,0,0
339,39,4,1,1,14,0.4901,1,1,0,2
66,25,2,3,0,17,0.2424,0,0,0,0
128,14,1,3,0,20,0.3797,0,0,0,0
278,32,2,1,0,57,0.288,1,0,0,1
183,55,2,3,1,45,0.2792,1,0,0,1
4,63,3,1,0,36,0.072,0,0,0,0
151,57,3,3,0,50,0.1501,1,0,0,1
120,74,6,3,0,20,0.2729,0,0,0,0
83,68,0,3,1,25,0.4113,0,0,0,0
137,14,2,2,0,36,0.2296,0,0,0,0
168,108,1,2,0,46,0.4096,0,0,0,0
176,90,4,1,0,59,0.0889,1,1,0,2
128,12,3,2,0,14,0.1906,0,0,0,0
247,6,1,1,0,45,0.3454,0,0,0,0
175,55,2,3,0,19,0.3597,0,0,0,0
104,88,2,0,0,34,0.0967,1,0,0,1
328,33,4,3,0,40,0.1924,1,0,0,1
76,23,3,3,0,13,0.3948,0,0,0,0
296,100,2,3,1,35,0.311,0,0,0,0
90,70,0,2,0,14,0.1213,0,0,0,0
277,34,3,1,0,6,0.2861,0,0,0,0
57,62,4,1,0,0,0.0925,1,1,1,3
135,117,2,1,0,15,0.0969,0,0,0,0
174,118,1,1,1,40,0.396,1,1,0,2
70,67,1,3,1,20,0.1799,0,0,0,0
247,8,3,1,1,22,0.0982,1,0,0,1
262,67,2,1,0,8,0.1567,0,0,0,0
19,48,3,0,0,36,0.3424,1,1,1,3
196,94,2,1,1,5,0.3705,1,1,1,3
243,28,2,2,0,34,0.2262,0,0,0,0
39,79,2,1,0,40,0.1989,0,0,0,0
154,31,3,1,0,52,0.1227,0,0,0,0
170,8,1,0,0,22,0.3842,1,0,0,1
313,86,2,1,0,26,0.5129,1,0,0,1
330,113,0,0,0,27,0.3664,0,0,0,0
38,11,2,1,0,14,0.2404,1,0,0,1
61,104,4,2,0,6,0.4465,1,1,1,3
243,41,2,2,0,20,0.8266,0,0,0,0
35,92,3,0,0,33,0.2194,1,1,1,3
128,6,2,3,0,4,0.1649,0,0,0,0
55,13,0,1,0,32,0.1518,0,0,0,0
284,24,3,3,0,39,0.3569,0,0,0,0
76,21,1,1,0,38,0.4425,0,0,0,0
366,115,3,3,1,21,0.2012,1,0,0,1
151,39,4,3,0,16,0.1464,0,0,0,0
124,6,2,3,0,47,0.3694,0,0,0,0
135,92,3,1,0,18,0.1844,1,0,0,1
241,9,6,3,0,24,0.0828,1,1,0,2
154,78,1,1,0,3,0.0394,0,0,0,0
320,0,3,0,0,35,0.1059,1,1,0,2
0,73,3,0,0,1,0.2004,1,1,0,2
71,22,2,3,0,51,0.3319,1,0,0,1
129,36,2,1,0,33,0.2663,0,0,0,0
29,92,3,3,0,0,0.3787,1,0,0,1
10,69,2,2,0,7,0.3189,0,0,0,0
339,114,1,1,1,35,0.3681,0,0,0,0
256,66,2,1,1,52,0.1525,1,0,0,1
244,77,4,2,1,59,0.0966,1,1,1,3
147,16,5,1,0,30,0.3348,1,1,0,2
28,108,2,1,1,59,0.4472,1,0,0,1
228,96,5,0,0,28,0.5079,1,1,1,3
177,11,3,1,0,43,0.2155,0,0,0,0
281,100,4,0,0,40,0.0806,1,0,0,1
197,96,4,1,0,15,0.5998,1,1,1,3
277,89,2,0,0,37,0.2277,1,0,0,1
357,95,2,3,1,48,0.244,1,0,0,1
392,42,6,2,1,29,0.0233,1,1,1,3
233,92,5,3,0,43,0.2475,1,1,1,3
391,27,3,2,1,54,0.1934,1,1,0,2
131,106,3,0,0,52,0.2713,0,0,0,0
38,119,6,2,0,34,0.2855,1,0,0,1
283,54,2,0,0,12,0.4068,1,1,0,2
328,26,1,2,0,38,0.3116,0,0,0,0
299,49,1,0,1,59,0.612,0,0,0,0
89,94,1,2,1,8,0.0776,0,0,0,0
220,1,2,0,0,58,0.0848,1,0,0,1
12,44,0,2,0,15,0.1401,0,0,0,0
337,52,4,1,0,36,0.4902,1,1,1,3
149,104,3,1,0,46,0.6554,0,0,0,0
93,114,2,2,1,32,0.1283,1,0,0,1
202,37,4,0,0,33,0.3555,1,0,0,1
98,113,2,2,0,28,0.0562,0,0,0,0
217,114,3,1,0,41,0.3617,1,1,0,2
16,21,3,2,0,55,0.579,1,1,0,2
231,18,4,2,0,21,0.2822,1,1,0,2
155,24,2,0,0,20,0.7129,0,0,0,0
49,51,1,0,0,31,0.1524,0,0,0,0
69,74,5,2,1,8,0.1253,1,1,1,3
326,11,2,2,0,13,0.0153,0,0,0,0
332,104,4,0,0,14,0.2747,1,0,0,1
220,9,3,0,1,11,0.1031,0,0,0,0
350,72,2,2,0,20,0.6276,1,0,0,1
163,23,4,0,0,51,0.1348,1,0,0,1
206,104,3,0,1,16,0.531,1,1,0,2
238,104,3,1,0,36,0.4272,0,0,0,0
254,21,3,0,0,55,0.1363,0,0,0,0
209,116,3,2,0,27,0.4385,0,0,0,0
223,1,4,3,0,25,0.3521,0,0,0,0
64,24,1,1,0,43,0.5042,0,0,0,0
194,69,2,2,1,45,0.302,0,0,0,0
8,1,2,3,0,2,0.3588,0,0,0,0
302,29,5,1,0,30,0.2718,1,1,0,2
49,107,1,0,0,1,0.4038,0,0,0,0
71,48,1,0,0,17,0.3603,1,1,1,3
82,82,3,3,0,17,0.3647,0,0,0,0
282,50,1,0,0,25,0.043,0,0,0,0
268,23,4,0,0,31,0.1291,1,1,1,3
326,23,4,1,0,29,0.3166,1,1,1,3
64,5,4,1,0,49,0.0878,0,0,0,0
32,57,3,3,0,9,0.1336,1,0,0,1
40,100,4,0,0,45,0.1288,1,1,1,3
164,32,2,3,1,52,0.4658,0,0,0,0
260,8,1,0,0,45,0.273,0,0,0,0
67,35,3,2,0,13,0.3262,1,0,0,1
80,66,3,0,1,27,0.6512,0,0,0,0
300,70,2,2,0,15,0.0405,0,0,0,0
313,71,0,1,0,8,0.3345,0,0,0,0
52,93,3,0,1,55,0.0507,1,1,1,3
98,115,2,3,0,4,0.2834,0,0,0,0
81,71,1,0,0,46,0.0952,0,0,0,0
386,67,2,3,1,38,0.2378,0,0,0,0
168,117,2,1,0,51,0.328,0,0,0,0
0,86,2,3,0,53,0.1929,1,0,0,1
175,86,1,3,0,23,0.1346,0,0,0,0
277,55,3,0,0,36,0.2298,1,1,1,3
349,74,3,3,1,9,0.2149,0,0,0,0
296,54,1,2,1,51,0.1003,0,0,0,0
128,29,4,1,0,33,0.3086,1,0,0,1
384,63,2,1,0,26,0.2093,0,0,0,0
129,88,1,2,0,58,0.3407,0,0,0,0
302,110,2,1,0,15,0.0846,0,0,0,0
327,78,1,2,0,47,0.4627,1,0,0,1
212,45,1,0,0,1,0.2097,1,0,0,1
111,47,1,0,0,15,0.4265,0,0,0,0
231,26,2,1,1,56,0.1369,0,0,0,0
252,46,2,1,0,12,0.4693,0,0,0,0
335,13,2,1,0,24,0.0795,1,0,0,1
34,117,0,1,1,29,0.2288,0,0,0,0
22,73,1,3,0,2,0.2208,0,0,0,0
184,116,4,1,0,33,0.2982,1,1,1,3
244,99,1,2,0,55,0.1179,0,0,0,0
96,49,2,0,0,57,0.4062,0,0,0,0
316,57,4,2,0,19,0.4717,1,1,0,2
23,30,3,0,1,32,0.0963,1,1,1,3
274,107,2,1,1,13,0.355,1,1,1,3
18,113,2,1,0,29,0.1932,0,0,0,0
109,59,2,0,1,1,0.4,1,0,0,1
224,33,3,2,1,54,0.1439,1,1,0,2
314,36,2,0,0,36,0.1636,1,0,0,1
119,72,2,3,1,11,0.0526,0,0,0,0
265,89,3,1,0,18,0.0341,1,1,1,3
13,87,6,1,0,34,0.5093,1,1,0,2
103,31,3,0,0,11,0.5116,1,1,1,3
14,90,4,1,1,1,0.6043,1,1,1,3
222,2,4,1,0,42,0.3907,1,1,0,2
257,8,0,3,0,14,0.4375,0,0,0,0
176,88,1,0,0,51,0.6842,0,0,0,0
109,21,0,1,0,43,0.449,0,0,0,0
336,39,5,3,0,13,0.4337,1,1,0,2
231,88,0,1,0,59,0.3038,0,0,0,0
158,74,3,1,0,48,0.2513,0,0,0,0
265,20,3,1,0,54,0.0421,1,0,0,1
248,15,1,0,1,36,0.3681,1,0,0,1
141,28,2,1,0,36,0.3958,1,0,0,1
12,118,0,1,0,28,0.1141,0,0,0,0
58,84,2,2,0,28,0.0729,0,0,0,0
366,80,6,3,0,57,0.2921,1,1,1,3
161,118,2,2,0,3,0.2332,1,0,0,1
305,102,2,2,1,50,0.1651,1,0,0,1
100,97,3,1,0,27,0.4951,1,0,0,1
200,29,2,1,1,35,0.4629,1,1,0,2
89,116,4,0,1,50,0.1229,1,1,1,3
58,48,1,0,0,9,0.4261,0,0,0,0
369,30,2,1,0,4,0.3581,1,1,1,3
351,12,4,1,0,34,0.3281,1,0,0,1
68,8,2,2,0,56,0.5423,0,0,0,0
341,70,2,1,0,19,0.2675,0,0,0,0
85,17,3,0,0,27,0.3918,1,1,0,2
156,62,2,2,0,31,0.2465,0,0,0,0
391,82,2,2,1,54,0.1619,1,0,0,1
137,22,1,1,0,27,0.2278,1,0,0,1
292,40,1,0,0,15,0.2046,1,0,0,1
44,17,2,0,0,21,0.1103,1,1,0,2
251,70,3,0,0,16,0.1276,1,1,1,3
264,96,3,2,0,51,0.3935,0,0,0,0
178,19,1,3,1,39,0.478,0,0,0,0
99,82,2,0,0,21,0.1603,0,0,0,0
157,12,5,1,0,40,0.0529,1,1,1,3
228,85,5,0,0,43,0.0656,1,1,1,3
304,49,0,3,0,48,0.2922,0,0,0,0
392,80,5,2,0,34,0.3042,0,0,0,0
240,8,2,1,0,29,0.1211,1,0,0,1
266,95,2,3,0,41,0.3288,0,0,0,0
12,21,1,1,0,31,0.261,1,0,0,1
112,52,4,2,0,8,0.0326,1,1,0,2
87,84,2,1,0,14,0.3141,0,0,0,0
213,96,3,2,0,1,0.1022,1,1,0,2
28,112,1,0,0,17,0.1798,1,0,0,1
188,117,1,2,0,55,0.5671,0,0,0,0
141,84,1,0,0,24,0.2213,0,0,0,0
385,46,1,3,1,30,0.5069,0,0,0,0
391,70,2,1,0,35,0.3325,1,0,0,1
65,9,4,0,0,30,0.5551,1,1,1,3
105,72,2,1,0,10,0.3123,0,0,0,0
359,26,1,1,0,22,0.2119,0,0,0,0
381,7,4,3,1,38,0.2518,1,0,0,1
364,34,5,2,0,45,0.2641,1,1,1,3
170,114,0,2,0,21,0.3935,0,0,0,0
43,16,0,1,0,58,0.3077,1,0,0,1
2,82,0,2,1,12,0.3425,0,0,0,0
291,84,2,1,0,33,0.0735,0,0,0,0
157,39,5,0,0,6,0.2677,1,1,0,2
59,31,2,1,0,19,0.4141,0,0,0,0
234,13,3,0,0,22,0.4367,1,1,1,3
191,19,5,0,1,57,0.4691,1,1,1,3
284,1,3,0,0,20,0.3602,1,1,1,3
398,18,6,3,0,26,0.1941,1,1,1,3
364,98,3,0,0,13,0.539,1,1,1,3
399,79,2,1,0,44,0.3167,0,0,0,0
235,36,2,1,1,25,0.104,0,0,0,0
113,51,2,0,0,25,0.494,1,0,0,1
396,51,2,1,0,13,0.2442,1,0,0,1
144,29,1,2,0,10,0.052,0,0,0,0
399,115,1,0,0,21,0.2028,1,0,0,1
187,88,1,2,0,27,0.2371,0,0,0,0
345,44,3,2,0,49,0.5768,1,0,0,1
275,28,0,0,0,59,0.1378,1,0,0,1
186,10,3,3,0,3,0.506,0,0,0,0
150,37,3,0,0,44,0.1908,1,1,0,2
152,91,3,1,0,12,0.0167,1,0,0,1
142,22,2,0,0,21,0.1656,1,0,0,1
78,109,3,1,0,4,0.1834,1,1,0,2
376,103,3,3,0,38,0.2318,1,0,0,1
360,107,2,1,0,8,0.2379,0,0,0,0
61,37,4,1,1,17,0.1088,1,1,1,3
224,11,2,2,0,25,0.2755,0,0,0,0
315,13,2,2,0,20,0.4299,0,0,0,0
276,41,4,0,0,53,0.3288,1,1,0,2
311,70,2,1,1,20,0.3633,1,1,0,2
152,57,3,2,1,10,0.3199,1,0,0,1
43,30,2,1,1,27,0.2495,1,0,0,1
44,14,2,3,0,28,0.1431,0,0,0,0
62,8,4,2,0,4,0.2311,1,1,1,3
75,0,1,2,0,58,0.3944,0,0,0,0
12,79,0,1,0,17,0.5713,1,0,0,1
11,76,5,1,0,39,0.2123,1,1,1,3
24,110,2,2,0,50,0.4429,0,0,0,0
47,3,2,1,1,7,0.3196,1,0,0,1
14,52,3,0,0,6,0.4874,1,1,1,3
391,74,3,1,0,53,0.105,1,1,1,3
26,46,1,0,0,18,0.2485,1,0,0,1
100,24,3,1,0,41,0.2358,1,1,1,3
53,40,2,0,0,3,0.0492,0,0,0,0
3,43,2,2,0,38,0.5339,1,1,0,2
277,104,3,1,0,46,0.2897,0,0,0,0
282,119,2,2,0,56,0.311,0,0,0,0
87,70,1,0,0,48,0.5457,0,0,0,0
8,109,2,2,0,57,0.2934,0,0,0,0
114,106,3,2,0,30,0.1994,0,0,0,0
290,103,5,2,1,50,0.1069,1,1,1,3
186,109,3,2,0,57,0.5134,1,0,0,1
53,15,1,3,0,18,0.0854,0,0,0,0
392,13,3,0,0,6,0.2096,1,1,0,2
159,92,4,2,1,58,0.0993,1,1,1,3
217,66,4,3,0,46,0.4495,1,0,0,1
294,6,1,0,0,9,0.3184,0,0,0,0
170,27,1,0,0,58,0.1156,0,0,0,0
38,51,2,1,0,51,0.0659,0,0,0,0
73,95,3,3,0,16,0.0402,1,0,0,1
102,35,3,0,0,47,0.063,1,1,1,3
198,17,2,0,0,30,0.3748,0,0,0,0
175,88,1,2,0,9,0.0784,0,0,0,0
75,4,3,2,0,4,0.1621,1,0,0,1
218,66,2,2,0,48,0.0571,0,0,0,0
87,74,4,2,0,29,0.2508,1,0,0,1
46,0,1,0,0,9,0.0798,1,1,0,2
119,20,1,0,0,35,0.4148,0,0,0,0
285,52,2,1,0,11,0.3099,0,0,0,0
224,76,2,2,0,52,0.4879,0,0,0,0
273,25,5,2,0,51,0.1938,1,1,0,2
63,33,4,2,1,58,0.5166,1,1,1,3
131,87,4,1,0,54,0.2761,1,1,0,2
365,12,3,2,0,40,0.2114,0,0,0,0
51,77,3,0,1,10,0.2075,0,0,0,0
215,72,1,0,1,39,0.315,0,0,0,0
60,21,1,1,0,33,0.2762,1,1,0,2
381,64,1,0,0,1,0.1217,0,0,0,0
341,34,4,0,0,37,0.0767,1,0,0,1
183,85,5,2,0,18,0.144,1,1,1,3
150,3,3,2,0,49,0.1983,1,0,0,1
84,81,3,0,0,46,0.3776,1,1,1,3
285,19,4,2,0,53,0.1531,0,0,0,0
120,51,2,1,0,13,0.371,0,0,0,0
232,7,3,0,1,12,0.2118,1,0,0,1
112,65,5,3,0,11,0.3442,1,1,0,2
38,16,3,0,0,7,0.1628,1,1,0,2
282,87,3,1,0,54,0.2835,0,0,0,0
5,116,2,3,0,37,0.0897,0,0,0,0
393,114,0,2,0,1,0.2628,0,0,0,0
303,57,2,0,0,2,0.3949,0,0,0,0
185,114,1,1,0,4,0.1321,0,0,0,0
395,61,1,3,0,14,0.4077,0,0,0,0
324,16,3,1,1,37,0.1591,0,0,0,0
389,45,2,1,1,6,0.1957,1,0,0,1
261,38,4,2,0,21,0.0958,1,0,0,1
37,111,1,0,0,37,0.0459,0,0,0,0
215,113,2,2,1,30,0.4102,1,0,0,1
312,52,1,2,0,30,0.233,0,0,0,0
129,87,3,1,0,50,0.3833,0,0,0,0
123,40,2,0,0,13,0.2517,0,0,0,0
27,2,2,2,0,9,0.1344,0,0,0,0
225,111,1,1,0,26,0.4521,0,0,0,0
1,102,1,1,0,42,0.4525,0,0,0,0
128,42,3,0,0,43,0.146,1,1,1,3
375,59,4,2,0,28,0.1462,1,1,0,2
138,11,2,2,0,0,0.5659,0,0,0,0
310,47,1,3,0,53,0.2428,0,0,0,0
392,7,5,1,0,31,0.2884,1,1,1,3
287,98,5,1,0,46,0.1347,1,1,1,3
115,99,1,0,0,6,0.0825,0,0,0,0
241,114,3,1,0,57,0.1086,0,0,0,0
162,23,8,1,1,32,0.1459,1,1,1,3
14,87,5,1,1,52,0.2059,1,1,0,2
197,88,1,1,0,58,0.0892,0,0,0,0
84,20,1,3,0,13,0.3545,0,0,0,0
281,30,3,3,0,48,0.2746,0,0,0,0
84,91,1,1,1,16,0.4398,0,0,0,0
217,15,3,0,0,27,0.0032,1,0,0,1
10,85,3,1,0,29,0.2706,0,0,0,0
129,47,0,3,1,42,0.1202,0,0,0,0
119,75,3,2,1,37,0.2515,1,1,0,2
92,26,1,0,0,46,0.2727,0,0,0,0
33,83,2,1,0,14,0.4036,1,1,0,2
58,98,4,0,0,54,0.5961,1,0,0,1
92,112,2,0,0,16,0.4824,1,0,0,1
37,31,1,1,0,49,0.3152,1,0,0,1
182,0,3,3,0,18,0.4086,0,0,0,0
265,89,3,1,0,58,0.2381,1,0,0,1
20,63,2,1,1,6,0.3077,1,0,0,1
369,99,1,1,1,23,0.2986,0,0,0,0
141,73,1,2,0,58,0.2595,0,0,0,0
271,67,2,2,0,22,0.2004,0,0,0,0
289,45,1,1,0,2,0.3893,1,1,0,2
384,81,3,1,1,22,0.3361,1,1,1,3
10,74,4,0,0,16,0.2028,1,1,1,3
280,104,4,1,0,18,0.4203,1,0,0,1
66,101,1,0,0,4,0.2007,0,0,0,0
156,17,1,2,0,55,0.2494,0,0,0,0
45,18,2,0,0,1,0.1642,1,1,0,2
142,76,4,0,0,28,0.317,1,1,1,3
372,98,3,0,1,3,0.1842,1,1,1,3
149,17,3,0,0,44,0.4009,1,1,1,3
120,110,2,2,1,18,0.2321,0,0,0,0
178,99,1,2,0,0,0.271,1,0,0,1
81,93,1,1,0,13,0.0783,1,0,0,1
180,70,4,0,1,17,0.5458,1,1,1,3
140,32,1,0,0,46,0.2697,1,0,0,1
330,117,1,2,0,21,0.3865,0,0,0,0
355,83,2,1,0,11,0.0606,0,0,0,0
81,17,3,2,0,47,0.0526,0,0,0,0
383,107,1,1,0,6,0.0785,0,0,0,0
61,108,1,3,0,6,0.0379,0,0,0,0
37,61,0,2,1,2,0.0931,1,0,0,1
59,81,2,2,0,8,0.1965,0,0,0,0
370,21,2,2,0,36,0.2775,0,0,0,0
119,118,2,1,0,20,0.249,1,0,0,1
240,109,3,0,0,53,0.0893,1,0,0,1
289,97,2,3,0,17,0.3433,0,0,0,0
74,115,2,1,0,37,0.3346,1,0,0,1
356,55,1,1,0,51,0.5265,0,0,0,0
118,51,2,0,0,9,0.1716,1,0,0,1
8,118,2,1,0,38,0.1901,1,1,1,3
209,106,2,1,0,16,0.5801,1,1,0,2
316,35,5,2,0,27,0.3116,0,0,0,0
283,3,3,1,0,47,0.2768,1,1,0,2
206,5,2,1,1,54,0.3902,0,0,0,0
190,60,2,1,0,53,0.6048,1,1,0,2
251,111,2,1,0,3,0.218,0,0,0,0
366,5,6,1,0,16,0.2966,1,1,1,3
229,116,4,2,0,46,0.4347,1,0,0,1
88,21,3,0,0,8,0.2621,1,0,0,1
363,82,2,2,0,49,0.2122,1,0,0,1
233,69,3,2,0,54,0.358,0,0,0,0
46,40,1,3,0,9,0.1146,0,0,0,0
66,52,2,1,0,17,0.2776,1,0,0,1
206,95,3,2,0,8,0.1708,1,0,0,1
220,55,1,3,0,21,0.3658,1,0,0,1
376,10,0,3,0,41,0.2475,0,0,0,0
141,23,2,2,1,39,0.5383,1,1,0,2
333,114,4,2,0,59,0.038,0,0,0,0
256,37,3,0,0,50,0.5057,0,0,0,0
311,33,2,3,0,18,0.2663,0,0,0,0
284,85,6,2,0,35,0.1666,1,1,1,3
296,113,0,2,1,46,0.5724,1,1,0,2
225,110,2,1,0,59,0.1436,0,0,0,0
337,49,2,2,0,50,0.4095,0,0,0,0
173,33,4,3,0,48,0.1228,1,1,0,2
132,51,3,2,0,38,0.389,0,0,0,0
166,32,1,1,1,20,0.4072,0,0,0,0
188,110,3,0,0,37,0.1358,1,1,1,3
37,31,1,1,0,6,0.4641,0,0,0,0
296,51,1,1,0,33,0.4222,0,0,0,0
208,73,4,0,1,58,0.1922,1,1,0,2
62,55,1,1,0,54,0.482,0,0,0,0
59,115,2,1,0,39,0.2418,0,0,0,0
173,111,5,2,0,38,0.6561,1,0,0,1
14,40,2,2,0,53,0.085,1,0,0,1
225,16,0,1,0,31,0.1221,0,0,0,0
96,9,2,3,1,23,0.3266,0,0,0,0
98,99,2,2,0,12,0.3416,0,0,0,0
60,23,4,3,0,2,0.2158,1,1,0,2
28,78,1,1,0,41,0.1809,0,0,0,0
84,119,4,0,0,29,0.2157,1,0,0,1
193,17,2,1,0,15,0.5395,1,0,0,1
85,106,3,1,1,7,0.1401,1,1,1,3
61,57,5,0,0,27,0.2048,1,1,1,3
357,93,2,1,0,38,0.2683,1,0,0,1
207,6,4,0,1,11,0.3467,1,1,1,3
199,6,0,0,0,52,0.1554,0,0,0,0
126,4,4,0,0,7,0.5124,1,1,1,3
249,119,3,0,0,40,0.0796,1,0,0,1
306,82,1,0,0,48,0.6007,1,1,0,2
255,43,2,1,0,59,0.4762,0,0,0,0
131,88,2,0,0,12,0.4091,1,0,0,1
358,79,1,1,1,12,0.1893,1,0,0,1
353,67,1,0,0,39,0.3495,0,0,0,0
174,81,2,3,0,45,0.5548,0,0,0,0
14,23,5,2,0,21,0.3943,1,1,1,3
399,62,4,0,0,10,0.3041,1,1,0,2
37,23,1,2,0,26,0.542,0,0,0,0
320,22,2,0,0,44,0.3717,1,1,0,2
292,64,2,3,1,17,0.5428,0,0,0,0
204,9,3,1,0,13,0.2401,1,1,1,3
52,16,3,0,0,39,0.0695,1,1,1,3
126,64,1,0,0,46,0.0462,1,0,0,1
312,91,1,1,0,44,0.4427,0,0,0,0
375,78,2,0,0,29,0.285,1,0,0,1
46,5,2,2,0,4,0.3574,1,0,0,1
384,32,2,1,0,5,0.1565,0,0,0,0
52,115,1,1,0,54,0.322,0,0,0,0
59,23,3,2,0,25,0.3975,1,0,0,1
217,61,3,3,1,59,0.1857,0,0,0,0
330,27,2,2,0,59,0.1848,0,0,0,0
147,83,3,2,0,27,0.1318,0,0,0,0
366,21,2,2,0,28,0.2296,1,1,1,3
298,101,2,2,0,3,0.5212,1,0,0,1
8,72,1,3,0,7,0.1897,0,0,0,0
118,88,1,1,1,51,0.1127,0,0,0,0
383,37,5,1,1,24,0.025,1,1,1,3
314,114,2,1,0,54,0.2603,1,0,0,1
51,82,2,2,1,15,0.1743,1,0,0,1
1,103,2,1,0,26,0.3843,0,0,0,0
112,110,3,2,1,56,0.149,0,0,0,0
336,72,4,3,0,29,0.3777,0,0,0,0
310,76,4,3,0,46,0.2356,1,0,0,1
349,8,4,0,0,26,0.1767,1,1,0,2
60,117,1,3,0,53,0.036,1,0,0,1
10,7,4,3,0,1,0.2703,1,1,1,3
43,24,2,2,1,45,0.4651,1,0,0,1
14,86,4,1,1,37,0.3247,1,0,0,1
4,6,3,1,0,28,0.2789,1,0,0,1
180,49,2,2,1,3,0.5353,1,0,0,1
38,13,3,1,0,17,0.7866,1,1,1,3
228,96,5,0,0,24,0.2827,1,1,1,3
322,108,3,0,0,39,0.3367,1,0,0,1
240,23,2,1,1,19,0.4648,0,0,0,0
265,73,4,2,0,30,0.3874,1,0,0,1
17,45,4,2,1,55,0.1935,1,0,0,1
160,107,1,2,0,58,0.1494,0,0,0,0
117,53,3,0,0,5,0.0945,1,1,0,2
351,65,5,1,0,2,0.0974,1,1,1,3
240,23,2,1,1,50,0.0771,0,0,0,0
130,8,3,2,0,12,0.2438,1,1,1,3
300,119,4,3,0,20,0.3687,0,0,0,0
149,110,2,1,0,12,0.3582,1,1,1,3
10,75,1,2,0,49,0.1182,0,0,0,0
102,79,1,2,0,40,0.4776,0,0,0,0
57,27,4,2,0,42,0.292,1,1,1,3
115,57,2,2,1,12,0.3883,1,0,0,1
371,71,2,1,1,48,0.1945,1,1,0,2
55,109,1,1,0,6,0.3099,0,0,0,0
262,86,4,2,0,1,0.2532,1,1,0,2
101,25,6,1,0,50,0.4667,1,1,1,3
94,10,2,1,0,47,0.3732,1,0,0,1
342,36,2,1,0,52,0.3304,1,1,0,2
90,101,0,0,1,50,0.1331,0,0,0,0
170,9,1,0,0,17,0.2207,0,0,0,0
259,59,3,3,0,39,0.5694,0,0,0,0
197,101,1,0,1,32,0.0956,1,0,0,1
30,11,4,1,1,15,0.369,1,1,1,3
112,27,6,0,1,55,0.24,1,1,1,3
61,82,2,0,0,15,0.3586,1,1,1,3
120,97,3,3,0,9,0.175,0,0,0,0
275,82,0,1,0,51,0.1519,0,0,0,0
379,97,1,3,0,42,0.208,0,0,0,0
206,92,2,2,1,3,0.371,1,0,0,1
368,32,2,1,0,2,0.168,0,0,0,0
139,34,3,1,0,8,0.1767,1,1,1,3
191,45,4,2,0,17,0.4091,1,0,0,1
150,70,3,0,0,25,0.5158,1,1,0,2
195,119,4,3,0,31,0.3571,1,0,0,1
286,2,3,3,0,36,0.1029,0,0,0,0
189,39,3,2,0,8,0.147,1,1,0,2
353,55,1,3,0,57,0.6464,0,0,0,0
265,115,4,1,0,43,0.2696,1,1,0,2
318,9,5,3,0,4,0.1092,1,1,0,2
156,19,3,2,0,12,0.1406,0,0,0,0
335,74,5,3,0,5,0.3328,1,1,1,3
125,57,4,0,0,29,0.1498,1,1,1,3
249,41,3,1,0,56,0.2925,0,0,0,0
219,15,3,0,0,7,0.193,1,1,1,3
32,33,3,0,0,20,0.5046,1,1,1,3
155,98,4,3,0,53,0.5977,0,0,0,0
84,119,4,0,0,56,0.2108,1,1,1,3
343,19,1,2,0,17,0.6428,0,0,0,0
239,32,2,1,0,41,0.5379,1,1,0,2
322,8,2,3,0,54,0.576,0,0,0,0
23,32,3,0,0,43,0.5532,1,1,1,3
326,76,3,2,0,10,0.5754,1,1,0,2
247,73,3,1,0,38,0.1165,1,0,0,1
36,82,0,0,0,27,0.1454,0,0,0,0
8,81,4,3,1,40,0.3486,1,1,0,2
201,61,3,0,1,33,0.471,1,1,0,2
378,22,2,3,0,15,0.088,1,0,0,1
85,30,1,3,0,42,0.2428,0,0,0,0
277,99,1,1,0,28,0.6598,0,0,0,0
9,8,1,3,0,5,0.4736,0,0,0,0
25,48,1,1,1,27,0.1916,0,0,0,0
277,52,1,1,0,34,0.0636,0,0,0,0
178,93,3,2,0,6,0.1814,1,0,0,1
334,7,4,1,0,56,0.3612,0,0,0,0
209,98,1,1,0,24,0.3506,0,0,0,0
289,88,0,2,0,59,0.2999,0,0,0,0
394,72,2,2,0,41,0.2935,1,1,1,3
62,44,1,1,0,38,0.114,1,0,0,1
17,78,2,2,1,59,0.114,1,0,0,1
55,30,1,2,0,39,0.4279,0,0,0,0
258,56,3,1,0,32,0.3352,1,0,0,1
162,100,5,2,1,23,0.145,1,1,0,2
261,78,2,1,0,15,0.4541,1,1,0,2
368,29,2,1,1,25,0.1238,1,1,0,2
49,79,1,1,0,46,0.3502,0,0,0,0
104,1,1,2,0,3,0.041,0,0,0,0
51,77,3,0,1,5,0.3034,1,1,1,3
315,37,1,2,0,9,0.1591,0,0,0,0
271,92,2,2,1,10,0.2591,0,0,0,0
152,118,2,0,0,17,0.3032,1,0,0,1
199,100,3,3,0,14,0.4174,0,0,0,0
221,83,1,2,0,16,0.2029,0,0,0,0
40,65,5,0,0,26,0.2365,1,1,1,3
207,40,2,0,1,14,0.3206,1,1,0,2
182,36,2,1,0,46,0.3274,0,0,0,0
27,61,1,1,0,16,0.2883,1,0,0,1
145,76,5,3,1,13,0.3438,1,1,0,2
100,90,3,1,0,1,0.1684,1,0,0,1
43,25,2,1,1,3,0.3043,0,0,0,0
85,105,3,0,1,9,0.4035,1,1,0,2
203,82,2,1,0,19,0.2251,1,0,0,1
265,82,3,2,0,44,0.3761,1,1,0,2
161,15,4,3,0,34,0.1961,0,0,0,0
151,76,5,0,0,10,0.4847,1,1,1,3
152,49,3,1,0,35,0.4063,1,1,0,2
1,45,2,0,0,1,0.1036,1,0,0,1
22,35,4,3,0,27,0.2431,1,1,1,3
314,76,1,2,0,58,0.3336,0,0,0,0
255,87,4,1,0,35,0.2846,1,1,0,2
29,6,2,3,1,14,0.2588,0,0,0,0
308,51,0,0,1,50,0.0895,0,0,0,0
310,50,0,2,0,7,0.4253,0,0,0,0
15,36,2,1,0,57,0.5243,1,1,0,2
55,24,2,1,0,53,0.2766,0,0,0,0
38,72,3,2,0,36,0.1488,0,0,0,0
42,42,2,1,0,6,0.4497,0,0,0,0
62,0,3,1,0,9,0.1414,1,1,1,3
397,80,3,0,0,46,0.3304,1,1,1,3
264,80,5,3,0,29,0.1663,1,0,0,1
337,44,3,0,0,50,0.3257,1,1,0,2
12,45,0,2,0,17,0.3944,0,0,0,0
177,4,6,1,0,46,0.3662,1,1,1,3
245,101,2,1,0,55,0.2821,1,1,1,3
98,36,2,1,0,52,0.1912,0,0,0,0
322,52,4,1,0,42,0.2038,1,0,0,1
21,89,4,2,0,59,0.383,1,0,0,1
366,21,2,2,0,32,0.4065,0,0,0,0
226,104,2,1,0,18,0.0455,0,0,0,0
260,96,2,2,0,25,0.5504,1,0,0,1
197,39,3,3,0,0,0.1939,0,0,0,0
144,117,1,0,1,29,0.377,0,0,0,0
150,116,3,2,0,20,0.2578,0,0,0,0
367,35,4,0,0,54,0.6641,1,1,1,3
271,84,2,0,0,47,0.4411,1,0,0,1
262,118,2,1,0,59,0.3435,0,0,0,0
57,112,1,0,0,51,0.2057,0,0,0,0
256,10,2,1,1,13,0.1714,1,1,1,3
383,19,4,1,0,11,0.3376,1,1,0,2
68,0,3,1,1,18,0.2348,0,0,0,0
281,3,4,0,0,20,0.4181,1,1,1,3
113,50,1,1,0,18,0.2928,0,0,0,0
135,37,2,0,0,47,0.2995,1,0,0,1
392,105,3,2,0,11,0.0314,0,0,0,0
315,44,1,2,0,53,0.5503,0,0,0,0
293,67,2,1,0,44,0.3267,0,0,0,0
382,27,1,2,0,39,0.2591,0,0,0,0
251,48,2,1,0,45,0.5062,0,0,0,0
146,84,3,1,0,12,0.116,1,0,0,1
216,76,3,1,1,33,0.4624,1,1,1,3
330,68,1,2,0,15,0.5212,0,0,0,0
185,78,1,2,0,12,0.0808,0,0,0,0
91,65,2,0,0,36,0.3124,0,0,0,0
252,98,6,2,1,20,0.1753,1,1,0,2
161,36,2,1,1,59,0.1619,1,0,0,1
16,27,6,0,0,32,0.3098,1,1,1,3
365,76,2,0,0,26,0.0581,1,0,0,1
344,22,3,2,0,14,0.374,1,1,0,2
171,116,3,2,1,6,0.2223,1,0,0,1
271,35,6,2,0,9,0.6868,1,1,1,3
183,117,2,0,0,12,0.1642,1,1,0,2
181,97,2,1,0,20,0.3712,0,0,0,0
317,99,3,1,0,43,0.2805,0,0,0,0
100,40,2,2,0,16,0.2899,1,0,0,1
227,72,2,0,0,35,0.3556,0,0,0,0
141,23,2,2,1,4,0.1518,1,0,0,1
358,9,3,3,0,43,0.2711,1,0,0,1
13,99,4,2,1,35,0.2392,1,1,1,3
143,59,3,2,0,34,0.3846,0,0,0,0
122,85,2,0,1,15,0.193,1,1,1,3
396,98,2,0,1,37,0.2737,0,0,0,0
365,15,2,0,0,17,0.0793,0,0,0,0
63,83,2,0,0,13,0.4551,1,1,1,3
85,92,1,3,0,42,0.7251,0,0,0,0
202,46,1,2,0,13,0.3349,0,0,0,0
368,12,1,0,0,12,0.1531,0,0,0,0
55,99,2,0,0,53,0.2454,0,0,0,0
325,96,5,0,0,35,0.4694,1,1,1,3
183,3,3,3,0,50,0.0271,0,0,0,0
1,118,2,1,0,13,0.1671,1,1,0,2
250,33,6,3,0,4,0.2176,1,1,1,3
113,76,4,2,1,54,0.2059,1,0,0,1
327,68,3,3,1,20,0.3227,1,1,0,2
73,87,5,2,0,59,0.6828,1,1,0,2
47,46,2,1,0,7,0.1968,1,0,0,1
82,82,3,3,0,9,0.6635,1,0,0,1
125,59,5,3,0,26,0.2424,1,1,0,2
165,35,5,0,0,15,0.4132,1,1,1,3
124,83,2,2,0,27,0.2476,0,0,0,0
362,110,3,1,0,7,0.6333,0,0,0,0
87,38,4,1,0,4,0.39,1,1,1,3
376,86,2,0,0,33,0.1812,1,0,0,1
384,105,3,2,0,27,0.4333,1,0,0,1
142,49,3,0,0,30,0.1805,1,0,0,1
357,50,0,1,0,9,0.1553,0,0,0,0
333,71,3,1,0,37,0.2188,0,0,0,0
23,6,2,0,1,9,0.1315,0,0,0,0
214,101,2,2,1,8,0.2812,1,0,0,1
374,117,1,3,0,12,0.0545,0,0,0,0
86,110,3,1,0,22,0.2196,0,0,0,0
394,47,1,1,0,3,0.3211,1,0,0,1
216,99,1,0,1,5,0.5435,1,0,0,1
371,104,3,2,1,9,0.5389,1,0,0,1
379,5,2,1,0,27,0.1322,0,0,0,0
49,58,2,0,0,59,0.4462,1,1,1,3
140,31,5,3,0,24,0.4436,1,1,1,3
375,65,4,2,0,58,0.1112,0,0,0,0
70,94,1,2,0,57,0.1944,0,0,0,0
385,16,4,2,0,42,0.2582,0,0,0,0
3,49,2,0,0,8,0.3743,1,1,1,3
4,42,6,2,0,42,0.2073,1,1,1,3
32,31,3,0,0,39,0.4724,1,1,1,3
90,42,2,0,0,9,0.1539,1,0,0,1
264,1,2,0,0,4,0.1781,0,0,0,0
135,65,5,2,0,51,0.1871,1,1,1,3
133,93,1,1,1,23,0.2488,0,0,0,0
48,119,5,2,1,11,0.0496,1,1,1,3
119,14,0,3,0,16,0.2221,0,0,0,0
342,25,4,2,0,47,0.1437,1,1,1,3
111,23,4,3,0,49,0.3129,1,0,0,1
160,65,2,0,0,53,0.2415,1,0,0,1
91,37,3,2,0,9,0.2221,0,0,0,0
12,36,0,2,0,50,0.2361,0,0,0,0
36,97,2,3,0,17,0.1334,0,0,0,0
388,52,3,1,0,15,0.1039,0,0,0,0
194,65,4,0,0,52,0.5258,0,0,0,0
85,74,5,0,0,47,0.5232,1,1,1,3
226,20,1,0,0,43,0.3909,1,0,0,1
395,29,3,1,0,11,0.2616,0,0,0,0
86,24,1,0,1,55,0.4972,1,0,0,1
340,76,5,2,0,24,0.3241,1,1,0,2
322,54,3,1,0,52,0.221,0,0,0,0
241,86,5,0,0,17,0.2596,1,1,1,3
321,45,3,1,0,23,0.259,0,0,0,0
388,11,3,0,0,14,0.2296,1,1,1,3
389,16,2,0,0,22,0.4914,1,1,1,3
282,26,1,0,1,24,0.0287,0,0,0,0
354,101,0,3,0,46,0.3148,0,0,0,0
205,55,2,1,0,21,0.3692,0,0,0,0
156,75,2,0,0,9,0.0143,1,0,0,1
293,51,3,0,0,44,0.2043,1,1,0,2
316,57,4,2,0,48,0.5313,1,1,0,2
276,90,4,2,0,6,0.6528,1,1,0,2
324,103,4,3,1,40,0.0395,1,0,0,1
65,46,2,3,1,55,0.4582,0,0,0,0
359,6,2,1,0,31,0.0601,1,0,0,1
363,27,6,2,0,53,0.4318,1,0,0,1
90,98,2,3,0,48,0.0978,0,0,0,0
42,74,2,1,0,2,0.4275,0,0,0,0
255,93,2,2,0,19,0.3889,0,0,0,0
11,12,4,1,0,49,0.611,1,1,0,2
25,37,3,0,1,5,0.164,1,1,1,3
202,79,1,1,0,27,0.1972,0,0,0,0
380,27,7,3,0,19,0.1656,1,1,1,3
395,115,3,0,0,9,0.2548,1,1,1,3
270,33,4,3,1,37,0.1148,1,1,1,3
342,59,3,1,0,30,0.5064,0,0,0,0
49,109,1,0,1,23,0.2965,0,0,0,0
2,65,3,1,0,28,0.0477,1,1,0,2
119,2,2,0,0,31,0.2181,0,0,0,0
110,33,5,0,0,34,0.2713,1,1,1,3
30,44,3,1,0,7,0.2515,1,1,0,2
32,67,1,3,0,46,0.3839,0,0,0,0
387,114,2,1,1,24,0.0499,0,0,0,0
114,56,3,2,1,34,0.1288,1,1,0,2
340,55,1,2,0,9,0.4929,0,0,0,0
147,108,2,0,0,23,0.0904,1,0,0,1
142,95,2,3,0,30,0.247,1,1,1,3
256,88,1,1,0,52,0.3158,1,0,0,1
37,92,1,2,1,49,0.6377,0,0,0,0
19,39,5,0,0,28,0.2102,1,1,1,3
226,102,2,3,0,20,0.2059,0,0,0,0
380,54,3,1,0,15,0.3079,0,0,0,0
262,90,3,2,0,56,0.2723,0,0,0,0
35,69,2,1,0,21,0.0916,0,0,0,0
244,13,2,1,0,33,0.1946,0,0,0,0
86,51,3,2,1,59,0.1126,0,0,0,0
32,4,3,0,0,37,0.3467,1,1,1,3
182,102,0,0,0,8,0.3068,0,0,0,0
310,59,4,3,0,17,0.2392,0,0,0,0
200,55,2,2,0,24,0.1024,0,0,0,0
252,66,4,2,0,9,0.2213,1,1,1,3
333,76,4,3,0,0,0.4035,1,0,0,1
387,43,1,2,0,36,0.0827,1,0,0,1
255,53,2,1,0,50,0.0644,0,0,0,0
224,93,2,1,0,19,0.2581,1,0,0,1
59,6,2,2,0,9,0.245,1,1,0,2
111,51,2,2,0,13,0.3549,1,1,0,2
76,109,2,2,0,49,0.2099,1,0,0,1
249,94,2,1,0,14,0.143,0,0,0,0
70,7,3,3,1,47,0.3573,0,0,0,0
104,66,3,2,0,32,0.2141,0,0,0,0
66,40,0,3,0,26,0.0671,0,0,0,0
333,89,3,3,0,42,0.0468,0,0,0,0
26,19,4,0,0,55,0.1966,1,1,0,2
158,14,1,2,0,24,0.0467,1,0,0,1
236,29,3,2,0,2,0.1082,1,0,0,1
304,103,1,0,0,34,0.108,0,0,0,0
140,108,2,3,0,22,0.3121,0,0,0,0
387,82,1,3,0,8,0.1261,0,0,0,0
274,75,1,1,0,15,0.1427,0,0,0,0
367,2,3,3,1,48,0.0318,0,0,0,0
351,60,1,1,0,33,0.4536,0,0,0,0
152,113,3,0,0,13,0.4494,1,1,0,2
29,41,3,2,0,44,0.3187,1,1,0,2
225,111,1,1,0,20,0.2862,1,0,0,1
61,77,4,2,0,16,0.4734,1,0,0,1
281,54,2,1,0,47,0.1678,0,0,0,0
225,100,2,0,0,20,0.2714,0,0,0,0
144,83,0,1,0,14,0.3485,0,0,0,0
132,93,3,1,0,58,0.3501,1,1,1,3
259,68,3,0,0,49,0.3661,1,0,0,1
323,5,4,0,1,35,0.4497,1,1,1,3
268,119,4,0,0,39,0.1696,1,0,0,1
260,87,2,1,0,8,0.1433,0,0,0,0
285,69,2,0,0,0,0.0279,0,0,0,0
206,52,1,0,0,55,0.1721,0,0,0,0
216,44,2,1,0,16,0.5691,1,0,0,1
37,42,1,1,1,33,0.6067,0,0,0,0
311,32,2,0,1,39,0.031,0,0,0,0
148,86,2,2,0,48,0.225,0,0,0,0
280,69,3,0,0,16,0.5942,1,1,1,3
160,9,3,3,0,48,0.0613,0,0,0,0
198,25,4,3,0,42,0.4989,1,0,0,1
357,24,3,0,0,43,0.3357,1,0,0,1
344,96,3,1,1,22,0.0441,1,1,1,3
5,73,1,0,1,21,0.292,1,0,0,1
31,22,3,2,1,23,0.1715,1,0,0,1
216,118,2,0,0,44,0.4005,1,1,0,2
312,108,1,3,0,13,0.144,0,0,0,0
32,7,3,3,0,48,0.2234,0,0,0,0
255,23,6,0,0,43,0.0993,1,1,1,3
280,115,3,2,1,52,0.1206,1,1,0,2
317,98,6,1,0,45,0.5635,1,1,1,3
256,47,0,2,0,59,0.3111,0,0,0,0
375,119,4,1,1,1,0.291,1,1,1,3
193,93,1,0,0,56,0.2215,0,0,0,0
94,65,2,2,0,37,0.2236,0,0,0,0
43,104,2,1,0,10,0.313,0,0,0,0
221,38,0,3,0,48,0.1146,0,0,0,0
100,109,3,1,0,26,0.1999,1,0,0,1
391,15,1,1,0,1,0.2229,0,0,0,0
255,78,2,1,1,1,0.1593,1,1,1,3
105,43,0,0,1,27,0.0814,0,0,0,0
161,61,1,0,0,1,0.3913,0,0,0,0
179,69,3,0,0,18,0.411,1,1,1,3
238,58,2,2,0,35,0.0815,0,0,0,0
119,69,0,2,0,54,0.402,1,0,0,1
383,32,2,2,0,36,0.3036,0,0,0,0
257,20,1,0,0,5,0.2525,0,0,0,0
348,30,2,0,0,37,0.1179,0,0,0,0
178,112,3,2,0,30,0.3149,0,0,0,0
34,96,2,1,0,35,0.2746,1,0,0,1
8,65,3,0,0,50,0.1961,0,0,0,0
393,57,3,0,0,3,0.4202,1,1,0,2
306,83,1,1,1,5,0.3033,0,0,0,0
233,86,5,0,0,28,0.5528,1,1,1,3
249,32,1,0,0,26,0.124,1,0,0,1
192,43,1,1,0,1,0.2094,0,0,0,0
250,50,1,2,0,43,0.405,0,0,0,0
259,71,0,1,0,30,0.2923,0,0,0,0
243,88,0,1,0,46,0.4548,0,0,0,0
380,65,5,0,1,25,0.1324,1,1,1,3
83,38,1,3,0,11,0.2211,0,0,0,0
127,108,1,1,0,15,0.2108,0,0,0,0
251,13,2,0,0,9,0.3272,0,0,0,0
381,111,3,1,0,11,0.4174,1,0,0,1
287,75,1,0,0,53,0.1964,1,0,0,1
30,47,2,1,0,46,0.062,1,1,0,2
38,19,3,1,0,3,0.3365,1,1,1,3
28,38,1,2,1,54,0.6007,0,0,0,0
107,47,0,0,0,10,0.329,0,0,0,0
213,34,3,2,1,50,0.1626,0,0,0,0
238,9,3,3,0,30,0.4034,0,0,0,0
72,1,3,3,0,16,0.2654,1,1,0,2
84,87,4,1,0,36,0.1982,1,1,1,3
334,29,4,1,0,36,0.2316,1,1,0,2
132,47,1,0,0,44,0.2869,0,0,0,0
359,42,2,2,0,48,0.1706,1,0,0,1
272,18,3,2,1,12,0.2436,1,0,0,1
67,19,2,1,0,39,0.3624,0,0,0,0
145,39,4,0,1,26,0.1539,1,1,1,3
391,25,4,2,0,43,0.0992,1,0,0,1
316,59,4,1,0,11,0.3188,1,1,1,3
328,68,3,0,0,30,0.1607,1,0,0,1
271,30,2,2,0,52,0.8147,0,0,0,0
25,84,1,1,0,4,0.0804,0,0,0,0
244,118,2,2,0,49,0.2519,0,0,0,0
274,82,1,0,0,54,0.5266,0,0,0,0
192,113,1,0,0,26,0.2341,0,0,0,0
35,47,2,3,0,26,0.5277,1,1,0,2
170,3,0,3,0,40,0.4346,0,0,0,0
220,87,2,1,0,15,0.5044,0,0,0,0
300,92,3,3,1,40,0.0781,1,1,1,3
75,74,4,2,0,57,0.1383,1,0,0,1
321,93,3,2,0,22,0.4438,1,1,0,2
315,3,3,0,0,45,0.4109,1,1,0,2
262,68,2,1,0,24,0.2954,0,0,0,0
50,108,2,0,0,18,0.2222,1,0,0,1
191,84,3,1,1,52,0.2544,1,0,0,1
75,17,2,2,0,21,0.1699,0,0,0,0
350,95,1,2,0,52,0.2964,0,0,0,0
233,108,3,0,0,25,0.284,0,0,0,0
393,7,3,0,1,21,0.1686,1,0,0,1
288,67,2,3,0,8,0.325,0,0,0,0
293,72,1,1,0,4,0.2233,0,0,0,0
238,70,3,2,0,39,0.5884,1,1,0,2
274,44,1,1,0,40,0.4007,0,0,0,0
109,86,3,0,0,17,0.2655,1,1,1,3
356,1,2,2,0,44,0.178,1,0,0,1
391,19,3,1,1,37,0.1231,1,1,0,2
213,3,2,3,0,18,0.4397,0,0,0,0
282,31,3,1,0,31,0.6109,1,0,0,1
111,36,2,2,0,42,0.4315,0,0,0,0
88,27,5,2,1,0,0.1397,1,1,1,3
308,49,1,2,0,58,0.1886,0,0,0,0
181,108,3,1,1,8,0.0265,1,1,0,2
307,32,1,0,0,13,0.2962,1,0,0,1
143,92,3,1,0,5,0.5277,1,0,0,1
34,27,3,1,0,52,0.3288,1,1,1,3
165,68,4,0,0,49,0.1186,1,1,1,3
313,80,2,1,0,59,0.4619,1,1,0,2
94,31,1,2,1,7,0.2179,0,0,0,0
344,56,2,1,0,9,0.0607,0,0,0,0
326,45,3,0,1,42,0.3904,1,1,1,3
381,47,1,0,1,7,0.1881,1,1,0,2
25,54,1,1,0,5,0.4045,0,0,0,0
244,45,4,1,0,11,0.3413,1,1,1,3
118,37,3,0,0,56,0.1936,0,0,0,0
178,104,1,2,0,6,0.6154,1,0,0,1
81,49,2,2,0,9,0.4333,0,0,0,0
194,39,4,3,0,55,0.2855,0,0,0,0
59,42,2,1,0,55,0.2183,0,0,0,0
125,101,3,3,0,47,0.0772,0,0,0,0
240,98,3,1,1,42,0.2085,1,0,0,1
235,41,4,1,0,55,0.169,1,1,1,3
239,98,6,1,0,2,0.7105,1,1,1,3
203,96,4,1,0,39,0.0584,1,1,1,3
319,6,4,0,0,9,0.2997,1,1,1,3
161,89,1,3,0,31,0.2062,0,0,0,0
38,103,5,2,0,9,0.2693,1,1,1,3
392,108,3,2,0,14,0.281,1,1,0,2
336,66,4,3,0,28,0.1705,1,1,0,2
268,4,3,3,0,41,0.1255,1,0,0,1
140,86,5,3,0,35,0.2387,1,0,0,1
57,4,4,1,0,28,0.4235,1,1,1,3
353,91,3,1,0,12,0.3818,1,1,1,3
236,26,0,2,0,23,0.2927,0,0,0,0
364,5,4,1,0,6,0.2339,1,1,1,3
263,60,1,1,0,4,0.3587,1,0,0,1
391,41,3,1,0,2,0.176,1,1,1,3
45,49,1,0,0,33,0.1722,0,0,0,0
159,8,3,2,0,2,0.0646,1,0,0,1
55,7,1,2,0,59,0.2812,0,0,0,0
61,45,3,1,0,0,0.1402,1,1,1,3
160,80,2,0,0,49,0.3278,0,0,0,0
230,63,2,1,1,8,0.143,1,0,0,1
236,2,5,3,0,22,0.474,1,1,1,3
217,118,3,1,0,35,0.1291,1,0,0,1
71,113,1,2,0,29,0.4382,0,0,0,0
60,41,3,2,0,20,0.3816,1,0,0,1
224,16,2,1,0,3,0.4479,1,1,0,2
220,76,2,3,1,12,0.2852,0,0,0,0
381,61,2,3,0,32,0.3515,0,0,0,0
127,25,4,2,0,44,0.4807,1,0,0,1
356,37,3,1,0,37,0.3012,1,1,0,2
62,101,1,1,0,0,0.1093,0,0,0,0
38,93,3,0,0,31,0.2489,1,0,0,1
276,93,1,1,0,30,0.3896,0,0,0,0
62,109,2,1,0,26,0.7606,0,0,0,0
45,35,3,3,0,14,0.3347,0,0,0,0
254,3,4,1,0,9,0.2835,0,0,0,0
168,87,4,0,0,27,0.0211,1,1,1,3
157,14,2,0,0,49,0.0249,0,0,0,0
262,62,4,2,1,41,0.1984,1,0,0,1
184,64,2,1,0,50,0.3295,0,0,0,0
63,63,4,1,0,39,0.2213,0,0,0,0
374,13,3,2,0,6,0.3992,1,1,1,3
14,117,0,2,0,48,0.3953,0,0,0,0
83,6,1,3,0,28,0.2804,0,0,0,0
11,92,4,2,0,20,0.245,0,0,0,0
294,37,4,1,0,13,0.1763,1,1,1,3
96,115,1,0,0,35,0.4414,0,0,0,0
272,11,1,2,0,21,0.0247,0,0,0,0
97,43,2,2,0,48,0.3928,1,0,0,1
333,54,2,2,0,46,0.2455,0,0,0,0
313,43,0,1,0,47,0.3673,0,0,0,0
125,21,3,2,0,16,0.261,0,0,0,0
149,54,2,1,0,47,0.2141,0,0,0,0
141,100,1,1,1,13,0.0338,1,0,0,1
155,73,3,3,1,26,0.0648,1,0,0,1
244,63,3,0,1,9,0.2618,1,1,1,3
342,74,3,1,0,55,0.115,0,0,0,0
94,113,0,1,0,0,0.0153,0,0,0,0
319,21,3,2,1,27,0.3478,1,1,1,3
350,80,4,1,1,26,0.1814,1,1,1,3
269,72,2,3,0,51,0.3305,0,0,0,0
226,63,4,3,0,20,0.1805,1,1,1,3
274,98,4,0,0,3,0.4259,1,1,1,3
251,109,2,0,0,17,0.3285,1,1,0,2
229,51,3,0,0,51,0.1493,1,0,0,1
189,85,3,0,1,9,0.7599,1,1,1,3
314,52,1,1,0,52,0.0528,0,0,0,0
212,102,1,1,0,39,0.3565,0,0,0,0
267,15,2,1,0,36,0.1406,0,0,0,0
296,29,2,2,1,37,0.4545,1,0,0,1
9,51,1,2,1,42,0.6371,1,0,0,1
35,110,1,2,0,51,0.1244,0,0,0,0
78,96,2,2,0,44,0.4308,1,0,0,1
372,73,4,0,0,32,0.0866,1,1,1,3
22,61,1,3,0,48,0.1739,0,0,0,0
250,1,5,0,0,57,0.134,1,1,1,3
46,16,1,1,0,53,0.2628,0,0,0,0
92,101,2,1,0,57,0.3946,0,0,0,0
54,59,3,0,1,3,0.5818,1,1,1,3
58,11,2,3,1,53,0.3173,1,0,0,1
295,16,2,0,0,52,0.091,0,0,0,0
333,56,2,2,0,31,0.352,0,0,0,0
189,73,3,2,0,59,0.1876,1,0,0,1
360,27,3,0,0,55,0.4741,0,0,0,0
201,97,0,3,0,4,0.0656,0,0,0,0
117,5,6,0,0,1,0.1873,1,1,1,3
363,109,2,1,0,37,0.2722,0,0,0,0
90,33,1,0,1,34,0.5676,1,0,0,1
250,100,6,3,1,49,0.6119,1,1,1,3
96,20,2,0,0,4,0.1824,1,0,0,1
206,83,2,1,0,0,0.0314,0,0,0,0
342,26,0,0,0,43,0.3883,0,0,0,0
82,51,2,2,0,41,0.096,0,0,0,0
139,103,4,1,0,39,0.6348,1,0,0,1
20,7,5,1,0,51,0.1281,1,1,1,3
154,92,3,2,1,16,0.5339,0,0,0,0
291,23,4,1,1,53,0.2394,0,0,0,0
198,66,3,3,0,14,0.2243,1,1,0,2
140,94,2,1,0,7,0.2908,1,0,0,1
327,26,1,1,0,45,0.6113,1,0,0,1
127,102,2,2,1,33,0.4605,0,0,0,0
46,106,0,1,1,42,0.314,0,0,0,0
221,89,1,0,1,38,0.1,1,0,0,1
363,21,1,0,0,42,0.2307,1,0,0,1
277,58,2,2,0,42,0.4893,1,0,0,1
217,19,5,0,0,24,0.2185,1,0,0,1
163,39,2,0,0,19,0.5349,0,0,0,0
253,76,5,0,1,51,0.3339,1,1,1,3
273,72,3,2,0,47,0.085,0,0,0,0
212,93,2,1,0,15,0.2339,1,0,0,1
323,104,2,1,1,30,0.213,0,0,0,0
382,31,1,1,0,24,0.2035,0,0,0,0
37,98,2,2,0,10,0.1509,0,0,0,0
249,48,2,0,1,47,0.4725,1,0,0,1
355,84,1,0,0,53,0.0214,0,0,0,0
0,111,2,2,0,30,0.3128,1,0,0,1
87,80,3,2,0,14,0.2933,1,0,0,1
333,115,3,3,1,38,0.1339,0,0,0,0
122,113,1,0,0,8,0.1596,0,0,0,0
334,53,2,0,0,54,0.1597,0,0,0,0
230,19,2,2,1,34,0.2362,1,0,0,1
92,6,0,2,0,18,0.2926,0,0,0,0
274,29,3,2,0,15,0.2322,1,0,0,1
128,92,3,3,0,50,0.2745,0,0,0,0
18,23,4,3,0,33,0.421,1,0,0,1
258,32,2,3,0,22,0.6108,0,0,0,0
330,72,2,2,0,51,0.2657,0,0,0,0
54,18,4,0,0,42,0.2613,1,1,0,2
304,16,1,2,0,36,0.3651,0,0,0,0
219,65,5,0,0,33,0.4316,1,1,0,2
353,97,2,3,0,45,0.3457,0,0,0,0
47,30,1,2,1,25,0.1014,1,0,0,1
59,27,4,2,1,26,0.299,1,1,0,2
259,31,2,3,0,8,0.2488,0,0,0,0
125,13,3,1,0,9,0.2107,1,0,0,1
316,72,2,2,0,56,0.2361,0,0,0,0
382,63,0,2,0,57,0.4337,0,0,0,0
99,47,1,3,0,12,0.335,0,0,0,0
101,49,3,2,1,37,0.2641,1,1,1,3
255,81,3,0,0,3,0.2057,1,1,0,2
269,93,2,1,0,54,0.1613,1,0,0,1
166,32,1,1,1,27,0.262,1,0,0,1
326,70,3,0,1,39,0.3331,1,1,1,3
218,119,4,2,0,0,0.3264,0,0,0,0
396,90,3,3,0,23,0.1608,0,0,0,0
139,76,4,2,0,28,0.3783,1,1,0,2
311,47,1,3,0,41,0.3152,0,0,0,0
239,95,2,1,0,25,0.372,0,0,0,0
323,84,2,1,0,54,0.2525,0,0,0,0
353,41,1,1,0,57,0.4955,0,0,0,0
306,79,1,2,0,22,0.7409,1,0,0,1
91,63,2,3,1,36,0.0776,0,0,0,0
341,5,3,1,0,26,0.7042,0,0,0,0
165,32,1,0,0,29,0.0435,0,0,0,0
169,35,4,2,1,19,0.1381,1,1,0,2
34,38,2,1,0,39,0.446,0,0,0,0
18,69,1,2,0,49,0.5641,1,0,0,1
64,54,2,0,0,14,0.1174,0,0,0,0
304,20,2,3,0,18,0.2816,0,0,0,0
260,108,3,3,0,43,0.0826,1,0,0,1
269,68,2,3,0,25,0.0468,0,0,0,0
392,75,2,0,0,16,0.3841,1,1,1,3
289,90,3,3,1,12,0.5826,1,1,0,2
99,39,3,0,0,31,0.1348,1,0,0,1
118,97,2,2,0,52,0.3141,1,0,0,1
292,103,2,0,0,26,0.4015,1,0,0,1
146,2,5,2,0,48,0.1607,1,0,0,1
300,78,1,2,0,54,0.2691,0,0,0,0
322,112,2,1,0,2,0.4007,1,0,0,1
338,70,2,1,0,23,0.4901,0,0,0,0
314,80,2,2,1,1,0.285,1,0,0,1
189,35,6,2,0,28,0.0363,1,1,1,3
104,60,1,1,0,21,0.2101,1,0,0,1
88,65,5,1,0,47,0.3582,1,0,0,1
274,34,3,2,0,42,0.2036,1,0,0,1
321,31,1,3,0,6,0.2034,0,0,0,0
379,118,2,2,0,14,0.263,0,0,0,0
88,13,3,1,0,35,0.1406,1,1,0,2
324,53,3,2,0,24,0.522,1,0,0,1
221,64,1,0,0,15,0.0211,0,0,0,0
83,48,0,3,0,32,0.1131,0,0,0,0
65,67,1,0,0,12,0.1925,0,0,0,0
158,57,2,2,1,55,0.1526,0,0,0,0
202,113,2,1,0,25,0.5707,0,0,0,0
127,30,1,2,0,35,0.5219,1,0,0,1
304,93,2,2,0,28,0.321,0,0,0,0
240,59,3,2,0,52,0.191,0,0,0,0
305,87,3,1,0,45,0.1583,1,0,0,1
281,52,4,1,0,12,0.2882,1,1,0,2
311,28,2,1,0,4,0.2959,0,0,0,0
300,91,3,2,0,24,0.0404,0,0,0,0
227,63,1,0,0,43,0.304,0,0,0,0
95,79,1,1,1,23,0.2395,0,0,0,0
132,7,4,3,0,25,0.3172,0,0,0,0
310,89,3,3,0,36,0.5135,0,0,0,0
168,105,2,2,0,55,0.5141,0,0,0,0
289,23,2,0,0,46,0.1087,0,0,0,0
86,45,4,2,0,44,0.4912,1,1,0,2
381,72,3,3,0,50,0.2081,1,0,0,1
302,50,1,1,0,16,0.2507,0,0,0,0
358,104,2,1,0,16,0.2651,0,0,0,0
175,66,1,0,0,58,0.3566,0,0,0,0
112,54,1,2,0,1,0.4443,1,0,0,1
299,75,3,2,0,21,0.3711,1,1,0,2
58,114,2,2,0,47,0.1875,0,0,0,0
242,73,5,2,0,37,0.2453,1,0,0,1
117,80,6,2,0,12,0.1471,1,1,1,3
236,69,2,1,1,53,0.6254,1,0,0,1
132,97,2,0,0,5,0.3755,1,1,1,3
85,13,2,2,0,16,0.3199,0,0,0,0
93,79,1,2,0,35,0.2993,0,0,0,0
221,113,1,1,0,15,0.0414,0,0,0,0
297,32,2,0,0,20,0.6685,1,1,1,3
144,16,0,2,0,55,0.3984,0,0,0,0
159,79,1,0,0,41,0.4276,0,0,0,0
160,101,1,0,0,19,0.3127,1,0,0,1
91,91,2,2,0,56,0.3437,0,0,0,0
272,83,1,0,1,46,0.3531,0,0,0,0
186,3,5,0,0,6,0.6809,1,1,1,3
312,34,0,2,1,33,0.225,0,0,0,0
279,83,0,0,0,49,0.093,0,0,0,0
303,75,2,1,0,15,0.0731,1,0,0,1
352,10,2,0,1,11,0.1047,1,0,0,1
347,99,2,2,0,47,0.1792,0,0,0,0
184,29,3,0,0,45,0.0922,1,1,1,3
320,7,3,3,0,49,0.1874,0,0,0,0
296,36,2,1,1,13,0.1845,1,1,1,3
218,116,3,1,1,0,0.1931,1,1,1,3
129,68,2,0,0,41,0.1732,1,0,0,1
126,82,1,3,0,56,0.261,0,0,0,0
28,11,2,1,0,45,0.2814,1,0,0,1
142,61,3,3,0,25,0.1775,1,1,0,2
242,79,2,0,0,48,0.6763,0,0,0,0
71,36,2,1,0,38,0.608,1,0,0,1
371,69,1,1,0,11,0.5075,1,1,0,2
140,54,1,2,0,10,0.2887,0,0,0,0
193,24,2,1,0,27,0.4004,0,0,0,0
110,110,2,1,0,26,0.0271,0,0,0,0
234,23,5,1,0,18,0.1613,1,1,1,3
180,0,2,2,0,29,0.3454,0,0,0,0
57,62,4,1,0,42,0.4114,1,1,1,3
260,85,2,2,0,53,0.6249,0,0,0,0
371,79,0,2,0,37,0.5057,0,0,0,0
221,62,2,0,0,18,0.1651,0,0,0,0
167,59,2,3,0,6,0.4584,0,0,0,0
53,75,1,1,0,45,0.1062,0,0,0,0
21,98,5,1,0,11,0.4599,1,1,1,3
4,44,4,0,0,0,0.265,1,1,1,3
108,31,3,1,0,27,0.2138,1,1,0,2
64,21,1,0,0,4,0.5723,0,0,0,0
369,66,2,1,0,15,0.2988,0,0,0,0
208,12,4,1,0,15,0.2755,1,1,0,2
138,114,2,1,0,10,0.2273,0,0,0,0
261,13,2,1,1,57,0.1909,1,0,0,1
137,79,2,0,0,38,0.1411,1,0,0,1
123,42,5,3,0,11,0.2799,1,1,1,3
92,104,2,0,1,25,0.403,1,0,0,1
330,56,3,0,0,45,0.3347,1,1,1,3
292,118,2,2,0,21,0.3916,0,0,0,0
50,59,2,0,1,53,0.0895,0,0,0,0
35,104,2,2,0,41,0.5698,0,0,0,0
150,30,2,1,0,45,0.2108,0,0,0,0
62,43,3,1,0,7,0.1299,0,0,0,0
9,36,1,2,0,54,0.1523,0,0,0,0
276,14,2,1,0,19,0.2087,1,1,0,2
376,91,0,2,0,45,0.1893,0,0,0,0
309,55,1,1,0,43,0.2165,0,0,0,0
308,22,2,2,1,42,0.3331,1,0,0,1
278,81,3,1,0,14,0.2938,1,1,1,3
379,79,0,2,0,37,0.3806,0,0,0,0
82,81,2,3,0,35,0.2308,0,0,0,0
152,19,4,1,0,1,0.496,1,1,1,3
181,62,5,1,1,44,0.2439,1,1,0,2
248,85,2,1,0,27,0.0227,1,0,0,1
135,85,3,1,1,29,0.3527,1,0,0,1
234,60,2,0,0,5,0.3409,0,0,0,0
365,24,2,0,0,46,0.2868,1,0,0,1
44,7,3,3,0,54,0.2655,0,0,0,0
363,25,5,2,1,33,0.1915,1,1,1,3
189,86,3,1,1,7,0.4289,1,1,1,3
161,94,1,1,1,6,0.131,0,0,0,0
20,30,3,1,0,27,0.243,1,1,0,2
343,44,2,0,0,50,0.3688,1,0,0,1
92,87,2,1,0,32,0.1515,1,1,0,2
327,48,2,3,0,40,0.4078,0,0,0,0
235,93,3,0,1,27,0.4517,1,1,1,3
79,59,6,3,0,14,0.2201,1,1,1,3
326,42,3,2,0,25,0.4187,1,1,0,2
198,112,2,1,0,10,0.1374,0,0,0,0
245,87,3,1,0,10,0.4401,1,0,0,1
268,26,1,2,0,57,0.0743,1,1,0,2
233,41,3,2,0,21,0.4017,1,0,0,1
225,1,1,3,0,14,0.0793,0,0,0,0
207,43,2,1,0,40,0.1897,0,0,0,0
287,43,1,0,0,21,0.0429,1,0,0,1
265,89,3,1,0,50,0.2699,1,1,1,3
360,62,3,3,0,14,0.7448,1,1,0,2
217,27,7,3,0,2,0.2528,1,1,0,2
316,22,2,1,1,16,0.3179,1,0,0,1
159,71,2,1,1,27,0.2074,1,0,0,1
337,42,5,2,0,17,0.1668,1,0,0,1
176,104,4,0,1,34,0.5592,0,0,0,0
146,38,3,1,0,23,0.2374,1,0,0,1
182,2,1,3,0,56,0.349,0,0,0,0
373,79,0,2,0,19,0.0367,0,0,0,0
132,100,4,0,0,15,0.5972,1,1,1,3
228,28,1,1,0,55,0.2612,0,0,0,0
94,17,0,2,0,25,0.3078,0,0,0,0
317,77,5,1,0,36,0.1625,1,1,1,3
324,13,3,2,0,28,0.4306,0,0,0,0
317,61,3,1,0,4,0.0715,1,0,0,1
307,87,3,1,1,55,0.5529,1,0,0,1
251,58,1,0,1,58,0.4547,0,0,0,0
328,81,3,0,1,8,0.4449,1,1,1,3
80,64,2,3,0,4,0.2667,0,0,0,0
395,57,4,3,0,12,0.1519,1,0,0,1
17,72,3,3,0,59,0.3064,0,0,0,0
206,115,2,1,0,50,0.2668,0,0,0,0
147,103,5,3,0,4,0.5699,1,1,0,2
340,20,3,2,1,41,0.1767,1,1,0,2
139,102,1,1,1,23,0.6077,1,0,0,1
130,56,2,0,0,15,0.0338,0,0,0,0
223,33,4,0,0,31,0.4356,1,1,1,3
300,62,4,0,0,11,0.2401,1,1,1,3
233,15,3,0,1,41,0.1731,0,0,0,0
370,118,3,2,0,20,0.1953,1,0,0,1
12,38,0,3,0,31,0.0704,0,0,0,0
194,5,5,2,0,23,0.3288,1,1,1,3
41,50,1,0,1,1,0.4854,1,0,0,1
82,118,2,1,0,6,0.4036,1,0,0,1
123,51,1,1,0,30,0.1476,0,0,0,0
34,14,1,1,0,50,0.5765,0,0,0,0
388,67,3,3,0,55,0.3289,0,0,0,0
310,60,1,1,1,23,0.459,0,0,0,0
72,90,5,0,0,7,0.2625,1,1,1,3
8,78,3,2,0,26,0.2111,1,0,0,1
292,86,4,3,0,46,0.0321,1,0,0,1
104,76,3,1,0,16,0.4479,1,1,1,3
265,27,7,2,0,1,0.4174,1,1,1,3
94,119,2,1,0,37,0.3745,0,0,0,0
54,87,3,2,0,8,0.5316,1,0,0,1
398,24,3,3,0,18,0.4287,0,0,0,0
98,105,2,3,0,59,0.2536,0,0,0,0
117,13,3,0,0,51,0.1533,0,0,0,0
148,113,2,1,0,1,0.3298,1,1,1,3
360,9,2,0,0,28,0.3994,0,0,0,0
71,38,2,0,0,31,0.1887,1,0,0,1
241,23,6,3,0,0,0.0893,1,1,1,3
256,101,1,2,0,34,0.3091,0,0,0,0
378,61,3,0,0,40,0.2954,1,1,0,2
340,41,3,0,0,8,0.371,0,0,0,0
277,23,4,3,0,44,0.4818,1,1,0,2
145,33,4,3,0,27,0.279,0,0,0,0
79,92,3,0,0,40,0.1381,0,0,0,0
379,52,1,2,0,34,0.1753,1,0,0,1
15,114,2,0,0,11,0.6746,1,0,0,1
102,78,2,1,0,30,0.3224,0,0,0,0
247,47,0,2,0,13,0.2382,0,0,0,0
350,109,2,1,1,28,0.3702,0,0,0,0
150,99,2,1,0,38,0.1589,0,0,0,0
320,66,2,3,0,18,0.0852,0,0,0,0
77,100,4,2,1,59,0.0323,1,1,0,2
323,104,2,1,1,21,0.2039,0,0,0,0
14,56,3,0,0,6,0.2314,1,0,0,1
308,35,3,1,0,21,0.1141,1,0,0,1
105,30,1,1,0,3,0.3827,0,0,0,0
387,58,1,2,1,2,0.4205,0,0,0,0
59,45,2,1,0,57,0.3777,1,0,0,1
125,21,3,2,0,16,0.3172,1,1,1,3
145,48,2,0,0,40,0.2827,0,0,0,0
209,78,0,0,0,54,0.2873,0,0,0,0
118,42,3,2,0,57,0.2497,0,0,0,0
72,74,6,0,1,34,0.2778,1,1,1,3
76,55,1,0,0,59,0.5437,0,0,0,0
149,76,3,0,0,28,0.673,0,0,0,0
224,117,2,1,1,42,0.1363,1,1,0,2
5,111,1,2,0,10,0.3277,0,0,0,0
249,61,2,0,0,58,0.2687,0,0,0,0
285,75,2,0,1,43,0.3862,0,0,0,0
240,68,3,1,0,12,0.1738,0,0,0,0
256,72,3,1,0,39,0.4978,1,0,0,1
219,88,1,1,1,11,0.5113,1,0,0,1
240,117,1,1,0,43,0.0282,0,0,0,0
298,27,6,1,0,29,0.5979,1,1,1,3
157,95,2,0,0,30,0.057,0,0,0,0
247,4,2,2,0,16,0.5668,0,0,0,0
59,114,2,0,0,54,0.5657,1,0,0,1
168,28,1,0,1,24,0.1585,1,0,0,1
87,18,3,2,0,2,0.0176,0,0,0,0
127,30,1,2,0,55,0.3653,0,0,0,0
65,10,2,0,0,4,0.1378,1,1,1,3
113,7,3,1,0,29,0.1674,0,0,0,0
56,106,3,1,0,48,0.3585,1,1,1,3
389,91,3,1,0,50,0.4112,0,0,0,0
288,35,5,3,1,34,0.2876,1,1,1,3
302,69,2,0,0,47,0.1421,0,0,0,0
268,62,4,3,0,2,0.1627,0,0,0,0
146,24,3,2,0,34,0.5542,0,0,0,0
9,16,1,1,0,2,0.3976,1,0,0,1
13,117,2,0,0,13,0.3541,1,1,0,2
15,96,3,0,0,7,0.1739,1,0,0,1
123,7,3,0,0,57,0.5861,1,1,0,2
67,87,3,1,0,37,0.3876,1,1,1,3
31,65,5,2,0,40,0.3478,1,1,1,3
232,12,4,1,0,43,0.2288,1,0,0,1
266,63,2,3,0,56,0.0439,0,0,0,0
79,118,3,2,0,2,0.5559,1,1,1,3
118,109,4,0,0,58,0.2702,1,1,1,3
130,25,3,2,0,22,0.0368,0,0,0,0
247,98,4,1,0,57,0.1776,1,1,1,3
214,18,3,2,0,43,0.2057,0,0,0,0
310,61,1,0,0,1,0.3325,1,0,0,1
119,59,3,0,0,14,0.2345,1,1,0,2
245,10,2,2,0,45,0.2952,0,0,0,0
307,86,2,3,1,20,0.0808,1,0,0,1
99,0,3,3,0,18,0.2926,0,0,0,0
3,34,2,1,0,32,0.1294,1,0,0,1
1,0,3,2,0,38,0.3687,0,0,0,0
161,94,1,1,1,4,0.263,1,0,0,1
148,56,3,1,0,16,0.2033,1,0,0,1
282,43,3,1,0,49,0.2003,0,0,0,0
6,7,3,2,0,24,0.4732,1,0,0,1
75,50,1,1,1,41,0.3034,0,0,0,0
59,10,3,2,1,22,0.1528,1,0,0,1
313,104,2,0,0,45,0.3385,1,0,0,1
108,67,1,2,0,1,0.1989,0,0,0,0
271,21,2,0,0,25,0.3316,0,0,0,0
297,47,0,3,0,25,0.3046,0,0,0,0
101,32,3,1,1,41,0.5386,1,1,0,2
27,11,1,2,0,54,0.2509,0,0,0,0
12,31,0,0,0,28,0.3009,0,0,0,0
249,43,2,1,0,51,0.2914,0,0,0,0
244,12,3,1,1,16,0.1449,1,1,1,3
276,88,1,1,0,45,0.059,0,0,0,0
265,85,6,0,0,42,0.4645,1,1,1,3
12,94,0,2,0,25,0.3445,0,0,0,0
111,57,3,3,0,3,0.2629,0,0,0,0
272,80,2,2,0,26,0.5015,0,0,0,0
237,64,0,1,1,41,0.4387,0,0,0,0
255,28,3,1,0,6,0.171,1,1,0,2
172,20,0,1,0,20,0.4604,0,0,0,0
205,71,3,1,0,50,0.212,1,1,0,2
233,28,2,2,0,34,0.2735,0,0,0,0
306,32,2,0,0,6,0.3551,1,1,0,2
39,12,4,0,0,45,0.3775,1,1,1,3
116,75,2,1,0,47,0.197,1,0,0,1
274,77,4,2,0,51,0.2007,1,0,0,1
211,65,5,2,0,4,0.3126,1,0,0,1
275,70,1,0,1,49,0.4719,0,0,0,0
3,115,3,0,0,0,0.4253,1,1,0,2
376,32,0,3,1,18,0.0993,0,0,0,0
166,42,3,2,0,10,0.595,1,0,0,1
254,60,1,1,1,13,0.3698,1,0,0,1
258,67,1,3,0,57,0.3922,0,0,0,0
330,53,2,1,0,11,0.2656,1,1,0,2
399,17,2,0,0,26,0.2318,0,0,0,0
6,78,2,1,0,24,0.3558,1,1,0,2
298,0,3,2,0,6,0.0961,1,1,1,3
194,98,5,3,0,29,0.4026,0,0,0,0
40,86,4,0,1,6,0.2898,1,1,1,3
261,53,2,1,1,56,0.523,0,0,0,0
96,0,3,0,0,50,0.3779,1,1,0,2
209,103,3,1,1,36,0.7671,1,1,1,3
5,86,2,3,0,0,0.1258,1,0,0,1
40,63,2,3,1,49,0.4346,0,0,0,0
114,15,3,3,0,8,0.2816,1,0,0,1
33,113,2,2,0,51,0.572,1,0,0,1
168,103,3,1,0,15,0.3721,1,1,1,3
286,41,4,1,0,55,0.4425,1,1,1,3
66,7,1,3,0,26,0.4476,0,0,0,0
326,104,4,1,0,17,0.1565,1,1,1,3
35,48,1,0,0,24,0.5406,0,0,0,0
51,84,2,0,1,30,0.1111,0,0,0,0
179,27,6,1,0,4,0.2731,1,1,1,3
57,114,3,0,0,26,0.2332,1,1,1,3
398,98,6,0,0,6,0.2689,1,1,1,3
185,58,1,2,0,10,0.138,0,0,0,0
252,82,3,2,0,48,0.253,0,0,0,0
10,62,2,0,0,59,0.6385,1,1,0,2
219,93,4,1,1,51,0.4092,1,1,1,3
354,59,3,3,0,58,0.1809,0,0,0,0
378,96,4,2,1,3,0.4073,1,1,1,3
175,81,1,0,1,46,0.1365,1,1,1,3
112,14,1,0,1,5,0.3814,1,1,1,3
202,1,2,1,0,32,0.2691,1,0,0,1
170,14,0,0,0,35,0.1782,0,0,0,0
203,18,4,2,1,33,0.3662,0,0,0,0
186,9,5,3,0,24,0.188,1,1,0,2
184,24,1,1,0,8,0.1868,1,0,0,1
216,48,2,2,0,29,0.5521,0,0,0,0
112,3,4,3,0,30,0.2775,1,1,1,3
316,75,0,1,0,41,0.5692,0,0,0,0
308,117,0,1,1,39,0.33,1,0,0,1
362,45,6,2,0,26,0.3871,1,1,1,3
141,12,2,1,0,31,0.2699,0,0,0,0
114,97,3,3,0,24,0.1908,0,0,0,0
59,119,5,2,1,3,0.1689,1,0,0,1
161,27,4,0,0,23,0.3806,1,1,1,3
186,53,2,2,0,11,0.1785,0,0,0,0
70,59,5,0,0,48,0.4045,1,1,1,3
7,119,3,2,0,9,0.2892,1,0,0,1
55,48,2,2,0,26,0.2568,0,0,0,0
257,118,0,1,0,24,0.2713,0,0,0,0
237,18,1,1,1,4,0.0903,0,0,0,0
117,80,6,2,0,24,0.2375,1,1,1,3
118,39,4,1,1,22,0.241,1,1,1,3
341,96,4,0,0,45,0.712,1,1,1,3
301,33,4,2,0,21,0.1514,0,0,0,0
57,38,4,2,0,34,0.2859,1,1,1,3
202,43,1,0,0,47,0.5177,0,0,0,0
51,83,1,1,0,17,0.4632,0,0,0,0
202,20,1,2,0,13,0.1677,0,0,0,0
69,67,2,1,0,46,0.5122,0,0,0,0
18,95,1,3,1,5,0.2451,0,0,0,0
113,67,1,1,0,14,0.1514,0,0,0,0
174,29,3,1,0,48,0.2169,1,1,0,2
169,59,3,1,0,54,0.5629,1,0,0,1
196,22,2,3,0,52,0.6239,0,0,0,0
376,1,2,3,1,50,0.3346,1,0,0,1
341,69,2,1,0,44,0.2743,0,0,0,0
330,11,1,1,0,33,0.2836,0,0,0,0
283,38,1,2,0,33,0.2503,0,0,0,0
147,80,5,0,0,14,0.3949,1,0,0,1
180,70,4,0,1,3,0.2159,1,1,1,3
333,67,2,0,0,54,0.5451,1,1,1,3
135,52,4,1,0,22,0.0543,1,0,0,1
293,36,1,0,0,10,0.2879,0,0,0,0
101,62,5,2,0,55,0.2215,1,1,1,3
104,97,1,1,1,6,0.1823,0,0,0,0
153,37,1,1,0,50,0.0894,0,0,0,0
158,102,1,2,0,18,0.2533,0,0,0,0
84,90,4,3,0,36,0.6305,1,1,0,2
59,13,2,1,0,18,0.2505,0,0,0,0
331,7,3,3,0,19,0.2837,1,0,0,1
83,119,2,3,1,57,0.2571,0,0,0,0
337,20,3,2,0,59,0.1951,0,0,0,0
58,31,2,3,0,39,0.0414,0,0,0,0
78,83,3,1,0,46,0.2049,1,0,0,1
331,93,2,1,1,0,0.0706,0,0,0,0
80,30,2,0,0,31,0.2616,1,0,0,1
106,1,0,0,1,45,0.1492,1,0,0,1
77,9,5,1,1,0,0.5336,1,1,1,3
246,115,2,1,0,6,0.2786,0,0,0,0
30,68,3,2,0,48,0.5884,1,0,0,1
35,49,3,3,0,27,0.4976,0,0,0,0
121,103,3,3,0,12,0.064,1,0,0,1
92,31,1,1,0,13,0.3219,0,0,0,0
105,115,1,2,0,37,0.3843,0,0,0,0
134,64,2,3,1,55,0.3093,1,0,0,1
382,110,0,0,0,51,0.3764,0,0,0,0
269,2,4,0,0,36,0.3275,1,1,1,3
63,110,3,1,0,38,0.0888,0,0,0,0
375,78,2,0,0,22,0.2004,1,0,0,1
39,39,4,1,1,36,0.2243,1,0,0,1
354,38,0,0,0,46,0.1373,0,0,0,0
340,99,3,1,0,39,0.2099,0,0,0,0
305,88,2,0,0,50,0.2332,0,0,0,0
348,91,2,1,0,15,0.076,1,1,0,2
292,22,2,3,0,7,0.5514,0,0,0,0
332,61,4,2,0,30,0.1866,0,0,0,0
57,10,3,2,0,3,0.0967,1,0,0,1
381,62,5,0,0,58,0.3137,1,0,0,1
282,91,3,1,0,26,0.1126,1,1,1,3
320,80,3,0,0,51,0.1911,1,1,0,2
228,46,2,1,1,16,0.7174,1,0,0,1
228,38,3,2,0,40,0.4001,1,0,0,1
382,21,0,0,0,54,0.0828,0,0,0,0
253,16,4,1,0,47,0.3252,1,1,1,3
185,70,2,2,0,10,0.0563,0,0,0,0
97,62,2,0,1,34,0.096,1,0,0,1
58,100,2,3,0,34,0.2788,0,0,0,0
2,49,1,1,0,30,0.2427,0,0,0,0
235,115,2,1,0,58,0.3678,0,0,0,0
253,89,4,0,0,43,0.2245,1,1,1,3
265,40,3,2,0,32,0.2401,0,0,0,0
119,41,2,2,0,16,0.0911,0,0,0,0
51,12,4,1,1,52,0.4411,1,1,1,3
357,9,5,3,0,58,0.0841,1,1,0,2
329,107,3,1,0,22,0.537,1,1,1,3
325,108,3,1,0,3,0.4011,1,1,1,3
224,79,1,1,0,23,0.1467,0,0,0,0
257,0,1,0,0,52,0.1863,0,0,0,0
50,31,1,0,0,47,0.5968,0,0,0,0
348,68,2,0,0,2,0.2653,1,1,1,3
5,45,3,1,1,39,0.3404,1,1,0,2
357,38,3,3,0,2,0.6967,1,1,0,2
120,116,5,3,0,16,0.1425,1,1,1,3
90,65,1,0,0,3,0.4042,1,0,0,1
156,85,3,1,0,54,0.1563,0,0,0,0
247,48,2,1,0,30,0.3738,1,0,0,1
185,114,1,1,0,26,0.2338,0,0,0,0
93,15,3,3,0,30,0.1448,0,0,0,0
352,117,1,0,0,30,0.0927,0,0,0,0
286,104,3,2,0,54,0.098,0,0,0,0
81,73,2,1,0,15,0.034,1,0,0,1
226,72,3,3,1,51,0.2181,1,0,0,1
72,10,1,3,0,1,0.5267,0,0,0,0
276,32,2,1,0,51,0.3115,1,0,0,1
143,9,3,1,1,36,0.3989,1,1,1,3
394,37,3,1,0,27,0.0466,0,0,0,0
33,54,2,2,0,57,0.1372,0,0,0,0
329,34,5,0,1,24,0.2584,1,1,1,3
371,26,1,2,0,27,0.452,0,0,0,0
130,64,1,1,1,20,0.2598,0,0,0,0
272,115,1,2,0,17,0.2027,0,0,0,0
248,92,1,3,0,34,0.0406,0,0,0,0
117,44,4,0,0,14,0.0115,1,1,1,3
394,51,3,1,0,17,0.1517,0,0,0,0
294,88,2,2,1,19,0.3692,0,0,0,0
92,27,4,2,0,29,0.3394,1,1,1,3
389,5,3,1,0,59,0.3616,1,0,0,1
263,98,4,2,1,0,0.1465,1,1,0,2
232,95,2,0,0,37,0.478,0,0,0,0
157,25,6,0,0,45,0.1,1,1,1,3
63,21,2,1,0,16,0.1976,0,0,0,0
208,36,3,1,0,15,0.2571,1,1,1,3
261,89,2,1,0,0,0.0391,0,0,0,0
66,98,3,3,0,24,0.1998,0,0,0,0
246,85,4,0,1,46,0.3533,1,1,1,3
210,0,2,1,0,39,0.2739,0,0,0,0
393,71,1,1,0,20,0.1015,0,0,0,0
19,7,5,0,0,33,0.4307,1,1,1,3
313,1,2,2,0,26,0.049,0,0,0,0
265,92,4,2,0,51,0.1895,1,1,1,3
133,114,3,1,1,20,0.1895,1,1,1,3
65,7,4,0,0,7,0.4482,1,1,1,3
309,114,2,0,1,21,0.2088,0,0,0,0
319,19,3,3,0,1,0.241,1,0,0,1
323,14,2,1,0,6,0.1426,0,0,0,0
388,37,4,2,0,51,0.1497,1,1,1,3
29,97,2,0,1,22,0.6547,1,0,0,1
110,47,1,0,0,5,0.2443,0,0,0,0
377,13,4,1,0,14,0.1437,1,0,0,1
0,2,3,3,0,59,0.2771,0,0,0,0
17,68,5,3,0,40,0.0102,1,1,1,3
25,45,2,0,0,13,0.2004,1,0,0,1
241,20,4,0,0,7,0.3578,1,1,1,3
244,43,1,1,1,20,0.4843,1,0,0,1
185,109,2,2,0,52,0.5044,1,0,0,1
68,107,2,1,0,12,0.0602,0,0,0,0
149,5,2,2,0,33,0.6399,0,0,0,0
189,56,3,0,0,35,0.1517,1,1,1,3
360,13,2,1,1,12,0.1829,1,1,1,3
295,99,1,0,0,47,0.0535,0,0,0,0
99,40,1,0,0,23,0.1835,0,0,0,0
109,57,2,3,1,46,0.3853,1,0,0,1
6,118,1,0,0,27,0.2025,0,0,0,0
295,65,3,1,0,13,0.2784,1,1,0,2
266,27,4,3,0,34,0.1226,0,0,0,0
393,21,2,2,0,53,0.1478,0,0,0,0
343,22,2,2,0,42,0.1455,0,0,0,0
141,81,1,2,0,34,0.2634,0,0,0,0
95,26,1,1,1,17,0.3251,0,0,0,0
117,99,3,1,1,8,0.4634,1,1,1,3
221,74,2,0,0,24,0.3171,0,0,0,0
257,16,1,1,0,12,0.3021,0,0,0,0
394,66,3,2,1,30,0.426,1,1,1,3
165,114,3,2,0,11,0.0613,1,1,0,2
133,72,1,1,1,28,0.022,1,1,0,2
119,48,1,3,0,19,0.2961,0,0,0,0
281,25,5,3,0,41,0.2794,1,1,0,2
135,51,2,0,0,7,0.4603,1,0,0,1
143,57,3,1,0,17,0.195,1,1,1,3
269,69,1,2,0,45,0.1664,0,0,0,0
275,46,0,2,1,32,0.7186,0,0,0,0
154,43,1,1,0,0,0.285,0,0,0,0
169,116,3,1,0,10,0.3341,1,1,0,2
43,36,1,0,0,18,0.1564,1,0,0,1
6,23,6,2,0,35,0.2213,1,1,1,3
217,85,4,1,0,35,0.6776,1,1,1,3
279,31,1,2,0,50,0.1779,0,0,0,0
144,23,2,0,0,19,0.2802,1,1,1,3
302,40,1,1,0,4,0.2069,1,0,0,1
127,53,2,1,0,53,0.1162,1,0,0,1
127,36,3,1,0,13,0.5657,1,1,1,3
270,109,3,1,0,53,0.7414,1,0,0,1
382,38,0,2,0,8,0.112,0,0,0,0
39,92,3,1,0,10,0.529,1,0,0,1
108,6,2,2,0,7,0.2973,0,0,0,0
254,104,5,0,0,24,0.0658,1,1,1,3
61,55,1,3,0,13,0.5926,0,0,0,0
272,77,2,1,0,21,0.4439,1,0,0,1
168,94,1,0,0,33,0.6895,1,1,0,2
271,95,3,2,0,28,0.3723,1,0,0,1
94,75,0,0,0,55,0.1216,0,0,0,0
317,35,7,1,1,57,0.5107,1,1,1,3
210,10,1,2,0,34,0.421,1,1,0,2
179,19,5,2,0,12,0.3984,1,0,0,1
308,6,1,1,1,54,0.3208,0,0,0,0
88,23,5,2,0,37,0.2262,1,0,0,1
67,59,2,1,0,1,0.1013,1,0,0,1
339,89,3,2,0,7,0.2662,1,1,0,2
110,46,2,0,1,58,0.0734,1,0,0,1
277,6,2,3,0,24,0.0835,0,0,0,0
244,100,3,3,0,52,0.3661,1,0,0,1
135,94,3,0,0,33,0.2719,1,0,0,1
284,21,3,2,0,45,0.3874,1,1,0,2
234,91,3,0,0,4,0.7937,1,0,0,1
204,66,3,1,1,19,0.4007,1,0,0,1
392,117,2,1,0,19,0.2543,0,0,0,0
161,79,1,2,0,15,0.4372,0,0,0,0
385,2,5,3,0,57,0.2783,1,0,0,1
165,44,4,1,0,50,0.0362,1,1,0,2
148,39,4,1,0,8,0.1711,0,0,0,0
90,78,1,2,0,1,0.2371,0,0,0,0
302,47,2,2,0,0,0.1841,1,0,0,1
395,95,1,3,0,36,0.199,0,0,0,0
282,74,4,1,0,7,0.3504,1,1,1,3
338,85,4,0,0,31,0.2373,1,1,0,2
255,57,4,0,0,58,0.3768,1,1,0,2
388,1,3,3,1,53,0.2358,0,0,0,0
132,61,3,3,0,53,0.4249,0,0,0,0
93,82,1,0,0,50,0.4681,1,0,0,1
268,41,3,1,0,40,0.1618,0,0,0,0
198,1,1,3,0,33,0.456,0,0,0,0
166,12,2,0,0,54,0.1324,0,0,0,0
202,29,2,1,0,54,0.3066,0,0,0,0
257,43,0,2,0,21,0.2108,0,0,0,0
19,92,4,0,0,51,0.0798,1,1,1,3
91,29,1,1,0,25,0.0758,0,0,0,0
168,83,2,0,0,18,0.4595,1,0,0,1
361,60,1,0,0,29,0.4128,1,1,0,2
49,32,1,1,0,16,0.5353,1,0,0,1
139,20,1,2,0,28,0.3108,0,0,0,0
20,94,2,0,0,28,0.0896,0,0,0,0
366,89,3,3,0,24,0.7308,0,0,0,0
106,49,0,3,1,59,0.2623,0,0,0,0
173,74,5,3,0,53,0.3451,0,0,0,0
239,117,1,1,0,58,0.3434,0,0,0,0
388,64,2,0,0,15,0.0548,1,1,0,2
386,83,1,2,0,36,0.1499,0,0,0,0
357,76,4,0,0,24,0.206,1,0,0,1
160,32,0,3,0,36,0.5742,0,0,0,0
5,1,0,0,1,30,0.5212,1,0,0,1
353,111,4,2,1,7,0.1901,1,1,1,3
355,78,1,1,0,57,0.2748,0,0,0,0
6,116,4,1,0,18,0.4961,1,1,0,2
204,47,2,2,0,43,0.1912,0,0,0,0
28,33,2,1,0,53,0.211,1,0,0,1
370,90,5,3,0,44,0.6061,1,1,1,3
185,10,2,3,0,47,0.1872,0,0,0,0
360,98,3,0,0,59,0.123,1,1,0,2
80,72,3,0,0,0,0.1855,1,0,0,1
183,25,5,0,0,46,0.487,1,1,1,3
131,107,2,1,0,4,0.1815,1,0,0,1
394,69,2,1,0,11,0.1277,0,0,0,0
293,73,3,1,0,6,0.132,1,0,0,1
14,44,3,1,0,31,0.0729,1,1,1,3
316,63,2,2,0,53,0.3129,1,1,0,2
87,118,3,1,0,0,0.5248,1,0,0,1
376,12,3,2,0,39,0.1651,1,0,0,1
245,92,3,2,1,13,0.5974,1,1,1,3
60,85,3,1,0,39,0.0904,1,0,0,1
149,93,1,1,0,9,0.5952,0,0,0,0
54,107,2,2,0,50,0.2617,1,1,0,2
334,4,3,2,0,45,0.3089,0,0,0,0
11,40,3,2,1,17,0.1138,1,0,0,1
61,4,3,3,0,13,0.3433,0,0,0,0
239,1,3,1,0,26,0.2158,0,0,0,0
3,66,2,3,0,25,0.4279,0,0,0,0
100,20,2,1,0,59,0.1933,0,0,0,0
109,117,0,3,0,33,0.1563,0,0,0,0
299,95,1,3,1,30,0.1349,0,0,0,0
134,115,1,3,0,53,0.5535,1,0,0,1
230,61,1,1,0,10,0.126,0,0,0,0
323,114,3,1,0,51,0.0999,0,0,0,0
131,41,2,1,0,40,0.1616,0,0,0,0
40,81,4,3,0,14,0.2557,1,1,1,3
2,10,2,2,1,45,0.3196,1,0,0,1
203,53,4,0,0,1,0.1133,1,1,1,3
244,78,2,1,0,28,0.3125,0,0,0,0
174,12,1,2,0,15,0.4461,0,0,0,0
373,68,0,0,0,17,0.1846,1,0,0,1
376,65,4,0,1,16,0.0342,0,0,0,0
232,33,4,3,1,56,0.1053,1,0,0,1
92,17,1,1,0,52,0.36,0,0,0,0
158,79,0,0,0,29,0.3392,0,0,0,0
25,14,1,1,0,24,0.1688,1,0,0,1
78,101,3,3,1,19,0.3308,0,0,0,0
136,63,2,3,0,56,0.4197,0,0,0,0
182,68,1,0,1,36,0.4122,0,0,0,0
175,34,2,2,1,8,0.396,0,0,0,0
356,69,1,1,0,38,0.0814,1,0,0,1
156,107,0,0,1,19,0.1561,0,0,0,0
220,51,1,1,0,19,0.3014,0,0,0,0
80,98,6,0,0,30,0.0636,1,1,1,3
43,61,1,1,0,17,0.2965,0,0,0,0
31,23,6,1,0,31,0.1162,1,1,1,3
53,1,4,0,0,23,0.2795,1,1,1,3
2,57,2,2,0,27,0.4987,0,0,0,0
232,32,3,0,0,27,0.4552,1,1,0,2
355,3,4,1,1,56,0.3277,1,0,0,1
259,79,1,2,1,59,0.2702,0,0,0,0
321,3,3,3,0,46,0.2133,1,0,0,1
184,115,2,1,1,24,0.4036,0,0,0,0
353,40,2,0,0,18,0.415,1,1,0,2
329,35,7,2,0,20,0.0784,1,1,1,3
169,104,4,0,0,15,0.2991,1,1,1,3
36,88,2,2,0,49,0.0905,0,0,0,0
271,119,5,2,0,55,0.0942,1,1,1,3
297,105,4,3,0,9,0.5918,1,0,0,1
299,77,4,1,0,0,0.2812,0,0,0,0
232,114,3,2,0,27,0.1961,0,0,0,0
272,66,0,1,0,54,0.1219,0,0,0,0
289,6,1,0,0,7,0.1661,0,0,0,0
83,102,1,3,0,23,0.308,0,0,0,0
178,36,0,1,0,49,0.1473,0,0,0,0
122,12,2,1,1,47,0.1883,0,0,0,0
396,41,2,1,0,31,0.2007,1,0,0,1
298,94,1,0,0,54,0.2749,0,0,0,0
251,36,3,0,1,9,0.4285,1,1,1,3
88,54,1,0,0,42,0.4536,1,0,0,1
85,85,3,1,0,46,0.1135,1,1,0,2
244,42,5,3,0,33,0.3172,1,1,0,2
58,12,3,1,0,3,0.3197,1,1,0,2
16,64,1,3,0,24,0.2587,0,0,0,0
92,57,2,2,1,39,0.3418,1,0,0,1
98,47,1,3,0,35,0.1871,0,0,0,0
302,68,3,1,0,53,0.1707,0,0,0,0
43,15,0,2,0,38,0.3713,0,0,0,0
179,109,4,0,0,34,0.4458,1,1,1,3
307,11,2,3,0,38,0.4563,0,0,0,0
340,61,2,1,0,22,0.4022,1,1,0,2
37,29,1,0,0,39,0.4306,0,0,0,0
199,10,2,0,0,34,0.5448,1,1,1,3
51,75,2,1,0,23,0.0278,0,0,0,0
310,69,2,1,0,13,0.5594,0,0,0,0
105,2,2,2,0,5,0.1013,0,0,0,0
6,38,4,2,0,46,0.4684,1,1,0,2
348,90,4,3,0,22,0.3227,0,0,0,0
35,102,3,0,0,52,0.0537,0,0,0,0
343,83,2,0,0,38,0.1549,0,0,0,0
343,6,2,1,0,30,0.0736,0,0,0,0
150,43,1,0,0,55,0.0911,0,0,0,0
106,74,3,3,0,21,0.3159,0,0,0,0
35,41,2,1,0,22,0.1913,1,0,0,1
312,66,1,0,0,17,0.2508,1,0,0,1
241,23,6,3,0,47,0.2423,1,1,1,3
164,112,0,1,1,47,0.5194,0,0,0,0
90,49,0,0,0,18,0.245,0,0,0,0
79,68,3,0,1,31,0.1581,1,1,0,2
110,94,0,2,0,25,0.2012,0,0,0,0
48,91,4,1,0,6,0.1347,1,1,1,3
192,64,2,1,0,38,0.4863,0,0,0,0
359,39,4,1,1,21,0.3963,1,1,1,3
317,41,4,0,0,4,0.21,1,1,1,3
36,108,2,3,0,28,0.5231,0,0,0,0
155,97,2,0,0,13,0.4086,1,0,0,1
216,64,0,1,1,49,0.3285,0,0,0,0
216,111,1,0,0,11,0.3428,1,0,0,1
295,82,2,2,0,0,0.0143,1,0,0,1
215,90,3,3,0,8,0.2519,1,0,0,1
366,28,2,1,0,49,0.3061,0,0,0,0
121,63,3,3,0,13,0.3505,0,0,0,0
147,89,4,0,1,55,0.087,1,1,1,3
40,37,3,2,0,2,0.1328,1,1,0,2
78,50,1,2,0,9,0.3639,0,0,0,0
103,103,5,3,0,36,0.1111,1,0,0,1
397,53,1,2,0,16,0.1468,0,0,0,0
41,74,4,1,0,9,0.4325,1,1,0,2
189,20,1,1,1,10,0.2169,1,0,0,1
342,30,1,2,0,10,0.3251,0,0,0,0
359,95,1,1,0,3,0.4607,1,0,0,1
344,44,2,0,0,58,0.5802,0,0,0,0
106,32,1,0,1,15,0.3402,1,1,0,2
75,34,2,1,0,21,0.2801,1,1,0,2
116,75,2,1,0,29,0.2801,0,0,0,0
6,61,3,2,1,41,0.2811,1,0,0,1
313,51,1,1,0,5,0.3504,1,0,0,1
277,89,2,0,0,5,0.0776,1,1,0,2
370,56,4,2,1,23,0.1878,1,1,1,3
23,15,3,3,0,47,0.3786,0,0,0,0
172,47,0,1,0,45,0.1037,0,0,0,0
128,93,2,1,0,37,0.1543,1,1,0,2
239,94,1,0,0,50,0.2951,0,0,0,0
164,80,2,0,0,0,0.335,1,1,0,2
255,64,2,3,0,40,0.1692,0,0,0,0
185,38,1,3,0,56,0.171,0,0,0,0
341,107,2,1,0,55,0.2299,1,0,0,1
54,107,2,2,0,25,0.2527,0,0,0,0
22,9,2,3,1,7,0.4904,0,0,0,0
237,98,2,2,1,5,0.0623,1,0,0,1
94,34,1,1,0,25,0.6487,0,0,0,0
74,92,3,2,1,31,0.6049,0,0,0,0
223,115,3,0,0,27,0.281,1,0,0,1
177,117,2,2,0,17,0.4197,0,0,0,0
374,41,4,2,0,47,0.2573,1,0,0,1
215,46,1,3,0,2,0.6038,0,0,0,0
326,81,4,1,0,56,0.1563,0,0,0,0
388,60,2,2,1,18,0.4908,1,1,0,2
379,5,2,1,0,0,0.3558,1,0,0,1
13,48,2,0,0,11,0.1052,1,1,0,2
170,105,1,3,0,9,0.437,0,0,0,0
272,83,1,0,1,21,0.2078,1,0,0,1
264,11,4,3,1,42,0.075,0,0,0,0
248,16,2,1,0,45,0.3998,1,0,0,1
282,112,2,0,1,55,0.4715,1,1,0,2
266,56,2,1,1,29,0.2489,1,1,0,2
318,99,2,1,0,54,0.4771,0,0,0,0
396,89,2,3,0,20,0.0912,0,0,0,0
124,74,6,0,0,9,0.3713,1,1,1,3
56,68,4,3,0,34,0.06,0,0,0,0
157,86,5,3,0,45,0.3383,1,0,0,1
102,14,1,0,1,7,0.0946,0,0,0,0
90,103,1,3,0,40,0.594,0,0,0,0
370,103,4,0,0,0,0.0755,1,1,1,3
307,51,2,1,0,47,0.3794,0,0,0,0
305,23,4,2,0,24,0.3797,1,1,0,2
394,88,2,0,0,18,0.2606,0,0,0,0
123,93,3,2,0,51,0.1254,1,0,0,1
14,1,2,2,0,12,0.3437,0,0,0,0
105,10,1,1,1,35,0.1671,0,0,0,0
260,34,3,2,0,26,0.174,0,0,0,0
317,13,3,0,0,51,0.3474,1,1,1,3
386,113,2,1,0,12,0.4756,1,0,0,1
40,48,3,3,0,28,0.3193,1,0,0,1
91,27,4,3,1,32,0.2247,1,0,0,1
77,38,4,1,1,56,0.5377,1,1,1,3
378,112,2,2,0,18,0.6247,1,0,0,1
111,52,3,1,0,38,0.1832,1,1,1,3
139,82,2,1,0,8,0.3972,0,0,0,0
15,79,2,0,0,45,0.7472,1,0,0,1
229,56,1,1,0,38,0.2347,0,0,0,0
3,34,2,1,0,34,0.1561,0,0,0,0
93,31,4,3,0,30,0.0627,0,0,0,0
126,23,4,3,0,34,0.4015,1,0,0,1
241,41,4,2,1,45,0.1474,1,1,1,3
123,17,3,3,0,19,0.0835,0,0,0,0
43,22,0,2,1,58,0.2124,0,0,0,0
390,26,1,1,0,57,0.2906,0,0,0,0
131,42,5,1,0,26,0.0944,1,1,1,3
46,22,1,0,0,50,0.0683,0,0,0,0
273,101,3,1,0,40,0.066,1,1,0,2
312,37,1,1,0,22,0.0557,0,0,0,0
370,104,4,2,1,20,0.3782,1,1,1,3
200,63,2,1,0,12,0.27,0,0,0,0
297,51,3,1,0,24,0.4216,1,1,1,3
214,80,3,2,0,44,0.24,1,1,0,2
236,63,3,0,0,7,0.1988,1,1,1,3
353,55,1,3,0,15,0.6567,0,0,0,0
115,39,1,2,0,16,0.5686,1,0,0,1
89,70,3,2,0,3,0.279,1,1,0,2
336,80,6,0,0,6,0.3428,1,1,1,3
248,100,3,0,0,56,0.0402,0,0,0,0
319,116,6,3,1,26,0.173,1,1,0,2
357,80,4,0,0,14,0.2962,1,1,1,3
2,20,2,1,1,6,0.2478,1,1,0,2
391,58,2,1,0,55,0.4247,0,0,0,0
74,105,4,1,0,12,0.3083,1,1,1,3
215,41,0,1,0,21,0.3123,0,0,0,0
169,115,3,1,1,9,0.153,0,0,0,0
289,113,2,2,0,31,0.1579,0,0,0,0
331,25,5,3,0,1,0.5619,1,1,0,2
16,13,2,1,0,47,0.4163,1,1,0,2
95,12,1,0,0,16,0.0255,1,0,0,1
248,94,1,2,0,23,0.2743,0,0,0,0
61,28,2,1,0,23,0.3316,1,0,0,1
83,82,0,3,1,48,0.3632,0,0,0,0
198,56,2,1,1,3,0.5843,1,0,0,1
223,4,5,0,0,12,0.1378,1,1,1,3
388,27,5,3,0,52,0.1294,1,1,0,2
104,94,2,1,0,4,0.2547,0,0,0,0
73,22,2,0,0,6,0.4375,0,0,0,0
346,116,3,0,1,49,0.4549,1,1,1,3
377,33,4,1,0,3,0.4625,1,1,1,3
126,107,2,2,0,11,0.4663,0,0,0,0
347,79,0,2,0,20,0.2464,0,0,0,0
220,37,2,1,0,11,0.596,0,0,0,0
21,100,4,2,0,53,0.5881,1,0,0,1
100,56,3,0,0,44,0.0308,1,0,0,1
28,4,2,1,0,21,0.1554,0,0,0,0
28,26,1,0,0,59,0.4025,0,0,0,0
323,51,3,0,0,20,0.2332,1,1,0,2
289,97,2,3,0,13,0.2809,0,0,0,0
15,32,2,2,0,24,0.2861,1,0,0,1
370,58,2,1,0,54,0.4016,0,0,0,0
0,23,4,0,0,32,0.0724,1,1,1,3
200,68,3,1,0,15,0.4008,1,0,0,1
331,108,3,0,1,4,0.3531,1,1,1,3
176,15,2,1,0,9,0.2233,1,0,0,1
124,91,4,2,0,30,0.139,1,0,0,1
140,66,3,0,0,46,0.3876,1,0,0,1
284,77,5,2,0,12,0.2767,1,1,0,2
164,68,3,3,0,4,0.1645,0,0,0,0
371,50,1,2,0,26,0.2277,0,0,0,0
363,47,1,1,1,51,0.1048,0,0,0,0
155,72,1,3,0,15,0.2642,0,0,0,0
365,104,2,1,1,8,0.2225,0,0,0,0
158,18,3,1,0,3,0.3062,1,0,0,1
81,97,2,2,1,36,0.0808,0,0,0,0
296,91,1,1,0,4,0.4526,0,0,0,0
216,80,3,1,0,56,0.3007,1,0,0,1
305,10,2,2,0,2,0.0277,0,0,0,0
137,117,1,2,0,59,0.2362,0,0,0,0
59,3,2,1,0,55,0.4482,1,0,0,1
305,12,5,1,0,46,0.2358,1,1,1,3
143,56,3,1,0,10,0.2348,1,0,0,1
383,26,0,0,0,51,0.1408,0,0,0,0
152,72,3,2,0,51,0.1097,0,0,0,0
277,38,4,3,0,15,0.2898,1,1,0,2
218,100,3,1,1,26,0.0599,1,0,0,1
83,25,1,3,0,8,0.2965,0,0,0,0
15,17,1,1,0,53,0.498,1,0,0,1
301,32,2,1,0,16,0.7598,1,0,0,1
254,99,3,0,0,35,0.1861,1,1,1,3
138,59,4,2,0,35,0.038,0,0,0,0
382,11,1,1,1,3,0.0379,0,0,0,0
153,80,3,3,0,2,0.2711,1,1,0,2
353,109,3,1,1,20,0.4442,1,1,1,3
298,37,5,0,0,5,0.2281,1,1,1,3
105,79,0,1,0,0,0.4472,0,0,0,0
5,114,1,2,0,33,0.3358,0,0,0,0
297,104,4,2,0,22,0.5784,1,1,1,3
99,35,5,0,1,17,0.092,1,1,1,3
113,59,2,2,0,32,0.2948,0,0,0,0
186,26,2,1,0,28,0.2679,1,1,1,3
208,106,3,2,1,45,0.3382,1,0,0,1
47,99,1,0,0,26,0.2202,0,0,0,0
331,79,0,1,0,44,0.371,0,0,0,0
169,41,1,1,0,49,0.379,0,0,0,0
60,30,2,3,0,19,0.2479,1,0,0,1
356,8,3,2,1,36,0.5649,1,1,1,3
174,43,1,2,0,38,0.5821,0,0,0,0
48,97,3,1,0,22,0.1477,1,0,0,1
361,76,3,2,0,11,0.2174,0,0,0,0
276,106,2,1,0,56,0.5922,1,1,0,2
306,22,1,3,0,23,0.2671,0,0,0,0
296,10,2,0,0,18,0.5434,1,1,1,3
294,100,3,3,1,43,0.1385,1,0,0,1
36,83,3,1,0,25,0.7884,1,0,0,1
392,59,5,2,1,12,0.3911,1,1,1,3
208,81,4,0,0,13,0.3407,1,1,1,3
0,106,1,2,0,41,0.6784,0,0,0,0
15,41,1,1,1,50,0.4147,0,0,0,0
319,48,1,0,0,32,0.5611,1,1,0,2
180,84,1,1,0,38,0.1876,0,0,0,0
131,25,4,2,1,22,0.4207,1,1,1,3
305,78,2,1,1,17,0.1495,0,0,0,0
96,87,3,2,0,28,0.2391,1,0,0,1
316,9,3,2,0,38,0.4758,0,0,0,0
330,86,2,1,0,59,0.2902,1,1,0,2
11,108,2,1,0,55,0.1555,1,0,0,1
387,83,0,2,1,44,0.1368,0,0,0,0
4,61,2,1,0,52,0.4148,0,0,0,0
46,119,2,3,0,25,0.3714,0,0,0,0
374,88,2,1,1,30,0.2307,1,0,0,1
109,46,1,0,0,16,0.302,0,0,0,0
323,54,3,1,0,16,0.2382,1,1,0,2
179,2,5,2,0,36,0.4772,1,1,1,3
90,88,0,1,0,53,0.0726,0,0,0,0
379,9,2,0,0,53,0.1254,1,0,0,1
9,106,2,1,0,43,0.4904,1,0,0,1
159,40,2,2,0,57,0.2886,0,0,0,0
383,71,3,1,0,24,0.0346,1,1,0,2
312,90,1,3,0,0,0.3764,0,0,0,0
378,112,2,2,0,7,0.0874,0,0,0,0
341,61,2,2,0,2,0.6558,0,0,0,0
104,14,1,2,0,16,0.2954,0,0,0,0
196,70,2,1,0,31,0.4254,0,0,0,0
111,65,5,0,1,4,0.1568,1,1,1,3
219,8,4,3,0,23,0.3059,1,1,0,2
163,68,2,0,0,54,0.1471,0,0,0,0
106,54,0,2,0,13,0.1305,0,0,0,0
309,23,4,2,1,5,0.1377,1,1,1,3
290,48,2,2,0,28,0.2423,1,0,0,1
311,94,2,1,0,55,0.3431,1,0,0,1
347,63,1,0,1,12,0.4263,1,0,0,1
155,32,1,3,1,28,0.1524,0,0,0,0
280,23,5,1,0,5,0.2256,1,1,1,3
397,82,2,3,0,31,0.1601,0,0,0,0
275,63,0,1,0,54,0.6411,1,0,0,1
283,78,0,1,0,8,0.5151,0,0,0,0
378,102,2,0,0,11,0.2955,0,0,0,0
116,21,2,2,0,57,0.3638,0,0,0,0
80,11,2,3,0,19,0.1877,1,0,0,1
358,55,1,0,1,29,0.367,1,1,0,2
69,110,3,1,0,31,0.3409,0,0,0,0
243,90,3,0,0,58,0.4836,1,1,1,3
343,58,1,0,0,58,0.3141,1,0,0,1
73,11,2,0,0,49,0.2819,0,0,0,0
15,1,2,2,0,56,0.1674,1,0,0,1
195,33,5,0,0,27,0.0966,1,1,1,3
346,24,4,0,0,25,0.2015,1,1,1,3
186,21,2,1,0,31,0.1126,0,0,0,0
287,15,2,2,1,23,0.1514,1,0,0,1
168,82,1,1,0,32,0.3399,0,0,0,0
39,35,7,1,0,11,0.176,1,1,1,3
245,114,2,0,0,40,0.1562,1,1,1,3
169,56,3,0,0,32,0.691,1,0,0,1
255,76,6,3,0,0,0.3241,1,1,0,2
345,19,3,0,0,28,0.0716,1,0,0,1
152,69,2,1,0,41,0.2468,0,0,0,0
19,34,5,2,0,4,0.0862,1,1,1,3
192,20,1,1,0,19,0.26,0,0,0,0
67,26,1,0,0,46,0.6835,0,0,0,0
165,66,3,0,0,12,0.2081,1,1,1,3
207,6,4,0,1,16,0.0882,1,1,1,3
317,74,5,2,0,41,0.2935,1,1,1,3
112,117,2,0,0,48,0.0325,0,0,0,0
167,9,1,0,0,25,0.1863,0,0,0,0
180,45,4,0,1,6,0.1852,1,1,0,2
8,114,3,1,0,0,0.4393,1,1,0,2
186,105,4,0,0,6,0.0668,1,1,1,3
60,109,3,2,0,59,0.6062,0,0,0,0
114,35,5,0,0,47,0.0147,1,1,1,3
102,10,1,0,1,39,0.1117,0,0,0,0
71,27,4,0,1,35,0.4747,1,1,1,3
302,57,5,1,0,20,0.3048,1,1,0,2
12,110,0,1,0,57,0.1331,0,0,0,0
372,20,1,3,0,32,0.2752,0,0,0,0
330,114,1,0,0,9,0.0362,1,0,0,1
278,99,2,1,0,23,0.2445,0,0,0,0
120,28,1,1,0,58,0.2653,0,0,0,0
265,113,3,0,1,29,0.3134,1,1,1,3
341,78,1,1,0,12,0.5149,0,0,0,0
249,3,2,3,1,35,0.2746,0,0,0,0
111,13,2,2,0,12,0.3834,1,1,1,3
308,74,3,2,0,57,0.1404,1,0,0,1
390,61,2,1,0,13,0.3171,0,0,0,0
19,108,4,3,0,28,0.2987,1,0,0,1
247,114,1,1,0,11,0.27,0,0,0,0
217,67,2,3,0,1,0.3633,1,0,0,1
324,5,4,2,0,16,0.2599,1,0,0,1
320,100,3,0,0,2,0.5596,1,1,1,3
85,40,1,3,0,44,0.1794,0,0,0,0
171,29,3,1,1,53,0.1777,1,0,0,1
269,95,2,3,1,52,0.0355,0,0,0,0
11,71,3,1,0,4,0.1971,1,1,0,2
304,59,2,3,1,37,0.181,0,0,0,0
386,53,3,2,1,7,0.1534,0,0,0,0
115,4,1,1,0,52,0.6782,1,0,0,1
89,21,4,1,1,17,0.7227,1,1,0,2
29,25,5,3,1,43,0.6348,1,1,0,2
211,91,4,0,0,38,0.472,1,1,1,3
67,106,0,0,0,6,0.1595,1,0,0,1
179,24,2,2,0,49,0.6122,0,0,0,0
324,39,4,3,0,39,0.4854,0,0,0,0
100,56,3,0,0,15,0.2846,0,0,0,0
109,92,3,3,1,13,0.0387,1,0,0,1
166,117,1,1,0,50,0.3802,0,0,0,0
80,96,5,2,1,28,0.3812,1,1,1,3
299,109,2,2,0,55,0.1503,0,0,0,0
151,43,2,2,0,31,0.4796,1,1,0,2
176,39,5,2,0,10,0.3269,1,1,1,3
108,67,1,2,0,22,0.5312,0,0,0,0
336,89,5,0,1,57,0.1556,1,1,1,3
282,112,2,0,1,57,0.1903,0,0,0,0
315,37,1,2,0,31,0.5028,0,0,0,0
232,21,3,2,0,4,0.3733,1,0,0,1
91,48,0,3,0,28,0.5289,0,0,0,0
347,68,1,0,1,52,0.5204,1,0,0,1
204,22,3,2,0,45,0.4035,1,1,0,2
232,61,4,0,0,54,0.3577,1,1,1,3
96,45,4,2,0,56,0.1976,1,1,1,3
0,93,1,2,0,37,0.3037,0,0,0,0
228,76,4,1,0,28,0.1346,1,1,0,2
204,99,4,1,0,25,0.3818,1,1,0,2
108,81,2,2,0,53,0.2214,0,0,0,0
304,41,0,1,1,50,0.7512,0,0,0,0
161,79,1,2,0,27,0.3759,0,0,0,0
154,105,4,1,0,46,0.2283,1,0,0,1
293,34,3,1,0,22,0.1586,1,0,0,1
284,80,5,3,0,23,0.066,1,0,0,1
51,89,3,1,0,22,0.2961,1,0,0,1
323,50,1,1,0,43,0.4495,0,0,0,0
253,107,2,2,0,34,0.3618,0,0,0,0
53,108,2,3,0,29,0.4087,0,0,0,0
17,91,5,2,0,3,0.0392,1,1,1,3
324,92,3,3,0,13,0.1256,1,0,0,1
173,96,3,2,0,23,0.1681,1,0,0,1
10,119,1,3,0,42,0.4105,0,0,0,0
304,48,0,0,0,40,0.2824,0,0,0,0
231,33,2,2,0,24,0.1847,0,0,0,0
18,48,1,3,0,59,0.5949,0,0,0,0
91,36,1,2,0,30,0.0819,0,0,0,0
76,6,2,3,1,56,0.0985,0,0,0,0
2,19,3,1,1,16,0.3705,1,1,1,3
250,96,4,2,0,18,0.6402,1,1,0,2
87,75,2,0,0,19,0.2462,1,1,0,2
11,67,1,2,1,15,0.284,0,0,0,0
139,47,0,2,0,2,0.1461,0,0,0,0
79,98,7,0,0,30,0.2168,1,1,1,3
36,99,3,2,0,26,0.3041,1,1,1,3
62,11,2,1,1,37,0.3921,1,0,0,1
338,1,2,2,0,46,0.1756,0,0,0,0
89,115,3,0,0,57,0.0815,1,1,1,3
130,86,4,1,0,40,0.1149,1,0,0,1
361,48,0,1,0,15,0.3084,0,0,0,0
257,108,3,0,1,52,0.477,1,1,0,2
82,19,3,0,0,24,0.6786,1,1,1,3
30,89,3,1,1,23,0.4365,1,1,1,3
250,79,1,2,0,18,0.6101,0,0,0,0
136,114,2,1,0,17,0.233,1,0,0,1
178,11,1,3,0,39,0.4916,0,0,0,0
135,52,4,1,0,10,0.3847,1,1,1,3
151,58,2,2,0,46,0.1743,0,0,0,0
369,34,3,1,0,34,0.5761,0,0,0,0
190,39,3,2,0,15,0.2493,1,1,0,2
245,75,1,1,0,7,0.3948,0,0,0,0
121,59,5,0,0,17,0.6266,1,1,1,3
100,79,0,0,1,56,0.0412,0,0,0,0
184,3,4,1,0,27,0.1951,1,1,1,3
93,92,3,0,0,47,0.3388,1,0,0,1
332,40,2,2,1,28,0.2098,0,0,0,0
374,74,6,0,1,8,0.1207,1,1,1,3
293,114,2,1,0,2,0.2609,0,0,0,0
365,109,2,2,0,34,0.1261,0,0,0,0
235,27,6,2,0,6,0.2438,1,1,1,3
169,111,2,0,0,14,0.4363,1,1,0,2
3,12,3,2,0,40,0.2416,1,0,0,1
391,88,0,0,0,57,0.3434,0,0,0,0
222,80,3,1,0,48,0.0977,0,0,0,0
247,78,2,0,0,18,0.158,1,0,0,1
73,14,2,3,0,30,0.5621,0,0,0,0
106,101,1,3,0,49,0.3436,1,0,0,1
311,31,1,3,0,36,0.0803,0,0,0,0
32,43,2,2,0,41,0.2032,1,0,0,1
323,89,1,2,1,53,0.1872,1,0,0,1
197,77,4,1,0,47,0.3226,1,1,0,2
200,111,2,1,0,6,0.3916,0,0,0,0
320,69,2,2,0,1,0.4623,1,0,0,1
187,2,3,3,0,16,0.2693,0,0,0,0
170,38,0,0,0,10,0.1215,0,0,0,0
35,84,2,2,0,50,0.5989,0,0,0,0
3,45,3,2,0,17,0.3232,1,0,0,1
12,97,0,0,0,5,0.3765,0,0,0,0
92,95,2,2,0,22,0.2914,1,0,0,1
344,75,1,0,0,18,0.2035,1,0,0,1
256,96,3,1,1,2,0.1728,0,0,0,0
232,110,3,2,0,33,0.117,0,0,0,0
284,62,5,3,0,35,0.1379,0,0,0,0
308,13,1,0,1,34,0.1197,0,0,0,0
43,29,2,1,0,17,0.4179,0,0,0,0
81,77,4,1,0,44,0.3544,1,0,0,1
15,33,3,1,0,52,0.4154,1,0,0,1
363,30,2,2,1,53,0.2731,0,0,0,0
145,112,1,2,0,22,0.2515,1,0,0,1
392,50,1,1,0,17,0.6515,0,0,0,0
153,117,1,0,0,21,0.3128,0,0,0,0
31,59,5,2,0,55,0.2016,1,1,1,3
57,34,4,0,0,46,0.5899,1,1,1,3
105,27,4,1,1,50,0.1897,1,1,1,3
295,70,2,1,0,33,0.312,0,0,0,0
218,19,3,1,0,16,0.0093,1,0,0,1
299,55,2,0,1,58,0.5006,1,1,1,3
346,9,3,3,1,4,0.5949,1,1,0,2
45,66,1,3,0,33,0.2671,0,0,0,0
388,86,3,0,0,42,0.0519,1,1,0,2
263,69,1,1,0,10,0.3361,1,0,0,1
267,37,3,1,0,20,0.3346,1,1,0,2
386,12,3,2,0,38,0.2398,1,0,0,1
192,6,2,2,1,27,0.2086,1,0,0,1
157,68,3,0,0,40,0.2087,0,0,0,0
346,80,3,0,0,11,0.1598,1,1,0,2
387,70,1,2,0,29,0.174,0,0,0,0
271,28,2,1,1,24,0.1213,0,0,0,0
243,66,0,3,0,56,0.3769,0,0,0,0
281,105,3,0,1,40,0.1888,1,1,0,2
259,69,1,1,0,8,0.4685,1,1,1,3
224,68,2,1,0,15,0.2539,1,1,0,2
340,35,6,1,0,59,0.5493,1,1,1,3
92,96,3,0,0,20,0.1665,0,0,0,0
71,67,0,0,0,17,0.1024,0,0,0,0
109,43,1,2,0,25,0.0993,0,0,0,0
134,84,0,2,0,21,0.4613,0,0,0,0
54,16,4,1,0,41,0.2933,1,1,1,3
219,115,3,0,0,3,0.5388,1,1,1,3
144,65,2,3,0,25,0.0613,0,0,0,0
358,42,1,0,0,34,0.2055,0,0,0,0
239,54,1,1,0,41,0.1129,0,0,0,0
390,96,2,1,0,46,0.1295,0,0,0,0
277,18,4,0,0,11,0.0668,1,1,1,3
170,71,0,1,1,24,0.7336,1,0,0,1
218,84,2,0,0,6,0.5495,1,1,0,2
265,40,3,2,0,42,0.1942,0,0,0,0
363,60,2,1,0,3,0.4702,1,0,0,1
331,93,2,1,1,3,0.0766,1,0,0,1
65,84,2,2,0,44,0.2243,1,0,0,1
50,58,1,2,0,31,0.5228,0,0,0,0
154,101,2,1,0,5,0.6695,0,0,0,0
363,60,2,1,0,1,0.1004,1,0,0,1
146,108,4,2,0,27,0.2499,1,1,1,3
142,67,2,3,0,28,0.6109,0,0,0,0
222,33,4,1,0,32,0.0595,1,1,1,3
384,76,5,2,0,31,0.3354,1,1,1,3
173,46,1,3,0,44,0.2161,0,0,0,0
12,106,0,1,0,0,0.5003,0,0,0,0
73,100,5,0,1,14,0.2339,1,1,1,3
355,83,2,1,0,35,0.2299,0,0,0,0
74,92,3,2,1,33,0.2363,1,1,0,2
212,88,0,1,0,1,0.1806,0,0,0,0
237,112,1,0,0,6,0.1923,1,0,0,1
6,43,1,1,0,21,0.1463,0,0,0,0
227,112,1,2,0,4,0.1339,1,0,0,1
30,22,1,1,0,30,0.3088,1,0,0,1
385,4,3,3,1,55,0.4134,0,0,0,0
329,66,3,2,0,3,0.472,1,0,0,1
366,86,5,3,0,21,0.322,1,1,0,2
296,48,3,0,0,44,0.1512,1,0,0,1
14,84,2,0,1,42,0.2969,1,1,0,2
361,91,3,0,0,44,0.2563,0,0,0,0
83,91,1,2,0,57,0.4582,0,0,0,0
93,88,1,2,1,50,0.5157,0,0,0,0
83,99,2,1,0,29,0.3527,0,0,0,0
168,89,2,2,1,57,0.1822,0,0,0,0
375,77,3,1,1,12,0.1706,1,1,1,3
393,20,2,3,0,55,0.1644,0,0,0,0
296,42,2,3,0,33,0.1635,0,0,0,0
274,68,2,0,0,12,0.4726,0,0,0,0
232,41,4,1,0,12,0.6482,1,1,1,3
220,30,1,0,0,11,0.5199,1,0,0,1
111,84,1,1,0,26,0.3487,0,0,0,0
357,86,4,0,0,12,0.7022,1,1,0,2
176,94,2,1,0,46,0.0959,1,1,1,3
85,43,1,2,0,37,0.2479,0,0,0,0
164,117,2,3,0,31,0.5754,0,0,0,0
116,37,1,1,0,50,0.0338,1,0,0,1
387,91,1,2,0,35,0.1008,0,0,0,0
118,118,3,1,0,44,0.1467,0,0,0,0
234,7,3,1,0,16,0.048,1,0,0,1
86,106,3,1,0,24,0.2525,1,1,0,2
74,11,3,1,1,1,0.1999,1,0,0,1
5,87,2,1,0,39,0.4582,0,0,0,0
229,85,3,1,0,0,0.1502,1,0,0,1
47,37,3,1,1,48,0.5106,1,0,0,1
272,88,0,1,1,25,0.1667,1,0,0,1
28,45,2,1,0,25,0.0378,1,0,0,1
47,60,1,1,0,29,0.3513,0,0,0,0
64,96,4,0,0,7,0.0912,0,0,0,0
39,9,5,1,1,31,0.2192,1,1,1,3
365,93,3,1,0,12,0.2576,0,0,0,0
364,49,2,3,0,21,0.2989,1,0,0,1
249,33,4,3,1,40,0.4743,0,0,0,0
169,118,2,0,1,38,0.051,1,1,0,2
22,20,1,0,0,4,0.1941,0,0,0,0
112,86,4,3,1,0,0.1818,1,1,1,3
1,43,0,0,0,43,0.3069,0,0,0,0
38,9,5,2,0,19,0.436,1,0,0,1
72,101,3,0,0,36,0.3588,1,0,0,1
15,98,4,2,0,4,0.4563,1,1,0,2
297,115,2,3,0,55,0.3899,0,0,0,0
117,35,8,1,0,13,0.5064,1,1,1,3
359,46,2,2,0,6,0.3228,1,0,0,1
296,17,0,3,1,5,0.1644,0,0,0,0
109,80,4,0,0,20,0.3995,1,1,1,3
116,11,2,3,0,21,0.2098,0,0,0,0
172,61,2,2,0,12,0.2438,1,0,0,1
82,41,3,2,0,8,0.3643,0,0,0,0
15,115,3,1,0,6,0.2123,1,1,1,3
395,74,4,0,0,12,0.4379,1,1,1,3
396,104,2,2,0,39,0.1635,0,0,0,0
224,28,1,0,0,44,0.1979,1,0,0,1
83,37,1,2,0,45,0.3859,0,0,0,0
305,17,2,1,0,48,0.7014,1,1,0,2
236,105,4,3,0,53,0.3695,0,0,0,0
30,87,4,1,0,43,0.5772,1,1,1,3
230,61,1,1,0,58,0.4733,0,0,0,0
68,63,2,2,0,2,0.4311,0,0,0,0
3,34,2,1,0,5,0.2197,1,0,0,1
398,15,4,3,1,21,0.488,1,1,1,3
218,79,1,0,0,56,0.1565,0,0,0,0
100,104,3,0,0,21,0.1491,1,1,1,3
300,26,1,1,0,1,0.3579,0,0,0,0
248,76,2,0,0,8,0.5,1,1,0,2
196,44,2,1,0,58,0.3016,0,0,0,0
146,98,6,1,0,34,0.2416,1,1,1,3
282,42,4,1,0,11,0.0261,1,1,1,3
139,16,2,1,0,12,0.0056,0,0,0,0
132,60,1,2,0,27,0.0727,0,0,0,0
254,116,4,1,0,10,0.2935,1,1,1,3
291,81,2,1,0,34,0.3856,0,0,0,0
190,86,2,1,0,57,0.2749,0,0,0,0
367,101,0,3,0,44,0.3914,0,0,0,0
344,117,1,1,0,23,0.0686,0,0,0,0
102,51,1,1,0,8,0.0287,1,0,0,1
43,101,0,2,1,28,0.0209,0,0,0,0
393,39,3,0,0,11,0.2403,1,1,1,3
298,38,4,1,0,40,0.2922,1,1,1,3
262,25,4,1,0,54,0.1868,1,1,1,3
278,8,3,1,0,51,0.4057,1,1,0,2
80,20,3,3,1,16,0.1341,0,0,0,0
286,65,5,3,1,54,0.1785,0,0,0,0
12,71,0,2,1,29,0.1558,0,0,0,0
144,46,0,3,0,59,0.2768,0,0,0,0
207,79,2,2,0,6,0.0384,1,0,0,1
18,79,0,1,1,54,0.0297,0,0,0,0
250,28,3,1,0,32,0.241,0,0,0,0
139,66,1,1,0,27,0.5482,1,0,0,1
257,2,1,0,0,8,0.3785,0,0,0,0
75,14,0,1,1,25,0.1898,0,0,0,0
247,19,3,2,1,29,0.5007,1,1,0,2
232,92,2,0,0,28,0.0879,0,0,0,0
78,71,1,1,0,50,0.2089,0,0,0,0
180,83,3,0,0,3,0.2942,1,1,0,2
162,96,4,1,0,3,0.1076,1,1,1,3
6,9,3,2,0,53,0.2638,0,0,0,0
100,40,2,2,0,29,0.2789,0,0,0,0
165,117,1,0,0,35,0.5433,1,0,0,1
243,1,3,3,0,39,0.2519,1,0,0,1
104,117,1,2,1,50,0.2364,0,0,0,0
17,18,5,0,0,23,0.3203,1,1,1,3
300,63,3,3,0,17,0.1256,0,0,0,0
71,105,3,3,0,39,0.33,0,0,0,0
316,71,0,1,0,34,0.3597,0,0,0,0
53,47,1,3,0,54,0.168,0,0,0,0
111,92,3,3,0,9,0.1069,1,0,0,1
247,84,1,1,1,23,0.229,0,0,0,0
11,44,4,1,1,10,0.2531,1,1,1,3
202,80,3,2,0,38,0.2636,1,0,0,1
41,95,2,2,0,20,0.1194,0,0,0,0
277,114,4,1,0,19,0.3381,1,1,1,3
48,75,3,1,0,30,0.6119,1,1,1,3
75,47,2,2,0,2,0.3988,1,0,0,1
297,102,2,0,0,8,0.0716,1,0,0,1
242,28,2,1,0,19,0.4177,1,1,1,3
172,13,0,1,0,20,0.1242,0,0,0,0
300,36,2,2,0,8,0.4656,1,0,0,1
49,95,0,1,0,47,0.0806,0,0,0,0
244,99,1,2,0,26,0.3037,1,0,0,1
124,48,3,3,0,32,0.3047,1,0,0,1
12,107,0,2,0,15,0.2508,0,0,0,0
127,25,4,2,0,26,0.0834,1,1,0,2
75,117,1,1,0,23,0.0067,0,0,0,0
377,74,6,1,0,59,0.3201,1,1,1,3
139,65,4,2,1,43,0.7257,0,0,0,0
44,5,3,2,0,45,0.5354,0,0,0,0
164,93,1,1,0,1,0.1687,0,0,0,0
63,116,6,2,0,19,0.1302,1,1,1,3
75,20,3,2,1,39,0.466,1,1,0,2
218,91,3,1,0,30,0.2727,1,1,0,2
109,46,1,0,0,19,0.1851,1,0,0,1
290,87,3,1,1,45,0.2622,1,0,0,1
73,34,4,1,0,41,0.0635,1,1,1,3
352,36,1,1,0,44,0.2901,1,0,0,1
281,26,2,1,1,18,0.2807,1,1,1,3
142,19,5,0,1,31,0.4687,1,1,1,3
255,57,4,0,0,42,0.3735,1,0,0,1
313,81,2,2,0,41,0.2125,0,0,0,0
104,9,4,2,0,30,0.2914,0,0,0,0
374,13,3,2,0,15,0.4993,1,0,0,1
390,4,3,2,0,36,0.3571,0,0,0,0
356,51,2,1,0,56,0.4472,1,0,0,1
105,93,1,1,0,21,0.0629,0,0,0,0
49,111,1,1,1,16,0.575,0,0,0,0
330,90,1,1,0,12,0.1075,1,0,0,1
154,85,2,0,0,14,0.416,1,1,0,2
255,115,2,3,1,12,0.286,0,0,0,0
235,67,3,2,0,5,0.1454,1,0,0,1
245,111,3,0,0,51,0.419,0,0,0,0
78,91,4,1,1,26,0.2074,1,1,1,3
72,118,2,1,0,7,0.7062,0,0,0,0
16,51,2,1,0,27,0.026,0,0,0,0
153,34,2,2,0,23,0.7344,1,0,0,1
190,106,3,0,0,4,0.3047,1,1,0,2
289,70,1,1,0,33,0.4237,0,0,0,0
259,103,2,0,0,28,0.1216,0,0,0,0
86,57,2,3,0,5,0.2914,0,0,0,0
94,17,0,2,0,10,0.4391,1,0,0,1
355,1,3,2,0,58,0.2531,0,0,0,0
129,13,2,1,1,48,0.3372,1,0,0,1
193,77,3,0,0,38,0.2335,1,1,0,2
295,40,2,2,1,24,0.1509,1,0,0,1
395,81,4,3,0,18,0.3052,1,1,1,3
39,111,3,1,0,56,0.2744,1,1,0,2
386,95,1,3,0,33,0.0924,0,0,0,0
203,62,5,2,1,53,0.1411,1,1,1,3
23,67,3,0,1,22,0.2409,1,1,1,3
378,54,3,2,0,21,0.3206,1,1,1,3
359,89,2,2,0,43,0.0294,0,0,0,0
125,12,4,1,0,59,0.1464,1,0,0,1
158,59,3,1,1,35,0.4242,1,1,0,2
7,108,1,1,0,44,0.2769,0,0,0,0
263,4,3,1,0,25,0.3134,1,1,0,2
246,115,2,1,0,50,0.2336,1,0,0,1
116,72,2,0,0,25,0.6489,1,1,0,2
119,83,1,2,1,48,0.5002,0,0,0,0
252,112,1,0,0,16,0.4174,0,0,0,0
323,54,3,1,0,51,0.5951,1,1,1,3
67,63,0,2,0,52,0.0895,0,0,0,0
191,20,2,0,1,30,0.5508,1,0,0,1
18,45,3,2,1,9,0.3825,1,1,0,2
179,68,4,1,0,22,0.4675,1,1,1,3
337,106,3,1,0,33,0.0468,0,0,0,0
270,34,2,2,0,48,0.7262,1,0,0,1
93,117,0,0,0,28,0.4606,0,0,0,0
23,33,6,3,1,17,0.2437,1,1,0,2
86,111,4,1,0,26,0.2543,1,1,1,3
48,102,4,2,0,11,0.0803,1,1,0,2
323,31,3,2,0,3,0.2295,0,0,0,0
310,51,2,1,0,9,0.0057,0,0,0,0
358,78,0,2,1,18,0.3123,1,0,0,1
201,43,2,1,0,27,0.2615,1,0,0,1
304,10,1,0,0,4,0.4892,1,0,0,1
42,15,3,1,0,54,0.3998,0,0,0,0
222,110,3,0,0,29,0.1544,1,0,0,1
137,96,3,0,0,13,0.3554,1,1,0,2
289,75,1,1,0,5,0.4198,0,0,0,0
165,103,3,0,0,3,0.3411,1,0,0,1
88,12,3,1,1,3,0.3277,1,1,1,3
357,83,3,2,0,11,0.7351,1,1,0,2
116,109,2,1,0,51,0.0723,1,0,0,1
149,34,1,1,0,51,0.2494,0,0,0,0
202,55,2,2,0,45,0.0364,0,0,0,0
2,99,3,0,0,20,0.0951,1,0,0,1
261,53,2,1,1,10,0.3149,1,1,0,2
169,1,2,2,1,20,0.1804,0,0,0,0
126,82,1,3,0,42,0.0826,0,0,0,0
184,58,1,1,0,22,0.1216,0,0,0,0
18,113,2,1,0,50,0.1756,0,0,0,0
74,23,6,2,0,11,0.4779,1,1,1,3
361,45,3,0,0,31,0.2256,1,0,0,1
209,116,3,2,0,7,0.3941,0,0,0,0
303,104,2,2,0,11,0.352,1,0,0,1
19,77,6,2,1,15,0.0623,1,1,1,3
302,1,3,1,1,39,0.2548,1,1,1,3
164,26,1,1,1,0,0.264,0,0,0,0
371,75,2,1,0,57,0.4243,0,0,0,0
151,12,4,2,0,32,0.4811,1,0,0,1
21,18,4,2,0,18,0.3012,1,1,0,2
60,9,3,3,0,15,0.2801,0,0,0,0
35,40,3,0,0,28,0.1282,1,1,1,3
189,83,1,1,0,47,0.1742,0,0,0,0
334,100,5,2,0,27,0.1646,1,1,0,2
267,29,3,0,0,32,0.2922,0,0,0,0
379,76,2,3,0,17,0.1914,0,0,0,0
373,27,1,0,0,13,0.0753,0,0,0,0
131,97,1,1,1,24,0.2357,0,0,0,0
23,48,3,0,1,56,0.3994,1,1,1,3
44,90,4,0,0,42,0.1026,1,1,1,3
105,54,3,1,0,6,0.0393,1,1,0,2
283,25,3,2,0,34,0.046,1,1,0,2
192,70,3,1,0,58,0.1252,1,0,0,1
264,106,3,2,0,26,0.5918,0,0,0,0
210,45,4,1,0,37,0.1975,0,0,0,0
39,94,2,0,1,13,0.5904,0,0,0,0
196,54,2,2,1,54,0.4075,0,0,0,0
308,63,3,1,0,12,0.2536,1,1,0,2
181,13,1,1,0,15,0.2018,0,0,0,0
284,21,3,2,0,12,0.2645,1,0,0,1
8,69,2,2,0,31,0.3061,1,0,0,1
268,2,3,3,0,50,0.2621,0,0,0,0
392,10,2,1,0,22,0.6646,1,0,0,1
288,38,2,3,0,55,0.2693,0,0,0,0
323,101,3,2,0,45,0.6291,1,1,1,3
103,119,5,3,0,29,0.5279,1,1,1,3
121,92,2,3,0,27,0.5601,0,0,0,0
30,58,3,1,0,19,0.2959,0,0,0,0
117,5,6,0,0,27,0.6353,1,1,1,3
368,79,1,1,0,39,0.0623,0,0,0,0
149,16,2,1,0,18,0.2105,0,0,0,0
398,8,4,0,0,0,0.2143,1,1,1,3
269,117,1,3,0,53,0.2476,0,0,0,0
143,76,2,2,1,51,0.2672,1,0,0,1
350,101,2,1,0,10,0.3088,0,0,0,0
207,115,4,3,0,3,0.2692,1,1,0,2
339,19,3,2,0,22,0.5343,1,1,0,2
123,88,1,2,0,14,0.0995,1,0,0,1
167,76,2,3,0,33,0.1343,0,0,0,0
27,34,2,1,0,21,0.5057,0,0,0,0
343,91,3,0,0,2,0.1358,1,1,1,3
70,62,6,0,0,17,0.2712,1,1,1,3
326,67,0,1,0,59,0.4278,0,0,0,0
171,19,2,2,0,56,0.2482,0,0,0,0
133,81,1,1,0,40,0.2424,0,0,0,0
172,50,0,0,0,20,0.1201,1,0,0,1
396,109,2,1,0,12,0.4067,0,0,0,0
379,37,2,1,0,36,0.1413,0,0,0,0
113,35,4,1,0,21,0.1839,1,1,0,2
90,0,0,0,1,20,0.4739,0,0,0,0
146,99,3,1,0,35,0.4369,1,1,1,3
218,54,3,0,1,13,0.1323,1,1,0,2
168,117,2,1,0,20,0.325,1,1,0,2
86,77,4,1,0,21,0.4232,1,0,0,1
64,41,3,1,0,56,0.4943,1,1,0,2
307,60,1,1,0,28,0.2915,1,1,0,2
25,74,4,2,0,18,0.1707,1,0,0,1
223,41,3,2,0,37,0.3925,0,0,0,0
136,9,4,3,0,45,0.2919,0,0,0,0
366,109,3,1,0,6,0.472,1,1,0,2
91,59,2,0,0,16,0.146,1,1,0,2
33,54,2,2,0,36,0.286,0,0,0,0
397,6,1,3,0,32,0.1472,0,0,0,0
119,46,1,0,0,27,0.2935,0,0,0,0
288,49,1,0,1,26,0.2394,1,1,1,3
129,32,2,0,0,24,0.1105,1,0,0,1
396,69,2,1,0,49,0.1765,0,0,0,0
386,98,4,3,0,11,0.4026,1,0,0,1
21,16,3,1,1,13,0.2476,1,1,1,3
128,114,2,1,0,28,0.4186,1,1,0,2
310,74,4,3,0,34,0.163,0,0,0,0
48,15,3,1,0,54,0.249,0,0,0,0
284,6,4,0,0,56,0.2325,0,0,0,0
245,103,3,2,0,4,0.1898,0,0,0,0
142,79,2,1,0,43,0.0282,0,0,0,0
82,117,1,3,0,19,0.2417,0,0,0,0
68,109,3,1,0,28,0.4136,1,0,0,1
386,110,2,1,0,56,0.1798,0,0,0,0
229,87,4,0,0,10,0.1444,1,1,1,3
225,49,0,0,0,13,0.3639,0,0,0,0
234,108,3,2,0,8,0.3131,1,1,0,2
268,46,1,3,0,29,0.6277,0,0,0,0
72,29,2,1,1,33,0.0661,1,1,1,3
305,56,1,0,0,59,0.4868,0,0,0,0
17,95,2,3,1,41,0.2924,0,0,0,0
350,22,2,1,0,30,0.4633,0,0,0,0
310,44,2,1,0,44,0.2833,1,0,0,1
254,62,4,1,0,53,0.4961,0,0,0,0
67,49,2,1,0,13,0.274,0,0,0,0
267,109,2,1,0,2,0.1486,0,0,0,0
237,68,1,2,0,48,0.2874,1,0,0,1
36,77,2,2,0,2,0.1228,0,0,0,0
282,18,2,1,0,13,0.1707,0,0,0,0
156,19,3,2,0,22,0.3335,1,0,0,1
232,71,1,1,0,47,0.3625,1,0,0,1
121,88,1,1,1,51,0.3551,1,1,0,2
60,95,2,3,1,34,0.4286,0,0,0,0
134,26,1,2,0,58,0.3878,0,0,0,0
312,79,0,2,0,7,0.6507,0,0,0,0
197,30,3,3,1,56,0.1969,0,0,0,0
196,34,5,2,0,39,0.104,1,1,1,3
258,55,1,0,0,21,0.4143,0,0,0,0
309,29,4,0,1,22,0.1721,1,1,1,3
174,61,2,3,0,34,0.3174,0,0,0,0
78,107,3,1,0,31,0.4103,1,1,1,3
340,95,2,1,0,55,0.5794,0,0,0,0
318,14,1,3,0,23,0.5951,0,0,0,0
74,73,4,2,0,36,0.1428,1,1,0,2
43,31,2,2,1,3,0.0527,0,0,0,0
241,19,5,0,0,20,0.2512,1,1,1,3
24,57,5,0,0,46,0.4171,1,1,1,3
172,9,2,2,0,6,0.105,1,0,0,1
360,48,1,0,1,6,0.3779,0,0,0,0
186,112,2,1,0,28,0.1438,0,0,0,0
151,80,4,0,0,5,0.2369,0,0,0,0
154,114,3,0,0,48,0.181,0,0,0,0
156,14,0,1,0,20,0.4308,0,0,0,0
285,87,3,0,0,30,0.1184,1,1,1,3
72,52,4,1,0,12,0.3563,1,1,1,3
288,104,3,1,0,55,0.1939,1,0,0,1
71,93,2,2,0,40,0.5164,1,0,0,1
253,6,1,3,0,2,0.4017,0,0,0,0
209,34,3,1,0,27,0.3316,1,0,0,1
289,42,2,3,0,49,0.141,0,0,0,0
286,84,2,2,0,7,0.2257,0,0,0,0
338,87,5,1,0,30,0.6617,1,1,0,2
392,79,2,1,0,15,0.2479,0,0,0,0
263,17,3,1,1,58,0.1786,1,0,0,1
315,56,1,1,0,52,0.0188,0,0,0,0
292,45,3,1,0,33,0.3473,1,1,1,3
13,0,5,3,0,24,0.3426,1,1,1,3
51,41,4,1,0,29,0.288,1,1,1,3
32,58,2,2,1,26,0.154,0,0,0,0
71,44,3,1,0,6,0.082,0,0,0,0
212,18,3,2,0,19,0.2125,1,1,0,2
46,73,1,3,1,44,0.0671,0,0,0,0
132,93,3,1,0,59,0.223,0,0,0,0
323,88,1,1,0,34,0.4145,0,0,0,0
375,29,3,1,0,42,0.1319,1,0,0,1
10,45,3,2,0,5,0.4124,1,1,0,2
330,64,0,1,0,45,0.0695,0,0,0,0
88,82,2,2,1,35,0.1133,0,0,0,0
144,3,1,3,1,37,0.3246,0,0,0,0
334,47,1,2,0,51,0.332,0,0,0,0
135,112,2,1,0,8,0.1573,1,0,0,1
350,17,3,1,0,15,0.3011,1,1,0,2
19,35,8,0,0,35,0.1718,1,1,1,3
128,95,1,3,1,0,0.4531,0,0,0,0
113,35,4,1,0,3,0.2894,1,1,1,3
118,57,3,1,0,15,0.2313,1,1,1,3
238,56,2,1,0,28,0.2352,1,1,0,2
372,80,2,3,0,36,0.1404,0,0,0,0
344,59,4,2,0,16,0.3297,1,0,0,1
308,102,2,1,0,41,0.7377,0,0,0,0
78,73,3,0,0,14,0.3892,1,1,0,2
45,117,1,3,1,32,0.1839,0,0,0,0
97,48,2,3,0,58,0.455,0,0,0,0
129,102,2,0,0,40,0.1406,1,1,0,2
272,108,1,2,1,40,0.2983,0,0,0,0
22,90,3,0,0,9,0.2019,1,1,1,3
198,62,3,0,0,48,0.6218,1,0,0,1
293,111,3,1,1,11,0.2626,1,0,0,1
374,10,2,3,0,27,0.1358,0,0,0,0
148,33,1,2,0,25,0.137,0,0,0,0
48,100,6,1,0,26,0.1871,1,1,1,3
127,31,3,1,0,0,0.2151,1,0,0,1
42,60,1,1,0,31,0.1512,0,0,0,0
287,89,4,2,0,56,0.2295,1,0,0,1
350,39,3,2,0,24,0.4025,0,0,0,0
240,114,1,1,1,16,0.1575,0,0,0,0
119,22,2,0,0,32,0.2357,1,0,0,1
31,13,4,0,1,29,0.2633,1,1,1,3
126,79,2,1,0,30,0.1365,1,0,0,1
342,30,1,2,0,29,0.5336,0,0,0,0
375,53,3,0,0,25,0.1854,1,1,0,2
256,16,3,1,1,9,0.0528,0,0,0,0
320,34,2,1,1,27,0.1442,1,0,0,1
213,95,1,0,0,24,0.2057,0,0,0,0
287,103,4,1,0,19,0.4249,0,0,0,0
253,42,4,0,0,41,0.1771,1,1,0,2
126,74,3,0,0,45,0.2985,1,1,1,3
34,84,2,1,0,42,0.1225,1,1,0,2
188,55,3,1,0,48,0.4256,1,1,1,3
316,79,1,0,0,32,0.405,1,0,0,1
319,96,4,2,0,23,0.0892,1,1,1,3
170,92,0,0,1,42,0.0764,0,0,0,0
17,83,3,2,0,16,0.339,1,1,0,2
349,33,4,3,0,8,0.2944,1,0,0,1
157,90,5,3,0,21,0.1438,1,0,0,1
77,91,3,0,0,38,0.6206,1,1,1,3
311,61,3,0,0,0,0.1709,1,0,0,1
152,82,3,2,0,40,0.2625,0,0,0,0
307,84,2,2,1,58,0.3232,0,0,0,0
239,56,3,1,1,45,0.089,1,1,0,2
229,84,3,1,0,6,0.0988,0,0,0,0
254,79,1,0,1,19,0.2036,1,0,0,1
218,90,3,1,0,58,0.3915,0,0,0,0
391,12,2,1,1,40,0.2697,1,1,0,2
392,91,3,0,0,50,0.3813,1,0,0,1
93,27,4,0,0,51,0.3689,1,1,1,3
239,113,2,1,0,16,0.6021,1,0,0,1
304,3,3,3,0,47,0.5533,0,0,0,0
313,86,2,1,0,13,0.1871,0,0,0,0
309,7,2,2,0,58,0.256,0,0,0,0
117,22,3,2,0,14,0.3106,1,1,0,2
159,61,1,2,1,54,0.103,0,0,0,0
220,68,3,0,0,11,0.3394,1,1,0,2
116,88,0,2,0,8,0.5196,0,0,0,0
119,100,3,0,1,23,0.199,1,0,0,1
112,25,4,0,0,31,0.3735,1,1,0,2
55,71,0,1,0,6,0.1361,0,0,0,0
345,23,5,3,0,23,0.4314,1,0,0,1
126,109,2,2,0,42,0.1525,0,0,0,0
334,68,4,1,0,58,0.2351,1,1,1,3
360,109,2,1,0,26,0.3571,0,0,0,0
102,94,1,1,0,56,0.1587,1,0,0,1
115,94,0,1,0,39,0.3636,0,0,0,0
65,86,3,3,0,29,0.4713,0,0,0,0
134,54,1,2,1,4,0.3816,1,0,0,1
122,56,0,0,0,14,0.342,0,0,0,0
100,116,4,1,0,31,0.0221,1,1,0,2
371,45,4,1,0,22,0.1328,1,1,0,2
29,80,4,0,0,37,0.4635,1,0,0,1
369,119,3,1,0,16,0.2134,0,0,0,0
88,119,4,2,1,38,0.5402,1,1,1,3
267,0,2,1,0,46,0.2306,1,0,0,1
137,99,1,0,0,39,0.2427,1,0,0,1
225,92,2,3,1,43,0.1508,0,0,0,0
129,7,2,0,1,57,0.3642,1,0,0,1
344,82,0,1,1,37,0.4936,0,0,0,0
109,113,3,1,0,56,0.6902,1,1,1,3
46,70,1,2,1,3,0.3076,0,0,0,0
102,17,1,3,0,15,0.4734,0,0,0,0
23,84,2,2,0,51,0.4554,0,0,0,0
30,33,4,1,0,9,0.432,1,1,0,2
356,26,2,0,0,2,0.3343,1,0,0,1
163,67,2,0,1,44,0.5025,1,1,1,3
28,20,1,1,0,13,0.045,0,0,0,0
3,16,3,1,0,51,0.259,0,0,0,0
97,80,3,0,0,55,0.4146,1,1,0,2
200,60,1,0,0,8,0.3619,0,0,0,0
319,99,3,2,1,19,0.1076,1,1,0,2
282,72,2,2,0,8,0.404,1,0,0,1
189,67,2,2,0,59,0.1428,0,0,0,0
187,86,2,3,1,39,0.3991,0,0,0,0
13,58,3,1,1,40,0.2717,1,1,1,3
63,106,4,1,0,20,0.3151,1,1,1,3
52,56,3,0,0,25,0.4259,1,0,0,1
265,14,2,2,0,25,0.5843,0,0,0,0
147,21,2,1,0,54,0.1765,1,0,0,1
195,111,5,1,0,22,0.4159,1,1,1,3
123,114,2,2,0,5,0.2748,0,0,0,0
112,31,3,3,0,13,0.2041,1,0,0,1
150,79,1,1,0,56,0.2435,0,0,0,0
362,27,7,3,0,23,0.2157,1,1,1,3
308,30,1,1,1,18,0.2421,1,0,0,1
232,34,3,2,0,22,0.3104,1,0,0,1
164,29,4,1,0,32,0.3191,1,1,0,2
206,41,2,1,1,40,0.0804,1,1,0,2
264,108,3,3,0,0,0.014,0,0,0,0
247,2,2,2,0,13,0.3663,0,0,0,0
12,91,1,2,0,36,0.2904,0,0,0,0
381,31,4,0,1,24,0.3503,1,1,1,3
302,104,5,1,0,32,0.3166,1,1,1,3
283,24,1,1,0,24,0.5632,0,0,0,0
369,108,3,2,1,12,0.4254,1,1,0,2
310,115,3,3,1,32,0.0955,1,1,1,3
398,1,5,0,1,50,0.2439,1,1,1,3
365,108,2,0,0,37,0.379,1,1,0,2
259,20,1,3,0,56,0.1371,0,0,0,0
178,105,0,3,0,25,0.5683,0,0,0,0
301,81,3,1,0,55,0.3233,1,0,0,1
148,36,2,0,0,37,0.1378,1,1,0,2
198,100,4,0,0,33,0.1081,1,1,1,3
149,107,1,2,1,55,0.1655,0,0,0,0
160,56,2,1,1,49,0.2121,1,0,0,1
77,1,3,1,0,59,0.3382,0,0,0,0
341,56,1,0,0,14,0.1537,0,0,0,0
166,9,3,1,0,56,0.1605,0,0,0,0
309,44,2,1,0,12,0.2821,0,0,0,0
212,14,1,1,0,24,0.4352,0,0,0,0
344,56,2,1,0,37,0.2173,1,0,0,1
41,30,4,2,0,24,0.6606,1,1,0,2
223,84,1,1,1,27,0.2082,0,0,0,0
177,83,2,1,1,11,0.1045,1,1,0,2
173,106,3,2,0,5,0.212,0,0,0,0
13,5,5,1,0,7,0.3945,1,1,1,3
240,114,1,1,1,46,0.4425,0,0,0,0
206,9,3,2,0,51,0.6324,0,0,0,0
301,102,2,1,0,58,0.1413,0,0,0,0
395,119,2,3,1,16,0.4113,0,0,0,0
129,48,3,0,1,12,0.5511,1,1,0,2
14,90,4,1,1,8,0.3074,1,1,1,3
281,9,5,3,0,24,0.603,1,1,1,3
292,51,2,1,0,31,0.0677,0,0,0,0
331,44,3,2,0,51,0.5872,0,0,0,0
19,13,4,1,0,12,0.1677,1,0,0,1
365,108,2,0,0,38,0.4329,1,0,0,1
259,79,1,2,1,45,0.0992,0,0,0,0
171,37,3,0,0,55,0.0618,1,0,0,1
365,54,1,1,0,53,0.251,0,0,0,0
164,49,2,0,1,32,0.2251,1,1,0,2
97,69,1,2,0,43,0.3754,0,0,0,0
281,82,1,3,0,45,0.2848,0,0,0,0
187,40,2,0,0,53,0.3304,0,0,0,0
128,89,3,0,0,59,0.326,1,0,0,1
16,50,0,2,0,30,0.5066,0,0,0,0
246,32,1,2,0,45,0.1851,0,0,0,0
379,42,1,3,0,31,0.3501,0,0,0,0
208,65,5,3,1,53,0.1628,1,1,0,2
123,7,3,0,0,0,0.4863,1,1,1,3
34,90,3,2,0,12,0.1826,0,0,0,0
34,11,1,2,0,46,0.2175,0,0,0,0
97,63,1,3,0,12,0.6932,0,0,0,0
361,91,3,0,0,16,0.3379,1,1,0,2
257,85,2,1,0,26,0.4251,1,0,0,1
358,82,1,3,0,15,0.4942,0,0,0,0
165,106,2,2,0,50,0.2207,1,0,0,1
325,49,2,1,1,42,0.3975,1,0,0,1
104,111,3,0,0,13,0.1168,1,1,0,2
337,55,3,2,0,36,0.3662,0,0,0,0
18,3,4,0,0,41,0.3912,1,1,1,3
243,84,1,1,0,18,0.108,0,0,0,0
157,85,5,2,0,16,0.183,1,0,0,1
196,72,2,0,1,3,0.4035,1,1,1,3
150,72,0,1,0,29,0.117,0,0,0,0
333,11,2,3,0,3,0.6625,1,0,0,1
31,61,3,1,0,43,0.3374,1,1,0,2
40,26,1,1,0,21,0.31,1,0,0,1
328,20,4,3,0,5,0.0962,1,0,0,1
233,113,4,1,0,9,0.17,1,1,1,3
236,5,4,1,0,14,0.3419,1,1,1,3
220,73,1,0,0,39,0.3344,0,0,0,0
196,75,2,1,1,15,0.3619,1,1,1,3
229,14,1,1,0,19,0.3057,0,0,0,0
34,43,0,0,0,38,0.2221,0,0,0,0
92,37,2,1,0,57,0.3901,0,0,0,0
356,110,1,0,1,31,0.1061,0,0,0,0
155,3,3,0,0,57,0.2633,0,0,0,0
300,11,3,0,1,13,0.7338,1,1,1,3
65,112,2,2,1,30,0.2438,1,1,0,2
5,22,2,3,0,16,0.11,0,0,0,0
97,60,0,2,0,10,0.2125,0,0,0,0
299,69,2,2,0,48,0.335,0,0,0,0
388,109,3,2,0,1,0.6311,1,1,0,2
210,98,3,2,0,48,0.1387,1,1,0,2
4,80,6,2,0,45,0.2386,1,1,1,3
66,63,3,3,1,56,0.1033,1,0,0,1
302,16,3,1,0,48,0.2615,1,0,0,1
156,75,2,0,0,33,0.4165,0,0,0,0
378,118,3,2,0,30,0.123,1,0,0,1
33,112,2,2,0,24,0.2763,0,0,0,0
330,24,1,1,0,40,0.1766,0,0,0,0
292,24,2,3,0,10,0.3155,0,0,0,0
384,96,3,1,0,56,0.2036,1,0,0,1
154,1,3,2,0,49,0.4468,0,0,0,0
19,39,5,0,0,59,0.1342,1,1,1,3
225,82,0,3,0,1,0.3197,1,0,0,1
254,110,2,0,0,48,0.1191,1,0,0,1
22,76,3,0,1,46,0.3349,1,1,0,2
151,70,2,2,1,23,0.3887,0,0,0,0
386,1,2,3,0,49,0.3154,0,0,0,0
304,116,3,3,0,58,0.283,1,0,0,1
245,53,2,1,0,43,0.3219,1,1,0,2
317,9,4,1,0,26,0.0584,1,1,0,2
248,96,3,1,0,21,0.5111,1,1,1,3
107,39,1,3,0,24,0.0867,1,0,0,1
219,5,4,2,0,20,0.035,1,1,1,3
122,23,2,2,0,17,0.4601,0,0,0,0
197,59,5,0,0,4,0.2208,1,1,1,3
125,46,2,3,1,43,0.1853,0,0,0,0
281,117,2,3,0,57,0.3096,0,0,0,0
185,10,2,3,0,8,0.373,1,0,0,1
197,20,1,0,0,55,0.5528,0,0,0,0
66,53,2,2,0,28,0.3562,0,0,0,0
79,89,5,3,0,51,0.2668,1,1,0,2
238,117,0,3,1,13,0.2277,0,0,0,0
302,102,3,1,1,33,0.2404,1,0,0,1
264,96,3,2,0,12,0.1735,1,0,0,1
14,49,2,1,0,1,0.4264,1,1,0,2
350,56,4,0,0,7,0.1649,1,1,1,3
367,113,1,2,0,4,0.4565,0,0,0,0
263,67,2,2,0,39,0.1222,0,0,0,0
194,81,4,3,0,51,0.4514,0,0,0,0
329,40,3,2,0,20,0.0806,0,0,0,0
297,97,0,3,0,24,0.2717,0,0,0,0
130,76,3,1,1,6,0.4226,1,1,0,2
319,11,3,3,0,12,0.1053,1,0,0,1
255,81,3,0,0,57,0.1977,1,0,0,1
155,106,1,1,1,11,0.3912,1,0,0,1
260,28,1,1,0,29,0.2979,0,0,0,0
321,72,3,0,0,41,0.1243,0,0,0,0
97,91,1,2,0,9,0.1866,0,0,0,0
208,31,5,3,0,18,0.346,1,1,1,3
15,99,1,0,0,39,0.1604,0,0,0,0
220,49,1,3,0,38,0.0299,0,0,0,0
92,7,2,2,0,29,0.137,0,0,0,0
289,33,2,3,0,44,0.2325,0,0,0,0
198,18,2,0,0,34,0.2528,1,1,0,2
122,66,2,2,1,48,0.2705,0,0,0,0
383,62,4,1,0,5,0.361,1,1,1,3
38,60,1,1,1,59,0.5605,1,1,0,2
34,71,1,0,0,1,0.4323,1,0,0,1
363,114,2,0,0,39,0.1057,0,0,0,0
2,100,4,1,0,16,0.2591,1,1,0,2
41,94,1,1,0,45,0.5932,1,1,0,2
235,16,3,0,0,48,0.2689,1,1,0,2
87,105,2,2,0,31,0.1235,0,0,0,0
60,48,1,3,0,33,0.6262,0,0,0,0
325,65,6,1,1,35,0.3304,1,1,1,3
250,7,5,0,0,21,0.7238,1,1,1,3
171,119,1,1,0,17,0.2518,1,0,0,1
180,12,3,0,0,54,0.4511,1,0,0,1
124,49,3,0,0,19,0.4581,1,1,1,3
247,62,2,2,0,2,0.332,0,0,0,0
214,17,1,2,0,13,0.4285,1,0,0,1
70,56,4,1,0,43,0.2399,1,1,1,3
257,34,2,1,0,20,0.2453,1,0,0,1
267,19,3,1,0,16,0.4361,1,1,0,2
270,31,2,3,1,0,0.1311,0,0,0,0
131,18,2,1,0,52,0.2712,0,0,0,0
201,21,2,2,0,24,0.6582,1,0,0,1
230,50,1,1,1,39,0.4013,0,0,0,0
218,100,3,1,1,8,0.2589,0,0,0,0
239,95,2,1,0,5,0.0341,0,0,0,0
215,32,0,0,0,58,0.2065,0,0,0,0
216,36,3,1,1,8,0.1096,1,0,0,1
197,76,4,0,0,41,0.1885,1,1,1,3
202,60,1,0,0,25,0.4641,1,0,0,1
68,75,1,1,0,8,0.1854,1,0,0,1
83,85,1,1,1,10,0.5504,0,0,0,0
199,57,2,0,1,27,0.1231,1,1,1,3
34,90,3,2,0,54,0.0222,1,0,0,1
76,114,2,1,0,5,0.3588,1,0,0,1
280,84,3,1,0,19,0.3593,1,1,1,3
294,118,1,2,0,49,0.46,0,0,0,0
318,17,3,0,0,49,0.3278,1,1,1,3
88,99,1,0,0,33,0.6083,0,0,0,0
186,70,4,2,0,15,0.2437,1,0,0,1
204,79,0,1,0,42,0.163,0,0,0,0
329,1,4,2,0,39,0.0824,1,0,0,1
294,65,2,3,0,19,0.1497,1,0,0,1
5,54,0,2,0,0,0.294,0,0,0,0
141,29,2,0,1,30,0.5149,0,0,0,0
387,49,1,0,0,27,0.0055,0,0,0,0
5,92,1,0,0,52,0.3137,1,0,0,1
325,46,1,1,1,35,0.1916,0,0,0,0
71,13,0,1,0,40,0.5431,0,0,0,0
358,76,2,0,0,29,0.4074,1,0,0,1
388,25,5,3,0,10,0.0908,1,1,1,3
69,17,3,2,1,55,0.5699,1,1,0,2
322,10,2,3,0,37,0.5669,0,0,0,0
397,86,3,0,0,23,0.4609,1,0,0,1
169,117,0,2,0,14,0.3645,0,0,0,0
181,0,4,1,0,32,0.2726,1,1,1,3
187,90,3,3,1,56,0.3172,0,0,0,0
269,71,1,2,0,45,0.3264,0,0,0,0
228,103,4,2,0,11,0.2491,1,1,1,3
222,58,2,1,0,5,0.0919,0,0,0,0
159,31,3,1,0,43,0.5164,0,0,0,0
327,28,2,2,0,59,0.3082,0,0,0,0
355,42,3,1,0,48,0.2569,0,0,0,0
120,70,2,1,0,48,0.443,1,1,0,2
201,41,2,1,1,51,0.3018,1,0,0,1
177,86,5,1,0,41,0.5944,1,1,1,3
374,16,4,1,0,21,0.327,0,0,0,0
149,98,3,3,0,4,0.1035,1,1,0,2
186,43,2,2,0,56,0.2496,0,0,0,0
230,21,1,1,0,37,0.5156,1,0,0,1
62,10,3,2,0,14,0.3599,0,0,0,0
297,78,2,1,0,36,0.3043,0,0,0,0
31,89,3,2,0,45,0.0411,0,0,0,0
0,2,3,3,0,14,0.102,0,0,0,0
223,103,5,3,1,38,0.1867,1,1,0,2
82,33,3,0,0,38,0.1254,1,0,0,1
244,56,4,2,0,5,0.1572,1,1,1,3
162,79,2,1,0,14,0.6074,0,0,0,0
151,64,1,0,0,18,0.4782,0,0,0,0
155,43,2,2,0,22,0.3262,0,0,0,0
213,70,2,1,0,59,0.4449,0,0,0,0
22,8,3,3,0,28,0.5494,0,0,0,0
41,72,2,2,0,24,0.2465,0,0,0,0
27,33,2,2,0,42,0.202,1,1,0,2
232,66,2,0,0,37,0.2405,1,0,0,1
202,117,0,1,0,12,0.3209,0,0,0,0
186,68,5,3,0,43,0.2015,1,1,0,2
303,35,3,0,0,59,0.4196,1,1,0,2
152,13,2,1,0,33,0.1858,1,1,0,2
229,65,2,2,1,43,0.5176,0,0,0,0
115,55,0,1,0,40,0.1705,0,0,0,0
246,29,3,0,0,3,0.4944,1,1,1,3
40,48,3,3,0,54,0.2431,1,0,0,1
270,80,4,3,0,19,0.0788,0,0,0,0
118,95,2,1,0,18,0.2869,1,0,0,1
185,38,1,3,0,37,0.3083,0,0,0,0
283,56,2,0,1,6,0.4086,1,0,0,1
44,37,2,2,0,57,0.282,1,0,0,1
210,50,1,0,0,24,0.656,1,0,0,1
289,97,2,3,0,28,0.3952,1,0,0,1
50,106,2,1,0,57,0.1342,0,0,0,0
186,110,2,1,0,26,0.3661,0,0,0,0
210,9,2,2,0,45,0.2107,0,0,0,0
14,72,2,2,0,21,0.3092,1,1,0,2
369,111,3,1,0,0,0.0901,0,0,0,0
224,114,1,1,0,25,0.125,0,0,0,0
378,30,3,0,0,4,0.3516,1,0,0,1
307,49,3,3,0,6,0.2936,0,0,0,0
273,7,4,2,0,49,0.4064,0,0,0,0
122,75,0,1,0,59,0.2639,0,0,0,0
39,21,4,1,1,35,0.3467,1,0,0,1
0,9,4,0,0,10,0.2826,1,1,1,3
116,41,1,1,0,38,0.1931,0,0,0,0
43,66,2,1,0,36,0.3117,1,1,0,2
96,116,4,0,1,30,0.6713,1,1,1,3
198,112,2,1,0,6,0.3774,1,0,0,1
110,58,2,2,0,17,0.1708,0,0,0,0
80,51,2,1,0,55,0.3589,1,0,0,1
157,39,5,0,0,49,0.4289,1,1,1,3
257,62,3,0,1,29,0.0648,1,1,1,3
137,14,2,2,0,18,0.4263,0,0,0,0
81,113,3,1,0,5,0.2603,1,0,0,1
336,119,6,3,0,52,0.3425,1,1,1,3
83,12,1,2,1,57,0.3247,0,0,0,0
391,55,0,1,0,44,0.5577,0,0,0,0
8,19,3,0,0,55,0.4043,0,0,0,0
386,111,3,1,0,14,0.0479,1,1,0,2
321,47,0,3,0,32,0.5534,0,0,0,0
390,33,3,2,0,48,0.4059,1,0,0,1
113,7,3,1,0,8,0.4713,1,1,1,3
156,77,2,1,0,49,0.146,0,0,0,0
94,31,1,2,1,6,0.4109,0,0,0,0
392,20,3,2,0,7,0.3144,0,0,0,0
340,53,4,0,0,23,0.2666,1,1,0,2
8,91,3,2,0,35,0.2619,1,1,1,3
132,69,2,2,0,12,0.1374,0,0,0,0
204,12,2,0,1,29,0.3616,1,0,0,1
117,100,5,2,1,23,0.1283,1,1,1,3
305,103,4,2,0,30,0.1417,1,1,0,2
236,80,5,3,0,18,0.4534,1,1,1,3
355,63,2,2,0,56,0.2717,0,0,0,0
281,103,4,3,0,50,0.2496,1,0,0,1
127,21,1,0,0,52,0.1266,0,0,0,0
251,95,2,1,0,32,0.2305,0,0,0,0
31,11,4,2,0,22,0.1824,1,1,1,3
195,30,2,3,0,5,0.0143,0,0,0,0
14,27,5,2,1,30,0.1129,1,1,1,3
60,23,4,3,0,37,0.1729,1,0,0,1
50,6,2,3,0,55,0.2086,0,0,0,0
51,114,3,0,0,40,0.4578,1,1,1,3
297,117,1,0,0,27,0.2226,1,0,0,1
306,90,4,3,0,0,0.317,1,1,0,2
331,13,2,2,0,25,0.1914,0,0,0,0
181,37,5,1,0,5,0.5629,1,1,1,3
167,96,3,2,0,36,0.2664,1,0,0,1
56,27,6,3,0,32,0.3782,1,1,1,3
55,57,3,2,0,37,0.0983,0,0,0,0
263,113,2,0,1,30,0.1808,1,1,0,2
284,7,5,0,0,54,0.2728,1,1,1,3
90,53,2,2,1,58,0.1934,0,0,0,0
112,26,2,2,0,36,0.426,1,0,0,1
335,23,4,0,0,17,0.4874,1,1,1,3
290,9,4,2,0,32,0.17,1,1,1,3
242,53,3,1,1,57,0.1547,1,1,1,3
252,24,3,1,0,6,0.1021,1,0,0,1
52,24,2,1,0,32,0.5354,0,0,0,0
85,105,3,0,1,51,0.3437,1,1,0,2
372,49,0,3,0,58,0.4641,0,0,0,0
93,21,0,2,1,0,0.0905,0,0,0,0
190,30,3,2,1,48,0.5912,1,1,0,2
136,101,1,0,0,48,0.0411,0,0,0,0
337,94,3,0,1,9,0.4749,1,1,0,2
397,61,1,3,0,36,0.6094,0,0,0,0
359,86,3,2,0,8,0.302,1,1,0,2
78,34,3,2,0,46,0.1927,1,0,0,1
262,43,2,0,0,9,0.1565,1,1,0,2
44,6,2,3,0,46,0.3264,0,0,0,0
287,106,3,1,1,28,0.6557,1,0,0,1
101,50,1,1,0,6,0.0388,0,0,0,0
390,41,1,0,0,35,0.3838,0,0,0,0
312,5,1,1,1,33,0.3593,1,1,0,2
20,13,4,0,0,35,0.5648,1,1,1,3
95,97,1,2,0,17,0.035,0,0,0,0
331,42,3,0,0,52,0.4591,1,1,0,2
212,3,2,2,1,11,0.161,0,0,0,0
113,7,3,1,0,17,0.3834,1,1,1,3
82,97,1,0,0,55,0.1726,0,0,0,0
162,110,3,1,0,49,0.1736,1,0,0,1
37,60,1,1,0,5,0.2939,1,1,0,2
272,48,1,1,0,4,0.1841,0,0,0,0
25,55,1,2,0,19,0.1036,0,0,0,0
52,117,0,2,0,17,0.4593,0,0,0,0
135,117,2,1,0,47,0.1703,1,0,0,1
324,33,4,0,0,21,0.3046,1,1,1,3
354,86,2,3,0,31,0.2596,0,0,0,0
248,103,3,3,0,47,0.0864,0,0,0,0
66,68,2,3,1,29,0.2289,0,0,0,0
323,37,3,0,0,55,0.1799,0,0,0,0
338,10,2,2,0,8,0.228,1,0,0,1
182,84,1,2,1,28,0.3372,0,0,0,0
381,20,2,0,0,12,0.2602,1,0,0,1
184,100,4,1,0,41,0.6015,1,1,1,3
370,24,1,3,0,8,0.1016,0,0,0,0
175,51,2,1,0,52,0.2539,1,1,0,2
131,30,2,2,1,2,0.0872,1,0,0,1
86,65,3,0,0,33,0.4025,1,0,0,1
151,77,4,1,0,29,0.1448,1,0,0,1
295,109,3,1,0,39,0.3402,1,1,0,2
336,45,6,2,0,42,0.3561,1,0,0,1
289,65,3,3,0,44,0.1774,1,0,0,1
144,115,0,3,0,51,0.1753,0,0,0,0
154,111,2,0,0,37,0.1286,0,0,0,0
384,70,2,0,0,22,0.1968,1,1,0,2
57,57,4,2,0,11,0.4101,1,0,0,1
278,28,1,0,0,2,0.2793,0,0,0,0
222,1,4,2,1,26,0.254,1,1,0,2
244,71,2,1,0,48,0.5165,0,0,0,0
203,44,4,0,0,55,0.2124,1,1,0,2
326,116,2,2,0,34,0.305,0,0,0,0
33,5,2,1,0,25,0.0639,1,1,0,2
80,19,4,3,1,56,0.1175,0,0,0,0
363,44,4,1,1,44,0.1158,1,0,0,1
258,104,4,1,0,59,0.1963,1,1,1,3
210,85,3,0,0,57,0.1791,1,1,0,2
258,67,1,3,0,7,0.1707,0,0,0,0
229,61,2,1,0,35,0.3534,0,0,0,0
381,0,4,0,1,54,0.6165,1,1,1,3
184,43,2,1,0,59,0.5532,0,0,0,0
44,58,3,2,0,35,0.6262,1,0,0,1
313,81,2,2,0,39,0.4892,1,1,0,2
36,30,3,0,0,42,0.3129,1,1,0,2
283,20,1,1,0,39,0.2707,0,0,0,0
217,2,5,0,1,42,0.2321,1,1,1,3
165,98,5,0,0,16,0.3208,1,1,1,3
123,87,5,1,1,40,0.157,1,1,1,3
111,58,3,2,0,53,0.5147,0,0,0,0
205,7,5,2,0,52,0.3634,1,1,1,3
357,15,2,0,1,52,0.0628,0,0,0,0
110,98,5,3,0,36,0.192,0,0,0,0
362,14,2,3,0,44,0.055,0,0,0,0
365,30,1,3,0,11,0.3212,0,0,0,0
395,107,1,2,0,25,0.3508,0,0,0,0
189,110,3,0,1,25,0.041,1,1,1,3
230,104,3,1,0,55,0.1658,1,1,1,3
114,18,5,3,0,54,0.3551,1,1,0,2
67,23,1,2,1,0,0.3206,0,0,0,0
317,111,2,1,0,27,0.3512,1,1,0,2
165,36,2,1,0,37,0.1644,0,0,0,0
15,17,1,1,0,46,0.341,0,0,0,0
360,0,1,3,1,50,0.1222,0,0,0,0
173,21,2,2,0,23,0.2763,0,0,0,0
200,77,3,1,0,38,0.1716,1,1,0,2
2,25,4,2,0,37,0.3869,0,0,0,0
126,88,1,1,0,30,0.0346,1,0,0,1
83,44,0,2,0,7,0.3808,0,0,0,0
61,9,4,0,0,46,0.5347,1,0,0,1
104,91,2,1,1,28,0.38,0,0,0,0
130,73,2,2,0,32,0.1184,0,0,0,0
375,115,1,2,0,7,0.4426,1,0,0,1
10,60,1,2,0,30,0.1371,0,0,0,0
206,3,2,1,0,14,0.4311,0,0,0,0
385,78,2,1,1,29,0.0477,1,1,0,2
130,54,0,0,1,11,0.2549,1,0,0,1
96,31,3,0,0,1,0.3672,1,1,1,3
110,24,2,0,0,56,0.1516,0,0,0,0
255,42,5,3,0,37,0.1961,1,0,0,1
115,79,1,0,0,59,0.0552,0,0,0,0
293,28,2,0,0,29,0.1921,1,1,0,2
215,63,2,0,0,41,0.0989,0,0,0,0
190,46,0,1,0,42,0.3616,0,0,0,0
332,17,3,1,0,1,0.3559,0,0,0,0
117,72,3,1,1,29,0.4568,1,1,0,2
148,11,2,2,0,58,0.6167,0,0,0,0
322,61,2,3,1,17,0.2024,0,0,0,0
144,78,0,1,0,23,0.5252,0,0,0,0
148,47,0,2,0,17,0.2394,0,0,0,0
201,67,2,0,0,51,0.3454,0,0,0,0
67,96,3,0,0,25,0.1032,1,0,0,1
339,119,5,1,0,31,0.1656,1,1,0,2
171,108,1,2,1,10,0.2306,0,0,0,0
56,59,3,0,1,18,0.4118,1,1,1,3
4,24,3,2,0,41,0.1835,1,1,0,2
109,95,0,3,0,14,0.3076,0,0,0,0
224,6,3,1,1,34,0.1297,1,1,0,2
154,76,3,1,0,19,0.4954,0,0,0,0
107,53,2,2,0,56,0.2824,0,0,0,0
108,75,4,1,0,45,0.2607,1,1,1,3
331,111,4,1,0,20,0.3866,1,1,1,3
261,58,2,1,0,50,0.2918,1,1,0,2
219,109,4,2,0,11,0.222,1,1,1,3
357,49,1,0,1,39,0.0285,0,0,0,0
144,8,0,0,0,56,0.1532,0,0,0,0
104,74,5,1,0,26,0.0652,1,1,1,3
111,16,2,1,0,6,0.3881,1,1,1,3
276,81,1,1,0,50,0.0085,1,0,0,1
236,100,5,3,0,6,0.2357,1,1,0,2
203,82,2,1,0,50,0.6179,1,0,0,1
307,50,1,2,1,28,0.0814,0,0,0,0
327,77,3,1,1,36,0.1915,1,1,0,2
114,80,3,3,0,27,0.5746,0,0,0,0
244,83,1,1,0,22,0.0838,0,0,0,0
53,35,6,0,0,19,0.0425,1,1,1,3
145,62,5,3,1,4,0.5124,1,1,1,3
376,77,4,1,0,58,0.1141,1,1,1,3
278,15,2,2,0,10,0.3194,0,0,0,0
356,39,3,2,0,46,0.5551,1,0,0,1
330,12,1,1,0,53,0.3202,0,0,0,0
356,72,3,2,0,52,0.2145,1,1,0,2
380,84,1,1,0,25,0.3211,0,0,0,0
29,45,3,2,0,52,0.1143,1,0,0,1
132,40,2,3,0,11,0.1655,0,0,0,0
295,34,3,0,0,23,0.182,1,1,0,2
303,40,1,0,1,52,0.1636,1,0,0,1
242,104,5,0,0,3,0.5155,1,1,1,3
190,25,5,2,1,12,0.3528,1,1,1,3
118,22,3,2,0,53,0.2987,0,0,0,0
97,64,0,0,1,7,0.4142,0,0,0,0
236,81,3,0,0,59,0.2379,0,0,0,0
363,74,5,1,0,58,0.4543,1,1,0,2
206,70,4,1,0,13,0.2357,1,0,0,1
122,119,2,2,1,13,0.237,0,0,0,0
220,72,2,0,1,46,0.3433,1,1,1,3
243,84,1,1,0,3,0.4583,1,0,0,1
185,71,2,2,0,27,0.0994,0,0,0,0
253,45,4,2,0,21,0.2676,1,0,0,1
319,2,4,3,0,54,0.2579,0,0,0,0
52,50,1,0,0,45,0.5838,1,1,0,2
329,55,3,1,0,9,0.5989,1,1,0,2
183,101,2,3,0,2,0.3121,0,0,0,0
39,116,4,2,1,23,0.0262,1,1,0,2
68,78,1,1,0,58,0.1185,0,0,0,0
256,90,3,2,1,14,0.2953,0,0,0,0
187,54,3,2,0,57,0.1241,0,0,0,0
151,11,3,0,0,9,0.0911,1,0,0,1
348,111,2,2,0,58,0.1461,0,0,0,0
292,67,2,0,0,15,0.3447,0,0,0,0
398,18,6,3,0,44,0.1598,1,1,1,3
230,5,3,0,0,5,0.2148,1,1,1,3
352,93,1,2,0,0,0.4652,0,0,0,0
8,32,2,3,0,18,0.3092,0,0,0,0
181,34,3,0,0,16,0.4601,1,1,1,3
41,8,3,2,1,5,0.5049,1,1,1,3
382,53,0,1,0,23,0.4056,0,0,0,0
208,63,2,0,0,33,0.3154,1,0,0,1
14,100,4,1,0,52,0.1701,1,0,0,1
202,84,2,1,0,24,0.0296,0,0,0,0
96,96,3,1,0,49,0.5586,1,0,0,1
235,6,4,2,0,17,0.5028,1,1,0,2
267,29,3,0,0,41,0.2206,0,0,0,0
36,106,2,2,0,28,0.3519,1,0,0,1
175,29,2,2,0,36,0.421,0,0,0,0
169,28,2,1,0,42,0.138,1,0,0,1
398,111,5,2,0,33,0.0741,1,1,0,2
373,105,2,3,0,44,0.0925,0,0,0,0
332,39,3,2,0,24,0.1829,0,0,0,0
288,70,3,2,1,45,0.0428,1,1,1,3
320,74,3,0,0,27,0.5629,1,0,0,1
209,48,0,1,0,0,0.128,0,0,0,0
267,62,3,1,0,43,0.2672,1,1,0,2
165,11,2,3,1,38,0.2059,0,0,0,0
101,106,2,1,1,14,0.0331,0,0,0,0
284,46,2,3,0,56,0.2509,0,0,0,0
283,58,1,1,0,27,0.3752,0,0,0,0
281,1,3,3,1,25,0.2722,1,1,1,3
35,51,2,1,0,16,0.1546,1,0,0,1
183,15,3,3,1,48,0.5952,1,0,0,1
384,2,2,2,1,49,0.3083,1,1,0,2
68,76,4,1,0,57,0.0527,1,1,1,3
328,117,2,0,0,59,0.2516,1,1,0,2
43,27,3,1,0,21,0.4891,1,1,0,2
237,42,3,1,0,32,0.1632,1,1,0,2
131,59,3,1,0,58,0.2986,1,0,0,1
0,47,0,3,1,17,0.1003,0,0,0,0
150,12,3,0,0,19,0.3896,1,1,1,3
159,102,1,2,0,0,0.0384,0,0,0,0
15,0,2,1,0,6,0.4889,1,0,0,1
296,37,2,1,0,0,0.1544,1,0,0,1
204,65,3,2,0,17,0.5056,1,1,0,2
259,101,2,3,0,58,0.163,0,0,0,0
391,103,3,2,1,30,0.164,1,1,1,3
185,47,1,0,1,13,0.4208,0,0,0,0
363,75,3,1,0,19,0.1394,1,0,0,1
157,9,5,0,0,26,0.5802,1,1,1,3
188,75,3,1,1,28,0.4064,1,1,0,2
386,24,1,0,1,0,0.5765,1,0,0,1
120,4,5,3,0,19,0.3012,1,0,0,1
93,13,3,1,0,38,0.4856,1,0,0,1
72,47,2,0,0,19,0.1478,0,0,0,0
364,33,2,3,1,47,0.4503,1,0,0,1
140,101,2,3,0,8,0.4021,0,0,0,0
198,108,2,0,0,8,0.4962,1,1,0,2
158,70,1,1,0,7,0.2165,0,0,0,0
52,12,5,1,0,57,0.4456,1,1,0,2
61,29,4,2,0,6,0.3401,1,0,0,1
133,105,4,2,0,5,0.2072,0,0,0,0
103,81,3,3,0,6,0.169,1,0,0,1
212,64,1,2,0,57,0.3204,0,0,0,0
179,89,3,2,0,35,0.4741,1,1,1,3
120,50,1,2,1,29,0.3825,0,0,0,0
315,79,1,1,0,55,0.1857,0,0,0,0
307,78,1,1,0,21,0.5118,1,0,0,1
157,67,2,0,0,27,0.4453,1,1,0,2
306,115,0,3,0,13,0.2685,0,0,0,0
216,69,2,1,0,1,0.4586,1,1,0,2
321,29,4,2,0,9,0.0981,1,1,1,3
239,21,3,1,0,27,0.4782,1,1,1,3
325,97,2,1,0,12,0.1862,0,0,0,0
392,117,2,1,0,42,0.4103,1,1,1,3
230,105,3,2,0,23,0.3625,0,0,0,0
78,93,3,2,0,8,0.0414,1,1,0,2
74,68,3,2,0,21,0.506,1,1,0,2
371,59,4,3,1,26,0.3516,1,0,0,1
334,69,1,0,0,11,0.1731,0,0,0,0
145,89,3,3,0,37,0.5132,1,0,0,1
192,11,3,1,0,11,0.4006,1,0,0,1
252,54,4,0,1,9,0.3499,1,1,1,3
38,24,3,1,0,17,0.2478,0,0,0,0
139,105,3,2,1,47,0.3048,1,0,0,1
211,80,5,2,1,34,0.1863,1,1,1,3
191,41,4,2,0,54,0.1051,1,0,0,1
134,33,4,3,0,50,0.3542,1,1,0,2
241,17,3,0,0,45,0.31,1,1,1,3
142,75,3,2,0,26,0.1608,1,0,0,1
288,72,3,3,0,47,0.2689,1,0,0,1
371,49,2,3,0,55,0.0872,0,0,0,0
333,97,2,3,0,46,0.2722,0,0,0,0
205,109,3,1,1,41,0.6946,1,0,0,1
215,71,2,1,0,49,0.2574,1,0,0,1
139,28,3,0,0,34,0.0818,0,0,0,0
271,109,3,1,0,28,0.2394,1,0,0,1
41,25,6,2,0,19,0.345,1,1,1,3
319,101,4,3,0,37,0.2745,1,1,1,3
257,59,2,0,0,38,0.5076,1,1,0,2
181,87,4,1,0,8,0.0089,0,0,0,0
241,33,5,0,0,7,0.5169,1,1,1,3
97,56,3,1,0,23,0.3616,0,0,0,0
62,110,1,0,0,10,0.1707,1,0,0,1
125,24,4,3,0,54,0.0301,1,1,0,2
135,104,3,1,0,7,0.4008,1,1,1,3
73,39,4,3,1,55,0.2095,1,1,1,3
342,69,0,1,0,59,0.2833,0,0,0,0
143,73,1,1,0,32,0.0601,0,0,0,0
323,82,3,1,0,59,0.0218,1,1,0,2
168,2,2,2,1,4,0.0737,1,0,0,1
304,37,1,1,0,2,0.2792,1,0,0,1
207,37,5,1,1,45,0.2638,1,1,1,3
227,94,2,1,0,20,0.6565,1,1,1,3
240,65,3,2,0,18,0.3831,0,0,0,0
32,1,3,3,0,1,0.3364,1,0,0,1
229,48,1,1,0,50,0.4509,0,0,0,0
382,51,1,1,0,43,0.1751,0,0,0,0
374,57,4,3,0,11,0.1432,1,1,1,3
130,88,1,0,1,57,0.3355,0,0,0,0
40,102,3,3,0,49,0.5483,0,0,0,0
163,37,4,1,1,14,0.4363,1,1,1,3
77,112,2,1,0,16,0.2896,1,1,0,2
346,27,4,3,0,21,0.2433,1,1,0,2
119,88,0,1,1,54,0.4529,0,0,0,0
271,58,2,1,0,19,0.3581,1,0,0,1
294,71,2,1,0,25,0.4226,1,1,0,2
188,57,3,2,0,45,0.2174,1,1,1,3
159,62,5,1,0,28,0.3194,1,1,1,3
17,100,6,0,0,24,0.4168,1,1,1,3
325,26,2,0,1,25,0.1351,1,1,0,2
25,108,1,2,0,16,0.4462,0,0,0,0
288,93,2,1,0,52,0.3185,0,0,0,0
395,0,2,0,0,45,0.0985,1,0,0,1
130,25,3,2,0,6,0.2397,0,0,0,0
233,116,7,0,0,6,0.2275,1,1,1,3
10,84,2,1,0,42,0.3716,0,0,0,0
31,12,5,0,0,28,0.0765,1,0,0,1
378,92,4,0,0,39,0.4139,1,1,1,3
384,37,2,0,0,52,0.1273,0,0,0,0
381,60,1,2,0,7,0.065,1,0,0,1
156,23,4,1,0,13,0.6555,1,1,1,3
332,22,2,1,1,5,0.7646,1,0,0,1
371,47,2,3,0,51,0.3534,0,0,0,0
286,103,4,0,0,46,0.0945,1,1,0,2
146,92,5,1,0,3,0.5049,1,1,1,3
320,69,2,2,0,4,0.608,1,0,0,1
40,33,5,0,0,5,0.5291,1,1,1,3
52,2,3,1,0,24,0.4198,0,0,0,0
77,116,5,2,1,4,0.3494,1,1,0,2
361,3,3,2,0,23,0.3977,1,0,0,1
341,0,5,1,0,36,0.4208,1,1,1,3
43,41,0,0,0,22,0.2843,0,0,0,0
91,34,3,1,0,41,0.1047,0,0,0,0
60,68,3,3,0,8,0.4366,0,0,0,0
336,28,3,2,1,59,0.2854,0,0,0,0
57,71,2,1,0,11,0.3864,1,0,0,1
48,27,7,2,1,38,0.0832,1,1,1,3
335,16,3,2,1,57,0.6842,1,0,0,1
30,57,3,2,1,16,0.342,1,0,0,1
181,39,4,2,1,29,0.3806,1,0,0,1
367,63,3,0,0,25,0.266,1,1,1,3
217,14,1,3,0,59,0.5163,0,0,0,0
22,20,1,0,0,46,0.1867,0,0,0,0
398,18,6,3,0,49,0.1709,0,0,0,0
165,52,4,2,0,41,0.2041,0,0,0,0
225,62,3,0,0,15,0.4309,1,0,0,1
1,4,4,2,0,29,0.4268,1,1,0,2
269,113,2,1,0,6,0.1248,0,0,0,0
289,44,0,1,0,6,0.1304,0,0,0,0
370,59,4,3,1,16,0.0693,1,1,1,3
168,103,3,1,0,5,0.3338,1,1,1,3
127,54,2,0,0,14,0.4784,1,1,0,2
124,11,4,0,0,40,0.271,1,1,1,3
245,99,3,0,0,56,0.5047,1,1,1,3
258,109,2,2,1,32,0.3711,0,0,0,0
238,33,4,0,1,24,0.2833,1,1,1,3
99,113,4,2,0,16,0.191,1,0,0,1
359,75,2,0,1,41,0.12,1,1,1,3
132,34,5,1,0,52,0.1693,1,1,1,3
359,97,2,2,0,59,0.4113,1,0,0,1
51,49,3,1,0,31,0.1494,0,0,0,0
47,23,3,2,0,30,0.1397,0,0,0,0
126,40,1,3,0,34,0.1624,0,0,0,0
330,89,0,1,0,37,0.6468,0,0,0,0
39,81,3,1,0,16,0.2138,0,0,0,0
100,36,2,1,0,14,0.2026,1,0,0,1
161,116,4,3,1,29,0.4973,1,1,1,3
185,43,1,2,0,30,0.0251,1,0,0,1
128,9,4,3,0,0,0.2437,1,1,1,3
46,0,1,0,0,51,0.3245,1,0,0,1
183,60,1,1,1,28,0.0719,1,0,0,1
177,78,3,1,0,30,0.1063,1,0,0,1
174,17,1,0,0,34,0.5765,0,0,0,0
185,74,3,0,0,27,0.0705,1,0,0,1
45,88,0,1,0,58,0.2036,0,0,0,0
133,70,4,0,0,13,0.2254,1,1,1,3
314,26,0,1,0,28,0.6131,0,0,0,0
129,30,2,0,1,0,0.1876,1,1,0,2
309,39,3,2,1,6,0.2679,1,0,0,1
225,115,2,0,0,5,0.2192,1,1,1,3
191,22,3,0,0,48,0.1215,1,1,0,2
207,8,4,0,0,1,0.1419,1,1,0,2
20,119,4,1,1,52,0.2289,1,1,1,3
106,54,0,2,0,46,0.1796,0,0,0,0
295,105,3,1,0,49,0.0352,1,0,0,1
231,18,4,2,0,52,0.1615,0,0,0,0
268,14,0,0,0,59,0.3811,1,0,0,1
363,91,3,1,1,17,0.1653,1,1,0,2
381,67,2,3,1,24,0.3337,1,1,0,2
370,79,1,2,0,49,0.464,0,0,0,0
61,108,1,3,0,21,0.1741,0,0,0,0
359,71,2,0,0,33,0.2588,0,0,0,0
369,42,5,2,0,30,0.1511,1,1,0,2
207,70,3,1,0,35,0.3936,1,0,0,1
331,100,4,0,1,8,0.3169,1,1,0,2
6,112,2,0,0,26,0.1251,0,0,0,0
397,107,0,2,1,54,0.3683,0,0,0,0
1,57,2,1,1,42,0.4632,1,1,1,3
182,34,2,2,0,59,0.2523,0,0,0,0
129,32,2,0,0,9,0.1548,0,0,0,0
384,11,3,2,1,6,0.0978,1,1,1,3
158,7,0,2,0,20,0.2236,0,0,0,0
396,89,2,3,0,25,0.2263,0,0,0,0
356,13,3,1,0,27,0.2892,1,1,1,3
140,24,2,3,0,40,0.3606,0,0,0,0
311,62,3,3,0,46,0.6316,1,0,0,1
235,34,5,0,0,59,0.2509,1,1,1,3
273,34,5,0,0,54,0.0912,1,1,1,3
267,71,2,1,1,55,0.5688,1,0,0,1
258,95,1,3,0,45,0.2915,0,0,0,0
310,118,3,2,1,28,0.3194,1,1,0,2
298,47,0,2,0,36,0.6816,0,0,0,0
356,44,2,1,0,20,0.1409,0,0,0,0
378,85,5,2,1,22,0.2443,1,1,1,3
346,52,2,1,0,7,0.2298,1,1,1,3
11,61,3,2,0,14,0.2721,1,1,1,3
44,88,0,1,0,1,0.202,0,0,0,0
264,94,2,1,0,47,0.277,0,0,0,0
6,15,2,1,0,25,0.154,0,0,0,0
139,13,1,0,0,36,0.1563,0,0,0,0
325,114,3,0,0,35,0.3974,1,1,1,3
35,88,1,2,1,23,0.3158,0,0,0,0
330,76,1,1,0,12,0.333,0,0,0,0
131,9,4,2,0,19,0.1581,1,0,0,1
286,104,3,2,0,21,0.3869,1,1,0,2
249,96,3,2,0,19,0.2988,0,0,0,0
395,34,2,1,0,38,0.5208,1,0,0,1
296,7,1,0,0,42,0.3043,1,0,0,1
186,10,3,3,0,26,0.2015,0,0,0,0
228,110,3,0,0,51,0.1274,0,0,0,0
384,69,1,0,0,4,0.358,0,0,0,0
259,27,4,0,0,15,0.5453,1,1,1,3
43,84,1,1,0,28,0.2789,0,0,0,0
107,33,2,0,0,22,0.3,1,1,0,2
39,98,6,1,1,38,0.3042,1,1,1,3
72,6,3,3,0,3,0.3935,0,0,0,0
63,89,3,2,0,7,0.3747,0,0,0,0
147,109,4,2,0,37,0.2398,1,1,0,2
388,5,5,2,0,24,0.2979,1,1,0,2
54,23,5,3,0,34,0.2423,1,1,0,2
159,92,4,2,1,58,0.0944,1,1,0,2
165,104,3,2,1,47,0.0667,0,0,0,0
379,43,0,1,1,53,0.0558,0,0,0,0
378,115,4,3,0,18,0.4042,1,0,0,1
137,100,3,1,0,39,0.15,0,0,0,0
312,71,0,1,1,57,0.3229,0,0,0,0
224,75,3,0,0,29,0.3025,1,1,1,3
71,101,2,3,0,25,0.2275,0,0,0,0
67,93,0,0,1,25,0.2484,0,0,0,0
381,64,1,0,0,58,0.4166,0,0,0,0
26,98,4,3,1,13,0.0593,1,1,0,2
319,75,2,1,1,31,0.4962,1,1,1,3
300,109,3,2,0,30,0.5149,0,0,0,0
252,15,4,1,0,56,0.1331,1,1,1,3
286,12,4,1,0,18,0.3598,1,1,0,2
176,42,6,1,1,33,0.4735,1,1,1,3
58,48,1,0,0,21,0.1657,1,0,0,1
110,79,1,1,1,45,0.3892,0,0,0,0
110,30,2,3,0,35,0.3569,0,0,0,0
390,71,0,0,0,55,0.1304,0,0,0,0
172,32,1,2,1,54,0.5889,0,0,0,0
162,75,3,0,1,13,0.3158,0,0,0,0
374,109,3,2,0,43,0.2927,1,0,0,1
144,107,1,1,0,11,0.4681,1,0,0,1
319,96,4,2,0,37,0.4244,0,0,0,0
219,72,4,3,1,19,0.0942,0,0,0,0
335,58,2,1,0,54,0.659,0,0,0,0
2,97,1,1,0,31,0.2347,0,0,0,0
197,110,2,1,0,58,0.4505,0,0,0,0
25,33,3,2,1,26,0.0266,0,0,0,0
247,48,2,1,0,48,0.4941,0,0,0,0
369,10,0,1,0,30,0.3105,0,0,0,0
353,54,2,2,0,31,0.4552,0,0,0,0
128,96,4,1,0,4,0.1848,1,1,1,3
389,49,1,1,1,9,0.3232,0,0,0,0
159,117,2,2,0,34,0.0299,1,0,0,1
109,18,2,0,0,54,0.3452,1,0,0,1
77,64,2,2,1,16,0.4202,0,0,0,0
103,109,4,2,0,18,0.345,0,0,0,0
35,111,3,2,0,7,0.1229,0,0,0,0
106,2,1,3,0,54,0.144,0,0,0,0
86,47,1,0,1,59,0.0946,1,0,0,1
190,112,1,0,0,46,0.3485,0,0,0,0
272,67,1,1,0,50,0.3508,0,0,0,0
272,8,3,1,0,48,0.1205,1,1,1,3
8,3,3,0,0,14,0.1451,1,0,0,1
47,110,1,0,0,58,0.1924,0,0,0,0
103,43,3,2,0,14,0.1403,0,0,0,0
196,68,2,0,0,42,0.0805,1,0,0,1
19,86,5,3,1,49,0.2931,1,1,1,3
256,107,1,0,0,25,0.6309,0,0,0,0
183,92,3,0,0,34,0.2343,1,1,0,2
364,71,2,1,0,23,0.4997,1,1,0,2
75,44,2,0,0,39,0.5688,1,0,0,1
284,15,3,3,0,10,0.0688,1,1,1,3
292,9,4,0,1,50,0.3162,1,0,0,1
143,56,3,1,0,54,0.1297,0,0,0,0
197,14,0,3,0,22,0.0649,0,0,0,0
92,82,1,2,0,7,0.1297,0,0,0,0
104,96,2,0,0,53,0.085,0,0,0,0
129,93,2,2,0,18,0.189,0,0,0,0
5,62,1,3,0,11,0.1649,0,0,0,0
92,42,2,1,1,56,0.373,1,0,0,1
325,32,3,2,1,32,0.0372,1,1,1,3
376,30,1,3,0,1,0.3275,0,0,0,0
216,21,1,0,1,31,0.1338,0,0,0,0
62,68,2,2,0,10,0.1762,0,0,0,0
286,4,4,3,1,34,0.1215,1,0,0,1
378,105,4,3,0,28,0.6864,1,1,0,2
253,97,1,0,0,23,0.7104,1,0,0,1
312,6,1,0,0,56,0.4629,0,0,0,0
249,37,4,1,1,3,0.2171,1,1,1,3
132,2,3,0,0,12,0.4873,0,0,0,0
349,92,3,0,0,18,0.243,1,0,0,1
153,54,1,2,0,43,0.2155,0,0,0,0
222,112,0,0,1,51,0.3716,0,0,0,0
4,60,2,0,0,53,0.248,0,0,0,0
202,107,1,0,0,55,0.2904,1,0,0,1
169,28,2,1,0,34,0.2078,0,0,0,0
392,36,2,0,0,31,0.6635,1,0,0,1
241,67,2,3,0,29,0.3026,0,0,0,0
341,78,1,1,0,51,0.2692,0,0,0,0
195,3,5,0,0,44,0.4189,1,1,1,3
73,56,4,1,0,51,0.0754,1,1,1,3
182,19,1,3,1,52,0.2248,0,0,0,0
229,63,1,1,0,38,0.078,0,0,0,0
76,100,3,0,0,58,0.3006,1,0,0,1
263,94,2,1,1,5,0.2353,1,0,0,1
131,35,4,2,0,20,0.2235,1,1,1,3
214,7,3,1,1,59,0.2131,1,1,1,3
13,39,6,0,1,42,0.2183,1,1,1,3
104,93,2,0,0,37,0.1403,0,0,0,0
223,3,5,0,0,51,0.4848,1,1,1,3
196,108,2,3,1,52,0.2136,0,0,0,0
24,66,2,0,0,48,0.2921,0,0,0,0
235,2,4,1,0,9,0.5426,1,0,0,1
19,76,6,3,0,53,0.0798,1,1,1,3
127,99,2,0,0,57,0.1868,1,0,0,1
206,32,1,2,0,54,0.1188,0,0,0,0
339,58,2,0,1,50,0.2113,0,0,0,0
93,45,4,1,0,53,0.5015,1,1,1,3
16,93,2,2,0,55,0.4017,0,0,0,0
46,38,1,3,0,31,0.3324,0,0,0,0
238,100,3,0,0,42,0.2365,1,0,0,1
214,47,1,2,1,49,0.434,0,0,0,0
159,22,3,1,0,44,0.3398,0,0,0,0
214,34,2,1,0,21,0.2428,1,0,0,1
290,44,2,1,0,30,0.5011,0,0,0,0
371,55,1,3,0,5,0.2019,0,0,0,0
285,46,2,2,0,22,0.4473,1,0,0,1
177,108,2,1,1,7,0.3259,1,0,0,1
39,51,3,0,0,28,0.201,0,0,0,0
179,47,1,2,0,41,0.3301,0,0,0,0
226,89,2,0,0,2,0.2431,1,1,0,2
123,47,1,3,0,41,0.2681,0,0,0,0
204,103,3,1,1,48,0.2826,1,1,1,3
211,6,4,1,0,35,0.3548,1,1,0,2
281,39,4,3,0,20,0.2087,1,0,0,1
131,103,3,2,0,3,0.4148,0,0,0,0
260,93,2,2,0,43,0.1999,0,0,0,0
239,44,1,0,0,8,0.3683,1,1,1,3
134,84,0,2,0,58,0.2456,0,0,0,0
125,5,4,1,0,14,0.1905,1,1,1,3
107,108,0,0,0,49,0.3595,0,0,0,0
198,15,3,0,0,5,0.2114,1,1,1,3
97,67,0,3,0,9,0.2457,0,0,0,0
327,7,3,3,0,50,0.0381,1,0,0,1
117,110,4,1,0,1,0.2497,1,1,1,3
398,74,6,3,0,37,0.382,1,1,1,3
235,18,5,1,1,31,0.2258,1,1,1,3
310,14,1,0,0,14,0.0745,0,0,0,0
211,86,5,2,1,46,0.2254,1,1,1,3
78,43,2,1,0,53,0.3876,0,0,0,0
301,118,2,1,0,1,0.3131,1,0,0,1
113,106,1,1,0,29,0.0057,0,0,0,0
30,114,2,0,0,29,0.6839,1,1,1,3
284,116,5,3,0,44,0.3737,0,0,0,0
366,78,3,1,1,36,0.2675,1,0,0,1
240,61,1,1,0,55,0.1791,0,0,0,0
126,12,4,2,0,44,0.6667,0,0,0,0
146,117,2,1,0,48,0.2188,1,0,0,1
82,17,3,0,1,48,0.3288,1,1,1,3
288,24,3,0,0,42,0.2788,0,0,0,0
254,101,2,1,0,2,0.2026,1,0,0,1
215,3,4,3,0,34,0.1933,0,0,0,0
313,87,2,1,0,29,0.4696,0,0,0,0
290,69,2,1,0,45,0.4055,0,0,0,0
313,71,0,1,0,26,0.4338,0,0,0,0
64,108,2,1,0,54,0.0744,0,0,0,0
135,16,2,1,1,44,0.5009,1,1,0,2
252,71,3,1,0,31,0.2603,1,1,1,3
104,104,3,0,0,31,0.1837,1,1,1,3
243,20,1,0,0,4,0.3055,1,0,0,1
145,30,1,0,0,4,0.0797,0,0,0,0
50,59,2,0,1,41,0.1236,1,1,0,2
223,110,3,1,1,27,0.1777,1,1,1,3
216,12,4,1,0,41,0.6115,1,0,0,1
93,15,3,3,0,44,0.2549,0,0,0,0
377,74,6,1,0,13,0.1582,1,1,1,3
210,72,1,2,0,55,0.3522,0,0,0,0
159,47,1,1,0,47,0.2455,0,0,0,0
317,90,6,2,0,19,0.3582,1,1,1,3
315,59,2,0,0,4,0.2302,0,0,0,0
55,99,2,0,0,55,0.3398,1,0,0,1
211,66,3,1,1,24,0.5441,1,1,0,2
184,92,3,2,0,26,0.4211,1,1,1,3
381,6,3,3,1,10,0.4424,0,0,0,0
323,117,1,1,0,46,0.1553,0,0,0,0
31,49,3,2,0,28,0.1335,0,0,0,0
138,87,4,0,1,41,0.0771,1,1,1,3
211,107,4,0,0,12,0.2818,1,1,1,3
16,102,2,0,0,21,0.1365,1,1,0,2
266,96,2,1,0,19,0.286,0,0,0,0
227,59,2,3,0,42,0.0833,0,0,0,0
233,75,3,2,0,0,0.2736,1,0,0,1
280,96,3,1,0,38,0.4738,0,0,0,0
189,48,3,2,0,53,0.0553,1,0,0,1
344,83,3,0,0,14,0.4906,1,1,0,2
157,81,5,0,1,14,0.1718,1,1,1,3
179,13,2,0,0,57,0.4963,1,1,1,3
325,93,3,0,0,49,0.1097,1,1,0,2
341,26,1,0,0,40,0.2847,0,0,0,0
57,93,1,0,0,29,0.0765,0,0,0,0
89,77,5,1,0,45,0.3559,1,1,1,3
398,49,3,3,1,58,0.487,0,0,0,0
365,17,3,0,0,12,0.3083,1,0,0,1
130,36,2,1,1,36,0.3847,1,0,0,1
151,71,2,2,0,3,0.2557,0,0,0,0
87,18,3,2,0,31,0.1707,1,0,0,1
300,81,1,3,1,5,0.249,0,0,0,0
72,19,3,0,0,30,0.4484,1,1,1,3
51,114,3,0,0,19,0.3091,1,0,0,1
172,11,2,1,0,41,0.3051,1,0,0,1
348,77,4,2,0,56,0.433,0,0,0,0
274,87,3,1,0,41,0.2887,1,1,0,2
396,53,0,1,0,2,0.103,0,0,0,0
106,88,1,2,0,56,0.3565,0,0,0,0
338,40,2,2,1,44,0.3548,0,0,0,0
117,44,4,0,0,46,0.2707,1,1,0,2
325,4,5,1,1,13,0.5297,1,0,0,1
190,114,2,0,0,1,0.1533,0,0,0,0
17,75,3,2,0,12,0.3955,0,0,0,0
41,15,3,1,0,5,0.7313,1,1,0,2
123,40,2,0,0,12,0.4045,1,0,0,1
103,16,3,1,0,38,0.1185,0,0,0,0
10,40,1,3,0,10,0.3516,0,0,0,0
356,39,3,2,0,9,0.1961,0,0,0,0
257,45,2,2,0,58,0.0385,1,0,0,1
262,33,4,2,0,31,0.4473,1,0,0,1
4,83,2,0,1,30,0.1673,1,1,1,3
65,116,3,3,0,58,0.155,0,0,0,0
87,8,4,1,0,18,0.3202,1,1,1,3
167,24,1,3,0,42,0.4313,1,0,0,1
198,2,3,0,1,33,0.3414,1,1,1,3
384,66,2,1,0,33,0.1367,0,0,0,0
110,13,2,2,0,10,0.4393,1,0,0,1
76,117,1,3,1,14,0.2675,0,0,0,0
215,29,3,2,1,25,0.4086,1,1,1,3
168,44,2,0,0,7,0.3461,1,0,0,1
122,59,3,1,0,2,0.3715,0,0,0,0
345,114,2,1,0,32,0.2658,0,0,0,0
27,109,2,0,0,20,0.13,1,0,0,1
34,95,1,1,0,44,0.2591,0,0,0,0
165,105,4,3,0,49,0.2998,0,0,0,0
165,31,5,3,0,51,0.3435,0,0,0,0
240,72,1,1,1,31,0.0457,0,0,0,0
341,77,5,0,0,34,0.1834,0,0,0,0
149,86,3,0,0,38,0.0925,1,0,0,1
120,49,1,3,0,7,0.2399,0,0,0,0
244,66,1,0,1,56,0.1856,0,0,0,0
151,19,3,0,0,56,0.4119,1,1,1,3
293,45,1,0,0,45,0.3727,0,0,0,0
239,35,6,1,0,40,0.7689,1,1,1,3
391,66,0,2,1,27,0.3793,0,0,0,0
24,5,3,1,0,42,0.3022,1,1,0,2
329,97,1,1,0,58,0.4808,0,0,0,0
34,78,0,0,0,43,0.2625,0,0,0,0
254,113,2,0,0,32,0.3023,1,0,0,1
62,11,2,1,1,19,0.0647,1,0,0,1
180,73,2,1,1,41,0.3622,1,1,1,3
280,27,5,1,0,36,0.4436,1,1,0,2
243,99,1,1,0,39,0.3829,0,0,0,0
392,91,3,0,0,5,0.1685,1,1,1,3
222,5,3,1,0,36,0.1682,0,0,0,0
6,101,3,1,0,53,0.2788,0,0,0,0
107,0,1,0,0,21,0.3477,0,0,0,0
98,22,1,3,0,17,0.3928,0,0,0,0
299,44,3,2,0,3,0.3309,0,0,0,0
74,2,4,1,1,55,0.3774,1,1,1,3
297,93,2,2,1,16,0.5019,1,1,0,2
284,74,7,3,0,28,0.5652,1,1,1,3
49,68,0,1,1,44,0.5089,0,0,0,0
221,43,0,2,0,53,0.3754,0,0,0,0
90,104,1,1,0,27,0.1541,1,0,0,1
137,79,2,0,0,16,0.4869,1,0,0,1
60,74,5,0,0,4,0.4348,1,1,1,3
1,10,1,1,0,20,0.132,0,0,0,0
282,78,2,1,1,24,0.1745,0,0,0,0
253,55,3,0,0,23,0.0971,1,1,1,3
323,95,2,1,0,48,0.2001,0,0,0,0
61,76,4,3,0,4,0.1597,0,0,0,0
159,18,4,1,0,34,0.5865,1,1,1,3
233,94,3,2,0,52,0.2176,1,1,0,2
266,40,1,3,0,2,0.4405,0,0,0,0
93,24,1,3,0,8,0.2714,0,0,0,0
126,23,4,3,0,49,0.3043,1,1,0,2
153,83,2,1,0,43,0.2436,1,0,0,1
367,2,3,3,1,17,0.0253,0,0,0,0
21,10,3,1,1,24,0.5139,1,1,0,2
216,38,4,2,1,33,0.3241,1,1,0,2
201,41,2,1,1,37,0.1469,0,0,0,0
107,49,0,0,0,22,0.4404,0,0,0,0
280,116,3,2,0,41,0.1567,0,0,0,0
292,61,2,0,0,9,0.2556,1,1,0,2
58,15,1,3,0,26,0.4087,0,0,0,0
63,116,6,2,0,1,0.0574,1,1,0,2
208,70,3,1,1,4,0.3458,1,1,1,3
137,42,3,1,1,37,0.1676,1,0,0,1
314,62,2,2,0,6,0.0308,0,0,0,0
5,80,3,3,0,47,0.287,0,0,0,0
218,104,5,0,0,20,0.0903,1,1,1,3
66,44,0,2,0,45,0.2071,0,0,0,0
169,26,1,0,1,43,0.2493,0,0,0,0
347,3,2,3,0,39,0.3718,0,0,0,0
4,92,5,1,0,22,0.104,1,1,1,3
398,36,4,1,0,53,0.1467,1,1,1,3
174,61,2,3,0,55,0.1316,0,0,0,0
388,46,0,0,1,46,0.1464,0,0,0,0
272,118,2,1,0,3,0.116,0,0,0,0
137,64,1,1,0,13,0.4981,1,0,0,1
132,2,3,0,0,24,0.4633,1,1,1,3
16,107,2,1,0,15,0.4754,0,0,0,0
265,62,6,1,1,43,0.2096,1,1,1,3
217,36,2,2,0,59,0.1403,0,0,0,0
207,99,3,2,0,20,0.1756,0,0,0,0
28,22,1,1,0,59,0.2758,0,0,0,0
46,101,1,0,0,24,0.2096,1,0,0,1
244,5,3,1,0,15,0.3317,1,0,0,1
238,29,3,1,0,48,0.3001,1,1,0,2
136,9,4,3,0,18,0.3786,1,0,0,1
102,17,1,3,0,15,0.2313,0,0,0,0
234,8,3,1,1,0,0.2373,1,1,1,3
147,58,3,2,0,19,0.4447,0,0,0,0
60,97,3,0,0,30,0.1487,1,0,0,1
168,62,2,2,0,8,0.0533,0,0,0,0
231,53,3,0,0,55,0.5088,1,1,1,3
261,65,4,1,0,23,0.314,1,1,1,3
334,7,4,1,0,11,0.2745,1,1,1,3
223,33,4,0,0,55,0.2514,1,1,1,3
115,114,1,0,0,44,0.4203,0,0,0,0
322,86,5,0,0,9,0.2642,1,1,1,3
331,15,2,0,0,46,0.6189,0,0,0,0
327,20,1,0,1,32,0.3164,1,1,0,2
113,90,4,2,0,48,0.3853,0,0,0,0
336,30,3,3,0,22,0.6843,0,0,0,0
81,54,3,1,0,20,0.2739,1,1,0,2
133,97,0,2,0,59,0.2252,0,0,0,0
21,86,4,2,1,45,0.2491,1,1,0,2
17,4,6,0,1,53,0.1424,1,0,0,1
371,48,2,0,0,4,0.2424,0,0,0,0
212,79,0,1,0,28,0.1249,0,0,0,0
388,96,4,1,0,20,0.3174,1,0,0,1
336,119,6,3,0,42,0.3596,1,1,0,2
132,115,3,0,0,37,0.2687,1,1,1,3
395,26,1,1,0,7,0.517,1,0,0,1
51,116,3,1,0,30,0.17,1,1,0,2
72,2,3,0,0,33,0.2568,1,1,0,2
70,0,3,0,1,58,0.719,1,0,0,1
270,108,3,3,0,58,0.2929,0,0,0,0
148,69,1,0,0,16,0.1656,0,0,0,0
54,2,4,0,1,23,0.0838,1,1,1,3
133,114,3,1,1,42,0.4661,1,1,1,3
199,115,1,3,0,10,0.1253,0,0,0,0
60,23,4,3,0,44,0.0492,0,0,0,0
399,50,0,1,0,12,0.1589,0,0,0,0
194,94,1,2,0,54,0.602,0,0,0,0
83,21,1,1,0,20,0.1301,0,0,0,0
294,52,1,2,0,48,0.2268,0,0,0,0
219,44,4,2,0,52,0.0149,0,0,0,0
33,88,1,2,0,15,0.5056,0,0,0,0
358,28,1,2,0,14,0.0348,0,0,0,0
238,90,4,0,0,44,0.1972,1,1,1,3
316,69,2,1,1,35,0.0758,1,1,0,2
299,106,2,1,1,26,0.3267,1,0,0,1
139,101,2,2,0,53,0.5099,0,0,0,0
170,94,0,1,0,43,0.2529,0,0,0,0
4,75,4,0,1,36,0.1564,1,1,1,3
138,96,3,1,1,58,0.3947,1,1,1,3
112,10,2,0,1,25,0.1902,1,0,0,1
114,93,2,2,0,49,0.3361,0,0,0,0
277,36,4,2,0,30,0.3361,0,0,0,0
352,68,1,0,1,59,0.2699,1,0,0,1
67,61,0,2,0,52,0.2425,0,0,0,0
38,3,5,1,0,47,0.3132,1,1,1,3
314,107,0,0,0,28,0.6617,0,0,0,0
228,67,2,2,0,48,0.3704,1,1,0,2
75,22,2,2,0,27,0.4401,0,0,0,0
391,21,2,0,0,28,0.4139,1,1,0,2
44,30,2,3,0,34,0.4615,1,0,0,1
4,79,2,1,0,38,0.2556,0,0,0,0
316,77,3,0,0,20,0.2253,1,1,0,2
92,18,3,1,0,27,0.2058,1,1,1,3
79,41,5,1,0,27,0.1559,1,0,0,1
56,117,0,3,0,52,0.1405,0,0,0,0
342,59,3,1,0,22,0.637,1,1,1,3
260,105,2,3,0,15,0.207,1,0,0,1
329,69,3,1,0,50,0.2788,1,1,0,2
143,85,3,1,0,53,0.4661,1,1,0,2
184,12,3,1,0,38,0.4698,1,1,1,3
107,83,1,2,0,25,0.1475,0,0,0,0
200,116,3,2,1,56,0.473,1,1,0,2
151,86,3,0,0,0,0.1473,0,0,0,0
118,60,1,0,0,52,0.2183,0,0,0,0
21,43,2,0,1,41,0.574,1,0,0,1
56,102,1,3,0,33,0.028,0,0,0,0
345,62,5,0,0,54,0.3067,1,1,1,3
102,31,1,3,0,49,0.6304,0,0,0,0
1,116,4,2,0,13,0.5319,0,0,0,0
121,78,1,2,0,38,0.2808,0,0,0,0
360,71,0,1,0,48,0.6224,0,0,0,0
332,105,5,1,0,27,0.3336,1,0,0,1
129,34,2,2,0,27,0.2471,0,0,0,0
298,83,2,0,0,44,0.4836,1,0,0,1
394,88,2,0,0,10,0.3087,0,0,0,0
182,44,2,1,0,37,0.2421,1,0,0,1
235,7,4,2,0,15,0.2451,1,1,1,3
221,4,2,0,0,47,0.1452,1,1,0,2
37,28,0,1,1,3,0.5496,0,0,0,0
100,50,0,0,0,33,0.1213,0,0,0,0
325,8,3,2,0,33,0.107,0,0,0,0
185,61,0,3,0,34,0.3054,0,0,0,0
317,15,3,2,1,1,0.4859,1,0,0,1
298,118,3,1,1,40,0.3898,1,1,0,2
79,81,5,0,0,4,0.1672,1,1,1,3
87,113,2,1,0,21,0.253,0,0,0,0
345,109,3,2,0,21,0.0722,0,0,0,0
343,0,2,2,0,36,0.3256,0,0,0,0
30,89,3,1,1,47,0.1262,1,1,1,3
388,31,3,0,0,27,0.3699,1,1,0,2
53,111,2,2,1,56,0.1376,0,0,0,0
263,1,2,2,0,45,0.0097,0,0,0,0
349,36,1,1,1,18,0.1919,0,0,0,0
233,83,2,2,0,43,0.0622,0,0,0,0
260,24,2,3,1,1,0.2926,1,0,0,1
194,87,5,2,0,35,0.5598,1,1,1,3
12,62,1,0,0,34,0.3055,0,0,0,0
306,42,3,3,0,44,0.2902,0,0,0,0
18,116,4,0,0,38,0.4753,1,1,0,2
96,72,2,3,1,59,0.1301,0,0,0,0
398,23,6,0,0,21,0.1396,1,1,1,3
250,81,4,0,0,28,0.3734,1,1,0,2
221,101,0,0,0,33,0.3543,0,0,0,0
144,70,0,1,0,12,0.2863,0,0,0,0
85,106,3,1,1,51,0.6353,1,0,0,1
221,91,1,2,0,25,0.2999,0,0,0,0
5,111,1,2,0,24,0.4375,0,0,0,0
267,0,2,1,0,54,0.4098,0,0,0,0
384,7,2,1,0,43,0.187,0,0,0,0
12,62,1,0,0,45,0.264,1,0,0,1
141,9,2,2,1,16,0.3155,1,1,1,3
242,98,6,2,0,13,0.201,1,1,1,3
314,78,2,0,0,38,0.0879,0,0,0,0
288,14,1,3,0,39,0.3815,0,0,0,0
25,99,1,1,0,53,0.5184,0,0,0,0
397,86,3,0,0,21,0.7931,1,1,1,3
149,58,1,2,0,32,0.2089,0,0,0,0
11,37,5,1,1,35,0.5735,1,1,1,3
40,91,3,2,0,1,0.4103,1,0,0,1
125,18,4,3,0,25,0.6047,1,0,0,1
136,54,2,1,0,33,0.1083,1,0,0,1
257,85,2,1,0,11,0.639,0,0,0,0
15,50,0,0,0,40,0.1449,0,0,0,0
78,92,3,0,0,32,0.497,1,0,0,1
84,17,3,3,0,33,0.3148,0,0,0,0
48,18,5,1,0,48,0.1181,1,1,1,3
99,108,3,3,0,14,0.4506,1,0,0,1
274,99,2,2,0,29,0.1232,0,0,0,0
393,70,2,1,0,13,0.1417,0,0,0,0
85,45,5,2,1,5,0.4718,1,1,1,3
165,117,1,0,0,14,0.7122,1,0,0,1
302,49,1,2,1,30,0.2797,1,1,0,2
97,116,2,0,1,17,0.3683,0,0,0,0
181,28,3,1,0,56,0.2215,1,0,0,1
379,35,3,0,0,41,0.4848,0,0,0,0
69,96,4,1,0,50,0.1922,1,1,1,3
235,4,5,1,0,26,0.1932,1,1,1,3
124,54,3,1,0,39,0.1043,1,0,0,1
97,85,4,1,0,0,0.6821,1,1,1,3
379,99,1,2,0,35,0.2575,0,0,0,0
32,77,3,1,0,56,0.1037,0,0,0,0
37,49,0,1,0,39,0.1288,0,0,0,0
267,69,1,1,0,16,0.2771,0,0,0,0
27,100,2,2,0,13,0.2277,0,0,0,0
80,59,5,3,0,20,0.0513,0,0,0,0
238,46,1,0,0,42,0.2158,0,0,0,0
156,8,3,1,0,28,0.7585,1,1,0,2
220,105,2,3,0,30,0.2467,0,0,0,0
181,48,2,2,0,23,0.2069,0,0,0,0
185,72,1,3,0,53,0.0716,0,0,0,0
384,63,2,1,0,57,0.645,1,0,0,1
278,27,6,1,0,23,0.2604,1,1,1,3
325,107,4,1,1,59,0.1124,1,1,0,2
112,62,4,3,0,35,0.4972,0,0,0,0
208,88,2,2,0,54,0.2308,0,0,0,0
235,93,3,0,1,27,0.1928,1,1,1,3
242,33,5,1,1,54,0.2263,1,1,1,3
282,14,0,2,0,54,0.1823,0,0,0,0
156,118,1,1,1,16,0.359,0,0,0,0
231,20,2,2,0,11,0.5223,0,0,0,0
391,112,1,0,0,18,0.068,1,0,0,1
180,82,1,1,0,35,0.7659,0,0,0,0
11,66,4,2,0,20,0.1127,1,1,1,3
64,0,2,1,0,17,0.8287,1,1,1,3
391,0,1,1,0,25,0.5224,0,0,0,0
134,77,3,2,0,42,0.2307,0,0,0,0
326,87,4,0,0,51,0.1635,1,1,1,3
359,6,2,1,0,26,0.387,1,1,0,2
25,93,2,1,0,57,0.2838,1,0,0,1
283,83,1,1,0,31,0.1948,0,0,0,0
146,51,4,0,0,22,0.4548,1,1,1,3
217,18,4,0,0,23,0.1088,1,1,1,3
119,10,0,3,0,53,0.7161,0,0,0,0
126,100,3,0,0,38,0.5033,1,1,0,2
167,69,1,1,0,5,0.211,0,0,0,0
280,107,1,0,1,34,0.6513,1,1,1,3
360,104,2,2,0,58,0.2795,0,0,0,0
258,100,2,0,0,9,0.4351,1,1,1,3
376,26,1,1,1,30,0.414,0,0,0,0
307,55,2,3,0,18,0.0498,0,0,0,0
326,23,4,1,0,30,0.2235,1,1,1,3
362,79,1,1,0,6,0.0804,1,0,0,1
34,22,3,2,1,48,0.435,0,0,0,0
131,63,2,2,0,43,0.1709,0,0,0,0
61,109,4,1,0,18,0.1221,1,1,1,3
358,107,2,2,1,3,0.0819,0,0,0,0
390,100,2,2,1,40,0.4522,1,0,0,1
392,17,4,2,0,31,0.8097,1,1,1,3
355,102,1,2,0,11,0.5185,0,0,0,0
41,83,3,1,0,8,0.4377,1,1,0,2
279,31,1,2,0,3,0.3702,0,0,0,0
321,29,4,2,0,46,0.3031,0,0,0,0
154,26,1,0,0,9,0.0203,0,0,0,0
120,83,2,1,0,52,0.4257,0,0,0,0
200,118,1,1,0,14,0.189,0,0,0,0
134,45,2,1,0,32,0.5937,0,0,0,0
109,104,1,1,1,6,0.7422,1,1,1,3
356,103,3,2,1,36,0.3792,1,0,0,1
292,29,3,2,1,34,0.5799,1,0,0,1
361,53,2,0,0,31,0.1311,1,0,0,1
177,117,2,2,0,10,0.4029,0,0,0,0
182,78,2,1,0,38,0.2084,0,0,0,0
121,103,3,3,0,28,0.0995,0,0,0,0
206,61,1,2,1,24,0.0788,0,0,0,0
376,42,4,0,0,3,0.5585,1,1,1,3
211,63,3,1,1,15,0.1797,1,1,1,3
29,79,2,1,0,5,0.0655,0,0,0,0
78,102,3,0,0,25,0.272,1,1,1,3
141,103,3,2,0,0,0.0487,1,1,0,2
330,68,1,2,0,22,0.5927,1,0,0,1
112,73,4,0,0,7,0.1308,1,1,1,3
187,46,0,3,0,4,0.489,0,0,0,0
208,89,3,3,0,6,0.2268,1,0,0,1
115,116,1,1,0,7,0.4835,1,0,0,1
79,58,4,1,0,42,0.2859,1,1,1,3
38,45,4,1,1,29,0.3477,1,1,1,3
192,35,4,2,0,2,0.067,1,1,1,3
381,100,4,0,0,38,0.0109,1,1,1,3
142,54,3,1,0,42,0.1272,0,0,0,0
252,89,4,1,0,50,0.2791,1,1,1,3
104,43,2,1,0,22,0.1481,0,0,0,0
212,4,2,2,0,27,0.1014,0,0,0,0
60,64,2,0,0,58,0.2867,1,0,0,1
374,88,2,1,1,36,0.1977,1,0,0,1
206,15,2,1,0,11,0.4041,1,1,1,3
95,0,1,2,0,30,0.2437,0,0,0,0
353,54,2,2,0,35,0.096,1,0,0,1
84,51,3,1,1,1,0.1087,1,1,1,3
93,10,0,0,0,55,0.5479,1,1,0,2
147,84,2,1,0,37,0.2287,1,0,0,1
190,44,3,1,1,23,0.1656,1,1,1,3
8,85,4,1,0,20,0.3073,1,1,1,3
143,48,1,1,0,24,0.2234,0,0,0,0
75,5,2,0,0,26,0.3591,0,0,0,0
121,64,2,0,1,49,0.0803,1,0,0,1
344,87,3,0,1,28,0.5586,1,0,0,1
144,50,0,2,0,7,0.335,0,0,0,0
227,23,2,0,0,31,0.1084,1,0,0,1
91,47,1,0,0,11,0.2068,1,1,0,2
163,91,2,1,1,47,0.3722,1,0,0,1
74,86,4,1,0,46,0.0246,1,0,0,1
48,76,5,1,0,51,0.6215,1,1,1,3
326,92,2,1,0,57,0.315,0,0,0,0
113,105,4,2,0,20,0.2052,1,1,0,2
327,30,3,3,0,36,0.2247,0,0,0,0
284,91,3,1,0,32,0.2173,1,0,0,1
197,115,2,0,0,32,0.5278,1,1,0,2
290,114,2,0,0,52,0.2844,1,0,0,1
138,19,2,2,1,59,0.1611,1,0,0,1
216,31,1,1,0,34,0.1858,0,0,0,0
288,22,2,0,0,40,0.1619,1,1,1,3
48,30,4,2,0,7,0.361,1,1,0,2
68,1,3,2,0,42,0.2359,0,0,0,0
28,69,1,1,0,17,0.3815,0,0,0,0
237,48,1,2,0,43,0.1382,0,0,0,0
79,21,4,2,0,56,0.1491,0,0,0,0
316,44,1,1,1,8,0.2648,0,0,0,0
277,90,3,0,1,50,0.1402,0,0,0,0
60,78,2,2,1,18,0.2901,0,0,0,0
351,43,3,1,0,31,0.4344,1,1,0,2
221,3,2,0,0,56,0.4332,0,0,0,0
354,89,2,3,0,31,0.1244,0,0,0,0
50,76,3,0,0,4,0.034,1,0,0,1
374,96,3,1,0,22,0.2931,1,1,0,2
396,106,1,2,0,49,0.0862,0,0,0,0
283,31,2,1,0,21,0.2917,0,0,0,0
111,5,3,2,0,33,0.2757,1,1,1,3
170,99,1,2,0,11,0.0154,0,0,0,0
111,22,2,0,0,55,0.36,0,0,0,0
117,28,3,0,0,22,0.51,1,1,0,2
72,91,2,2,0,11,0.3142,1,1,0,2
335,55,3,3,0,1,0.2378,1,0,0,1
306,1,2,0,0,29,0.4182,1,1,0,2
269,91,3,2,0,28,0.4218,1,0,0,1
193,89,1,1,0,7,0.1108,1,0,0,1
116,86,3,3,0,24,0.3801,0,0,0,0
378,111,4,2,1,52,0.2732,1,1,0,2
271,14,1,2,0,0,0.4533,0,0,0,0
341,59,4,1,0,40,0.3722,1,0,0,1
240,62,4,2,1,29,0.4423,1,1,1,3
382,106,1,0,0,33,0.0489,1,0,0,1
72,64,2,0,1,50,0.2088,0,0,0,0
69,0,5,2,0,10,0.3471,1,1,1,3
244,48,1,0,0,45,0.1364,0,0,0,0
337,78,1,0,0,28,0.4554,0,0,0,0
140,102,3,0,0,59,0.082,1,0,0,1
123,96,4,2,1,42,0.2464,0,0,0,0
323,25,5,1,0,20,0.1709,1,0,0,1
161,115,2,3,0,54,0.1535,0,0,0,0
318,114,1,1,0,36,0.2332,0,0,0,0
175,83,1,1,0,13,0.1843,1,0,0,1
10,42,3,0,1,37,0.4637,1,1,0,2
246,33,5,1,0,14,0.0281,1,1,1,3
220,32,1,0,0,16,0.2145,0,0,0,0
97,36,3,2,1,50,0.2869,1,0,0,1
132,36,3,2,0,37,0.0571,0,0,0,0
43,77,3,1,0,59,0.118,0,0,0,0
51,37,4,1,0,8,0.2593,1,0,0,1
274,39,3,0,0,1,0.4828,1,1,0,2
113,96,2,1,0,28,0.5522,0,0,0,0
226,73,2,3,0,28,0.4922,1,0,0,1
290,1,2,2,0,43,0.0838,0,0,0,0
127,23,5,2,0,44,0.1042,0,0,0,0
212,69,1,0,1,35,0.3511,0,0,0,0
171,49,1,2,0,21,0.4876,0,0,0,0
110,117,1,3,0,59,0.3429,0,0,0,0
161,11,2,3,0,45,0.2294,1,0,0,1
130,111,2,0,0,4,0.2506,1,1,0,2
49,51,1,0,0,56,0.1223,0,0,0,0
349,47,1,3,0,43,0.2915,0,0,0,0
5,82,0,0,0,54,0.2442,0,0,0,0
368,62,1,2,1,49,0.3775,0,0,0,0
199,58,1,1,0,25,0.2344,0,0,0,0
364,99,1,2,0,43,0.1732,0,0,0,0
225,57,3,3,1,34,0.3188,0,0,0,0
336,81,5,3,1,22,0.0984,1,0,0,1
257,2,1,0,0,9,0.1796,1,0,0,1
300,5,2,2,1,41,0.16,1,1,1,3
32,67,1,3,0,14,0.2773,0,0,0,0
102,88,1,2,0,51,0.1091,0,0,0,0
280,31,3,2,0,35,0.1264,0,0,0,0
134,86,2,3,0,4,0.2819,1,0,0,1
6,78,2,1,0,29,0.1421,1,0,0,1
6,71,1,1,1,27,0.2309,0,0,0,0
392,16,2,1,0,13,0.0884,0,0,0,0
197,47,1,0,1,16,0.2572,0,0,0,0
160,34,3,1,1,26,0.2293,1,1,1,3
93,1,1,0,0,18,0.0269,0,0,0,0
169,40,1,2,0,30,0.4084,0,0,0,0
344,39,3,1,0,14,0.4071,1,1,1,3
11,77,4,0,0,28,0.2486,1,0,0,1
82,0,2,0,0,2,0.2171,0,0,0,0
303,68,3,0,0,32,0.6553,1,1,1,3
348,113,2,2,0,29,0.3666,0,0,0,0
284,60,1,1,0,1,0.1897,1,0,0,1
150,44,2,0,0,13,0.6412,1,1,0,2
222,99,3,0,0,35,0.4394,1,0,0,1
179,87,5,0,0,24,0.167,1,1,1,3
113,46,0,2,0,43,0.25,0,0,0,0
3,36,3,2,1,58,0.2178,1,0,0,1
264,109,2,1,0,15,0.5375,1,0,0,1
6,18,4,1,0,27,0.5209,1,1,1,3
7,88,1,0,0,18,0.3631,1,0,0,1
174,12,1,2,0,14,0.2817,1,0,0,1
35,39,2,0,1,42,0.1945,1,1,1,3
107,105,0,0,0,2,0.2893,0,0,0,0
101,52,3,1,0,23,0.1481,1,1,0,2
286,108,4,3,0,40,0.1424,1,0,0,1
275,8,0,1,0,19,0.4888,0,0,0,0
167,67,1,0,0,6,0.4079,1,0,0,1
41,59,3,1,0,41,0.5294,1,0,0,1
160,112,1,1,0,6,0.0907,0,0,0,0
3,113,1,1,1,38,0.5311,1,1,1,3
122,100,1,1,0,20,0.2181,0,0,0,0
326,29,4,1,0,17,0.1898,1,1,1,3
140,29,2,2,0,6,0.4318,1,0,0,1
297,27,5,0,0,34,0.1744,1,0,0,1
108,81,2,2,0,46,0.3772,1,1,0,2
242,49,1,1,0,17,0.4002,0,0,0,0
26,64,2,0,1,39,0.3264,1,0,0,1
336,109,5,2,0,2,0.2898,1,1,1,3
361,106,3,1,0,37,0.433,1,1,1,3
303,1,1,0,0,43,0.1251,1,0,0,1
374,56,5,1,0,11,0.3725,1,1,1,3
113,79,0,1,0,11,0.3909,0,0,0,0
57,61,1,2,0,14,0.1233,0,0,0,0
85,42,5,0,0,10,0.4612,1,1,1,3
91,78,0,2,0,23,0.0964,0,0,0,0
225,62,3,0,0,59,0.1445,0,0,0,0
83,69,0,2,0,0,0.3313,0,0,0,0
363,26,1,0,0,29,0.3415,1,0,0,1
326,66,3,1,0,52,0.7623,0,0,0,0
155,73,3,3,1,29,0.1017,1,0,0,1
241,25,8,3,0,39,0.3159,1,1,1,3
214,104,2,1,0,12,0.2681,1,1,0,2
104,75,2,1,0,0,0.3977,0,0,0,0
93,97,2,3,0,35,0.1856,0,0,0,0
381,110,3,1,0,45,0.277,0,0,0,0
285,111,2,1,0,9,0.3075,0,0,0,0
46,71,1,2,0,58,0.324,1,0,0,1
314,85,2,1,1,59,0.1652,0,0,0,0
252,108,3,1,1,46,0.0576,1,0,0,1
111,92,3,3,0,53,0.2855,0,0,0,0
361,81,2,1,0,38,0.0416,0,0,0,0
25,85,4,1,0,26,0.5618,1,1,1,3
230,81,3,1,0,13,0.21,1,0,0,1
356,36,0,1,0,59,0.2545,0,0,0,0
394,12,3,1,1,11,0.0695,1,1,0,2
9,53,3,2,1,7,0.7326,1,1,1,3
186,86,4,0,0,27,0.5942,0,0,0,0
240,73,3,1,0,18,0.229,0,0,0,0
146,112,2,1,1,9,0.3048,0,0,0,0
30,114,2,0,0,41,0.227,1,0,0,1
353,62,4,3,0,5,0.2227,0,0,0,0
89,12,3,2,0,16,0.5816,1,1,0,2
277,27,4,3,1,10,0.3507,1,0,0,1
251,24,1,2,0,23,0.1957,1,0,0,1
99,80,3,3,0,49,0.1849,1,0,0,1
378,69,2,1,0,18,0.3983,1,0,0,1
101,38,3,1,0,15,0.0684,1,1,0,2
189,58,2,1,0,46,0.1852,1,0,0,1
64,17,1,1,0,40,0.3099,0,0,0,0
105,19,2,2,1,59,0.3166,1,0,0,1
280,71,3,0,0,54,0.2458,0,0,0,0
249,92,1,0,0,58,0.5616,1,0,0,1
213,28,0,1,1,7,0.1224,0,0,0,0
122,115,2,1,0,52,0.2542,0,0,0,0
367,11,3,3,1,25,0.5745,0,0,0,0
124,56,4,1,0,14,0.3625,0,0,0,0
107,59,1,0,1,44,0.3948,0,0,0,0
127,100,4,1,0,14,0.576,1,1,0,2
250,61,4,0,0,47,0.4933,1,1,1,3
330,68,1,2,0,27,0.1778,0,0,0,0
87,109,2,0,0,49,0.0559,1,1,0,2
296,91,1,1,0,1,0.2047,0,0,0,0
169,29,4,0,0,0,0.3276,1,1,0,2
311,48,1,0,0,36,0.0836,0,0,0,0
310,48,2,0,0,34,0.1576,1,1,0,2
6,92,2,2,1,39,0.5918,1,1,0,2
88,109,3,1,1,57,0.6129,1,1,1,3
80,36,3,1,0,27,0.3378,0,0,0,0
284,64,2,3,0,29,0.5246,0,0,0,0
18,69,1,2,0,59,0.2014,0,0,0,0
16,109,4,1,0,43,0.4065,1,1,0,2
194,82,2,3,0,44,0.1717,0,0,0,0
94,34,1,1,0,12,0.6259,0,0,0,0
58,104,2,2,1,6,0.1244,1,1,0,2
391,18,3,1,0,51,0.0575,1,1,0,2
48,95,2,2,0,37,0.6245,0,0,0,0
193,21,2,0,0,32,0.3601,1,1,0,2
260,87,2,1,0,7,0.2789,0,0,0,0
184,81,2,2,0,29,0.4236,0,0,0,0
73,87,5,2,0,20,0.2033,1,1,0,2
12,42,0,0,1,25,0.054,0,0,0,0
376,21,1,1,0,13,0.3581,0,0,0,0
280,3,3,2,0,54,0.5854,1,0,0,1
152,51,2,1,0,35,0.2223,0,0,0,0
73,55,1,0,0,3,0.1378,0,0,0,0
15,47,0,1,0,46,0.0681,0,0,0,0
195,92,4,3,1,27,0.3145,1,1,0,2
235,33,5,1,0,47,0.0863,1,1,0,2
61,28,2,1,0,55,0.2297,0,0,0,0
322,79,1,1,0,22,0.0514,1,0,0,1
379,84,1,2,1,24,0.1137,0,0,0,0
13,6,4,0,0,0,0.3173,1,1,1,3
179,99,2,1,1,54,0.215,0,0,0,0
29,60,1,2,0,19,0.2029,0,0,0,0
242,107,3,1,0,51,0.2595,0,0,0,0
344,94,2,0,0,36,0.294,1,0,0,1
168,66,3,1,0,34,0.1146,1,1,0,2
325,5,5,1,0,6,0.2224,1,1,1,3
293,49,2,2,0,1,0.3331,0,0,0,0
249,12,3,1,0,9,0.3544,1,1,0,2
356,101,2,1,0,32,0.5366,1,0,0,1
224,100,4,2,0,7,0.2378,1,1,1,3
358,30,2,3,0,38,0.1666,0,0,0,0
259,115,0,3,1,22,0.283,0,0,0,0
367,38,2,0,0,22,0.5933,0,0,0,0
17,30,4,3,0,12,0.0978,0,0,0,0
344,14,0,1,1,19,0.1938,0,0,0,0
74,19,3,1,0,15,0.6691,0,0,0,0
304,99,1,2,0,26,0.2437,0,0,0,0
90,101,0,0,1,3,0.1986,0,0,0,0
162,85,5,1,0,17,0.0304,1,1,1,3
358,94,0,2,0,5,0.4691,0,0,0,0
257,10,0,3,0,5,0.0946,0,0,0,0
172,116,1,1,0,57,0.189,0,0,0,0
186,32,2,3,0,5,0.0522,1,0,0,1
85,113,2,1,0,8,0.2362,0,0,0,0
356,119,4,2,1,22,0.2578,1,1,0,2
255,106,3,2,1,36,0.2742,0,0,0,0
38,81,4,2,0,49,0.5507,1,1,1,3
282,78,2,1,1,48,0.5344,1,1,0,2
342,38,2,2,0,6,0.3278,0,0,0,0
188,72,2,2,1,39,0.2189,0,0,0,0
305,105,3,1,1,16,0.4426,1,0,0,1
336,58,4,2,0,43,0.2794,1,1,0,2
376,51,1,2,0,5,0.1274,0,0,0,0
320,93,2,1,0,49,0.3116,1,0,0,1
360,66,2,0,0,21,0.0946,1,0,0,1
182,10,1,0,1,32,0.2058,1,0,0,1
373,57,1,0,1,30,0.4485,0,0,0,0
392,3,5,2,0,53,0.2637,1,1,1,3
85,80,4,0,0,59,0.5327,1,0,0,1
2,27,4,2,1,19,0.0987,1,0,0,1
394,105,2,1,0,16,0.1428,0,0,0,0
67,13,2,1,0,23,0.1138,0,0,0,0
181,107,2,1,0,50,0.0746,0,0,0,0
248,48,2,3,0,55,0.3328,0,0,0,0
379,103,2,0,1,52,0.6374,1,1,1,3
14,52,3,0,0,2,0.1373,1,0,0,1
260,20,1,3,0,52,0.2539,0,0,0,0
120,70,2,1,0,40,0.1924,0,0,0,0
214,40,1,1,1,16,0.3561,0,0,0,0
231,23,3,1,0,33,0.1572,1,0,0,1
111,116,5,0,0,43,0.381,1,1,1,3
129,58,1,1,0,49,0.2734,0,0,0,0
245,89,4,1,1,46,0.1542,1,1,0,2
256,85,5,1,1,44,0.1551,1,1,1,3
200,114,3,1,1,30,0.418,1,0,0,1
201,23,4,0,0,47,0.1134,1,0,0,1
13,61,4,0,0,45,0.2614,1,1,1,3
124,85,4,1,1,12,0.3864,1,0,0,1
123,71,2,1,0,23,0.5141,0,0,0,0
315,117,1,3,0,32,0.1585,0,0,0,0
177,66,4,2,0,5,0.4085,0,0,0,0
56,104,3,1,1,43,0.5619,1,0,0,1
173,6,4,0,0,51,0.2599,1,1,0,2
294,18,3,3,1,49,0.2752,1,1,1,3
135,40,1,1,0,18,0.5525,0,0,0,0
104,119,2,2,0,21,0.2349,0,0,0,0
388,71,2,2,0,59,0.2304,0,0,0,0
389,63,2,2,0,49,0.1423,0,0,0,0
162,59,6,2,0,7,0.3021,1,1,1,3
139,15,1,2,1,39,0.5774,1,0,0,1
232,21,3,2,0,43,0.1245,1,0,0,1
108,100,5,1,0,31,0.0833,1,0,0,1
230,13,2,0,0,26,0.2486,0,0,0,0
188,66,3,2,0,29,0.1191,0,0,0,0
159,66,2,2,0,59,0.2879,1,1,0,2
150,71,1,0,1,33,0.363,1,0,0,1
124,35,7,3,0,0,0.1088,1,1,1,3
266,54,2,1,0,5,0.1148,1,0,0,1
307,8,1,0,1,40,0.0955,0,0,0,0
213,0,2,3,0,37,0.2314,1,0,0,1
204,91,4,0,0,13,0.1287,1,1,1,3
399,102,1,3,0,7,0.2636,0,0,0,0
33,44,2,1,1,35,0.3213,1,1,0,2
92,62,4,1,0,27,0.1971,1,1,0,2
261,26,1,0,0,23,0.3211,1,0,0,1
240,77,3,1,0,7,0.1646,1,1,0,2
181,0,4,1,0,44,0.5653,1,0,0,1
381,105,3,0,0,22,0.214,1,0,0,1
385,113,2,2,0,53,0.2078,1,0,0,1
214,112,1,1,0,26,0.1618,0,0,0,0
292,80,3,3,0,30,0.2072,1,0,0,1
46,98,1,3,0,55,0.2278,0,0,0,0
148,109,2,0,0,11,0.2499,1,1,1,3
181,10,3,2,0,9,0.3288,1,1,0,2
146,112,2,1,1,19,0.2074,0,0,0,0
338,34,4,0,0,56,0.4034,1,0,0,1
296,6,0,0,0,57,0.2022,0,0,0,0
225,8,2,3,0,33,0.3443,0,0,0,0
79,32,3,0,0,31,0.3513,1,1,0,2
157,1,4,0,0,39,0.3712,1,1,1,3
36,49,1,3,0,36,0.5092,0,0,0,0
384,63,2,1,0,6,0.2314,0,0,0,0
262,55,1,2,0,31,0.2445,0,0,0,0
5,23,3,0,0,48,0.4242,1,1,1,3
347,65,2,3,0,9,0.0856,0,0,0,0
270,57,3,0,0,12,0.3338,1,0,0,1
316,70,3,1,0,0,0.4708,1,1,0,2
149,9,3,3,0,35,0.3872,1,0,0,1
283,35,4,2,0,29,0.3235,1,1,0,2
397,40,2,3,0,49,0.1229,0,0,0,0
102,78,2,1,0,33,0.366,0,0,0,0
6,76,4,1,0,15,0.3852,1,1,1,3
128,54,1,1,0,7,0.2408,0,0,0,0
2,23,3,2,0,5,0.5408,1,1,1,3
45,109,2,2,0,32,0.285,0,0,0,0
32,100,4,0,1,43,0.3653,1,1,1,3
12,47,0,0,0,20,0.2802,0,0,0,0
379,12,2,1,1,4,0.0398,1,0,0,1
83,98,2,3,0,4,0.4116,0,0,0,0
316,52,3,0,1,39,0.5813,1,1,0,2
206,36,2,1,0,1,0.0209,0,0,0,0
81,61,2,1,0,54,0.3585,0,0,0,0
116,4,2,3,1,51,0.2099,1,0,0,1
89,34,4,1,0,21,0.5169,1,0,0,1
192,61,3,2,0,8,0.5992,1,0,0,1
364,54,2,2,0,48,0.3417,0,0,0,0
204,66,3,1,1,48,0.0634,1,1,0,2
305,52,2,0,0,29,0.2116,0,0,0,0
396,59,1,3,0,44,0.1078,0,0,0,0
69,70,3,0,0,58,0.0766,1,0,0,1
326,83,3,0,0,30,0.1627,1,1,0,2
380,34,4,1,0,28,0.1002,1,0,0,1
280,10,3,1,0,1,0.2751,1,1,1,3
359,6,2,1,0,31,0.4642,0,0,0,0
63,30,3,1,1,9,0.3573,0,0,0,0
167,37,3,1,0,5,0.5033,0,0,0,0
95,84,0,1,0,33,0.5917,0,0,0,0
204,46,1,2,0,56,0.1698,0,0,0,0
246,105,4,1,0,46,0.4375,1,1,1,3
20,59,5,2,0,15,0.5806,1,1,1,3
235,54,2,0,1,42,0.1984,0,0,0,0
307,91,2,1,0,55,0.1135,0,0,0,0
237,22,1,1,0,22,0.2906,0,0,0,0
69,110,3,1,0,33,0.1812,0,0,0,0
329,95,2,2,0,17,0.2065,0,0,0,0
213,75,1,1,0,31,0.131,0,0,0,0
372,62,3,3,1,35,0.5577,0,0,0,0
183,115,3,3,1,55,0.2196,1,0,0,1
77,51,4,0,0,35,0.4956,0,0,0,0
335,82,2,0,1,14,0.3293,1,1,0,2
383,42,4,1,0,51,0.3792,1,0,0,1
373,102,1,0,0,16,0.5103,1,1,0,2
102,78,2,1,0,2,0.3079,0,0,0,0
109,14,0,3,0,45,0.4273,0,0,0,0
41,32,2,2,0,28,0.4404,0,0,0,0
261,79,2,0,0,16,0.2216,1,0,0,1
323,13,3,0,0,43,0.2867,1,0,0,1
205,63,2,2,1,40,0.4227,0,0,0,0
143,111,2,1,0,35,0.0642,0,0,0,0
151,110,3,1,0,43,0.1178,1,1,0,2
182,9,3,0,0,24,0.0824,1,0,0,1
192,86,2,1,0,0,0.4234,1,0,0,1
385,54,2,2,0,47,0.4177,0,0,0,0
224,89,1,2,0,51,0.2135,0,0,0,0
179,83,2,0,1,59,0.1417,0,0,0,0
121,34,3,1,0,43,0.6062,1,1,0,2
206,116,2,1,0,42,0.2964,0,0,0,0
318,50,0,1,0,34,0.4847,1,0,0,1
56,19,4,0,0,34,0.0358,0,0,0,0
393,104,3,2,0,18,0.0538,1,1,0,2
43,51,2,0,1,48,0.4455,1,0,0,1
253,1,3,3,0,5,0.2532,0,0,0,0
375,77,3,1,1,16,0.3216,1,1,1,3
382,36,0,1,0,54,0.4771,0,0,0,0
284,33,5,3,0,23,0.1575,1,1,0,2
143,86,3,2,0,45,0.203,0,0,0,0
269,39,1,3,0,36,0.0456,0,0,0,0
273,118,3,0,0,15,0.1721,0,0,0,0
354,43,1,1,0,12,0.1919,0,0,0,0
51,73,1,2,0,56,0.3206,0,0,0,0
184,88,1,0,0,46,0.1508,1,0,0,1
175,101,3,3,0,6,0.0241,1,0,0,1
339,117,1,1,0,28,0.383,0,0,0,0
111,45,2,2,1,0,0.1392,1,0,0,1
232,85,2,2,0,36,0.549,1,0,0,1
346,101,2,0,0,28,0.319,1,0,0,1
5,87,2,1,0,59,0.5439,0,0,0,0
262,21,2,1,1,53,0.3668,1,0,0,1
316,46,1,1,0,44,0.4575,1,0,0,1
244,73,2,0,0,40,0.0621,1,0,0,1
63,82,2,1,0,28,0.2947,1,0,0,1
41,11,3,1,0,11,0.1673,0,0,0,0
90,74,2,0,0,42,0.2561,1,0,0,1
125,11,4,3,0,59,0.2989,1,1,0,2
96,107,3,2,0,2,0.5408,1,1,1,3
220,73,1,0,0,40,0.3287,1,0,0,1
332,98,6,2,0,56,0.1505,1,1,1,3
301,44,2,0,0,46,0.4393,1,1,0,2
186,61,2,3,1,2,0.6235,1,0,0,1
355,4,4,1,0,4,0.36,1,1,0,2
171,94,1,0,1,4,0.4221,1,1,0,2
161,52,3,2,0,42,0.4919,1,1,1,3
34,78,0,0,0,48,0.1252,0,0,0,0
310,51,2,1,0,56,0.2333,0,0,0,0
181,94,3,1,1,31,0.5028,1,1,1,3
286,54,3,2,0,30,0.3795,1,1,0,2
152,100,4,1,0,50,0.1196,1,1,1,3
261,119,4,2,0,26,0.6351,1,1,1,3
251,113,2,1,1,49,0.1543,0,0,0,0
203,86,4,2,0,15,0.5267,1,0,0,1
343,93,1,1,0,43,0.2773,0,0,0,0
301,43,3,0,1,44,0.4559,1,0,0,1
319,80,4,3,0,11,0.2169,1,0,0,1
41,74,4,1,0,25,0.2987,1,1,1,3
123,23,6,0,0,17,0.3356,1,1,1,3
385,107,2,1,1,56,0.1566,1,0,0,1
336,118,4,1,0,33,0.2191,1,0,0,1
270,19,4,3,0,56,0.2741,0,0,0,0
196,96,4,2,0,45,0.3935,0,0,0,0
219,30,4,3,0,21,0.363,1,1,0,2
193,2,2,1,0,13,0.1956,0,0,0,0
117,71,2,0,0,55,0.2196,1,0,0,1
156,65,3,2,1,21,0.0104,1,0,0,1
5,12,2,1,0,56,0.2117,0,0,0,0
80,29,5,2,0,28,0.2472,1,0,0,1
365,27,4,3,0,36,0.1504,1,1,0,2
369,118,1,1,0,8,0.3949,1,0,0,1
49,8,2,1,1,57,0.5316,0,0,0,0
192,85,2,0,0,56,0.2293,0,0,0,0
394,77,2,0,1,48,0.4958,1,1,0,2
205,49,3,1,0,48,0.7424,1,1,0,2
320,114,2,1,0,43,0.3178,1,0,0,1
192,31,2,1,1,25,0.2268,1,0,0,1
287,40,2,1,0,28,0.2086,1,1,1,3
131,25,4,2,1,34,0.182,1,1,1,3
191,11,3,0,0,31,0.1899,1,0,0,1
63,119,5,1,0,43,0.0977,0,0,0,0
79,92,3,0,0,50,0.3908,1,1,0,2
151,47,1,0,0,57,0.0348,0,0,0,0
40,45,4,2,0,52,0.1684,0,0,0,0
371,40,2,0,0,42,0.3864,1,1,1,3
362,40,2,3,0,28,0.1867,0,0,0,0
284,108,3,3,0,26,0.3455,1,1,1,3
102,22,0,3,0,1,0.1125,0,0,0,0
133,21,1,1,1,1,0.6174,1,0,0,1
296,117,0,0,0,8,0.2949,0,0,0,0
246,80,4,1,1,56,0.1969,0,0,0,0
296,29,2,2,1,47,0.5551,0,0,0,0
325,61,3,2,0,20,0.1345,0,0,0,0
83,84,0,1,1,5,0.2263,1,0,0,1
343,109,2,0,0,47,0.4351,1,0,0,1
334,103,3,1,0,34,0.1908,0,0,0,0
182,66,2,0,1,4,0.2044,1,1,1,3
2,114,1,0,0,29,0.1632,1,0,0,1
84,65,5,3,0,20,0.2312,1,1,1,3
224,49,1,2,0,7,0.2043,0,0,0,0
126,99,2,1,0,43,0.1421,0,0,0,0
363,86,3,1,0,45,0.0719,0,0,0,0
79,77,5,2,1,59,0.102,1,1,0,2
302,21,4,1,0,22,0.1839,1,1,0,2
360,56,1,2,0,55,0.1735,0,0,0,0
282,38,1,2,0,59,0.4614,0,0,0,0
188,8,3,2,0,30,0.4864,0,0,0,0
170,81,0,0,1,38,0.1667,0,0,0,0
250,113,2,2,1,57,0.1639,1,0,0,1
373,109,2,1,0,9,0.5578,0,0,0,0
110,113,1,1,0,35,0.1727,0,0,0,0
172,16,0,0,0,13,0.5859,0,0,0,0
248,70,2,2,1,56,0.148,0,0,0,0
371,0,2,3,0,40,0.2132,0,0,0,0
163,35,3,0,0,1,0.2909,1,1,0,2
67,10,2,2,0,38,0.0473,0,0,0,0
11,118,3,0,0,40,0.4636,1,1,1,3
10,60,1,2,0,9,0.0855,0,0,0,0
64,33,3,1,0,54,0.5864,1,1,1,3
30,27,5,2,0,57,0.0647,1,1,1,3
344,36,1,0,0,41,0.1772,1,1,0,2
227,67,1,0,1,1,0.3525,1,1,0,2
265,57,5,2,0,43,0.1661,1,1,1,3
316,76,5,1,0,58,0.1145,1,1,1,3
85,72,2,3,0,36,0.205,0,0,0,0
271,2,3,1,1,33,0.1753,0,0,0,0
306,30,3,0,0,48,0.0754,1,1,0,2
118,85,3,1,0,10,0.292,1,0,0,1
363,45,4,1,0,7,0.0847,1,1,1,3
107,84,0,1,0,19,0.2084,1,0,0,1
215,59,2,3,0,2,0.1426,1,0,0,1
221,81,1,3,1,32,0.5486,0,0,0,0
207,8,4,0,0,49,0.1897,1,1,1,3
318,105,2,0,0,26,0.2177,1,1,0,2
237,82,1,2,0,5,0.1432,0,0,0,0
390,2,2,2,0,44,0.1059,0,0,0,0
350,30,2,2,0,42,0.5385,0,0,0,0
346,96,4,1,0,39,0.2757,1,1,0,2
212,100,2,2,0,25,0.3271,1,0,0,1
77,29,4,1,1,10,0.0469,1,1,1,3
125,106,4,2,1,9,0.4355,1,1,1,3
258,64,1,0,0,19,0.3053,0,0,0,0
191,115,2,0,0,0,0.262,1,1,1,3
262,104,3,1,0,9,0.6074,0,0,0,0
214,12,3,0,0,56,0.5051,0,0,0,0
349,11,1,3,0,45,0.4263,0,0,0,0
394,91,3,1,0,34,0.0996,1,0,0,1
327,54,3,1,0,1,0.3137,1,1,0,2
393,15,1,3,0,53,0.0967,0,0,0,0
315,112,1,1,0,5,0.19,0,0,0,0
315,21,1,1,0,31,0.1808,0,0,0,0
199,35,3,0,0,52,0.2412,1,1,0,2
381,78,3,2,0,6,0.2782,1,1,0,2
85,22,2,0,0,55,0.2624,1,0,0,1
257,96,1,1,0,6,0.3955,1,0,0,1
371,46,1,3,0,35,0.111,0,0,0,0
222,83,2,1,0,9,0.0873,1,1,0,2
103,21,4,1,0,37,0.1368,1,1,1,3
281,19,2,0,0,44,0.3929,1,0,0,1
269,32,2,3,1,21,0.2826,0,0,0,0
49,82,1,1,1,10,0.3652,0,0,0,0
312,41,1,1,1,21,0.0939,1,1,0,2
294,3,2,3,0,53,0.1639,0,0,0,0
8,39,3,3,0,0,0.3817,0,0,0,0
217,96,4,1,0,32,0.1231,1,1,0,2
369,83,1,0,1,24,0.2116,1,0,0,1
67,18,3,1,1,31,0.5966,1,1,1,3
227,15,1,3,0,58,0.685,0,0,0,0
349,36,1,1,1,19,0.3165,0,0,0,0
40,118,2,1,0,16,0.1499,0,0,0,0
327,54,3,1,0,10,0.3081,1,1,1,3
202,76,3,2,0,43,0.2063,0,0,0,0
248,99,2,1,0,44,0.042,1,0,0,1
191,21,2,1,0,6,0.1347,0,0,0,0
362,35,7,3,0,26,0.4658,1,1,1,3
158,45,3,1,0,14,0.3173,0,0,0,0
26,112,1,1,0,20,0.393,1,0,0,1
308,110,0,1,0,2,0.1018,0,0,0,0
103,39,6,3,0,20,0.2595,1,1,1,3
29,1,4,3,0,15,0.1241,0,0,0,0
254,47,2,1,0,24,0.2625,1,0,0,1
313,101,3,1,0,43,0.498,1,1,1,3
392,25,5,1,0,28,0.3577,1,1,1,3
23,89,4,3,0,58,0.0732,1,0,0,1
219,19,4,0,0,47,0.1574,1,0,0,1
252,68,4,2,0,52,0.4208,0,0,0,0
113,83,2,0,1,9,0.0667,1,0,0,1
169,39,4,2,0,38,0.492,1,1,1,3
318,96,3,1,0,11,0.2518,1,0,0,1
127,105,3,1,1,44,0.2799,1,1,1,3
112,71,1,1,0,32,0.4386,0,0,0,0
134,62,4,3,1,55,0.2751,1,0,0,1
175,119,3,0,0,1,0.5837,1,0,0,1
381,0,4,0,1,5,0.2566,1,1,1,3
163,59,2,3,0,57,0.3103,0,0,0,0
109,4,3,0,0,13,0.1293,1,0,0,1
47,54,1,0,0,33,0.2371,1,1,0,2
144,91,0,1,1,37,0.2009,0,0,0,0
100,72,3,2,0,23,0.2507,0,0,0,0
158,1,2,2,0,26,0.2467,1,0,0,1
295,26,1,0,0,44,0.0648,0,0,0,0
177,57,5,2,0,0,0.2973,1,1,1,3
357,52,2,1,0,33,0.0936,0,0,0,0
375,38,2,1,0,19,0.4646,1,0,0,1
141,61,1,2,0,46,0.2723,0,0,0,0
296,15,1,3,0,26,0.0753,1,0,0,1
25,30,2,1,1,29,0.2828,0,0,0,0
248,46,0,0,1,0,0.2373,0,0,0,0
160,0,2,0,0,35,0.3751,1,1,1,3
353,31,3,3,0,2,0.1719,0,0,0,0
137,47,0,1,0,59,0.1001,0,0,0,0
90,64,0,0,0,51,0.0293,0,0,0,0
116,30,3,0,0,33,0.1512,1,0,0,1
109,91,2,2,0,7,0.1341,0,0,0,0
159,101,3,1,0,5,0.3026,1,0,0,1
303,8,1,0,0,21,0.2529,0,0,0,0
69,46,1,2,0,57,0.5858,0,0,0,0
122,87,2,1,1,55,0.3665,0,0,0,0
270,78,2,1,0,50,0.101,1,0,0,1
272,69,1,0,0,36,0.2188,0,0,0,0
74,55,0,1,0,1,0.2242,0,0,0,0
89,79,2,1,0,4,0.2632,0,0,0,0
358,36,1,2,0,11,0.2314,0,0,0,0
174,116,2,0,0,14,0.3151,1,1,0,2
189,29,3,0,0,49,0.1538,1,1,0,2
129,117,0,0,1,20,0.4383,1,0,0,1
121,70,2,2,0,58,0.2282,0,0,0,0
32,107,2,2,0,55,0.2752,0,0,0,0
204,45,3,0,0,20,0.1493,1,0,0,1
11,19,5,1,0,46,0.1565,1,1,1,3
69,99,3,1,1,28,0.2523,1,1,0,2
360,22,1,3,1,51,0.517,0,0,0,0
170,17,0,3,0,2,0.1298,0,0,0,0
133,28,2,0,0,35,0.3325,1,1,0,2
287,23,5,1,0,41,0.5081,1,1,1,3
398,106,3,2,1,47,0.3631,1,1,0,2
349,3,4,3,0,6,0.3355,1,1,0,2
57,37,4,1,1,13,0.2774,1,1,1,3
352,69,1,1,0,39,0.0388,0,0,0,0
334,66,2,1,0,5,0.0805,0,0,0,0
304,60,0,1,0,53,0.14,0,0,0,0
329,59,5,1,1,45,0.3199,1,1,1,3
240,66,1,1,0,48,0.2719,0,0,0,0
250,95,3,0,0,19,0.1902,1,1,1,3
323,115,1,2,0,19,0.155,0,0,0,0
100,98,4,2,0,21,0.3442,1,1,1,3
247,37,2,0,0,1,0.1241,1,0,0,1
179,85,4,1,0,55,0.1422,1,1,0,2
388,76,4,0,0,4,0.258,1,1,1,3
137,114,2,0,0,36,0.6302,1,1,1,3
342,84,0,0,1,35,0.2397,0,0,0,0
121,42,3,0,0,29,0.2065,0,0,0,0
276,20,2,2,0,35,0.2785,0,0,0,0
210,1,2,2,0,5,0.4156,0,0,0,0
268,76,4,3,0,1,0.5029,1,1,0,2
38,65,5,1,1,33,0.0782,1,1,1,3
313,36,1,1,1,56,0.2193,1,0,0,1
102,76,2,3,0,19,0.3044,0,0,0,0
71,84,1,2,1,21,0.1221,0,0,0,0
394,6,2,2,0,18,0.2746,1,0,0,1
68,67,1,2,1,5,0.2871,0,0,0,0
202,92,1,1,1,15,0.1681,0,0,0,0
349,95,2,0,0,35,0.1448,0,0,0,0
155,67,1,3,0,8,0.4028,0,0,0,0
248,100,3,0,0,52,0.6066,1,0,0,1
377,39,5,2,0,20,0.2431,1,1,1,3
46,64,0,0,0,41,0.8293,1,0,0,1
56,111,3,1,0,39,0.4053,1,0,0,1
332,23,6,2,0,15,0.1584,1,1,1,3
30,34,4,0,1,9,0.1681,1,1,1,3
163,96,2,2,0,50,0.2387,1,0,0,1
298,51,3,0,0,45,0.2334,1,0,0,1
21,2,4,2,0,20,0.3773,0,0,0,0
325,78,2,1,1,53,0.584,0,0,0,0
278,0,3,2,1,46,0.1408,1,1,0,2
208,26,2,2,1,51,0.082,0,0,0,0
246,102,3,2,0,33,0.3756,1,1,0,2
152,41,5,1,1,21,0.2984,1,1,1,3
175,24,1,3,0,31,0.2821,0,0,0,0
172,86,1,1,0,23,0.4526,0,0,0,0
153,53,1,1,0,11,0.1391,0,0,0,0
182,75,1,1,0,54,0.1267,0,0,0,0
366,36,4,1,0,28,0.1725,1,0,0,1
110,66,3,3,0,45,0.3287,1,0,0,1
23,48,3,0,1,48,0.2794,1,0,0,1
167,6,0,0,0,29,0.5646,0,0,0,0
202,77,4,1,0,9,0.0623,0,0,0,0
324,101,2,0,0,35,0.3791,0,0,0,0
347,49,2,3,0,26,0.2723,0,0,0,0
182,33,3,3,0,9,0.1672,1,0,0,1
71,45,2,1,0,16,0.2446,1,1,0,2
220,75,2,1,1,57,0.0398,1,0,0,1
286,41,4,1,0,57,0.4354,1,1,1,3
153,92,2,0,0,18,0.3791,0,0,0,0
242,43,3,1,0,19,0.4465,1,0,0,1
304,46,1,3,0,59,0.5713,0,0,0,0
56,20,3,0,0,27,0.0188,1,0,0,1
189,70,3,1,0,58,0.0703,1,0,0,1
80,101,2,3,0,57,0.0213,0,0,0,0
353,20,3,3,1,6,0.1219,1,0,0,1
399,51,2,2,0,26,0.2307,0,0,0,0
309,23,4,2,1,46,0.4469,0,0,0,0
67,25,3,2,0,37,0.6093,1,1,0,2
299,33,2,0,0,8,0.1508,1,0,0,1
382,118,0,0,0,2,0.1976,0,0,0,0
302,84,2,1,0,12,0.0845,1,0,0,1
115,84,0,0,0,16,0.367,0,0,0,0
1,114,0,1,0,35,0.4627,0,0,0,0
4,30,3,1,0,34,0.2383,1,0,0,1
81,73,2,1,0,7,0.2269,0,0,0,0
106,36,1,1,0,0,0.1986,0,0,0,0
71,104,4,2,0,42,0.3667,1,1,1,3
125,78,2,1,1,18,0.3168,1,1,1,3
188,51,3,1,0,15,0.0121,1,1,0,2
311,90,2,3,0,35,0.0246,1,0,0,1
167,40,2,0,0,21,0.4504,1,0,0,1
242,51,3,1,1,49,0.4639,0,0,0,0
294,107,1,1,0,14,0.1168,0,0,0,0
247,42,3,2,0,45,0.1352,0,0,0,0
82,23,4,3,1,53,0.4222,1,1,0,2
279,48,0,1,0,59,0.1903,0,0,0,0
218,107,1,1,0,33,0.0552,0,0,0,0
345,49,1,0,0,50,0.0561,0,0,0,0
396,92,2,0,0,57,0.1871,1,0,0,1
269,62,5,0,0,52,0.0225,1,1,1,3
279,21,0,1,0,49,0.3354,0,0,0,0
166,29,2,1,0,26,0.1937,0,0,0,0
173,82,3,0,0,33,0.1879,1,1,1,3
99,114,2,2,0,23,0.4127,1,0,0,1
105,3,3,2,0,25,0.4189,1,0,0,1
97,9,3,3,1,24,0.2884,1,1,0,2
70,104,4,1,0,32,0.2359,0,0,0,0
132,51,3,2,0,50,0.2824,0,0,0,0
87,95,1,1,0,52,0.1719,0,0,0,0
36,61,3,0,1,27,0.2987,1,1,1,3
281,40,1,3,0,46,0.4913,0,0,0,0
130,107,2,1,0,20,0.2469,0,0,0,0
219,35,7,3,0,26,0.0228,1,1,1,3
161,86,4,3,0,3,0.2314,1,0,0,1
14,75,4,1,0,0,0.219,1,0,0,1
227,92,1,0,0,42,0.4783,0,0,0,0
159,62,5,1,0,52,0.2179,1,1,1,3
169,20,2,1,0,46,0.0826,1,0,0,1
230,84,2,1,1,44,0.37,1,0,0,1
75,59,2,2,0,55,0.2013,0,0,0,0
155,64,1,0,0,50,0.4172,0,0,0,0
71,17,2,3,0,47,0.1228,0,0,0,0
227,76,3,3,0,21,0.1387,0,0,0,0
291,43,1,0,0,33,0.3766,1,0,0,1
363,11,3,1,0,38,0.6696,0,0,0,0
161,87,4,1,0,55,0.3094,1,1,0,2
389,45,2,1,1,12,0.3236,0,0,0,0
80,22,3,3,0,15,0.4491,0,0,0,0
175,91,3,1,0,20,0.4243,0,0,0,0
148,54,2,1,0,24,0.5619,0,0,0,0
226,56,4,1,0,31,0.5691,1,1,1,3
297,98,4,0,1,6,0.078,1,1,1,3
276,10,2,1,0,10,0.64,0,0,0,0
308,102,2,1,0,19,0.3335,0,0,0,0
124,15,4,0,0,20,0.249,1,1,1,3
111,16,2,1,0,8,0.1835,1,0,0,1
207,59,5,3,0,43,0.1874,0,0,0,0
275,105,1,2,1,27,0.2955,1,0,0,1
223,100,5,0,0,51,0.1633,1,1,0,2
279,45,2,0,1,27,0.2028,1,0,0,1
336,89,5,0,1,20,0.3234,1,1,1,3
123,106,3,2,0,38,0.1995,0,0,0,0
323,93,1,1,0,44,0.1566,1,0,0,1
234,20,2,2,1,1,0.4678,0,0,0,0
138,6,2,1,0,46,0.1558,1,0,0,1
328,104,4,2,1,38,0.7011,1,1,1,3
110,97,2,0,0,23,0.6759,1,0,0,1
154,39,2,2,0,39,0.1872,1,0,0,1
91,79,1,1,0,34,0.114,0,0,0,0
125,70,2,1,1,23,0.4292,0,0,0,0
301,53,3,0,0,8,0.2356,1,1,1,3
160,63,1,3,0,30,0.3668,1,0,0,1
359,90,2,2,0,36,0.2047,0,0,0,0
376,106,2,1,1,39,0.2483,1,1,0,2
237,9,3,2,1,40,0.2725,1,0,0,1
283,28,1,1,1,7,0.5626,0,0,0,0
236,49,3,3,0,6,0.4839,1,0,0,1
190,15,2,1,0,44,0.4229,1,1,1,3
25,101,1,2,1,5,0.2285,1,0,0,1
317,98,6,1,0,8,0.1811,1,1,1,3
236,106,3,2,0,54,0.0688,1,0,0,1
65,64,0,3,0,11,0.4262,0,0,0,0
110,46,2,0,1,8,0.4843,1,0,0,1
235,48,1,2,0,53,0.26,0,0,0,0
67,86,2,1,0,24,0.6922,1,0,0,1
346,44,2,2,0,4,0.2228,0,0,0,0
256,74,5,2,0,46,0.5439,1,1,1,3
144,5,1,1,0,7,0.3801,0,0,0,0
171,54,1,1,1,54,0.1562,0,0,0,0
236,52,3,2,1,37,0.1937,1,1,0,2
97,81,3,3,0,25,0.3204,0,0,0,0
305,113,3,0,0,14,0.3198,1,1,0,2
138,13,2,0,0,38,0.1288,0,0,0,0
61,23,4,0,0,27,0.6352,1,1,1,3
398,114,4,2,0,59,0.5393,1,0,0,1
314,31,2,2,0,11,0.3033,0,0,0,0
14,74,5,1,0,44,0.1493,1,0,0,1
144,93,1,2,0,51,0.2752,0,0,0,0
361,28,1,0,0,24,0.1608,0,0,0,0
149,7,3,3,0,13,0.3298,0,0,0,0
312,62,1,3,0,14,0.3748,0,0,0,0
69,108,2,2,1,31,0.5131,1,0,0,1
251,37,4,0,0,16,0.1608,1,1,0,2
319,63,2,0,0,46,0.0412,0,0,0,0
346,7,2,3,0,32,0.4188,0,0,0,0
133,29,2,1,1,14,0.2645,1,0,0,1
118,64,3,2,1,58,0.316,1,1,0,2
114,90,4,3,0,52,0.0498,1,0,0,1
195,65,4,0,0,17,0.1321,1,1,1,3
92,52,2,0,0,51,0.189,1,0,0,1
227,42,2,3,0,1,0.2769,0,0,0,0
164,98,3,3,0,21,0.0822,0,0,0,0
351,8,4,2,0,54,0.0604,1,1,1,3
143,56,3,1,0,6,0.3159,1,1,1,3
129,0,1,3,1,30,0.5128,0,0,0,0
356,37,3,1,0,8,0.3067,1,1,0,2
118,111,5,1,0,6,0.1546,1,1,1,3
123,58,4,1,0,7,0.2254,1,0,0,1
89,102,2,3,0,19,0.234,0,0,0,0
16,51,2,1,0,45,0.16,0,0,0,0
227,46,0,3,0,46,0.2076,0,0,0,0
4,8,4,1,0,5,0.2969,1,1,1,3
80,72,3,0,0,27,0.4593,1,1,1,3
25,102,2,1,0,21,0.1694,1,1,0,2
242,74,6,1,0,46,0.1356,1,1,1,3
175,75,1,1,0,48,0.2039,0,0,0,0
188,48,2,2,0,43,0.3095,1,0,0,1
59,83,2,1,0,21,0.1828,1,0,0,1
152,71,2,1,1,59,0.1222,1,0,0,1
139,0,3,2,0,45,0.2582,1,0,0,1
345,69,2,2,0,13,0.5705,0,0,0,0
89,99,2,1,1,59,0.085,1,0,0,1
371,26,1,2,0,21,0.2117,0,0,0,0
89,7,4,3,0,33,0.3886,0,0,0,0
130,88,1,0,1,34,0.0459,1,0,0,1
17,88,2,1,0,10,0.1687,0,0,0,0
156,6,1,1,0,33,0.5677,0,0,0,0
227,32,0,0,0,45,0.1022,0,0,0,0
82,8,2,3,0,19,0.1191,0,0,0,0
308,16,3,1,0,8,0.6185,0,0,0,0
5,52,2,2,0,24,0.6772,1,1,0,2
7,23,4,2,0,45,0.1428,1,1,0,2
242,65,5,1,0,5,0.3173,1,1,1,3
315,45,0,2,0,17,0.3773,0,0,0,0
249,27,4,0,0,22,0.4724,1,1,1,3
105,72,2,1,0,28,0.0751,1,0,0,1
386,104,2,1,0,42,0.1616,1,1,0,2
115,106,0,0,0,52,0.1057,0,0,0,0
358,0,2,0,0,45,0.2308,1,0,0,1
195,39,5,3,0,2,0.2145,1,1,1,3
91,15,2,0,0,47,0.1784,1,1,1,3
73,32,1,3,0,39,0.4027,0,0,0,0
5,26,0,2,1,19,0.5347,0,0,0,0
176,57,5,2,1,16,0.2117,1,1,1,3
319,98,5,0,1,48,0.1343,1,1,1,3
369,1,2,1,0,3,0.1905,0,0,0,0
346,24,4,0,0,43,0.4525,1,0,0,1
227,50,0,2,0,30,0.2846,0,0,0,0
82,52,2,1,0,49,0.3131,1,0,0,1
181,53,3,1,0,42,0.382,1,0,0,1
115,85,2,0,0,34,0.2504,0,0,0,0
42,33,2,1,1,8,0.3341,1,1,1,3
102,96,2,2,1,44,0.1101,1,1,0,2
110,115,4,0,1,20,0.4291,1,1,1,3
256,40,1,1,0,48,0.1242,0,0,0,0
394,15,2,1,0,16,0.0697,0,0,0,0
375,3,3,2,0,1,0.547,1,0,0,1
109,30,2,3,0,17,0.3502,0,0,0,0
327,88,2,1,0,11,0.2703,0,0,0,0
44,7,3,3,0,55,0.3345,0,0,0,0
210,37,3,1,0,9,0.071,1,0,0,1
209,37,2,0,0,21,0.0203,0,0,0,0
164,30,3,3,0,3,0.5429,0,0,0,0
222,77,4,0,0,43,0.233,0,0,0,0
167,111,1,2,0,57,0.3791,0,0,0,0
116,93,3,2,0,12,0.1732,0,0,0,0
34,93,1,1,0,27,0.0877,1,0,0,1
346,89,3,0,0,24,0.0889,1,1,0,2
259,42,3,3,0,28,0.2437,1,0,0,1
10,36,1,2,0,55,0.3166,0,0,0,0
190,61,3,2,0,23,0.1817,1,1,0,2
159,48,0,2,0,38,0.4826,0,0,0,0
27,13,1,0,0,35,0.2071,0,0,0,0
275,58,1,0,0,50,0.5308,0,0,0,0
242,106,3,0,0,29,0.4497,1,1,1,3
386,105,3,0,0,59,0.4992,1,1,1,3
12,87,0,2,0,7,0.1313,0,0,0,0
128,78,2,2,1,46,0.5598,0,0,0,0
54,85,2,1,0,50,0.085,0,0,0,0
276,73,2,1,0,36,0.2018,0,0,0,0
397,29,3,1,0,45,0.027,0,0,0,0
319,47,2,3,0,49,0.4135,0,0,0,0
90,34,1,1,0,4,0.2698,0,0,0,0
116,116,3,3,0,46,0.1834,0,0,0,0
122,18,2,1,0,37,0.0406,1,1,1,3
230,11,1,2,0,31,0.3099,0,0,0,0
49,92,0,1,0,44,0.5214,0,0,0,0
184,40,1,2,0,47,0.429,1,1,1,3
196,28,2,1,0,45,0.1999,0,0,0,0
336,87,6,2,0,36,0.1855,1,1,1,3
372,48,1,0,0,35,0.1956,1,0,0,1
339,87,4,0,0,39,0.3204,1,1,1,3
305,107,2,1,1,3,0.5571,1,1,0,2
46,57,0,3,0,50,0.3019,0,0,0,0
206,55,1,1,0,21,0.2872,0,0,0,0
343,114,1,1,0,40,0.6732,0,0,0,0
141,18,3,1,1,33,0.2295,0,0,0,0
64,51,2,1,0,6,0.3975,1,1,1,3
315,24,1,0,0,6,0.2546,0,0,0,0
134,116,2,3,1,34,0.1422,0,0,0,0
353,54,2,2,0,25,0.1099,0,0,0,0
250,68,4,0,0,47,0.4037,1,0,0,1
71,36,2,1,0,26,0.2867,1,0,0,1
26,60,1,2,0,8,0.0819,0,0,0,0
187,42,3,3,0,19,0.183,1,0,0,1
145,118,3,2,0,42,0.2819,1,0,0,1
117,53,3,0,0,40,0.3492,1,0,0,1
175,55,2,3,0,13,0.4945,0,0,0,0
140,37,4,1,0,56,0.3395,1,1,1,3
32,77,3,1,0,18,0.3717,0,0,0,0
314,32,0,1,0,33,0.091,0,0,0,0
25,53,2,0,1,51,0.0886,0,0,0,0
284,5,4,1,1,6,0.3574,1,1,1,3
268,10,3,0,0,7,0.3251,1,0,0,1
366,75,4,1,0,55,0.2042,1,1,0,2
89,53,2,2,0,4,0.3991,1,0,0,1
40,61,3,3,0,29,0.5789,0,0,0,0
4,30,3,1,0,59,0.2168,0,0,0,0
276,80,3,2,0,38,0.4799,1,0,0,1
296,10,2,0,0,23,0.2653,1,0,0,1
14,46,2,1,0,9,0.1564,0,0,0,0
345,8,4,3,0,4,0.1918,1,0,0,1
342,66,1,2,1,36,0.3686,0,0,0,0
314,60,0,0,0,22,0.2828,0,0,0,0
0,19,4,3,0,34,0.2913,0,0,0,0
36,62,3,3,0,28,0.0896,0,0,0,0
384,70,2,0,0,10,0.1976,0,0,0,0
285,105,3,2,0,17,0.2365,1,0,0,1
54,23,5,3,0,58,0.3563,1,0,0,1
60,36,2,2,0,21,0.2595,0,0,0,0
348,98,5,0,0,5,0.3354,1,1,1,3
299,114,2,1,0,54,0.0633,0,0,0,0
368,119,1,1,0,10,0.3095,0,0,0,0
215,3,4,3,0,34,0.2545,1,0,0,1
84,110,3,2,0,7,0.5061,1,1,0,2
102,85,3,2,1,18,0.3771,1,1,1,3
396,14,1,0,0,24,0.5922,0,0,0,0
192,13,2,1,1,44,0.4612,1,0,0,1
293,13,3,0,0,7,0.0843,1,0,0,1
26,9,4,3,1,0,0.7128,1,1,1,3
386,107,2,2,0,52,0.1774,0,0,0,0
51,82,2,2,1,37,0.4431,0,0,0,0
294,7,3,0,0,8,0.1672,1,0,0,1
197,41,2,2,0,33,0.1123,0,0,0,0
208,110,3,2,0,46,0.1927,1,0,0,1
23,8,4,0,0,7,0.5294,1,1,1,3
116,15,1,3,1,18,0.1477,0,0,0,0
8,26,1,1,0,13,0.5835,1,0,0,1
141,69,1,1,0,23,0.248,0,0,0,0
193,39,3,2,0,2,0.2482,1,1,0,2
125,66,4,0,0,54,0.2279,1,1,1,3
328,65,3,3,0,38,0.0969,0,0,0,0
15,46,2,1,0,49,0.3628,0,0,0,0
293,19,4,2,1,3,0.4038,1,1,1,3
379,114,2,2,0,19,0.118,1,0,0,1
62,19,2,1,0,17,0.2428,0,0,0,0
320,75,2,2,0,53,0.4202,1,0,0,1
62,4,3,1,0,17,0.3309,1,1,0,2
164,88,1,1,0,35,0.2271,1,0,0,1
89,7,4,3,0,28,0.2658,0,0,0,0
366,47,1,3,0,43,0.4645,0,0,0,0
257,9,2,3,1,58,0.7454,0,0,0,0
380,5,3,2,0,40,0.3336,0,0,0,0
381,35,6,3,0,20,0.1126,1,1,1,3
366,31,4,3,0,35,0.3981,0,0,0,0
98,69,1,1,0,24,0.6148,1,0,0,1
142,115,2,0,0,11,0.3217,1,1,1,3
231,94,2,0,0,19,0.5204,1,0,0,1
254,116,4,1,0,28,0.5483,1,0,0,1
45,112,1,1,0,58,0.3779,0,0,0,0
84,23,6,0,0,18,0.3385,1,1,1,3
26,82,1,3,0,26,0.094,0,0,0,0
139,59,4,2,0,29,0.104,1,0,0,1
218,114,2,0,1,20,0.6096,0,0,0,0
244,59,4,3,0,53,0.1661,0,0,0,0
150,99,2,1,0,16,0.2432,1,0,0,1
173,1,4,0,0,56,0.3047,1,0,0,1
150,88,2,1,0,35,0.3572,0,0,0,0
132,70,3,2,0,28,0.4092,0,0,0,0
356,8,3,2,1,16,0.4375,0,0,0,0
271,93,3,0,0,43,0.4714,1,0,0,1
250,58,3,1,1,55,0.1237,1,1,0,2
254,96,3,0,0,26,0.2116,1,1,1,3
133,89,2,2,0,31,0.4639,0,0,0,0
174,74,3,0,0,22,0.1635,1,1,0,2
308,77,2,1,0,57,0.3973,1,0,0,1
275,62,1,2,0,21,0.1864,0,0,0,0
185,81,2,3,0,37,0.1618,0,0,0,0
373,89,0,3,1,9,0.1344,0,0,0,0
316,81,3,2,0,50,0.3023,1,1,0,2
201,94,1,1,0,27,0.2436,1,0,0,1
116,37,1,1,0,12,0.4112,0,0,0,0
35,68,2,0,0,46,0.5141,0,0,0,0
217,43,3,2,0,5,0.1913,1,0,0,1
75,3,4,2,0,57,0.2483,1,0,0,1
37,34,2,0,1,6,0.1817,1,1,0,2
87,97,2,2,0,52,0.4681,0,0,0,0
119,23,4,3,1,44,0.155,1,1,1,3
340,14,2,1,1,48,0.1622,1,0,0,1
221,13,2,2,0,45,0.2208,1,1,0,2
101,89,4,2,0,21,0.3871,1,1,1,3
154,76,3,1,0,0,0.3143,1,1,0,2
324,78,3,2,0,25,0.6721,1,0,0,1
143,54,1,1,1,26,0.5028,0,0,0,0
311,81,1,0,0,6,0.1435,0,0,0,0
357,2,4,0,0,18,0.235,1,1,1,3
381,54,1,1,0,30,0.4173,0,0,0,0
131,47,1,1,1,59,0.1537,0,0,0,0
154,108,3,1,0,26,0.3584,1,1,1,3
262,18,3,2,1,38,0.3699,1,1,0,2
181,117,1,2,0,57,0.2494,0,0,0,0
381,95,1,3,0,10,0.2168,0,0,0,0
28,0,0,1,0,2,0.1984,0,0,0,0
204,34,2,1,0,47,0.2365,0,0,0,0
213,43,0,1,0,32,0.4004,0,0,0,0
370,53,2,1,0,8,0.3738,1,0,0,1
171,37,3,0,0,35,0.215,1,0,0,1
105,25,3,1,0,4,0.1708,1,1,1,3
138,0,3,2,0,17,0.1663,1,0,0,1
122,87,2,1,1,9,0.308,0,0,0,0
197,12,3,2,0,55,0.4214,0,0,0,0
196,21,2,2,1,35,0.2217,1,1,1,3
91,69,2,2,0,53,0.3842,0,0,0,0
381,51,2,2,1,44,0.2119,0,0,0,0
148,61,1,1,0,31,0.5223,0,0,0,0
254,53,1,1,0,16,0.2949,1,0,0,1
256,108,3,2,0,8,0.0418,1,0,0,1
375,119,4,1,1,19,0.5971,1,1,1,3
157,68,3,0,0,54,0.1102,1,1,1,3
332,45,5,1,0,44,0.443,1,1,1,3
386,107,2,2,0,4,0.2736,1,0,0,1
389,62,3,1,0,22,0.2275,1,1,0,2
357,17,2,0,0,40,0.3341,1,0,0,1
346,25,3,3,0,37,0.5085,0,0,0,0
237,85,3,0,0,21,0.2692,0,0,0,0
245,53,2,1,0,45,0.2718,0,0,0,0
189,113,3,0,0,35,0.0864,0,0,0,0
77,78,1,0,0,58,0.3881,0,0,0,0
110,16,4,1,0,23,0.0311,1,1,1,3
220,79,0,2,0,23,0.3634,0,0,0,0
299,95,1,3,1,15,0.1179,0,0,0,0
346,63,1,3,0,1,0.2476,0,0,0,0
234,5,5,0,0,35,0.3402,1,1,0,2
197,29,3,1,0,59,0.4026,1,1,0,2
79,33,7,3,0,7,0.329,1,1,1,3
13,0,5,3,0,45,0.1146,1,1,1,3
72,23,5,3,1,53,0.4568,1,1,0,2
283,84,1,0,0,12,0.4772,1,0,0,1
201,82,1,0,0,6,0.5471,1,1,1,3
98,42,4,3,1,15,0.3527,1,1,1,3
371,59,4,3,1,32,0.4098,1,0,0,1
252,13,3,1,0,22,0.1053,1,1,0,2
350,111,3,0,1,18,0.2609,1,1,1,3
242,6,4,2,1,1,0.3821,1,1,1,3
172,64,0,1,0,0,0.1698,0,0,0,0
364,60,1,1,0,45,0.2632,0,0,0,0
281,33,4,0,0,11,0.4734,1,1,1,3
144,38,1,0,0,51,0.2704,1,0,0,1
208,28,1,1,0,14,0.2917,0,0,0,0
99,53,3,1,0,53,0.1351,1,1,1,3
248,0,1,0,0,21,0.128,0,0,0,0
330,50,0,0,0,27,0.5411,0,0,0,0
225,95,0,3,0,20,0.34,0,0,0,0
307,63,0,0,1,48,0.3136,0,0,0,0
107,5,1,2,1,59,0.6722,1,0,0,1
377,30,3,2,0,46,0.1555,0,0,0,0
164,113,2,1,0,51,0.1319,0,0,0,0
204,15,2,2,0,54,0.2022,0,0,0,0
136,13,2,2,0,52,0.2485,0,0,0,0
59,76,4,1,0,48,0.742,1,1,1,3
296,73,2,0,0,42,0.3551,0,0,0,0
163,26,0,2,0,34,0.0236,0,0,0,0
200,55,2,2,0,1,0.5667,1,0,0,1
37,0,2,1,0,18,0.3737,1,1,0,2
28,70,2,1,0,36,0.1476,0,0,0,0
246,2,4,1,0,33,0.0818,1,1,1,3
352,45,1,1,0,39,0.0549,0,0,0,0
286,64,2,3,0,28,0.3208,0,0,0,0
192,81,1,2,0,50,0.1702,0,0,0,0
21,88,2,1,0,10,0.3108,0,0,0,0
43,93,1,1,0,53,0.3094,0,0,0,0
27,6,3,1,0,17,0.3275,1,0,0,1
75,40,1,1,0,1,0.12,0,0,0,0
367,87,4,1,0,22,0.164,1,1,1,3
8,49,2,0,0,53,0.1592,0,0,0,0
3,73,1,3,0,42,0.0511,0,0,0,0
299,107,1,2,1,48,0.677,1,1,0,2
113,36,1,0,1,30,0.2853,1,0,0,1
216,81,3,2,0,18,0.4038,1,0,0,1
279,57,1,1,0,59,0.1638,0,0,0,0
80,42,4,3,0,18,0.2331,0,0,0,0
376,47,0,0,0,52,0.2027,0,0,0,0
298,97,2,2,0,32,0.1271,0,0,0,0
190,109,4,1,0,55,0.6447,1,1,1,3
121,45,2,2,0,38,0.1922,0,0,0,0
132,10,4,3,1,14,0.145,1,1,0,2
294,9,2,0,1,33,0.0687,1,0,0,1
147,36,2,2,0,33,0.523,0,0,0,0
0,1,4,0,0,53,0.2621,1,1,1,3
45,23,1,3,0,42,0.4657,0,0,0,0
254,33,5,1,0,13,0.1775,1,1,1,3
198,70,2,2,0,18,0.2801,1,0,0,1
262,36,3,0,1,9,0.4645,1,1,1,3
213,101,1,3,0,56,0.3423,0,0,0,0
4,1,3,1,0,18,0.6073,0,0,0,0
205,11,2,1,0,27,0.6605,0,0,0,0
331,110,1,1,0,42,0.3432,0,0,0,0
91,4,4,0,0,32,0.2675,1,1,1,3
161,15,4,3,0,17,0.2499,0,0,0,0
39,107,3,0,0,10,0.3233,1,1,0,2
133,65,2,2,0,58,0.2766,1,0,0,1
339,96,4,1,0,19,0.6764,1,1,1,3
392,11,4,2,1,24,0.4054,1,1,1,3
199,47,0,3,0,21,0.2399,0,0,0,0
71,95,2,0,0,1,0.3687,1,0,0,1
387,10,2,3,0,28,0.1623,0,0,0,0
390,55,2,2,0,15,0.4252,0,0,0,0
250,22,3,3,0,48,0.3994,0,0,0,0
106,5,2,1,0,7,0.3883,1,0,0,1
39,105,5,2,0,11,0.5833,1,1,1,3
395,111,2,1,1,43,0.7167,1,1,1,3
248,18,3,0,0,2,0.265,0,0,0,0
135,59,5,2,0,11,0.122,1,1,1,3
30,48,2,2,0,24,0.2395,1,1,0,2
24,83,3,1,0,3,0.3945,0,0,0,0
70,96,4,1,0,10,0.1393,1,1,1,3
388,52,3,1,0,35,0.3107,1,0,0,1
136,119,2,3,0,0,0.2529,0,0,0,0
87,18,3,2,0,28,0.1743,1,0,0,1
347,106,2,2,0,48,0.4908,0,0,0,0
268,61,2,0,0,48,0.6557,1,1,0,2
173,86,4,3,0,14,0.1351,1,0,0,1
282,56,3,0,0,11,0.3421,1,1,1,3
199,66,0,0,0,16,0.3119,0,0,0,0
372,27,4,0,0,36,0.345,1,1,1,3
216,105,2,1,0,41,0.3397,0,0,0,0
203,70,2,0,0,55,0.1836,0,0,0,0
367,62,3,3,0,9,0.2083,1,0,0,1
15,35,4,2,0,55,0.1231,1,1,0,2
44,69,1,2,0,34,0.5209,0,0,0,0
159,39,5,2,0,17,0.0467,1,1,1,3
149,55,2,0,1,29,0.1437,1,1,0,2
355,102,1,2,0,28,0.0521,0,0,0,0
230,6,3,1,0,34,0.1678,1,0,0,1
371,107,3,1,0,32,0.3891,1,0,0,1
366,43,2,1,0,46,0.095,1,0,0,1
314,84,1,1,1,58,0.1132,1,0,0,1
8,36,2,2,0,13,0.5573,0,0,0,0
185,86,3,0,0,28,0.5561,1,1,0,2
101,28,2,0,0,38,0.2097,0,0,0,0
241,8,3,3,0,16,0.2084,1,0,0,1
137,52,1,0,0,41,0.5223,0,0,0,0
53,42,4,3,0,23,0.4017,1,1,0,2
167,86,1,3,0,4,0.1452,0,0,0,0
300,92,3,3,1,3,0.0393,1,0,0,1
383,98,5,2,0,40,0.262,1,0,0,1
385,48,2,0,0,51,0.1662,1,0,0,1
191,113,3,1,0,5,0.1622,1,1,1,3
159,116,6,1,0,0,0.4224,1,1,1,3
195,7,5,3,0,38,0.4215,1,1,0,2
58,69,2,1,0,2,0.3051,0,0,0,0
136,111,3,1,0,57,0.0971,0,0,0,0
333,113,3,2,0,58,0.1042,0,0,0,0
304,29,2,2,0,57,0.296,0,0,0,0
175,100,3,3,0,6,0.3127,1,0,0,1
43,62,2,2,0,22,0.1206,0,0,0,0
264,104,3,2,1,19,0.4737,1,1,1,3
268,44,1,1,1,16,0.1623,0,0,0,0
29,0,5,0,1,36,0.2233,1,1,1,3
387,97,1,0,0,37,0.266,0,0,0,0
293,54,3,1,0,50,0.0745,1,0,0,1
49,99,1,1,0,17,0.5388,1,0,0,1
72,111,3,1,0,48,0.1924,0,0,0,0
287,51,1,0,0,1,0.2266,1,0,0,1
335,74,5,3,0,11,0.1919,1,1,1,3
206,46,0,1,0,17,0.189,0,0,0,0
375,98,5,1,0,34,0.0241,1,1,1,3
166,7,2,1,0,54,0.1195,0,0,0,0
21,112,2,1,0,4,0.3564,1,0,0,1
97,84,1,1,0,27,0.3449,0,0,0,0
84,47,1,3,1,0,0.0676,0,0,0,0
130,108,0,1,1,5,0.4412,1,0,0,1
35,22,2,3,0,12,0.0901,0,0,0,0
135,82,1,1,1,44,0.2593,0,0,0,0
378,70,3,1,0,56,0.2842,1,0,0,1
24,113,2,2,0,39,0.107,1,0,0,1
341,103,4,2,0,39,0.0719,0,0,0,0
216,113,2,0,1,31,0.288,1,1,1,3
21,23,4,1,0,8,0.1883,0,0,0,0
132,44,2,2,0,48,0.0596,0,0,0,0
281,118,3,1,1,27,0.4328,1,0,0,1
254,87,4,1,0,34,0.4479,1,1,1,3
310,92,2,0,0,10,0.1496,1,0,0,1
278,54,2,1,0,5,0.4156,0,0,0,0
312,37,1,1,0,31,0.1841,0,0,0,0
4,0,4,2,0,50,0.3915,1,1,0,2
169,47,0,1,0,21,0.1766,0,0,0,0
116,116,3,3,0,40,0.338,0,0,0,0
270,118,0,2,0,22,0.3008,0,0,0,0
379,90,3,3,1,57,0.1763,0,0,0,0
84,60,2,1,0,12,0.3094,1,0,0,1
194,113,3,1,0,38,0.4802,1,1,1,3
195,63,2,3,0,32,0.3458,0,0,0,0
258,112,2,1,0,57,0.2531,0,0,0,0
157,17,4,3,0,49,0.3159,0,0,0,0
75,19,2,2,1,39,0.1104,0,0,0,0
207,25,6,0,1,46,0.0405,1,1,1,3
140,106,3,2,0,45,0.3863,1,1,1,3
248,18,3,0,0,11,0.2495,1,1,0,2
316,11,3,1,0,24,0.7078,1,1,0,2
198,88,2,1,0,3,0.0966,1,1,0,2
158,115,0,1,0,5,0.1041,0,0,0,0
172,33,1,1,0,56,0.1092,0,0,0,0
221,89,1,0,1,56,0.1751,1,1,0,2
347,32,1,0,0,9,0.4523,1,0,0,1
117,115,2,2,0,32,0.0807,0,0,0,0
284,34,4,2,1,16,0.0943,1,1,0,2
143,18,3,2,1,10,0.3983,1,1,1,3
201,13,2,1,0,34,0.2434,0,0,0,0
181,21,3,0,1,39,0.6224,1,1,1,3
141,62,3,1,1,21,0.31,0,0,0,0
239,51,2,0,0,57,0.2629,1,1,1,3
213,22,1,3,0,40,0.2934,0,0,0,0
331,41,3,2,0,21,0.0662,1,0,0,1
174,40,2,3,0,17,0.2294,1,0,0,1
368,107,0,0,0,8,0.2579,0,0,0,0
94,35,2,1,0,12,0.2909,1,0,0,1
181,80,5,1,0,9,0.3035,1,1,1,3
242,50,1,0,0,31,0.2088,1,1,1,3
357,43,3,2,0,44,0.3855,1,0,0,1
56,67,3,3,0,26,0.391,0,0,0,0
323,116,4,2,0,13,0.5942,1,0,0,1
337,117,2,1,0,3,0.1525,0,0,0,0
280,32,3,1,1,29,0.262,1,1,1,3
199,77,2,2,0,56,0.2212,0,0,0,0
246,53,3,1,0,8,0.1092,1,1,1,3
386,115,1,0,0,33,0.4233,0,0,0,0
101,9,5,1,0,9,0.2672,1,1,1,3
36,73,3,0,0,21,0.2218,1,0,0,1
351,21,4,0,0,25,0.2964,1,1,1,3
38,88,0,0,0,26,0.705,1,0,0,1
309,109,4,1,0,59,0.1361,1,0,0,1
251,104,2,1,0,53,0.1964,1,0,0,1
214,81,0,1,0,48,0.174,0,0,0,0
397,27,3,3,0,42,0.103,1,0,0,1
55,98,3,2,0,56,0.2461,0,0,0,0
210,105,3,1,0,12,0.1861,1,1,1,3
62,23,4,2,0,48,0.1811,0,0,0,0
58,55,2,3,0,8,0.2952,0,0,0,0
53,107,2,1,0,43,0.1598,1,0,0,1
243,75,2,2,0,49,0.1702,1,1,0,2
23,20,2,3,0,48,0.4597,0,0,0,0
306,29,1,2,1,13,0.2477,0,0,0,0
346,108,1,0,1,15,0.1039,1,1,0,2
241,29,5,1,0,35,0.1712,1,1,1,3
40,62,4,0,0,47,0.1941,1,1,0,2
224,107,2,0,0,5,0.0919,1,1,1,3
161,16,4,2,0,53,0.1688,0,0,0,0
119,38,2,3,1,56,0.068,0,0,0,0
121,47,1,0,0,33,0.4594,0,0,0,0
205,79,1,0,0,32,0.1646,0,0,0,0
277,92,2,3,0,35,0.3382,0,0,0,0
190,68,3,2,0,4,0.1423,1,1,1,3
332,115,2,1,0,52,0.3304,0,0,0,0
218,62,4,1,1,56,0.0655,1,0,0,1
193,69,1,1,0,57,0.2462,0,0,0,0
319,41,3,1,0,33,0.6185,1,0,0,1
61,82,2,0,0,48,0.5384,1,1,0,2
66,97,1,0,0,42,0.3388,1,1,0,2
372,8,1,0,0,32,0.1953,0,0,0,0
111,86,2,0,0,50,0.5597,1,0,0,1
11,33,6,1,1,59,0.3546,1,1,1,3
105,77,3,1,1,6,0.6522,1,1,1,3
214,106,1,1,0,20,0.0979,0,0,0,0
88,69,1,1,0,37,0.3667,0,0,0,0
258,91,2,2,0,19,0.097,0,0,0,0
360,31,2,3,1,45,0.3246,1,0,0,1
302,115,3,2,1,13,0.2827,1,1,0,2
232,82,2,0,0,22,0.1287,1,1,1,3
74,89,3,1,1,22,0.2677,0,0,0,0
22,77,4,1,0,36,0.3561,0,0,0,0
371,64,3,3,0,0,0.5218,0,0,0,0
119,112,3,1,0,33,0.179,1,1,0,2
26,29,3,1,1,13,0.255,1,1,1,3
220,15,2,3,0,30,0.0672,0,0,0,0
245,37,4,1,0,39,0.1889,0,0,0,0
323,116,4,2,0,18,0.0433,1,0,0,1
9,95,0,3,0,55,0.3945,0,0,0,0
40,86,4,0,1,2,0.052,1,1,1,3
98,107,3,1,0,31,0.2832,1,1,1,3
119,55,0,0,0,8,0.3778,0,0,0,0
348,105,4,3,1,5,0.5377,1,0,0,1
60,57,4,3,0,18,0.0999,1,1,0,2
70,39,4,3,0,39,0.2673,1,1,1,3
276,105,5,2,0,5,0.086,1,1,1,3
317,61,3,1,0,44,0.0297,1,0,0,1
305,43,1,1,0,8,0.2405,1,0,0,1
185,114,1,1,0,57,0.4398,0,0,0,0
241,57,4,3,1,34,0.531,1,1,1,3
399,106,2,1,0,33,0.0818,1,0,0,1
261,53,2,1,1,26,0.0521,1,0,0,1
85,70,2,2,1,17,0.3338,0,0,0,0
177,3,5,1,0,24,0.1273,1,0,0,1
1,86,2,2,0,52,0.329,0,0,0,0
274,85,3,2,0,40,0.5608,0,0,0,0
86,70,3,2,0,41,0.7031,1,1,1,3
278,116,5,2,0,28,0.3731,1,0,0,1
186,60,1,2,0,0,0.2694,0,0,0,0
397,0,2,0,0,11,0.1084,1,1,1,3
368,27,2,1,0,11,0.2341,1,0,0,1
81,72,2,1,0,32,0.2703,0,0,0,0
338,118,3,0,0,58,0.4435,1,1,0,2
285,114,3,1,1,25,0.057,1,1,1,3
235,25,6,2,0,50,0.4153,1,1,1,3
93,106,3,2,0,30,0.3599,1,0,0,1
336,94,3,2,0,17,0.1146,1,0,0,1
72,63,2,3,0,25,0.1052,0,0,0,0
111,17,2,0,0,38,0.1552,1,1,0,2
6,43,1,1,0,21,0.5229,0,0,0,0
158,75,1,1,0,38,0.1285,0,0,0,0
139,72,2,1,0,25,0.1422,1,0,0,1
279,102,1,1,1,45,0.127,1,1,0,2
151,53,3,2,0,21,0.219,0,0,0,0
324,20,2,0,1,4,0.0264,0,0,0,0
208,33,5,3,0,25,0.1436,1,0,0,1
4,43,2,0,0,8,0.1099,0,0,0,0
79,65,6,3,0,20,0.1412,1,1,0,2
284,28,1,1,1,49,0.6209,0,0,0,0
184,119,3,2,0,20,0.3142,0,0,0,0
12,97,0,0,0,0,0.5803,0,0,0,0
332,90,5,1,0,55,0.2124,1,0,0,1
80,53,2,1,0,53,0.0331,0,0,0,0
163,59,2,3,0,27,0.3254,0,0,0,0
219,19,4,0,0,12,0.3787,1,1,1,3
36,116,3,3,0,55,0.3783,0,0,0,0
178,67,2,0,0,54,0.2486,1,0,0,1
119,60,1,2,0,24,0.2059,0,0,0,0
382,41,1,1,1,20,0.4745,1,0,0,1
238,50,0,1,0,13,0.3622,0,0,0,0
379,13,2,1,0,11,0.2934,0,0,0,0
142,84,3,1,1,19,0.2565,1,1,1,3
388,23,5,3,0,42,0.478,1,1,1,3
186,80,4,0,0,39,0.4893,1,1,1,3
337,41,4,0,0,15,0.5745,1,1,1,3
164,116,4,0,0,58,0.616,1,1,0,2
249,20,1,3,0,19,0.4813,0,0,0,0
80,85,4,2,1,47,0.1963,1,1,1,3
123,105,4,3,0,17,0.0567,0,0,0,0
170,68,1,0,0,42,0.1469,0,0,0,0
371,104,3,2,1,51,0.2163,0,0,0,0
25,94,0,0,0,28,0.3347,1,0,0,1
398,27,7,0,0,26,0.3997,1,1,1,3
212,3,2,2,1,9,0.0896,0,0,0,0
75,15,2,2,0,36,0.1594,0,0,0,0
59,56,3,0,0,26,0.1671,1,1,1,3
34,62,3,2,0,20,0.2625,1,0,0,1
305,70,3,1,1,41,0.3874,1,1,1,3
28,25,3,2,0,18,0.3439,0,0,0,0
397,45,3,2,1,1,0.1267,1,1,1,3
141,38,3,2,1,17,0.0792,1,0,0,1
362,52,3,1,0,49,0.0586,1,0,0,1
296,90,2,3,0,43,0.1461,0,0,0,0
13,78,2,1,0,30,0.3399,0,0,0,0
379,64,1,3,0,11,0.4526,0,0,0,0
327,104,3,1,0,47,0.1652,1,1,1,3
84,114,3,2,0,9,0.2107,1,0,0,1
246,25,5,2,0,53,0.1993,1,1,0,2
393,25,4,0,1,30,0.0781,1,1,1,3
310,73,2,0,1,57,0.1627,0,0,0,0
347,54,1,2,0,22,0.1379,0,0,0,0
165,100,6,3,0,12,0.4166,1,0,0,1
137,67,1,2,0,5,0.3073,0,0,0,0
147,52,4,1,0,55,0.2548,0,0,0,0
131,67,2,2,1,34,0.0604,1,0,0,1
147,68,4,3,0,49,0.4956,1,0,0,1
185,40,2,3,1,14,0.2224,0,0,0,0
375,59,4,2,0,41,0.5714,0,0,0,0
80,2,5,3,0,44,0.2424,1,1,1,3
186,0,2,0,0,0,0.1479,0,0,0,0
166,24,2,2,0,5,0.1612,0,0,0,0
32,109,3,2,0,56,0.0808,0,0,0,0
146,4,6,2,1,14,0.6291,1,1,1,3
348,18,5,3,0,43,0.3022,1,1,1,3
56,81,3,3,1,23,0.0842,0,0,0,0
336,10,4,3,0,7,0.5427,1,1,0,2
101,46,2,2,1,44,0.0339,1,1,0,2
61,12,3,1,0,26,0.4427,1,1,0,2
248,95,2,3,1,57,0.596,0,0,0,0
339,27,6,1,0,10,0.1434,1,1,1,3
100,91,2,1,0,32,0.4495,0,0,0,0
19,20,3,3,1,48,0.512,1,0,0,1
294,64,1,3,1,1,0.2541,0,0,0,0
66,58,1,2,0,27,0.1711,0,0,0,0
152,12,4,1,0,47,0.1904,1,1,0,2
208,4,5,3,1,25,0.0993,1,1,1,3
211,69,2,0,0,31,0.2963,1,1,0,2
300,7,3,3,0,33,0.3732,0,0,0,0
395,51,1,2,0,12,0.5199,0,0,0,0
395,116,2,0,0,5,0.2621,0,0,0,0
219,41,4,2,0,26,0.2405,1,0,0,1
107,7,1,3,0,59,0.1499,0,0,0,0
82,40,2,3,0,13,0.2557,0,0,0,0
209,35,3,1,0,49,0.4551,1,0,0,1
360,67,1,0,1,49,0.2864,0,0,0,0
273,54,3,0,0,53,0.3532,1,1,0,2
144,51,1,1,1,32,0.4981,1,1,1,3
270,112,0,2,0,1,0.1814,0,0,0,0
49,36,2,0,0,6,0.2625,1,0,0,1
52,51,3,1,0,26,0.4087,1,0,0,1
60,69,2,2,0,54,0.4108,0,0,0,0
292,53,3,1,0,55,0.2082,1,0,0,1
192,35,4,2,0,18,0.2534,1,0,0,1
34,73,0,1,0,31,0.4081,0,0,0,0
277,57,2,3,0,4,0.3382,0,0,0,0
70,94,1,2,0,23,0.2219,0,0,0,0
60,66,3,3,0,5,0.5662,1,0,0,1
78,54,3,2,0,4,0.1422,0,0,0,0
274,75,1,1,0,9,0.4078,0,0,0,0
115,9,2,2,0,40,0.4273,0,0,0,0
334,115,3,2,0,4,0.1063,1,1,0,2
74,10,2,2,0,56,0.0713,0,0,0,0
230,37,4,0,0,15,0.0379,1,0,0,1
51,48,2,2,0,15,0.0921,1,0,0,1
120,97,3,3,0,57,0.0945,0,0,0,0
228,76,4,1,0,15,0.486,1,1,1,3
172,18,1,1,0,57,0.0801,1,0,0,1
33,87,1,1,0,53,0.3115,0,0,0,0
249,36,3,1,0,11,0.4794,0,0,0,0
52,0,2,1,0,44,0.6092,1,1,0,2
247,108,2,2,0,2,0.3484,1,0,0,1
358,58,1,2,0,39,0.3892,0,0,0,0
78,14,1,0,0,19,0.3378,0,0,0,0
254,2,5,1,0,40,0.3839,1,1,1,3
10,43,2,2,0,28,0.3889,1,0,0,1
60,6,3,3,0,17,0.3965,0,0,0,0
235,72,3,2,1,20,0.3223,0,0,0,0
105,111,3,1,1,18,0.2315,1,1,0,2
67,11,0,1,0,21,0.2072,0,0,0,0
399,76,4,0,0,15,0.5523,1,1,1,3
63,52,4,1,1,31,0.2234,0,0,0,0
33,105,2,3,0,59,0.3656,0,0,0,0
349,105,3,3,0,37,0.0484,1,0,0,1
235,13,4,1,0,29,0.1602,1,1,1,3
135,8,2,1,1,24,0.4183,1,1,1,3
349,21,2,2,1,25,0.2006,1,0,0,1
311,119,2,0,0,21,0.0355,1,0,0,1
34,38,2,1,0,32,0.3433,1,0,0,1
389,107,2,1,1,58,0.0087,0,0,0,0
176,67,2,2,0,6,0.4833,0,0,0,0
288,91,3,2,0,2,0.4324,0,0,0,0
399,38,3,3,0,50,0.1138,1,0,0,1
393,33,3,3,1,15,0.1158,0,0,0,0
72,97,2,0,0,33,0.0746,0,0,0,0
29,19,4,0,0,27,0.0482,1,1,1,3
250,18,6,3,1,31,0.3996,1,1,1,3
14,98,5,2,0,12,0.4477,1,1,0,2
389,2,3,1,0,11,0.3595,0,0,0,0
111,77,5,1,0,59,0.2571,1,1,0,2
369,50,1,1,0,50,0.2791,0,0,0,0
15,114,2,0,0,22,0.3675,0,0,0,0
172,97,0,1,0,59,0.1434,0,0,0,0
96,53,2,2,0,49,0.4235,0,0,0,0
329,44,4,1,0,23,0.4089,0,0,0,0
267,12,3,1,0,39,0.3118,0,0,0,0
69,0,5,2,0,9,0.4594,1,1,1,3
144,119,2,0,0,8,0.3535,1,1,0,2
339,58,2,0,1,45,0.3879,1,1,1,3
268,49,1,3,0,31,0.2302,0,0,0,0
220,42,1,3,0,6,0.2649,0,0,0,0
87,60,1,0,0,57,0.3104,1,0,0,1
29,2,3,0,0,15,0.2149,1,1,0,2
105,36,2,0,0,54,0.1549,0,0,0,0
326,91,3,0,0,3,0.2577,1,1,0,2
112,78,2,1,0,49,0.3433,0,0,0,0
392,43,2,0,0,21,0.3139,1,0,0,1
386,86,4,0,0,4,0.34,1,1,1,3
190,57,3,2,0,30,0.2885,1,1,0,2
266,23,3,3,0,44,0.1605,0,0,0,0
242,50,1,0,0,14,0.072,0,0,0,0
348,21,3,2,0,16,0.2338,0,0,0,0
280,37,5,0,0,30,0.0498,1,1,0,2
246,84,1,0,1,21,0.2103,1,0,0,1
267,5,3,1,1,41,0.0217,1,0,0,1
340,40,2,1,0,56,0.5273,0,0,0,0
65,112,2,2,1,31,0.2444,0,0,0,0
64,44,2,1,0,51,0.3725,0,0,0,0
242,40,1,2,1,23,0.2659,0,0,0,0
84,114,3,2,0,49,0.3769,0,0,0,0
46,49,1,0,1,16,0.3815,1,0,0,1
249,6,2,0,1,11,0.3905,1,1,1,3
41,82,1,2,1,45,0.4764,0,0,0,0
328,118,3,2,0,37,0.2586,0,0,0,0
313,65,3,1,0,6,0.314,1,0,0,1
319,10,3,0,0,54,0.547,0,0,0,0
301,8,3,1,1,50,0.0441,1,0,0,1
192,93,1,0,0,8,0.2135,0,0,0,0
1,14,1,1,0,56,0.1917,0,0,0,0
125,111,4,2,0,1,0.1095,1,1,0,2
70,35,6,3,0,25,0.2943,1,1,1,3
356,8,3,2,1,11,0.5106,1,0,0,1
388,112,2,1,1,39,0.2878,1,1,0,2
179,12,4,0,0,10,0.268,1,1,0,2
211,54,3,1,0,19,0.5864,1,1,1,3
237,106,2,0,0,46,0.5541,1,1,0,2
297,106,1,2,0,13,0.2095,1,1,0,2
236,79,0,2,0,43,0.2542,0,0,0,0
225,24,3,0,0,8,0.0518,1,0,0,1
279,33,2,2,0,32,0.304,0,0,0,0
31,86,6,2,0,12,0.518,1,1,1,3
144,89,0,3,0,6,0.2564,0,0,0,0
369,38,2,1,1,34,0.1279,0,0,0,0
73,107,1,2,0,20,0.4207,0,0,0,0
287,82,2,1,0,9,0.2201,1,1,0,2
237,116,2,1,1,5,0.2308,1,0,0,1
89,86,3,0,0,54,0.147,0,0,0,0
268,63,2,0,0,31,0.4304,0,0,0,0
380,72,4,3,0,53,0.0653,1,0,0,1
380,94,3,2,0,52,0.0719,1,1,0,2
286,119,4,0,0,7,0.6782,1,1,1,3
347,58,2,1,0,38,0.2716,0,0,0,0
349,43,2,1,0,55,0.198,0,0,0,0
320,7,3,3,0,10,0.4009,1,0,0,1
299,30,1,3,0,54,0.1134,0,0,0,0
115,106,0,0,0,1,0.0363,0,0,0,0
173,27,5,0,0,30,0.1414,1,1,1,3
199,77,2,2,0,32,0.337,0,0,0,0
370,60,0,1,0,28,0.4502,0,0,0,0
225,89,3,0,1,12,0.202,1,1,1,3
241,99,3,1,0,27,0.4126,1,0,0,1
141,5,2,1,0,18,0.331,0,0,0,0
112,96,4,2,1,37,0.2801,1,1,1,3
41,88,1,0,0,29,0.1366,1,0,0,1
153,11,3,3,0,40,0.1879,0,0,0,0
302,100,4,2,0,51,0.2193,1,1,1,3
177,43,2,1,0,57,0.367,0,0,0,0
384,57,4,1,1,38,0.3696,1,1,1,3
145,61,2,0,0,41,0.3404,0,0,0,0
93,15,3,3,0,14,0.4999,0,0,0,0
219,26,2,1,0,52,0.2729,1,0,0,1
81,9,3,1,0,30,0.2076,1,0,0,1
200,53,2,0,0,19,0.3096,0,0,0,0
147,36,2,2,0,43,0.4059,0,0,0,0
275,78,0,0,1,52,0.5032,0,0,0,0
75,47,2,2,0,10,0.5249,1,0,0,1
270,32,3,0,0,17,0.1708,0,0,0,0
309,60,0,1,0,38,0.245,0,0,0,0
85,69,2,2,0,39,0.2294,0,0,0,0
41,10,3,2,1,45,0.1536,1,1,1,3
208,83,2,1,0,56,0.2823,0,0,0,0
51,27,4,2,1,50,0.3444,0,0,0,0
118,57,3,1,0,39,0.0731,1,1,1,3
254,32,3,2,1,9,0.1486,0,0,0,0
122,85,2,0,1,43,0.4232,1,0,0,1
217,87,5,2,0,27,0.6202,1,1,1,3
128,91,3,2,0,59,0.3376,0,0,0,0
374,30,3,3,0,51,0.6413,0,0,0,0
6,43,1,1,0,21,0.2642,0,0,0,0
51,71,2,1,0,49,0.3444,0,0,0,0
36,105,3,3,0,14,0.6531,0,0,0,0
368,43,2,0,0,21,0.5022,0,0,0,0
208,51,3,1,0,30,0.3749,1,1,0,2
322,25,7,3,0,53,0.1659,1,1,1,3
389,103,3,2,0,29,0.2563,1,0,0,1
206,1,4,2,0,45,0.717,1,1,0,2
42,79,0,0,0,33,0.065,0,0,0,0
239,114,2,1,0,10,0.0456,0,0,0,0
71,4,2,3,0,15,0.5336,1,0,0,1
0,32,2,0,0,6,0.248,0,0,0,0
132,88,1,1,0,54,0.3131,0,0,0,0
390,71,0,0,0,24,0.1797,0,0,0,0
262,70,1,0,0,35,0.3924,1,1,0,2
44,64,1,0,0,47,0.1508,0,0,0,0
368,4,1,2,0,5,0.0471,0,0,0,0
301,79,2,1,0,3,0.1885,0,0,0,0
275,89,1,2,0,53,0.06,0,0,0,0
108,100,5,1,0,39,0.6886,1,1,1,3
26,36,2,2,1,19,0.2538,0,0,0,0
317,87,4,0,0,56,0.433,1,0,0,1
191,61,3,3,0,23,0.1331,0,0,0,0
216,3,2,1,0,25,0.1424,1,0,0,1
350,117,1,2,0,19,0.1612,0,0,0,0
172,74,2,1,0,50,0.2974,1,0,0,1
160,96,3,1,0,38,0.4826,1,1,0,2
5,101,1,3,0,16,0.1558,0,0,0,0
17,20,4,0,0,18,0.2695,1,0,0,1
120,6,4,0,0,7,0.698,1,1,1,3
237,47,0,1,0,30,0.3196,1,0,0,1
9,104,2,1,0,24,0.4017,1,1,1,3
235,60,2,1,0,0,0.0604,1,0,0,1
55,115,1,1,1,38,0.4436,0,0,0,0
164,20,3,0,0,41,0.2863,1,1,1,3
328,82,3,0,0,32,0.5125,1,0,0,1
231,91,2,0,0,5,0.2876,1,0,0,1
285,50,1,1,0,8,0.2041,0,0,0,0
399,87,3,2,0,22,0.1786,1,0,0,1
278,0,3,2,1,22,0.3382,1,1,1,3
54,117,0,3,0,5,0.393,0,0,0,0
212,113,2,1,0,46,0.18,0,0,0,0
100,112,2,0,1,24,0.0171,1,1,1,3
354,68,2,0,0,9,0.4124,1,0,0,1
50,54,3,1,0,12,0.2346,1,0,0,1
218,115,3,1,0,25,0.3455,1,1,1,3
243,12,2,2,0,25,0.1214,0,0,0,0
145,119,5,0,0,52,0.3533,1,1,1,3
171,16,2,1,0,30,0.4709,1,0,0,1
7,50,0,0,0,27,0.3645,0,0,0,0
379,108,0,3,0,9,0.1872,0,0,0,0
310,36,3,1,0,57,0.3295,0,0,0,0
345,2,3,0,1,37,0.1858,1,0,0,1
285,100,4,2,1,11,0.4366,1,1,1,3
314,85,2,1,1,42,0.1412,0,0,0,0
176,84,1,0,0,46,0.2251,1,0,0,1
196,55,1,3,0,53,0.337,0,0,0,0
63,7,4,1,1,39,0.2271,1,1,1,3
251,85,2,1,0,15,0.2696,1,0,0,1
116,18,2,3,0,57,0.5733,1,0,0,1
236,54,3,2,0,56,0.2534,1,0,0,1
87,107,1,0,0,47,0.2191,0,0,0,0
322,110,3,1,0,49,0.3823,0,0,0,0
288,29,3,1,0,13,0.2062,1,0,0,1
263,101,2,1,0,0,0.2235,1,0,0,1
250,30,3,0,0,6,0.3032,1,1,1,3
361,64,2,2,0,58,0.5274,0,0,0,0
291,112,2,1,0,47,0.2088,0,0,0,0
91,81,1,3,0,47,0.0947,0,0,0,0
6,6,2,2,0,10,0.3019,0,0,0,0
119,62,3,0,1,36,0.0501,1,1,1,3
143,63,3,1,0,41,0.0602,1,0,0,1
150,17,1,2,0,57,0.1058,0,0,0,0
263,40,0,2,0,56,0.1235,0,0,0,0
386,73,2,3,0,52,0.1476,0,0,0,0
152,53,2,1,0,33,0.4648,0,0,0,0
97,21,2,1,1,51,0.2363,0,0,0,0
119,78,2,2,0,22,0.171,0,0,0,0
357,67,0,3,0,16,0.3953,0,0,0,0
137,90,3,1,0,30,0.2898,0,0,0,0
377,31,4,1,0,40,0.506,1,1,1,3
396,102,2,0,0,48,0.1448,0,0,0,0
196,67,2,0,0,59,0.1043,1,0,0,1
3,71,3,2,0,29,0.3432,0,0,0,0
96,89,3,0,0,18,0.0378,1,0,0,1
295,42,3,1,0,44,0.3446,1,1,0,2
168,116,3,2,0,51,0.7641,0,0,0,0
370,98,5,0,0,48,0.333,1,0,0,1
134,90,4,3,0,59,0.5232,1,0,0,1
357,5,2,2,0,30,0.5666,1,1,0,2
289,6,1,0,0,28,0.1731,1,1,0,2
74,72,4,2,0,49,0.1103,1,0,0,1
68,105,3,1,0,11,0.3636,0,0,0,0
276,17,2,2,0,26,0.4643,0,0,0,0
11,95,3,2,0,54,0.5586,0,0,0,0
199,11,1,3,1,8,0.1997,0,0,0,0
281,26,2,1,1,20,0.2301,1,0,0,1
189,86,3,1,1,1,0.4049,1,1,0,2
396,50,1,2,0,21,0.3814,0,0,0,0
86,98,4,3,0,44,0.3468,0,0,0,0
346,57,4,3,0,28,0.4382,1,0,0,1
388,86,3,0,0,18,0.0499,1,0,0,1
74,57,5,2,1,32,0.4615,1,1,1,3
355,92,4,2,0,7,0.2843,1,1,1,3
390,78,1,0,0,47,0.3233,0,0,0,0
17,24,3,0,0,37,0.1971,1,1,1,3
205,112,2,0,0,18,0.2416,1,0,0,1
189,30,2,2,0,26,0.5087,0,0,0,0
399,7,2,3,0,29,0.1798,0,0,0,0
121,8,3,3,0,28,0.4239,1,0,0,1
286,99,2,2,0,7,0.1114,0,0,0,0
163,8,3,0,0,6,0.4359,1,1,1,3
397,30,0,3,0,5,0.4796,0,0,0,0
267,87,5,1,0,30,0.59,1,1,1,3
79,10,3,0,1,10,0.2174,1,1,1,3
46,3,2,0,0,39,0.1319,0,0,0,0
269,15,2,0,1,13,0.0795,0,0,0,0
176,39,5,2,0,35,0.2835,1,1,1,3
17,72,3,3,0,41,0.3338,1,0,0,1
105,94,3,0,0,11,0.2691,1,1,1,3
350,33,3,1,0,10,0.0832,0,0,0,0
36,45,3,1,0,6,0.1972,1,1,1,3
146,63,3,1,0,30,0.264,1,1,0,2
105,86,1,2,1,10,0.5499,1,0,0,1
22,6,0,3,0,5,0.1875,0,0,0,0
125,91,3,1,0,13,0.3122,0,0,0,0
258,20,1,0,1,22,0.2052,0,0,0,0
54,51,3,2,0,44,0.0626,0,0,0,0
210,54,2,0,0,50,0.4363,0,0,0,0
266,117,0,3,0,5,0.18,0,0,0,0
91,61,1,3,0,41,0.5942,0,0,0,0
360,34,1,2,0,34,0.1052,0,0,0,0
246,8,2,2,1,36,0.1397,1,1,0,2
7,42,4,1,0,35,0.5987,0,0,0,0
270,20,1,3,0,18,0.2878,0,0,0,0
173,65,3,3,0,18,0.4579,1,0,0,1
360,118,1,2,0,32,0.1931,0,0,0,0
299,13,1,2,0,45,0.2419,0,0,0,0
225,42,3,0,1,32,0.5276,1,1,1,3
109,35,3,3,0,22,0.4228,1,1,0,2
13,97,3,3,0,32,0.0701,0,0,0,0
162,105,4,2,0,46,0.0389,0,0,0,0
230,70,3,0,0,51,0.2699,0,0,0,0
353,62,4,3,0,43,0.277,1,1,0,2
331,88,1,1,1,16,0.1739,1,0,0,1
76,96,3,1,0,28,0.0929,1,1,0,2
110,55,2,0,1,2,0.1624,1,0,0,1
364,10,1,0,0,3,0.2868,1,1,0,2
78,83,3,1,0,7,0.2643,1,1,1,3
98,92,2,0,1,43,0.2682,1,1,0,2
144,37,0,1,1,53,0.5039,0,0,0,0
309,43,2,1,0,55,0.2818,0,0,0,0
341,53,2,1,0,11,0.5324,0,0,0,0
365,31,3,0,0,35,0.3474,1,1,0,2
311,11,3,3,0,15,0.1767,0,0,0,0
106,38,2,0,0,14,0.5909,1,1,1,3
364,11,2,3,0,59,0.1189,0,0,0,0
140,44,3,1,0,38,0.1908,0,0,0,0
237,117,1,2,0,18,0.197,0,0,0,0
45,3,3,0,1,13,0.0923,1,0,0,1
338,55,2,1,0,4,0.0764,1,1,0,2
116,64,2,3,0,58,0.3556,0,0,0,0
102,40,1,0,0,1,0.1861,1,0,0,1
163,95,0,0,0,54,0.3881,0,0,0,0
313,113,2,0,1,20,0.1238,1,1,0,2
110,24,2,0,0,8,0.1946,1,1,0,2
237,71,1,1,0,24,0.4112,0,0,0,0
21,17,3,2,0,56,0.2745,0,0,0,0
216,54,1,0,1,10,0.2351,0,0,0,0
80,75,3,1,0,25,0.3637,1,0,0,1
152,108,3,1,0,45,0.2983,0,0,0,0
181,10,3,2,0,26,0.5629,1,1,1,3
247,97,1,2,0,18,0.3528,0,0,0,0
106,111,1,2,0,10,0.2347,0,0,0,0
317,18,5,2,0,41,0.1636,1,0,0,1
111,79,1,1,1,8,0.4034,1,0,0,1
193,101,1,1,0,45,0.5243,0,0,0,0
105,60,2,0,0,31,0.4949,1,1,0,2
376,30,1,3,0,32,0.1888,0,0,0,0
213,58,3,1,0,5,0.2754,1,1,1,3
70,22,1,0,1,29,0.4492,1,0,0,1
129,47,0,3,1,10,0.3401,0,0,0,0
379,7,2,0,0,27,0.5628,0,0,0,0
383,54,2,0,0,21,0.2064,0,0,0,0
267,116,3,1,0,26,0.2458,1,1,0,2
266,41,1,2,1,43,0.0675,0,0,0,0
80,97,3,3,0,8,0.3999,0,0,0,0
320,21,3,1,0,0,0.4282,0,0,0,0
48,28,1,1,0,5,0.407,0,0,0,0
142,105,4,0,0,19,0.1421,1,1,1,3
131,49,1,1,0,40,0.3808,1,0,0,1
196,106,2,2,0,43,0.3772,1,0,0,1
79,78,3,1,0,34,0.0914,0,0,0,0
84,64,1,3,0,17,0.3172,0,0,0,0
383,92,2,2,0,36,0.1253,1,0,0,1
159,103,4,2,0,53,0.1698,1,1,0,2
254,113,2,0,0,49,0.0787,1,0,0,1
35,65,2,3,0,29,0.1496,0,0,0,0
234,8,3,1,1,47,0.1888,1,1,0,2
175,16,3,2,0,16,0.2146,1,1,0,2
15,68,4,2,0,9,0.1109,1,0,0,1
311,29,3,2,0,17,0.1911,0,0,0,0
346,1,3,3,0,24,0.51,0,0,0,0
198,34,2,1,1,6,0.1544,1,1,0,2
387,58,1,2,1,44,0.2627,0,0,0,0
73,94,1,2,1,40,0.2441,0,0,0,0
261,2,2,1,0,32,0.7892,1,1,0,2
233,85,5,1,0,3,0.1396,1,1,1,3
392,106,4,1,0,40,0.0643,1,0,0,1
234,51,3,0,0,57,0.4713,0,0,0,0
122,38,2,2,0,23,0.2398,0,0,0,0
77,37,4,0,0,8,0.3369,1,0,0,1
249,21,2,2,0,44,0.1818,0,0,0,0
207,103,5,0,0,26,0.32,1,1,1,3
335,115,4,3,0,8,0.1425,1,1,0,2
377,74,6,1,0,30,0.4128,1,1,1,3
295,115,2,1,0,1,0.1476,0,0,0,0
313,40,1,2,0,7,0.3511,0,0,0,0
21,4,5,2,0,4,0.2878,1,1,1,3
80,82,2,0,1,31,0.3388,0,0,0,0
66,44,0,2,0,37,0.402,0,0,0,0
39,8,2,1,0,19,0.2691,1,0,0,1
196,23,3,0,1,33,0.2355,1,1,1,3
168,19,1,2,0,32,0.233,0,0,0,0
239,12,4,0,0,40,0.3349,1,1,1,3
152,115,1,1,0,49,0.1425,0,0,0,0
230,13,2,0,0,12,0.1511,1,0,0,1
348,98,5,0,0,9,0.5091,1,1,1,3
383,80,5,1,0,21,0.3652,1,0,0,1
162,92,3,1,0,9,0.3241,1,0,0,1
113,109,3,0,0,41,0.2396,0,0,0,0
369,13,3,0,0,13,0.1563,0,0,0,0
327,14,1,3,1,45,0.3445,0,0,0,0
200,97,1,2,0,11,0.0304,0,0,0,0
235,75,3,1,1,56,0.1126,1,1,0,2
237,71,1,1,0,5,0.1862,0,0,0,0
297,105,4,3,0,16,0.3325,1,1,0,2
295,51,0,1,1,12,0.4645,1,0,0,1
154,100,5,1,0,27,0.0603,1,1,1,3
27,105,2,2,1,48,0.3286,1,1,1,3
131,4,4,1,0,36,0.3754,1,1,0,2
299,70,1,2,1,51,0.2805,0,0,0,0
52,35,6,2,0,12,0.3654,1,1,1,3
279,31,1,2,0,17,0.1573,0,0,0,0
112,43,2,1,1,20,0.047,0,0,0,0
215,69,1,1,0,44,0.1566,0,0,0,0
234,105,4,2,0,54,0.483,0,0,0,0
234,102,3,1,0,36,0.2448,1,1,0,2
186,89,3,0,1,38,0.3792,1,1,1,3
13,10,4,0,0,10,0.4691,0,0,0,0
4,2,5,2,0,59,0.412,1,1,1,3
182,4,3,3,0,14,0.474,0,0,0,0
293,116,4,2,0,36,0.225,1,0,0,1
286,18,4,3,0,48,0.2729,1,0,0,1
205,88,1,0,0,24,0.6686,1,0,0,1
73,12,2,2,0,5,0.2979,1,0,0,1
138,68,0,1,1,7,0.5997,0,0,0,0
250,45,5,1,0,56,0.3989,1,1,1,3
372,112,1,2,0,28,0.1462,0,0,0,0
29,38,4,3,0,17,0.2937,1,1,0,2
53,36,3,1,0,42,0.3167,0,0,0,0
84,51,3,1,1,58,0.2238,1,1,1,3
115,8,1,2,0,48,0.4873,0,0,0,0
187,88,1,2,0,10,0.2677,0,0,0,0
299,85,4,1,0,35,0.382,1,1,0,2
310,55,2,3,1,16,0.4947,1,1,0,2
60,16,4,1,0,16,0.3573,1,1,0,2
117,28,3,0,0,54,0.1894,1,0,0,1
276,61,3,1,0,0,0.2114,1,0,0,1
378,109,4,1,1,0,0.3132,1,1,1,3
196,55,1,3,0,5,0.1267,0,0,0,0
17,36,2,2,0,36,0.1437,0,0,0,0
355,1,3,2,0,8,0.1379,1,0,0,1
300,101,2,0,0,43,0.4797,0,0,0,0
188,117,1,2,0,45,0.1411,0,0,0,0
162,114,3,1,1,39,0.2088,1,1,1,3
270,24,2,3,1,0,0.1336,0,0,0,0
223,1,4,3,0,59,0.365,0,0,0,0
185,5,2,2,0,17,0.4395,0,0,0,0
212,4,2,2,0,14,0.299,0,0,0,0
340,88,0,1,0,5,0.1495,0,0,0,0
277,103,4,3,1,9,0.3065,0,0,0,0
250,0,4,3,0,25,0.0977,1,1,0,2
9,90,1,0,0,17,0.3982,0,0,0,0
94,76,2,2,0,55,0.1339,0,0,0,0
365,88,0,1,0,13,0.1156,0,0,0,0
147,0,3,0,0,44,0.576,1,1,1,3
142,108,3,0,0,38,0.0378,1,1,1,3
354,63,2,0,0,10,0.1153,0,0,0,0
267,83,2,1,0,52,0.1552,0,0,0,0
80,49,2,3,0,8,0.1567,0,0,0,0
233,14,2,3,0,44,0.1035,0,0,0,0
211,98,6,1,0,35,0.4441,1,1,1,3
237,76,2,1,1,19,0.0416,1,0,0,1
155,80,3,0,0,49,0.4365,1,1,0,2
386,29,2,1,0,35,0.2068,0,0,0,0
383,41,3,1,0,26,0.4149,1,1,0,2
194,50,0,1,0,6,0.4636,0,0,0,0
57,11,1,1,0,38,0.5327,0,0,0,0
385,81,4,0,0,17,0.3784,1,1,1,3
144,54,1,2,0,47,0.2592,0,0,0,0
330,18,2,1,0,27,0.3953,1,0,0,1
19,109,5,1,1,41,0.1985,1,1,1,3
137,61,3,2,1,0,0.2565,0,0,0,0
67,0,2,1,0,19,0.2573,0,0,0,0
398,20,4,3,0,54,0.5227,1,1,0,2
44,63,2,3,0,57,0.2209,0,0,0,0
138,29,3,1,0,32,0.0899,1,0,0,1
88,32,1,2,0,39,0.3927,0,0,0,0
57,27,4,2,0,56,0.3526,0,0,0,0
315,61,0,3,0,28,0.1833,0,0,0,0
19,3,4,3,0,55,0.3047,0,0,0,0
140,98,6,0,0,33,0.4023,1,1,1,3
111,12,3,2,0,7,0.135,0,0,0,0
369,77,3,1,0,54,0.5455,0,0,0,0
146,88,2,1,0,18,0.2688,0,0,0,0
135,11,4,2,0,1,0.2971,1,1,1,3
44,83,1,2,0,56,0.0561,0,0,0,0
193,93,1,0,0,18,0.4766,0,0,0,0
322,76,4,0,0,46,0.4268,1,1,1,3
234,118,2,1,0,7,0.3909,1,1,1,3
272,38,2,1,1,39,0.154,1,0,0,1
236,106,3,2,0,42,0.1354,1,0,0,1
6,85,4,0,0,26,0.119,1,1,1,3
368,53,0,0,0,2,0.3981,1,0,0,1
240,19,3,2,0,57,0.1331,1,0,0,1
5,40,0,0,0,50,0.1832,0,0,0,0
304,48,0,0,0,26,0.3175,0,0,0,0
119,74,4,0,1,24,0.2387,1,1,1,3
225,19,2,0,0,26,0.0825,0,0,0,0
218,84,2,0,0,41,0.3141,1,1,0,2
62,85,3,0,0,0,0.3541,1,1,1,3
172,116,1,1,0,43,0.0453,0,0,0,0
386,17,3,0,0,20,0.2833,1,1,1,3
21,46,2,2,0,8,0.6529,0,0,0,0
180,103,4,1,0,31,0.4469,1,1,0,2
181,5,4,1,0,47,0.6621,1,0,0,1
361,4,3,2,0,44,0.4546,0,0,0,0
360,97,1,3,1,42,0.1555,0,0,0,0
140,72,2,0,0,59,0.2193,0,0,0,0
157,24,4,3,0,6,0.1115,1,1,1,3
316,28,1,1,0,8,0.2848,0,0,0,0
363,55,2,1,0,50,0.1016,0,0,0,0
308,36,1,0,0,10,0.3144,1,1,1,3
15,49,1,1,0,40,0.1814,0,0,0,0
307,101,3,3,0,59,0.3181,0,0,0,0
54,101,3,0,0,7,0.4349,1,0,0,1
368,68,1,1,0,34,0.0534,0,0,0,0
1,77,4,1,0,29,0.0736,1,1,0,2
83,53,1,2,0,12,0.1225,0,0,0,0
331,95,1,3,0,52,0.2331,0,0,0,0
58,42,3,3,1,19,0.4305,1,0,0,1
130,2,3,1,0,10,0.4125,1,1,0,2
26,115,1,0,0,0,0.1523,1,0,0,1
239,26,2,1,0,6,0.4343,1,0,0,1
359,119,2,1,0,2,0.3712,1,0,0,1
295,18,3,1,0,14,0.3997,1,1,0,2
1,92,2,1,1,28,0.1708,0,0,0,0
114,88,0,2,0,2,0.044,0,0,0,0
186,52,4,1,0,3,0.3316,1,1,1,3
1,78,0,0,0,31,0.1771,0,0,0,0
279,46,0,2,1,25,0.347,0,0,0,0
377,45,4,1,0,37,0.0914,1,0,0,1
382,67,1,2,0,44,0.1587,0,0,0,0
85,82,2,3,0,23,0.271,0,0,0,0
83,47,1,0,0,21,0.3513,0,0,0,0
388,48,2,3,0,10,0.3519,0,0,0,0
30,11,4,1,1,18,0.4578,1,1,1,3
323,28,2,0,1,16,0.4729,1,1,1,3
40,7,3,3,0,28,0.2145,0,0,0,0
193,86,3,1,0,44,0.8515,1,1,1,3
319,48,1,0,0,46,0.2312,0,0,0,0
228,27,6,2,0,10,0.3734,1,1,1,3
291,81,2,1,0,17,0.302,1,0,0,1
383,94,1,1,0,36,0.1562,0,0,0,0
162,95,2,1,0,7,0.1037,1,1,1,3
210,61,3,2,1,54,0.3278,0,0,0,0
12,103,1,3,0,30,0.3678,1,0,0,1
352,27,3,0,1,38,0.3894,1,0,0,1
323,18,4,2,0,21,0.1345,1,0,0,1
223,110,3,1,1,39,0.1397,1,1,1,3
168,5,1,0,1,25,0.3718,0,0,0,0
55,59,3,1,0,48,0.2239,0,0,0,0
242,6,4,2,1,2,0.3267,1,1,0,2
138,81,3,1,0,16,0.1759,1,1,1,3
360,24,1,3,1,0,0.6951,0,0,0,0
173,100,5,3,0,39,0.4002,1,1,0,2
218,61,3,2,0,32,0.4977,1,0,0,1
72,109,3,2,0,40,0.3801,0,0,0,0
246,73,2,2,0,38,0.294,0,0,0,0
384,23,4,1,0,3,0.4246,1,1,1,3
93,85,3,2,0,4,0.3069,1,0,0,1
117,108,4,2,1,58,0.4834,1,1,1,3
239,31,3,2,0,53,0.2936,1,1,0,2
171,76,3,2,1,59,0.2769,1,1,0,2
252,56,4,0,0,48,0.2925,1,1,1,3
39,89,4,2,0,23,0.2148,1,1,1,3
51,14,1,2,1,0,0.136,0,0,0,0
137,90,3,1,0,46,0.3046,1,0,0,1
177,119,5,2,0,40,0.1648,1,1,1,3
389,41,0,1,0,0,0.3686,0,0,0,0
246,75,2,1,0,45,0.194,1,1,0,2
115,80,3,1,0,32,0.3274,1,0,0,1
280,52,2,1,0,54,0.2184,0,0,0,0
309,89,3,1,0,50,0.0875,1,0,0,1
130,44,2,1,0,24,0.2076,1,0,0,1
178,54,0,2,0,3,0.0137,0,0,0,0
349,62,4,3,1,19,0.439,0,0,0,0
164,52,2,1,0,52,0.3097,1,0,0,1
4,48,2,1,0,32,0.2401,0,0,0,0
397,27,3,3,0,15,0.1061,0,0,0,0
24,106,3,2,0,19,0.0455,1,0,0,1
387,103,3,3,0,52,0.4228,0,0,0,0
21,91,4,0,0,42,0.1675,1,1,0,2
179,16,5,1,0,23,0.5345,1,1,1,3
228,59,4,1,0,19,0.4623,1,1,1,3
320,116,3,0,0,11,0.1667,0,0,0,0
112,110,3,2,1,51,0.2829,0,0,0,0
179,98,5,1,1,10,0.3,1,1,1,3
393,87,3,1,0,42,0.5922,0,0,0,0
262,16,2,1,0,17,0.2109,1,0,0,1
244,92,2,0,0,20,0.1682,0,0,0,0
64,0,2,1,0,0,0.3188,0,0,0,0
102,24,2,3,0,42,0.5466,1,0,0,1
259,20,1,3,0,38,0.296,0,0,0,0
193,19,2,1,0,9,0.2125,0,0,0,0
284,15,3,3,0,39,0.1514,0,0,0,0
41,83,3,1,0,34,0.3616,1,1,0,2
220,108,1,3,1,9,0.1768,0,0,0,0
110,33,5,0,0,48,0.3135,1,1,0,2
107,63,2,3,0,38,0.4363,0,0,0,0
133,2,4,2,0,25,0.365,1,0,0,1
158,63,1,2,0,7,0.0574,0,0,0,0
321,30,2,0,0,55,0.329,1,0,0,1
350,116,4,1,0,10,0.137,1,1,1,3
376,45,3,2,1,15,0.2115,1,1,1,3
224,109,3,0,0,19,0.5696,1,1,0,2
143,63,3,1,0,26,0.3112,1,1,1,3
113,59,2,2,0,25,0.5536,1,0,0,1
33,89,3,3,0,5,0.2447,0,0,0,0
43,119,2,1,0,7,0.3144,0,0,0,0
208,51,3,1,0,44,0.5194,1,0,0,1
133,116,2,2,1,15,0.5812,1,0,0,1
197,4,4,0,0,13,0.2141,1,1,0,2
353,96,3,2,1,13,0.0421,1,0,0,1
143,95,2,1,0,17,0.2895,0,0,0,0
97,97,1,0,0,6,0.348,0,0,0,0
300,91,3,2,0,6,0.0845,1,0,0,1
104,97,1,1,1,52,0.2153,0,0,0,0
147,118,4,1,0,5,0.2378,0,0,0,0
302,115,3,2,1,59,0.2966,1,0,0,1
121,10,3,3,0,37,0.2792,1,1,0,2
67,114,2,0,1,56,0.2066,1,1,0,2
332,104,4,0,0,39,0.189,1,1,1,3
349,88,0,2,1,40,0.2568,0,0,0,0
285,56,3,1,0,31,0.4613,1,0,0,1
73,95,3,3,0,30,0.279,0,0,0,0
267,40,2,2,0,0,0.4433,1,0,0,1
1,73,3,1,0,36,0.1781,1,0,0,1
335,21,3,2,0,35,0.5065,1,1,1,3
374,38,3,3,1,12,0.5095,1,1,1,3
205,48,1,2,0,29,0.2264,0,0,0,0
22,44,2,2,0,14,0.3658,0,0,0,0
164,63,1,3,0,38,0.4092,0,0,0,0
273,114,2,0,0,9,0.2581,1,0,0,1
108,4,3,1,0,27,0.2911,0,0,0,0
141,34,3,0,0,15,0.0986,1,1,1,3
275,83,1,0,0,52,0.6491,0,0,0,0
65,0,2,3,0,24,0.538,0,0,0,0
88,115,3,1,0,13,0.323,0,0,0,0
176,21,3,0,0,30,0.6678,0,0,0,0
279,73,0,1,1,39,0.6938,0,0,0,0
304,26,2,2,0,1,0.3111,0,0,0,0
86,63,2,3,0,40,0.1424,0,0,0,0
356,2,4,1,0,5,0.2247,1,1,1,3
188,87,5,1,0,6,0.2576,1,1,1,3
372,88,1,2,1,29,0.3273,0,0,0,0
66,22,1,0,0,11,0.238,0,0,0,0
120,31,3,3,0,59,0.1757,1,0,0,1
86,30,2,3,1,14,0.2489,0,0,0,0
245,88,2,0,0,40,0.4584,0,0,0,0
296,32,2,0,0,5,0.5967,1,0,0,1
296,51,1,1,0,52,0.6131,0,0,0,0
39,97,1,2,0,7,0.3411,0,0,0,0
138,2,2,2,0,46,0.2096,0,0,0,0
97,51,1,2,0,46,0.3906,0,0,0,0
101,62,5,2,0,6,0.2503,1,1,1,3
67,58,2,1,1,48,0.0709,1,0,0,1
279,82,1,1,0,23,0.538,0,0,0,0
189,6,0,2,0,29,0.4659,0,0,0,0
49,35,3,1,0,36,0.1941,1,0,0,1
63,48,1,1,1,20,0.1494,1,0,0,1
360,14,0,0,0,54,0.1421,0,0,0,0
7,29,4,0,0,24,0.7185,1,1,1,3
162,13,3,0,0,16,0.2368,1,1,0,2
245,24,3,1,0,59,0.3194,0,0,0,0
5,67,1,0,0,15,0.1207,1,0,0,1
153,21,3,2,0,45,0.6012,0,0,0,0
361,117,2,1,0,38,0.1836,0,0,0,0
300,55,1,0,0,15,0.264,0,0,0,0
153,7,3,0,0,16,0.4711,1,1,1,3
78,14,1,0,0,2,0.1487,0,0,0,0
295,37,2,1,1,41,0.525,1,1,1,3
179,23,6,1,1,43,0.2628,1,1,1,3
5,69,1,1,0,9,0.4774,0,0,0,0
9,78,1,2,0,11,0.611,0,0,0,0
83,57,2,3,0,33,0.2723,0,0,0,0
221,113,1,1,0,11,0.5142,0,0,0,0
207,56,3,2,0,28,0.4873,1,0,0,1
154,10,2,2,0,17,0.2806,0,0,0,0
251,105,3,2,0,7,0.094,0,0,0,0
390,79,1,1,0,12,0.2627,0,0,0,0
119,108,1,0,1,21,0.3051,0,0,0,0
97,87,4,2,0,28,0.2547,1,0,0,1
155,101,0,0,0,45,0.151,0,0,0,0
8,50,1,1,0,37,0.2401,1,0,0,1
20,116,5,2,0,37,0.2077,1,0,0,1
88,40,2,2,0,1,0.1082,0,0,0,0
57,60,1,1,0,58,0.1189,1,0,0,1
114,101,3,3,0,55,0.5231,0,0,0,0
94,95,1,1,0,20,0.391,0,0,0,0
55,104,2,0,0,32,0.0717,0,0,0,0
325,15,2,1,1,1,0.2356,1,0,0,1
160,81,3,3,1,47,0.1493,0,0,0,0
117,66,2,1,0,47,0.2974,0,0,0,0
78,101,3,3,1,22,0.4655,1,0,0,1
189,100,4,1,0,30,0.1914,1,0,0,1
275,76,1,2,0,11,0.2794,0,0,0,0
222,4,5,1,1,43,0.4228,1,1,1,3
82,40,2,3,0,30,0.6206,1,0,0,1
335,73,3,0,0,14,0.195,1,1,0,2
231,0,4,2,0,58,0.185,0,0,0,0
297,67,1,0,0,50,0.3379,0,0,0,0
145,100,3,3,1,32,0.3921,1,0,0,1
295,100,3,1,0,55,0.4393,1,1,1,3
243,75,2,2,0,55,0.3544,1,0,0,1
74,25,6,2,0,37,0.1022,1,1,1,3
124,41,4,2,0,29,0.2086,1,1,0,2
83,32,0,3,0,14,0.2248,0,0,0,0
342,117,1,2,0,13,0.0901,0,0,0,0
29,97,2,0,1,1,0.4868,1,1,1,3
268,18,4,3,0,4,0.7665,1,1,0,2
20,106,3,1,0,47,0.2811,0,0,0,0
247,64,1,2,0,31,0.1628,0,0,0,0
277,22,2,0,0,54,0.2552,0,0,0,0
341,43,1,1,0,8,0.4019,0,0,0,0
178,48,0,0,0,34,0.1102,0,0,0,0
89,34,4,1,0,13,0.1482,1,0,0,1
12,64,1,0,0,22,0.3645,0,0,0,0
110,86,4,0,0,29,0.2994,1,1,1,3
73,51,1,2,0,36,0.5241,0,0,0,0
352,33,2,3,0,59,0.0447,0,0,0,0
377,114,4,0,0,40,0.0792,1,0,0,1
62,33,5,1,0,58,0.4837,1,1,1,3
376,18,3,0,0,55,0.5542,1,1,1,3
323,49,3,2,0,22,0.8163,1,0,0,1
40,11,3,0,0,42,0.4047,0,0,0,0
119,1,1,3,0,35,0.1903,0,0,0,0
282,33,4,1,0,27,0.1307,1,1,0,2
21,57,4,1,0,26,0.0636,1,1,1,3
85,65,4,0,1,9,0.5752,1,1,1,3
93,88,1,2,1,9,0.333,0,0,0,0
136,60,1,2,1,47,0.295,1,0,0,1
50,79,0,1,0,41,0.3526,0,0,0,0
346,51,1,2,0,51,0.3231,0,0,0,0
215,49,1,3,0,21,0.1689,0,0,0,0
352,52,2,2,0,43,0.2061,1,0,0,1
81,106,3,1,0,39,0.448,1,1,1,3
305,29,2,0,0,45,0.3565,0,0,0,0
103,91,4,2,0,41,0.2089,1,1,0,2
337,22,3,2,0,34,0.2881,1,0,0,1
151,48,1,3,0,46,0.3368,0,0,0,0
56,9,4,3,0,40,0.1052,1,0,0,1
101,110,2,1,0,47,0.5423,1,0,0,1
343,93,1,1,0,30,0.7697,0,0,0,0
233,67,3,3,0,11,0.368,1,1,1,3
357,100,4,0,0,27,0.1798,1,1,1,3
249,98,4,0,0,29,0.2233,1,0,0,1
8,81,4,3,1,16,0.6493,0,0,0,0
234,71,2,0,0,19,0.0233,0,0,0,0
199,1,3,0,0,29,0.3827,1,0,0,1
234,23,5,1,0,48,0.2614,1,1,1,3
44,94,2,2,0,4,0.3178,0,0,0,0
384,73,4,1,0,50,0.4144,0,0,0,0
108,94,1,1,0,30,0.2039,0,0,0,0
182,63,2,0,1,12,0.3021,1,0,0,1
69,63,1,1,0,4,0.2349,0,0,0,0
263,26,1,0,0,12,0.091,1,0,0,1
223,51,2,2,0,31,0.5977,0,0,0,0
352,24,2,3,0,6,0.1879,1,0,0,1
348,15,2,3,1,29,0.1275,1,0,0,1
154,5,4,1,1,22,0.1747,1,1,1,3
322,22,3,0,0,56,0.3516,0,0,0,0
178,16,1,2,1,12,0.1048,0,0,0,0
92,58,1,1,0,20,0.2177,0,0,0,0
306,106,1,2,0,51,0.1915,0,0,0,0
34,80,2,2,0,1,0.4223,1,1,1,3
252,88,2,0,1,34,0.2071,1,1,0,2
278,18,3,2,0,46,0.3262,1,1,0,2
334,83,3,0,0,42,0.2491,1,1,0,2
36,81,3,0,1,30,0.2851,1,0,0,1
306,52,2,2,0,2,0.1774,0,0,0,0
11,114,4,0,0,57,0.231,1,0,0,1
338,77,5,0,0,44,0.0242,1,1,1,3
190,61,3,2,0,27,0.5356,0,0,0,0
375,111,3,1,1,22,0.1063,0,0,0,0
271,88,1,0,0,35,0.4976,0,0,0,0
179,99,2,1,1,16,0.1166,0,0,0,0
187,2,3,3,0,25,0.3544,1,1,0,2
114,29,4,2,0,3,0.1679,0,0,0,0
92,17,1,1,0,14,0.7459,0,0,0,0
231,4,5,2,1,38,0.341,1,1,1,3
209,45,2,0,0,32,0.2027,0,0,0,0
330,4,1,1,1,1,0.5589,1,0,0,1
99,43,0,1,0,13,0.2205,0,0,0,0
81,91,3,0,1,49,0.2406,0,0,0,0
40,64,2,0,0,26,0.0563,0,0,0,0
120,0,4,3,0,18,0.1125,1,0,0,1
61,111,3,2,0,34,0.2618,1,1,0,2
355,30,2,2,1,51,0.112,1,0,0,1
331,6,4,3,0,2,0.0868,1,0,0,1
256,83,2,0,0,43,0.2253,0,0,0,0
332,111,3,0,0,20,0.4488,1,1,1,3
36,67,1,0,0,56,0.1755,0,0,0,0
203,117,1,1,0,4,0.0691,1,0,0,1
386,93,2,1,0,1,0.0466,1,1,1,3
128,63,2,3,0,55,0.0636,0,0,0,0
337,40,2,1,0,5,0.1822,1,0,0,1
222,47,2,1,0,7,0.2826,0,0,0,0
354,107,2,1,1,51,0.0721,1,0,0,1
132,34,5,1,0,38,0.1611,1,0,0,1
389,65,3,1,1,42,0.2355,1,1,1,3
199,76,2,3,0,18,0.1298,0,0,0,0
276,82,3,1,0,52,0.4382,1,0,0,1
90,111,1,1,0,29,0.1344,0,0,0,0
391,69,0,1,0,8,0.0727,1,0,0,1
44,78,0,2,1,51,0.1653,0,0,0,0
283,42,3,1,1,58,0.6816,1,1,1,3
43,17,0,2,0,25,0.1778,0,0,0,0
257,4,3,0,0,55,0.5068,0,0,0,0
66,39,1,3,0,45,0.2299,0,0,0,0
141,95,1,2,0,46,0.0781,0,0,0,0
3,25,3,3,0,57,0.4475,0,0,0,0
82,71,3,2,0,10,0.1768,1,0,0,1
61,86,3,3,0,23,0.2954,0,0,0,0
343,96,2,1,0,19,0.0798,0,0,0,0
254,38,2,2,0,41,0.096,0,0,0,0
179,25,6,1,0,33,0.22,1,1,1,3
364,8,2,0,0,34,0.2744,1,1,1,3
275,36,0,0,0,39,0.4485,0,0,0,0
1,113,2,1,0,35,0.1293,1,0,0,1
307,20,2,3,1,55,0.4259,0,0,0,0
111,100,4,0,0,36,0.4924,1,1,1,3
50,83,2,2,0,10,0.0898,0,0,0,0
233,1,3,3,1,11,0.2874,1,1,1,3
215,76,2,3,1,6,0.195,0,0,0,0
49,61,2,1,0,18,0.3331,0,0,0,0
367,64,1,3,0,9,0.3539,0,0,0,0
188,39,4,2,1,54,0.5958,1,1,1,3
3,93,1,1,1,21,0.6166,0,0,0,0
225,32,1,3,0,13,0.1024,0,0,0,0
118,107,2,0,0,59,0.3003,0,0,0,0
141,93,1,0,1,53,0.0853,0,0,0,0
6,13,3,1,0,40,0.3833,1,1,0,2
261,77,5,0,0,22,0.3753,1,1,1,3
1,96,3,1,0,12,0.3846,1,1,1,3
113,119,3,1,0,50,0.2242,1,0,0,1
393,43,2,1,0,40,0.0796,0,0,0,0
378,68,4,0,1,46,0.1991,1,1,1,3
355,103,3,2,0,37,0.2835,0,0,0,0
292,29,3,2,1,34,0.1327,0,0,0,0
191,109,3,2,1,2,0.494,1,0,0,1
190,14,2,2,0,53,0.0295,0,0,0,0
4,36,3,0,1,47,0.2633,1,1,0,2
145,29,4,2,1,28,0.2375,1,1,1,3
354,47,1,3,0,38,0.269,0,0,0,0
223,28,2,2,0,39,0.1574,0,0,0,0
72,86,4,0,0,7,0.1328,1,0,0,1
272,19,2,2,0,46,0.2856,0,0,0,0
14,60,1,1,0,41,0.4914,0,0,0,0
167,114,2,2,0,31,0.7033,1,1,1,3
103,63,3,3,0,54,0.4161,0,0,0,0
76,107,3,2,0,51,0.4647,0,0,0,0
160,22,2,0,0,44,0.1842,1,0,0,1
141,32,0,2,0,17,0.452,0,0,0,0
300,45,2,2,0,27,0.3394,0,0,0,0
150,113,2,1,0,30,0.1532,0,0,0,0
60,46,1,0,1,37,0.3014,0,0,0,0
152,91,3,1,0,49,0.2225,0,0,0,0
327,85,3,1,1,35,0.4456,1,1,1,3
337,49,2,2,0,43,0.202,1,0,0,1
325,19,5,1,0,9,0.2476,1,1,1,3
388,84,2,1,0,59,0.2539,0,0,0,0
192,102,3,2,0,48,0.702,1,0,0,1
19,31,4,3,0,31,0.1646,0,0,0,0
104,18,2,1,0,6,0.1614,1,1,1,3
160,114,2,1,0,44,0.2091,0,0,0,0
185,105,2,0,0,39,0.5578,0,0,0,0
195,39,5,3,0,43,0.151,1,0,0,1
270,68,2,0,0,58,0.1025,1,0,0,1
118,105,5,2,0,0,0.4373,1,1,1,3
139,106,1,1,1,20,0.4073,1,0,0,1
37,102,1,2,0,19,0.2335,0,0,0,0
375,23,6,1,0,4,0.1951,1,0,0,1
39,24,3,2,0,8,0.1706,1,0,0,1
193,84,1,0,0,11,0.2285,0,0,0,0
363,21,1,0,0,58,0.3742,0,0,0,0
20,0,3,2,0,58,0.1082,0,0,0,0
25,25,5,1,1,27,0.1733,1,1,1,3
39,4,5,2,0,2,0.1439,1,1,1,3
193,90,1,1,0,29,0.4981,0,0,0,0
395,16,2,1,1,33,0.6507,1,0,0,1
119,32,0,3,0,53,0.1157,0,0,0,0
119,66,1,3,0,32,0.2518,0,0,0,0
227,12,2,1,0,31,0.0866,0,0,0,0
278,24,3,2,1,44,0.1336,1,0,0,1
16,45,5,1,0,20,0.2901,1,1,1,3
307,38,3,0,0,32,0.2456,1,1,0,2
51,107,2,1,0,32,0.5567,1,0,0,1
283,36,0,1,0,31,0.5549,0,0,0,0
166,11,3,2,0,2,0.3968,1,0,0,1
213,13,2,1,0,29,0.319,0,0,0,0
246,106,4,0,0,39,0.3641,1,1,1,3
170,29,1,2,0,26,0.3872,1,0,0,1
45,22,1,0,1,2,0.3291,1,0,0,1
150,48,1,1,0,46,0.494,0,0,0,0
392,23,6,1,0,47,0.2451,1,1,1,3
19,90,6,3,1,26,0.2607,1,1,1,3
23,114,3,2,0,28,0.2229,1,0,0,1
7,96,3,0,0,46,0.1183,0,0,0,0
3,95,2,3,0,14,0.1625,0,0,0,0
114,47,1,3,0,15,0.2425,0,0,0,0
338,81,4,2,0,58,0.0566,1,0,0,1
285,26,0,1,0,4,0.3174,1,0,0,1
20,3,4,2,0,0,0.4711,1,1,1,3
33,96,1,2,0,4,0.5099,0,0,0,0
297,29,4,2,1,28,0.1225,1,0,0,1
366,14,2,0,0,48,0.0856,0,0,0,0
384,4,4,2,0,19,0.1678,1,0,0,1
290,16,3,0,1,7,0.1106,1,1,1,3
190,43,1,1,0,5,0.6944,0,0,0,0
35,64,2,3,1,35,0.1981,0,0,0,0
118,82,2,1,0,26,0.2538,0,0,0,0
391,80,3,1,1,7,0.5176,0,0,0,0
283,25,3,2,0,22,0.153,1,1,0,2
24,34,5,2,0,17,0.2666,1,1,1,3
177,53,3,1,0,6,0.1122,1,1,1,3
147,78,2,2,0,0,0.3629,0,0,0,0
159,43,1,1,0,9,0.1197,0,0,0,0
247,60,0,0,0,33,0.3558,0,0,0,0
168,101,1,2,0,59,0.3342,0,0,0,0
124,101,3,0,0,1,0.4966,1,0,0,1
212,1,2,1,0,45,0.2162,0,0,0,0
142,28,2,2,0,32,0.4208,0,0,0,0
135,114,1,1,0,9,0.3473,0,0,0,0
245,32,2,2,0,19,0.2161,0,0,0,0
202,117,0,1,0,45,0.082,0,0,0,0
27,105,2,2,1,4,0.4637,1,0,0,1
96,88,1,1,1,5,0.1501,0,0,0,0
199,50,0,2,0,32,0.2123,0,0,0,0
344,89,5,2,0,28,0.1453,1,1,1,3
73,102,3,3,0,52,0.4134,0,0,0,0
243,79,0,1,0,53,0.4328,0,0,0,0
198,106,2,1,0,7,0.1823,0,0,0,0
179,88,2,1,1,18,0.6327,0,0,0,0
39,11,5,2,0,24,0.3794,1,1,0,2
37,78,0,1,0,38,0.5351,0,0,0,0
155,108,1,0,0,52,0.1186,0,0,0,0
151,83,1,2,0,57,0.0808,0,0,0,0
150,75,1,0,0,54,0.2935,0,0,0,0
284,108,3,3,0,3,0.3005,1,1,0,2
57,4,4,1,0,46,0.2478,1,1,1,3
237,62,1,1,1,8,0.4379,0,0,0,0
84,38,4,0,0,26,0.5744,1,1,1,3
141,80,1,1,0,32,0.3501,0,0,0,0
172,29,2,0,0,15,0.398,1,1,1,3
85,33,4,0,0,47,0.099,1,1,1,3
29,83,2,2,0,50,0.2172,0,0,0,0
319,54,3,2,1,49,0.8721,1,1,0,2
89,4,5,0,0,17,0.6212,1,1,1,3
124,2,5,0,0,50,0.202,1,1,1,3
202,102,1,1,0,59,0.3098,0,0,0,0
313,10,1,2,0,35,0.1509,0,0,0,0
151,22,4,0,0,8,0.179,1,1,1,3
135,69,1,0,0,46,0.3838,1,0,0,1
101,29,5,1,0,36,0.2892,1,1,0,2
216,32,1,2,0,46,0.0892,0,0,0,0
126,66,1,3,0,0,0.4435,0,0,0,0
301,18,3,2,0,47,0.3075,1,0,0,1
388,32,2,3,1,6,0.0438,0,0,0,0
197,38,2,3,0,11,0.1982,0,0,0,0
303,60,1,1,0,21,0.4572,1,1,0,2
350,97,1,1,0,32,0.1911,0,0,0,0
279,22,3,2,0,41,0.3116,0,0,0,0
225,69,1,2,0,50,0.372,1,0,0,1
252,71,3,1,0,5,0.221,1,0,0,1
103,116,5,0,0,40,0.1588,1,1,1,3
324,73,3,3,0,57,0.6205,1,1,0,2
253,13,2,2,0,8,0.4804,1,1,0,2
129,93,2,2,0,17,0.7243,0,0,0,0
83,48,0,3,0,37,0.3637,0,0,0,0
310,72,1,0,0,53,0.0897,0,0,0,0
71,67,0,0,0,55,0.197,0,0,0,0
130,1,2,2,0,58,0.3349,0,0,0,0
194,10,2,3,0,32,0.1654,0,0,0,0
379,15,2,3,0,22,0.6635,0,0,0,0
259,24,1,3,0,53,0.3954,0,0,0,0
348,70,3,1,1,41,0.2117,1,1,1,3
137,8,3,2,0,59,0.458,0,0,0,0
84,106,3,2,0,38,0.3367,0,0,0,0
377,32,2,2,0,57,0.4876,1,0,0,1
208,42,6,3,0,14,0.1338,1,0,0,1
199,11,1,3,1,0,0.415,0,0,0,0
105,119,3,1,1,23,0.4507,1,0,0,1
225,114,1,1,0,30,0.3821,0,0,0,0
14,103,5,2,1,25,0.6365,1,1,1,3
61,23,4,0,0,32,0.2903,1,1,0,2
32,80,3,0,0,30,0.4021,1,1,0,2
382,83,0,1,0,0,0.3081,0,0,0,0
370,46,1,3,0,34,0.2094,0,0,0,0
251,14,1,1,0,18,0.4175,1,0,0,1
381,46,2,0,0,5,0.126,1,1,0,2
327,97,0,0,0,4,0.1901,1,1,0,2
204,48,1,1,0,34,0.1779,0,0,0,0
344,37,4,0,0,14,0.3067,1,1,1,3
249,89,2,3,0,22,0.274,0,0,0,0
277,113,2,1,0,1,0.5466,0,0,0,0
178,112,3,2,0,9,0.3097,0,0,0,0
217,102,3,3,0,46,0.1352,0,0,0,0
263,28,2,1,0,53,0.4275,0,0,0,0
136,29,4,1,0,48,0.259,1,1,1,3
193,54,1,0,0,29,0.3735,0,0,0,0
21,13,2,0,0,42,0.1707,1,1,0,2
287,27,5,1,0,44,0.2327,1,1,1,3
363,91,3,1,1,56,0.1966,1,0,0,1
326,54,1,1,0,59,0.2613,0,0,0,0
75,116,4,2,0,30,0.3409,1,1,1,3
166,39,3,1,0,22,0.2204,1,1,0,2
46,106,0,1,1,29,0.1937,0,0,0,0
168,89,2,2,1,0,0.4025,1,0,0,1
7,32,1,2,1,26,0.4175,1,0,0,1
230,112,2,1,0,27,0.1731,1,0,0,1
243,45,1,2,0,54,0.2624,0,0,0,0
266,11,2,0,1,36,0.1398,1,0,0,1
315,71,1,2,0,14,0.2784,0,0,0,0
152,8,3,2,0,38,0.2585,0,0,0,0
183,92,3,0,0,15,0.0897,1,1,1,3
22,34,3,1,0,6,0.222,1,1,1,3
331,59,3,0,0,41,0.3202,1,0,0,1
312,108,1,3,0,9,0.219,0,0,0,0
141,84,1,0,0,34,0.0663,0,0,0,0
297,17,1,3,1,44,0.643,0,0,0,0
46,84,1,1,0,15,0.3882,1,0,0,1
230,31,3,2,0,27,0.4067,1,0,0,1
97,10,1,3,0,48,0.4,0,0,0,0
264,24,2,3,0,41,0.4586,0,0,0,0
318,51,2,2,0,4,0.6548,0,0,0,0
8,8,2,3,0,53,0.0942,0,0,0,0
188,62,4,1,1,10,0.5279,1,1,1,3
244,71,2,1,0,47,0.2017,0,0,0,0
32,115,2,0,0,15,0.6575,0,0,0,0
193,14,1,2,0,17,0.2593,0,0,0,0
355,8,2,2,0,47,0.3853,0,0,0,0
244,101,2,3,0,11,0.282,0,0,0,0
324,81,3,3,0,19,0.6298,0,0,0,0
222,76,6,1,0,41,0.3368,1,1,1,3
58,41,2,1,1,3,0.4871,1,1,0,2
29,73,5,3,0,59,0.1514,1,0,0,1
88,47,1,1,0,51,0.0992,0,0,0,0
156,4,1,2,1,1,0.3191,0,0,0,0
258,66,2,3,1,44,0.3149,1,0,0,1
304,50,0,2,0,32,0.2678,0,0,0,0
362,23,7,3,0,1,0.3629,1,1,1,3
154,73,2,2,0,49,0.2881,0,0,0,0
74,95,2,2,0,40,0.2276,1,0,0,1
149,55,2,0,1,0,0.243,1,1,0,2
332,69,2,1,1,48,0.4012,1,0,0,1
96,66,2,3,0,23,0.219,0,0,0,0
183,78,3,1,1,46,0.1299,0,0,0,0
90,58,0,2,0,39,0.4779,0,0,0,0
252,88,2,0,1,49,0.3086,1,1,0,2
316,60,2,1,0,7,0.6284,1,0,0,1
110,24,2,0,0,23,0.2826,1,0,0,1
329,82,3,2,0,42,0.1389,1,1,0,2
25,45,2,0,0,40,0.2317,1,0,0,1
12,101,0,0,0,24,0.3921,1,0,0,1
142,67,2,3,0,14,0.1342,0,0,0,0
73,39,4,3,1,16,0.2864,1,0,0,1
40,33,5,0,0,1,0.1703,1,1,1,3
139,111,2,1,0,23,0.1519,0,0,0,0
93,24,1,3,0,42,0.2732,0,0,0,0
166,107,1,0,1,21,0.3686,1,0,0,1
294,44,3,1,0,47,0.3544,1,1,1,3
297,8,3,0,0,3,0.3505,1,1,1,3
238,42,3,0,0,10,0.184,0,0,0,0
1,48,0,1,0,28,0.091,0,0,0,0
36,76,4,3,0,18,0.1467,0,0,0,0
48,98,8,2,0,32,0.1185,1,1,1,3
97,42,4,0,0,0,0.0388,1,1,1,3
276,52,1,1,1,0,0.1051,0,0,0,0
280,68,4,1,0,2,0.3648,0,0,0,0
106,81,3,0,0,8,0.1512,1,1,1,3
238,115,2,0,0,53,0.1599,0,0,0,0
207,21,3,2,0,28,0.6097,1,1,0,2
275,48,0,1,0,39,0.0684,0,0,0,0
102,75,1,1,0,16,0.3,1,0,0,1
42,116,3,1,0,1,0.2248,0,0,0,0
226,33,4,0,0,29,0.1759,1,1,1,3
251,69,3,0,0,35,0.2705,0,0,0,0
392,85,5,1,0,46,0.2171,1,1,1,3
97,82,2,3,0,36,0.3518,1,0,0,1
65,90,2,3,0,28,0.3477,0,0,0,0
271,92,2,2,1,32,0.5541,1,0,0,1
347,5,3,1,0,7,0.1204,0,0,0,0
393,11,2,3,0,57,0.3358,0,0,0,0
67,10,2,2,0,25,0.1486,1,0,0,1
317,26,1,1,1,52,0.5369,0,0,0,0
96,40,2,3,0,32,0.3165,0,0,0,0
366,114,4,2,0,33,0.0425,0,0,0,0
368,73,2,1,0,5,0.481,1,1,0,2
325,43,2,1,0,51,0.2244,0,0,0,0
360,118,1,2,0,15,0.0776,0,0,0,0
177,66,4,2,0,57,0.3316,1,1,1,3
336,103,7,3,0,35,0.3097,1,1,1,3
164,92,3,3,0,42,0.1551,0,0,0,0
176,45,5,1,0,3,0.3022,1,1,1,3
321,49,1,3,0,59,0.4767,0,0,0,0
363,52,4,0,1,10,0.0834,1,1,1,3
317,66,2,1,0,28,0.5757,1,0,0,1
358,25,3,3,0,31,0.4733,0,0,0,0
194,107,2,2,0,21,0.3572,1,0,0,1
233,85,5,1,0,14,0.4542,1,1,1,3
147,104,4,1,1,48,0.4664,1,1,1,3
127,95,2,2,1,6,0.1941,0,0,0,0
115,4,1,1,0,18,0.0907,0,0,0,0
118,11,3,2,0,0,0.2919,1,1,0,2
16,19,3,3,0,39,0.1605,0,0,0,0
110,56,3,1,0,28,0.2698,0,0,0,0
185,95,1,3,0,19,0.1419,0,0,0,0
155,109,1,2,0,28,0.2157,0,0,0,0
279,9,1,1,0,51,0.0476,0,0,0,0
248,75,2,2,0,48,0.2501,0,0,0,0
102,91,0,1,0,24,0.1102,0,0,0,0
74,7,3,2,0,54,0.0627,0,0,0,0
194,58,2,2,0,44,0.3913,1,0,0,1
218,108,2,1,1,6,0.2384,1,0,0,1
42,58,0,1,0,42,0.0541,0,0,0,0
265,43,2,1,0,12,0.1614,0,0,0,0
139,12,3,0,0,47,0.4137,1,1,1,3
320,34,2,1,1,53,0.419,1,1,1,3
120,116,5,3,0,59,0.3045,0,0,0,0
85,98,4,3,0,33,0.2916,1,0,0,1
385,26,1,2,1,5,0.3775,1,0,0,1
77,96,4,1,0,14,0.0969,1,1,1,3
14,96,5,0,1,29,0.1536,1,1,1,3
199,25,3,0,0,16,0.1936,0,0,0,0
234,11,3,2,0,32,0.0592,1,1,0,2
61,70,4,1,0,29,0.3506,1,0,0,1
29,1,4,3,0,21,0.3756,1,1,1,3
313,19,1,1,0,18,0.0844,0,0,0,0
212,11,1,2,0,56,0.157,0,0,0,0
378,92,4,0,0,51,0.1318,1,1,1,3
394,72,2,2,0,21,0.2532,1,0,0,1
12,33,1,0,0,42,0.3627,1,0,0,1
162,48,3,1,0,36,0.4905,0,0,0,0
77,60,2,0,0,17,0.2529,1,1,0,2
240,52,2,1,0,19,0.3368,0,0,0,0
316,77,3,0,0,59,0.3774,1,1,1,3
337,72,3,1,1,54,0.7057,1,1,1,3
60,53,2,2,0,11,0.4139,1,0,0,1
358,28,1,2,0,11,0.3914,1,0,0,1
293,20,3,2,1,55,0.248,0,0,0,0
122,13,1,1,0,2,0.0734,1,1,0,2
310,14,1,0,0,54,0.4181,1,0,0,1
315,10,2,3,1,5,0.1742,1,1,0,2
188,44,5,1,0,27,0.3153,1,1,1,3
248,30,2,3,0,27,0.2722,0,0,0,0
234,112,2,1,0,47,0.06,0,0,0,0
77,38,4,1,1,24,0.4389,1,1,1,3
254,83,3,1,0,22,0.2401,1,0,0,1
378,21,4,2,0,56,0.2527,1,0,0,1
266,59,2,0,1,40,0.2588,1,0,0,1
384,86,2,2,0,10,0.446,0,0,0,0
237,99,0,0,1,10,0.5595,1,0,0,1
129,56,3,2,0,46,0.6226,1,0,0,1
212,62,3,2,0,16,0.2548,0,0,0,0
168,28,1,0,1,41,0.479,0,0,0,0
207,61,3,0,0,4,0.2333,1,1,1,3
278,14,1,1,0,43,0.363,0,0,0,0
23,1,2,0,0,49,0.3683,1,1,0,2
135,28,2,0,0,18,0.272,1,0,0,1
90,58,0,2,0,17,0.3769,0,0,0,0
94,93,1,1,0,26,0.6212,1,0,0,1
272,102,1,1,0,31,0.2325,1,0,0,1
179,105,5,2,0,49,0.6023,1,0,0,1
64,36,2,1,0,12,0.5197,1,1,0,2
187,53,1,1,0,55,0.524,0,0,0,0
247,41,1,0,0,39,0.3397,0,0,0,0
278,115,2,2,0,11,0.3709,0,0,0,0
389,53,2,1,0,25,0.0914,0,0,0,0
293,102,3,1,0,11,0.1902,0,0,0,0
217,4,5,0,0,54,0.4212,1,1,1,3
382,112,0,0,0,54,0.253,0,0,0,0
209,26,0,1,0,35,0.0408,0,0,0,0
153,119,3,0,0,5,0.2046,1,0,0,1
250,13,3,1,0,58,0.3322,1,1,1,3
69,45,4,0,0,44,0.0878,1,1,0,2
115,27,2,2,0,6,0.5294,0,0,0,0
398,7,5,0,0,50,0.3167,1,1,1,3
44,105,3,0,1,44,0.331,1,1,0,2
114,82,3,0,0,21,0.0059,1,1,1,3
296,18,2,3,1,27,0.6703,0,0,0,0
237,119,1,2,0,53,0.4956,0,0,0,0
270,67,1,0,1,38,0.1163,0,0,0,0
318,114,1,1,0,41,0.5822,0,0,0,0
269,82,1,3,0,45,0.3164,0,0,0,0
213,19,1,3,0,33,0.0633,0,0,0,0
174,67,0,3,0,19,0.1689,0,0,0,0
396,74,1,3,1,55,0.2504,0,0,0,0
51,1,3,2,0,55,0.4481,1,0,0,1
250,108,3,3,1,28,0.0875,1,1,0,2
95,113,1,1,0,21,0.3829,0,0,0,0
264,42,6,3,1,41,0.3748,1,1,1,3
300,66,1,3,0,37,0.414,0,0,0,0
333,118,3,2,1,44,0.0949,0,0,0,0
97,25,3,3,0,6,0.0326,0,0,0,0
378,77,5,2,1,36,0.1691,1,1,0,2
110,19,4,0,0,4,0.0929,1,0,0,1
258,87,3,2,1,39,0.3985,0,0,0,0
332,15,2,1,0,9,0.1835,0,0,0,0
131,68,3,2,0,33,0.1977,0,0,0,0
358,52,2,1,0,0,0.1411,1,0,0,1
314,44,3,0,0,43,0.1844,0,0,0,0
320,89,2,0,1,13,0.3252,1,1,1,3
228,95,2,2,1,19,0.2283,0,0,0,0
372,86,3,3,0,7,0.1123,0,0,0,0
378,15,2,3,0,0,0.1582,0,0,0,0
178,83,1,1,0,2,0.2137,1,0,0,1
29,56,3,1,0,16,0.1879,0,0,0,0
145,55,2,3,0,29,0.0587,0,0,0,0
291,26,2,1,0,33,0.036,0,0,0,0
15,72,2,2,0,56,0.269,1,0,0,1
120,114,2,2,0,55,0.1653,0,0,0,0
33,114,1,2,0,20,0.3175,0,0,0,0
4,57,5,1,0,48,0.1963,1,1,0,2
305,93,1,0,0,58,0.1969,0,0,0,0
67,112,0,0,0,17,0.4135,0,0,0,0
263,108,4,1,1,31,0.0713,1,1,1,3
258,70,1,2,0,18,0.1584,0,0,0,0
88,81,4,2,0,0,0.6297,1,0,0,1
269,70,4,2,1,8,0.4694,1,1,1,3
381,7,4,3,1,14,0.1099,1,1,0,2
3,54,1,1,1,3,0.3008,0,0,0,0
339,56,3,1,0,48,0.4702,1,1,1,3
316,93,2,0,0,41,0.5736,1,1,1,3
97,84,1,1,0,47,0.4313,0,0,0,0
356,22,3,1,0,45,0.4944,1,1,0,2
117,98,6,1,1,59,0.2487,1,1,1,3
10,8,2,3,0,42,0.0297,0,0,0,0
194,72,2,3,0,54,0.256,0,0,0,0
96,49,2,0,0,39,0.2005,1,1,1,3
365,69,0,2,0,3,0.3261,0,0,0,0
73,31,3,0,0,3,0.6187,1,0,0,1
254,60,1,1,1,43,0.5136,1,0,0,1
163,84,2,2,0,58,0.0261,0,0,0,0
209,14,2,1,1,43,0.4456,0,0,0,0
105,58,2,0,0,35,0.185,1,1,0,2
273,85,4,0,1,39,0.2663,1,1,1,3
198,118,2,1,0,30,0.7566,1,0,0,1
204,1,2,1,0,7,0.3988,1,0,0,1
366,56,4,2,0,18,0.3175,1,1,1,3
344,117,1,1,0,57,0.0847,0,0,0,0
203,117,1,1,0,54,0.7578,0,0,0,0
321,100,3,3,0,40,0.355,0,0,0,0
150,71,1,0,1,6,0.1205,1,1,1,3
259,6,1,0,0,57,0.3963,0,0,0,0
315,83,1,2,0,38,0.3968,0,0,0,0
166,37,1,0,0,7,0.2853,1,0,0,1
294,77,3,2,0,55,0.0825,1,1,0,2
320,87,4,2,0,41,0.1863,1,0,0,1
29,55,2,0,0,52,0.4518,0,0,0,0
375,96,2,1,1,15,0.1445,1,1,0,2
5,112,2,2,1,53,0.3094,0,0,0,0
90,67,1,3,1,1,0.2982,0,0,0,0
309,52,1,0,0,36,0.4373,0,0,0,0
86,71,3,2,0,59,0.4219,0,0,0,0
292,62,4,3,1,37,0.7444,1,1,0,2
384,111,2,1,0,32,0.3113,1,0,0,1
203,22,4,2,0,32,0.0704,0,0,0,0
146,113,3,1,0,43,0.2428,1,0,0,1
285,67,1,1,0,59,0.2043,1,0,0,1
392,43,2,0,0,16,0.3434,0,0,0,0
390,105,2,2,0,48,0.2937,0,0,0,0
243,38,2,3,0,47,0.6248,0,0,0,0
139,7,3,1,0,25,0.4998,1,1,1,3
61,105,4,3,0,11,0.1832,1,1,0,2
277,91,2,2,0,9,0.18,1,0,0,1
312,110,0,2,0,35,0.4567,0,0,0,0
30,102,4,2,0,54,0.2155,0,0,0,0
23,108,3,3,0,45,0.2358,0,0,0,0
190,45,3,1,0,7,0.2708,0,0,0,0
233,16,3,1,0,21,0.1107,0,0,0,0
121,104,3,1,0,41,0.2671,0,0,0,0
214,52,2,1,1,21,0.0806,0,0,0,0
388,110,2,1,0,7,0.1279,1,0,0,1
310,28,1,1,0,52,0.2182,0,0,0,0
338,1,2,2,0,24,0.2372,1,0,0,1
236,63,3,0,0,57,0.1645,0,0,0,0
249,38,4,0,0,5,0.1304,1,1,1,3
103,27,7,3,0,2,0.2269,1,1,1,3
168,46,2,2,0,20,0.6096,0,0,0,0
307,50,1,2,1,6,0.2522,0,0,0,0
197,57,4,3,0,29,0.546,0,0,0,0
363,35,5,2,0,1,0.5325,1,1,1,3
143,80,4,2,0,11,0.1657,1,1,1,3
127,17,3,1,0,4,0.5919,1,0,0,1
157,27,7,0,0,7,0.3819,1,1,1,3
118,100,5,2,1,16,0.3303,1,1,1,3
79,64,3,3,0,32,0.4038,1,0,0,1
159,109,3,1,0,43,0.5303,1,0,0,1
114,93,2,2,0,12,0.4461,0,0,0,0
365,54,1,1,0,10,0.0427,0,0,0,0
323,39,3,1,0,37,0.213,0,0,0,0
251,113,2,1,1,9,0.5261,1,0,0,1
92,87,2,1,0,12,0.2454,1,0,0,1
29,13,2,2,1,6,0.2968,1,1,1,3
299,39,5,3,0,4,0.2932,1,0,0,1
297,48,3,0,0,50,0.0551,1,0,0,1
189,5,5,1,0,28,0.4834,1,1,0,2
326,50,0,1,0,8,0.1071,0,0,0,0
392,97,3,2,0,9,0.3495,0,0,0,0
324,33,4,0,0,11,0.1411,1,1,1,3
9,57,1,3,0,11,0.5439,0,0,0,0
279,81,1,1,0,33,0.5017,0,0,0,0
221,103,0,3,0,59,0.2051,1,0,0,1
383,58,2,1,0,0,0.481,0,0,0,0
204,66,3,1,1,54,0.4943,1,1,0,2
6,95,1,2,0,22,0.0812,0,0,0,0
231,94,2,0,0,14,0.1911,0,0,0,0
272,29,2,1,1,14,0.2567,0,0,0,0
166,106,1,1,1,3,0.3821,1,1,0,2
390,95,0,1,0,41,0.5651,1,0,0,1
178,80,3,3,1,20,0.1797,1,0,0,1
374,112,2,1,0,30,0.2455,1,0,0,1
8,78,3,2,0,0,0.4001,1,1,0,2
115,89,1,1,1,14,0.209,0,0,0,0
231,74,4,2,0,55,0.2556,1,1,1,3
122,9,2,2,0,38,0.367,1,1,0,2
181,117,1,2,0,29,0.3474,1,0,0,1
132,10,4,3,1,4,0.3147,1,1,1,3
375,50,1,1,1,55,0.34,0,0,0,0
318,39,4,3,0,44,0.1952,1,0,0,1
112,116,5,3,0,35,0.1796,1,1,0,2
266,76,3,0,0,19,0.09,1,1,1,3
210,81,2,2,1,6,0.1265,1,0,0,1
47,75,1,1,0,2,0.0714,0,0,0,0
7,28,1,1,0,8,0.2254,1,0,0,1
109,83,1,2,0,38,0.016,0,0,0,0
152,8,3,2,0,29,0.3202,1,0,0,1
365,115,1,0,0,39,0.0927,1,0,0,1
155,13,2,2,0,55,0.1867,0,0,0,0
239,2,3,2,1,0,0.0907,1,0,0,1
251,68,2,1,0,52,0.5388,0,0,0,0
36,3,3,3,0,58,0.5298,0,0,0,0
109,110,1,1,0,26,0.1692,0,0,0,0
317,47,1,2,0,33,0.1589,0,0,0,0
317,45,4,0,1,32,0.1556,1,1,1,3
368,14,0,1,0,5,0.4811,0,0,0,0
254,59,3,1,0,8,0.1169,1,1,0,2
264,4,4,3,0,37,0.213,1,1,0,2
391,107,1,1,0,59,0.5182,0,0,0,0
41,77,3,0,1,10,0.2493,1,1,1,3
167,99,1,2,0,15,0.1236,0,0,0,0
389,94,0,1,0,3,0.1062,0,0,0,0
262,60,1,0,0,19,0.6454,0,0,0,0
33,50,1,2,0,33,0.0657,0,0,0,0
48,65,6,1,0,2,0.0964,1,1,1,3
201,69,3,1,0,45,0.4456,1,1,0,2
41,8,3,2,1,52,0.1602,1,1,0,2
305,36,3,1,0,20,0.3235,0,0,0,0
309,31,2,1,0,33,0.4364,1,1,1,3
229,8,3,1,0,56,0.6342,0,0,0,0
202,12,4,0,0,39,0.4363,1,1,1,3
145,113,2,2,1,13,0.3148,1,0,0,1
54,54,3,1,0,51,0.3693,0,0,0,0
118,25,6,1,0,5,0.1598,1,1,1,3
141,50,0,0,0,1,0.6022,0,0,0,0
283,103,2,2,0,13,0.1758,0,0,0,0
213,89,2,3,1,17,0.2368,0,0,0,0
97,104,3,1,0,53,0.32,0,0,0,0
256,67,1,1,0,43,0.1131,0,0,0,0
323,109,3,0,0,31,0.5603,1,1,1,3
346,9,3,3,1,11,0.1508,0,0,0,0
281,63,4,3,0,20,0.4095,1,0,0,1
146,95,2,1,1,47,0.2919,0,0,0,0
3,4,2,0,0,22,0.8526,0,0,0,0
385,56,3,2,0,46,0.5303,1,1,1,3
327,76,4,0,0,53,0.2478,1,1,1,3
339,99,3,1,1,6,0.3775,1,0,0,1
319,105,4,3,0,49,0.3535,0,0,0,0
334,72,2,1,0,48,0.4255,0,0,0,0
354,46,0,3,1,27,0.3768,0,0,0,0
16,116,5,3,0,58,0.0982,1,1,0,2
172,23,2,2,0,9,0.1027,0,0,0,0
200,55,2,2,0,53,0.3927,0,0,0,0
280,1,3,1,1,4,0.1554,1,1,1,3
349,3,4,3,0,35,0.0877,1,0,0,1
27,25,3,1,0,4,0.1669,1,1,0,2
219,43,2,2,0,33,0.1812,0,0,0,0
210,110,2,0,0,36,0.3116,0,0,0,0
160,40,3,3,0,20,0.0666,0,0,0,0
272,116,2,2,1,35,0.2239,1,1,0,2
28,85,2,0,0,9,0.616,1,1,1,3
239,88,1,1,0,54,0.1819,0,0,0,0
272,111,1,1,0,28,0.1022,0,0,0,0
24,37,4,1,1,23,0.2054,1,1,1,3
318,89,3,0,1,8,0.3144,1,1,1,3
44,61,1,3,0,49,0.179,0,0,0,0
217,48,2,3,0,25,0.475,0,0,0,0
133,105,4,2,0,58,0.1006,1,1,1,3
210,88,2,0,0,0,0.2153,1,1,0,2
199,112,0,2,0,29,0.2121,0,0,0,0
111,34,5,1,0,35,0.5773,1,1,1,3
174,97,1,0,0,37,0.2157,1,1,0,2
83,50,0,1,1,23,0.2098,0,0,0,0
108,89,1,1,0,44,0.31,0,0,0,0
171,97,2,2,0,17,0.6354,0,0,0,0
57,51,2,1,1,49,0.0561,1,0,0,1
359,1,2,1,0,37,0.1186,0,0,0,0
256,2,3,2,0,23,0.3606,1,0,0,1
181,112,2,0,0,55,0.4412,1,0,0,1
27,12,0,0,0,23,0.154,0,0,0,0
30,70,4,1,0,52,0.5884,1,1,1,3
24,74,5,3,0,39,0.1093,0,0,0,0
70,0,3,0,1,33,0.1487,1,1,1,3
360,92,2,0,0,47,0.3753,1,1,0,2
396,20,2,3,0,49,0.13,0,0,0,0
216,98,3,2,1,18,0.1851,1,1,1,3
154,75,3,1,0,11,0.3716,1,0,0,1
390,86,3,2,0,34,0.308,1,1,0,2
302,104,5,1,0,10,0.1267,1,1,1,3
146,23,6,1,0,30,0.2094,1,1,1,3
234,87,3,0,1,46,0.0934,0,0,0,0
235,18,5,1,1,8,0.388,1,1,1,3
276,18,5,2,0,51,0.5274,1,1,0,2
17,7,6,3,0,2,0.2358,1,1,1,3
105,41,3,0,0,49,0.2358,1,1,1,3
294,7,3,0,0,46,0.3851,1,1,0,2
322,53,3,2,0,11,0.1775,0,0,0,0
74,107,3,1,0,22,0.4227,1,0,0,1
105,31,1,2,0,35,0.2043,0,0,0,0
230,71,2,0,0,28,0.398,1,0,0,1
343,44,2,0,0,55,0.5179,1,1,0,2
267,2,3,1,1,10,0.4538,1,1,0,2
73,10,3,3,0,2,0.4771,0,0,0,0
343,42,1,2,1,35,0.1794,0,0,0,0
196,51,2,1,0,32,0.7909,0,0,0,0
120,58,3,1,0,45,0.2485,1,1,0,2
205,29,3,0,0,45,0.3094,1,1,1,3
287,62,6,2,0,33,0.4055,1,1,1,3
291,24,2,2,0,9,0.6647,1,0,0,1
172,87,2,1,0,24,0.3533,1,1,0,2
335,5,3,1,0,52,0.3607,0,0,0,0
261,64,0,1,0,2,0.0766,0,0,0,0
242,91,4,1,1,20,0.3115,1,1,1,3
344,7,4,1,0,57,0.2803,1,1,0,2
146,6,4,1,0,3,0.1809,1,1,1,3
39,90,5,2,0,57,0.4775,1,1,1,3
258,35,4,3,0,8,0.1502,1,1,1,3
229,117,1,1,0,26,0.2576,0,0,0,0
357,14,1,3,0,11,0.3371,0,0,0,0
355,6,3,2,1,56,0.3175,1,1,1,3
398,49,3,3,1,9,0.1812,1,1,1,3
232,37,4,1,1,9,0.1786,1,1,1,3
336,77,6,1,0,55,0.0314,1,1,1,3
193,48,2,2,0,47,0.1391,0,0,0,0
197,92,2,3,0,33,0.1857,0,0,0,0
353,7,4,0,0,20,0.2396,0,0,0,0
225,6,1,3,0,31,0.2136,0,0,0,0
363,60,2,1,0,49,0.4686,1,0,0,1
335,59,3,3,0,10,0.4029,0,0,0,0
83,47,1,0,0,52,0.6565,0,0,0,0
72,0,3,0,0,52,0.5323,1,1,0,2
374,106,3,1,0,49,0.5831,1,0,0,1
133,70,4,0,0,24,0.0783,1,0,0,1
321,22,2,3,0,39,0.2756,0,0,0,0
265,81,5,2,0,24,0.119,1,1,1,3
355,37,2,1,1,35,0.0431,1,0,0,1
185,42,2,0,0,48,0.2951,0,0,0,0
191,28,2,2,0,18,0.1734,1,1,0,2
143,95,2,1,0,28,0.1237,0,0,0,0
51,117,0,2,0,31,0.3105,0,0,0,0
43,99,1,1,0,18,0.1421,0,0,0,0
226,60,1,2,0,43,0.204,1,0,0,1
107,78,1,2,0,30,0.562,0,0,0,0
358,63,1,3,0,56,0.0342,0,0,0,0
262,50,0,1,0,50,0.1381,0,0,0,0
235,88,1,0,1,30,0.2968,0,0,0,0
193,59,3,1,0,25,0.0604,0,0,0,0
354,60,0,1,1,48,0.1115,1,0,0,1
299,93,2,1,0,21,0.1456,0,0,0,0
94,6,1,1,1,35,0.314,1,0,0,1
194,102,1,3,0,44,0.0712,0,0,0,0
148,87,4,0,0,4,0.2694,1,1,1,3
240,58,1,0,1,21,0.3118,1,1,0,2
285,75,2,0,1,24,0.3315,1,1,1,3
193,7,2,2,0,38,0.3977,1,0,0,1
399,34,3,1,1,59,0.1039,1,1,0,2
32,115,2,0,0,7,0.4487,1,0,0,1
225,95,0,3,0,58,0.3753,0,0,0,0
104,15,2,1,0,42,0.3364,0,0,0,0
48,57,6,2,0,42,0.4098,1,1,1,3
16,53,3,1,0,21,0.1492,1,0,0,1
22,45,3,2,0,19,0.0916,1,0,0,1
58,92,2,0,1,23,0.0581,1,0,0,1
134,43,1,1,0,15,0.2749,0,0,0,0
318,69,1,2,0,39,0.1301,0,0,0,0
12,62,1,0,0,57,0.4394,0,0,0,0
298,80,6,2,0,19,0.5134,1,1,1,3
177,14,2,2,0,6,0.3926,1,0,0,1
82,67,1,3,0,1,0.2711,0,0,0,0
238,13,1,2,1,27,0.4287,0,0,0,0
253,99,3,1,1,5,0.6257,1,1,1,3
157,44,5,1,0,33,0.0843,1,1,1,3
276,96,2,1,0,15,0.5367,1,1,0,2
290,7,3,2,0,25,0.575,0,0,0,0
123,42,5,3,0,48,0.5724,0,0,0,0
291,36,2,0,1,2,0.3822,1,1,1,3
309,115,2,1,0,51,0.3775,0,0,0,0
97,53,2,2,0,7,0.4315,0,0,0,0
33,65,2,3,0,38,0.205,0,0,0,0
311,62,3,3,0,9,0.0989,1,0,0,1
294,49,3,3,0,19,0.3643,1,0,0,1
291,113,3,1,1,16,0.4711,1,0,0,1
28,9,1,2,1,6,0.1021,0,0,0,0
306,7,2,0,0,16,0.3143,0,0,0,0
150,3,3,2,0,27,0.2054,1,1,0,2
2,45,1,1,0,41,0.5884,1,0,0,1
113,62,4,2,1,12,0.1993,1,1,1,3
47,16,2,0,0,27,0.2216,0,0,0,0
52,112,2,0,0,10,0.1053,1,1,1,3
2,17,1,1,0,34,0.2149,0,0,0,0
388,39,2,3,0,47,0.1743,0,0,0,0
101,63,2,1,0,15,0.4221,0,0,0,0
19,102,4,0,0,34,0.0695,1,1,1,3
26,15,1,0,0,53,0.0208,0,0,0,0
61,104,4,2,0,59,0.2538,0,0,0,0
336,20,4,0,0,13,0.6372,1,1,1,3
341,36,3,1,1,31,0.2772,1,1,0,2
386,47,1,0,1,10,0.1759,1,0,0,1
221,7,2,3,0,40,0.066,0,0,0,0
384,33,4,2,0,7,0.5831,1,1,1,3
255,38,5,0,0,47,0.0941,1,1,1,3
109,109,0,2,0,17,0.0652,0,0,0,0
313,112,1,0,0,54,0.3644,0,0,0,0
96,17,3,0,1,4,0.0456,1,1,0,2
88,112,2,0,0,42,0.4608,1,1,0,2
153,51,2,1,0,51,0.082,1,0,0,1
365,98,4,3,0,49,0.4433,1,0,0,1
281,101,2,0,0,47,0.3976,0,0,0,0
157,11,3,3,1,34,0.1187,1,0,0,1
9,41,1,2,0,46,0.0769,0,0,0,0
135,111,3,1,1,52,0.3266,1,1,1,3
127,102,2,2,1,44,0.2755,1,0,0,1
183,43,2,1,0,45,0.6625,0,0,0,0
74,72,4,2,0,29,0.4378,1,0,0,1
248,54,1,1,0,44,0.1585,0,0,0,0
193,73,2,2,1,39,0.3648,1,0,0,1
214,30,3,1,1,55,0.1705,0,0,0,0
194,40,2,3,1,39,0.4099,0,0,0,0
56,25,4,3,0,23,0.0748,1,0,0,1
382,66,1,2,0,57,0.1589,0,0,0,0
84,11,4,3,0,41,0.3144,1,1,0,2
254,8,4,2,0,39,0.4055,1,1,0,2
157,89,4,3,1,8,0.1286,1,0,0,1
208,8,2,0,0,12,0.2111,1,1,0,2
304,69,0,1,0,51,0.1487,0,0,0,0
330,31,2,1,0,14,0.2037,0,0,0,0
236,77,3,2,0,34,0.1402,1,1,0,2
340,98,5,1,0,5,0.4545,1,1,1,3
27,52,2,1,0,2,0.3982,0,0,0,0
154,87,3,1,0,37,0.2071,1,0,0,1
89,68,3,3,0,33,0.1854,0,0,0,0
122,117,1,2,0,45,0.7142,1,0,0,1
201,22,2,3,0,2,0.3143,1,0,0,1
109,94,2,2,0,16,0.5031,0,0,0,0
272,46,0,2,0,27,0.1115,0,0,0,0
53,60,1,1,0,20,0.3279,0,0,0,0
69,43,1,0,0,35,0.162,1,0,0,1
128,63,2,3,0,34,0.1578,1,0,0,1
221,110,1,1,0,57,0.0617,0,0,0,0
378,114,2,2,0,45,0.1323,0,0,0,0
358,2,2,0,0,23,0.1702,0,0,0,0
171,10,2,1,0,31,0.2353,1,1,0,2
350,98,4,2,0,39,0.6394,1,1,1,3
125,33,5,3,0,27,0.2983,0,0,0,0
368,27,2,1,0,39,0.2742,1,0,0,1
50,10,2,3,0,47,0.3558,0,0,0,0
140,57,4,0,1,37,0.1654,1,1,1,3
179,51,3,0,0,9,0.2851,1,1,1,3
271,104,3,0,1,48,0.2937,1,0,0,1
293,43,1,0,1,43,0.2968,0,0,0,0
231,39,4,1,0,52,0.2987,0,0,0,0
238,50,0,1,0,28,0.2898,0,0,0,0
129,42,3,3,0,56,0.3792,1,0,0,1
308,43,2,0,0,52,0.3213,1,0,0,1
120,106,4,2,0,33,0.3147,1,1,0,2
66,103,2,3,1,6,0.4886,1,0,0,1
282,8,3,2,0,44,0.1347,0,0,0,0
142,61,3,3,0,3,0.2231,0,0,0,0
356,67,3,2,0,2,0.1868,1,0,0,1
251,106,1,1,0,47,0.1246,0,0,0,0
162,60,2,0,0,55,0.2041,0,0,0,0
334,93,3,1,0,59,0.2259,1,1,0,2
333,38,4,0,0,40,0.1159,1,1,1,3
149,107,1,2,1,12,0.3932,0,0,0,0
12,7,0,3,0,28,0.1717,0,0,0,0
254,108,2,1,0,18,0.1432,1,0,0,1
334,5,2,0,1,42,0.3624,0,0,0,0
265,0,5,1,0,56,0.4542,1,1,1,3
393,74,3,3,0,12,0.2581,1,0,0,1
176,58,4,1,0,25,0.5864,1,1,1,3
237,113,0,0,1,4,0.4092,0,0,0,0
357,106,2,1,1,50,0.1318,0,0,0,0
201,111,2,2,0,25,0.242,0,0,0,0
17,20,4,0,0,32,0.2924,1,1,1,3
310,92,2,0,0,20,0.3323,0,0,0,0
39,117,2,1,0,33,0.4754,1,1,1,3
20,97,2,2,0,46,0.2486,1,0,0,1
107,41,1,2,1,18,0.1136,0,0,0,0
234,90,6,2,1,45,0.266,1,1,1,3
51,10,2,2,1,59,0.1051,0,0,0,0
239,48,3,1,0,59,0.6762,0,0,0,0
322,37,4,2,0,40,0.3616,1,0,0,1
73,34,4,1,0,36,0.0224,1,1,0,2
169,11,3,1,0,46,0.4518,1,0,0,1
360,19,2,3,0,31,0.0757,0,0,0,0
235,52,5,0,0,59,0.4311,1,1,1,3
307,101,3,3,0,28,0.1982,0,0,0,0
70,36,3,2,0,32,0.3416,0,0,0,0
313,93,1,0,1,12,0.2239,1,0,0,1
265,88,1,0,1,14,0.1205,1,1,0,2
362,19,5,0,0,16,0.2173,1,1,1,3
176,100,4,1,0,28,0.5328,1,1,1,3
388,97,1,0,0,4,0.4717,0,0,0,0
76,23,3,3,0,2,0.132,1,0,0,1
25,101,1,2,1,23,0.468,0,0,0,0
164,21,3,1,0,48,0.0507,1,0,0,1
315,67,1,3,0,0,0.3949,0,0,0,0
134,110,0,2,0,56,0.3719,0,0,0,0
9,31,2,0,1,31,0.6055,1,0,0,1
108,103,5,2,1,15,0.3268,1,1,1,3
389,115,4,1,1,17,0.3301,1,1,0,2
40,92,2,3,0,12,0.1053,1,0,0,1
0,108,2,3,0,7,0.3672,0,0,0,0
72,66,2,3,0,44,0.4359,0,0,0,0
237,29,3,0,1,12,0.3615,1,1,1,3
367,74,4,3,0,30,0.1763,1,1,1,3
82,27,4,3,0,54,0.3673,1,0,0,1
307,66,1,0,1,54,0.1817,1,1,0,2
194,82,2,3,0,26,0.186,0,0,0,0
204,37,3,0,0,11,0.3761,1,1,1,3
87,11,2,2,1,40,0.4393,1,1,1,3
130,71,2,1,0,50,0.3408,1,1,0,2
242,118,2,0,0,0,0.3629,1,1,0,2
210,99,1,0,0,51,0.7852,1,1,0,2
195,57,4,3,1,12,0.3011,1,1,0,2
87,78,2,0,0,43,0.3544,1,1,1,3
370,118,3,2,0,6,0.1844,1,1,0,2
159,74,5,1,0,33,0.2821,1,1,1,3
373,77,2,2,0,15,0.4163,1,0,0,1
343,75,2,0,0,45,0.5707,0,0,0,0
137,28,3,1,1,27,0.2451,1,0,0,1
22,96,4,1,0,42,0.1362,0,0,0,0
278,113,3,1,0,59,0.1945,1,1,0,2
365,0,2,0,0,0,0.376,1,0,0,1
15,25,4,2,0,58,0.4444,0,0,0,0
56,18,3,0,0,34,0.2288,0,0,0,0
125,24,4,3,0,12,0.3346,1,1,0,2
358,87,3,2,0,36,0.1728,0,0,0,0
221,59,2,0,1,22,0.5537,0,0,0,0
104,37,3,1,1,0,0.2063,1,1,1,3
37,30,1,2,0,51,0.3363,0,0,0,0
5,115,2,3,1,36,0.1728,0,0,0,0
6,90,4,1,0,19,0.3039,1,1,1,3
238,34,3,1,0,2,0.2952,1,1,0,2
285,87,3,0,0,28,0.2216,1,1,0,2
253,85,2,1,0,4,0.1883,0,0,0,0
277,105,4,0,0,10,0.0315,1,1,1,3
384,69,1,0,0,0,0.1072,1,1,0,2
35,65,2,3,0,31,0.2414,1,1,0,2
369,18,3,2,1,42,0.1921,0,0,0,0
50,64,1,0,0,5,0.4368,0,0,0,0
271,81,3,2,1,56,0.1678,0,0,0,0
81,83,1,0,0,6,0.1855,1,0,0,1
325,64,3,1,0,18,0.173,1,1,1,3
223,98,5,3,0,27,0.2044,1,0,0,1
21,11,2,2,0,25,0.1592,1,0,0,1
272,42,1,2,0,45,0.4653,0,0,0,0
302,40,1,1,0,20,0.3734,0,0,0,0
398,20,4,3,0,53,0.1377,1,1,1,3
53,64,2,3,0,43,0.7317,0,0,0,0
356,84,1,0,1,7,0.3941,1,0,0,1
282,35,4,2,1,11,0.5264,1,1,0,2
136,85,3,1,0,15,0.1846,1,1,1,3
85,2,2,0,0,9,0.0464,1,0,0,1
182,96,2,2,1,43,0.2209,1,0,0,1
33,69,1,1,1,28,0.2551,1,0,0,1
126,86,2,0,0,57,0.0954,0,0,0,0
191,95,3,3,0,10,0.2602,0,0,0,0
272,104,2,1,0,20,0.5548,0,0,0,0
287,29,3,1,0,29,0.5643,0,0,0,0
189,107,2,1,0,6,0.3067,0,0,0,0
170,84,0,2,0,48,0.5936,0,0,0,0
274,28,2,1,0,9,0.0399,0,0,0,0
129,31,2,3,1,35,0.1961,0,0,0,0
306,12,3,1,0,58,0.1993,0,0,0,0
262,26,1,1,0,36,0.6674,0,0,0,0
46,94,0,2,0,9,0.4517,0,0,0,0
152,79,0,0,0,21,0.3491,0,0,0,0
265,60,1,1,0,22,0.4257,1,0,0,1
301,73,5,1,0,32,0.2841,1,1,1,3
280,51,3,0,0,45,0.4789,1,1,1,3
240,46,0,2,0,32,0.3146,0,0,0,0
174,47,1,0,0,20,0.3948,1,0,0,1
39,83,2,0,1,23,0.3464,0,0,0,0
184,34,2,0,0,42,0.2396,0,0,0,0
385,105,4,3,1,4,0.3496,1,0,0,1
229,41,1,0,0,49,0.2724,1,0,0,1
295,12,1,1,0,7,0.4653,0,0,0,0
398,78,3,1,1,0,0.102,1,1,0,2
64,30,2,2,0,59,0.1661,0,0,0,0
173,97,2,3,0,40,0.1899,1,0,0,1
302,107,3,0,1,53,0.2585,1,1,1,3
202,47,0,2,0,29,0.2024,0,0,0,0
220,14,1,0,0,9,0.6248,0,0,0,0
258,89,3,0,0,0,0.3299,1,1,1,3
105,93,1,1,0,27,0.225,0,0,0,0
155,73,3,3,1,30,0.2363,1,0,0,1
52,118,1,0,0,39,0.3756,0,0,0,0
328,107,2,1,0,15,0.1357,0,0,0,0
247,48,2,1,0,2,0.41,1,0,0,1
185,89,1,0,0,32,0.3639,0,0,0,0
356,46,1,1,0,8,0.1435,0,0,0,0
107,99,1,1,0,27,0.3261,0,0,0,0
362,90,5,0,0,25,0.3015,1,1,1,3
282,6,2,2,0,3,0.1285,0,0,0,0
111,24,3,0,0,26,0.5735,1,1,1,3
300,26,1,1,0,53,0.4902,0,0,0,0
367,37,3,1,0,8,0.189,1,1,0,2
368,20,0,2,0,13,0.2447,0,0,0,0
88,26,2,0,0,44,0.4007,0,0,0,0
233,20,4,0,0,19,0.3047,1,0,0,1
388,117,0,3,0,46,0.1705,0,0,0,0
14,92,3,2,0,20,0.2611,1,0,0,1
293,66,2,1,1,19,0.1714,1,1,1,3
146,99,3,1,0,15,0.2356,1,0,0,1
260,117,1,0,1,31,0.1936,1,1,1,3
166,99,0,1,0,37,0.163,0,0,0,0
16,36,4,1,0,9,0.1995,1,1,1,3
117,42,6,2,0,40,0.313,1,1,0,2
13,92,5,0,0,14,0.2008,1,1,1,3
311,99,1,2,0,14,0.0481,0,0,0,0
64,40,2,2,0,1,0.0806,0,0,0,0
271,45,3,1,0,10,0.3929,1,0,0,1
105,80,2,2,1,46,0.5514,1,0,0,1
1,64,1,2,0,59,0.1448,0,0,0,0
247,62,2,2,0,2,0.4584,1,1,1,3
8,32,2,3,0,38,0.078,0,0,0,0
122,98,3,2,0,55,0.1286,0,0,0,0
51,94,2,1,0,34,0.3447,0,0,0,0
79,15,3,3,0,31,0.2775,0,0,0,0
42,87,2,1,0,1,0.1139,1,0,0,1
246,77,4,0,1,34,0.3749,1,1,1,3
270,38,3,0,0,48,0.5374,1,1,0,2
230,109,2,0,1,17,0.5529,1,1,1,3
186,96,3,1,0,52,0.2949,1,1,0,2
34,19,2,2,0,0,0.242,0,0,0,0
85,108,2,0,0,0,0.4331,1,0,0,1
44,5,3,2,0,21,0.5702,0,0,0,0
104,94,2,1,0,58,0.1531,0,0,0,0
322,73,3,3,0,58,0.2332,0,0,0,0
38,49,2,1,1,56,0.1216,1,1,1,3
389,92,4,2,0,4,0.2031,1,0,0,1
151,76,5,0,0,34,0.4454,1,1,1,3
86,117,1,3,1,18,0.1121,0,0,0,0
219,63,4,3,0,46,0.4657,0,0,0,0
272,106,1,1,0,26,0.1532,0,0,0,0
30,116,4,1,0,24,0.2061,1,0,0,1
148,34,3,1,0,53,0.2328,0,0,0,0
393,62,3,3,0,18,0.0921,0,0,0,0
312,48,0,0,0,45,0.4332,0,0,0,0
191,46,1,0,0,32,0.3053,1,0,0,1
118,91,5,0,0,51,0.111,1,1,1,3
130,0,3,1,0,34,0.3875,0,0,0,0
369,68,3,1,0,21,0.2151,1,1,1,3
120,37,4,1,0,46,0.4221,1,0,0,1
353,59,3,3,0,20,0.4525,0,0,0,0
243,55,1,0,0,53,0.2484,0,0,0,0
27,74,3,2,0,15,0.0504,1,0,0,1
393,103,2,0,0,13,0.1993,1,1,0,2
104,9,4,2,0,48,0.057,1,1,0,2
399,39,3,3,0,9,0.2255,1,0,0,1
181,14,2,2,0,28,0.2405,0,0,0,0
203,27,7,1,0,0,0.118,1,1,1,3
310,0,4,3,0,11,0.0493,0,0,0,0
290,0,3,1,0,4,0.6651,1,1,0,2
2,24,1,1,0,47,0.2871,0,0,0,0
177,17,4,1,1,35,0.265,1,1,1,3
10,92,3,3,1,16,0.4648,1,0,0,1
243,107,0,2,0,25,0.4002,0,0,0,0
267,37,3,1,0,7,0.1867,0,0,0,0
8,101,1,0,0,11,0.3507,0,0,0,0
289,88,0,2,0,16,0.0231,0,0,0,0
290,31,1,1,0,4,0.5937,0,0,0,0
23,6,2,0,1,59,0.1275,1,1,0,2
122,89,3,1,0,46,0.2911,1,0,0,1
191,51,3,2,0,43,0.2949,0,0,0,0
18,14,0,3,0,5,0.3694,0,0,0,0
58,24,3,3,0,45,0.2477,0,0,0,0
234,40,2,1,0,49,0.0276,0,0,0,0
243,6,0,3,1,9,0.3214,0,0,0,0
99,83,0,1,0,39,0.2381,0,0,0,0
0,8,3,0,0,39,0.1023,0,0,0,0
306,5,3,1,0,56,0.2802,1,0,0,1
193,31,2,1,0,18,0.3677,1,1,0,2
44,87,4,2,0,11,0.2412,1,1,0,2
7,53,3,1,0,23,0.2155,1,0,0,1
217,12,4,2,0,58,0.1813,0,0,0,0
68,113,1,0,0,29,0.2646,1,0,0,1
280,116,3,2,0,16,0.3141,1,1,0,2
165,63,2,0,0,42,0.1436,0,0,0,0
331,108,3,0,1,23,0.5182,1,1,0,2
376,33,2,0,0,17,0.1058,1,0,0,1
35,77,3,2,0,52,0.6435,1,0,0,1
144,32,0,0,0,30,0.1816,0,0,0,0
239,113,2,1,0,31,0.1969,1,1,1,3
201,6,1,0,0,54,0.2979,0,0,0,0
126,25,3,3,0,2,0.6044,0,0,0,0
375,52,3,1,0,36,0.1271,0,0,0,0
242,64,3,1,0,15,0.1663,1,0,0,1
382,61,1,2,1,21,0.5613,1,1,1,3
108,116,4,1,0,36,0.3511,1,0,0,1
200,67,2,1,0,7,0.4132,1,1,0,2
309,91,2,1,0,27,0.4256,1,1,0,2
26,23,5,3,1,21,0.3036,1,1,0,2
44,86,2,0,0,57,0.3136,0,0,0,0
357,18,4,0,0,10,0.5416,1,1,1,3
172,54,1,0,0,17,0.5623,1,0,0,1
136,19,3,0,0,28,0.318,1,1,0,2
366,48,2,0,0,2,0.2301,1,1,0,2
193,25,3,2,0,38,0.1937,0,0,0,0
344,100,4,2,0,6,0.0729,1,1,0,2
124,6,2,3,0,24,0.2958,0,0,0,0
320,13,0,2,0,2,0.1744,0,0,0,0
80,79,1,2,0,28,0.289,0,0,0,0
320,36,3,2,0,44,0.5732,1,0,0,1
210,101,2,1,0,10,0.2678,1,0,0,1
34,85,0,1,0,2,0.0835,0,0,0,0
6,69,2,1,0,13,0.3687,0,0,0,0
260,10,0,0,0,42,0.2562,0,0,0,0
252,2,6,1,0,38,0.5516,1,1,1,3
198,35,4,3,0,29,0.019,1,0,0,1
308,14,0,1,0,33,0.3422,0,0,0,0
172,54,1,0,0,2,0.0595,1,0,0,1
175,56,1,2,1,45,0.0618,0,0,0,0
145,78,2,1,0,35,0.2421,1,1,1,3
343,42,1,2,1,55,0.3408,0,0,0,0
23,30,3,0,1,59,0.3451,1,1,1,3
331,73,3,3,0,44,0.0944,0,0,0,0
280,89,3,2,0,23,0.2037,0,0,0,0
343,40,2,1,0,3,0.2205,0,0,0,0
190,114,2,0,0,27,0.1143,0,0,0,0
371,96,3,2,0,16,0.2018,0,0,0,0
11,45,4,1,0,37,0.221,0,0,0,0
48,11,4,1,0,27,0.0637,1,0,0,1
337,81,3,1,0,40,0.1923,1,0,0,1
90,96,1,1,0,40,0.1685,0,0,0,0
175,18,4,3,0,24,0.2829,1,1,0,2
199,35,3,0,0,30,0.4985,1,0,0,1
79,82,2,0,1,22,0.4483,1,1,1,3
54,114,3,1,0,58,0.4174,0,0,0,0
349,113,2,2,1,21,0.2369,0,0,0,0
243,35,3,3,0,30,0.1764,0,0,0,0
82,98,3,3,1,10,0.3006,1,0,0,1
353,113,2,2,0,4,0.4668,1,0,0,1
113,55,2,2,0,42,0.1898,0,0,0,0
41,28,2,1,0,26,0.5736,1,0,0,1
187,80,2,3,1,55,0.3642,0,0,0,0
42,50,1,0,0,55,0.3262,0,0,0,0
385,58,3,1,0,28,0.1641,0,0,0,0
8,40,2,3,0,38,0.1877,0,0,0,0
190,104,4,0,0,47,0.2352,1,1,0,2
4,24,3,2,0,53,0.2444,1,0,0,1
221,19,1,0,0,41,0.2197,0,0,0,0
278,76,4,2,0,22,0.5493,1,1,1,3
394,37,3,1,0,18,0.2521,1,0,0,1
268,30,2,0,1,54,0.2795,0,0,0,0
68,23,4,2,0,54,0.444,1,0,0,1
87,106,3,1,0,19,0.3182,1,1,0,2
150,77,3,1,0,38,0.2328,1,0,0,1
40,96,3,1,1,14,0.3821,1,1,0,2
172,102,0,2,1,51,0.2961,0,0,0,0
106,79,1,2,1,55,0.329,0,0,0,0
97,90,1,0,0,50,0.2322,0,0,0,0
108,51,2,1,0,58,0.4282,0,0,0,0
220,91,3,1,0,58,0.186,1,1,0,2
23,58,2,1,0,49,0.2765,0,0,0,0
352,94,0,1,0,5,0.0646,0,0,0,0
346,73,3,3,0,33,0.1942,1,1,0,2
356,11,3,1,0,28,0.2489,1,0,0,1
321,89,3,3,1,44,0.5483,1,0,0,1
51,92,2,2,0,15,0.4326,1,1,0,2
49,9,2,1,0,15,0.2916,0,0,0,0
297,55,2,3,0,32,0.2426,1,0,0,1
310,95,2,0,1,6,0.3783,1,0,0,1
296,115,1,3,0,13,0.2924,0,0,0,0
279,43,0,0,0,2,0.5281,0,0,0,0
231,80,2,2,0,32,0.4184,1,0,0,1
46,108,1,0,0,4,0.486,0,0,0,0
295,113,0,0,0,24,0.5871,0,0,0,0
127,23,5,2,0,3,0.2815,0,0,0,0
200,52,3,1,0,46,0.4435,1,1,0,2
265,6,3,2,0,30,0.5086,1,0,0,1
232,115,2,3,0,37,0.3507,0,0,0,0
39,31,4,2,0,54,0.4002,0,0,0,0
127,103,5,2,0,5,0.7626,1,1,1,3
89,69,2,2,0,53,0.1774,0,0,0,0
341,45,3,1,0,33,0.4185,1,0,0,1
42,12,2,1,0,20,0.2965,0,0,0,0
239,82,1,1,0,45,0.3606,0,0,0,0
134,44,1,1,0,31,0.1167,1,0,0,1
169,93,3,0,0,21,0.2572,1,1,1,3
143,90,4,2,0,57,0.254,0,0,0,0
142,59,4,0,0,15,0.3848,1,0,0,1
82,22,3,0,0,5,0.2403,1,1,1,3
339,68,4,1,0,57,0.2107,1,0,0,1
132,73,5,3,0,47,0.2227,1,0,0,1
194,102,1,3,0,8,0.2069,0,0,0,0
101,70,5,0,1,41,0.3084,1,1,1,3
120,34,3,2,0,29,0.5055,0,0,0,0
313,94,3,1,1,29,0.5993,1,0,0,1
89,2,3,0,0,40,0.3493,1,1,0,2
250,51,3,1,0,16,0.1463,1,0,0,1
322,102,3,3,0,34,0.2222,0,0,0,0
61,88,0,2,0,46,0.437,0,0,0,0
36,90,3,3,0,49,0.1568,0,0,0,0
208,38,3,0,0,25,0.1592,1,0,0,1
398,22,3,3,0,3,0.5208,0,0,0,0
152,111,3,0,0,41,0.2274,1,1,1,3
341,94,2,1,1,35,0.1807,0,0,0,0
394,16,3,0,1,43,0.2866,1,1,1,3
154,104,2,0,1,42,0.2278,0,0,0,0
19,40,3,0,0,24,0.6884,1,1,1,3
337,88,2,1,1,59,0.2505,0,0,0,0
344,58,2,0,0,39,0.3494,0,0,0,0
259,103,2,0,0,16,0.2979,1,1,0,2
333,15,4,3,1,8,0.6669,1,0,0,1
14,113,3,0,0,27,0.3744,1,1,1,3
194,103,5,3,0,41,0.2213,1,1,1,3
118,80,3,2,0,24,0.2209,0,0,0,0
382,64,1,1,0,28,0.0309,0,0,0,0
37,78,0,1,0,12,0.6448,0,0,0,0
395,29,3,1,0,11,0.0595,0,0,0,0
0,56,3,2,0,18,0.672,1,1,0,2
397,84,2,1,0,57,0.1466,1,0,0,1
376,70,1,2,1,31,0.0982,0,0,0,0
394,59,3,1,0,45,0.1452,0,0,0,0
40,67,0,3,0,26,0.4115,0,0,0,0
314,58,1,0,0,41,0.1454,1,0,0,1
213,58,3,1,0,41,0.2244,1,1,0,2
91,32,1,3,0,54,0.223,0,0,0,0
123,88,1,2,0,7,0.5079,0,0,0,0
38,30,2,2,0,14,0.148,0,0,0,0
32,86,3,0,0,46,0.6525,1,1,1,3
301,3,3,2,0,35,0.6152,1,0,0,1
4,70,4,0,0,38,0.1091,1,1,1,3
172,98,1,2,0,7,0.4348,0,0,0,0
164,112,0,1,1,19,0.2502,0,0,0,0
394,101,1,1,0,54,0.3366,0,0,0,0
53,51,1,1,0,51,0.3818,0,0,0,0
160,92,3,3,1,27,0.1275,1,1,1,3
181,20,3,1,0,47,0.3393,1,0,0,1
204,56,2,1,0,23,0.0837,1,1,0,2
277,20,2,0,1,8,0.2263,1,0,0,1
316,6,2,2,1,3,0.2859,1,0,0,1
129,86,3,3,0,42,0.0546,1,0,0,1
331,102,3,3,0,33,0.3027,1,0,0,1
185,58,1,2,0,35,0.1577,0,0,0,0
158,61,1,2,1,46,0.3607,1,0,0,1
189,55,2,1,0,21,0.3647,1,0,0,1
198,62,3,0,0,24,0.503,0,0,0,0
349,64,2,3,1,31,0.3447,0,0,0,0
9,10,0,3,0,10,0.4144,0,0,0,0
190,8,3,2,0,51,0.2814,1,0,0,1
153,106,0,2,1,55,0.2048,0,0,0,0
114,93,2,2,0,57,0.2628,0,0,0,0
167,3,2,3,0,46,0.3786,0,0,0,0
191,20,2,0,1,44,0.1875,1,0,0,1
12,57,1,3,1,12,0.3941,1,0,0,1
397,23,3,3,0,22,0.5085,1,1,0,2
311,74,3,3,0,25,0.0442,0,0,0,0
283,0,1,1,0,12,0.1802,0,0,0,0
218,104,5,0,0,49,0.1096,1,1,1,3
17,6,3,3,0,46,0.1461,0,0,0,0
189,38,4,2,0,36,0.5274,0,0,0,0
251,6,1,1,0,48,0.1222,0,0,0,0
281,11,3,0,0,40,0.0582,1,1,0,2
383,103,6,2,0,49,0.0463,1,1,1,3
8,79,1,1,0,38,0.1294,0,0,0,0
33,58,1,1,0,2,0.3006,0,0,0,0
165,91,4,1,0,50,0.1888,1,1,0,2
188,30,1,2,0,54,0.1766,0,0,0,0
241,26,2,1,0,26,0.4943,1,0,0,1
295,78,2,1,0,7,0.1748,1,0,0,1
218,62,4,1,1,7,0.1562,1,1,1,3
198,84,3,1,0,46,0.3882,1,1,0,2
395,22,1,0,0,8,0.1578,0,0,0,0
137,31,1,1,0,17,0.3573,0,0,0,0
284,5,4,1,1,17,0.1961,1,1,0,2
46,78,0,2,1,38,0.1843,0,0,0,0
4,15,4,2,0,42,0.1221,1,1,1,3
79,30,3,0,0,0,0.0846,1,1,1,3
318,116,4,0,0,46,0.0664,1,1,1,3
290,105,2,1,0,20,0.2761,0,0,0,0
255,37,5,1,0,1,0.6365,1,1,1,3
217,25,6,3,0,4,0.1799,1,1,1,3
14,23,5,2,0,34,0.3198,1,1,1,3
39,5,4,0,0,3,0.3569,1,1,1,3
267,33,4,1,0,29,0.0442,1,1,0,2
277,77,4,1,1,9,0.0794,1,1,0,2
7,56,2,0,0,15,0.122,1,0,0,1
144,82,1,0,0,2,0.536,0,0,0,0
291,73,3,1,0,50,0.1251,1,0,0,1
246,113,2,0,0,0,0.2165,0,0,0,0
175,51,2,1,0,40,0.0621,0,0,0,0
178,94,1,1,0,57,0.2738,0,0,0,0
376,42,4,0,0,0,0.0619,1,0,0,1
238,72,2,3,0,6,0.3,1,1,0,2
53,73,4,0,0,13,0.1609,1,0,0,1
182,58,2,1,0,34,0.2292,1,0,0,1
238,85,2,1,0,37,0.4224,0,0,0,0
381,25,5,3,1,50,0.2054,1,1,1,3
11,48,3,2,1,56,0.5419,0,0,0,0
109,84,1,1,0,9,0.3028,0,0,0,0
206,46,0,1,0,17,0.3337,0,0,0,0
153,106,0,2,1,32,0.2975,0,0,0,0
307,106,2,2,0,51,0.0813,1,0,0,1
222,118,2,0,1,14,0.2803,0,0,0,0
105,52,2,1,0,31,0.2735,1,0,0,1
297,3,2,3,0,4,0.1354,1,0,0,1
162,50,1,1,0,5,0.3406,0,0,0,0
201,102,2,0,0,25,0.7401,1,1,1,3
354,107,2,1,1,8,0.4775,1,0,0,1
89,32,2,3,0,56,0.6532,0,0,0,0
88,42,5,1,0,41,0.2046,1,1,1,3
21,40,2,1,0,32,0.3337,1,0,0,1
372,102,1,0,0,14,0.6594,1,0,0,1
369,60,1,0,0,3,0.2809,1,0,0,1
137,54,3,0,0,48,0.3646,1,0,0,1
80,14,1,0,1,47,0.3555,0,0,0,0
382,16,1,0,0,43,0.3804,0,0,0,0
364,9,3,0,0,29,0.5877,1,1,1,3
212,14,1,1,0,52,0.1118,1,0,0,1
113,57,2,1,0,54,0.0457,0,0,0,0
303,87,3,1,0,59,0.1877,1,0,0,1
63,70,3,0,0,41,0.475,1,1,1,3
40,105,4,0,0,15,0.0855,1,1,1,3
364,13,2,1,1,51,0.5678,1,0,0,1
154,19,5,1,0,17,0.1894,1,1,1,3
279,37,3,0,0,24,0.5345,0,0,0,0
244,109,2,1,1,24,0.1348,0,0,0,0
58,111,2,2,0,27,0.6495,0,0,0,0
104,29,3,0,0,24,0.4747,1,1,1,3
222,65,4,1,1,2,0.0493,1,1,1,3
214,51,3,0,1,8,0.2238,1,1,1,3
103,116,5,0,0,54,0.3685,1,1,0,2
388,51,3,2,0,23,0.127,0,0,0,0
82,0,2,0,0,47,0.1242,0,0,0,0
150,118,2,1,0,51,0.159,0,0,0,0
233,14,2,3,0,32,0.0255,0,0,0,0
166,98,2,1,0,58,0.2122,0,0,0,0
98,86,4,3,0,50,0.5219,1,1,1,3
208,52,4,2,0,56,0.4078,1,0,0,1
278,108,3,2,0,1,0.6514,1,1,1,3
123,13,2,1,0,34,0.2846,1,1,0,2
238,2,3,0,0,59,0.194,1,0,0,1
367,103,4,0,0,33,0.4385,1,1,1,3
305,0,3,1,0,3,0.0809,1,1,1,3
197,35,5,3,0,56,0.6019,1,0,0,1
252,20,4,1,0,32,0.1256,1,1,1,3
28,108,2,1,1,18,0.4944,1,0,0,1
369,66,2,1,0,9,0.2915,0,0,0,0
40,26,1,1,0,13,0.3964,0,0,0,0
46,17,0,0,0,3,0.3251,0,0,0,0
195,101,4,0,0,41,0.3716,1,1,1,3
107,56,1,1,1,14,0.5205,0,0,0,0
28,1,1,2,0,19,0.1742,0,0,0,0
151,18,4,0,0,58,0.2405,1,0,0,1
137,65,4,1,0,58,0.1582,1,1,0,2
111,59,5,0,0,1,0.1028,1,1,1,3
239,111,1,1,0,45,0.1127,0,0,0,0
120,39,4,0,0,12,0.2449,1,0,0,1
112,81,4,0,0,57,0.0817,1,1,0,2
33,67,2,0,1,35,0.2238,1,1,0,2
69,74,5,2,1,55,0.6541,1,1,1,3
85,30,1,3,0,52,0.5903,0,0,0,0
40,5,2,2,0,22,0.4151,0,0,0,0
113,16,3,1,0,32,0.4659,1,1,0,2
349,25,4,0,0,23,0.1207,1,1,0,2
43,21,2,1,0,50,0.3132,1,0,0,1
250,92,4,0,0,11,0.3278,1,1,1,3
369,37,3,0,0,37,0.3274,1,0,0,1
360,17,1,3,0,43,0.2002,0,0,0,0
257,81,0,3,0,38,0.3671,0,0,0,0
44,52,3,1,0,39,0.2659,1,0,0,1
25,118,3,1,0,22,0.1055,0,0,0,0
355,28,2,1,0,59,0.0374,0,0,0,0
166,37,1,0,0,22,0.3631,1,1,1,3
175,116,3,3,0,0,0.5818,0,0,0,0
368,60,0,0,0,2,0.6508,1,0,0,1
37,57,2,2,1,21,0.1737,1,0,0,1
234,109,3,0,1,40,0.1822,1,0,0,1
397,68,2,3,0,0,0.101,0,0,0,0
284,119,4,0,0,8,0.4791,1,1,1,3
153,0,2,3,0,0,0.3248,0,0,0,0
325,47,2,1,0,9,0.4277,0,0,0,0
50,66,1,3,0,29,0.112,0,0,0,0
399,6,1,3,0,38,0.2195,0,0,0,0
74,92,3,2,1,37,0.1247,1,1,0,2
106,36,1,1,0,9,0.1288,1,0,0,1
31,52,4,1,1,28,0.3111,1,1,1,3
190,104,4,0,0,45,0.185,1,1,1,3
317,33,5,2,0,59,0.2736,1,1,0,2
349,23,3,0,1,51,0.6569,1,1,1,3
315,46,0,0,0,24,0.5067,0,0,0,0
241,25,8,3,0,8,0.217,1,1,1,3
160,62,3,0,0,55,0.3905,0,0,0,0
154,57,2,2,1,45,0.1916,0,0,0,0
9,88,0,1,0,5,0.3208,1,0,0,1
77,86,3,2,0,32,0.6154,0,0,0,0
276,67,1,1,1,1,0.254,0,0,0,0
364,46,0,3,0,31,0.1085,0,0,0,0
278,82,1,1,0,1,0.1312,1,0,0,1
190,8,3,2,0,1,0.4396,0,0,0,0
80,75,3,1,0,47,0.1685,1,0,0,1
16,17,3,3,0,32,0.5611,1,0,0,1
255,89,4,3,0,31,0.1869,1,0,0,1
184,20,3,1,0,16,0.2633,1,0,0,1
17,56,3,1,0,12,0.0968,0,0,0,0
352,80,2,3,1,42,0.5287,1,0,0,1
179,73,3,1,0,34,0.3434,1,1,0,2
70,38,3,3,0,55,0.5038,0,0,0,0
163,70,1,1,0,0,0.4326,1,0,0,1
252,92,4,2,0,19,0.2915,1,1,1,3
97,13,1,2,0,37,0.0668,0,0,0,0
177,55,3,1,0,33,0.1966,1,0,0,1
8,60,1,2,0,6,0.0699,1,0,0,1
140,30,3,0,0,30,0.2061,1,1,1,3
58,91,2,1,0,57,0.159,0,0,0,0
256,62,4,2,0,9,0.494,1,1,0,2
307,37,3,1,0,45,0.1102,1,0,0,1
157,34,5,2,1,25,0.8546,1,1,1,3
224,111,3,1,0,49,0.4284,1,0,0,1
359,45,2,0,0,57,0.3914,0,0,0,0
247,47,0,2,0,44,0.203,0,0,0,0
388,41,4,2,0,36,0.1303,1,1,1,3
109,19,2,0,0,30,0.0285,0,0,0,0
71,75,2,1,0,34,0.2174,1,1,1,3
11,41,3,1,0,14,0.0573,1,1,1,3
12,87,0,2,0,44,0.1659,0,0,0,0
69,23,4,1,1,7,0.1045,1,1,1,3
287,106,3,1,1,48,0.4373,1,1,1,3
149,98,3,3,0,0,0.1546,1,0,0,1
312,38,0,0,0,42,0.6771,0,0,0,0
88,89,2,1,0,34,0.1015,0,0,0,0
182,90,1,3,1,6,0.2143,0,0,0,0
356,71,1,1,0,32,0.4727,1,0,0,1
391,103,3,2,1,27,0.1882,0,0,0,0
249,68,1,0,0,45,0.2391,1,0,0,1
333,5,5,1,0,13,0.1695,1,1,1,3
153,76,3,3,0,22,0.2284,0,0,0,0
211,104,4,1,0,15,0.1173,1,0,0,1
88,109,3,1,1,39,0.2368,1,0,0,1
376,28,1,2,0,8,0.3766,0,0,0,0
70,97,1,0,1,15,0.3322,1,1,0,2
195,65,4,0,0,42,0.4753,1,1,0,2
276,49,3,2,0,36,0.6723,1,0,0,1
147,38,3,3,0,29,0.0936,1,0,0,1
282,2,3,1,0,24,0.0938,0,0,0,0
109,49,1,0,0,58,0.13,0,0,0,0
122,28,0,1,0,31,0.3209,0,0,0,0
18,69,1,2,0,40,0.2742,0,0,0,0
193,80,3,1,0,33,0.3724,1,1,0,2
247,64,1,2,0,26,0.5096,0,0,0,0
14,45,4,1,0,16,0.3038,1,1,1,3
20,52,4,1,0,11,0.075,1,1,1,3
171,29,3,1,1,42,0.2759,1,1,0,2
61,108,1,3,0,54,0.549,0,0,0,0
257,29,1,1,1,53,0.675,1,0,0,1
318,64,1,0,0,39,0.4029,0,0,0,0
355,100,4,1,0,22,0.0542,1,1,1,3
349,87,3,1,0,44,0.0908,1,0,0,1
218,25,4,2,0,12,0.141,1,1,0,2
161,29,2,2,1,22,0.1866,0,0,0,0
382,57,0,2,1,24,0.4802,0,0,0,0
334,80,3,2,0,41,0.5556,0,0,0,0
106,11,1,3,0,50,0.1557,0,0,0,0
165,89,2,3,1,6,0.2123,0,0,0,0
197,56,2,1,0,47,0.6419,1,0,0,1
147,43,2,2,0,4,0.2151,1,1,0,2
228,37,5,1,0,37,0.0275,1,1,1,3
304,15,1,3,0,21,0.2556,0,0,0,0
105,98,2,1,0,29,0.2693,1,0,0,1
277,70,3,2,0,0,0.3162,0,0,0,0
228,96,5,0,0,38,0.198,1,1,1,3
61,57,5,0,0,43,0.2716,1,1,1,3
78,71,1,1,0,23,0.5124,0,0,0,0
395,114,2,1,0,15,0.4566,1,1,1,3
272,76,3,2,1,55,0.3616,1,0,0,1
360,115,1,3,0,37,0.4239,0,0,0,0
354,25,3,0,0,36,0.4213,1,1,1,3
172,78,1,1,1,25,0.1094,0,0,0,0
175,102,2,0,0,42,0.1476,1,0,0,1
386,9,3,3,0,54,0.245,0,0,0,0
261,39,3,2,0,37,0.0827,1,0,0,1
365,33,3,0,0,12,0.4005,1,1,1,3
60,14,1,3,0,35,0.1306,0,0,0,0
237,58,1,1,1,10,0.2919,0,0,0,0
92,71,1,1,1,49,0.1743,0,0,0,0
73,52,2,1,0,1,0.151,1,0,0,1
383,81,4,2,0,54,0.2306,0,0,0,0
78,88,1,2,0,19,0.206,0,0,0,0
38,115,3,1,1,39,0.1274,1,1,1,3
59,33,3,1,0,30,0.328,0,0,0,0
9,110,2,1,0,57,0.2748,0,0,0,0
218,83,2,1,1,40,0.2546,1,0,0,1
105,109,2,0,1,56,0.0945,1,1,0,2
30,36,2,1,0,21,0.186,1,1,0,2
391,4,2,1,0,2,0.5717,0,0,0,0
142,95,2,3,0,55,0.2578,0,0,0,0
94,107,1,0,0,44,0.5088,1,1,0,2
46,93,1,1,0,49,0.2816,0,0,0,0
398,94,2,1,0,59,0.4552,0,0,0,0
350,107,2,1,0,20,0.3907,0,0,0,0
380,14,1,3,0,46,0.1963,0,0,0,0
177,49,3,1,0,32,0.2591,1,1,0,2
226,14,0,3,0,11,0.1124,0,0,0,0
122,93,1,0,0,19,0.1185,1,0,0,1
225,90,3,0,0,43,0.1977,0,0,0,0
43,107,2,0,0,8,0.5653,1,0,0,1
178,21,0,2,0,19,0.2973,0,0,0,0
283,81,1,2,1,44,0.1448,0,0,0,0
13,57,5,0,0,35,0.1573,1,1,0,2
192,106,2,0,0,31,0.1871,1,1,0,2
183,66,4,0,0,6,0.1481,1,1,1,3
39,70,4,0,0,21,0.1445,1,1,1,3
307,51,2,1,0,24,0.0472,0,0,0,0
42,77,1,0,0,53,0.2768,0,0,0,0
238,82,2,3,0,27,0.4698,0,0,0,0
205,27,5,2,1,35,0.1158,1,1,1,3
36,14,0,0,0,44,0.1378,0,0,0,0
322,45,4,2,0,32,0.0393,0,0,0,0
75,38,0,1,0,3,0.1808,0,0,0,0
186,107,3,2,0,2,0.0674,0,0,0,0
138,29,3,1,0,5,0.5598,1,1,1,3
391,111,1,0,1,24,0.3575,0,0,0,0
65,41,0,1,0,19,0.5807,0,0,0,0
385,21,2,2,0,28,0.1363,0,0,0,0
381,7,4,3,1,5,0.3777,1,0,0,1
320,80,3,0,0,28,0.5062,1,1,0,2
182,9,3,0,0,49,0.4686,0,0,0,0
323,87,4,0,0,35,0.3038,1,1,1,3
66,78,0,2,0,42,0.2351,0,0,0,0
91,72,1,3,0,35,0.0847,0,0,0,0
331,65,3,0,0,36,0.2408,0,0,0,0
112,104,4,2,0,54,0.1674,1,1,0,2
258,118,2,1,0,9,0.1438,0,0,0,0
190,74,4,1,0,31,0.2251,1,0,0,1
248,52,2,1,0,32,0.3177,0,0,0,0
297,84,2,2,0,35,0.3997,0,0,0,0
72,21,2,1,1,1,0.3111,1,0,0,1
384,15,0,2,0,25,0.167,0,0,0,0
391,42,3,1,0,36,0.4036,1,1,1,3
111,112,2,1,1,15,0.2621,1,1,1,3
299,43,2,2,0,59,0.2842,0,0,0,0
244,68,2,0,1,27,0.4969,1,1,1,3
283,107,3,1,0,52,0.2385,1,0,0,1
158,81,2,2,1,51,0.0415,0,0,0,0
263,6,3,2,0,15,0.2345,0,0,0,0
43,104,2,1,0,34,0.221,0,0,0,0
243,82,2,3,0,6,0.1861,0,0,0,0
150,106,1,1,0,33,0.3048,1,0,0,1
119,5,3,2,0,40,0.2346,1,1,0,2
279,83,0,0,0,58,0.0675,0,0,0,0
109,37,3,2,0,24,0.1511,0,0,0,0
148,42,3,2,0,11,0.6606,1,1,0,2
55,80,3,1,0,17,0.1134,1,0,0,1
169,54,2,0,0,34,0.1505,0,0,0,0
107,69,0,2,0,31,0.3432,0,0,0,0
258,21,3,1,0,38,0.1632,1,1,0,2
301,20,2,2,1,3,0.0511,1,0,0,1
111,79,1,1,1,20,0.1535,0,0,0,0
89,71,1,2,0,34,0.5956,1,1,0,2
368,56,1,1,0,56,0.3507,0,0,0,0
141,104,2,0,0,5,0.3366,1,1,0,2
124,116,5,0,0,7,0.2312,1,1,1,3
93,22,3,3,0,27,0.2702,1,1,0,2
144,35,2,0,0,39,0.2072,0,0,0,0
191,30,2,3,0,14,0.3364,0,0,0,0
66,101,1,0,0,26,0.0877,0,0,0,0
342,113,0,0,0,3,0.1666,0,0,0,0
24,104,5,2,0,14,0.1981,1,1,1,3
12,55,0,0,0,35,0.6027,0,0,0,0
303,102,2,0,0,0,0.2108,1,1,0,2
217,32,3,3,0,17,0.4094,1,1,0,2
128,119,3,3,0,13,0.3144,0,0,0,0
356,51,2,1,0,28,0.2042,0,0,0,0
365,99,1,1,0,26,0.1232,1,0,0,1
161,36,2,1,1,37,0.0818,1,1,0,2
111,33,3,0,0,14,0.4486,1,1,0,2
92,4,3,1,0,36,0.1581,0,0,0,0
51,101,3,1,0,53,0.2956,1,1,0,2
171,65,2,2,0,46,0.0612,0,0,0,0
208,106,3,2,1,59,0.2111,0,0,0,0
212,30,1,1,1,6,0.186,0,0,0,0
42,6,2,2,1,1,0.3156,0,0,0,0
103,61,3,3,0,44,0.3023,0,0,0,0
161,98,4,0,1,27,0.4425,1,1,1,3
52,26,1,0,0,49,0.1202,1,0,0,1
9,42,3,0,0,37,0.1505,1,1,0,2
227,87,2,1,0,46,0.1216,1,0,0,1
317,106,2,1,1,23,0.1356,1,0,0,1
225,38,2,3,0,18,0.1605,0,0,0,0
51,81,2,2,0,4,0.1756,0,0,0,0
293,85,2,1,1,6,0.1612,0,0,0,0
59,16,3,0,1,36,0.4172,1,0,0,1
160,72,1,3,0,9,0.1053,0,0,0,0
91,55,2,0,0,40,0.2344,1,0,0,1
132,100,4,0,0,18,0.1564,1,1,1,3
287,31,3,2,0,7,0.2592,0,0,0,0
364,54,2,2,0,36,0.1754,0,0,0,0
1,103,2,1,0,18,0.1922,1,0,0,1
149,53,2,2,0,37,0.3282,1,1,0,2
15,5,3,1,1,55,0.1951,1,1,1,3
344,97,3,2,0,33,0.1369,0,0,0,0
92,84,1,0,0,48,0.1179,0,0,0,0
205,51,3,1,0,35,0.0604,0,0,0,0
264,27,5,0,0,25,0.2631,1,1,1,3
78,79,0,2,0,48,0.7902,0,0,0,0
51,43,1,1,1,0,0.4167,1,0,0,1
117,31,3,2,0,49,0.2735,1,0,0,1
392,50,1,1,0,7,0.1976,0,0,0,0
382,34,0,0,1,28,0.3456,0,0,0,0
354,80,2,3,0,10,0.207,0,0,0,0
163,82,0,0,0,55,0.1681,0,0,0,0
105,35,4,1,0,49,0.1334,1,1,1,3
118,58,2,0,1,27,0.1499,1,1,0,2
127,98,5,2,0,5,0.0897,1,1,1,3
164,27,5,3,0,2,0.2025,1,1,1,3
38,62,6,1,0,52,0.0403,1,1,1,3
252,31,4,1,0,47,0.2432,1,1,1,3
45,29,2,1,0,2,0.1806,0,0,0,0
234,19,5,2,1,56,0.1359,1,1,1,3
231,67,2,1,0,10,0.2264,0,0,0,0
359,86,3,2,0,48,0.1223,1,0,0,1
380,39,4,3,0,6,0.381,1,1,0,2
192,3,1,1,1,8,0.286,0,0,0,0
243,74,1,0,0,44,0.3079,0,0,0,0
280,46,2,2,1,51,0.2248,0,0,0,0
157,115,4,3,0,38,0.2118,0,0,0,0
105,89,2,2,0,57,0.3084,0,0,0,0
325,15,2,1,1,35,0.1835,1,1,0,2
349,90,4,3,0,27,0.0935,1,1,0,2
15,50,0,0,0,8,0.434,1,0,0,1
292,87,4,1,0,38,0.3013,1,1,0,2
197,107,3,2,0,39,0.1871,0,0,0,0
47,7,3,2,1,6,0.1115,1,0,0,1
242,33,5,1,1,20,0.2684,1,0,0,1
356,100,5,1,0,1,0.1549,1,1,1,3
105,106,3,1,0,47,0.2456,1,0,0,1
279,14,1,1,0,1,0.0288,0,0,0,0
328,28,2,1,1,10,0.3521,0,0,0,0
157,21,3,2,0,13,0.1848,1,0,0,1
247,118,1,1,0,56,0.1016,0,0,0,0
308,56,3,1,0,51,0.2156,1,1,0,2
106,58,1,1,0,30,0.366,0,0,0,0
370,100,6,3,0,3,0.1159,1,1,1,3
142,110,4,1,1,11,0.1523,1,1,1,3
261,74,4,1,0,19,0.1469,1,1,0,2
94,110,0,1,0,58,0.5355,0,0,0,0
57,112,1,0,0,49,0.1872,0,0,0,0
15,41,1,1,1,24,0.1813,0,0,0,0
377,6,3,2,0,36,0.3877,0,0,0,0
30,59,5,1,1,39,0.1103,1,1,1,3
144,75,1,1,0,7,0.1458,0,0,0,0
353,107,2,1,0,47,0.3175,0,0,0,0
257,78,0,2,0,48,0.6181,0,0,0,0
341,90,3,1,0,45,0.0991,1,1,0,2
99,2,2,3,0,15,0.2393,0,0,0,0
45,29,2,1,0,27,0.2085,1,1,0,2
325,87,4,1,0,37,0.1568,1,1,1,3
313,15,1,1,0,9,0.417,0,0,0,0
167,44,2,1,0,0,0.2247,1,1,0,2
69,118,3,1,0,24,0.1543,1,1,1,3
190,33,4,1,1,53,0.2748,1,0,0,1
384,17,2,2,0,7,0.5795,1,0,0,1
294,59,2,3,0,46,0.2968,0,0,0,0
166,104,2,1,0,48,0.3596,0,0,0,0
106,66,2,0,0,15,0.4873,0,0,0,0
373,4,1,3,0,24,0.0695,0,0,0,0
44,54,2,1,0,21,0.1627,0,0,0,0
231,15,1,2,1,56,0.263,0,0,0,0
217,20,4,0,0,21,0.1769,1,1,0,2
257,14,1,3,0,53,0.4231,0,0,0,0
72,40,2,3,0,20,0.1786,0,0,0,0
91,40,1,3,0,19,0.0496,0,0,0,0
160,68,2,3,0,34,0.1422,0,0,0,0
197,5,3,2,0,31,0.3763,0,0,0,0
355,104,4,0,0,11,0.3264,1,1,1,3
115,66,0,2,0,11,0.2173,0,0,0,0
262,22,2,2,0,33,0.1492,1,1,0,2
319,109,3,1,0,35,0.2633,1,1,0,2
258,67,1,3,0,17,0.3747,0,0,0,0
157,94,3,1,0,42,0.0415,1,1,0,2
333,20,3,3,0,54,0.5039,0,0,0,0
177,4,6,1,0,30,0.3958,1,1,1,3
44,33,2,0,0,45,0.3442,0,0,0,0
89,98,4,3,1,49,0.144,1,1,0,2
186,91,5,2,0,12,0.2184,1,1,1,3
150,70,3,0,0,24,0.2778,0,0,0,0
312,35,1,0,0,38,0.2384,1,0,0,1
29,45,3,2,0,20,0.0884,0,0,0,0
238,18,4,0,0,22,0.1288,1,1,0,2
41,0,2,1,0,34,0.1699,1,0,0,1
89,85,4,1,0,18,0.2992,1,1,1,3
99,16,2,2,0,52,0.2177,0,0,0,0
106,50,0,2,0,59,0.5066,0,0,0,0
212,103,3,1,0,48,0.4077,0,0,0,0
273,72,3,2,0,17,0.256,1,0,0,1
218,21,4,0,1,35,0.4301,1,1,1,3
314,118,2,1,0,48,0.3179,0,0,0,0
396,89,2,3,0,21,0.3905,1,0,0,1
12,104,1,1,1,0,0.231,1,1,1,3
332,53,2,1,1,43,0.6546,1,1,0,2
78,59,4,3,0,25,0.5154,1,0,0,1
104,43,2,1,0,2,0.4821,0,0,0,0
369,119,3,1,0,17,0.0629,0,0,0,0
71,44,3,1,0,1,0.0763,1,1,0,2
106,48,1,0,0,15,0.289,0,0,0,0
248,71,1,2,0,53,0.2145,0,0,0,0
116,117,1,0,0,25,0.2874,0,0,0,0
237,20,1,1,0,0,0.2365,0,0,0,0
358,5,2,2,0,28,0.5959,1,1,0,2
385,46,1,3,1,56,0.3035,0,0,0,0
260,31,2,3,1,36,0.669,0,0,0,0
176,112,3,0,0,8,0.1511,1,0,0,1
236,54,3,2,0,52,0.3143,0,0,0,0
378,25,6,0,0,45,0.3666,1,1,1,3
41,6,3,2,0,9,0.0232,1,1,0,2
45,42,1,0,0,21,0.0334,0,0,0,0
133,8,2,1,0,41,0.1588,0,0,0,0
153,101,0,3,0,11,0.1394,0,0,0,0
122,72,1,2,0,19,0.5472,0,0,0,0
181,69,3,1,0,13,0.1609,1,0,0,1
279,109,1,0,0,6,0.5618,0,0,0,0
190,10,3,2,0,6,0.4314,1,1,1,3
282,87,3,1,0,4,0.2568,1,0,0,1
31,44,5,0,1,29,0.2796,1,1,1,3
178,93,3,2,0,44,0.0575,1,1,0,2
205,17,2,1,0,17,0.4795,0,0,0,0
217,57,4,3,1,22,0.0812,0,0,0,0
37,86,1,1,0,31,0.4758,0,0,0,0
211,73,3,1,0,51,0.1763,0,0,0,0
180,76,4,2,0,2,0.2208,1,0,0,1
154,4,3,1,0,16,0.247,1,1,1,3
283,53,2,1,0,35,0.6407,1,0,0,1
255,79,1,2,1,14,0.1717,0,0,0,0
232,24,3,3,1,35,0.1748,1,0,0,1
186,51,3,2,0,15,0.3673,1,0,0,1
363,73,2,2,0,45,0.1551,0,0,0,0
141,106,2,0,0,4,0.5464,1,0,0,1
69,64,2,2,1,34,0.2989,0,0,0,0
5,71,1,1,0,19,0.2044,0,0,0,0
393,82,0,0,0,35,0.3401,1,0,0,1
136,31,3,0,0,26,0.172,0,0,0,0
311,63,0,0,0,44,0.1079,0,0,0,0
198,26,1,1,0,50,0.231,0,0,0,0
164,7,3,3,0,57,0.0785,0,0,0,0
167,10,1,0,0,1,0.152,0,0,0,0
243,2,3,0,0,40,0.1019,1,1,1,3
327,50,1,1,1,20,0.1331,1,0,0,1
335,4,5,3,0,23,0.7763,0,0,0,0
204,44,2,0,0,57,0.1847,0,0,0,0
370,2,5,3,1,28,0.3347,1,0,0,1
48,2,5,1,0,56,0.2348,1,0,0,1
177,86,5,1,0,1,0.2208,1,1,1,3
41,42,3,1,0,40,0.2368,1,1,0,2
361,84,1,1,1,53,0.0531,0,0,0,0
39,41,4,0,0,55,0.1732,1,0,0,1
38,42,5,1,0,33,0.115,1,0,0,1
183,6,4,0,0,10,0.0913,1,1,0,2
138,29,3,1,0,43,0.2189,1,1,1,3
78,9,4,0,0,12,0.3966,1,1,1,3
31,118,3,1,0,10,0.1228,1,1,1,3
3,15,3,0,0,14,0.3318,1,1,1,3
311,73,2,0,1,40,0.1624,1,0,0,1
278,118,2,1,0,58,0.6504,1,0,0,1
157,53,3,1,0,51,0.2403,1,1,0,2
283,35,4,2,0,5,0.1714,1,1,0,2
171,32,2,1,0,46,0.3902,0,0,0,0
236,18,5,3,0,35,0.2537,1,1,1,3
185,68,3,3,0,43,0.1503,0,0,0,0
126,78,1,2,0,39,0.413,0,0,0,0
8,44,3,2,0,48,0.2392,1,0,0,1
6,17,3,1,0,36,0.2966,1,1,1,3
73,89,2,0,0,19,0.4558,0,0,0,0
136,36,1,2,0,35,0.1932,0,0,0,0
9,71,1,2,0,10,0.1885,1,0,0,1
93,111,2,2,0,12,0.2837,0,0,0,0
378,68,4,0,1,7,0.0276,1,1,1,3
268,91,2,1,1,5,0.4043,0,0,0,0
286,1,3,0,1,35,0.8466,1,1,1,3
342,15,2,1,0,25,0.2689,0,0,0,0
3,7,3,3,0,1,0.2266,1,0,0,1
129,83,1,1,0,22,0.3898,0,0,0,0
348,63,2,0,0,31,0.2336,0,0,0,0
26,87,3,2,0,25,0.1433,0,0,0,0
4,85,5,1,0,39,0.5587,1,1,1,3
123,99,3,2,0,40,0.5056,0,0,0,0
233,27,8,3,0,13,0.1835,1,1,1,3
230,58,2,0,0,17,0.3548,0,0,0,0
89,38,3,3,1,23,0.3026,0,0,0,0
52,36,2,1,1,58,0.1041,1,0,0,1
104,13,2,1,1,9,0.2993,0,0,0,0
251,30,1,1,0,37,0.3531,0,0,0,0
314,73,0,1,0,11,0.0331,0,0,0,0
49,84,1,1,1,36,0.5339,0,0,0,0
368,119,1,1,0,29,0.3319,0,0,0,0
315,17,0,0,0,35,0.3525,0,0,0,0
310,23,3,0,0,59,0.2079,0,0,0,0
78,56,3,2,0,35,0.2325,1,1,1,3
269,34,3,1,0,40,0.166,1,0,0,1
56,103,4,3,0,14,0.4539,0,0,0,0
284,23,6,0,0,10,0.1192,1,1,1,3
86,0,2,0,1,54,0.1791,1,0,0,1
297,4,4,3,0,22,0.2347,0,0,0,0
56,27,6,3,0,0,0.3603,1,1,1,3
50,64,1,0,0,38,0.293,1,0,0,1
17,59,5,0,0,17,0.3319,1,1,1,3
264,59,4,3,1,47,0.2207,1,0,0,1
216,16,2,0,0,17,0.2334,0,0,0,0
235,8,2,2,0,12,0.3276,1,0,0,1
59,52,1,0,0,8,0.1509,0,0,0,0
366,55,3,3,1,34,0.2613,1,1,0,2
77,80,5,2,0,55,0.4364,1,1,1,3
221,60,0,2,0,6,0.1825,0,0,0,0
254,15,3,1,1,33,0.111,1,1,0,2
196,24,3,3,0,10,0.2775,0,0,0,0
367,17,1,3,0,41,0.3173,0,0,0,0
389,22,2,1,0,28,0.275,0,0,0,0
41,87,4,1,1,39,0.2905,1,1,1,3
58,4,4,3,0,12,0.1872,1,0,0,1
385,17,2,3,0,29,0.3189,0,0,0,0
117,33,5,2,0,28,0.114,0,0,0,0
160,109,3,2,0,44,0.3771,1,0,0,1
154,24,0,1,0,22,0.1434,0,0,0,0
370,1,4,0,0,54,0.6624,1,1,0,2
399,88,1,1,0,40,0.0945,1,0,0,1
230,15,3,2,0,54,0.1671,0,0,0,0
286,96,3,2,0,6,0.1676,1,1,0,2
333,14,1,0,0,31,0.3579,0,0,0,0
249,115,2,3,0,39,0.0832,0,0,0,0
223,60,1,2,0,8,0.4116,1,0,0,1
76,69,1,2,1,4,0.0809,1,0,0,1
224,3,3,2,1,34,0.2334,0,0,0,0
120,91,3,1,0,54,0.237,0,0,0,0
215,78,1,1,0,37,0.0735,0,0,0,0
346,119,4,3,0,40,0.2117,1,0,0,1
100,27,4,2,0,11,0.1193,0,0,0,0
165,1,3,0,0,17,0.083,1,1,1,3
98,18,3,3,0,10,0.0618,0,0,0,0
166,116,2,2,0,8,0.0649,1,0,0,1
81,47,2,2,1,24,0.2988,1,1,1,3
207,26,2,2,0,16,0.1995,0,0,0,0
109,53,3,2,0,43,0.108,0,0,0,0
182,12,2,1,1,41,0.4173,1,0,0,1
326,89,3,2,0,42,0.2733,0,0,0,0
50,25,4,3,0,48,0.2409,1,1,0,2
259,51,2,1,0,4,0.5267,0,0,0,0
227,20,1,3,0,5,0.3492,1,0,0,1
273,102,2,2,0,31,0.1469,0,0,0,0
216,103,4,2,0,38,0.3139,1,1,0,2
170,73,1,0,0,50,0.0606,1,1,0,2
47,93,1,0,0,4,0.314,1,0,0,1
378,82,2,0,1,53,0.4916,1,1,0,2
166,15,0,2,1,30,0.2555,0,0,0,0
336,1,5,3,0,50,0.1904,0,0,0,0
59,85,3,0,1,4,0.3052,1,1,1,3
342,68,2,2,1,45,0.2484,0,0,0,0
284,44,4,1,0,22,0.1293,1,1,0,2
20,34,4,1,0,2,0.225,1,1,1,3
330,104,2,0,0,52,0.3308,0,0,0,0
388,104,2,1,0,48,0.4929,1,1,0,2
159,37,3,1,0,51,0.3392,1,0,0,1
137,52,1,0,0,16,0.3939,0,0,0,0
249,70,1,1,0,38,0.2055,0,0,0,0
394,119,2,2,1,56,0.6112,0,0,0,0
137,16,2,0,0,14,0.0928,0,0,0,0
298,95,3,1,1,10,0.1604,1,1,1,3
271,63,3,2,0,12,0.1458,1,1,0,2
156,23,4,1,0,53,0.315,1,0,0,1
345,46,2,0,0,42,0.2094,0,0,0,0
325,57,5,2,0,49,0.063,1,1,1,3
161,31,4,3,0,59,0.4049,1,0,0,1
173,29,4,2,0,3,0.6116,1,1,1,3
276,47,1,2,1,6,0.4945,0,0,0,0
320,81,2,3,1,24,0.4235,1,0,0,1
261,88,1,0,0,43,0.4135,0,0,0,0
350,41,3,1,0,56,0.1612,1,0,0,1
312,16,1,2,0,59,0.2648,0,0,0,0
49,40,0,1,0,25,0.2202,0,0,0,0
360,52,2,2,1,2,0.1738,0,0,0,0
41,105,4,1,0,19,0.1813,0,0,0,0
40,107,1,2,0,10,0.2804,0,0,0,0
226,71,2,2,0,52,0.0955,0,0,0,0
196,3,4,3,0,25,0.4909,1,1,0,2
263,52,3,0,0,15,0.0406,1,0,0,1
238,100,3,0,0,34,0.0676,0,0,0,0
305,59,3,1,0,14,0.406,1,0,0,1
6,15,2,1,0,40,0.1013,0,0,0,0
22,77,4,1,0,2,0.4592,1,1,1,3
293,117,1,1,0,44,0.2586,0,0,0,0
52,8,3,2,0,31,0.212,1,0,0,1
371,23,5,0,0,11,0.2026,1,1,1,3
279,84,2,1,0,41,0.3049,0,0,0,0
248,5,3,2,0,55,0.104,1,0,0,1
278,84,2,1,0,20,0.0919,0,0,0,0
180,73,2,1,1,32,0.2063,1,1,0,2
343,9,3,1,0,44,0.2905,0,0,0,0
284,44,4,1,0,50,0.2691,1,0,0,1
88,66,3,2,1,5,0.168,1,0,0,1
267,38,2,2,0,17,0.1436,0,0,0,0
309,78,2,1,0,58,0.1085,0,0,0,0
144,26,1,2,0,2,0.3458,1,0,0,1
91,21,0,1,0,38,0.4114,0,0,0,0
0,102,2,0,0,44,0.4705,0,0,0,0
278,53,4,0,1,33,0.5985,1,1,1,3
233,35,7,3,1,47,0.2674,1,1,1,3
92,90,4,1,0,40,0.72,1,1,1,3
221,48,0,3,0,45,0.2673,0,0,0,0
267,74,5,1,0,39,0.0373,1,1,0,2
100,83,2,1,0,37,0.2046,0,0,0,0
395,97,2,0,0,55,0.3536,1,0,0,1
397,16,3,1,0,14,0.1531,0,0,0,0
329,24,3,1,0,52,0.5582,1,1,1,3
388,13,3,2,0,52,0.3819,1,1,0,2
231,95,1,1,1,27,0.284,0,0,0,0
120,98,5,0,0,8,0.1097,1,1,1,3
194,21,1,1,0,10,0.2217,0,0,0,0
288,38,2,3,0,24,0.3916,0,0,0,0
171,110,1,1,0,28,0.4936,0,0,0,0
217,111,4,1,0,8,0.1401,1,1,1,3
237,47,0,1,0,59,0.3047,0,0,0,0
249,1,2,0,0,38,0.1505,0,0,0,0
284,52,4,2,0,16,0.3157,1,1,0,2
297,80,4,3,0,34,0.1341,1,1,1,3
257,12,2,2,0,42,0.2539,1,0,0,1
106,46,2,3,1,25,0.5065,1,0,0,1
15,105,2,1,0,16,0.3481,0,0,0,0
67,67,0,2,0,7,0.2549,0,0,0,0
61,94,1,1,0,5,0.4499,0,0,0,0
295,95,1,2,0,52,0.5304,0,0,0,0
283,58,1,1,0,49,0.2536,1,0,0,1
345,114,2,1,0,49,0.4009,1,1,0,2
262,69,1,0,0,15,0.3275,0,0,0,0
393,91,3,1,1,34,0.151,1,1,1,3
42,65,0,1,0,40,0.1507,0,0,0,0
343,2,3,2,1,35,0.2966,1,1,0,2
69,106,3,1,0,1,0.5707,1,1,0,2
24,90,5,3,0,5,0.2234,1,1,1,3
225,24,3,0,0,7,0.3641,1,1,1,3
313,41,3,1,0,16,0.1944,1,1,0,2
225,22,1,0,0,9,0.1515,0,0,0,0
302,65,5,2,1,20,0.3333,1,1,1,3
321,29,4,2,0,3,0.1206,1,1,0,2
233,85,5,1,0,22,0.2845,1,1,1,3
62,57,5,2,1,21,0.3502,1,1,1,3
61,21,2,2,0,5,0.1323,0,0,0,0
191,47,1,0,0,25,0.076,0,0,0,0
301,7,4,1,0,20,0.7716,1,1,1,3
116,82,0,0,0,59,0.1764,0,0,0,0
76,88,1,1,0,10,0.3408,1,0,0,1
79,54,3,2,0,52,0.2945,1,0,0,1
33,77,1,2,0,22,0.2606,0,0,0,0
70,35,6,3,0,21,0.0758,1,1,1,3
202,106,1,1,0,32,0.134,1,1,0,2
261,24,2,1,1,24,0.3549,0,0,0,0
325,5,5,1,0,42,0.2354,1,1,1,3
177,50,1,0,0,35,0.1652,0,0,0,0
67,82,2,2,0,25,0.2594,0,0,0,0
251,80,3,2,0,25,0.1019,1,1,1,3
280,18,4,2,0,9,0.0523,0,0,0,0
163,89,3,3,0,56,0.1768,0,0,0,0
335,74,5,3,0,35,0.251,0,0,0,0
217,9,6,3,0,33,0.1339,0,0,0,0
352,118,1,2,0,41,0.3754,0,0,0,0
41,45,2,1,0,9,0.0382,1,0,0,1
152,55,2,1,0,36,0.7043,1,1,0,2
89,92,3,3,0,31,0.35,1,0,0,1
208,16,3,2,0,37,0.0377,0,0,0,0
262,58,3,0,1,59,0.0962,1,0,0,1
283,27,4,2,0,41,0.0662,1,0,0,1
226,28,1,2,0,8,0.2326,0,0,0,0
54,19,4,0,0,50,0.1351,1,1,1,3
143,5,4,0,0,9,0.4666,1,1,1,3
217,61,3,3,1,30,0.1095,1,1,0,2
3,10,2,3,0,16,0.1854,0,0,0,0
208,25,6,0,0,56,0.2511,1,1,1,3
8,95,1,3,0,43,0.109,0,0,0,0
350,25,5,2,0,9,0.2076,1,1,1,3
184,89,3,1,0,39,0.3259,1,1,0,2
61,89,3,3,0,22,0.3208,1,1,1,3
242,83,3,1,0,28,0.0515,1,0,0,1
62,13,1,1,0,28,0.1835,1,0,0,1
388,114,3,1,0,47,0.2847,1,0,0,1
38,35,6,2,1,16,0.4092,1,1,1,3
272,49,1,2,0,10,0.5438,0,0,0,0
35,101,2,3,0,51,0.232,0,0,0,0
164,64,3,0,0,17,0.3255,0,0,0,0
112,64,1,3,0,9,0.1555,0,0,0,0
321,47,0,3,0,15,0.1583,0,0,0,0
172,31,0,1,0,31,0.5886,0,0,0,0
165,108,2,3,0,10,0.0854,0,0,0,0
281,23,5,3,0,47,0.0956,1,1,1,3
299,40,1,3,0,14,0.1881,0,0,0,0
242,41,3,1,0,4,0.355,0,0,0,0
60,24,2,0,0,30,0.1979,1,0,0,1
174,31,2,0,0,33,0.159,0,0,0,0
364,6,1,0,1,4,0.371,1,1,1,3
31,72,2,1,0,28,0.6157,0,0,0,0
315,10,2,3,1,50,0.1805,1,0,0,1
126,80,4,0,0,47,0.5348,1,0,0,1
105,30,1,1,0,17,0.2653,0,0,0,0
174,87,3,2,0,56,0.4648,0,0,0,0
395,16,2,1,1,20,0.4703,1,1,1,3
132,107,3,2,0,29,0.2178,1,0,0,1
263,65,3,1,0,34,0.2227,1,0,0,1
202,72,1,1,0,35,0.2338,0,0,0,0
1,2,1,2,1,2,0.2982,1,0,0,1
373,114,1,2,0,13,0.353,0,0,0,0
57,1,3,2,0,35,0.4059,1,0,0,1
193,88,1,0,0,1,0.1369,0,0,0,0
248,109,2,2,0,4,0.5339,0,0,0,0
321,91,2,1,0,16,0.2481,1,1,0,2
166,99,0,1,0,28,0.424,0,0,0,0
209,49,1,2,0,9,0.2075,0,0,0,0
11,108,2,1,0,19,0.2486,1,0,0,1
378,27,7,0,1,42,0.4565,1,1,1,3
80,93,3,2,0,42,0.2434,0,0,0,0
145,24,4,3,0,48,0.4704,1,0,0,1
15,115,3,1,0,13,0.2616,1,1,0,2
53,65,6,3,0,40,0.116,1,0,0,1
238,58,2,2,0,45,0.3664,0,0,0,0
28,76,1,1,1,31,0.3644,1,0,0,1
19,50,1,2,1,10,0.051,1,0,0,1
369,72,2,1,1,28,0.2031,1,0,0,1
134,111,1,2,0,34,0.2809,1,0,0,1
377,118,2,0,0,2,0.1935,1,1,0,2
249,59,4,3,0,25,0.3356,1,1,0,2
190,67,2,2,1,54,0.2694,0,0,0,0
357,10,3,3,0,8,0.1768,0,0,0,0
43,3,2,2,1,5,0.4351,0,0,0,0
363,53,4,1,1,21,0.0618,0,0,0,0
163,5,3,1,0,49,0.1895,1,0,0,1
82,49,3,0,0,10,0.3542,1,1,1,3
356,118,3,0,0,43,0.185,0,0,0,0
243,23,2,3,0,16,0.6005,1,1,0,2
242,97,2,1,1,39,0.223,1,0,0,1
9,18,1,0,0,23,0.5134,0,0,0,0
129,51,2,1,1,14,0.2474,1,0,0,1
82,65,2,0,0,40,0.1711,1,0,0,1
391,63,2,2,1,54,0.2212,0,0,0,0
210,31,2,1,0,26,0.2013,0,0,0,0
19,81,3,0,0,16,0.2804,1,1,1,3
267,23,4,2,0,10,0.3448,0,0,0,0
319,96,4,2,0,22,0.4854,1,1,0,2
234,57,3,1,0,15,0.2484,1,1,0,2
299,103,4,3,0,10,0.3347,0,0,0,0
60,29,3,1,0,35,0.1067,0,0,0,0
173,47,2,3,0,21,0.3008,0,0,0,0
200,42,5,2,0,9,0.377,1,1,0,2
170,63,1,0,0,19,0.1466,0,0,0,0
62,113,1,0,0,21,0.0228,1,0,0,1
175,96,2,2,0,9,0.164,0,0,0,0
41,25,6,2,0,55,0.318,1,1,1,3
232,36,3,1,0,0,0.5827,1,1,1,3
342,73,2,2,0,19,0.3877,0,0,0,0
81,1,3,1,0,50,0.1489,1,1,1,3
381,18,4,0,0,14,0.5047,1,1,1,3
246,62,5,1,0,26,0.1582,1,1,1,3
145,71,2,1,0,49,0.3522,0,0,0,0
170,69,0,1,0,28,0.1565,0,0,0,0
309,115,2,1,0,36,0.0632,0,0,0,0
166,32,1,1,1,37,0.3945,0,0,0,0
151,42,5,0,0,44,0.2136,1,1,1,3
345,66,3,3,0,48,0.0213,1,0,0,1
281,51,1,2,0,59,0.1439,0,0,0,0
231,39,4,1,0,52,0.4538,1,0,0,1
373,21,1,2,0,39,0.0367,0,0,0,0
24,69,1,1,1,8,0.1893,0,0,0,0
35,86,3,3,0,2,0.1833,1,0,0,1
80,65,5,3,0,38,0.275,0,0,0,0
256,101,1,2,0,27,0.1841,0,0,0,0
71,90,2,3,1,42,0.4618,0,0,0,0
240,68,3,1,0,53,0.3725,1,1,0,2
297,95,3,0,0,33,0.2623,1,1,0,2
211,79,1,1,0,49,0.0953,1,0,0,1
216,50,0,0,0,52,0.4082,0,0,0,0
150,64,2,2,0,11,0.1797,0,0,0,0
120,65,4,3,0,20,0.2126,0,0,0,0
244,75,3,1,0,12,0.36,1,0,0,1
305,33,4,1,0,54,0.6421,1,1,1,3
355,60,0,1,0,45,0.3902,0,0,0,0
344,75,1,0,0,16,0.393,0,0,0,0
321,6,1,0,0,35,0.0831,0,0,0,0
379,106,0,2,0,17,0.2719,0,0,0,0
392,83,2,0,0,33,0.3195,1,0,0,1
193,8,2,2,0,40,0.1211,1,1,1,3
329,21,3,0,0,53,0.0368,1,1,1,3
38,41,3,1,0,5,0.0982,1,0,0,1
82,53,2,2,0,31,0.5961,0,0,0,0
297,78,2,1,0,17,0.338,0,0,0,0
255,90,5,3,0,50,0.3739,0,0,0,0
151,45,5,2,1,17,0.2762,1,1,1,3
203,15,3,2,0,50,0.1929,0,0,0,0
44,77,5,1,0,16,0.3068,1,1,1,3
147,91,5,2,0,33,0.1006,1,0,0,1
235,57,4,2,0,28,0.1556,1,1,0,2
263,107,2,1,0,38,0.2184,1,1,1,3
46,79,1,1,1,46,0.004,0,0,0,0
240,34,3,1,0,2,0.2642,1,1,0,2
136,1,2,3,1,46,0.5812,0,0,0,0
186,89,3,0,1,4,0.2063,1,1,1,3
193,17,2,1,0,24,0.2427,0,0,0,0
271,37,4,1,0,7,0.2703,1,0,0,1
326,54,1,1,0,27,0.1313,1,0,0,1
99,14,2,0,0,38,0.2996,0,0,0,0
219,69,2,2,0,44,0.3774,0,0,0,0
360,107,2,1,0,54,0.1931,0,0,0,0
143,29,2,1,1,22,0.63,1,0,0,1
12,42,0,0,1,45,0.2303,0,0,0,0
247,53,2,0,0,40,0.0173,1,0,0,1
269,74,4,0,0,42,0.2502,1,1,1,3
328,70,4,1,0,34,0.2004,1,0,0,1
369,30,2,1,0,0,0.4392,0,0,0,0
382,93,0,0,0,4,0.7041,1,0,0,1
182,93,2,2,0,41,0.4176,1,0,0,1
303,34,2,2,0,57,0.144,0,0,0,0
126,114,2,1,0,45,0.2229,0,0,0,0
93,50,1,2,0,35,0.387,0,0,0,0
214,21,1,1,0,8,0.3372,1,0,0,1
157,42,6,3,1,1,0.2773,1,1,0,2
215,66,2,0,0,31,0.4889,1,0,0,1
188,79,1,0,0,29,0.3843,0,0,0,0
249,108,1,3,0,41,0.1839,0,0,0,0
199,84,1,2,0,34,0.1787,0,0,0,0
99,15,2,3,1,1,0.1822,1,0,0,1
154,12,4,1,0,10,0.6066,1,1,1,3
310,6,1,0,0,7,0.15,0,0,0,0
275,41,0,0,0,33,0.4713,0,0,0,0
209,6,1,1,0,16,0.1394,0,0,0,0
260,11,3,3,0,27,0.2491,0,0,0,0
383,26,0,0,0,56,0.2133,0,0,0,0
191,79,1,1,0,33,0.341,0,0,0,0
325,53,2,1,0,13,0.1787,0,0,0,0
128,7,4,3,0,17,0.3326,1,0,0,1
360,10,2,0,0,26,0.39,0,0,0,0
344,26,1,1,0,43,0.5084,0,0,0,0
221,84,0,1,0,31,0.2187,0,0,0,0
62,94,1,1,0,15,0.1254,0,0,0,0
57,116,3,1,0,0,0.3808,0,0,0,0
268,73,3,0,0,31,0.3336,1,1,1,3
35,117,1,0,0,17,0.0548,1,0,0,1
101,37,5,0,0,49,0.5267,1,1,1,3
149,94,2,2,0,36,0.5407,0,0,0,0
239,114,2,1,0,17,0.5401,0,0,0,0
281,11,3,0,0,26,0.1328,1,0,0,1
158,87,2,1,0,8,0.3402,0,0,0,0
160,68,2,3,0,23,0.138,1,0,0,1
291,119,4,1,0,2,0.1657,1,1,1,3
24,76,5,3,0,23,0.1448,1,1,0,2
55,62,2,1,0,50,0.3518,0,0,0,0
20,33,5,2,0,20,0.4465,1,1,1,3
190,22,3,1,1,24,0.3106,1,1,1,3
273,9,6,2,0,10,0.3792,1,1,0,2
19,22,2,3,0,9,0.2461,1,0,0,1
237,38,2,2,1,45,0.1949,0,0,0,0
27,29,3,1,0,2,0.2809,1,1,1,3
144,67,1,0,1,57,0.2899,0,0,0,0
132,38,4,3,0,28,0.0897,1,1,0,2
126,106,1,1,0,20,0.3757,1,1,0,2
182,115,2,3,0,34,0.4432,0,0,0,0
226,42,4,0,0,23,0.3253,1,1,1,3
82,50,1,1,0,9,0.5542,1,0,0,1
333,51,3,1,0,2,0.2412,1,0,0,1
285,12,3,0,0,39,0.2082,1,0,0,1
297,33,3,3,0,2,0.4857,1,0,0,1
42,65,0,1,0,0,0.1299,1,0,0,1
48,53,3,1,0,6,0.2254,0,0,0,0
23,47,1,3,1,34,0.1971,1,0,0,1
178,23,3,0,0,8,0.4359,1,0,0,1
89,105,4,0,0,31,0.2423,1,0,0,1
179,117,1,1,0,18,0.2259,0,0,0,0
216,43,1,1,0,42,0.0911,0,0,0,0
228,116,5,1,0,50,0.1862,1,1,1,3
189,87,4,1,1,2,0.3596,1,1,1,3
348,61,4,0,0,37,0.6885,1,1,1,3
63,45,4,0,0,9,0.4165,1,1,1,3
345,97,3,0,0,1,0.5029,0,0,0,0
140,105,3,3,0,44,0.2767,1,1,0,2
265,34,6,0,0,7,0.5023,1,1,1,3
251,108,1,2,1,35,0.2066,0,0,0,0
234,11,3,2,0,52,0.0349,1,0,0,1
41,65,3,1,0,35,0.1867,1,0,0,1
86,32,1,3,0,23,0.1096,0,0,0,0
16,73,3,0,0,14,0.4018,1,1,1,3
41,102,3,2,0,50,0.0908,0,0,0,0
218,93,1,0,1,28,0.3305,1,0,0,1
144,54,1,2,0,39,0.3056,0,0,0,0
161,54,2,2,1,5,0.2542,0,0,0,0
191,72,2,3,0,29,0.4159,0,0,0,0
296,88,1,2,1,41,0.3147,0,0,0,0
166,34,2,1,0,51,0.1043,0,0,0,0
307,20,2,3,1,1,0.168,0,0,0,0
322,114,3,1,0,38,0.4886,1,1,0,2
2,70,3,1,0,36,0.3066,1,0,0,1
94,82,0,1,0,20,0.3171,0,0,0,0
192,71,1,1,0,42,0.1842,0,0,0,0
295,22,1,1,1,23,0.1244,0,0,0,0
231,100,3,2,0,48,0.2407,1,0,0,1
86,34,4,1,0,27,0.033,1,1,1,3
141,11,1,1,0,16,0.2572,1,0,0,1
45,45,0,2,0,16,0.1239,0,0,0,0
160,22,2,0,0,10,0.4418,1,0,0,1
306,74,3,3,1,34,0.2824,0,0,0,0
40,64,2,0,0,16,0.2804,1,1,1,3
247,41,1,0,0,10,0.3402,1,1,0,2
207,79,2,2,0,54,0.2568,0,0,0,0
335,58,2,1,0,34,0.22,1,0,0,1
113,53,0,0,0,21,0.1893,0,0,0,0
372,117,2,0,0,6,0.5266,1,0,0,1
334,61,1,1,1,48,0.3885,1,1,0,2
147,82,2,3,0,46,0.1243,0,0,0,0
189,3,3,1,0,56,0.3467,1,0,0,1
364,64,0,3,0,28,0.3526,0,0,0,0
147,79,0,1,0,22,0.3673,0,0,0,0
317,58,2,0,0,12,0.4173,0,0,0,0
344,37,4,0,0,19,0.2425,1,1,1,3
328,4,4,3,0,53,0.33,0,0,0,0
103,58,2,2,0,8,0.158,1,1,0,2
142,93,1,1,0,19,0.2403,0,0,0,0
77,118,2,1,0,50,0.3242,1,0,0,1
261,74,4,1,0,43,0.4557,1,1,1,3
153,72,1,0,0,29,0.3609,0,0,0,0
328,19,3,3,0,26,0.526,0,0,0,0
205,9,4,2,0,25,0.2225,1,1,1,3
95,66,1,1,0,55,0.4551,0,0,0,0
55,3,1,1,0,20,0.7222,1,0,0,1
362,40,2,3,0,55,0.0706,0,0,0,0
115,48,2,2,0,3,0.3007,0,0,0,0
112,48,1,0,0,49,0.1455,1,0,0,1
47,16,2,0,0,9,0.5525,1,1,0,2
372,60,0,1,0,57,0.6525,0,0,0,0
217,91,5,2,0,1,0.4462,1,1,1,3
281,30,3,3,0,11,0.4087,1,0,0,1
350,111,3,0,1,12,0.0968,1,0,0,1
340,94,2,0,0,24,0.3443,0,0,0,0
204,68,3,1,1,13,0.2862,1,1,1,3
156,67,0,1,0,56,0.0964,0,0,0,0
151,26,0,1,1,45,0.0722,0,0,0,0
370,22,2,3,0,36,0.1288,0,0,0,0
109,96,2,1,0,56,0.0986,0,0,0,0
186,20,4,0,0,13,0.5106,1,1,1,3
87,100,2,2,0,46,0.5616,1,0,0,1
258,38,3,3,0,21,0.7063,0,0,0,0
245,89,4,1,1,27,0.2455,1,1,1,3
259,86,2,3,0,3,0.2954,0,0,0,0
210,34,2,0,1,37,0.3394,1,0,0,1
7,78,2,1,1,39,0.0991,0,0,0,0
23,88,2,2,0,38,0.319,1,0,0,1
392,9,5,1,0,19,0.2778,1,1,1,3
14,14,1,2,1,56,0.2829,0,0,0,0
55,50,0,0,0,33,0.4534,0,0,0,0
229,82,1,1,0,46,0.2037,0,0,0,0
221,107,2,2,0,29,0.526,0,0,0,0
159,42,4,1,1,27,0.2112,1,1,1,3
74,78,2,1,0,33,0.2432,0,0,0,0
6,65,5,1,0,14,0.1125,1,0,0,1
187,66,1,0,1,57,0.3173,1,0,0,1
93,30,2,0,0,35,0.2511,1,1,1,3
393,89,2,3,0,47,0.2444,0,0,0,0
83,58,2,2,0,44,0.0508,0,0,0,0
186,76,4,0,0,35,0.8913,1,1,0,2
200,16,3,1,0,39,0.4446,0,0,0,0
146,31,4,2,0,41,0.2759,1,0,0,1
260,96,2,2,0,42,0.25,0,0,0,0
46,74,1,0,0,26,0.3338,0,0,0,0
312,117,0,0,0,31,0.2653,0,0,0,0
193,70,1,1,1,36,0.6534,0,0,0,0
378,52,3,2,0,52,0.7332,1,0,0,1
309,0,3,1,0,53,0.6524,0,0,0,0
45,55,1,0,0,8,0.0676,0,0,0,0
197,63,3,3,0,59,0.2081,0,0,0,0
379,19,2,3,1,45,0.1203,0,0,0,0
335,56,2,2,0,45,0.2655,0,0,0,0
187,77,3,2,1,3,0.3792,1,1,0,2
258,73,3,3,0,22,0.4796,0,0,0,0
295,64,1,1,0,17,0.506,0,0,0,0
61,48,2,0,1,4,0.2093,1,1,0,2
391,110,2,0,1,24,0.3372,0,0,0,0
382,31,1,1,0,32,0.373,1,0,0,1
302,61,4,1,0,29,0.4533,1,1,1,3
92,58,1,1,0,8,0.4691,0,0,0,0
303,67,2,0,1,39,0.1412,1,0,0,1
17,22,4,0,0,39,0.5459,1,0,0,1
218,95,2,2,0,25,0.1118,0,0,0,0
82,106,3,1,0,15,0.1594,1,1,1,3
53,60,1,1,0,19,0.4421,0,0,0,0
170,85,0,2,0,18,0.1912,0,0,0,0
124,70,4,2,0,20,0.2102,0,0,0,0
298,84,2,1,0,55,0.0671,0,0,0,0
102,47,0,3,0,53,0.1738,0,0,0,0
27,114,0,1,0,7,0.2855,0,0,0,0
158,98,2,2,0,5,0.3796,0,0,0,0
122,42,2,1,0,54,0.6047,1,0,0,1
221,2,1,0,1,17,0.206,1,1,1,3
98,9,3,0,0,32,0.3481,0,0,0,0
331,33,4,0,0,25,0.1531,1,0,0,1
373,92,0,0,1,31,0.2681,0,0,0,0
139,32,2,1,1,20,0.6418,1,1,0,2
229,112,1,1,1,18,0.4708,0,0,0,0
135,65,5,2,0,36,0.3054,1,1,1,3
393,36,0,1,0,50,0.3498,0,0,0,0
237,101,1,1,0,45,0.145,0,0,0,0
224,7,3,1,1,2,0.2049,1,1,1,3
24,66,2,0,0,7,0.3858,1,1,0,2
284,16,3,2,0,21,0.3063,1,1,1,3
92,111,1,0,0,54,0.1685,0,0,0,0
358,72,0,3,0,7,0.2875,0,0,0,0
290,26,0,0,0,46,0.3903,0,0,0,0
276,57,2,1,0,42,0.1886,0,0,0,0
353,57,2,0,0,57,0.2563,0,0,0,0
129,20,0,3,0,38,0.4668,0,0,0,0
6,113,3,0,0,45,0.2549,1,0,0,1
240,59,3,2,0,47,0.2226,0,0,0,0
173,20,4,3,0,5,0.1554,1,0,0,1
226,117,0,3,0,46,0.0871,0,0,0,0
172,47,0,1,0,41,0.2981,0,0,0,0
133,48,2,1,0,23,0.1373,1,0,0,1
153,79,2,2,1,1,0.5321,1,1,0,2
379,54,1,2,0,18,0.2958,0,0,0,0
180,2,5,2,0,5,0.6338,1,1,1,3
25,103,3,1,0,29,0.1805,0,0,0,0
313,71,0,1,0,55,0.3293,0,0,0,0
197,95,1,3,0,31,0.2848,0,0,0,0
79,68,3,0,1,6,0.3185,1,1,1,3
397,64,0,0,0,57,0.1256,0,0,0,0
24,41,4,1,0,27,0.1229,1,1,0,2
57,71,2,1,0,24,0.3766,0,0,0,0
171,7,4,1,0,56,0.2653,1,0,0,1
261,104,2,0,0,49,0.3751,1,1,1,3
116,11,2,3,0,51,0.4758,0,0,0,0
267,45,3,1,0,44,0.2026,0,0,0,0
361,36,1,0,0,53,0.5675,1,0,0,1
116,57,3,0,0,8,0.1509,1,1,1,3
352,32,1,0,0,59,0.2525,0,0,0,0
327,86,3,0,1,18,0.3964,1,1,0,2
93,21,0,2,1,33,0.066,0,0,0,0
305,60,2,1,1,46,0.188,0,0,0,0
388,68,4,3,0,41,0.0835,0,0,0,0
291,99,2,1,1,34,0.0227,1,0,0,1
370,68,4,0,0,19,0.2426,1,1,0,2
291,64,2,2,1,33,0.1667,1,0,0,1
370,83,3,1,0,18,0.4578,1,1,1,3
136,118,2,1,1,51,0.5508,1,0,0,1
22,52,1,1,0,23,0.5026,1,0,0,1
33,59,2,3,0,1,0.2753,0,0,0,0
351,64,3,1,0,34,0.4895,1,0,0,1
54,22,4,0,0,22,0.4519,1,1,0,2
242,101,2,1,1,34,0.3471,1,0,0,1
151,67,2,3,0,57,0.3384,0,0,0,0
134,39,1,0,1,25,0.3188,0,0,0,0
131,16,2,0,0,38,0.1606,0,0,0,0
277,46,1,0,0,16,0.4411,0,0,0,0
217,25,6,3,0,53,0.1909,1,1,1,3
265,29,5,0,1,35,0.2765,1,1,1,3
387,71,1,2,0,52,0.3408,0,0,0,0
363,86,3,1,0,42,0.2904,1,1,1,3
27,80,1,2,0,50,0.5138,0,0,0,0
9,85,3,1,0,33,0.1422,0,0,0,0
159,33,3,1,0,16,0.3834,1,0,0,1
28,62,3,1,1,6,0.1819,1,1,1,3
248,70,2,2,1,54,0.3692,0,0,0,0
279,78,0,0,1,9,0.4432,1,0,0,1
171,101,1,2,0,44,0.3325,0,0,0,0
378,106,2,2,0,52,0.7104,0,0,0,0
36,32,3,0,0,39,0.2069,1,1,0,2
381,67,2,3,1,26,0.4633,0,0,0,0
397,68,2,3,0,0,0.4495,0,0,0,0
85,1,2,3,1,7,0.2719,0,0,0,0
25,50,0,1,0,31,0.1872,0,0,0,0
355,39,5,2,0,56,0.099,1,1,1,3
380,45,4,2,1,5,0.2505,1,1,1,3
121,27,5,3,0,11,0.7442,1,1,0,2
37,92,1,2,1,53,0.1274,0,0,0,0
304,58,1,1,0,18,0.5219,0,0,0,0
376,67,2,3,0,4,0.5071,0,0,0,0
178,48,0,0,0,27,0.1101,0,0,0,0
344,108,2,2,0,10,0.2875,0,0,0,0
92,41,2,1,1,3,0.1801,1,1,0,2
73,44,4,2,0,50,0.2174,1,0,0,1
382,62,1,1,0,14,0.2241,0,0,0,0
379,88,0,2,0,19,0.2515,0,0,0,0
331,117,2,3,0,56,0.0972,0,0,0,0
37,49,0,1,0,9,0.3225,0,0,0,0
258,75,1,2,0,53,0.0496,0,0,0,0
190,0,4,1,1,50,0.1166,1,1,1,3
327,24,2,0,0,15,0.1005,0,0,0,0
293,39,3,1,0,45,0.463,1,0,0,1
228,24,2,1,0,28,0.0992,0,0,0,0
177,30,2,2,0,17,0.2235,0,0,0,0
144,62,2,3,0,25,0.3137,0,0,0,0
127,0,3,1,0,30,0.3172,0,0,0,0
88,88,1,0,0,23,0.3113,0,0,0,0
314,95,2,1,0,23,0.1591,0,0,0,0
112,23,5,0,0,38,0.1603,1,1,1,3
50,86,1,0,0,3,0.391,0,0,0,0
375,116,4,2,0,32,0.4074,1,0,0,1
122,5,2,1,0,15,0.2561,0,0,0,0
80,2,5,3,0,13,0.051,1,0,0,1
270,24,2,3,1,49,0.1771,0,0,0,0
305,53,1,1,0,21,0.1832,0,0,0,0
66,51,1,2,0,5,0.2281,0,0,0,0
283,77,2,0,0,40,0.0725,1,1,0,2
195,60,2,2,0,11,0.2838,1,0,0,1
121,36,1,2,1,35,0.2511,0,0,0,0
15,14,1,2,0,29,0.3201,0,0,0,0
16,92,3,0,1,47,0.343,1,1,1,3
89,51,3,2,0,24,0.4443,1,0,0,1
276,0,2,2,1,35,0.2144,1,0,0,1
165,31,5,3,0,45,0.2819,1,1,0,2
364,9,3,0,0,19,0.5111,1,1,0,2
186,101,2,0,0,42,0.2354,0,0,0,0
301,19,3,2,1,41,0.2522,0,0,0,0
110,9,5,3,0,42,0.393,1,1,0,2
32,63,3,3,0,18,0.2505,0,0,0,0
31,26,2,1,0,33,0.2909,0,0,0,0
243,46,0,0,0,39,0.391,0,0,0,0
220,58,0,1,1,13,0.3429,0,0,0,0
38,110,3,0,0,49,0.2037,1,0,0,1
309,106,1,0,0,0,0.3113,1,0,0,1
92,95,2,2,0,12,0.521,1,0,0,1
216,92,1,2,0,20,0.3315,0,0,0,0
297,59,5,3,0,23,0.2915,1,1,0,2
332,17,3,1,0,5,0.3561,1,1,0,2
121,69,1,2,0,4,0.373,0,0,0,0
345,102,1,3,0,50,0.3796,0,0,0,0
251,55,3,2,0,42,0.4467,1,1,0,2
250,78,3,1,0,16,0.1717,0,0,0,0
376,32,0,3,1,32,0.1989,0,0,0,0
121,106,1,1,0,51,0.3057,1,0,0,1
199,91,2,1,0,21,0.2819,0,0,0,0
67,85,2,0,0,30,0.1948,0,0,0,0
175,105,3,3,0,47,0.0927,1,0,0,1
143,117,0,1,0,37,0.2919,0,0,0,0
385,54,2,2,0,7,0.3594,1,1,0,2
307,103,3,0,1,15,0.2461,1,1,0,2
154,51,3,1,0,19,0.3284,1,1,1,3
42,33,2,1,1,35,0.4164,1,0,0,1
252,66,4,2,0,15,0.2971,1,0,0,1
334,57,3,1,1,40,0.1128,1,1,0,2
128,61,1,3,0,49,0.1413,0,0,0,0
257,52,2,1,0,43,0.5716,1,0,0,1
126,67,2,3,0,13,0.4474,1,0,0,1
130,43,2,1,0,0,0.477,1,1,1,3
321,54,3,2,0,50,0.17,1,1,0,2
214,43,1,0,0,15,0.4492,1,0,0,1
369,41,3,0,0,1,0.2432,1,1,1,3
207,65,5,3,0,24,0.2343,0,0,0,0
265,81,5,2,0,35,0.5887,1,1,1,3
283,60,2,1,0,44,0.143,1,0,0,1
373,99,0,2,0,13,0.2343,0,0,0,0
23,70,3,1,0,36,0.5334,1,1,0,2
128,1,2,3,1,9,0.1663,1,1,0,2
93,21,0,2,1,31,0.2175,0,0,0,0
129,43,2,1,0,55,0.2411,1,0,0,1
310,26,1,2,1,27,0.6549,1,1,0,2
122,53,1,1,0,57,0.3334,1,1,0,2
212,52,1,1,1,57,0.1372,1,1,0,2
136,103,3,3,0,59,0.2741,0,0,0,0
155,20,2,0,0,30,0.335,0,0,0,0
253,31,2,0,0,46,0.023,0,0,0,0
61,0,3,3,1,40,0.0918,0,0,0,0
250,109,5,1,0,40,0.028,1,1,1,3
13,76,7,3,1,56,0.5007,1,1,1,3
139,107,1,0,1,0,0.2858,1,1,1,3
121,60,1,2,0,20,0.2631,0,0,0,0
386,2,3,0,0,17,0.4557,1,1,1,3
171,49,1,2,0,10,0.2295,0,0,0,0
393,12,1,1,0,26,0.2686,0,0,0,0
298,19,5,2,0,45,0.1988,1,0,0,1
185,84,1,1,0,46,0.2022,1,0,0,1
138,79,1,1,0,58,0.2935,1,1,0,2
44,33,2,0,0,23,0.5861,0,0,0,0
160,39,3,3,0,1,0.5722,0,0,0,0
306,80,4,3,0,50,0.3292,0,0,0,0
75,47,2,2,0,53,0.2791,0,0,0,0
352,46,1,3,0,45,0.2362,0,0,0,0
111,67,2,3,0,23,0.2359,0,0,0,0
182,38,3,0,0,37,0.1352,1,0,0,1
350,74,5,1,0,11,0.074,1,1,1,3
371,112,2,2,0,46,0.1254,0,0,0,0
210,116,2,1,0,24,0.369,1,0,0,1
142,45,4,2,0,52,0.0693,1,0,0,1
260,101,3,3,1,40,0.4059,0,0,0,0
14,50,0,0,1,28,0.4984,1,0,0,1
85,106,3,1,1,39,0.2288,1,0,0,1
336,84,3,1,0,17,0.2526,0,0,0,0
195,63,2,3,0,22,0.3463,0,0,0,0
328,38,3,0,0,39,0.3303,1,0,0,1
14,77,5,0,1,0,0.3669,1,1,1,3
110,91,4,2,0,38,0.1741,1,1,1,3
326,118,2,1,1,25,0.4768,1,1,0,2
61,102,3,0,0,54,0.1263,1,0,0,1
340,58,3,0,0,53,0.6965,1,1,1,3
287,87,3,0,0,12,0.0561,0,0,0,0
181,101,4,1,0,42,0.155,1,1,0,2
87,0,4,2,0,51,0.218,0,0,0,0
155,91,2,2,0,12,0.3982,0,0,0,0
175,57,2,0,1,43,0.378,1,1,1,3
348,36,3,1,0,4,0.4143,1,1,1,3
127,114,4,0,0,10,0.4261,1,1,1,3
398,84,3,2,0,14,0.2631,0,0,0,0
270,4,3,3,0,52,0.6759,0,0,0,0
28,95,1,2,0,44,0.5279,0,0,0,0
46,82,1,3,0,31,0.4904,0,0,0,0
267,77,4,0,0,49,0.2692,1,1,0,2
176,98,6,2,0,38,0.707,1,1,1,3
28,2,2,1,0,12,0.1948,1,0,0,1
81,64,2,2,0,36,0.1237,0,0,0,0
108,116,4,1,0,37,0.1718,0,0,0,0
317,70,4,0,1,29,0.3461,1,0,0,1
272,21,1,1,1,34,0.3615,0,0,0,0
375,21,2,1,0,42,0.0582,1,0,0,1
28,1,1,2,0,16,0.4697,0,0,0,0
45,55,1,0,0,27,0.2437,0,0,0,0
227,63,1,0,0,0,0.4206,1,0,0,1
382,100,1,1,0,50,0.2868,0,0,0,0
159,117,2,2,0,24,0.3507,0,0,0,0
87,84,2,1,0,49,0.4411,0,0,0,0
214,26,1,1,0,47,0.3038,0,0,0,0
29,53,3,2,1,51,0.2021,0,0,0,0
46,14,1,3,0,0,0.0366,0,0,0,0
306,55,1,3,0,40,0.3522,0,0,0,0
351,113,3,0,0,7,0.0951,1,1,1,3
269,84,1,1,0,29,0.2444,0,0,0,0
383,80,5,1,0,41,0.6896,1,1,1,3
269,54,2,1,0,55,0.296,1,0,0,1
222,29,5,0,0,52,0.2092,1,1,1,3
52,59,5,1,0,48,0.3971,1,1,1,3
18,43,2,2,0,32,0.208,0,0,0,0
379,111,2,2,1,20,0.2577,1,0,0,1
173,12,3,1,0,56,0.1969,0,0,0,0
77,115,2,2,0,42,0.4678,0,0,0,0
188,104,4,0,0,29,0.5645,1,1,1,3
369,18,3,2,1,27,0.7506,1,1,1,3
234,62,6,2,0,47,0.101,1,1,1,3
292,83,2,1,1,32,0.3863,1,1,0,2
274,14,1,0,0,17,0.1746,0,0,0,0
355,3,4,1,1,2,0.2183,1,1,1,3
254,90,4,1,0,34,0.2043,1,0,0,1
79,31,4,3,0,50,0.3792,1,0,0,1
371,82,1,0,0,31,0.3762,0,0,0,0
78,79,0,2,0,0,0.211,0,0,0,0
180,88,1,1,0,37,0.5149,1,0,0,1
64,86,2,1,0,14,0.1413,1,0,0,1
269,78,1,2,1,58,0.4617,0,0,0,0
109,117,0,3,0,17,0.4811,0,0,0,0
176,24,4,1,0,6,0.447,1,1,0,2
399,80,4,0,0,21,0.3408,1,1,1,3
215,77,3,2,0,26,0.3175,1,0,0,1
378,81,3,0,0,19,0.2661,0,0,0,0
225,74,4,0,0,25,0.1982,1,1,1,3
193,29,3,0,0,13,0.133,1,1,0,2
247,107,1,0,0,17,0.1829,0,0,0,0
70,112,1,1,0,56,0.3492,0,0,0,0
384,52,2,1,0,8,0.1368,0,0,0,0
26,68,3,3,0,57,0.3559,0,0,0,0
242,32,3,2,0,3,0.5374,1,1,1,3
360,46,0,3,0,26,0.2826,0,0,0,0
180,89,4,2,0,15,0.2977,1,1,1,3
102,69,1,1,0,20,0.5345,0,0,0,0
180,31,4,2,0,23,0.2976,0,0,0,0
167,118,2,2,1,37,0.2449,0,0,0,0
296,39,1,0,1,55,0.262,1,0,0,1
267,53,2,1,0,5,0.4161,0,0,0,0
195,62,5,0,0,59,0.2044,1,0,0,1
56,54,2,1,0,14,0.1717,0,0,0,0
168,20,2,2,0,46,0.4595,1,1,0,2
138,47,1,2,0,36,0.3936,0,0,0,0
303,63,2,0,0,58,0.0772,1,0,0,1
178,110,1,2,1,7,0.703,0,0,0,0
12,82,0,3,0,27,0.2313,0,0,0,0
162,46,2,2,0,52,0.4114,0,0,0,0
95,53,3,0,0,17,0.49,1,1,1,3
204,54,2,1,0,21,0.314,0,0,0,0
375,45,4,0,0,4,0.0978,1,1,1,3
160,73,1,3,0,27,0.2964,0,0,0,0
223,91,3,2,0,15,0.4335,1,0,0,1
349,118,4,2,0,31,0.329,0,0,0,0
366,74,7,3,0,42,0.368,1,1,1,3
27,107,1,0,1,32,0.2166,1,0,0,1
249,103,5,0,0,28,0.2419,1,1,1,3
263,106,3,0,0,16,0.0517,1,0,0,1
323,62,5,2,0,10,0.2581,1,1,1,3
280,15,4,2,1,16,0.078,0,0,0,0
284,102,3,0,0,14,0.1998,0,0,0,0
284,76,4,3,0,4,0.3327,0,0,0,0
161,41,2,1,0,59,0.3725,1,0,0,1
138,44,2,0,0,36,0.0901,1,0,0,1
235,88,1,0,1,43,0.2803,0,0,0,0
286,102,3,0,1,42,0.3606,1,0,0,1
308,32,1,1,0,24,0.2673,1,0,0,1
206,76,3,1,0,31,0.0308,1,1,0,2
365,54,1,1,0,35,0.1849,0,0,0,0
185,89,1,0,0,39,0.2806,1,0,0,1
177,88,2,0,1,56,0.2848,1,1,1,3
192,14,1,2,0,51,0.2802,0,0,0,0
129,79,2,2,0,55,0.1781,0,0,0,0
124,65,5,0,0,24,0.2615,1,0,0,1
180,90,5,2,0,4,0.5273,1,1,1,3
241,49,3,0,0,13,0.1754,0,0,0,0
47,59,1,1,0,37,0.15,1,0,0,1
328,29,4,2,0,1,0.4553,1,1,1,3
298,50,0,1,0,49,0.1374,0,0,0,0
155,39,4,3,0,27,0.2616,1,0,0,1
286,49,2,3,1,1,0.5482,0,0,0,0
12,34,0,1,1,42,0.3576,0,0,0,0
323,72,1,1,0,28,0.3825,0,0,0,0
207,77,6,2,0,49,0.3157,1,1,1,3
203,8,4,1,0,48,0.5385,1,1,0,2
1,110,2,1,0,7,0.153,1,1,0,2
259,74,3,3,0,3,0.4905,0,0,0,0
55,66,1,2,0,35,0.0951,0,0,0,0
57,97,2,1,1,25,0.0504,1,1,0,2
114,64,1,3,0,16,0.4637,0,0,0,0
379,22,1,3,0,8,0.3129,0,0,0,0
116,74,3,3,0,18,0.2017,1,0,0,1
277,119,3,3,1,28,0.3837,1,1,0,2
225,64,1,0,0,18,0.6125,1,0,0,1
75,65,2,2,0,27,0.0404,0,0,0,0
367,76,2,3,0,18,0.3341,1,0,0,1
53,14,1,0,1,41,0.0396,1,0,0,1
277,95,2,3,0,38,0.2044,0,0,0,0
187,26,0,2,0,18,0.1647,0,0,0,0
67,92,2,2,0,24,0.1574,0,0,0,0
86,19,4,0,0,44,0.4255,1,1,1,3
313,64,2,1,1,7,0.5455,1,1,1,3
335,118,3,2,0,16,0.5833,1,0,0,1
128,89,3,0,0,3,0.406,1,1,0,2
73,76,4,0,1,20,0.0914,1,1,1,3
280,105,4,2,1,21,0.2186,1,1,1,3
47,31,2,1,1,0,0.1233,1,1,0,2
105,77,3,1,1,55,0.7464,1,1,1,3
115,32,1,2,0,33,0.3552,0,0,0,0
199,53,0,1,0,12,0.3941,0,0,0,0
36,26,1,2,0,5,0.265,1,0,0,1
334,6,2,1,0,39,0.0888,1,0,0,1
274,7,2,0,0,24,0.2323,0,0,0,0
165,76,3,3,0,50,0.1411,1,0,0,1
187,46,0,3,0,6,0.0492,0,0,0,0
115,31,2,1,0,5,0.4003,1,1,1,3
105,111,3,1,1,27,0.2735,0,0,0,0
73,118,3,1,0,13,0.1655,1,1,0,2
221,106,0,1,0,53,0.1539,0,0,0,0
62,55,1,1,0,0,0.3405,0,0,0,0
207,73,4,0,0,1,0.3669,1,1,0,2
273,60,1,1,0,44,0.3667,0,0,0,0
5,107,1,1,1,15,0.2433,0,0,0,0
157,96,5,2,0,42,0.3439,1,1,1,3
121,67,2,3,0,50,0.2782,0,0,0,0
239,105,3,2,0,14,0.6762,1,0,0,1
302,15,2,2,1,27,0.2143,1,0,0,1
272,70,2,0,0,42,0.3005,0,0,0,0
179,10,3,1,0,14,0.1825,1,0,0,1
259,51,2,1,0,11,0.2068,1,0,0,1
369,8,1,1,0,15,0.3821,1,0,0,1
240,92,3,1,0,11,0.5708,0,0,0,0
86,80,4,0,0,15,0.5079,1,1,0,2
203,10,2,1,0,35,0.4035,1,1,1,3
367,116,2,3,0,33,0.2558,0,0,0,0
256,82,2,1,1,43,0.2604,0,0,0,0
30,59,5,1,1,37,0.0842,1,1,1,3
316,108,2,1,0,18,0.0362,1,1,0,2
231,117,2,1,0,19,0.3022,0,0,0,0
398,51,3,1,0,54,0.1208,1,0,0,1
240,24,1,2,0,25,0.2297,0,0,0,0
141,31,0,1,0,31,0.3954,0,0,0,0
106,57,3,0,0,16,0.1061,1,0,0,1
323,50,1,1,0,38,0.1517,0,0,0,0
21,77,4,1,1,50,0.6617,1,1,1,3
82,109,3,2,0,7,0.4106,1,0,0,1
306,110,1,2,0,14,0.3454,0,0,0,0
87,74,4,2,0,7,0.4689,1,1,1,3
199,109,3,1,0,6,0.2783,1,0,0,1
68,89,3,1,0,53,0.4098,1,0,0,1
103,26,2,1,1,53,0.7445,1,0,0,1
117,48,3,1,0,6,0.0939,1,0,0,1
321,87,4,1,0,55,0.1731,1,1,1,3
127,61,2,2,0,16,0.071,0,0,0,0
290,101,2,1,0,25,0.2072,0,0,0,0
394,58,0,1,0,42,0.2256,0,0,0,0
218,21,4,0,1,14,0.3087,1,1,1,3
256,40,1,1,0,8,0.2957,0,0,0,0
269,73,2,3,1,55,0.2366,0,0,0,0
146,93,3,1,0,35,0.3058,1,1,1,3
231,14,2,1,0,44,0.1975,0,0,0,0
258,108,2,0,0,32,0.1043,0,0,0,0
379,98,2,0,0,40,0.1519,0,0,0,0
61,87,4,1,0,3,0.498,1,1,1,3
39,37,3,0,0,49,0.2422,1,0,0,1
321,96,4,2,0,13,0.6025,1,1,1,3
28,49,2,1,0,28,0.1865,0,0,0,0
88,5,3,1,0,3,0.0703,0,0,0,0
259,74,3,3,0,41,0.0683,0,0,0,0
16,22,3,3,0,32,0.4606,1,0,0,1
306,62,4,3,1,49,0.3741,1,1,1,3
367,50,0,2,0,44,0.5936,0,0,0,0
383,69,2,1,1,8,0.6233,1,1,0,2
202,103,4,1,0,40,0.1627,1,1,0,2
198,14,1,3,0,19,0.0445,0,0,0,0
106,49,0,3,1,47,0.4577,0,0,0,0
268,45,3,1,0,57,0.3604,1,1,1,3
392,58,3,0,0,49,0.3434,0,0,0,0
230,16,3,1,1,32,0.4017,1,1,1,3
322,47,2,0,0,38,0.3173,0,0,0,0
43,100,2,2,0,15,0.7505,1,0,0,1
389,83,2,1,0,35,0.4021,0,0,0,0
327,63,2,3,1,57,0.1602,0,0,0,0
215,70,2,1,0,15,0.1389,1,0,0,1
39,75,2,0,1,22,0.0952,1,1,0,2
53,119,5,0,1,53,0.0922,1,1,1,3
109,51,2,2,0,39,0.0403,0,0,0,0
380,116,6,0,0,54,0.4853,1,1,1,3
240,15,1,2,0,35,0.191,0,0,0,0
155,73,3,3,1,6,0.1336,1,0,0,1
67,83,1,1,1,27,0.0496,1,0,0,1
130,34,3,0,0,36,0.3259,1,0,0,1
232,8,4,0,0,51,0.3876,1,1,0,2
192,14,1,2,0,59,0.7964,0,0,0,0
85,45,5,2,1,53,0.4342,1,1,1,3
107,56,1,1,1,48,0.2762,0,0,0,0
214,17,1,2,0,29,0.4538,0,0,0,0
9,46,1,0,0,9,0.4215,0,0,0,0
131,29,3,0,0,34,0.5722,1,1,0,2
216,60,1,1,0,6,0.1216,1,0,0,1
106,65,2,3,1,19,0.0688,0,0,0,0
54,83,2,2,0,44,0.1743,1,1,1,3
277,116,3,0,0,11,0.2314,1,0,0,1
268,23,4,0,0,53,0.1657,1,0,0,1
360,17,1,3,0,55,0.1951,0,0,0,0
178,81,2,0,0,35,0.1287,1,0,0,1
178,26,1,2,0,21,0.3763,1,0,0,1
38,102,2,2,1,20,0.1332,1,1,0,2
312,111,1,2,0,29,0.4456,0,0,0,0
291,77,4,1,0,43,0.145,1,1,0,2
346,59,5,0,0,14,0.3789,1,1,1,3
313,64,2,1,1,55,0.1748,1,0,0,1
397,91,2,2,0,46,0.1975,0,0,0,0
202,95,2,1,0,51,0.1728,1,0,0,1
202,31,1,2,0,2,0.4585,1,0,0,1
37,60,1,1,0,4,0.3445,0,0,0,0
31,90,5,2,0,12,0.3493,1,1,0,2
149,57,2,3,0,55,0.1106,0,0,0,0
258,85,3,1,1,56,0.3843,1,0,0,1
232,39,3,0,0,26,0.1885,1,0,0,1
211,31,5,2,0,34,0.2804,1,1,1,3
297,24,2,3,0,34,0.3294,0,0,0,0
5,43,2,1,0,8,0.3796,1,0,0,1
32,56,4,1,0,58,0.2396,1,0,0,1
187,88,1,2,0,29,0.1418,0,0,0,0
361,106,3,1,0,33,0.3739,1,0,0,1
102,56,2,2,0,2,0.2182,1,0,0,1
22,68,1,3,0,26,0.4065,0,0,0,0
95,56,3,1,0,45,0.5091,1,0,0,1
307,27,3,0,1,51,0.2943,1,0,0,1
55,95,1,2,1,15,0.2609,0,0,0,0
51,17,2,1,0,16,0.203,1,1,0,2
374,47,1,0,0,24,0.3348,0,0,0,0
1,74,4,2,0,59,0.3868,1,0,0,1
199,10,2,0,0,35,0.1012,0,0,0,0
343,98,2,1,0,53,0.2879,0,0,0,0
114,77,5,2,0,54,0.4605,1,1,1,3
33,12,2,1,0,48,0.272,0,0,0,0
138,19,2,2,1,22,0.2446,0,0,0,0
4,67,3,1,0,8,0.3592,1,1,1,3
45,98,2,3,0,39,0.3838,0,0,0,0
191,106,2,1,0,10,0.2917,1,0,0,1
376,81,2,3,0,13,0.584,0,0,0,0
51,99,3,0,0,18,0.2997,1,0,0,1
350,95,1,2,0,13,0.3657,0,0,0,0
208,38,3,0,0,0,0.4246,1,1,1,3
176,101,2,1,0,14,0.6283,1,0,0,1
154,111,2,0,0,12,0.2044,1,0,0,1
194,119,4,3,0,33,0.1193,0,0,0,0
266,109,2,2,0,45,0.3355,0,0,0,0
211,31,5,2,0,23,0.3811,1,1,1,3
238,80,4,0,0,51,0.2248,0,0,0,0
176,1,3,2,0,19,0.053,0,0,0,0
348,115,1,3,1,37,0.2447,0,0,0,0
205,28,1,1,0,14,0.397,0,0,0,0
177,4,6,1,0,23,0.1684,1,1,1,3
2,18,3,1,0,25,0.0948,1,0,0,1
37,14,0,2,0,42,0.4475,0,0,0,0
276,45,3,0,0,36,0.2274,0,0,0,0
365,97,2,0,0,12,0.1581,0,0,0,0
287,15,2,2,1,44,0.1129,1,0,0,1
91,19,3,0,1,4,0.1744,1,1,1,3
384,62,4,2,0,37,0.2761,1,1,1,3
208,22,2,3,0,56,0.6786,0,0,0,0
332,68,2,2,0,5,0.4027,1,0,0,1
50,25,4,3,0,52,0.3288,1,0,0,1
188,24,2,1,0,43,0.2819,0,0,0,0
328,62,5,3,0,48,0.2078,1,0,0,1
66,93,3,1,0,54,0.1939,0,0,0,0
135,97,2,2,0,33,0.5366,1,0,0,1
363,80,4,1,0,14,0.3022,1,1,1,3
187,29,2,2,0,0,0.2453,0,0,0,0
375,6,3,1,0,48,0.1617,1,1,1,3
120,41,3,1,0,50,0.4737,1,1,0,2
298,98,6,1,0,27,0.454,1,1,1,3
272,44,1,0,0,56,0.2652,0,0,0,0
377,105,5,1,0,46,0.1829,1,0,0,1
74,97,3,1,0,49,0.5189,1,1,0,2
372,70,1,1,0,4,0.2441,0,0,0,0
333,96,4,2,0,33,0.0963,1,0,0,1
278,59,4,2,0,23,0.4994,1,0,0,1
380,73,4,3,1,50,0.4322,1,0,0,1
104,102,1,2,0,12,0.2453,1,0,0,1
292,106,3,2,0,4,0.2103,0,0,0,0
322,118,3,1,0,2,0.363,1,0,0,1
388,2,4,0,0,24,0.3604,1,1,1,3
277,75,2,2,0,15,0.0326,0,0,0,0
91,44,2,2,0,41,0.7378,0,0,0,0
252,45,5,1,0,37,0.2807,1,1,1,3
277,44,4,2,0,51,0.2784,1,1,1,3
350,75,3,1,0,52,0.4128,0,0,0,0
237,112,1,0,0,36,0.2758,1,0,0,1
369,29,2,1,1,7,0.3608,0,0,0,0
126,112,2,1,0,16,0.1554,1,1,0,2
210,59,3,1,1,32,0.348,1,1,1,3
305,68,2,2,0,53,0.3277,0,0,0,0
20,58,3,0,0,59,0.1023,0,0,0,0
166,71,0,0,0,37,0.2215,0,0,0,0
5,4,2,3,1,5,0.3756,0,0,0,0
331,31,3,0,0,20,0.472,1,0,0,1
330,44,3,1,0,9,0.5055,1,1,0,2
367,41,2,1,1,46,0.2347,1,1,0,2
171,72,1,1,1,21,0.061,0,0,0,0
179,45,5,0,0,20,0.3496,1,0,0,1
117,99,3,1,1,1,0.2808,1,0,0,1
46,23,1,3,0,30,0.2362,0,0,0,0
273,84,2,0,1,49,0.4111,1,0,0,1
220,99,1,2,1,15,0.5089,0,0,0,0
369,47,1,2,0,24,0.0898,0,0,0,0
226,5,3,2,0,12,0.2139,1,0,0,1
114,63,2,0,0,7,0.5373,1,1,1,3
379,29,2,2,0,43,0.1033,0,0,0,0
79,84,2,2,1,53,0.3844,1,0,0,1
203,50,1,1,0,20,0.2522,0,0,0,0
211,98,6,1,0,25,0.3647,1,1,1,3
320,52,1,1,0,17,0.4033,1,0,0,1
285,9,3,1,1,12,0.3599,1,0,0,1
117,108,4,2,1,49,0.5876,1,1,0,2
63,14,2,1,0,20,0.1943,0,0,0,0
93,53,3,1,0,1,0.4813,1,1,1,3
272,31,0,2,0,9,0.5287,0,0,0,0
191,84,3,1,1,27,0.3886,1,1,0,2
303,47,2,3,1,34,0.2557,0,0,0,0
396,90,3,3,0,1,0.3818,0,0,0,0
378,74,5,3,0,22,0.4876,1,0,0,1
11,116,4,1,0,9,0.1656,1,1,1,3
236,16,5,2,0,49,0.3525,1,1,1,3
376,60,1,2,1,8,0.1279,1,0,0,1
310,73,2,0,1,38,0.3051,1,1,0,2
323,105,4,2,0,53,0.3573,1,1,1,3
244,68,2,0,1,12,0.3104,1,0,0,1
41,45,2,1,0,16,0.3782,0,0,0,0
193,47,0,1,0,50,0.3074,0,0,0,0
269,68,2,3,0,40,0.3091,0,0,0,0
182,37,3,1,0,11,0.1457,0,0,0,0
321,21,3,2,0,58,0.0793,1,0,0,1
153,74,3,3,0,43,0.2675,0,0,0,0
130,64,1,1,1,55,0.2557,0,0,0,0
64,78,1,1,1,6,0.3822,0,0,0,0
377,115,3,1,0,46,0.0809,1,0,0,1
305,32,2,2,1,25,0.287,1,1,0,2
322,18,5,0,0,44,0.1495,1,1,1,3
162,48,3,1,0,5,0.2691,0,0,0,0
41,113,3,0,0,28,0.4535,0,0,0,0
237,18,1,1,1,57,0.3134,0,0,0,0
381,79,2,1,0,56,0.4743,0,0,0,0
191,86,3,0,1,15,0.1988,1,1,0,2
92,97,1,1,0,10,0.2844,0,0,0,0
128,66,3,3,0,34,0.074,1,0,0,1
380,92,4,3,0,7,0.3113,1,0,0,1
306,51,2,1,0,31,0.1207,1,0,0,1
265,103,6,2,0,44,0.5862,1,1,1,3
90,98,2,3,0,43,0.3693,0,0,0,0
120,47,2,3,0,53,0.1941,0,0,0,0
349,15,2,3,0,42,0.4779,0,0,0,0
170,60,0,1,0,35,0.0579,0,0,0,0
383,25,4,2,1,33,0.2212,1,1,1,3
84,45,5,1,0,38,0.4206,1,1,0,2
372,85,4,2,0,42,0.372,1,1,1,3
341,92,2,2,0,43,0.1538,0,0,0,0
396,95,2,0,0,59,0.1568,0,0,0,0
51,44,3,1,0,57,0.3677,1,1,1,3
381,54,1,1,0,17,0.2122,1,0,0,1
16,5,4,1,1,6,0.3709,1,1,1,3
105,64,1,2,0,3,0.3462,0,0,0,0
362,106,4,1,0,53,0.4387,1,1,1,3
194,111,2,1,0,55,0.2074,0,0,0,0
259,30,3,0,0,5,0.1783,1,1,1,3
374,72,3,3,1,12,0.3952,1,0,0,1
166,65,3,2,1,1,0.3653,0,0,0,0
345,58,3,2,0,15,0.1298,1,1,0,2
174,74,3,0,0,46,0.1009,1,1,0,2
192,119,3,2,0,36,0.2963,0,0,0,0
68,79,2,0,0,7,0.2574,1,0,0,1
151,103,5,3,0,30,0.0943,1,1,1,3
240,47,1,2,0,28,0.1123,0,0,0,0
35,21,1,2,1,58,0.2437,0,0,0,0
4,49,3,2,0,38,0.2467,0,0,0,0
170,42,0,3,1,50,0.3402,0,0,0,0
137,72,2,2,0,21,0.5394,0,0,0,0
233,113,4,1,0,20,0.1911,1,1,0,2
253,80,5,0,0,20,0.2095,1,1,1,3
358,65,2,0,1,8,0.2648,1,1,0,2
384,93,2,1,0,13,0.4659,0,0,0,0
162,106,4,1,0,9,0.2918,1,1,1,3
36,92,3,0,1,21,0.4057,1,1,0,2
28,47,1,1,0,56,0.6673,0,0,0,0
43,89,2,2,0,31,0.2064,0,0,0,0
372,16,0,2,0,10,0.1943,0,0,0,0
395,115,3,0,0,52,0.4798,1,1,1,3
381,92,3,3,0,21,0.2244,0,0,0,0
275,48,0,1,0,20,0.2203,0,0,0,0
284,19,4,3,0,28,0.1692,1,0,0,1
343,51,1,0,0,47,0.3127,0,0,0,0
396,12,2,1,0,31,0.4664,0,0,0,0
302,105,4,2,1,47,0.2149,1,0,0,1
231,51,2,0,0,40,0.4504,0,0,0,0
87,30,0,1,0,35,0.2344,0,0,0,0
216,116,2,1,1,47,0.2859,0,0,0,0
334,59,3,2,1,28,0.2167,1,0,0,1
386,114,2,1,0,15,0.4211,0,0,0,0
344,116,4,2,0,57,0.1858,1,1,0,2
277,33,3,0,0,13,0.1981,1,1,1,3
224,55,0,2,0,10,0.2552,0,0,0,0
180,15,3,2,1,27,0.2171,1,0,0,1
357,103,5,3,0,15,0.3565,1,1,1,3
349,31,2,3,0,20,0.2495,0,0,0,0
28,118,0,0,0,4,0.2551,0,0,0,0
160,24,1,0,0,36,0.4925,0,0,0,0
259,13,2,1,0,39,0.2747,0,0,0,0
369,35,4,1,0,29,0.4138,1,0,0,1
190,81,2,2,0,59,0.4016,0,0,0,0
81,108,2,2,0,20,0.0582,0,0,0,0
6,91,1,1,0,55,0.4789,0,0,0,0
155,11,2,0,0,24,0.3205,1,1,0,2
371,71,2,1,1,42,0.1216,0,0,0,0
47,22,2,1,1,6,0.2266,1,0,0,1
88,35,5,2,0,13,0.4409,1,0,0,1
43,91,1,0,1,2,0.1608,1,0,0,1
189,93,3,0,0,11,0.118,1,1,0,2
122,38,2,2,0,38,0.1141,0,0,0,0
165,80,4,3,0,53,0.0989,1,1,0,2
313,10,1,2,0,7,0.2408,0,0,0,0
62,8,4,2,0,8,0.2745,1,1,0,2
26,88,2,1,1,37,0.2546,1,1,1,3
317,15,3,2,1,32,0.0803,1,1,0,2
77,31,2,2,0,10,0.3478,1,1,0,2
63,98,5,1,0,37,0.4331,1,1,1,3
213,78,1,1,0,19,0.0304,0,0,0,0
273,36,3,1,0,54,0.165,0,0,0,0
53,90,4,3,1,57,0.5044,1,1,1,3
214,105,3,2,0,30,0.0913,0,0,0,0
341,55,2,1,0,33,0.0818,1,0,0,1
239,95,2,1,0,9,0.0934,0,0,0,0
322,109,4,2,0,48,0.4901,1,1,1,3
317,4,5,2,1,43,0.2437,1,1,1,3
67,108,0,1,1,21,0.1009,0,0,0,0
317,106,2,1,1,3,0.3077,1,1,1,3
206,93,1,0,0,56,0.0691,0,0,0,0
50,111,3,1,0,10,0.2779,1,0,0,1
393,107,2,1,0,9,0.1633,0,0,0,0
64,11,2,1,0,46,0.244,0,0,0,0
188,92,3,2,0,59,0.0813,1,0,0,1
383,92,2,2,0,7,0.4274,1,0,0,1
234,36,2,0,0,17,0.1077,0,0,0,0
12,102,1,3,0,11,0.5217,0,0,0,0
204,42,3,2,0,46,0.1649,1,0,0,1
4,74,7,2,1,46,0.2614,0,0,0,0
260,2,1,3,0,48,0.1033,0,0,0,0
218,66,2,2,0,44,0.4723,1,0,0,1
209,39,2,1,0,35,0.1819,1,0,0,1
108,51,2,1,0,57,0.352,0,0,0,0
259,32,2,0,1,52,0.2497,1,0,0,1
286,41,4,1,0,12,0.1687,1,1,0,2
68,59,5,1,0,39,0.3405,1,1,1,3
305,50,1,0,0,8,0.0587,0,0,0,0
33,72,3,0,0,23,0.27,1,1,1,3
23,86,5,3,0,35,0.094,1,1,0,2
155,40,1,3,0,24,0.2664,1,0,0,1
291,103,3,1,0,33,0.4317,1,1,1,3
115,49,1,1,0,23,0.0713,0,0,0,0
24,86,3,3,0,6,0.2087,1,1,0,2
198,46,2,0,0,15,0.5081,1,0,0,1
191,118,2,1,0,45,0.314,0,0,0,0
33,9,2,0,0,44,0.1667,0,0,0,0
92,43,1,1,0,22,0.4094,1,0,0,1
345,35,6,3,0,58,0.1497,1,1,1,3
212,66,0,1,0,58,0.0695,0,0,0,0
129,73,3,0,0,59,0.1635,1,1,1,3
73,20,3,0,0,25,0.1621,1,1,1,3
267,61,1,2,1,52,0.1186,0,0,0,0
108,76,3,1,0,48,0.3268,1,1,1,3
163,78,2,1,0,59,0.1875,0,0,0,0
364,96,4,2,0,47,0.1522,1,0,0,1
249,110,2,2,0,55,0.3158,0,0,0,0
79,91,4,1,0,43,0.4902,1,1,1,3
374,114,3,1,1,23,0.2238,1,1,0,2
306,32,2,0,0,43,0.1502,0,0,0,0
256,63,3,1,1,46,0.5647,0,0,0,0
289,88,0,2,0,31,0.061,0,0,0,0
369,80,4,2,0,23,0.2635,0,0,0,0
105,53,2,0,0,38,0.3436,1,0,0,1
40,91,3,2,0,26,0.3403,1,0,0,1
349,113,2,2,1,56,0.1018,0,0,0,0
159,72,3,2,0,40,0.0623,0,0,0,0
155,43,2,2,0,55,0.1423,1,0,0,1
44,30,2,3,0,15,0.1484,0,0,0,0
285,33,5,2,0,58,0.3015,1,1,1,3
297,28,3,1,0,37,0.1961,1,0,0,1
245,23,4,2,0,31,0.0452,1,1,1,3
32,103,3,3,0,4,0.0962,0,0,0,0
263,18,3,1,1,42,0.1948,1,0,0,1
5,8,3,0,0,18,0.3007,1,1,1,3
64,61,1,2,0,39,0.4291,0,0,0,0
329,113,3,0,0,25,0.1276,1,0,0,1
274,82,1,0,0,12,0.4049,1,1,0,2
137,46,1,1,0,45,0.1997,0,0,0,0
213,67,1,0,0,8,0.2378,1,0,0,1
309,52,1,0,0,56,0.1949,1,1,1,3
398,28,3,1,0,12,0.1231,1,0,0,1
58,2,2,3,1,43,0.4326,1,1,0,2
260,20,1,3,0,9,0.0819,0,0,0,0
91,102,1,3,0,21,0.3889,0,0,0,0
102,16,1,2,1,52,0.5212,0,0,0,0
161,57,2,0,0,39,0.5125,1,0,0,1
45,86,2,0,0,57,0.411,1,0,0,1
365,6,2,3,0,40,0.3005,0,0,0,0
78,91,4,1,1,31,0.1131,1,1,1,3
368,37,1,0,0,42,0.2808,0,0,0,0
273,61,3,2,0,3,0.381,0,0,0,0
103,119,5,3,0,9,0.3089,1,1,1,3
33,70,2,1,0,23,0.2513,1,1,0,2
232,62,5,3,0,24,0.3684,1,1,0,2
145,16,2,2,0,44,0.2547,1,0,0,1
387,98,3,3,1,31,0.3741,1,1,1,3
40,98,5,3,0,34,0.1508,1,1,0,2
257,53,2,2,0,57,0.7262,1,1,0,2
73,118,3,1,0,50,0.1812,1,0,0,1
281,76,4,0,0,26,0.0969,1,0,0,1
201,49,2,3,0,36,0.184,0,0,0,0
349,75,2,1,1,28,0.5714,1,1,1,3
157,114,4,2,0,4,0.4925,1,1,1,3
131,59,3,1,0,51,0.3454,1,1,1,3
359,7,4,1,0,50,0.5253,0,0,0,0
227,37,2,1,1,36,0.1376,1,1,0,2
385,82,2,0,0,51,0.1035,0,0,0,0
66,118,1,1,0,4,0.2739,0,0,0,0
352,105,1,3,0,24,0.1263,0,0,0,0
172,109,1,1,0,14,0.1497,0,0,0,0
271,77,5,0,0,49,0.1873,1,1,1,3
188,39,4,2,1,48,0.2307,0,0,0,0
382,86,1,1,0,24,0.3274,0,0,0,0
389,33,3,1,0,42,0.4482,1,1,1,3
90,82,0,3,0,6,0.2017,0,0,0,0
366,38,5,0,0,2,0.6109,1,1,1,3
280,1,3,1,1,53,0.6147,1,1,0,2
75,109,1,0,1,3,0.4457,1,1,1,3
271,47,0,1,0,26,0.1185,0,0,0,0
119,22,2,0,0,37,0.0157,0,0,0,0
71,74,2,3,0,41,0.3268,0,0,0,0
372,12,2,1,0,2,0.2847,1,0,0,1
146,70,4,0,1,14,0.0555,1,1,1,3
227,0,3,3,1,34,0.2095,0,0,0,0
220,93,2,2,1,14,0.1188,0,0,0,0
115,39,1,2,0,23,0.4458,0,0,0,0
167,23,2,0,0,30,0.2516,1,1,1,3
292,62,4,3,1,18,0.4613,1,1,1,3
8,10,2,3,0,50,0.1894,0,0,0,0
81,25,4,1,1,16,0.5766,1,1,1,3
322,79,1,1,0,37,0.7651,0,0,0,0
267,26,2,0,0,0,0.1294,0,0,0,0
111,66,1,3,0,3,0.1183,0,0,0,0
55,104,2,0,0,59,0.553,0,0,0,0
208,50,1,2,0,34,0.1498,1,0,0,1
81,48,0,1,1,44,0.4894,0,0,0,0
30,64,3,1,0,53,0.3405,1,1,0,2
44,36,2,2,0,56,0.3458,0,0,0,0
139,84,2,1,0,44,0.0904,1,0,0,1
262,8,3,1,0,2,0.126,1,1,0,2
55,39,1,2,0,42,0.6391,0,0,0,0
61,28,2,1,0,6,0.0654,0,0,0,0
16,107,2,1,0,53,0.2966,0,0,0,0
186,43,2,2,0,28,0.1091,0,0,0,0
87,51,2,0,0,34,0.5594,0,0,0,0
30,56,4,0,1,2,0.2993,1,1,1,3
198,14,1,3,0,33,0.3617,0,0,0,0
218,52,1,0,0,14,0.1613,1,0,0,1
375,67,2,1,0,53,0.1172,0,0,0,0
354,102,2,0,1,40,0.0125,0,0,0,0
310,21,2,2,0,39,0.2079,0,0,0,0
6,44,3,1,0,6,0.1935,1,0,0,1
388,13,3,2,0,3,0.2889,0,0,0,0
344,69,2,0,0,46,0.7217,0,0,0,0
183,60,1,1,1,4,0.1695,1,0,0,1
39,73,5,1,0,52,0.3804,1,1,1,3
379,65,2,3,0,56,0.2956,0,0,0,0
47,62,1,1,0,3,0.1809,0,0,0,0
355,12,2,1,0,16,0.4015,0,0,0,0
257,60,1,2,0,48,0.6568,1,0,0,1
263,93,3,0,1,41,0.3967,1,0,0,1
142,72,1,3,0,49,0.4761,0,0,0,0
4,17,3,2,1,51,0.2891,1,0,0,1
373,84,0,2,0,46,0.204,0,0,0,0
206,105,4,1,0,51,0.0701,1,0,0,1
223,90,5,0,1,43,0.3332,1,1,1,3
276,10,2,1,0,6,0.3613,1,0,0,1
163,50,1,2,0,8,0.1971,0,0,0,0
313,89,3,1,0,6,0.4837,1,1,0,2
353,36,2,1,0,2,0.1614,1,1,0,2
71,114,1,2,0,48,0.1401,0,0,0,0
215,100,4,3,1,11,0.1068,1,0,0,1
26,12,3,2,0,56,0.4717,0,0,0,0
83,40,1,3,0,59,0.2278,0,0,0,0
291,56,3,1,0,6,0.2253,1,0,0,1
1,6,2,1,0,41,0.4226,0,0,0,0
168,91,2,0,0,37,0.131,0,0,0,0
227,117,1,0,1,15,0.5757,0,0,0,0
27,55,0,2,1,57,0.0567,0,0,0,0
2,6,2,2,0,0,0.5295,1,0,0,1
26,95,1,3,0,30,0.1406,0,0,0,0
5,33,3,3,0,7,0.2715,0,0,0,0
96,0,3,0,0,52,0.1427,0,0,0,0
316,24,3,1,1,19,0.2253,1,0,0,1
292,25,5,0,0,32,0.2141,1,1,0,2
168,42,3,2,1,58,0.1619,1,1,0,2
208,5,4,1,0,7,0.2936,1,1,0,2
346,48,2,3,0,12,0.2815,0,0,0,0
38,54,2,0,0,1,0.2115,1,1,1,3
270,14,1,0,0,20,0.3655,0,0,0,0
35,53,0,1,0,43,0.2833,0,0,0,0
23,9,4,0,0,18,0.6887,1,1,1,3
262,93,3,1,1,31,0.4849,1,1,1,3
250,77,5,2,0,30,0.0646,1,1,1,3
255,47,1,3,0,14,0.1335,0,0,0,0
60,115,3,0,1,41,0.3047,1,0,0,1
6,48,2,2,0,27,0.2383,1,0,0,1
172,45,2,1,1,36,0.1983,1,0,0,1
213,77,3,2,0,56,0.2135,0,0,0,0
385,50,0,2,0,55,0.0343,0,0,0,0
205,110,2,0,1,26,0.1364,1,1,0,2
269,4,3,0,1,14,0.118,1,1,1,3
24,93,3,2,0,46,0.4247,0,0,0,0
104,19,3,1,0,47,0.3771,1,0,0,1
292,46,1,3,0,41,0.2161,0,0,0,0
161,44,4,1,0,58,0.2905,0,0,0,0
73,50,0,1,0,51,0.2268,1,0,0,1
43,28,0,0,0,17,0.1061,1,0,0,1
24,2,5,3,0,55,0.2139,1,1,1,3
147,25,6,3,0,22,0.2084,1,1,1,3
174,5,1,2,0,0,0.2982,0,0,0,0
311,46,1,3,1,14,0.0656,0,0,0,0
0,44,3,1,1,51,0.4727,1,0,0,1
281,16,2,1,0,5,0.3927,0,0,0,0
164,105,5,0,1,38,0.1254,1,0,0,1
181,5,4,1,0,35,0.4799,1,0,0,1
153,21,3,2,0,33,0.1534,1,1,0,2
16,105,4,3,0,3,0.0934,1,0,0,1
34,22,3,2,1,43,0.537,0,0,0,0
188,62,4,1,1,53,0.4321,1,1,1,3
333,33,5,3,0,47,0.6679,1,1,1,3
80,111,3,2,1,17,0.2381,1,1,0,2
148,39,4,1,0,22,0.118,1,1,1,3
288,11,3,0,0,53,0.0857,1,1,0,2
276,59,3,2,0,41,0.4586,0,0,0,0
191,49,3,0,0,21,0.0989,0,0,0,0
282,94,1,1,0,40,0.0872,0,0,0,0
96,26,1,1,0,5,0.1053,0,0,0,0
202,44,2,0,0,11,0.252,1,1,0,2
196,99,2,2,1,59,0.122,1,1,1,3
11,29,5,0,0,33,0.7371,1,1,1,3
320,19,3,0,0,18,0.6091,1,1,1,3
186,78,1,2,0,43,0.2449,0,0,0,0
290,29,4,0,0,16,0.4163,1,1,1,3
67,117,1,2,0,59,0.2118,0,0,0,0
158,21,1,0,0,56,0.1557,0,0,0,0
354,57,2,0,0,12,0.5383,1,0,0,1
251,30,1,1,0,44,0.2073,0,0,0,0
90,38,0,3,0,6,0.2734,0,0,0,0
306,26,1,2,0,9,0.7073,0,0,0,0
168,93,1,1,0,31,0.1681,1,0,0,1
31,29,5,1,0,47,0.0696,1,1,1,3
11,36,3,1,0,7,0.3755,1,0,0,1
91,89,2,0,0,16,0.5516,0,0,0,0
62,11,2,1,1,4,0.16,0,0,0,0
388,35,6,3,1,38,0.1024,1,1,1,3
135,93,3,1,0,38,0.3566,1,0,0,1
100,14,1,2,0,47,0.1123,0,0,0,0
185,96,3,1,0,57,0.3778,1,0,0,1
46,9,2,3,0,14,0.7453,0,0,0,0
268,60,1,1,0,9,0.1694,0,0,0,0
53,119,5,0,1,23,0.1452,1,1,1,3
234,50,1,1,1,56,0.0837,0,0,0,0
337,60,2,0,0,39,0.2195,1,1,0,2
151,22,4,0,0,37,0.339,1,1,1,3
362,74,6,0,0,40,0.0586,1,1,1,3
302,53,3,0,0,55,0.3665,1,1,1,3
178,58,1,1,0,18,0.3595,0,0,0,0
345,82,2,3,0,50,0.2347,0,0,0,0
307,35,4,0,0,0,0.2727,1,1,1,3
218,26,1,0,0,7,0.2889,0,0,0,0
202,12,4,0,0,16,0.1368,1,1,1,3
64,22,2,1,0,52,0.047,1,0,0,1
107,75,1,2,0,56,0.2574,0,0,0,0
389,13,2,1,0,9,0.25,0,0,0,0
185,115,3,0,0,16,0.2888,1,1,1,3
37,101,1,1,0,37,0.1924,0,0,0,0
156,103,4,1,0,53,0.1438,1,1,1,3
307,0,2,3,0,32,0.3041,0,0,0,0
374,89,3,0,0,14,0.1496,1,1,0,2
236,47,1,3,1,20,0.281,0,0,0,0
73,88,0,1,1,58,0.2502,0,0,0,0
65,3,3,3,0,51,0.3761,1,0,0,1
190,38,3,2,0,34,0.1611,0,0,0,0
106,17,2,3,0,8,0.4761,1,0,0,1
343,30,1,1,0,47,0.2547,0,0,0,0
333,57,4,0,0,55,0.1097,1,1,1,3
36,101,1,3,0,19,0.2532,0,0,0,0
353,116,5,3,0,9,0.2162,1,1,1,3
196,27,5,0,0,5,0.2342,1,1,1,3
67,27,2,2,0,36,0.2623,1,0,0,1
382,113,1,0,0,4,0.226,0,0,0,0
399,47,0,0,0,4,0.2399,1,1,0,2
301,98,5,1,0,42,0.1663,1,1,1,3
133,4,2,2,0,52,0.0643,0,0,0,0
238,99,2,1,0,49,0.3056,0,0,0,0
296,58,1,1,1,36,0.4821,0,0,0,0
25,64,1,2,0,13,0.1313,0,0,0,0
151,118,3,1,1,16,0.3953,1,0,0,1
36,23,4,0,0,21,0.0919,1,1,0,2
363,39,4,2,0,28,0.5366,1,1,0,2
271,75,3,1,0,19,0.2024,1,0,0,1
267,0,2,1,0,9,0.2363,1,0,0,1
100,14,1,2,0,12,0.6165,0,0,0,0
325,24,3,1,0,52,0.0455,0,0,0,0
327,102,2,3,0,47,0.3236,0,0,0,0
343,104,3,1,1,17,0.6331,1,1,1,3
258,115,2,0,0,10,0.4323,1,1,0,2
215,38,1,0,1,34,0.4102,0,0,0,0
348,19,4,3,0,26,0.1164,1,0,0,1
241,65,5,0,0,7,0.4003,1,1,1,3
386,69,1,2,1,41,0.2206,0,0,0,0
109,92,3,3,1,28,0.1052,0,0,0,0
263,66,2,2,0,21,0.148,0,0,0,0
101,80,5,2,0,5,0.3698,1,1,1,3
291,2,4,2,0,15,0.2142,1,1,1,3
389,99,1,0,0,50,0.3528,1,0,0,1
231,31,2,2,0,21,0.2565,0,0,0,0
98,36,2,1,0,4,0.1733,1,0,0,1
126,63,3,3,0,27,0.103,0,0,0,0
393,61,1,0,0,27,0.5109,0,0,0,0
51,104,2,0,0,26,0.3132,1,0,0,1
329,114,4,0,0,39,0.2876,1,1,1,3
337,57,4,1,0,27,0.0861,1,1,1,3
280,108,2,2,0,27,0.1596,0,0,0,0
275,114,0,1,0,15,0.3593,0,0,0,0
117,66,2,1,0,13,0.5557,0,0,0,0
358,50,0,1,0,5,0.4055,0,0,0,0
234,92,3,1,0,11,0.1255,1,1,1,3
381,27,6,3,0,21,0.1661,1,1,1,3
375,65,4,2,0,12,0.3613,1,1,1,3
310,79,1,2,1,42,0.1128,0,0,0,0
125,116,6,3,0,9,0.127,1,1,1,3
333,45,5,1,1,57,0.5912,1,1,1,3
197,65,5,0,0,18,0.6776,1,1,1,3
356,109,2,1,1,6,0.2269,1,1,0,2
47,98,3,2,0,14,0.4354,0,0,0,0
380,104,4,1,0,34,0.4774,0,0,0,0
296,28,1,1,0,0,0.4921,0,0,0,0
248,88,0,1,0,9,0.5652,1,0,0,1
235,28,1,1,0,45,0.0619,0,0,0,0
367,105,2,3,0,15,0.3603,0,0,0,0
301,53,3,0,0,35,0.1086,1,1,0,2
275,80,0,2,0,17,0.4196,0,0,0,0
144,39,2,0,0,56,0.3682,0,0,0,0
377,94,2,1,0,3,0.2716,0,0,0,0
150,89,3,2,1,37,0.0667,0,0,0,0
222,40,2,2,0,36,0.242,0,0,0,0
363,3,5,1,1,44,0.2271,1,1,1,3
297,78,2,1,0,39,0.0817,1,0,0,1
298,52,3,1,0,59,0.2108,1,0,0,1
112,8,3,0,1,52,0.3694,1,0,0,1
395,116,2,0,0,40,0.1836,0,0,0,0
384,78,1,0,0,13,0.1455,0,0,0,0
243,51,1,2,1,10,0.1979,0,0,0,0
94,19,1,2,0,21,0.3895,0,0,0,0
66,43,1,2,1,34,0.8111,0,0,0,0
24,14,2,0,0,55,0.2707,0,0,0,0
33,100,3,3,0,34,0.3193,1,1,0,2
85,21,2,1,0,40,0.4442,0,0,0,0
312,35,1,0,0,46,0.1695,1,0,0,1
52,5,5,1,0,48,0.1036,1,1,1,3
211,110,3,1,1,56,0.2354,1,0,0,1
30,40,2,2,0,5,0.1386,0,0,0,0
104,62,3,1,0,39,0.6,1,0,0,1
364,17,2,3,0,32,0.1812,1,0,0,1
26,109,2,2,0,25,0.1338,1,0,0,1
194,102,1,3,0,51,0.0788,0,0,0,0
60,42,4,0,0,1,0.1249,0,0,0,0
92,27,4,2,0,35,0.43,0,0,0,0
397,58,1,2,0,11,0.3305,0,0,0,0
200,61,2,1,0,10,0.5881,1,0,0,1
133,93,1,1,1,10,0.3871,1,1,0,2
333,87,4,1,0,31,0.1183,1,0,0,1
337,57,4,1,0,37,0.3347,1,1,1,3
137,11,4,1,1,31,0.1053,1,1,1,3
51,32,2,2,0,7,0.3143,0,0,0,0
360,30,3,0,1,32,0.6672,1,0,0,1
282,4,3,1,1,33,0.0543,1,0,0,1
289,103,1,0,1,2,0.5898,1,1,1,3
236,84,2,2,0,46,0.2091,1,0,0,1
103,96,4,1,0,32,0.1789,1,0,0,1
340,38,3,1,0,37,0.4635,1,1,0,2
115,37,1,1,0,21,0.1162,0,0,0,0
200,22,2,2,0,43,0.2016,0,0,0,0
83,112,1,1,0,38,0.4235,0,0,0,0
340,54,3,1,0,9,0.1597,0,0,0,0
146,109,4,0,0,20,0.1434,1,1,1,3
135,88,1,1,0,48,0.2861,0,0,0,0
378,7,5,0,0,36,0.2199,1,1,1,3
45,26,2,1,0,29,0.2289,0,0,0,0
258,32,2,3,0,17,0.3196,0,0,0,0
119,70,1,2,0,3,0.3973,0,0,0,0
236,19,4,3,0,25,0.1424,0,0,0,0
3,88,1,1,1,50,0.1277,1,0,0,1
60,79,0,1,1,22,0.1891,0,0,0,0
333,56,2,2,0,42,0.1977,0,0,0,0
394,61,3,2,0,43,0.2967,0,0,0,0
24,25,6,0,1,27,0.3988,1,1,1,3
118,72,3,1,1,33,0.2697,1,1,1,3
209,33,1,2,0,22,0.3676,1,0,0,1
17,37,5,2,0,44,0.3533,1,1,0,2
139,38,3,1,0,21,0.3073,1,1,0,2
305,55,3,1,1,23,0.3416,1,0,0,1
32,28,2,2,0,22,0.4697,0,0,0,0
2,13,3,1,0,11,0.2465,1,1,1,3
116,8,2,0,0,50,0.048,1,0,0,1
282,39,3,2,0,45,0.1878,0,0,0,0
116,89,2,3,0,20,0.1269,0,0,0,0
282,40,0,2,0,4,0.3982,0,0,0,0
219,88,1,1,1,7,0.1535,0,0,0,0
133,40,2,1,0,45,0.1078,0,0,0,0
361,42,3,2,0,30,0.183,0,0,0,0
24,0,4,3,1,6,0.2734,1,1,0,2
15,87,4,1,0,15,0.2646,1,1,1,3
39,84,2,1,0,11,0.3897,1,1,0,2
327,14,1,3,1,27,0.5807,0,0,0,0
166,66,1,1,0,38,0.1365,0,0,0,0
143,83,1,0,1,2,0.3592,0,0,0,0
123,111,3,2,1,49,0.457,1,0,0,1
200,50,1,1,0,44,0.3615,0,0,0,0
340,88,0,1,0,29,0.2472,0,0,0,0
73,34,4,1,0,53,0.3525,1,1,1,3
381,75,3,2,0,53,0.1771,0,0,0,0
386,21,1,1,0,44,0.1632,0,0,0,0
68,16,1,0,0,32,0.042,1,1,0,2
92,19,3,1,0,34,0.0565,0,0,0,0
64,70,3,1,1,4,0.3829,1,1,1,3
98,86,4,3,0,38,0.3104,1,0,0,1
167,4,2,3,1,18,0.2912,1,0,0,1
296,61,2,0,0,25,0.1846,1,0,0,1
336,63,3,3,0,22,0.0777,0,0,0,0
15,49,1,1,0,14,0.1394,0,0,0,0
65,42,3,3,0,53,0.3306,0,0,0,0
17,6,3,3,0,40,0.2828,0,0,0,0
350,114,2,0,0,22,0.4148,0,0,0,0
375,59,4,2,0,1,0.5484,1,1,1,3
390,55,2,2,0,20,0.1349,1,0,0,1
120,80,4,3,1,10,0.3607,1,1,0,2
287,78,1,0,1,34,0.676,0,0,0,0
159,96,4,0,0,22,0.2008,1,1,1,3
9,31,2,0,1,48,0.2081,1,1,1,3
348,87,3,1,0,47,0.3263,1,1,1,3
212,36,1,0,0,50,0.0526,1,0,0,1
214,34,2,1,0,19,0.5504,1,0,0,1
201,95,2,0,0,11,0.6243,1,0,0,1
364,18,4,3,0,48,0.1403,0,0,0,0
45,19,2,0,0,1,0.3667,1,1,0,2
390,70,2,0,0,23,0.3379,1,0,0,1
134,87,2,1,0,27,0.1577,1,0,0,1
231,23,3,1,0,40,0.1279,0,0,0,0
152,59,4,1,1,20,0.1358,1,1,1,3
220,48,1,0,0,45,0.1964,0,0,0,0
136,85,3,1,0,38,0.2731,1,1,1,3
316,8,3,2,0,26,0.209,1,1,1,3
224,79,1,1,0,15,0.1891,0,0,0,0
384,114,1,1,0,54,0.386,0,0,0,0
141,15,1,1,0,52,0.2788,1,0,0,1
137,64,1,1,0,27,0.0347,0,0,0,0
287,83,2,0,0,53,0.3478,1,0,0,1
96,81,3,3,0,41,0.2455,0,0,0,0
317,86,4,2,0,8,0.3618,1,0,0,1
279,25,2,1,0,23,0.0789,1,0,0,1
196,31,2,3,0,18,0.2732,0,0,0,0
318,90,3,0,0,52,0.2641,1,0,0,1
153,59,4,3,0,16,0.2564,0,0,0,0
73,68,3,3,0,57,0.1525,0,0,0,0
337,112,2,1,0,31,0.1565,0,0,0,0
325,77,5,0,0,45,0.2612,1,1,1,3
198,88,2,1,0,10,0.1967,1,0,0,1
313,112,1,0,0,52,0.1044,0,0,0,0
215,24,1,3,0,26,0.0054,0,0,0,0
355,18,3,1,0,37,0.4212,1,1,0,2
15,10,3,2,0,43,0.2044,1,0,0,1
374,36,3,2,1,7,0.6484,1,1,0,2
126,1,2,3,0,50,0.1024,0,0,0,0
7,91,2,1,0,44,0.4211,0,0,0,0
119,23,4,3,1,16,0.0772,1,1,1,3
99,45,3,1,1,26,0.3882,1,0,0,1
108,11,3,1,0,15,0.3715,1,1,1,3
160,82,2,3,0,51,0.3385,0,0,0,0
315,50,0,1,1,24,0.1971,0,0,0,0
387,31,1,0,0,23,0.2046,1,0,0,1
62,78,2,1,0,55,0.3129,1,0,0,1
61,37,4,1,1,42,0.2227,1,1,0,2
248,115,0,0,1,56,0.1082,0,0,0,0
137,19,4,1,0,16,0.4068,1,0,0,1
326,26,1,1,1,21,0.0272,0,0,0,0
157,14,2,0,0,36,0.0911,0,0,0,0
99,75,2,1,0,50,0.6392,0,0,0,0
363,8,3,2,0,44,0.0575,0,0,0,0
282,68,4,2,0,41,0.7807,1,1,1,3
65,97,1,3,0,26,0.367,0,0,0,0
392,86,5,2,0,8,0.0925,1,1,1,3
341,2,2,1,0,20,0.2661,1,1,0,2
283,54,2,0,0,5,0.0852,1,0,0,1
378,7,5,0,0,44,0.0869,1,1,1,3
249,19,2,3,0,2,0.0891,0,0,0,0
10,16,2,1,0,31,0.0984,1,1,0,2
255,107,2,1,1,19,0.2098,1,1,1,3
92,106,1,0,0,46,0.2739,0,0,0,0
315,6,1,3,0,7,0.2692,0,0,0,0
156,58,1,0,0,57,0.1479,1,0,0,1
210,61,3,2,1,27,0.1428,1,0,0,1
254,55,3,1,1,31,0.0497,0,0,0,0
326,88,1,1,0,32,0.4452,0,0,0,0
130,68,1,2,0,4,0.1638,1,0,0,1
51,109,3,1,1,15,0.2688,1,1,1,3
327,99,2,1,0,16,0.2018,1,0,0,1
164,58,2,2,0,28,0.3978,0,0,0,0
225,5,3,2,1,8,0.2913,1,0,0,1
31,21,3,1,0,55,0.2745,1,1,0,2
152,46,0,1,0,39,0.3988,0,0,0,0
356,18,4,1,0,29,0.3129,1,1,0,2
3,100,3,0,1,33,0.4843,1,1,1,3
43,37,1,0,1,51,0.3794,0,0,0,0
6,104,2,0,1,31,0.3849,1,1,0,2
322,119,5,3,0,26,0.0749,1,1,1,3
321,43,2,1,0,1,0.4906,0,0,0,0
310,82,2,0,0,16,0.172,1,1,0,2
55,72,2,2,0,50,0.1857,0,0,0,0
266,1,2,3,0,38,0.538,0,0,0,0
103,27,7,3,0,39,0.4602,1,1,1,3
249,103,5,0,0,46,0.208,1,1,1,3
215,99,1,2,1,27,0.4585,0,0,0,0
382,98,1,2,0,58,0.3078,0,0,0,0
285,81,3,1,0,30,0.2846,1,0,0,1
38,1,4,2,1,45,0.3865,1,1,0,2
315,22,1,0,0,59,0.2109,0,0,0,0
192,58,2,1,0,22,0.1379,1,1,0,2
124,90,6,0,1,57,0.2153,1,1,1,3
112,50,0,2,1,40,0.526,0,0,0,0
176,106,3,0,0,21,0.1185,1,1,0,2
298,40,2,1,0,57,0.2929,1,1,0,2
69,8,3,1,0,45,0.3971,0,0,0,0
86,7,4,3,1,27,0.249,1,1,0,2
222,14,2,2,0,24,0.1161,1,0,0,1
94,3,1,2,1,36,0.3099,0,0,0,0
291,104,4,1,0,12,0.5643,1,1,1,3
355,20,3,1,0,15,0.1114,1,1,1,3
350,37,3,1,0,14,0.2764,0,0,0,0
241,63,3,3,0,34,0.0821,0,0,0,0
139,85,3,1,0,13,0.1218,1,0,0,1
122,10,2,2,1,57,0.2348,0,0,0,0
11,9,5,2,0,32,0.143,1,1,1,3
246,106,4,0,0,42,0.325,1,1,1,3
127,47,1,1,0,20,0.2784,0,0,0,0
352,9,3,0,0,24,0.3421,1,1,1,3
75,77,2,1,1,24,0.1811,0,0,0,0
353,13,2,1,0,44,0.0406,1,0,0,1
295,25,4,2,1,24,0.3897,1,0,0,1
175,44,2,1,0,4,0.4318,1,0,0,1
354,77,2,2,0,12,0.3094,1,0,0,1
31,60,1,0,0,25,0.1438,1,0,0,1
150,2,3,2,1,5,0.2354,1,1,1,3
181,47,1,1,0,31,0.1423,0,0,0,0
6,107,3,1,0,45,0.335,1,1,0,2
302,91,4,0,0,10,0.4088,1,1,1,3
212,88,0,1,0,47,0.1609,0,0,0,0
393,116,3,3,0,33,0.2304,0,0,0,0
391,104,2,0,0,12,0.1707,1,1,0,2
176,15,2,1,0,36,0.3954,1,1,0,2
0,71,2,1,0,54,0.0783,0,0,0,0
171,115,3,2,0,1,0.2486,1,0,0,1
318,103,5,3,0,49,0.1898,1,1,1,3
329,32,2,2,0,34,0.4323,0,0,0,0
319,48,1,0,0,12,0.1911,0,0,0,0
41,9,5,2,0,57,0.2014,1,1,1,3
135,0,3,2,0,6,0.1778,1,1,1,3
104,88,2,0,0,30,0.1012,0,0,0,0
5,90,1,3,0,57,0.5097,0,0,0,0
185,64,1,0,0,48,0.306,0,0,0,0
269,103,3,3,0,20,0.1305,1,1,0,2
317,112,2,1,1,11,0.2669,1,1,1,3
341,113,2,0,1,47,0.2965,1,1,1,3
193,103,4,2,0,12,0.1072,1,1,1,3
329,89,3,1,1,17,0.2875,1,1,1,3
8,103,3,3,0,50,0.5474,1,0,0,1
246,42,5,1,0,44,0.0867,1,1,0,2
171,17,2,2,1,34,0.0793,0,0,0,0
195,116,6,0,0,58,0.2529,1,1,0,2
100,88,0,0,0,57,0.1953,0,0,0,0
234,111,2,1,1,13,0.2246,1,1,0,2
399,89,3,0,1,20,0.4076,1,1,1,3
112,108,2,3,0,47,0.5713,1,0,0,1
138,73,3,1,0,10,0.2967,1,0,0,1
128,63,2,3,0,42,0.1451,0,0,0,0
305,60,2,1,1,51,0.3445,0,0,0,0
45,100,3,0,0,47,0.0943,1,0,0,1
69,68,2,1,0,53,0.0271,0,0,0,0
73,8,3,3,0,41,0.1746,0,0,0,0
269,19,3,0,0,25,0.4349,1,1,1,3
197,89,4,0,0,38,0.3869,1,1,1,3
281,14,1,3,0,40,0.4735,0,0,0,0
178,14,0,0,1,19,0.1529,0,0,0,0
256,18,3,2,0,14,0.289,0,0,0,0
13,109,4,1,0,45,0.3682,1,1,1,3
189,59,5,1,0,50,0.0928,1,1,0,2
190,47,2,1,1,53,0.1801,0,0,0,0
44,97,2,0,0,29,0.2241,1,0,0,1
327,61,4,3,0,10,0.1636,1,1,0,2
297,82,3,0,0,53,0.6629,0,0,0,0
259,44,1,1,0,5,0.1649,0,0,0,0
153,71,0,1,0,55,0.2164,0,0,0,0
347,14,0,0,1,2,0.1733,0,0,0,0
62,117,1,2,0,1,0.3646,1,0,0,1
131,112,2,0,0,0,0.3552,0,0,0,0
351,84,3,0,0,50,0.3893,1,0,0,1
57,47,1,1,1,47,0.5724,1,0,0,1
254,82,1,2,0,48,0.1949,0,0,0,0
42,104,2,0,0,12,0.4377,1,0,0,1
153,97,1,3,0,57,0.0331,0,0,0,0
314,95,2,1,0,9,0.3601,0,0,0,0
136,50,1,1,0,52,0.356,0,0,0,0
195,52,4,1,0,22,0.5566,1,1,1,3
267,40,2,2,0,7,0.1015,1,0,0,1
252,37,5,1,0,25,0.0426,1,1,1,3
75,59,2,2,0,55,0.2377,0,0,0,0
55,1,1,2,1,42,0.2104,0,0,0,0
364,57,2,0,0,48,0.2327,1,0,0,1
338,65,4,1,0,37,0.1317,1,1,0,2
337,3,5,2,0,41,0.372,1,1,1,3
150,75,1,0,0,29,0.1601,1,0,0,1
144,58,1,1,0,1,0.2382,0,0,0,0
323,26,1,1,0,2,0.3655,0,0,0,0
349,83,3,1,1,32,0.2041,1,1,0,2
0,117,1,0,1,52,0.1051,0,0,0,0
376,67,2,3,0,20,0.1886,0,0,0,0
106,14,0,0,0,47,0.0286,0,0,0,0
180,106,3,1,1,42,0.311,1,1,1,3
159,78,1,1,0,28,0.3884,0,0,0,0
208,85,6,2,0,9,0.2385,1,1,1,3
154,116,3,1,0,11,0.5173,1,1,0,2
88,78,3,1,0,58,0.0971,1,0,0,1
51,69,2,1,0,12,0.2862,0,0,0,0
370,118,3,2,0,29,0.324,0,0,0,0
84,13,3,1,1,36,0.2307,1,1,1,3
358,9,3,3,0,27,0.2886,1,0,0,1
59,79,0,0,0,32,0.5939,0,0,0,0
96,62,5,0,1,18,0.4926,1,1,1,3
364,66,0,0,0,39,0.5021,0,0,0,0
152,82,3,2,0,57,0.2983,0,0,0,0
115,1,2,2,0,33,0.514,1,1,1,3
227,101,3,3,1,43,0.2719,0,0,0,0
53,86,3,3,1,56,0.3613,1,0,0,1
191,101,3,0,0,5,0.3169,0,0,0,0
275,111,1,1,0,40,0.2014,1,0,0,1
93,68,3,0,0,12,0.3857,1,1,1,3
37,7,1,2,0,27,0.181,0,0,0,0
286,48,3,0,0,15,0.2361,0,0,0,0
149,48,1,3,0,46,0.304,0,0,0,0
193,105,2,1,1,9,0.189,1,1,0,2
394,31,3,1,0,10,0.2729,0,0,0,0
390,91,2,0,0,56,0.3273,1,0,0,1
392,75,2,0,0,48,0.694,1,0,0,1
29,37,3,2,1,14,0.0949,1,0,0,1
30,79,1,0,0,15,0.5651,0,0,0,0
354,85,2,2,0,49,0.0446,0,0,0,0
252,98,6,2,1,4,0.321,1,1,1,3
164,79,0,1,1,32,0.7101,0,0,0,0
331,105,4,0,0,38,0.1661,1,1,1,3
126,11,3,0,1,27,0.115,1,1,1,3
349,44,2,1,0,52,0.3434,0,0,0,0
283,47,1,1,0,16,0.4863,1,0,0,1
267,89,2,1,1,34,0.2248,0,0,0,0
367,100,4,3,0,28,0.373,1,0,0,1
76,64,2,0,0,3,0.2336,0,0,0,0
141,76,3,1,1,45,0.1313,1,1,1,3
381,32,1,3,0,57,0.3115,0,0,0,0
359,9,4,1,1,59,0.3214,1,1,0,2
356,87,3,1,1,48,0.2645,1,1,1,3
341,20,2,1,0,20,0.2076,1,0,0,1
98,90,4,3,0,2,0.2025,1,1,1,3
319,117,2,0,0,48,0.2285,0,0,0,0
38,8,3,2,0,7,0.0968,1,0,0,1
380,93,4,1,0,43,0.0287,0,0,0,0
257,102,1,3,0,26,0.4415,0,0,0,0
338,82,2,2,0,33,0.2181,0,0,0,0
243,29,2,1,0,41,0.0986,0,0,0,0
116,63,3,0,0,7,0.1714,1,0,0,1
70,35,6,3,0,1,0.5676,1,1,0,2
6,86,4,1,0,46,0.266,1,1,1,3
160,96,3,1,0,47,0.1921,0,0,0,0
52,65,5,1,0,25,0.1417,1,0,0,1
326,82,1,1,0,32,0.4603,1,0,0,1
101,26,1,1,1,27,0.3255,1,0,0,1
189,6,0,2,0,40,0.1222,0,0,0,0
89,34,4,1,0,3,0.121,1,1,1,3
96,83,1,2,1,36,0.0352,0,0,0,0
211,47,2,2,0,50,0.1742,0,0,0,0
244,111,2,2,1,34,0.6708,0,0,0,0
107,53,2,2,0,3,0.6095,0,0,0,0
63,35,6,1,0,42,0.3751,1,1,1,3
367,29,3,2,0,23,0.218,0,0,0,0
356,52,5,0,0,35,0.1188,0,0,0,0
247,81,2,1,0,34,0.6484,1,1,1,3
86,67,2,3,1,52,0.2359,0,0,0,0
192,69,1,1,1,15,0.529,0,0,0,0
340,59,5,2,0,31,0.4195,1,1,0,2
274,81,2,0,0,51,0.1368,0,0,0,0
32,52,3,1,0,48,0.2582,0,0,0,0
336,113,3,1,0,35,0.3029,0,0,0,0
186,5,3,2,1,56,0.6705,0,0,0,0
69,54,3,1,1,35,0.3795,1,1,1,3
289,90,3,3,1,17,0.2677,0,0,0,0
344,32,3,1,0,55,0.0803,0,0,0,0
187,19,3,3,1,40,0.1625,0,0,0,0
170,49,0,3,0,53,0.3014,0,0,0,0
149,94,2,2,0,15,0.2835,0,0,0,0
109,94,2,2,0,58,0.2234,0,0,0,0
138,87,4,0,1,42,0.4251,1,1,1,3
141,72,2,2,1,9,0.1903,1,0,0,1
217,78,2,2,0,47,0.1934,0,0,0,0
178,7,2,0,0,27,0.4952,1,0,0,1
263,115,1,1,0,20,0.2683,0,0,0,0
386,23,5,3,0,6,0.3633,1,1,1,3
168,62,2,2,0,39,0.1845,1,0,0,1
146,83,3,0,0,35,0.5084,1,0,0,1
112,56,3,2,0,36,0.232,0,0,0,0
225,113,2,1,0,11,0.2009,1,0,0,1
40,18,4,0,0,7,0.1613,1,1,1,3
388,11,3,0,0,47,0.0841,0,0,0,0
127,60,2,1,1,5,0.2908,1,1,0,2
386,38,2,3,0,33,0.182,0,0,0,0
115,19,3,1,0,13,0.392,1,1,0,2
377,36,4,1,0,0,0.3349,1,1,0,2
312,36,0,1,0,56,0.1975,0,0,0,0
228,107,3,1,1,29,0.0323,1,0,0,1
24,112,2,2,0,19,0.4485,0,0,0,0
293,31,3,2,0,17,0.1619,1,0,0,1
232,12,4,1,0,9,0.4202,1,1,1,3
44,110,3,1,0,25,0.0657,1,0,0,1
299,84,2,1,0,25,0.3261,0,0,0,0
320,17,2,0,0,18,0.1885,0,0,0,0
3,11,1,0,0,55,0.7422,0,0,0,0
75,118,2,1,0,6,0.3838,0,0,0,0
7,32,1,2,1,54,0.1473,0,0,0,0
17,71,2,2,0,36,0.3251,0,0,0,0
160,88,0,1,0,10,0.0801,0,0,0,0
164,25,5,3,0,17,0.6412,1,1,0,2
90,111,1,1,0,17,0.3054,0,0,0,0
335,1,3,0,0,50,0.1654,1,1,0,2
221,28,0,2,1,57,0.0472,0,0,0,0
378,87,6,1,1,24,0.1946,1,1,1,3
287,109,4,0,0,29,0.251,1,1,1,3
225,91,1,2,0,4,0.4703,0,0,0,0
342,27,3,2,1,39,0.1848,1,0,0,1
119,46,1,0,0,4,0.3332,0,0,0,0
192,118,0,0,0,16,0.3768,0,0,0,0
279,25,2,1,0,8,0.4428,1,0,0,1
238,2,3,0,0,36,0.286,0,0,0,0
58,28,0,1,1,50,0.4733,0,0,0,0
46,28,1,2,0,52,0.3962,0,0,0,0
332,54,3,0,0,59,0.0495,1,0,0,1
278,77,4,1,0,49,0.3239,1,0,0,1
332,58,4,1,0,19,0.3931,1,1,1,3
125,110,3,2,0,52,0.4444,0,0,0,0
187,5,3,1,0,47,0.2743,0,0,0,0
354,17,0,3,0,23,0.2661,0,0,0,0
333,24,2,3,0,53,0.2379,0,0,0,0
142,0,3,0,0,5,0.1934,1,1,1,3
250,29,6,2,1,14,0.3561,1,1,1,3
100,43,1,1,0,35,0.3002,0,0,0,0
72,75,2,2,1,56,0.2528,0,0,0,0
79,112,2,2,0,14,0.1843,0,0,0,0
37,8,1,2,0,12,0.0494,0,0,0,0
37,44,0,1,0,39,0.132,0,0,0,0
329,47,2,1,0,4,0.1987,1,1,0,2
79,83,3,1,0,38,0.0787,1,1,0,2
288,61,3,3,0,1,0.0588,1,0,0,1
302,47,2,2,0,47,0.3777,0,0,0,0
71,48,1,0,0,1,0.4254,1,0,0,1
82,5,3,2,0,2,0.4316,1,1,1,3
297,101,2,3,0,53,0.6434,0,0,0,0
295,13,2,1,1,27,0.1051,1,0,0,1
71,87,3,1,1,4,0.2765,1,1,0,2
345,58,3,2,0,51,0.616,0,0,0,0
167,32,0,0,1,10,0.0506,0,0,0,0
217,68,5,3,0,44,0.2341,0,0,0,0
155,14,0,3,0,58,0.1097,0,0,0,0
231,41,2,0,0,20,0.4128,0,0,0,0
232,107,2,1,0,40,0.1938,1,0,0,1
82,24,1,0,0,10,0.389,1,1,0,2
87,24,3,2,0,35,0.3085,1,0,0,1
168,93,1,1,0,6,0.0941,1,0,0,1
358,37,1,2,0,55,0.4598,0,0,0,0
140,87,4,1,0,57,0.5048,1,1,0,2
327,73,4,3,0,35,0.1583,0,0,0,0
118,61,3,1,0,4,0.5053,1,1,1,3
71,88,0,2,0,51,0.6278,0,0,0,0
140,77,4,2,0,33,0.1937,0,0,0,0
285,27,4,1,0,27,0.4203,0,0,0,0
52,47,1,1,0,54,0.2732,1,0,0,1
36,43,3,1,0,19,0.303,0,0,0,0
126,66,1,3,0,15,0.5414,0,0,0,0
45,87,3,2,0,52,0.252,1,0,0,1
235,32,1,2,0,49,0.078,0,0,0,0
319,115,4,3,0,38,0.3591,0,0,0,0
346,34,4,1,0,58,0.0948,1,1,0,2
352,37,1,1,0,59,0.3469,0,0,0,0
206,84,1,0,0,53,0.4027,1,0,0,1
317,58,2,0,0,49,0.2892,1,0,0,1
100,43,1,1,0,3,0.3694,0,0,0,0
151,95,1,3,1,0,0.2584,0,0,0,0
107,9,1,3,0,38,0.2261,0,0,0,0
123,95,2,0,0,38,0.5081,0,0,0,0
31,95,2,1,0,19,0.2203,1,0,0,1
397,46,2,0,1,9,0.1668,1,1,1,3
241,49,3,0,0,3,0.399,1,0,0,1
2,50,1,0,1,57,0.4175,1,1,0,2
271,43,2,1,0,7,0.143,1,0,0,1
222,12,3,1,0,20,0.5447,1,1,0,2
299,116,4,0,0,50,0.4291,1,1,1,3
91,63,2,3,1,26,0.1936,1,0,0,1
19,26,2,2,0,59,0.2662,1,1,1,3
180,75,2,0,0,34,0.4116,0,0,0,0
201,34,2,2,1,14,0.4317,1,1,1,3
396,44,2,1,0,39,0.2003,1,1,1,3
59,1,5,2,0,44,0.1024,1,1,1,3
144,4,2,3,0,41,0.2608,0,0,0,0
295,79,0,0,0,12,0.3335,0,0,0,0
350,46,1,1,0,10,0.4085,0,0,0,0
128,98,4,3,0,31,0.3339,1,0,0,1
134,72,2,0,1,26,0.2591,1,1,0,2
194,16,3,1,0,55,0.4461,0,0,0,0
112,15,1,3,0,20,0.5828,0,0,0,0
261,42,4,1,0,43,0.1451,0,0,0,0
100,119,4,2,0,27,0.2509,1,1,0,2
360,95,1,0,0,13,0.2196,0,0,0,0
91,9,2,3,0,46,0.5071,0,0,0,0
15,11,3,1,1,58,0.6834,1,1,1,3
141,2,1,1,0,41,0.1221,0,0,0,0
16,39,5,0,0,13,0.4115,1,1,1,3
82,114,3,1,1,38,0.2049,1,1,0,2
148,108,2,2,0,52,0.1885,0,0,0,0
351,97,2,1,0,36,0.2968,0,0,0,0
7,21,3,0,0,6,0.1545,0,0,0,0
197,50,0,1,0,27,0.1938,0,0,0,0
243,20,1,0,0,44,0.3221,0,0,0,0
380,52,5,1,0,28,0.4562,1,1,0,2
157,11,3,3,1,34,0.4266,0,0,0,0
335,35,5,0,0,48,0.4541,1,1,1,3
82,95,2,3,0,1,0.2143,0,0,0,0
20,4,5,2,0,38,0.3134,1,1,1,3
291,67,2,1,0,6,0.0427,0,0,0,0
317,49,3,2,1,0,0.3716,1,0,0,1
82,69,2,2,0,14,0.3639,0,0,0,0
52,118,1,0,0,18,0.066,1,1,0,2
165,53,2,1,0,27,0.2596,1,0,0,1
18,114,1,1,0,34,0.5326,0,0,0,0
264,39,4,0,0,20,0.3631,1,1,1,3
251,116,2,2,1,43,0.2482,0,0,0,0
355,31,3,1,1,12,0.1998,1,0,0,1
193,9,3,2,0,1,0.2709,0,0,0,0
363,1,2,2,0,44,0.4416,0,0,0,0
233,34,5,1,0,33,0.2238,1,1,1,3
24,10,3,0,0,45,0.1412,0,0,0,0
22,98,3,3,1,45,0.3701,1,0,0,1
314,47,0,2,0,13,0.2325,0,0,0,0
150,117,1,1,0,26,0.2875,0,0,0,0
61,102,3,0,0,7,0.1598,1,0,0,1
27,28,1,0,0,31,0.4127,1,0,0,1
373,66,0,0,0,21,0.3196,1,0,0,1
78,10,2,0,0,37,0.4979,1,0,0,1
31,33,5,2,1,6,0.2589,1,1,1,3
31,47,2,2,1,58,0.3537,1,0,0,1
254,114,3,0,0,38,0.1328,1,1,0,2
243,58,1,2,0,41,0.3198,0,0,0,0
23,31,4,3,1,14,0.2241,0,0,0,0
246,29,3,0,0,8,0.1915,1,1,1,3
109,119,2,3,0,8,0.095,0,0,0,0
103,39,6,3,0,49,0.3762,1,1,0,2
179,84,3,1,0,50,0.1832,1,0,0,1
41,1,3,2,0,45,0.2795,0,0,0,0
65,44,2,1,0,5,0.1549,0,0,0,0
397,45,3,2,1,10,0.1719,0,0,0,0
159,57,3,2,1,29,0.3985,1,1,1,3
180,18,5,2,0,5,0.6523,1,1,1,3
213,26,1,2,0,37,0.1533,0,0,0,0
258,56,3,1,0,8,0.2187,1,1,0,2
101,52,3,1,0,6,0.084,1,0,0,1
8,59,3,0,1,23,0.4004,1,1,1,3
169,28,2,1,0,39,0.1031,0,0,0,0
330,5,1,1,0,29,0.2682,0,0,0,0
101,79,1,1,1,44,0.6084,0,0,0,0
32,85,4,1,0,11,0.1281,1,1,1,3
242,95,1,2,0,56,0.4691,0,0,0,0
135,114,1,1,0,39,0.1852,1,0,0,1
96,39,2,3,1,11,0.1573,0,0,0,0
11,109,4,1,0,49,0.5586,1,1,0,2
392,36,2,0,0,33,0.0975,0,0,0,0
9,103,2,3,0,38,0.2177,0,0,0,0
169,56,3,0,0,16,0.1479,1,0,0,1
123,79,1,2,0,33,0.325,0,0,0,0
116,70,2,1,1,0,0.1585,1,0,0,1
81,51,2,0,1,48,0.6746,1,1,0,2
247,44,1,0,0,19,0.1316,0,0,0,0
197,103,3,3,0,47,0.2527,0,0,0,0
330,37,2,1,0,24,0.4101,1,0,0,1
182,26,0,2,0,25,0.0615,0,0,0,0
48,117,1,2,0,59,0.1938,0,0,0,0
358,91,2,2,0,2,0.106,0,0,0,0
96,29,2,1,1,28,0.2568,1,0,0,1
152,0,3,1,0,36,0.2325,0,0,0,0
278,48,1,1,1,24,0.0705,1,1,0,2
55,36,1,1,0,21,0.3427,0,0,0,0
266,63,2,3,0,44,0.0885,0,0,0,0
229,48,1,1,0,55,0.1714,0,0,0,0
77,119,5,1,0,38,0.3578,1,1,1,3
69,108,2,2,1,24,0.3827,1,0,0,1
305,87,3,1,0,50,0.1647,0,0,0,0
88,66,3,2,1,26,0.1836,1,1,1,3
145,0,5,3,0,7,0.1449,1,1,1,3
104,90,2,1,0,50,0.0199,0,0,0,0
138,66,2,1,1,27,0.416,0,0,0,0
222,103,4,2,0,33,0.1521,1,1,0,2
23,54,2,2,0,37,0.5081,0,0,0,0
335,63,1,0,1,29,0.2549,1,1,0,2
82,53,2,2,0,55,0.2135,1,0,0,1
154,112,1,0,0,36,0.1014,0,0,0,0
9,97,1,0,1,16,0.195,1,1,1,3
157,63,2,0,0,12,0.1891,0,0,0,0
70,15,2,0,0,49,0.1717,1,1,1,3
378,109,4,1,1,42,0.3637,1,1,1,3
51,23,4,2,0,24,0.2665,0,0,0,0
396,49,2,3,0,50,0.6857,0,0,0,0
80,71,3,1,0,46,0.1915,0,0,0,0
266,7,3,3,0,10,0.5138,1,1,0,2
163,79,1,2,0,27,0.1509,0,0,0,0
60,4,4,0,1,26,0.1853,1,1,1,3
80,54,2,2,0,6,0.1676,0,0,0,0
376,71,1,2,0,7,0.2642,0,0,0,0
140,89,3,3,1,51,0.2224,0,0,0,0
370,83,3,1,0,48,0.2451,1,1,0,2
282,12,3,1,0,22,0.5024,1,1,1,3
124,7,5,3,0,1,0.6873,1,1,1,3
127,109,2,1,0,26,0.1386,1,0,0,1
51,60,2,1,0,20,0.2645,0,0,0,0
373,0,1,3,0,55,0.5955,0,0,0,0
284,75,3,1,0,5,0.3419,0,0,0,0
392,56,3,1,1,54,0.1571,1,1,0,2
374,89,3,0,0,47,0.2732,1,1,1,3
170,10,1,0,0,26,0.1371,0,0,0,0
310,19,3,3,0,6,0.5203,1,1,0,2
180,73,2,1,1,12,0.1977,1,1,1,3
2,56,2,0,0,20,0.1446,1,1,0,2
124,79,2,1,0,35,0.1617,1,0,0,1
9,91,1,2,1,59,0.198,0,0,0,0
283,114,1,0,0,40,0.2594,0,0,0,0
315,66,1,3,1,22,0.2341,0,0,0,0
141,92,1,2,0,29,0.2702,1,0,0,1
367,99,1,2,0,5,0.3201,0,0,0,0
245,43,2,1,0,11,0.0302,0,0,0,0
336,29,6,1,0,57,0.2773,1,1,1,3
42,44,3,1,1,22,0.2247,1,1,1,3
225,37,2,2,0,59,0.1977,0,0,0,0
100,18,4,1,0,49,0.4496,1,1,1,3
133,38,2,1,1,43,0.4503,0,0,0,0
371,39,2,0,0,51,0.3674,0,0,0,0
159,83,2,1,0,1,0.1926,1,0,0,1
158,21,1,0,0,54,0.2951,1,0,0,1
31,36,4,0,0,32,0.5151,1,1,1,3
161,60,1,1,0,42,0.2482,0,0,0,0
213,73,1,0,0,57,0.1599,0,0,0,0
3,107,0,2,0,9,0.5893,0,0,0,0
275,42,0,2,0,24,0.3508,0,0,0,0
371,65,4,3,0,19,0.3257,1,1,0,2
182,39,3,0,0,22,0.2206,1,0,0,1
60,111,4,1,0,36,0.1942,1,0,0,1
57,53,1,1,1,49,0.2946,0,0,0,0
203,28,2,0,0,14,0.0915,1,0,0,1
327,35,5,3,0,48,0.1259,1,0,0,1
381,58,4,2,0,24,0.2492,1,0,0,1
324,46,2,0,0,17,0.1316,0,0,0,0
104,12,3,1,0,21,0.3468,1,0,0,1
16,108,1,3,0,47,0.2703,0,0,0,0
280,22,3,2,0,6,0.1555,0,0,0,0
322,111,5,1,0,45,0.0516,1,0,0,1
305,92,2,2,0,50,0.0201,0,0,0,0
30,9,4,2,0,44,0.4897,1,1,1,3
395,87,4,2,1,26,0.1139,1,1,1,3
268,9,3,0,0,33,0.2704,1,0,0,1
386,106,3,1,0,53,0.2165,0,0,0,0
17,114,3,1,0,52,0.3232,1,1,0,2
364,84,1,2,0,6,0.5266,0,0,0,0
96,101,3,0,0,38,0.44,1,1,1,3
122,3,2,1,0,22,0.1359,0,0,0,0
246,91,3,1,0,9,0.1991,1,1,1,3
26,25,4,3,0,3,0.5868,0,0,0,0
29,57,4,3,0,38,0.2008,0,0,0,0
237,108,1,1,1,29,0.1703,0,0,0,0
274,116,3,3,0,44,0.0925,1,0,0,1
242,75,2,1,0,0,0.2429,0,0,0,0
27,54,1,1,0,34,0.0932,1,0,0,1
309,93,1,0,1,17,0.1792,1,1,0,2
2,20,2,1,1,37,0.4477,1,1,0,2
368,71,0,0,0,57,0.0895,0,0,0,0
328,25,6,0,0,58,0.4751,1,1,1,3
175,74,2,3,0,8,0.2235,0,0,0,0
307,36,3,1,0,13,0.1787,1,0,0,1
272,26,0,1,0,49,0.5593,0,0,0,0
202,75,2,0,0,31,0.3532,0,0,0,0
348,41,5,1,0,28,0.2414,1,1,0,2
233,55,3,0,1,31,0.4436,1,1,0,2
18,93,3,1,0,44,0.3458,0,0,0,0
189,0,3,1,0,8,0.1231,0,0,0,0
296,63,1,0,0,45,0.453,0,0,0,0
204,1,2,1,0,51,0.1865,1,0,0,1
234,3,4,2,0,23,0.1115,1,0,0,1
368,106,0,1,0,42,0.214,0,0,0,0
275,40,1,1,0,34,0.2214,0,0,0,0
7,15,1,1,1,16,0.3799,0,0,0,0
21,69,3,0,0,16,0.2274,1,1,0,2
56,105,2,0,0,29,0.0913,1,1,0,2
334,33,3,2,0,52,0.3283,0,0,0,0
18,112,2,1,1,0,0.3958,1,0,0,1
253,42,4,0,0,22,0.1432,1,1,1,3
248,50,0,1,0,0,0.5709,0,0,0,0
173,6,4,0,0,50,0.0802,1,1,0,2
169,76,3,1,0,56,0.1581,1,1,0,2
399,81,2,3,1,31,0.0651,0,0,0,0
147,26,1,1,0,3,0.3177,0,0,0,0
116,117,1,0,0,25,0.1655,0,0,0,0
206,56,2,0,1,55,0.2535,1,0,0,1
129,4,2,3,0,57,0.1617,0,0,0,0
179,77,4,1,0,11,0.4197,1,1,1,3
351,66,4,2,0,23,0.267,1,1,1,3
158,58,3,1,0,46,0.0883,1,0,0,1
130,80,4,1,0,59,0.2623,1,1,1,3
55,23,3,2,0,49,0.18,0,0,0,0
296,112,0,2,0,5,0.1154,0,0,0,0
132,77,6,1,1,43,0.5126,1,1,1,3
144,42,2,3,0,42,0.2116,0,0,0,0
316,69,2,1,1,20,0.1189,1,0,0,1
27,77,2,1,0,53,0.3496,0,0,0,0
46,26,1,1,1,39,0.1078,0,0,0,0
78,110,1,2,0,10,0.0813,0,0,0,0
273,40,2,2,0,44,0.2537,0,0,0,0
265,96,6,0,0,25,0.2105,1,1,1,3
166,24,2,2,0,52,0.1816,0,0,0,0
71,114,1,2,0,37,0.2124,0,0,0,0
23,79,2,2,0,52,0.1961,0,0,0,0
123,59,6,3,0,32,0.2921,1,0,0,1
323,62,5,2,0,37,0.4685,1,1,0,2
93,114,2,2,1,28,0.177,0,0,0,0
108,88,0,0,0,57,0.1088,0,0,0,0
156,103,4,1,0,36,0.6298,1,1,1,3
131,80,4,1,0,20,0.4749,1,1,0,2
380,86,4,0,0,27,0.2747,1,1,0,2
133,71,2,0,0,45,0.123,0,0,0,0
16,3,4,3,0,44,0.4668,1,0,0,1
378,78,2,1,0,46,0.2375,0,0,0,0
149,24,2,0,0,56,0.2732,0,0,0,0
223,55,1,0,0,14,0.3013,0,0,0,0
230,87,3,0,1,13,0.5602,1,0,0,1
33,72,3,0,0,53,0.326,1,1,0,2
258,6,2,3,0,59,0.1848,0,0,0,0
68,75,1,1,0,29,0.249,0,0,0,0
63,93,4,1,0,48,0.2618,1,1,1,3
256,31,3,2,0,59,0.189,1,0,0,1
381,74,7,0,0,30,0.0796,1,1,1,3
57,17,1,1,0,58,0.1191,0,0,0,0
312,69,1,1,0,24,0.4007,0,0,0,0
173,17,3,3,0,41,0.1933,0,0,0,0
5,38,2,0,0,59,0.4047,1,1,1,3
2,13,3,1,0,12,0.279,1,1,0,2
316,39,2,2,0,8,0.3993,1,0,0,1
275,25,1,1,0,56,0.5148,0,0,0,0
137,8,3,2,0,57,0.3748,1,0,0,1
332,102,4,2,0,16,0.2348,1,1,1,3
276,77,3,1,0,28,0.6947,1,0,0,1
214,4,3,2,0,13,0.08,1,1,0,2
227,79,0,2,0,14,0.3043,0,0,0,0
14,31,3,1,0,4,0.1835,1,1,1,3
197,23,4,3,0,13,0.2853,0,0,0,0
334,74,3,2,0,0,0.2618,1,1,0,2
381,73,4,3,0,26,0.155,0,0,0,0
277,76,4,0,0,16,0.5054,1,1,1,3
104,95,0,2,0,21,0.2188,0,0,0,0
162,6,3,1,0,39,0.4185,1,1,1,3
19,112,1,2,0,54,0.0754,0,0,0,0
372,97,1,3,0,15,0.2554,0,0,0,0
70,114,2,1,0,47,0.5365,1,1,0,2
161,78,2,1,0,36,0.093,0,0,0,0
220,43,2,1,0,5,0.114,0,0,0,0
136,75,1,2,0,59,0.1804,0,0,0,0
144,113,1,2,0,17,0.1621,0,0,0,0
96,46,0,0,0,23,0.2713,0,0,0,0
78,28,2,1,0,42,0.0526,0,0,0,0
152,54,4,0,0,22,0.2377,1,1,1,3
87,116,4,2,0,33,0.7426,1,1,0,2
342,26,0,0,0,5,0.2811,1,1,0,2
283,52,3,0,0,54,0.293,1,1,0,2
122,16,0,0,1,49,0.3236,0,0,0,0
146,107,3,0,1,21,0.0705,1,1,0,2
22,84,2,1,0,9,0.1913,1,0,0,1
351,23,6,2,0,3,0.2211,1,1,1,3
54,38,3,3,0,42,0.3491,1,0,0,1
167,66,0,0,0,9,0.2309,0,0,0,0
188,58,2,1,1,34,0.2088,1,0,0,1
118,101,3,2,0,16,0.0771,1,0,0,1
360,89,3,3,0,20,0.151,0,0,0,0
372,63,1,0,0,57,0.3275,1,0,0,1
77,76,6,2,1,46,0.5564,1,0,0,1
148,118,2,1,1,7,0.4162,1,0,0,1
290,65,3,1,0,31,0.3974,1,0,0,1
94,86,1,2,0,41,0.2816,0,0,0,0
18,117,1,3,0,41,0.5135,1,0,0,1
333,46,2,3,1,37,0.015,0,0,0,0
222,34,3,0,0,41,0.3268,1,0,0,1
238,86,2,0,0,35,0.3787,1,0,0,1
29,2,3,0,0,13,0.3721,1,1,0,2
278,44,3,0,1,54,0.5019,1,1,0,2
52,48,3,2,0,0,0.6097,1,0,0,1
303,98,4,0,0,15,0.2708,1,1,1,3
28,43,0,1,0,38,0.3094,0,0,0,0
308,8,3,1,0,22,0.4617,0,0,0,0
10,36,1,2,0,5,0.5213,1,0,0,1
373,33,1,3,0,48,0.4386,0,0,0,0
101,26,1,1,1,47,0.1833,0,0,0,0
221,52,2,1,0,5,0.453,0,0,0,0
176,58,4,1,0,3,0.1395,1,0,0,1
4,82,2,1,0,19,0.3092,0,0,0,0
321,84,2,2,0,25,0.2653,0,0,0,0
198,70,2,2,0,7,0.3565,0,0,0,0
390,104,2,1,0,14,0.1703,1,0,0,1
198,6,2,3,0,58,0.3165,0,0,0,0
13,63,4,0,0,37,0.1146,1,1,1,3
188,110,3,0,0,30,0.5891,0,0,0,0
85,55,2,0,1,12,0.375,1,1,0,2
229,94,1,0,0,4,0.0972,0,0,0,0
379,33,2,3,0,8,0.0699,0,0,0,0
347,47,1,3,0,10,0.5882,0,0,0,0
17,46,2,0,1,0,0.6187,1,1,0,2
60,100,5,0,0,17,0.447,1,1,1,3
246,41,4,1,0,46,0.4684,1,1,0,2
379,44,2,1,0,21,0.3342,0,0,0,0
2,35,4,2,0,1,0.2062,1,0,0,1
61,7,3,0,1,9,0.3567,1,1,0,2
62,71,1,1,1,43,0.2252,1,1,0,2
179,14,2,1,0,28,0.2884,0,0,0,0
113,112,0,1,0,11,0.0966,0,0,0,0
374,59,5,0,0,12,0.2545,1,1,1,3
292,55,1,3,0,20,0.1575,0,0,0,0
242,23,6,2,0,11,0.244,1,1,1,3
235,76,4,1,1,8,0.2852,1,1,0,2
90,74,2,0,0,59,0.1969,0,0,0,0
112,17,3,3,0,25,0.5362,1,0,0,1
177,16,4,0,0,37,0.4051,1,1,0,2
169,8,4,2,0,6,0.2489,0,0,0,0
207,66,4,0,0,54,0.2462,1,1,1,3
170,30,1,0,0,21,0.2029,1,1,0,2
103,13,2,2,0,35,0.1444,0,0,0,0
350,75,3,1,0,58,0.219,1,0,0,1
263,117,1,2,0,4,0.2003,0,0,0,0
150,105,3,2,0,55,0.1772,0,0,0,0
378,57,4,0,0,43,0.2268,0,0,0,0
260,96,2,2,0,36,0.5143,1,0,0,1
120,16,2,2,1,36,0.0657,0,0,0,0
300,105,3,0,0,36,0.2889,1,1,0,2
260,32,1,0,0,18,0.4312,0,0,0,0
164,86,2,0,0,27,0.4416,0,0,0,0
4,79,2,1,0,57,0.6919,1,1,0,2
197,75,1,2,0,13,0.2992,1,0,0,1
318,45,4,2,0,44,0.0566,1,1,1,3
228,65,4,1,1,21,0.8264,1,1,1,3
250,57,5,0,0,15,0.6913,1,1,1,3
290,59,3,1,0,30,0.1642,1,0,0,1
335,34,3,2,0,22,0.2914,0,0,0,0
176,46,2,1,0,47,0.1195,0,0,0,0
100,26,1,0,1,53,0.3149,1,1,0,2
105,65,2,2,0,12,0.2663,0,0,0,0
228,35,6,2,1,52,0.4607,1,1,1,3
292,78,1,1,0,28,0.0449,0,0,0,0
89,64,2,0,1,16,0.3519,1,0,0,1
79,92,3,0,0,32,0.3333,0,0,0,0
92,102,1,2,0,2,0.2642,1,0,0,1
165,105,4,3,0,15,0.1113,0,0,0,0
150,72,0,1,0,5,0.5346,0,0,0,0
93,26,1,2,0,20,0.2008,0,0,0,0
81,66,2,1,0,59,0.2221,0,0,0,0
66,104,1,1,0,29,0.513,0,0,0,0
250,88,2,2,1,45,0.2229,0,0,0,0
91,72,1,3,0,20,0.0968,0,0,0,0
123,95,2,0,0,36,0.3912,1,0,0,1
278,38,3,1,0,47,0.3101,1,1,0,2
250,55,3,3,0,22,0.2893,1,1,1,3
381,59,6,0,0,37,0.2863,1,1,1,3
159,20,3,1,0,37,0.1643,0,0,0,0
324,5,4,2,0,7,0.1987,1,1,0,2
72,51,2,2,0,27,0.7442,0,0,0,0
14,82,2,2,1,54,0.0464,0,0,0,0
258,117,1,3,0,46,0.4251,0,0,0,0
338,95,2,2,0,1,0.3767,0,0,0,0
226,7,2,3,0,24,0.2034,0,0,0,0
143,31,3,2,0,54,0.2285,0,0,0,0
337,19,5,2,0,54,0.2238,1,1,1,3
32,99,2,1,1,41,0.104,1,1,0,2
8,4,3,0,0,3,0.0527,0,0,0,0
190,41,4,1,0,34,0.2969,1,0,0,1
187,36,3,1,0,0,0.2488,1,1,0,2
377,46,1,1,0,17,0.16,0,0,0,0
141,119,3,2,0,39,0.1279,0,0,0,0
43,108,1,2,0,32,0.641,1,0,0,1
365,72,3,3,0,57,0.1408,1,1,1,3
380,94,3,2,0,26,0.2442,1,0,0,1
374,80,6,0,0,51,0.7019,1,1,1,3
172,83,0,1,0,8,0.2389,0,0,0,0
258,91,2,2,0,46,0.0686,0,0,0,0
185,14,1,3,0,25,0.287,0,0,0,0
196,21,2,2,1,16,0.4367,1,0,0,1
26,68,3,3,0,10,0.17,1,0,0,1
33,14,0,0,0,13,0.2696,0,0,0,0
22,102,1,3,0,4,0.1632,0,0,0,0
153,49,0,3,1,9,0.0368,0,0,0,0
102,19,2,3,1,14,0.4094,1,0,0,1
385,86,3,3,0,8,0.0973,0,0,0,0
396,88,1,2,1,14,0.2866,1,1,1,3
116,33,3,3,0,25,0.1066,1,0,0,1
127,3,4,1,0,49,0.3623,1,1,0,2
287,56,3,1,0,5,0.1745,0,0,0,0
277,18,4,0,0,31,0.1164,0,0,0,0
89,9,6,3,1,31,0.1719,1,1,1,3
85,45,5,2,1,48,0.1254,1,1,1,3
46,23,1,3,0,19,0.3077,0,0,0,0
192,44,3,1,1,0,0.0886,1,1,0,2
15,77,3,0,0,41,0.3373,0,0,0,0
190,60,2,1,0,30,0.1042,0,0,0,0
148,46,1,2,1,31,0.2263,0,0,0,0
217,65,4,0,0,55,0.3157,1,1,0,2
20,0,3,2,0,17,0.1647,0,0,0,0
355,79,1,0,0,56,0.2611,0,0,0,0
365,111,2,1,0,41,0.2235,0,0,0,0
386,51,2,2,1,29,0.1938,1,0,0,1
159,98,4,2,0,22,0.1059,1,0,0,1
363,46,1,1,0,40,0.3173,0,0,0,0
270,110,2,2,0,39,0.2326,0,0,0,0
326,84,1,1,0,49,0.5193,1,0,0,1
156,21,2,1,0,41,0.2284,0,0,0,0
384,61,3,1,1,18,0.2057,1,1,0,2
109,48,0,3,0,19,0.2758,0,0,0,0
231,73,3,1,1,16,0.3608,1,1,0,2
126,20,1,0,0,22,0.2428,0,0,0,0
352,110,2,2,1,53,0.018,0,0,0,0
223,61,1,3,0,27,0.2331,0,0,0,0
243,73,1,3,0,49,0.0821,0,0,0,0
205,35,5,2,0,10,0.0919,1,1,1,3
321,24,3,3,0,5,0.4072,0,0,0,0
277,29,3,1,0,1,0.1363,1,1,0,2
320,107,0,2,0,26,0.1642,0,0,0,0
346,113,1,1,1,55,0.4363,0,0,0,0
323,81,1,1,1,45,0.0663,0,0,0,0
35,82,2,0,0,17,0.3443,1,0,0,1
184,115,2,1,1,35,0.6352,0,0,0,0
381,59,6,0,0,45,0.0392,1,1,1,3
391,41,3,1,0,44,0.5528,1,1,1,3
369,56,4,1,0,4,0.2567,1,1,1,3
49,107,1,0,0,25,0.5898,0,0,0,0
64,103,4,2,0,39,0.3772,0,0,0,0
369,54,2,1,1,50,0.6016,1,1,1,3
129,101,0,3,1,48,0.4805,0,0,0,0
177,23,6,2,1,50,0.0356,1,1,1,3
386,5,3,2,0,26,0.4755,1,0,0,1
60,115,3,0,1,57,0.7356,1,1,1,3
315,29,2,1,0,52,0.0828,0,0,0,0
168,48,1,1,0,9,0.0914,0,0,0,0
185,118,3,1,0,26,0.1011,1,0,0,1
207,35,7,0,0,55,0.2395,1,1,1,3
254,38,2,2,0,25,0.1413,1,0,0,1
155,99,1,1,0,51,0.3934,0,0,0,0
213,98,3,0,0,18,0.2721,1,1,1,3
144,114,0,2,0,17,0.433,0,0,0,0
379,30,1,0,0,51,0.228,0,0,0,0
84,93,2,2,0,26,0.1406,0,0,0,0
217,19,5,0,0,27,0.3133,1,1,1,3
311,21,2,2,0,47,0.4033,0,0,0,0
266,16,3,1,0,51,0.2048,0,0,0,0
295,106,2,0,0,1,0.2428,0,0,0,0
48,81,5,2,0,28,0.1758,1,1,1,3
110,50,0,1,0,38,0.6367,1,0,0,1
252,14,2,2,0,4,0.3397,1,1,1,3
287,89,4,2,0,49,0.4484,1,1,1,3
166,75,1,0,0,12,0.5462,1,0,0,1
117,60,2,0,0,29,0.28,1,0,0,1
48,6,3,2,0,7,0.3894,1,1,0,2
81,96,3,1,0,38,0.245,1,0,0,1
79,29,5,2,0,10,0.0645,1,0,0,1
359,14,1,1,0,49,0.1697,0,0,0,0
243,73,1,3,0,33,0.3535,0,0,0,0
119,93,3,1,1,46,0.4112,1,1,0,2
369,54,2,1,1,7,0.1061,1,1,0,2
309,26,1,0,0,26,0.3342,0,0,0,0
361,8,1,1,1,29,0.4027,1,1,0,2
372,59,4,3,0,22,0.6701,1,1,1,3
362,14,2,3,0,58,0.1147,0,0,0,0
126,60,1,2,0,3,0.1491,0,0,0,0
139,20,1,2,0,54,0.4795,0,0,0,0
172,37,1,1,0,9,0.3007,1,0,0,1
174,95,2,3,1,40,0.5885,1,0,0,1
65,119,2,0,0,18,0.1558,0,0,0,0
381,69,1,2,1,0,0.149,0,0,0,0
29,14,2,3,0,31,0.338,0,0,0,0
59,23,3,2,0,48,0.1141,0,0,0,0
20,45,5,0,0,47,0.3467,1,1,1,3
42,88,1,0,0,46,0.0814,1,0,0,1
0,87,4,1,0,52,0.5128,1,1,0,2
360,70,3,1,0,44,0.4077,1,0,0,1
180,42,4,2,0,37,0.4447,1,1,1,3
353,73,3,0,0,14,0.4347,0,0,0,0
58,29,2,2,0,26,0.4286,0,0,0,0
107,2,1,0,1,1,0.3625,1,0,0,1
95,14,1,1,0,38,0.4794,0,0,0,0
392,44,3,0,0,37,0.0248,0,0,0,0
138,112,0,1,0,5,0.6091,0,0,0,0
47,16,2,0,0,50,0.5639,0,0,0,0
166,115,1,2,1,32,0.2915,1,0,0,1
224,116,4,2,0,43,0.3582,1,0,0,1
366,91,3,1,0,0,0.2238,1,1,1,3
194,80,5,0,0,39,0.3908,1,1,1,3
127,83,1,1,0,49,0.2394,0,0,0,0
149,104,3,1,0,23,0.2832,1,1,0,2
311,76,4,3,0,19,0.4223,1,0,0,1
386,106,3,1,0,37,0.1981,0,0,0,0
362,100,5,0,0,49,0.3972,0,0,0,0
115,7,1,2,0,38,0.1614,0,0,0,0
360,119,2,0,0,39,0.1868,1,1,1,3
290,93,3,0,0,16,0.2331,0,0,0,0
184,28,2,1,0,40,0.5814,0,0,0,0
356,26,2,0,0,53,0.1106,0,0,0,0
9,111,2,1,0,15,0.3466,0,0,0,0
73,30,2,3,0,28,0.1609,0,0,0,0
275,47,1,2,0,25,0.27,0,0,0,0
167,95,2,0,1,20,0.114,0,0,0,0
71,23,3,0,0,41,0.1023,1,1,0,2
387,84,2,1,0,9,0.1701,1,0,0,1
265,76,5,1,1,29,0.1848,1,1,1,3
101,12,4,0,0,42,0.2045,1,1,1,3
200,11,3,2,0,43,0.4217,1,0,0,1
6,51,3,1,0,4,0.427,1,0,0,1
255,66,2,0,0,43,0.2112,0,0,0,0
248,33,3,0,0,3,0.4325,1,1,0,2
136,35,4,3,1,44,0.4162,1,0,0,1
80,56,3,2,0,36,0.3389,1,0,0,1
398,80,5,3,0,15,0.3043,0,0,0,0
387,17,1,0,1,8,0.2548,0,0,0,0
357,100,4,0,0,33,0.4366,1,1,1,3
98,62,4,3,0,29,0.2893,0,0,0,0
205,109,3,1,1,11,0.2455,1,1,1,3
294,39,2,0,1,52,0.427,1,1,0,2
376,34,4,1,0,34,0.2508,1,0,0,1
94,99,2,1,0,44,0.295,1,1,0,2
308,107,1,0,0,41,0.6117,0,0,0,0
81,96,3,1,0,36,0.5568,1,1,1,3
5,0,2,3,0,38,0.4654,0,0,0,0
312,1,0,0,0,41,0.295,0,0,0,0
21,61,2,1,0,4,0.3948,1,1,0,2
182,2,1,3,0,49,0.248,0,0,0,0
7,77,4,0,0,11,0.2611,1,1,1,3
296,9,2,0,1,13,0.3941,1,1,1,3
290,68,3,2,1,23,0.2296,1,0,0,1
96,91,2,2,0,58,0.0956,1,0,0,1
185,45,1,2,0,31,0.3573,0,0,0,0
298,54,2,1,0,48,0.3132,1,0,0,1
118,10,3,1,0,54,0.4237,1,1,0,2
362,3,4,0,0,6,0.1492,1,1,1,3
307,119,3,0,1,49,0.2362,1,1,0,2
3,30,0,3,0,5,0.4513,0,0,0,0
190,71,1,1,0,35,0.507,1,0,0,1
252,72,3,2,1,46,0.4442,1,1,1,3
321,103,5,0,0,17,0.0901,1,1,1,3
370,33,4,3,0,0,0.549,1,1,1,3
236,20,3,3,0,37,0.2116,0,0,0,0
270,11,4,3,0,16,0.1382,1,0,0,1
190,23,4,2,0,37,0.1083,1,0,0,1
117,72,3,1,1,21,0.1547,1,1,1,3
96,101,3,0,0,31,0.2404,1,0,0,1
155,3,3,0,0,28,0.153,1,1,1,3
237,110,2,0,0,40,0.042,0,0,0,0
300,23,4,3,0,53,0.31,0,0,0,0
253,9,3,3,1,47,0.4602,1,0,0,1
87,104,4,1,1,32,0.1559,1,1,1,3
137,86,2,1,0,59,0.0476,0,0,0,0
122,39,2,2,0,25,0.3961,1,0,0,1
253,77,4,1,0,13,0.5706,1,1,1,3
162,71,2,0,0,22,0.4936,1,0,0,1
364,100,3,3,0,47,0.3258,0,0,0,0
295,9,3,2,0,42,0.3066,1,0,0,1
211,14,2,1,1,43,0.3968,1,0,0,1
75,36,0,0,0,47,0.0917,0,0,0,0
366,88,2,2,0,41,0.4821,1,0,0,1
51,49,3,1,0,13,0.3366,1,0,0,1
302,11,4,2,0,18,0.3489,1,1,1,3
107,48,0,3,0,8,0.1334,0,0,0,0
367,80,5,3,0,34,0.2091,1,0,0,1
183,72,2,0,0,46,0.0947,1,0,0,1
346,107,2,2,0,13,0.6216,0,0,0,0
123,18,5,3,0,40,0.1806,1,1,0,2
111,93,3,1,0,53,0.1914,0,0,0,0
73,50,0,1,0,0,0.4029,0,0,0,0
355,115,3,1,0,25,0.5693,1,1,0,2
140,52,5,2,0,36,0.6849,1,1,1,3
130,100,3,1,1,35,0.0538,1,1,0,2
221,10,1,3,0,36,0.2874,0,0,0,0
81,2,3,2,0,38,0.2083,0,0,0,0
321,55,2,3,0,16,0.274,0,0,0,0
195,45,5,2,0,21,0.503,1,1,1,3
213,24,2,3,0,7,0.3605,0,0,0,0
398,65,5,3,1,4,0.8144,1,1,1,3
384,99,3,1,0,5,0.1361,1,0,0,1
279,94,2,0,0,12,0.3956,1,1,1,3
76,22,2,0,1,54,0.2771,1,0,0,1
158,69,0,1,0,6,0.3034,1,1,0,2
202,107,1,0,0,14,0.3981,1,0,0,1
275,29,1,1,0,32,0.0952,1,0,0,1
156,3,1,2,0,26,0.1806,0,0,0,0
311,114,3,2,0,20,0.3195,0,0,0,0
160,15,3,0,0,0,0.1872,1,0,0,1
62,103,4,2,0,49,0.5663,0,0,0,0
367,101,0,3,0,33,0.3412,0,0,0,0
133,54,3,1,1,6,0.3935,1,1,1,3
277,77,4,1,1,51,0.4748,1,1,1,3
71,100,3,3,0,5,0.3701,0,0,0,0
113,44,2,0,0,56,0.4916,1,0,0,1
15,93,3,0,0,43,0.3695,1,1,1,3
179,64,2,2,1,14,0.1531,1,0,0,1
164,80,2,0,0,42,0.4675,1,0,0,1
272,9,2,1,1,38,0.1269,0,0,0,0
272,60,1,0,0,39,0.4071,0,0,0,0
220,93,2,2,1,11,0.1471,0,0,0,0
69,81,3,1,0,16,0.2954,1,0,0,1
115,98,3,2,0,37,0.2422,0,0,0,0
268,27,4,0,0,46,0.4476,1,1,0,2
392,65,5,2,0,23,0.2951,1,0,0,1
54,91,4,2,0,59,0.1015,1,0,0,1
285,101,1,2,0,19,0.1352,0,0,0,0
141,118,2,0,0,11,0.1064,0,0,0,0
303,39,3,0,0,5,0.3079,1,1,1,3
333,63,2,0,0,32,0.5035,1,0,0,1
173,75,3,1,0,57,0.3737,0,0,0,0
256,113,1,1,0,11,0.4684,0,0,0,0
160,44,3,2,0,20,0.3333,1,1,1,3
188,30,1,2,0,52,0.169,0,0,0,0
190,50,1,0,0,55,0.2491,0,0,0,0
118,62,5,2,1,54,0.1719,1,1,1,3
145,73,3,0,0,18,0.5732,1,1,0,2
294,10,2,0,0,42,0.5074,0,0,0,0
192,85,2,0,0,44,0.4889,0,0,0,0
161,85,3,2,0,56,0.3912,1,0,0,1
255,97,1,3,0,27,0.05,0,0,0,0
394,20,2,1,1,5,0.1174,1,1,0,2
182,4,3,3,0,27,0.0993,0,0,0,0
370,88,0,2,0,5,0.4423,0,0,0,0
234,91,3,0,0,19,0.1086,1,1,1,3
123,119,5,0,1,54,0.1254,1,1,1,3
205,93,2,0,0,34,0.4589,1,0,0,1
345,55,2,0,0,40,0.1314,1,0,0,1
330,46,1,1,1,1,0.4871,0,0,0,0
100,38,3,2,0,46,0.0965,0,0,0,0
140,11,2,3,1,14,0.3715,1,0,0,1
103,117,2,3,0,38,0.3975,0,0,0,0
317,13,3,0,0,52,0.4585,1,0,0,1
64,55,1,1,1,49,0.4937,1,1,0,2
6,0,3,1,0,12,0.2671,1,1,1,3
244,47,0,3,0,5,0.09,0,0,0,0
124,68,5,3,1,41,0.4917,1,1,1,3
398,56,4,2,0,0,0.335,0,0,0,0
122,28,0,1,0,7,0.4664,0,0,0,0
23,110,2,2,0,58,0.3521,0,0,0,0
258,35,4,3,0,43,0.2559,1,1,0,2
204,94,2,0,0,5,0.1003,1,0,0,1
271,65,5,1,0,17,0.3437,1,0,0,1
369,29,2,1,1,13,0.1507,1,0,0,1
49,41,2,0,0,31,0.4853,0,0,0,0
17,56,3,1,0,5,0.7215,1,1,1,3
81,48,0,1,1,49,0.607,1,0,0,1
189,56,3,0,0,33,0.5043,1,1,1,3
195,16,3,1,0,18,0.4005,1,1,0,2
276,114,3,1,0,56,0.3981,0,0,0,0
311,111,3,2,0,22,0.2668,1,1,1,3
193,0,2,1,0,21,0.2839,0,0,0,0
124,5,6,2,0,27,0.2873,1,1,1,3
162,115,2,2,0,34,0.5195,0,0,0,0
94,64,2,2,0,19,0.079,0,0,0,0
267,11,2,1,1,2,0.534,1,1,0,2
28,113,2,0,1,48,0.0645,1,1,1,3
281,105,3,0,1,53,0.2469,1,1,1,3
1,104,2,1,1,52,0.0913,1,1,0,2
245,30,2,2,0,50,0.3349,1,0,0,1
114,55,1,3,0,49,0.1743,0,0,0,0
312,37,1,1,0,40,0.3212,0,0,0,0
226,33,4,0,0,42,0.2182,1,1,1,3
271,61,2,2,1,59,0.3839,1,0,0,1
158,49,1,1,0,57,0.4075,0,0,0,0
375,84,1,1,1,37,0.2802,1,0,0,1
364,4,4,3,0,53,0.5442,1,0,0,1
319,18,5,3,1,24,0.5398,1,1,1,3
89,88,1,1,1,1,0.2914,0,0,0,0
239,54,1,1,0,39,0.2418,0,0,0,0
56,49,2,0,0,39,0.1639,0,0,0,0
20,46,2,2,0,31,0.2269,0,0,0,0
199,23,2,0,0,45,0.842,1,0,0,1
341,61,2,2,0,6,0.2575,1,1,0,2
285,48,3,1,0,52,0.3213,1,0,0,1
256,27,5,1,1,14,0.5867,1,1,1,3
263,30,3,2,0,53,0.4432,1,0,0,1
12,48,1,3,0,59,0.248,0,0,0,0
306,94,1,1,1,58,0.1173,0,0,0,0
16,59,5,3,1,49,0.2206,1,0,0,1
221,15,0,0,0,44,0.0486,0,0,0,0
186,112,2,1,0,52,0.3884,1,0,0,1
8,51,2,2,0,46,0.2162,0,0,0,0
110,60,0,2,1,23,0.1272,0,0,0,0
283,101,2,1,0,38,0.0751,0,0,0,0
196,49,1,3,0,36,0.1714,0,0,0,0
200,47,1,2,0,52,0.4696,0,0,0,0
34,30,1,1,1,46,0.324,1,1,1,3
201,26,1,2,0,7,0.304,0,0,0,0
271,67,2,2,0,28,0.1733,0,0,0,0
55,92,0,2,0,21,0.3591,0,0,0,0
38,7,4,2,0,18,0.1988,1,0,0,1
283,67,3,2,0,15,0.2108,0,0,0,0
106,38,2,0,0,44,0.2381,0,0,0,0
142,30,2,3,0,8,0.5285,0,0,0,0
10,116,3,0,0,44,0.1767,1,0,0,1
388,97,1,0,0,12,0.3995,0,0,0,0
173,71,3,1,1,52,0.5478,1,0,0,1
153,112,1,2,1,34,0.3237,0,0,0,0
358,24,1,0,0,41,0.1457,1,0,0,1
287,38,3,1,0,57,0.2753,0,0,0,0
132,8,4,3,1,23,0.2632,1,0,0,1
119,33,3,0,0,47,0.3634,1,1,0,2
359,30,1,1,0,14,0.2466,1,0,0,1
142,28,2,2,0,20,0.1694,0,0,0,0
354,45,0,1,1,34,0.1482,0,0,0,0
333,60,2,1,1,1,0.2366,1,1,1,3
171,58,1,0,1,41,0.2018,1,0,0,1
218,113,1,0,1,22,0.4628,1,0,0,1
361,51,1,0,0,3,0.2683,1,0,0,1
318,115,2,0,0,41,0.4047,1,0,0,1
293,3,4,2,0,1,0.4633,1,1,0,2
269,16,3,1,0,53,0.3748,1,0,0,1
130,38,3,2,1,17,0.2328,1,1,1,3
101,26,1,1,1,48,0.4039,0,0,0,0
183,114,3,2,0,17,0.243,1,1,1,3
47,69,2,1,1,48,0.4382,1,1,1,3
35,10,2,0,0,13,0.1906,1,0,0,1
205,9,4,2,0,41,0.5346,1,0,0,1
357,71,2,2,0,58,0.0587,0,0,0,0
170,24,0,3,0,19,0.0402,0,0,0,0
217,33,5,0,0,32,0.0274,1,0,0,1
77,26,1,1,0,0,0.39,0,0,0,0
390,10,2,1,0,33,0.5012,0,0,0,0
74,116,5,1,0,7,0.2284,1,1,1,3
53,68,1,0,1,54,0.6089,1,0,0,1
282,97,1,1,0,32,0.2436,1,0,0,1
246,85,4,0,1,15,0.2809,1,1,1,3
152,36,3,1,0,57,0.4423,1,1,0,2
63,9,5,1,0,15,0.1752,1,1,0,2
232,23,5,0,0,23,0.1997,1,1,1,3
61,105,4,3,0,55,0.3499,0,0,0,0
88,104,4,0,0,42,0.1392,1,1,1,3
177,109,4,1,0,17,0.4436,1,1,1,3
36,109,2,1,0,19,0.3529,1,1,1,3
90,36,0,2,0,19,0.2848,0,0,0,0
180,14,0,1,0,38,0.5177,0,0,0,0
113,47,2,2,0,33,0.448,0,0,0,0
41,19,4,1,1,24,0.3742,1,1,1,3
100,94,2,1,0,21,0.3364,0,0,0,0
341,72,2,2,1,49,0.2603,1,0,0,1
367,112,2,2,0,15,0.1973,1,0,0,1
116,74,3,3,0,2,0.2194,0,0,0,0
0,10,3,0,0,51,0.2433,0,0,0,0
142,15,3,0,0,37,0.3748,1,1,1,3
322,21,2,1,0,14,0.3741,1,1,1,3
386,21,1,1,0,25,0.3278,0,0,0,0
42,34,1,0,0,29,0.5214,0,0,0,0
382,106,1,0,0,23,0.4456,0,0,0,0
287,4,4,2,1,1,0.6003,1,1,1,3
225,100,2,0,0,34,0.152,1,0,0,1
290,74,3,1,0,25,0.0841,1,0,0,1
70,116,4,0,0,46,0.2817,0,0,0,0
248,58,2,2,0,51,0.115,1,0,0,1
194,69,2,2,1,41,0.5576,0,0,0,0
5,97,2,3,0,29,0.1453,0,0,0,0
235,81,4,2,0,1,0.3133,1,1,1,3
249,44,3,1,1,48,0.2744,1,1,1,3
42,100,3,1,0,2,0.1954,1,0,0,1
130,56,2,0,0,20,0.4289,1,1,1,3
189,2,3,1,0,46,0.2217,0,0,0,0
198,39,4,3,0,57,0.1687,0,0,0,0
367,44,2,1,0,40,0.3867,1,1,0,2
200,73,2,1,0,38,0.1989,1,0,0,1
185,117,1,3,1,25,0.5059,0,0,0,0
176,3,4,1,0,17,0.4124,1,1,0,2
256,61,3,1,0,28,0.0695,1,0,0,1
214,78,0,0,0,43,0.0942,0,0,0,0
19,78,2,1,0,57,0.0828,0,0,0,0
117,47,1,2,0,51,0.0431,0,0,0,0
345,36,3,2,0,23,0.328,1,1,0,2
189,93,3,0,0,14,0.1081,1,1,0,2
257,70,1,2,0,9,0.4396,0,0,0,0
0,114,3,2,0,16,0.5387,1,0,0,1
311,47,1,3,0,32,0.559,0,0,0,0
389,99,1,0,0,22,0.2285,0,0,0,0
283,53,2,1,0,19,0.0404,1,0,0,1
20,76,4,2,0,13,0.2115,1,0,0,1
290,6,1,2,0,3,0.2405,0,0,0,0
87,100,2,2,0,9,0.136,1,0,0,1
307,103,3,0,1,49,0.2129,1,1,0,2
95,34,2,1,0,45,0.2203,0,0,0,0
18,81,3,3,0,57,0.1013,0,0,0,0
219,47,2,0,0,8,0.0468,0,0,0,0
277,79,1,1,0,55,0.3087,0,0,0,0
274,63,3,0,0,9,0.3843,1,1,1,3
27,8,1,1,0,12,0.4493,1,0,0,1
132,75,2,2,0,46,0.1653,0,0,0,0
187,62,4,3,0,1,0.415,0,0,0,0
275,105,1,2,1,14,0.325,0,0,0,0
178,106,2,2,0,16,0.4671,1,0,0,1
27,68,1,1,0,22,0.0704,0,0,0,0
4,10,3,1,0,17,0.209,1,1,1,3
174,118,1,1,1,37,0.018,1,0,0,1
314,88,0,1,0,45,0.0239,0,0,0,0
15,7,4,2,0,50,0.4907,1,1,1,3
298,4,4,2,1,16,0.7288,1,1,1,3
371,21,2,2,0,37,0.0989,0,0,0,0
80,27,6,0,1,58,0.0515,1,1,1,3
107,112,2,1,0,42,0.1512,0,0,0,0
151,24,3,0,0,37,0.1349,1,1,0,2
311,61,3,0,0,27,0.4286,1,1,1,3
274,113,2,2,0,5,0.2542,1,0,0,1
269,79,0,1,1,21,0.1249,0,0,0,0
364,62,5,3,0,27,0.3765,1,0,0,1
326,57,5,1,0,20,0.8118,1,1,0,2
304,118,2,2,0,47,0.1701,0,0,0,0
49,1,1,1,0,7,0.3711,1,0,0,1
284,13,4,1,0,7,0.1794,1,1,1,3
229,26,1,1,1,28,0.2091,0,0,0,0
346,87,4,2,0,31,0.1995,1,0,0,1
97,22,1,0,0,46,0.1381,1,1,0,2
190,19,3,1,0,11,0.4523,1,1,1,3
270,32,3,0,0,31,0.0652,1,1,1,3
358,101,1,0,0,42,0.0603,0,0,0,0
85,100,2,0,0,8,0.2178,1,0,0,1
366,105,4,3,1,30,0.4808,1,1,1,3
377,11,4,1,0,32,0.0823,1,1,1,3
105,56,1,1,0,40,0.3103,1,0,0,1
86,49,3,0,0,54,0.3403,1,0,0,1
258,45,4,2,0,14,0.3098,1,0,0,1
331,43,2,2,0,36,0.1939,0,0,0,0
309,72,2,2,1,2,0.1059,0,0,0,0
28,23,3,2,1,19,0.0516,1,1,1,3
359,82,1,1,0,52,0.2443,0,0,0,0
231,50,0,1,0,7,0.0888,0,0,0,0
30,45,3,1,0,8,0.3202,1,1,1,3
0,60,0,1,0,2,0.2291,0,0,0,0
392,83,2,0,0,13,0.225,0,0,0,0
74,81,4,2,1,46,0.2341,1,1,1,3
284,33,5,3,0,47,0.5626,1,0,0,1
327,91,2,2,0,36,0.2747,0,0,0,0
157,91,4,1,0,8,0.4088,1,1,1,3
160,24,1,0,0,0,0.2549,1,0,0,1
109,104,1,1,1,28,0.4215,1,0,0,1
29,19,4,0,0,27,0.2307,1,0,0,1
230,17,3,2,0,29,0.2587,1,0,0,1
247,19,3,2,1,32,0.4928,1,1,1,3
247,48,2,1,0,6,0.067,1,0,0,1
239,75,2,0,0,15,0.3066,1,1,0,2
270,111,2,2,0,41,0.1937,0,0,0,0
237,14,1,2,0,11,0.2219,0,0,0,0
382,95,0,2,0,30,0.1502,0,0,0,0
75,33,3,2,0,24,0.1011,0,0,0,0
181,59,4,1,0,23,0.2524,1,0,0,1
66,86,1,0,1,43,0.506,1,0,0,1
277,85,3,1,1,52,0.2028,1,1,0,2
86,50,1,1,0,2,0.6598,0,0,0,0
145,48,2,0,0,21,0.2211,0,0,0,0
301,111,3,1,1,44,0.494,1,1,1,3
103,106,2,1,1,34,0.7233,1,1,0,2
115,14,0,2,0,17,0.2238,0,0,0,0
221,9,2,3,0,55,0.3817,0,0,0,0
301,21,4,1,0,52,0.6134,1,1,1,3
322,45,4,2,0,5,0.264,0,0,0,0
392,98,6,1,0,23,0.1073,1,1,1,3
134,16,2,2,0,55,0.2121,0,0,0,0
65,79,2,2,1,42,0.0658,0,0,0,0
96,24,3,0,0,1,0.1706,1,1,0,2
118,88,1,1,1,45,0.0619,0,0,0,0
346,7,2,3,0,18,0.2453,0,0,0,0
205,85,4,0,1,50,0.0295,1,1,1,3
368,118,0,1,0,25,0.1356,0,0,0,0
65,30,1,0,0,1,0.185,0,0,0,0
315,29,2,1,0,43,0.1142,1,0,0,1
298,64,1,2,0,40,0.3227,0,0,0,0
21,79,1,1,0,37,0.185,0,0,0,0
245,41,2,1,1,54,0.2161,0,0,0,0
106,13,0,1,0,9,0.3743,0,0,0,0
64,45,2,1,1,23,0.5024,1,1,1,3
61,69,1,1,1,59,0.066,0,0,0,0
86,102,2,3,0,14,0.5547,0,0,0,0
84,79,2,2,0,38,0.3315,1,0,0,1
196,8,2,0,0,12,0.6046,1,1,1,3
320,15,2,0,0,57,0.1467,1,0,0,1
313,74,4,1,1,15,0.1691,1,1,1,3
151,59,3,0,0,13,0.3915,1,1,0,2
125,27,7,0,0,24,0.3722,1,1,1,3
326,22,1,2,0,17,0.4348,0,0,0,0
372,91,1,1,0,12,0.1554,0,0,0,0
134,63,2,0,0,54,0.5232,1,1,1,3
112,66,3,0,1,24,0.0498,0,0,0,0
22,19,3,0,0,57,0.3629,1,0,0,1
328,107,2,1,0,45,0.0581,0,0,0,0
249,108,1,3,0,57,0.2748,0,0,0,0
53,41,4,1,0,28,0.0483,1,0,0,1
315,1,2,3,0,59,0.4583,0,0,0,0
53,8,3,0,1,32,0.4932,1,1,0,2
23,61,3,0,0,51,0.265,1,1,1,3
127,57,4,2,0,15,0.2279,1,1,0,2
344,79,1,1,0,16,0.2047,0,0,0,0
170,16,1,2,0,9,0.2751,0,0,0,0
210,20,1,1,0,6,0.2024,0,0,0,0
292,88,1,2,1,57,0.3854,0,0,0,0
317,89,4,2,0,51,0.2514,1,0,0,1
59,78,1,1,0,41,0.2312,0,0,0,0
399,38,3,3,0,30,0.51,0,0,0,0
209,97,1,2,0,21,0.1672,0,0,0,0
342,73,2,2,0,5,0.357,1,1,0,2
339,69,1,0,0,50,0.3607,1,0,0,1
203,39,5,1,1,47,0.3401,1,1,1,3
80,45,4,1,0,44,0.195,1,0,0,1
383,84,2,0,0,0,0.3993,1,1,0,2
261,76,3,1,0,12,0.1631,0,0,0,0
279,9,1,1,0,30,0.1311,0,0,0,0
124,55,3,0,0,33,0.1179,1,1,0,2
4,99,3,1,1,8,0.7395,1,1,1,3
189,44,2,1,0,24,0.1468,1,1,0,2
274,63,3,0,0,56,0.4517,0,0,0,0
115,107,1,1,0,39,0.2052,0,0,0,0
168,64,1,2,0,55,0.1754,0,0,0,0
249,8,3,0,0,46,0.2009,1,1,1,3
3,29,3,1,1,16,0.3719,0,0,0,0
267,0,2,1,0,17,0.1489,1,0,0,1
355,92,4,2,0,47,0.2625,0,0,0,0
60,53,2,2,0,14,0.4752,0,0,0,0
20,44,4,0,0,25,0.1813,1,0,0,1
267,51,2,1,0,54,0.3446,0,0,0,0
167,47,0,3,0,49,0.0365,0,0,0,0
373,16,1,2,0,27,0.14,0,0,0,0
355,102,1,2,0,18,0.6276,0,0,0,0
259,86,2,3,0,22,0.1216,0,0,0,0
217,115,4,0,0,22,0.7353,1,1,0,2
314,60,0,0,0,17,0.187,0,0,0,0
383,100,4,1,0,19,0.3823,1,1,0,2
270,108,3,3,0,3,0.0498,0,0,0,0
123,109,4,1,1,26,0.3006,1,1,0,2
156,48,3,1,0,19,0.1331,0,0,0,0
195,113,3,1,0,10,0.3002,1,1,0,2
46,87,2,2,0,51,0.4735,1,0,0,1
247,33,3,2,0,29,0.2895,0,0,0,0
0,1,4,0,0,48,0.1853,1,1,1,3
261,116,3,1,0,52,0.2903,1,0,0,1
338,104,3,0,0,32,0.2878,1,1,1,3
89,50,0,1,0,52,0.3415,0,0,0,0
57,0,4,1,1,41,0.1419,1,1,1,3
150,58,1,0,0,39,0.7482,1,0,0,1
95,9,3,1,0,5,0.1656,1,0,0,1
271,52,2,0,0,11,0.2815,0,0,0,0
56,64,1,0,0,35,0.3464,1,0,0,1
12,119,1,3,0,1,0.0887,0,0,0,0
315,34,3,1,0,34,0.4505,0,0,0,0
14,41,2,1,0,4,0.1664,1,1,1,3
33,91,3,1,1,35,0.0894,1,1,1,3
22,32,1,3,0,44,0.4088,0,0,0,0
109,83,1,2,0,47,0.1802,0,0,0,0
128,14,1,3,0,21,0.0271,0,0,0,0
268,24,3,3,1,41,0.5567,0,0,0,0
58,8,2,0,0,10,0.2459,0,0,0,0
149,115,2,0,1,40,0.0781,1,0,0,1
183,59,4,3,0,48,0.207,1,0,0,1
357,84,1,1,0,50,0.0777,0,0,0,0
279,32,1,1,1,55,0.1485,1,0,0,1
153,55,1,3,1,58,0.1839,0,0,0,0
235,40,2,2,0,6,0.1216,0,0,0,0
389,67,1,2,0,11,0.7269,0,0,0,0
276,108,3,2,0,49,0.2999,1,0,0,1
263,67,2,2,0,11,0.0799,1,1,1,3
188,93,1,0,1,49,0.491,1,0,0,1
226,109,2,2,0,3,0.2967,0,0,0,0
356,83,3,1,0,34,0.2783,1,1,0,2
14,96,5,0,1,57,0.3246,1,1,1,3
283,12,3,1,0,23,0.322,0,0,0,0
288,44,2,2,0,12,0.3733,0,0,0,0
346,82,2,3,0,56,0.2854,0,0,0,0
18,84,1,1,0,49,0.1502,0,0,0,0
155,40,1,3,0,22,0.1816,0,0,0,0
43,93,1,1,0,45,0.1512,0,0,0,0
249,113,1,2,0,11,0.3545,1,0,0,1
104,7,4,2,1,59,0.4074,1,1,1,3
282,102,2,2,1,5,0.005,1,1,0,2
25,9,4,1,0,18,0.2298,1,1,1,3
235,92,4,2,0,47,0.0572,0,0,0,0
65,106,1,2,1,7,0.3282,0,0,0,0
84,37,4,1,1,29,0.2208,1,0,0,1
255,116,4,3,0,55,0.1787,1,0,0,1
304,83,2,1,0,31,0.4529,0,0,0,0
215,47,1,3,0,6,0.1754,0,0,0,0
373,72,1,0,0,2,0.5106,0,0,0,0
130,27,4,2,0,22,0.1554,1,1,1,3
266,109,2,2,0,47,0.3783,0,0,0,0
0,60,0,1,0,10,0.3275,1,0,0,1
345,118,4,1,0,31,0.3671,1,0,0,1
109,85,2,1,0,10,0.2556,0,0,0,0
367,55,1,3,0,7,0.4033,0,0,0,0
51,86,2,1,1,40,0.0914,0,0,0,0
212,21,1,1,0,12,0.3142,1,0,0,1
89,58,2,2,1,50,0.5396,0,0,0,0
184,82,1,2,0,27,0.1717,0,0,0,0
245,109,1,1,0,37,0.2638,0,0,0,0
246,42,5,1,0,58,0.1175,1,1,0,2
221,105,1,0,0,50,0.2837,1,0,0,1
101,48,3,1,0,31,0.3096,0,0,0,0
281,112,3,1,1,9,0.5813,0,0,0,0
25,67,1,1,1,45,0.2267,0,0,0,0
313,85,2,0,0,40,0.3403,1,0,0,1
102,104,2,2,0,5,0.3732,1,1,0,2
286,1,3,0,1,55,0.2482,1,1,1,3
306,94,1,1,1,50,0.5677,0,0,0,0
16,47,1,3,0,7,0.4784,0,0,0,0
260,115,0,3,0,44,0.2485,0,0,0,0
275,41,0,0,0,42,0.3402,0,0,0,0
115,78,1,1,0,46,0.5143,1,0,0,1
14,52,3,0,0,41,0.3209,1,1,1,3
384,71,0,0,1,11,0.1243,0,0,0,0
147,47,2,0,0,33,0.2745,1,0,0,1
106,19,1,3,0,38,0.315,0,0,0,0
38,49,2,1,1,48,0.4862,1,1,0,2
326,99,2,1,0,36,0.1335,0,0,0,0
34,7,2,1,1,6,0.6076,0,0,0,0
68,91,2,1,1,43,0.3836,1,1,0,2
321,102,1,0,0,18,0.1232,1,0,0,1
255,12,5,1,0,38,0.2217,1,1,1,3
181,82,2,2,0,1,0.1517,0,0,0,0
198,87,4,2,0,21,0.3647,0,0,0,0
268,44,1,1,1,33,0.1595,0,0,0,0
366,24,3,3,0,48,0.3905,0,0,0,0
28,111,1,0,0,3,0.3159,1,0,0,1
229,58,1,0,0,51,0.656,0,0,0,0
286,76,4,3,0,0,0.223,1,1,0,2
328,5,3,1,1,20,0.5028,1,1,0,2
189,96,5,0,1,31,0.4257,1,1,1,3
83,45,1,2,0,26,0.0472,0,0,0,0
33,104,2,2,0,55,0.264,0,0,0,0
78,26,1,2,0,7,0.4882,0,0,0,0
175,88,1,2,0,15,0.2937,0,0,0,0
357,86,4,0,0,31,0.2961,1,1,1,3
279,48,0,1,0,50,0.5041,0,0,0,0
260,2,1,3,0,27,0.5128,0,0,0,0
387,71,1,2,0,50,0.2415,0,0,0,0
334,56,3,1,1,31,0.0268,1,1,1,3
21,85,3,1,1,14,0.0725,0,0,0,0
120,75,1,1,0,19,0.13,0,0,0,0
142,26,1,1,0,44,0.4186,0,0,0,0
350,34,3,0,0,22,0.4033,1,1,1,3
66,19,2,0,1,54,0.3861,1,1,1,3
286,61,4,0,0,32,0.193,1,1,1,3
73,96,3,1,0,11,0.04,1,0,0,1
169,5,3,1,0,10,0.1515,1,0,0,1
387,113,3,1,1,2,0.139,1,1,0,2
330,96,1,0,0,35,0.3051,1,0,0,1
266,80,3,0,0,32,0.1934,1,0,0,1
51,119,4,2,1,57,0.3193,1,1,1,3
98,59,5,3,1,43,0.6965,1,1,1,3
222,89,4,1,0,38,0.1514,1,1,1,3
9,46,1,0,0,3,0.0849,0,0,0,0
265,18,5,1,1,14,0.5035,1,1,1,3
4,81,5,1,0,20,0.1141,1,1,1,3
187,73,1,0,0,44,0.3175,0,0,0,0
271,32,2,2,0,10,0.2986,0,0,0,0
214,20,2,2,0,9,0.4056,0,0,0,0
262,54,1,1,1,37,0.4383,1,0,0,1
188,0,3,1,0,38,0.2341,1,1,0,2
96,69,1,2,0,24,0.1695,0,0,0,0
53,54,2,2,0,16,0.281,0,0,0,0
222,73,4,2,1,10,0.3999,1,0,0,1
201,115,2,3,0,45,0.4872,0,0,0,0
243,60,0,2,0,43,0.1894,0,0,0,0
307,10,1,0,1,11,0.3085,1,1,1,3
17,110,3,1,0,7,0.5998,1,1,1,3
258,104,4,1,0,9,0.0947,1,0,0,1
272,90,3,2,0,49,0.2865,0,0,0,0
17,48,2,3,0,34,0.0652,0,0,0,0
32,35,4,3,0,32,0.381,1,0,0,1
82,76,3,0,1,35,0.4944,1,1,0,2
70,55,1,0,0,0,0.6121,0,0,0,0
54,86,3,0,0,25,0.0558,1,0,0,1
235,111,4,0,0,57,0.2665,1,0,0,1
157,6,4,0,0,20,0.0983,1,1,1,3
263,81,1,2,0,21,0.2769,0,0,0,0
22,59,3,0,0,28,0.1364,0,0,0,0
257,82,1,3,0,3,0.2488,0,0,0,0
92,114,1,0,0,0,0.1314,1,0,0,1
156,0,1,2,0,59,0.2405,0,0,0,0
185,20,3,0,0,55,0.0429,1,1,0,2
264,82,2,0,0,21,0.5572,0,0,0,0
129,110,2,2,0,32,0.2448,1,0,0,1
310,110,2,2,0,8,0.5381,1,0,0,1
41,106,2,0,0,21,0.4329,0,0,0,0
11,17,2,1,0,36,0.0252,0,0,0,0
381,4,5,0,0,7,0.312,1,1,1,3
27,114,0,1,0,50,0.0924,0,0,0,0
116,69,0,1,0,32,0.3929,0,0,0,0
204,2,4,2,0,2,0.1993,1,0,0,1
340,67,2,1,0,44,0.3446,0,0,0,0
100,15,2,1,1,48,0.1423,0,0,0,0
391,100,3,1,0,33,0.1881,0,0,0,0
62,81,4,2,1,4,0.7491,1,1,1,3
248,118,1,1,1,43,0.2313,0,0,0,0
147,49,3,0,0,54,0.2878,1,1,1,3
332,77,5,0,0,37,0.7319,1,1,1,3
221,91,1,2,0,13,0.5255,0,0,0,0
16,112,2,2,0,29,0.0275,0,0,0,0
396,34,1,2,0,59,0.0981,0,0,0,0
323,71,2,0,1,6,0.3356,1,0,0,1
270,26,0,2,0,20,0.2873,0,0,0,0
387,94,1,2,1,25,0.6497,0,0,0,0
363,96,3,0,0,0,0.0936,1,1,0,2
106,12,2,1,0,42,0.6364,0,0,0,0
46,76,1,0,0,27,0.5021,0,0,0,0
116,65,3,3,1,0,0.1503,1,1,0,2
164,84,2,1,0,13,0.2582,1,0,0,1
30,23,5,2,0,9,0.4225,1,1,1,3
296,97,0,3,0,51,0.3609,0,0,0,0
169,112,2,0,1,42,0.4979,1,1,0,2
231,9,4,1,0,18,0.1527,1,1,1,3
282,47,1,1,0,57,0.2514,0,0,0,0
60,81,4,3,0,27,0.4787,1,1,1,3
98,79,2,2,0,37,0.5671,1,0,0,1
174,86,2,0,0,40,0.2299,1,0,0,1
173,65,3,3,0,42,0.1832,1,0,0,1
88,9,5,2,0,56,0.0862,1,1,1,3
76,19,2,0,0,23,0.4302,0,0,0,0
77,29,4,1,1,54,0.0504,1,1,1,3
212,109,2,0,0,4,0.2157,1,1,0,2
44,96,4,1,0,40,0.1844,1,1,0,2
82,18,4,0,1,37,0.1051,1,1,1,3
392,103,4,1,0,10,0.0775,1,0,0,1
75,34,2,1,0,34,0.2559,1,0,0,1
8,38,2,3,0,25,0.5465,0,0,0,0
225,65,4,0,0,58,0.2877,1,1,0,2
56,79,2,1,0,13,0.2729,1,0,0,1
353,90,3,3,1,32,0.2755,1,1,0,2
89,70,3,2,0,57,0.5291,0,0,0,0
331,57,3,3,0,47,0.3036,0,0,0,0
63,110,3,1,0,56,0.4671,0,0,0,0
35,12,3,1,0,1,0.2338,1,1,0,2
359,119,2,1,0,45,0.3031,1,0,0,1
184,111,3,0,0,17,0.5426,0,0,0,0
375,5,3,0,0,7,0.2334,1,0,0,1
229,40,2,1,0,3,0.1532,1,1,1,3
79,67,2,0,0,34,0.4365,1,1,0,2
37,34,2,0,1,26,0.2988,0,0,0,0
22,107,1,2,0,50,0.5479,1,0,0,1
362,69,3,2,0,37,0.276,1,0,0,1
135,93,3,1,0,35,0.2641,0,0,0,0
45,75,2,2,0,10,0.4001,0,0,0,0
178,25,2,0,0,59,0.2117,0,0,0,0
344,118,3,1,0,10,0.5562,1,1,0,2
117,1,4,1,0,23,0.3873,1,1,1,3
70,41,3,2,0,31,0.2573,0,0,0,0
295,4,2,1,0,53,0.2516,0,0,0,0
114,65,4,3,0,41,0.1283,1,1,1,3
254,84,3,0,0,56,0.1658,0,0,0,0
232,107,2,1,0,53,0.4503,1,0,0,1
17,66,4,3,0,45,0.2164,1,0,0,1
208,94,2,1,0,38,0.1527,0,0,0,0
56,112,3,1,0,15,0.2043,1,1,0,2
20,106,3,1,0,42,0.2092,1,1,1,3
79,54,3,2,0,26,0.4094,1,0,0,1
351,24,3,1,0,51,0.3574,1,1,0,2
160,74,3,0,0,0,0.1987,1,0,0,1
121,2,2,0,0,56,0.4179,1,1,0,2
58,22,2,3,0,44,0.2371,0,0,0,0
95,69,0,0,0,25,0.0373,1,0,0,1
264,73,3,0,0,53,0.2052,1,1,0,2
25,88,0,1,0,43,0.4371,0,0,0,0
239,0,3,2,0,53,0.3642,0,0,0,0
274,34,3,2,0,38,0.1747,1,0,0,1
0,31,1,3,1,40,0.1391,0,0,0,0
365,8,2,3,0,58,0.5127,0,0,0,0
309,40,2,2,0,12,0.631,0,0,0,0
149,20,2,0,0,32,0.174,0,0,0,0
28,14,0,2,0,32,0.1961,0,0,0,0
118,103,4,1,0,38,0.4107,1,1,1,3
308,91,2,0,1,20,0.4155,1,0,0,1
387,16,1,1,0,54,0.6312,0,0,0,0
3,71,3,2,0,31,0.1633,0,0,0,0
95,41,1,0,0,47,0.4441,0,0,0,0
175,19,3,3,0,12,0.2254,1,0,0,1
343,13,1,0,0,13,0.5131,1,0,0,1
369,84,1,1,0,3,0.0675,1,0,0,1
135,52,4,1,0,58,0.2974,1,0,0,1
49,4,3,2,0,24,0.0929,1,0,0,1
208,22,2,3,0,10,0.075,0,0,0,0
92,38,2,2,0,20,0.0518,0,0,0,0
31,30,3,1,1,19,0.2662,1,0,0,1
136,37,3,2,0,24,0.2143,0,0,0,0
296,54,1,2,1,39,0.2267,0,0,0,0
50,57,2,3,1,24,0.2242,0,0,0,0
144,35,2,0,0,9,0.1042,1,1,0,2
143,108,1,2,1,12,0.2223,0,0,0,0
25,16,3,1,0,26,0.2754,1,1,0,2
244,80,4,3,1,49,0.2114,1,0,0,1
94,108,1,2,0,30,0.1928,0,0,0,0
220,2,3,3,0,17,0.3622,1,0,0,1
143,93,3,1,1,12,0.1602,1,1,1,3
299,114,2,1,0,28,0.1455,1,1,0,2
1,60,1,0,0,28,0.3549,0,0,0,0
253,77,4,1,0,6,0.4553,1,1,1,3
141,87,2,1,0,2,0.1207,1,1,0,2
242,105,4,1,0,0,0.2287,1,1,1,3
155,43,2,2,0,31,0.1218,0,0,0,0
129,44,1,1,1,30,0.2171,1,1,0,2
350,24,1,1,0,25,0.4117,0,0,0,0
359,20,3,2,0,37,0.264,0,0,0,0
109,59,2,0,1,2,0.1785,1,1,1,3
5,41,1,1,0,15,0.1574,1,0,0,1
292,101,2,3,0,3,0.3225,0,0,0,0
85,78,2,2,1,16,0.5541,1,1,1,3
257,61,2,3,0,28,0.3763,0,0,0,0
344,48,2,1,0,33,0.2569,1,0,0,1
171,73,2,1,0,25,0.5055,1,1,1,3
292,16,2,2,0,25,0.3953,1,1,0,2
151,26,0,1,1,25,0.2489,0,0,0,0
365,88,0,1,0,49,0.3918,0,0,0,0
213,21,1,2,0,59,0.0527,0,0,0,0
294,78,2,1,0,44,0.4705,1,0,0,1
345,101,3,0,0,0,0.2997,1,1,0,2
216,100,2,1,1,37,0.0833,1,0,0,1
273,89,4,1,0,19,0.0845,1,0,0,1
291,22,3,2,0,51,0.3296,1,1,1,3
67,25,3,2,0,12,0.4886,1,1,0,2
389,112,2,0,1,29,0.3925,1,1,1,3
69,18,5,2,1,3,0.2314,1,1,1,3
193,19,2,1,0,16,0.1798,1,0,0,1
188,93,1,0,1,11,0.075,0,0,0,0
252,57,5,2,0,19,0.2138,1,0,0,1
196,93,2,2,1,15,0.2815,1,0,0,1
379,40,3,0,0,38,0.5329,1,0,0,1
40,103,5,3,1,25,0.1974,0,0,0,0
198,0,2,0,0,5,0.1241,0,0,0,0
168,49,0,2,0,35,0.187,0,0,0,0
126,87,3,2,0,35,0.024,0,0,0,0
66,13,1,2,0,29,0.2711,0,0,0,0
179,3,3,2,0,29,0.1954,1,0,0,1
124,29,4,1,0,32,0.2923,1,1,1,3
43,78,1,0,0,52,0.3095,0,0,0,0
123,87,5,1,1,18,0.084,1,1,1,3
31,19,5,2,0,35,0.2386,1,1,1,3
331,116,4,0,1,35,0.0561,1,1,1,3
2,88,1,0,0,9,0.1846,0,0,0,0
359,35,3,1,0,38,0.1678,1,0,0,1
129,81,2,0,0,43,0.1404,1,0,0,1
129,72,1,0,0,35,0.3023,0,0,0,0
21,115,4,2,0,48,0.1484,1,1,0,2
241,118,3,1,0,51,0.0613,1,0,0,1
387,32,1,3,0,6,0.2401,0,0,0,0
321,68,3,0,0,20,0.5664,1,1,1,3
118,17,3,2,1,21,0.1275,1,0,0,1
346,64,1,0,1,41,0.0462,1,1,0,2
168,65,3,2,0,59,0.2122,0,0,0,0
35,118,2,2,0,35,0.2424,0,0,0,0
333,5,5,1,0,36,0.3557,1,1,1,3
384,10,3,1,0,56,0.6399,0,0,0,0
83,57,2,3,0,43,0.3153,0,0,0,0
99,6,2,0,0,39,0.4039,1,0,0,1
247,108,2,2,0,50,0.3552,0,0,0,0
211,70,4,0,0,50,0.3423,1,1,1,3
296,33,3,3,0,56,0.2511,0,0,0,0
98,83,1,1,0,7,0.4924,0,0,0,0
147,60,2,2,0,14,0.2519,0,0,0,0
252,53,2,1,0,29,0.04,1,0,0,1
284,104,4,2,1,51,0.1126,1,1,1,3
20,70,3,0,0,19,0.4153,1,0,0,1
374,15,3,0,0,40,0.3832,1,1,0,2
291,114,2,1,1,30,0.2948,1,1,1,3
33,99,3,2,0,5,0.4009,0,0,0,0
331,69,1,2,0,18,0.4506,1,0,0,1
151,24,3,0,0,35,0.1887,1,0,0,1
29,78,1,2,0,46,0.4426,0,0,0,0
141,111,2,0,0,12,0.2344,1,1,0,2
366,56,4,2,0,21,0.177,0,0,0,0
249,105,2,3,0,20,0.4493,1,1,0,2
374,79,2,1,0,45,0.4398,0,0,0,0
257,102,1,3,0,49,0.2795,0,0,0,0
10,56,1,1,1,46,0.6055,0,0,0,0
298,112,3,1,1,19,0.2943,1,0,0,1
14,82,2,2,1,49,0.2541,0,0,0,0
177,89,4,1,0,28,0.2404,1,0,0,1
397,96,3,1,0,23,0.267,1,0,0,1
8,55,2,0,0,51,0.015,1,0,0,1
373,13,1,1,0,34,0.2529,0,0,0,0
39,50,1,1,0,52,0.2935,0,0,0,0
98,73,3,0,0,31,0.135,1,0,0,1
109,53,3,2,0,15,0.2475,1,0,0,1
214,80,3,2,0,48,0.3838,1,0,0,1
100,77,4,0,0,51,0.2245,1,1,1,3
179,96,3,1,0,46,0.0844,0,0,0,0
24,28,3,1,0,58,0.2525,0,0,0,0
50,57,2,3,1,32,0.6715,0,0,0,0
206,108,1,1,0,28,0.2689,0,0,0,0
109,96,2,1,0,41,0.2743,1,0,0,1
172,87,2,1,0,1,0.0781,0,0,0,0
151,54,3,1,0,34,0.2627,1,0,0,1
212,113,2,1,0,29,0.2178,0,0,0,0
234,106,2,1,0,26,0.1438,1,0,0,1
54,70,3,2,0,50,0.5769,0,0,0,0
396,78,0,1,0,13,0.1747,0,0,0,0
13,29,6,2,1,3,0.3555,1,1,1,3
353,102,1,0,0,51,0.2219,1,0,0,1
213,107,2,1,0,53,0.1193,0,0,0,0
390,45,2,0,0,49,0.6563,1,1,1,3
188,63,1,2,0,3,0.5096,0,0,0,0
376,109,2,2,0,55,0.4074,0,0,0,0
57,78,2,1,0,45,0.2511,0,0,0,0
213,76,2,3,0,41,0.2466,0,0,0,0
377,8,2,2,1,12,0.5343,1,1,0,2
94,33,2,2,1,50,0.2421,0,0,0,0
140,96,4,2,0,50,0.2193,1,0,0,1
117,22,3,2,0,40,0.1878,0,0,0,0
129,32,2,0,0,5,0.8115,1,0,0,1
260,48,0,0,1,9,0.1381,0,0,0,0
58,68,1,0,0,29,0.1266,0,0,0,0
263,8,2,2,0,38,0.1841,0,0,0,0
177,105,5,1,0,24,0.1572,1,1,1,3
126,60,1,2,0,26,0.618,0,0,0,0
214,42,2,2,0,14,0.3709,0,0,0,0
361,111,4,1,1,36,0.3217,1,1,0,2
79,38,4,0,0,8,0.4815,1,1,1,3
8,82,1,3,0,3,0.1731,0,0,0,0
320,102,1,3,0,19,0.1818,0,0,0,0
242,72,3,2,0,7,0.5322,1,0,0,1
314,95,2,1,0,58,0.0382,1,0,0,1
211,115,3,2,0,50,0.4548,0,0,0,0
373,116,1,3,0,17,0.1755,0,0,0,0
62,24,3,1,0,41,0.199,1,0,0,1
228,3,5,1,0,30,0.1086,1,0,0,1
294,65,2,3,0,44,0.7264,1,0,0,1
176,37,4,1,0,12,0.0374,1,1,1,3
218,44,2,1,0,32,0.2238,0,0,0,0
289,118,2,2,0,15,0.1537,0,0,0,0
302,29,5,1,0,55,0.2678,1,0,0,1
166,100,1,2,0,57,0.1652,0,0,0,0
105,6,2,1,0,28,0.1459,1,0,0,1
265,81,5,2,0,45,0.4955,1,1,0,2
100,45,4,1,1,31,0.3105,1,1,1,3
236,48,2,0,1,8,0.1678,0,0,0,0
223,42,5,0,0,51,0.545,1,1,1,3
117,88,2,1,1,39,0.3465,1,1,0,2
79,72,4,0,0,42,0.3461,1,1,1,3
348,54,3,2,0,47,0.1446,0,0,0,0
373,89,0,3,1,58,0.5837,0,0,0,0
94,107,1,0,0,21,0.4315,1,0,0,1
270,46,1,3,0,55,0.0445,0,0,0,0
54,77,3,1,0,50,0.0113,1,0,0,1
138,102,2,1,0,1,0.2618,1,0,0,1
198,31,3,0,0,58,0.1929,1,1,1,3
376,73,2,3,1,33,0.5044,0,0,0,0
17,71,2,2,0,56,0.669,0,0,0,0
72,48,1,3,0,8,0.6597,1,0,0,1
89,2,3,0,0,47,0.3523,1,1,0,2
337,119,6,1,0,15,0.2385,1,1,1,3
274,43,2,1,0,52,0.0157,1,0,0,1
59,9,4,2,0,40,0.2716,0,0,0,0
368,54,1,1,1,21,0.2794,1,0,0,1
43,112,1,1,0,59,0.6587,0,0,0,0
395,13,2,2,0,16,0.5834,0,0,0,0
197,29,3,1,0,24,0.329,1,0,0,1
264,63,2,0,0,31,0.3328,0,0,0,0
284,84,2,2,0,46,0.312,0,0,0,0
146,89,4,2,0,32,0.5329,1,1,0,2
277,39,3,3,0,26,0.4768,1,1,0,2
60,117,1,3,0,36,0.1036,0,0,0,0
397,44,3,2,0,31,0.1784,0,0,0,0
223,18,5,0,0,41,0.2344,1,1,1,3
48,18,5,1,0,32,0.2089,1,1,0,2
80,106,2,2,0,45,0.1195,0,0,0,0
5,50,0,2,0,9,0.6057,0,0,0,0
391,40,1,2,0,41,0.5742,0,0,0,0
160,84,1,1,0,15,0.4629,1,0,0,1
42,113,2,0,0,40,0.2317,0,0,0,0
213,5,2,1,1,13,0.1926,0,0,0,0
21,21,2,1,0,28,0.1,1,0,0,1
108,75,4,1,0,23,0.1881,1,1,1,3
235,78,2,1,0,23,0.4766,0,0,0,0
331,47,2,0,0,49,0.2805,0,0,0,0
29,11,4,0,0,20,0.2144,1,1,1,3
169,44,2,1,0,42,0.1427,0,0,0,0
82,54,3,1,1,22,0.3019,1,1,1,3
27,105,2,2,1,24,0.3931,0,0,0,0
207,25,6,0,1,21,0.3903,1,1,1,3
382,74,1,1,0,11,0.0939,0,0,0,0
221,23,1,3,0,22,0.4021,0,0,0,0
25,10,2,1,0,1,0.1305,1,1,1,3
115,97,0,1,0,22,0.2804,0,0,0,0
57,102,2,2,0,8,0.1991,1,0,0,1
183,80,4,3,0,3,0.2793,1,0,0,1
321,106,2,2,0,21,0.373,0,0,0,0
121,2,2,0,0,59,0.4492,1,1,1,3
262,34,4,1,0,52,0.2943,1,1,1,3
330,69,0,1,0,39,0.2148,0,0,0,0
343,90,2,2,0,57,0.377,0,0,0,0
192,119,3,2,0,31,0.4088,1,0,0,1
158,89,1,1,1,55,0.3671,1,0,0,1
37,116,2,1,0,37,0.4085,1,1,0,2
301,97,2,2,0,59,0.3709,0,0,0,0
41,100,6,1,0,0,0.1195,1,1,1,3
88,57,4,2,0,31,0.1565,0,0,0,0
345,79,2,1,0,14,0.455,0,0,0,0
351,58,2,1,0,57,0.4998,1,1,0,2
313,25,3,2,0,59,0.0999,0,0,0,0
345,96,5,1,0,4,0.062,1,1,0,2
390,38,1,1,1,22,0.5566,1,0,0,1
23,13,3,1,1,52,0.26,1,1,0,2
195,65,4,0,0,52,0.6737,1,1,1,3
204,30,3,1,0,1,0.3606,1,1,1,3
214,5,3,0,0,28,0.0223,1,1,0,2
242,113,2,0,0,28,0.3508,0,0,0,0
279,68,2,1,0,43,0.07,1,0,0,1
397,61,1,3,0,59,0.235,0,0,0,0
191,82,2,3,1,23,0.2289,0,0,0,0
134,91,2,1,0,51,0.3962,1,1,0,2
325,11,4,1,0,9,0.2265,1,1,0,2
234,95,3,1,0,2,0.1348,1,0,0,1
215,62,3,3,1,32,0.237,1,1,1,3
255,102,3,0,1,18,0.1538,1,1,1,3
386,85,4,1,0,59,0.0884,1,0,0,1
185,36,1,2,0,36,0.3999,0,0,0,0
341,96,4,0,0,31,0.144,1,1,1,3
325,23,6,2,0,2,0.4673,1,1,0,2
68,35,5,2,0,44,0.2339,1,1,1,3
227,26,0,2,0,1,0.1683,0,0,0,0
102,26,0,2,0,58,0.5624,0,0,0,0
289,94,1,1,0,11,0.3037,0,0,0,0
131,113,2,0,0,43,0.2847,0,0,0,0
52,40,1,2,0,23,0.0358,0,0,0,0
313,8,1,2,0,30,0.1853,1,0,0,1
316,18,4,1,0,15,0.5228,1,1,1,3
85,71,1,2,0,56,0.2996,0,0,0,0
195,42,5,0,1,2,0.1675,1,1,1,3
389,28,1,1,0,48,0.1412,0,0,0,0
270,27,4,0,0,42,0.2654,1,1,0,2
255,98,5,0,0,54,0.6933,1,1,1,3
369,21,1,1,1,21,0.2332,0,0,0,0
62,10,3,2,0,46,0.5449,0,0,0,0
200,71,2,0,0,57,0.2868,1,0,0,1
372,73,4,0,0,50,0.4928,1,1,1,3
375,71,2,0,0,14,0.2764,1,0,0,1
397,39,3,3,0,1,0.1374,0,0,0,0
219,103,5,3,0,1,0.1147,1,1,1,3
336,2,6,0,1,5,0.3675,1,1,1,3
96,40,2,3,0,18,0.2412,0,0,0,0
164,75,1,2,0,48,0.0452,0,0,0,0
318,21,3,1,0,1,0.6086,1,1,1,3
258,20,1,0,1,1,0.1749,1,0,0,1
66,85,1,1,1,27,0.3844,1,1,0,2
184,65,2,1,1,58,0.432,0,0,0,0
3,102,1,3,0,24,0.1054,0,0,0,0
340,44,3,0,0,20,0.1963,1,1,0,2
19,47,2,3,0,57,0.2196,0,0,0,0
271,82,2,2,0,52,0.2761,0,0,0,0
251,16,3,1,0,1,0.0471,1,0,0,1
180,15,3,2,1,51,0.3623,0,0,0,0
149,64,1,0,0,53,0.187,1,1,0,2
125,91,3,1,0,49,0.3331,0,0,0,0
264,95,1,0,0,48,0.1962,0,0,0,0
90,75,2,2,0,44,0.2592,0,0,0,0
179,18,5,2,1,35,0.2553,1,1,1,3
102,56,2,2,0,10,0.6648,0,0,0,0
307,97,0,3,0,45,0.0571,0,0,0,0
260,39,2,0,0,21,0.4807,0,0,0,0
138,7,2,1,0,26,0.0553,1,0,0,1
368,70,1,0,0,50,0.4221,0,0,0,0
386,30,2,3,1,9,0.1344,0,0,0,0
261,65,4,1,0,11,0.0439,1,1,0,2
150,99,2,1,0,31,0.1323,0,0,0,0
228,69,3,1,0,38,0.233,0,0,0,0
48,35,7,2,0,1,0.3996,1,1,1,3
142,19,5,0,1,29,0.2157,1,1,0,2
351,29,6,0,0,20,0.0386,1,1,1,3
290,96,3,0,1,12,0.2826,1,1,1,3
373,106,1,2,0,49,0.2143,0,0,0,0
37,8,1,2,0,21,0.4527,0,0,0,0
158,93,1,0,0,6,0.2995,1,0,0,1
290,105,2,1,0,38,0.3414,0,0,0,0
352,77,3,2,1,16,0.2655,0,0,0,0
137,86,2,1,0,37,0.0948,0,0,0,0
307,32,1,0,0,45,0.1788,0,0,0,0
343,9,3,1,0,40,0.2769,0,0,0,0
352,11,2,3,0,51,0.2252,0,0,0,0
314,46,1,2,0,5,0.4819,0,0,0,0
345,23,5,3,0,48,0.2049,1,0,0,1
143,86,3,2,0,1,0.1071,1,1,0,2
18,103,3,3,0,45,0.262,0,0,0,0
286,116,3,3,0,44,0.1438,0,0,0,0
189,51,3,1,0,58,0.2559,1,1,1,3
259,29,1,2,0,39,0.3764,0,0,0,0
218,91,3,1,0,34,0.0998,1,1,0,2
109,118,2,1,0,44,0.3464,0,0,0,0
353,95,1,0,0,32,0.2266,0,0,0,0
51,62,5,1,0,59,0.2941,1,1,0,2
384,54,2,1,0,25,0.0644,0,0,0,0
382,50,1,0,0,42,0.2521,1,1,0,2
139,119,4,1,0,5,0.6101,1,1,1,3
200,63,2,1,0,22,0.3859,1,0,0,1
66,5,2,2,0,12,0.2727,1,1,0,2
336,100,6,0,0,22,0.4233,1,1,1,3
211,87,6,0,1,13,0.2786,1,1,1,3
380,44,3,2,0,48,0.1355,0,0,0,0
29,34,5,1,0,40,0.2499,1,1,1,3
97,47,0,0,0,40,0.3851,0,0,0,0
390,29,2,1,1,44,0.1565,0,0,0,0
344,0,3,2,0,58,0.1901,1,1,0,2
131,92,3,2,0,39,0.3175,1,0,0,1
108,112,2,0,0,2,0.09,0,0,0,0
80,76,5,3,0,32,0.2144,0,0,0,0
295,94,1,1,0,0,0.2984,0,0,0,0
263,28,2,1,0,12,0.0904,0,0,0,0
112,100,3,3,0,50,0.3895,1,1,0,2
99,97,1,3,0,23,0.3146,0,0,0,0
61,9,4,0,0,56,0.0901,0,0,0,0
361,37,2,0,0,22,0.396,1,0,0,1
161,113,3,2,1,50,0.0638,0,0,0,0
199,63,1,0,0,53,0.12,0,0,0,0
398,52,3,2,0,0,0.249,1,1,1,3
75,96,2,1,1,27,0.2705,0,0,0,0
251,44,3,0,0,37,0.4844,1,1,0,2
59,21,3,0,0,29,0.0916,1,0,0,1
182,81,3,0,0,17,0.1175,1,1,0,2
90,117,0,3,1,3,0.7167,0,0,0,0
18,22,3,0,0,9,0.2551,1,1,1,3
118,56,3,1,0,51,0.2724,0,0,0,0
151,99,2,1,0,25,0.1817,1,0,0,1
11,69,3,1,1,22,0.198,1,1,1,3
8,25,4,3,0,5,0.3432,1,0,0,1
392,76,5,2,0,43,0.445,1,1,1,3
39,39,4,1,1,0,0.2715,1,1,1,3
323,46,0,2,0,2,0.3724,1,0,0,1
119,105,1,0,0,40,0.3084,0,0,0,0
129,56,3,2,0,7,0.3094,1,1,0,2
183,8,2,0,0,40,0.2952,1,0,0,1
117,98,6,1,1,0,0.4447,1,1,1,3
138,95,1,1,0,23,0.2159,0,0,0,0
64,59,4,1,0,10,0.4541,1,1,1,3
197,95,1,3,0,49,0.2319,0,0,0,0
64,69,1,1,0,12,0.3251,1,0,0,1
334,100,5,2,0,34,0.2474,1,1,1,3
239,94,1,0,0,29,0.2952,0,0,0,0
278,11,4,2,0,41,0.1365,0,0,0,0
2,90,4,1,1,57,0.1118,1,0,0,1
392,7,5,1,0,31,0.3143,1,1,1,3
129,116,1,3,0,2,0.1569,0,0,0,0
321,89,3,3,1,3,0.4229,1,0,0,1
271,6,0,2,0,9,0.5107,0,0,0,0
77,76,6,2,1,44,0.1896,1,1,1,3
373,19,1,3,0,54,0.0913,0,0,0,0
154,58,1,1,0,4,0.5292,0,0,0,0
80,23,5,0,0,2,0.1247,1,1,0,2
228,25,6,2,0,15,0.3441,1,1,1,3
31,19,5,2,0,12,0.4778,1,1,1,3
265,85,6,0,0,16,0.0701,1,1,1,3
202,3,2,2,0,41,0.0582,0,0,0,0
233,38,4,3,0,15,0.1754,1,1,0,2
389,110,3,0,0,20,0.0709,0,0,0,0
67,101,1,1,0,1,0.0329,1,0,0,1
199,78,1,1,0,18,0.2558,1,0,0,1
247,77,2,1,1,31,0.3647,0,0,0,0
362,71,3,2,1,33,0.3302,1,1,1,3
369,83,1,0,1,41,0.1105,1,1,1,3
225,100,2,0,0,12,0.3228,1,0,0,1
285,110,1,1,0,22,0.4948,0,0,0,0
202,107,1,0,0,35,0.5944,1,0,0,1
296,52,0,2,0,43,0.2376,0,0,0,0
246,59,4,1,0,58,0.1443,0,0,0,0
39,0,3,2,0,7,0.1432,0,0,0,0
91,14,1,3,1,19,0.1882,0,0,0,0
30,25,6,2,0,5,0.3104,1,1,1,3
279,93,1,1,0,43,0.6139,0,0,0,0
112,13,2,1,0,48,0.3364,0,0,0,0
170,107,0,1,0,40,0.1842,0,0,0,0
345,52,4,1,0,2,0.2261,1,1,0,2
154,99,2,0,0,44,0.3982,0,0,0,0
368,11,2,2,0,36,0.2712,0,0,0,0
63,17,4,2,0,58,0.5066,1,1,1,3
282,30,3,2,0,1,0.3026,0,0,0,0
192,35,4,2,0,25,0.2417,1,0,0,1
159,58,3,1,0,18,0.118,1,1,0,2
37,34,2,0,1,28,0.1353,1,0,0,1
223,55,1,0,0,41,0.2692,0,0,0,0
201,81,1,0,1,41,0.2871,0,0,0,0
342,111,2,0,1,11,0.4728,1,1,1,3
393,32,1,0,0,47,0.4253,0,0,0,0
188,49,3,1,0,51,0.3003,1,0,0,1
272,32,1,1,0,48,0.3737,0,0,0,0
115,51,1,1,0,28,0.3909,0,0,0,0
280,86,4,2,0,12,0.3714,0,0,0,0
377,70,4,1,0,35,0.0436,1,1,1,3
86,21,1,1,0,22,0.4836,0,0,0,0
95,33,1,2,0,7,0.13,0,0,0,0
219,15,3,0,0,45,0.0106,1,1,0,2
237,1,1,2,0,30,0.2643,1,0,0,1
76,76,3,0,0,14,0.5212,1,1,0,2
220,78,1,1,0,39,0.5453,0,0,0,0
345,115,4,0,0,51,0.2209,1,1,1,3
20,85,6,1,1,2,0.3509,1,1,1,3
295,22,1,1,1,22,0.2876,0,0,0,0
193,109,2,1,0,43,0.2259,0,0,0,0
282,30,3,2,0,24,0.5657,1,1,0,2
205,95,2,2,0,54,0.2392,0,0,0,0
260,48,0,0,1,50,0.4773,0,0,0,0
302,0,4,2,0,15,0.1352,1,0,0,1
352,70,1,1,0,56,0.4107,0,0,0,0
125,25,5,0,0,36,0.1213,1,1,0,2
280,12,4,0,0,52,0.0778,1,1,1,3
220,39,2,0,1,43,0.78,1,0,0,1
195,72,3,3,0,29,0.5591,0,0,0,0
396,89,2,3,0,44,0.2069,0,0,0,0
266,12,2,2,0,2,0.1898,0,0,0,0
371,33,6,3,0,44,0.496,1,1,1,3
227,35,3,0,0,32,0.3274,1,0,0,1
232,77,4,2,0,21,0.3981,1,0,0,1
397,68,2,3,0,23,0.4034,0,0,0,0
118,36,2,0,1,25,0.2055,1,1,0,2
362,85,4,1,0,20,0.512,1,0,0,1
272,86,0,2,0,8,0.0749,0,0,0,0
20,80,5,2,1,14,0.1868,1,1,1,3
324,89,2,0,0,20,0.4498,0,0,0,0
170,54,1,2,0,49,0.2921,0,0,0,0
382,59,0,1,1,43,0.0654,0,0,0,0
306,57,2,0,0,28,0.2302,0,0,0,0
374,28,2,2,0,48,0.2874,0,0,0,0
40,97,2,0,0,10,0.2685,1,1,1,3
126,117,0,3,0,30,0.3639,0,0,0,0
79,65,6,3,0,45,0.2254,1,1,1,3
322,99,2,1,0,36,0.3034,0,0,0,0
61,114,2,2,0,0,0.1508,0,0,0,0
360,81,1,0,0,50,0.3296,0,0,0,0
251,19,4,2,0,6,0.5805,1,1,0,2
174,51,0,2,0,26,0.081,0,0,0,0
139,13,1,0,0,26,0.1479,1,1,0,2
189,43,2,1,1,58,0.1619,1,0,0,1
251,69,3,0,0,35,0.3477,1,1,1,3
69,61,3,1,0,23,0.2767,1,1,0,2
89,14,2,3,0,14,0.2495,0,0,0,0
233,43,2,2,0,26,0.3086,1,0,0,1
252,38,4,2,1,53,0.1988,1,0,0,1
108,5,3,1,0,55,0.1701,0,0,0,0
80,21,3,2,0,45,0.0676,1,0,0,1
376,116,3,0,0,9,0.1696,1,1,1,3
383,41,3,1,0,11,0.3139,1,1,1,3
371,15,3,3,0,0,0.4496,1,0,0,1
365,51,1,2,0,52,0.427,0,0,0,0
176,50,0,0,0,37,0.2493,0,0,0,0
80,14,1,0,1,19,0.1887,1,0,0,1
396,30,2,0,0,32,0.3692,1,1,0,2
21,103,4,1,1,0,0.1832,1,0,0,1
390,105,2,2,0,21,0.206,1,0,0,1
138,0,3,2,0,40,0.3828,1,1,0,2
218,114,2,0,1,46,0.5189,1,0,0,1
147,99,4,1,0,36,0.5702,1,1,1,3
395,104,3,1,0,12,0.2094,1,1,0,2
128,35,4,3,1,18,0.2989,1,1,0,2
345,35,6,3,0,2,0.0315,1,1,1,3
374,25,6,3,0,22,0.3827,1,1,1,3
257,6,2,3,0,4,0.1102,0,0,0,0
67,36,2,1,1,8,0.2046,1,1,1,3
222,26,1,0,1,15,0.4435,1,0,0,1
399,22,1,0,0,27,0.5319,1,0,0,1
0,91,2,1,1,53,0.293,0,0,0,0
245,79,1,0,0,40,0.0975,1,0,0,1
118,18,5,2,1,38,0.3584,1,0,0,1
189,83,1,1,0,4,0.2384,0,0,0,0
176,104,4,0,1,38,0.2416,1,1,0,2
123,51,1,1,0,20,0.2172,0,0,0,0
158,76,2,1,0,23,0.3416,0,0,0,0
108,24,1,1,0,10,0.1891,0,0,0,0
137,45,2,1,0,13,0.4161,0,0,0,0
257,19,2,0,0,48,0.0374,0,0,0,0
203,29,4,1,1,38,0.0886,1,1,1,3
168,35,3,1,0,34,0.3974,1,1,1,3
15,15,2,1,0,40,0.2167,0,0,0,0
119,60,1,2,0,23,0.2465,0,0,0,0
165,56,3,2,1,21,0.3965,1,0,0,1
311,86,2,3,0,34,0.0977,1,0,0,1
246,61,2,2,0,30,0.3027,0,0,0,0
166,81,1,1,0,27,0.3313,1,1,0,2
374,92,3,3,0,40,0.0409,0,0,0,0
245,98,5,2,0,2,0.1181,1,1,0,2
287,61,3,1,0,25,0.0457,1,1,1,3
0,15,2,3,0,56,0.2923,0,0,0,0
167,46,0,3,1,42,0.1075,0,0,0,0
116,38,0,0,0,0,0.279,0,0,0,0
158,18,3,1,0,7,0.3092,0,0,0,0
300,11,3,0,1,25,0.4066,1,1,1,3
139,84,2,1,0,23,0.5909,0,0,0,0
241,51,3,2,0,47,0.2677,0,0,0,0
101,107,2,0,1,29,0.2201,1,0,0,1
40,99,2,1,0,41,0.264,0,0,0,0
377,14,2,2,1,8,0.3381,0,0,0,0
356,36,0,1,0,23,0.0695,1,0,0,1
328,89,2,3,1,3,0.3222,0,0,0,0
240,76,3,2,1,53,0.4073,1,1,1,3
367,103,4,0,0,1,0.0801,1,1,1,3
201,60,1,1,0,12,0.4686,0,0,0,0
59,10,3,2,1,34,0.264,0,0,0,0
381,16,2,1,0,20,0.3052,0,0,0,0
111,86,2,0,0,11,0.5108,1,1,1,3
215,75,3,1,1,50,0.1167,0,0,0,0
42,33,2,1,1,9,0.2708,1,1,1,3
120,35,5,0,0,29,0.1566,1,1,1,3
326,58,2,0,0,31,0.2115,1,1,0,2
51,75,2,1,0,43,0.705,0,0,0,0
91,20,2,0,1,13,0.3452,1,1,0,2
96,77,4,1,0,14,0.193,1,1,1,3
341,89,3,1,0,4,0.2343,1,1,1,3
128,40,2,3,0,34,0.5567,0,0,0,0
0,47,0,3,1,18,0.1516,0,0,0,0
152,54,4,0,0,33,0.1439,1,0,0,1
344,43,3,0,1,44,0.4087,1,1,0,2
208,93,2,2,0,41,0.1168,0,0,0,0
199,116,1,3,0,11,0.0629,0,0,0,0
92,108,2,1,0,15,0.3923,1,0,0,1
374,28,2,2,0,59,0.59,0,0,0,0
163,55,2,3,0,14,0.2442,0,0,0,0
250,76,6,3,1,32,0.0797,1,1,1,3
138,111,2,1,1,38,0.1739,1,0,0,1
353,23,3,0,0,33,0.374,0,0,0,0
2,86,3,1,1,34,0.2002,1,1,1,3
343,7,3,1,0,3,0.1723,1,1,0,2
329,10,3,2,0,36,0.2315,0,0,0,0
321,46,1,3,0,54,0.0685,0,0,0,0
119,42,4,0,0,6,0.3571,1,1,1,3
374,46,2,0,0,59,0.2365,1,1,0,2
208,83,2,1,0,21,0.3201,0,0,0,0
134,91,2,1,0,0,0.2771,1,0,0,1
242,52,4,0,1,5,0.1602,1,0,0,1
370,58,2,1,0,19,0.4043,1,0,0,1
20,12,4,0,1,13,0.5606,1,1,1,3
144,80,1,3,0,18,0.0888,0,0,0,0
370,3,4,3,0,40,0.3868,0,0,0,0
99,30,2,0,0,9,0.0974,1,1,0,2
174,15,1,0,1,19,0.3607,1,1,0,2
66,16,1,1,1,33,0.164,0,0,0,0
335,60,1,1,0,10,0.4504,1,0,0,1
388,81,2,3,0,21,0.1536,0,0,0,0
131,43,2,1,0,35,0.3713,1,0,0,1
179,27,6,1,0,37,0.5816,1,1,1,3
323,69,2,0,0,5,0.1238,1,1,0,2
125,92,4,0,0,24,0.1417,1,1,1,3
222,19,4,1,0,4,0.6307,1,1,1,3
244,101,2,3,0,35,0.4248,0,0,0,0
361,0,2,2,0,36,0.1322,0,0,0,0
351,24,3,1,0,8,0.0907,1,1,1,3
204,32,2,1,0,32,0.6197,1,0,0,1
347,50,1,2,1,1,0.3933,1,0,0,1
252,46,2,1,0,20,0.2902,0,0,0,0
380,30,4,3,0,4,0.2661,0,0,0,0
393,36,0,1,0,23,0.0575,0,0,0,0
360,48,1,0,1,7,0.5321,0,0,0,0
7,17,3,1,0,30,0.1447,1,0,0,1
23,31,4,3,1,34,0.2824,1,1,0,2
257,30,2,3,0,53,0.3088,0,0,0,0
312,38,0,0,0,58,0.1554,0,0,0,0
258,52,2,1,0,38,0.6004,0,0,0,0
352,13,2,1,0,33,0.2735,0,0,0,0
84,91,1,1,1,12,0.2379,0,0,0,0
388,83,1,2,0,15,0.1338,0,0,0,0
180,69,1,0,0,28,0.2802,1,0,0,1
52,22,2,1,0,12,0.2094,0,0,0,0
20,60,1,0,0,9,0.0378,0,0,0,0
360,80,2,3,0,40,0.354,0,0,0,0
166,108,2,2,0,51,0.3337,0,0,0,0
227,54,2,2,0,40,0.221,0,0,0,0
180,82,1,1,0,33,0.0745,0,0,0,0
360,84,1,2,0,40,0.3949,0,0,0,0
150,14,1,1,0,57,0.2959,0,0,0,0
163,46,2,3,0,3,0.0759,1,0,0,1
304,102,1,0,0,30,0.1169,0,0,0,0
59,64,2,1,0,26,0.2835,0,0,0,0
69,5,4,0,0,43,0.3803,1,1,1,3
163,7,3,0,1,20,0.4712,1,1,0,2
300,85,3,1,0,57,0.1378,1,1,1,3
370,67,1,0,0,24,0.0866,1,0,0,1
247,91,2,0,0,59,0.2847,1,0,0,1
236,15,4,3,0,13,0.2991,0,0,0,0
135,25,5,1,0,42,0.0793,1,1,0,2
397,83,1,2,0,58,0.1822,0,0,0,0
92,4,3,1,0,5,0.1875,1,0,0,1
66,72,2,3,0,20,0.33,0,0,0,0
10,60,1,2,0,28,0.2986,0,0,0,0
192,64,2,1,0,46,0.5162,0,0,0,0
36,11,3,3,1,9,0.4005,0,0,0,0
1,97,2,2,0,22,0.57,1,1,0,2
335,104,5,2,0,32,0.4416,1,1,1,3
231,85,3,1,0,46,0.1161,0,0,0,0
96,71,1,2,0,5,0.0475,0,0,0,0
120,35,5,0,0,35,0.4577,1,1,1,3
105,87,2,0,1,12,0.1574,1,1,0,2
79,3,4,3,0,3,0.5564,1,1,1,3
309,55,1,1,0,32,0.2966,0,0,0,0
354,47,1,3,0,11,0.0902,0,0,0,0
104,46,2,1,0,22,0.1572,0,0,0,0
168,39,4,1,0,4,0.1589,1,1,1,3
51,61,2,2,0,21,0.262,1,0,0,1
283,9,2,2,0,46,0.0479,0,0,0,0
248,82,1,3,0,31,0.3536,0,0,0,0
89,92,3,3,0,17,0.142,0,0,0,0
266,101,1,0,0,4,0.6395,0,0,0,0
278,77,4,1,0,2,0.3312,1,1,1,3
373,11,1,3,1,44,0.1754,1,0,0,1
68,94,1,1,0,58,0.3598,0,0,0,0
335,24,3,3,0,32,0.2024,0,0,0,0
342,7,1,2,0,45,0.4182,0,0,0,0
142,72,1,3,0,37,0.3382,0,0,0,0
392,95,0,1,0,11,0.2016,0,0,0,0
182,98,3,0,0,56,0.2121,1,1,0,2
87,62,3,2,0,29,0.0448,1,0,0,1
347,26,0,2,0,8,0.4123,0,0,0,0
105,46,0,2,0,46,0.1245,0,0,0,0
93,70,2,1,0,49,0.4775,0,0,0,0
324,113,2,1,0,20,0.6039,1,0,0,1
233,60,2,2,1,46,0.0439,1,1,0,2
31,107,3,0,0,48,0.3966,1,1,1,3
198,47,1,0,0,45,0.3509,1,1,0,2
130,95,1,2,0,47,0.4974,0,0,0,0
235,65,5,1,0,27,0.2598,1,1,1,3
392,29,4,1,0,0,0.1864,1,0,0,1
183,83,2,1,0,31,0.5775,1,0,0,1
2,107,3,1,0,38,0.1696,1,0,0,1
227,27,3,0,0,46,0.1816,1,0,0,1
337,53,3,0,0,23,0.3927,1,1,1,3
124,14,1,3,1,43,0.0497,0,0,0,0
77,101,4,2,0,19,0.6958,1,1,1,3
8,10,2,3,0,38,0.6662,0,0,0,0
147,57,5,3,1,53,0.0985,1,1,0,2
184,56,2,0,0,58,0.0542,0,0,0,0
62,49,0,1,0,28,0.0691,0,0,0,0
209,92,1,1,0,52,0.2172,1,0,0,1
17,24,3,0,0,42,0.3488,1,1,1,3
324,99,1,1,0,47,0.1913,0,0,0,0
175,45,2,1,0,43,0.589,1,0,0,1
289,92,2,0,0,26,0.1848,1,0,0,1
301,86,4,2,1,27,0.0444,1,1,1,3
156,55,1,2,1,36,0.6379,0,0,0,0
334,85,3,1,0,59,0.1831,0,0,0,0
196,106,2,2,0,10,0.0952,1,1,0,2
331,77,2,1,0,9,0.2011,0,0,0,0
99,111,3,2,0,26,0.3191,1,0,0,1
10,96,2,1,0,12,0.5508,1,0,0,1
90,17,1,0,0,48,0.6023,1,0,0,1
303,68,3,0,0,54,0.3529,1,0,0,1
342,37,2,1,0,44,0.3157,0,0,0,0
203,67,3,1,0,27,0.2152,1,0,0,1
154,87,3,1,0,24,0.0751,1,1,0,2
117,117,1,1,0,36,0.4515,0,0,0,0
189,64,1,1,0,23,0.2945,0,0,0,0
70,119,6,3,0,16,0.2985,1,0,0,1
174,32,1,3,1,29,0.0783,0,0,0,0
259,30,3,0,0,33,0.4169,1,1,1,3
111,65,5,0,1,4,0.15,1,1,1,3
134,113,1,2,1,28,0.316,0,0,0,0
371,4,3,3,0,46,0.185,0,0,0,0
86,6,3,3,1,17,0.408,1,1,0,2
181,70,3,1,0,39,0.2401,1,0,0,1
308,81,3,1,0,2,0.0802,1,0,0,1
51,5,4,1,0,7,0.3271,1,0,0,1
47,55,2,1,0,1,0.1946,1,0,0,1
71,94,1,1,0,28,0.379,0,0,0,0
361,18,3,2,0,38,0.1503,1,0,0,1
28,24,0,1,0,10,0.3816,0,0,0,0
132,53,3,2,0,37,0.3905,1,1,0,2
390,14,0,1,0,9,0.0336,0,0,0,0
280,59,3,2,0,42,0.4785,0,0,0,0
340,87,5,0,1,28,0.4775,1,1,0,2
162,38,4,1,1,20,0.2168,1,1,1,3
239,5,4,0,1,46,0.5816,1,1,1,3
209,117,1,1,0,5,0.211,0,0,0,0
337,102,3,1,0,52,0.1046,1,0,0,1
389,90,3,1,0,59,0.3873,1,0,0,1
308,119,3,1,0,25,0.1932,1,0,0,1
109,90,3,0,0,47,0.4698,1,1,1,3
253,10,3,3,0,52,0.4597,0,0,0,0
176,96,5,0,0,46,0.625,1,1,1,3
344,21,3,1,0,54,0.3091,0,0,0,0
370,90,5,3,0,16,0.3125,1,1,0,2
388,114,3,1,0,10,0.2744,1,1,1,3
151,7,4,3,0,13,0.2755,0,0,0,0
118,23,4,1,1,41,0.1778,1,1,1,3
342,48,2,2,0,58,0.0723,1,0,0,1
302,89,5,2,0,9,0.2048,1,0,0,1
280,118,2,1,1,33,0.1598,1,0,0,1
103,10,4,3,0,32,0.5545,1,1,0,2
284,49,2,3,0,25,0.3847,0,0,0,0
135,44,2,0,0,1,0.2351,0,0,0,0
364,43,0,1,0,56,0.4229,0,0,0,0
43,89,2,2,0,32,0.4736,0,0,0,0
355,27,5,2,0,51,0.0968,0,0,0,0
93,31,4,3,0,3,0.3481,1,1,0,2
380,89,4,0,0,5,0.0825,1,1,0,2
17,33,6,0,0,55,0.1512,1,1,1,3
217,57,4,3,1,0,0.0756,0,0,0,0
204,64,3,2,0,25,0.3339,1,0,0,1
11,77,4,0,0,36,0.0362,1,1,1,3
299,21,2,1,0,54,0.411,0,0,0,0
384,57,4,1,1,38,0.3818,1,1,1,3
246,65,4,1,0,52,0.077,1,1,1,3
11,54,3,0,0,23,0.1674,1,0,0,1
279,96,2,1,0,49,0.3184,0,0,0,0
178,105,0,3,0,9,0.0841,0,0,0,0
144,94,1,1,0,41,0.2193,0,0,0,0
77,55,3,2,0,59,0.2298,0,0,0,0
129,75,2,1,0,23,0.1715,0,0,0,0
40,8,3,3,1,5,0.2535,0,0,0,0
219,0,4,0,0,2,0.2299,1,1,1,3
350,95,1,2,0,41,0.2023,0,0,0,0
308,81,3,1,0,23,0.0919,1,1,0,2
319,88,2,2,1,19,0.3384,1,0,0,1
147,91,5,2,0,21,0.3361,1,0,0,1
45,58,1,2,0,10,0.1617,0,0,0,0
170,38,0,0,0,5,0.1963,0,0,0,0
141,99,1,0,1,21,0.1308,0,0,0,0
231,80,2,2,0,47,0.3478,0,0,0,0
81,110,2,1,0,56,0.1243,0,0,0,0
306,107,2,1,0,1,0.2038,1,0,0,1
15,57,3,2,1,47,0.2727,1,0,0,1
166,57,1,1,0,0,0.329,1,0,0,1
2,94,1,1,0,36,0.2356,0,0,0,0
25,21,1,1,0,9,0.136,0,0,0,0
130,14,0,2,0,2,0.1947,0,0,0,0
100,25,4,2,0,25,0.0811,1,1,1,3
178,35,2,0,0,28,0.1762,1,1,1,3
107,56,1,1,1,48,0.2998,0,0,0,0
169,21,2,0,0,50,0.1494,1,0,0,1
99,3,4,3,0,30,0.3674,1,0,0,1
282,41,2,1,0,55,0.4203,1,0,0,1
25,67,1,1,1,2,0.4273,1,0,0,1
339,117,1,1,0,8,0.5178,1,0,0,1
266,87,3,2,0,59,0.2112,0,0,0,0
377,43,1,1,1,40,0.0681,1,0,0,1
377,5,5,1,0,4,0.288,1,1,1,3
300,80,3,0,0,14,0.3233,1,1,1,3
232,55,3,3,0,41,0.1081,1,0,0,1
282,4,3,1,1,0,0.2598,1,0,0,1
245,82,0,2,0,28,0.1027,0,0,0,0
115,5,2,1,1,3,0.209,0,0,0,0
188,66,3,2,0,27,0.0724,0,0,0,0
129,80,4,3,0,22,0.1951,1,0,0,1
291,2,4,2,0,24,0.1693,0,0,0,0
355,64,1,1,0,28,0.0257,1,0,0,1
243,13,1,2,1,7,0.4234,0,0,0,0
259,33,3,3,0,54,0.758,0,0,0,0
31,65,5,2,0,42,0.3875,1,0,0,1
359,26,1,1,0,21,0.2189,0,0,0,0
49,89,2,2,0,2,0.3656,0,0,0,0
38,8,3,2,0,43,0.1363,0,0,0,0
39,92,3,1,0,41,0.4144,1,1,0,2
280,41,3,0,0,19,0.099,0,0,0,0
283,15,1,1,0,28,0.1598,0,0,0,0
136,2,4,0,0,59,0.4271,1,1,1,3
243,15,2,0,0,44,0.0344,0,0,0,0
250,12,4,1,0,24,0.3378,1,0,0,1
51,89,3,1,0,21,0.2677,1,1,0,2
142,102,2,3,0,7,0.2579,0,0,0,0
393,40,1,0,1,57,0.1822,1,0,0,1
97,23,4,3,1,17,0.1851,1,0,0,1
320,42,3,0,1,39,0.4842,1,1,1,3
162,15,3,2,0,1,0.141,0,0,0,0
310,97,2,3,0,30,0.2732,0,0,0,0
46,61,0,3,0,55,0.379,0,0,0,0
174,113,0,1,0,3,0.2658,0,0,0,0
387,77,4,1,0,39,0.5429,1,1,1,3
361,58,2,0,0,55,0.05,0,0,0,0
353,91,3,1,0,24,0.6551,1,1,1,3
227,91,1,1,1,14,0.4092,1,1,0,2
265,40,3,2,0,44,0.0796,0,0,0,0
372,52,2,2,0,15,0.2635,0,0,0,0
160,107,1,2,0,3,0.4595,0,0,0,0
36,85,3,2,0,2,0.1917,1,1,1,3
355,7,4,2,1,12,0.3239,1,1,1,3
210,23,4,2,0,24,0.1524,1,1,0,2
49,80,2,2,1,57,0.4342,0,0,0,0
148,85,3,1,0,8,0.1311,0,0,0,0
268,57,5,0,0,12,0.4286,1,1,1,3
131,80,4,1,0,46,0.1482,1,1,1,3
176,24,4,1,0,16,0.4076,1,1,0,2
174,119,4,3,0,14,0.3341,1,1,1,3
105,75,1,0,0,50,0.2818,0,0,0,0
178,96,2,2,1,54,0.269,0,0,0,0
202,66,1,1,0,16,0.413,0,0,0,0
336,98,7,3,0,44,0.1262,1,1,1,3
29,0,5,0,1,14,0.2833,1,1,1,3
325,9,4,2,0,20,0.5293,1,0,0,1
359,117,1,1,0,24,0.1552,0,0,0,0
167,117,0,0,0,24,0.3199,1,0,0,1
331,68,3,3,0,55,0.2356,0,0,0,0
140,95,1,0,0,56,0.2738,1,1,0,2
142,3,3,0,0,21,0.1682,1,0,0,1
368,85,1,1,0,34,0.0325,0,0,0,0
74,64,2,1,0,9,0.2351,0,0,0,0
273,79,2,0,0,55,0.2119,0,0,0,0
321,80,4,3,0,51,0.3762,1,1,0,2
134,89,3,3,0,47,0.3793,0,0,0,0
355,48,0,2,1,32,0.2979,1,0,0,1
226,94,1,2,1,31,0.0774,1,0,0,1
186,83,3,2,0,32,0.3548,0,0,0,0
308,49,1,2,0,33,0.3244,0,0,0,0
22,14,1,3,0,13,0.292,0,0,0,0
255,60,2,1,1,44,0.2728,1,1,0,2
341,82,2,2,0,21,0.159,1,0,0,1
74,107,3,1,0,54,0.244,1,0,0,1
160,40,3,3,0,32,0.1061,0,0,0,0
199,71,2,1,1,59,0.0493,1,0,0,1
112,89,3,3,0,41,0.4464,1,1,0,2
55,9,2,2,0,2,0.0539,1,0,0,1
203,36,3,0,1,59,0.17,1,1,1,3
150,78,1,0,0,20,0.4452,0,0,0,0
49,77,3,1,1,36,0.2927,1,0,0,1
250,47,2,3,0,32,0.5328,0,0,0,0
167,85,1,2,0,45,0.192,0,0,0,0
227,87,2,1,0,18,0.249,1,0,0,1
103,11,4,0,0,27,0.3572,1,1,1,3
154,46,0,1,0,0,0.082,1,0,0,1
21,33,5,2,0,51,0.1291,1,1,1,3
117,21,3,1,1,48,0.4576,1,1,0,2
48,93,4,0,0,35,0.3648,1,1,1,3
168,18,2,2,0,14,0.0986,0,0,0,0
265,113,3,0,1,17,0.2686,1,1,0,2
105,47,1,2,0,11,0.2201,0,0,0,0
341,59,4,1,0,52,0.3076,1,0,0,1
220,32,1,0,0,3,0.1848,0,0,0,0
197,14,0,3,0,52,0.0896,0,0,0,0
312,84,1,2,0,13,0.3969,0,0,0,0
129,77,3,2,0,44,0.3556,0,0,0,0
369,80,4,2,0,43,0.2742,1,0,0,1
294,100,3,3,1,58,0.1268,1,1,1,3
11,51,3,1,1,58,0.4236,1,1,1,3
14,26,1,0,0,36,0.0581,1,0,0,1
34,102,1,1,0,25,0.4282,1,0,0,1
314,45,2,0,0,57,0.8155,0,0,0,0
354,90,3,3,0,6,0.5013,1,0,0,1
235,54,2,0,1,4,0.4721,0,0,0,0
263,103,3,2,0,48,0.4912,1,0,0,1
66,73,2,3,0,3,0.3086,0,0,0,0
63,29,4,1,0,44,0.3048,1,1,0,2
149,116,3,0,0,38,0.1054,1,1,0,2
237,14,1,2,0,53,0.3898,0,0,0,0
354,99,2,2,0,48,0.4274,1,0,0,1
203,29,4,1,1,36,0.2411,1,0,0,1
93,110,1,2,0,44,0.0442,0,0,0,0
74,7,3,2,0,39,0.2801,1,0,0,1
353,58,2,1,0,12,0.447,1,0,0,1
198,62,3,0,0,41,0.2022,1,0,0,1
265,5,5,1,0,54,0.2654,1,1,1,3
23,40,1,0,1,49,0.2609,0,0,0,0
176,50,0,0,0,32,0.2134,0,0,0,0
69,106,3,1,0,50,0.1826,1,1,1,3
140,91,3,1,0,14,0.2291,1,1,0,2
180,26,1,1,1,57,0.278,1,1,0,2
85,48,2,3,0,9,0.1046,0,0,0,0
399,72,3,3,0,56,0.0863,0,0,0,0
266,95,2,3,0,46,0.5312,0,0,0,0
328,102,3,0,0,35,0.1801,1,1,0,2
346,3,2,0,0,11,0.1629,1,1,0,2
115,4,1,1,0,4,0.276,0,0,0,0
182,110,2,2,1,45,0.3094,1,0,0,1
354,6,1,0,0,50,0.4826,1,0,0,1
328,89,2,3,1,50,0.182,0,0,0,0
86,64,1,0,0,49,0.7034,0,0,0,0
47,88,2,0,0,6,0.3808,0,0,0,0
94,109,2,0,0,5,0.4047,1,1,0,2
190,112,1,0,0,45,0.4557,1,0,0,1
389,30,2,2,0,24,0.2939,0,0,0,0
291,112,2,1,0,33,0.1339,0,0,0,0
6,8,2,2,0,32,0.0384,1,0,0,1
263,99,2,0,1,36,0.3683,1,1,1,3
280,59,3,2,0,31,0.4403,1,1,0,2
276,68,3,1,0,14,0.1555,0,0,0,0
381,45,5,2,0,17,0.2636,1,1,1,3
35,116,3,3,1,21,0.286,1,1,1,3
7,112,2,0,1,1,0.2154,1,0,0,1
305,8,3,2,0,52,0.1604,0,0,0,0
274,96,3,2,0,37,0.2312,1,0,0,1
21,54,2,1,0,53,0.4869,1,0,0,1
214,107,2,0,0,30,0.3837,1,0,0,1
169,42,3,1,0,52,0.2088,1,1,0,2
171,45,3,0,0,36,0.2736,0,0,0,0
328,101,3,3,0,32,0.365,1,1,0,2
353,90,3,3,1,26,0.1013,0,0,0,0
384,66,2,1,0,35,0.174,1,0,0,1
177,46,2,1,0,52,0.1202,1,0,0,1
206,20,2,1,0,29,0.3756,1,0,0,1
248,98,4,3,0,3,0.1009,1,1,0,2
261,4,4,1,0,50,0.4997,1,1,1,3
162,45,6,0,0,41,0.054,0,0,0,0
365,11,2,0,1,1,0.3982,1,1,0,2
204,111,3,1,1,11,0.1075,1,0,0,1
67,108,0,1,1,45,0.1208,0,0,0,0
151,91,3,2,0,45,0.4423,1,0,0,1
56,81,3,3,1,24,0.2893,1,0,0,1
250,97,2,3,0,35,0.3231,0,0,0,0
136,102,3,3,1,56,0.2199,1,1,0,2
355,53,3,1,1,35,0.6312,1,1,1,3
22,76,3,0,1,16,0.3104,1,1,1,3
231,116,5,2,0,56,0.1324,1,1,0,2
343,80,1,2,0,34,0.0683,0,0,0,0
195,39,5,3,0,53,0.1134,0,0,0,0
11,65,4,1,0,38,0.3404,1,1,1,3
16,29,5,2,0,32,0.2619,1,1,0,2
269,106,2,1,1,12,0.4044,1,1,0,2
172,59,2,1,0,55,0.3054,0,0,0,0
32,51,1,2,0,55,0.4866,0,0,0,0
115,10,1,2,0,56,0.2172,0,0,0,0
114,62,5,3,0,25,0.2654,1,0,0,1
264,103,4,0,0,49,0.4661,1,1,1,3
124,107,3,2,0,43,0.2255,0,0,0,0
390,105,2,2,0,8,0.351,0,0,0,0
95,31,2,2,0,3,0.338,1,0,0,1
204,7,3,1,0,53,0.2718,0,0,0,0
398,25,7,0,0,5,0.2032,1,1,1,3
125,115,3,3,1,51,0.1864,0,0,0,0
328,71,3,1,1,57,0.0989,0,0,0,0
10,36,1,2,0,14,0.2054,0,0,0,0
127,28,1,1,0,20,0.0826,1,0,0,1
227,106,2,2,0,31,0.3265,0,0,0,0
240,19,3,2,0,50,0.2487,0,0,0,0
333,45,5,1,1,25,0.2798,1,1,1,3
241,54,4,1,0,34,0.3111,1,1,1,3
95,67,1,1,0,16,0.211,0,0,0,0
32,110,2,1,0,23,0.6007,1,0,0,1
169,43,3,1,0,37,0.1327,1,0,0,1
312,29,0,2,0,0,0.1052,0,0,0,0
343,4,2,2,0,37,0.4454,1,0,0,1
11,69,3,1,1,58,0.3604,1,1,0,2
119,24,1,0,0,40,0.3959,0,0,0,0
211,15,4,2,0,55,0.4206,1,0,0,1
101,72,2,1,0,8,0.1245,1,1,0,2
359,108,0,2,1,8,0.1084,0,0,0,0
284,119,4,0,0,42,0.2489,1,1,1,3
115,81,1,2,1,49,0.094,1,0,0,1
139,13,1,0,0,9,0.3077,0,0,0,0
86,30,2,3,1,41,0.296,1,0,0,1
184,109,2,1,0,29,0.3064,1,0,0,1
397,80,3,0,0,50,0.434,1,1,0,2
213,64,1,3,0,56,0.4954,0,0,0,0
282,78,2,1,1,59,0.3278,1,1,1,3
29,104,5,1,0,26,0.2789,1,1,0,2
171,66,4,1,0,11,0.2661,1,1,1,3
175,80,3,3,0,59,0.3352,0,0,0,0
365,110,2,1,0,52,0.1106,0,0,0,0
10,9,3,3,0,19,0.1394,0,0,0,0
324,110,3,1,1,56,0.1314,1,1,1,3
56,73,2,3,0,40,0.2847,0,0,0,0
168,86,3,2,0,49,0.4,1,0,0,1
32,80,3,0,0,35,0.5252,1,1,0,2
213,75,1,1,0,18,0.3659,0,0,0,0
331,16,3,1,0,53,0.1429,0,0,0,0
322,16,4,1,0,49,0.1039,1,1,1,3
231,8,2,1,0,59,0.2284,0,0,0,0
44,89,2,0,0,50,0.2091,1,0,0,1
63,37,4,0,1,47,0.2552,1,1,1,3
55,8,3,2,0,54,0.2377,1,1,0,2
1,65,4,2,0,2,0.1053,0,0,0,0
12,32,1,3,0,51,0.2213,0,0,0,0
221,62,2,0,0,41,0.1163,0,0,0,0
275,19,0,2,0,3,0.3932,0,0,0,0
99,31,2,3,0,48,0.1299,0,0,0,0
355,27,5,2,0,0,0.6788,1,1,0,2
246,49,2,1,0,1,0.1922,1,0,0,1
144,117,1,0,1,6,0.3115,0,0,0,0
68,1,3,2,0,10,0.1824,1,0,0,1
112,73,4,0,0,49,0.1732,0,0,0,0
98,65,5,3,0,37,0.3067,1,1,0,2
56,109,1,2,0,41,0.4078,0,0,0,0
79,73,4,0,0,18,0.4486,1,1,1,3
163,73,1,0,0,10,0.3925,0,0,0,0
306,91,2,1,0,34,0.4432,1,0,0,1
273,60,1,1,0,47,0.2801,0,0,0,0
210,79,1,0,0,45,0.079,0,0,0,0
388,27,5,3,0,13,0.4503,0,0,0,0
370,0,2,3,0,22,0.2476,1,0,0,1
291,14,2,1,0,7,0.0904,1,0,0,1
116,7,3,0,0,33,0.5185,1,1,1,3
323,69,2,0,0,20,0.1469,1,1,0,2
225,37,2,2,0,59,0.0808,1,0,0,1
79,4,5,3,0,20,0.1311,1,0,0,1
179,73,3,1,0,1,0.5708,1,0,0,1
359,61,1,1,0,44,0.243,0,0,0,0
282,62,3,1,0,5,0.2047,1,1,1,3
72,115,1,0,0,1,0.0918,0,0,0,0
211,21,2,1,0,14,0.2246,0,0,0,0
317,80,6,2,0,50,0.3754,1,1,0,2
33,55,1,3,0,24,0.1753,0,0,0,0
299,28,2,2,0,0,0.1683,0,0,0,0
358,67,1,3,0,11,0.4063,0,0,0,0
290,97,2,1,0,20,0.1924,0,0,0,0
305,9,2,2,0,58,0.1324,0,0,0,0
163,76,3,3,0,10,0.2067,1,0,0,1
370,100,6,3,0,19,0.1552,1,1,1,3
316,70,3,1,0,14,0.2495,1,1,1,3
20,29,4,1,0,1,0.2156,1,1,1,3
256,2,3,2,0,36,0.0531,1,1,1,3
195,34,4,1,1,55,0.3786,1,1,1,3
216,55,2,1,0,2,0.1193,1,1,1,3
129,110,2,2,0,40,0.1017,0,0,0,0
170,76,1,3,0,13,0.3284,0,0,0,0
147,5,4,2,1,40,0.1202,1,1,0,2
378,52,3,2,0,22,0.4295,0,0,0,0
202,41,2,0,1,38,0.0576,1,0,0,1
257,40,0,3,0,57,0.2686,0,0,0,0
9,116,3,0,0,43,0.2208,1,0,0,1
29,105,4,0,0,23,0.3337,1,1,1,3
11,6,3,2,1,9,0.1658,1,1,0,2
337,45,4,0,0,0,0.5534,1,1,1,3
246,72,3,2,0,37,0.1381,0,0,0,0
166,68,1,1,0,56,0.1422,0,0,0,0
230,86,3,2,1,45,0.2417,0,0,0,0
347,35,3,0,0,42,0.2332,1,0,0,1
269,118,2,1,1,59,0.4373,0,0,0,0
270,40,1,0,1,52,0.328,0,0,0,0
181,61,4,2,0,27,0.2444,1,1,0,2
125,45,5,1,1,39,0.1342,1,1,1,3
60,0,3,0,0,23,0.1698,1,1,1,3
116,105,2,3,1,34,0.5418,1,0,0,1
366,111,4,2,0,25,0.2041,1,1,0,2
159,119,5,2,0,29,0.1593,1,1,1,3
27,36,1,0,0,31,0.2085,1,0,0,1
101,47,2,2,0,39,0.0483,0,0,0,0
311,7,3,0,0,15,0.0814,1,0,0,1
188,83,1,1,1,36,0.294,0,0,0,0
71,22,2,3,0,45,0.0992,0,0,0,0
50,118,2,1,0,4,0.3157,1,1,1,3
189,7,3,2,0,16,0.4101,1,1,0,2
370,64,2,3,0,16,0.5483,0,0,0,0
346,116,3,0,1,4,0.1026,1,1,1,3
313,88,1,0,1,4,0.2963,1,0,0,1
57,7,3,2,1,8,0.0334,1,1,0,2
358,60,0,2,1,32,0.0836,0,0,0,0
250,80,5,3,0,44,0.1537,1,0,0,1
170,2,1,3,1,59,0.1726,1,0,0,1
292,74,5,3,1,45,0.2502,1,1,0,2
68,39,4,2,0,13,0.2853,1,1,1,3
355,113,2,0,0,37,0.3211,0,0,0,0
279,92,2,1,0,24,0.2225,0,0,0,0
217,84,3,1,0,55,0.0873,0,0,0,0
250,4,5,3,0,41,0.4474,1,1,1,3
346,81,4,3,0,4,0.4804,1,0,0,1
245,52,4,0,0,47,0.3217,1,1,1,3
302,76,6,2,0,5,0.2066,1,1,1,3
215,68,3,0,0,28,0.5306,1,1,1,3
365,16,2,1,0,49,0.0606,1,0,0,1
326,19,3,2,0,23,0.5827,1,0,0,1
64,90,5,1,0,26,0.0968,1,1,1,3
275,95,0,1,1,18,0.7823,0,0,0,0
360,7,2,0,1,41,0.2822,1,0,0,1
189,25,4,2,0,21,0.3222,1,0,0,1
212,116,2,2,0,42,0.3082,0,0,0,0
191,83,1,2,0,43,0.0737,0,0,0,0
193,75,2,1,0,13,0.2594,1,0,0,1
198,1,1,3,0,12,0.2651,0,0,0,0
18,114,1,1,0,11,0.4507,0,0,0,0
178,119,2,0,1,24,0.5537,1,1,0,2
274,116,3,3,0,53,0.3084,0,0,0,0
107,91,1,2,0,44,0.1196,0,0,0,0
384,8,3,1,0,0,0.4593,0,0,0,0
347,49,2,3,0,59,0.1377,0,0,0,0
183,118,2,2,1,8,0.0864,1,0,0,1
145,66,2,0,0,36,0.7194,1,0,0,1
144,13,1,1,1,42,0.2515,1,0,0,1
360,72,1,0,0,0,0.1823,0,0,0,0
68,45,2,1,0,12,0.2206,0,0,0,0
182,54,1,2,0,52,0.6687,0,0,0,0
117,110,4,1,0,45,0.5356,1,1,0,2
10,87,3,2,0,42,0.365,0,0,0,0
11,89,4,1,0,41,0.252,1,1,1,3
100,3,3,1,0,56,0.4306,0,0,0,0
399,12,3,2,0,33,0.2187,0,0,0,0
182,50,0,2,1,36,0.6317,0,0,0,0
148,25,4,1,0,5,0.4319,1,0,0,1
161,6,2,0,0,28,0.1592,0,0,0,0
293,17,1,2,0,7,0.2583,0,0,0,0
182,101,2,3,0,30,0.0793,0,0,0,0
110,86,4,0,0,47,0.4457,1,1,1,3
246,107,3,1,0,28,0.5366,1,1,0,2
376,69,0,2,0,50,0.3354,0,0,0,0
77,56,3,1,0,15,0.1006,0,0,0,0
280,65,3,2,1,39,0.2532,1,1,0,2
374,12,4,2,0,0,0.1992,0,0,0,0
86,68,4,3,0,19,0.3477,1,0,0,1
320,41,2,2,1,9,0.4277,1,0,0,1
191,114,4,1,0,26,0.4071,1,1,1,3
307,55,2,3,0,31,0.4441,0,0,0,0
377,75,3,1,0,20,0.1328,1,1,1,3
299,52,2,1,0,49,0.0877,0,0,0,0
6,44,3,1,0,0,0.3687,1,1,1,3
52,54,2,0,1,17,0.2389,0,0,0,0
169,42,3,1,0,9,0.304,0,0,0,0
262,118,2,1,0,54,0.2155,1,0,0,1
110,93,2,1,0,38,0.3248,0,0,0,0
193,51,1,1,0,0,0.0942,0,0,0,0
297,88,1,2,1,9,0.2071,0,0,0,0
303,103,1,0,0,30,0.6826,1,0,0,1
269,48,2,3,0,22,0.3661,1,0,0,1
255,22,3,3,0,57,0.4119,1,0,0,1
280,51,3,0,0,40,0.3132,1,1,0,2
389,74,4,1,0,6,0.1651,0,0,0,0
297,15,2,3,0,21,0.5718,0,0,0,0
196,23,3,0,1,51,0.28,0,0,0,0
375,55,1,2,0,51,0.1231,0,0,0,0
248,75,2,2,0,27,0.1398,1,0,0,1
355,19,2,1,0,21,0.6912,0,0,0,0
56,81,3,3,1,12,0.1999,1,0,0,1
218,72,2,2,1,15,0.0102,1,0,0,1
229,28,1,0,0,2,0.0732,0,0,0,0
237,76,2,1,1,7,0.1055,1,1,0,2
60,38,3,3,0,18,0.0887,0,0,0,0
158,107,1,1,0,13,0.042,0,0,0,0
297,54,3,2,1,0,0.2514,1,0,0,1
10,67,1,3,0,7,0.2077,0,0,0,0
50,90,2,0,0,17,0.1944,0,0,0,0
58,47,2,3,0,9,0.2418,0,0,0,0
219,24,3,0,0,52,0.4986,1,1,1,3
288,63,2,3,0,30,0.4031,0,0,0,0
308,9,2,1,0,28,0.0961,0,0,0,0
54,96,3,1,0,55,0.2143,1,0,0,1
327,75,1,2,0,6,0.278,0,0,0,0
334,53,2,0,0,50,0.5679,1,0,0,1
36,108,2,3,0,16,0.436,0,0,0,0
147,18,6,0,0,25,0.4064,1,1,1,3
59,1,5,2,0,10,0.241,1,1,0,2
304,99,1,2,0,9,0.2852,1,0,0,1
186,118,3,1,0,44,0.2193,1,0,0,1
251,32,2,1,0,3,0.1923,0,0,0,0
108,46,1,1,0,52,0.2735,0,0,0,0
376,115,0,0,1,39,0.153,1,1,0,2
165,21,1,2,0,23,0.6642,0,0,0,0
271,78,2,1,0,53,0.4422,0,0,0,0
342,108,2,1,0,10,0.1743,1,1,0,2
43,112,1,1,0,56,0.1565,0,0,0,0
374,31,4,0,0,11,0.3896,1,1,0,2
318,51,2,2,0,50,0.2118,0,0,0,0
67,86,2,1,0,19,0.2092,0,0,0,0
50,9,4,3,0,26,0.3726,0,0,0,0
104,117,1,2,1,37,0.1802,0,0,0,0
128,54,1,1,0,19,0.274,1,0,0,1
216,89,2,1,0,27,0.1484,0,0,0,0
399,104,3,1,1,3,0.1319,1,1,0,2
108,18,4,1,0,48,0.2999,1,1,1,3
277,98,3,3,0,2,0.4255,0,0,0,0
311,109,2,1,0,38,0.5187,0,0,0,0
233,96,5,1,0,57,0.0263,1,1,1,3
356,77,3,0,1,34,0.1282,1,1,1,3
28,50,1,0,0,6,0.1281,0,0,0,0
344,109,2,0,1,17,0.1746,1,1,0,2
196,112,2,2,0,58,0.3574,0,0,0,0
86,88,1,1,0,26,0.1361,0,0,0,0
322,12,4,2,0,50,0.1605,1,0,0,1
276,79,0,1,0,40,0.2067,0,0,0,0
303,54,1,2,0,19,0.2165,0,0,0,0
315,62,3,0,0,59,0.2071,0,0,0,0
199,37,2,1,0,49,0.1934,0,0,0,0
216,13,1,1,0,25,0.0802,0,0,0,0
144,18,1,3,0,17,0.2461,0,0,0,0
325,23,6,2,0,36,0.123,0,0,0,0
0,93,1,2,0,9,0.4828,0,0,0,0
74,113,2,0,0,44,0.4058,1,0,0,1
236,110,1,2,0,25,0.5064,0,0,0,0
149,1,1,3,1,59,0.6272,0,0,0,0
0,3,1,3,1,6,0.0654,0,0,0,0
366,52,4,2,0,27,0.1357,1,1,0,2
209,43,0,0,1,37,0.5069,0,0,0,0
69,112,1,1,0,31,0.5236,0,0,0,0
35,105,4,3,0,56,0.4734,0,0,0,0
194,119,4,3,0,48,0.0834,1,0,0,1
269,83,2,2,0,14,0.0889,0,0,0,0
21,8,4,1,1,11,0.1594,1,1,0,2
54,92,3,3,1,45,0.4819,1,1,0,2
297,21,3,2,1,17,0.5847,1,1,1,3
271,10,3,2,0,59,0.1744,0,0,0,0
388,30,3,3,0,8,0.4202,1,0,0,1
184,84,2,0,0,5,0.1353,1,1,0,2
224,6,3,1,1,33,0.1204,1,1,0,2
199,70,3,1,0,53,0.264,0,0,0,0
111,86,2,0,0,34,0.3333,0,0,0,0
353,107,2,1,0,12,0.077,1,0,0,1
162,107,3,0,0,47,0.397,1,0,0,1
104,13,2,1,1,10,0.2039,1,0,0,1
348,67,2,0,0,23,0.4814,1,0,0,1
156,57,4,1,0,35,0.3794,1,1,1,3
121,46,1,0,0,20,0.5042,0,0,0,0
221,6,1,3,0,59,0.0417,0,0,0,0
20,116,5,2,0,35,0.4277,1,1,1,3
181,31,2,1,0,18,0.2619,1,0,0,1
261,114,3,0,0,50,0.2297,1,0,0,1
274,2,1,3,0,0,0.4451,0,0,0,0
318,59,5,0,1,17,0.2797,1,1,1,3
16,101,3,3,0,17,0.4257,0,0,0,0
333,49,3,3,1,48,0.1373,1,1,0,2
198,84,3,1,0,15,0.4008,0,0,0,0
211,50,1,1,1,46,0.2783,0,0,0,0
174,37,1,2,0,30,0.3194,0,0,0,0
238,70,3,2,0,24,0.1144,1,0,0,1
299,113,2,1,0,36,0.2522,0,0,0,0
160,41,1,2,1,45,0.6569,0,0,0,0
303,7,4,0,1,21,0.1138,1,1,1,3
49,25,1,1,0,8,0.4706,1,0,0,1
231,25,4,1,0,26,0.355,0,0,0,0
238,53,1,2,1,42,0.0539,0,0,0,0
231,8,2,1,0,48,0.1605,1,0,0,1
358,32,0,3,1,15,0.1744,0,0,0,0
234,80,5,2,1,5,0.1647,1,1,1,3
297,34,4,2,0,37,0.2974,1,0,0,1
197,46,1,0,0,12,0.6436,1,1,0,2
86,77,4,1,0,28,0.3945,1,1,0,2
382,100,1,1,0,53,0.0404,0,0,0,0
84,76,4,3,0,7,0.1993,1,1,1,3
236,37,5,1,1,23,0.2974,1,1,1,3
69,4,6,2,0,52,0.0341,1,1,1,3
268,29,3,2,0,54,0.3636,1,0,0,1
322,118,3,1,0,13,0.5398,1,1,0,2
91,54,2,1,0,47,0.1349,0,0,0,0
63,57,3,1,0,13,0.3655,1,0,0,1
195,37,5,2,0,6,0.2315,1,1,1,3
87,22,3,2,0,39,0.1757,0,0,0,0
190,18,6,1,0,9,0.2034,1,1,1,3
351,45,4,1,0,8,0.7604,1,1,1,3
312,110,0,2,0,20,0.1491,0,0,0,0
111,75,2,2,0,47,0.1066,0,0,0,0
62,41,2,1,1,7,0.3483,0,0,0,0
384,16,1,1,0,42,0.3202,1,0,0,1
251,54,2,1,1,16,0.1198,0,0,0,0
53,48,3,0,0,21,0.1656,0,0,0,0
287,15,2,2,1,14,0.3803,1,0,0,1
144,42,2,3,0,25,0.4496,0,0,0,0
389,114,2,0,0,11,0.0253,0,0,0,0
323,34,4,1,1,17,0.25,1,1,1,3
25,1,3,1,0,8,0.3453,1,1,1,3
3,88,1,1,1,19,0.3674,0,0,0,0
378,57,4,0,0,24,0.4028,1,1,0,2
220,112,1,2,0,3,0.4547,0,0,0,0
354,96,2,2,0,32,0.4328,0,0,0,0
174,62,4,0,0,10,0.118,1,1,1,3
167,15,2,3,1,36,0.2715,0,0,0,0
254,33,5,1,0,24,0.262,1,1,1,3
98,82,1,0,0,41,0.2528,0,0,0,0
24,23,5,0,0,28,0.3419,1,1,1,3
104,11,4,1,0,4,0.0796,1,1,0,2
209,82,2,1,1,2,0.26,1,0,0,1
79,62,6,3,0,56,0.3557,1,1,1,3
154,81,1,2,1,12,0.5272,0,0,0,0
305,101,3,1,0,54,0.2296,1,1,1,3
175,118,2,2,0,59,0.1697,0,0,0,0
204,49,1,2,0,4,0.3523,0,0,0,0
66,98,3,3,0,5,0.1649,1,0,0,1
200,102,2,1,0,10,0.077,1,1,1,3
320,113,1,1,0,40,0.4727,1,0,0,1
309,42,3,1,0,15,0.4163,0,0,0,0
198,6,2,3,0,39,0.4465,0,0,0,0
315,37,1,2,0,50,0.3972,0,0,0,0
265,70,3,1,0,19,0.0396,1,1,0,2
84,47,1,3,1,6,0.1757,0,0,0,0
113,31,2,2,0,40,0.0214,0,0,0,0
51,101,3,1,0,58,0.5109,1,0,0,1
101,7,5,1,0,33,0.0864,1,1,1,3
60,57,4,3,0,31,0.2639,0,0,0,0
226,36,1,2,1,7,0.2355,0,0,0,0
258,49,0,0,0,36,0.2372,0,0,0,0
223,101,3,0,0,15,0.2499,1,1,1,3
111,54,3,1,0,24,0.5158,1,0,0,1
154,88,1,0,0,52,0.1763,1,0,0,1
274,64,1,3,0,3,0.3395,0,0,0,0
185,74,3,0,0,59,0.6569,0,0,0,0
190,102,3,2,0,2,0.4537,1,1,0,2
0,100,3,3,0,12,0.6385,0,0,0,0
89,50,0,1,0,54,0.3756,0,0,0,0
176,59,6,1,1,16,0.1575,1,1,1,3
357,74,5,0,0,9,0.2083,1,1,0,2
18,69,1,2,0,30,0.1669,0,0,0,0
212,58,1,0,0,44,0.342,1,0,0,1
223,4,5,0,0,7,0.3705,1,1,1,3
200,89,2,2,0,51,0.5248,0,0,0,0
163,22,3,3,1,24,0.1808,1,0,0,1
339,65,4,2,0,43,0.5358,1,0,0,1
306,0,0,3,0,29,0.3886,0,0,0,0
124,11,4,0,0,5,0.0686,1,1,1,3
161,61,1,0,0,15,0.2833,0,0,0,0
102,118,0,2,0,1,0.2686,0,0,0,0
329,0,4,1,0,21,0.222,1,0,0,1
273,7,4,2,0,7,0.1533,1,1,1,3
79,86,5,3,1,56,0.264,1,1,1,3
97,4,2,0,0,2,0.1378,1,1,0,2
57,46,1,1,0,46,0.1994,0,0,0,0
5,96,2,2,0,30,0.0861,0,0,0,0
348,26,0,2,1,53,0.1297,0,0,0,0
356,20,3,1,1,36,0.1968,1,1,1,3
222,89,4,1,0,39,0.261,1,1,1,3
297,27,5,0,0,55,0.2714,1,1,1,3
388,89,3,0,0,47,0.1087,0,0,0,0
209,89,1,2,0,2,0.2327,0,0,0,0
36,44,2,1,0,47,0.464,1,0,0,1
78,4,4,3,0,50,0.4308,0,0,0,0
263,29,3,0,1,22,0.2833,1,1,1,3
136,81,3,3,0,21,0.1708,0,0,0,0
194,50,0,1,0,20,0.1621,1,0,0,1
372,87,4,1,0,36,0.2253,1,1,1,3
300,68,4,3,0,42,0.2829,0,0,0,0
191,65,4,0,0,37,0.0811,1,1,1,3
210,82,2,2,0,23,0.1415,0,0,0,0
308,4,1,2,0,44,0.1287,0,0,0,0
108,98,4,2,0,54,0.1068,1,1,1,3
310,90,4,3,0,43,0.2458,1,0,0,1
66,77,2,1,1,32,0.2575,0,0,0,0
384,95,1,1,0,5,0.2405,0,0,0,0
218,58,2,1,1,53,0.0561,1,0,0,1
245,101,2,1,0,20,0.5077,1,1,1,3
217,86,5,0,0,19,0.2148,1,1,1,3
291,80,3,2,0,46,0.1759,1,0,0,1
101,58,2,0,0,20,0.3838,1,0,0,1
286,53,2,1,0,15,0.2682,1,0,0,1
163,53,2,1,1,49,0.1893,1,0,0,1
340,3,5,2,0,17,0.7298,1,1,1,3
203,14,2,1,0,10,0.215,1,0,0,1
340,11,3,2,0,20,0.4579,1,1,1,3
84,30,2,0,1,40,0.2956,1,1,1,3
27,70,1,0,1,27,0.4988,1,1,1,3
182,102,0,0,0,19,0.2429,0,0,0,0
140,87,4,1,0,56,0.4356,1,0,0,1
55,89,3,1,0,37,0.147,1,0,0,1
171,24,2,2,0,23,0.5924,0,0,0,0
388,56,3,1,0,37,0.0472,1,0,0,1
225,118,2,1,0,32,0.0604,0,0,0,0
31,100,6,2,0,49,0.5085,1,1,1,3
145,74,5,3,1,28,0.325,1,1,1,3
327,42,4,0,0,8,0.4951,1,1,1,3
382,55,1,1,0,3,0.2741,1,0,0,1
80,38,4,0,0,33,0.1122,1,1,1,3
3,115,3,0,0,52,0.3953,1,1,1,3
237,14,1,2,0,9,0.6161,1,0,0,1
108,77,4,0,1,13,0.1268,1,1,1,3
327,93,2,1,0,31,0.4334,0,0,0,0
183,101,2,3,0,3,0.1556,1,0,0,1
251,46,1,2,0,8,0.6409,0,0,0,0
322,35,6,3,0,4,0.2077,1,1,1,3
67,51,1,1,0,21,0.196,1,0,0,1
342,114,1,0,0,38,0.4641,1,0,0,1
230,112,2,1,0,51,0.3694,0,0,0,0
352,98,3,0,0,58,0.2032,1,1,1,3
26,82,1,3,0,11,0.4978,0,0,0,0
179,6,3,1,0,20,0.5972,1,0,0,1
280,45,4,0,1,29,0.4083,0,0,0,0
259,57,2,0,0,23,0.3575,1,0,0,1
224,81,3,1,0,13,0.3337,1,1,0,2
156,66,2,1,0,43,0.111,0,0,0,0
344,53,2,0,0,39,0.5112,1,1,0,2
257,79,1,1,0,5,0.13,0,0,0,0
268,51,1,1,1,26,0.2046,0,0,0,0
274,47,0,3,0,17,0.4606,0,0,0,0
325,107,4,1,1,53,0.6163,1,1,1,3
381,1,3,3,0,14,0.3865,1,0,0,1
187,18,4,3,0,40,0.1893,0,0,0,0
168,9,4,1,0,55,0.0415,1,0,0,1
18,57,4,3,0,44,0.3728,1,0,0,1
376,19,2,0,0,32,0.098,1,1,0,2
294,108,1,3,1,27,0.4898,1,1,0,2
396,119,2,0,0,42,0.2034,0,0,0,0
63,6,3,1,1,10,0.2443,1,0,0,1
137,17,1,1,0,22,0.2439,0,0,0,0
289,59,3,3,0,42,0.2152,1,0,0,1
23,76,4,3,0,8,0.5749,1,1,1,3
373,41,2,1,1,22,0.2107,1,1,0,2
383,76,4,1,0,20,0.1872,0,0,0,0
349,52,3,2,0,16,0.0808,0,0,0,0
135,94,3,0,0,4,0.2478,1,1,1,3
151,106,4,1,1,57,0.1716,0,0,0,0
47,45,3,1,0,21,0.1811,1,1,1,3
158,67,1,2,0,39,0.2075,0,0,0,0
90,27,2,3,0,6,0.3882,1,0,0,1
166,21,2,1,0,11,0.2634,0,0,0,0
165,15,4,3,0,17,0.1919,0,0,0,0
271,46,1,1,0,20,0.2941,1,1,0,2
263,74,4,1,1,10,0.4166,1,1,1,3
310,7,3,0,0,18,0.3134,1,0,0,1
168,8,2,1,0,36,0.1351,1,1,0,2
170,116,0,3,0,30,0.1773,0,0,0,0
93,48,1,0,0,46,0.3339,0,0,0,0
112,73,4,0,0,32,0.1337,1,1,1,3
54,11,3,0,1,59,0.4166,1,1,0,2
292,104,3,2,0,35,0.1873,0,0,0,0
326,92,2,1,0,54,0.2204,0,0,0,0
325,23,6,2,0,57,0.375,1,1,1,3
12,16,1,1,0,57,0.2446,0,0,0,0
356,65,4,1,0,3,0.2268,1,1,1,3
262,10,1,1,0,41,0.3576,1,1,0,2
276,10,2,1,0,58,0.0331,1,0,0,1
221,25,2,3,0,1,0.229,0,0,0,0
311,19,3,3,0,10,0.2927,1,0,0,1
126,6,0,3,0,38,0.4181,0,0,0,0
260,29,1,2,0,42,0.2473,0,0,0,0
99,8,2,0,0,14,0.2612,1,0,0,1
111,21,3,1,0,15,0.296,0,0,0,0
354,104,2,2,0,6,0.0658,0,0,0,0
115,33,2,1,0,24,0.6335,1,0,0,1
91,3,4,0,0,0,0.2053,1,1,1,3
385,67,1,0,0,49,0.1048,0,0,0,0
285,103,4,1,0,52,0.34,1,1,1,3
231,69,1,0,0,41,0.0345,1,0,0,1
322,92,5,3,1,3,0.2078,0,0,0,0
371,35,5,0,0,59,0.0504,1,1,1,3
276,3,2,2,1,48,0.1342,1,0,0,1
250,100,6,3,1,57,0.1154,1,1,1,3
282,67,2,2,0,26,0.6547,0,0,0,0
260,48,0,0,1,23,0.2074,0,0,0,0
63,15,3,2,0,52,0.5956,0,0,0,0
24,110,2,2,0,14,0.1722,0,0,0,0
204,95,1,1,0,45,0.3044,0,0,0,0
266,85,2,1,0,30,0.223,1,0,0,1
153,2,2,3,0,3,0.3422,1,0,0,1
137,58,1,1,0,44,0.2424,1,0,0,1
76,73,1,3,0,29,0.175,0,0,0,0
21,52,4,1,0,25,0.2515,1,1,1,3
107,105,0,0,0,4,0.0988,1,0,0,1
365,44,3,2,0,33,0.2417,1,1,1,3
34,19,2,2,0,35,0.0472,0,0,0,0
209,104,2,1,0,19,0.652,0,0,0,0
154,106,1,0,0,28,0.6909,1,0,0,1
366,110,4,2,0,51,0.2811,1,1,0,2
121,83,2,2,1,47,0.3509,0,0,0,0
379,109,3,1,1,15,0.2815,0,0,0,0
175,6,1,0,0,13,0.1956,0,0,0,0
385,12,3,1,0,51,0.7369,1,1,1,3
231,68,2,1,0,26,0.2508,1,0,0,1
47,91,2,1,1,16,0.1925,1,1,1,3
227,114,1,2,0,59,0.4207,0,0,0,0
136,95,1,3,1,29,0.438,0,0,0,0
254,15,3,1,1,49,0.3693,0,0,0,0
238,11,2,0,0,32,0.2503,1,1,0,2
35,85,2,2,0,47,0.1665,0,0,0,0
365,51,1,2,0,49,0.264,0,0,0,0
4,79,2,1,0,36,0.3519,0,0,0,0
163,67,2,0,1,27,0.5748,1,1,1,3
29,35,7,3,0,29,0.3711,1,1,0,2
213,112,1,2,0,37,0.2605,0,0,0,0
52,107,3,1,0,8,0.1806,1,1,1,3
381,59,6,0,0,0,0.1,1,1,1,3
268,82,1,0,0,50,0.2648,0,0,0,0
128,110,2,1,0,16,0.4958,1,0,0,1
201,58,0,1,0,12,0.0915,0,0,0,0
111,72,3,3,0,41,0.3663,0,0,0,0
257,20,1,0,0,32,0.1354,0,0,0,0
45,51,2,2,1,38,0.1677,0,0,0,0
209,60,1,0,0,36,0.3791,0,0,0,0
103,113,2,1,0,0,0.2592,1,1,0,2
242,48,2,2,1,26,0.379,0,0,0,0
251,63,0,1,0,0,0.1879,0,0,0,0
370,27,5,0,0,59,0.2924,1,1,0,2
168,46,2,2,0,0,0.3612,0,0,0,0
318,2,2,0,1,55,0.2047,0,0,0,0
