{
    "precision": 0.5588235294117647,
    "recall": 0.59375,
    "accuracy": 0.6888888888888889,
    "f1_score": 0.5757575757575758,
    "false_positive_rate": 0.25862068965517243,
    "threshold_used": 40
}