{"timestamp": "2026-06-29T20:35:02.435459", "train_size": 47, "test_size": 21, "baseline_metrics": {"precision": 0.0, "recall": 0.0, "fpr": 0.42857142857142855}, "model_metrics": {"precision": 0.8, "recall": 0.5714285714285714, "fpr": 0.07142857142857142}, "features": ["tab_switch_count", "face_count_anomalies", "copy_paste_events", "time_per_question_zscore", "network_latency_flag", "webcam_dropout_seconds"], "feature_importances": {"tab_switch_count": 0.19380922995454333, "face_count_anomalies": 0.072358282109062, "copy_paste_events": 0.21327098889106647, "time_per_question_zscore": 0.21713658290438942, "network_latency_flag": 0.026069324785604017, "webcam_dropout_seconds": 0.2773555913553347}}
