{
    "Accuracy": 0.9506666666666667,
    "Precision": 0.943069306930693,
    "Recall": 0.9645569620253165,
    "F1 Score": 0.9536921151439299,
    "False Positive Rate": 0.0647887323943662,
    "False Negative Rate": 0.035443037974683546
}