query_id,day,arm,candidate_id,rank,segment,impression,click,application,shortlist
0,13,control,on_0_24,0,segment_A,1,0,0,0
0,13,control,on_0_12,1,segment_A,1,0,0,0
0,13,control,on_0_4,2,segment_A,1,0,0,0
0,13,control,on_0_15,3,segment_A,1,0,0,0
0,13,control,on_0_30,4,segment_B,1,0,0,0
0,13,control,on_0_39,5,segment_B,1,0,0,0
0,13,control,on_0_6,6,segment_A,1,0,0,0
0,13,control,on_0_9,7,segment_A,1,0,0,0
0,13,control,on_0_0,8,segment_B,1,1,0,0
0,13,control,on_0_34,9,segment_A,1,0,0,0
1,8,control,on_1_13,0,segment_A,1,0,0,0
1,8,control,on_1_37,1,segment_A,1,0,0,0
1,8,control,on_1_20,2,segment_B,1,0,0,0
1,8,control,on_1_23,3,segment_A,1,0,0,0
1,8,control,on_1_25,4,segment_B,1,0,0,0
1,8,control,on_1_27,5,segment_B,1,0,0,0
1,8,control,on_1_7,6,segment_B,1,0,0,0
1,8,control,on_1_34,7,segment_A,1,0,0,0
1,8,control,on_1_5,8,segment_A,1,0,0,0
1,8,control,on_1_21,9,segment_A,1,0,0,0
2,3,control,on_2_3,0,segment_B,1,0,0,0
2,3,control,on_2_36,1,segment_A,1,0,0,0
2,3,control,on_2_26,2,segment_B,1,0,0,0
2,3,control,on_2_25,3,segment_A,1,0,0,0
2,3,control,on_2_2,4,segment_A,1,0,0,0
2,3,control,on_2_8,5,segment_A,1,0,0,0
2,3,control,on_2_18,6,segment_A,1,1,0,0
2,3,control,on_2_7,7,segment_A,1,0,0,0
2,3,control,on_2_1,8,segment_A,1,0,0,0
2,3,control,on_2_16,9,segment_A,1,0,0,0
3,11,treatment,on_3_37,0,segment_A,1,0,0,0
3,11,treatment,on_3_13,1,segment_B,1,1,1,0
3,11,treatment,on_3_17,2,segment_B,1,0,0,0
3,11,treatment,on_3_2,3,segment_B,1,0,0,0
3,11,treatment,on_3_26,4,segment_A,1,0,0,0
3,11,treatment,on_3_7,5,segment_B,1,0,0,0
3,11,treatment,on_3_20,6,segment_B,1,0,0,0
3,11,treatment,on_3_25,7,segment_A,1,0,0,0
3,11,treatment,on_3_9,8,segment_B,1,0,0,0
3,11,treatment,on_3_15,9,segment_B,1,0,0,0
4,7,treatment,on_4_11,0,segment_A,1,0,0,0
4,7,treatment,on_4_12,1,segment_A,1,0,0,0
4,7,treatment,on_4_30,2,segment_A,1,0,0,0
4,7,treatment,on_4_14,3,segment_B,1,0,0,0
4,7,treatment,on_4_7,4,segment_B,1,0,0,0
4,7,treatment,on_4_24,5,segment_A,1,0,0,0
4,7,treatment,on_4_13,6,segment_B,1,1,1,0
4,7,treatment,on_4_21,7,segment_B,1,0,0,0
4,7,treatment,on_4_37,8,segment_B,1,0,0,0
4,7,treatment,on_4_4,9,segment_A,1,0,0,0
5,12,treatment,on_5_1,0,segment_B,1,0,0,0
5,12,treatment,on_5_4,1,segment_B,1,0,0,0
5,12,treatment,on_5_13,2,segment_A,1,0,0,0
5,12,treatment,on_5_38,3,segment_A,1,0,0,0
5,12,treatment,on_5_19,4,segment_B,1,0,0,0
5,12,treatment,on_5_7,5,segment_B,1,0,0,0
5,12,treatment,on_5_11,6,segment_A,1,0,0,0
5,12,treatment,on_5_6,7,segment_B,1,0,0,0
5,12,treatment,on_5_28,8,segment_B,1,0,0,0
5,12,treatment,on_5_30,9,segment_A,1,0,0,0
6,2,control,on_6_8,0,segment_A,1,0,0,0
6,2,control,on_6_32,1,segment_B,1,0,0,0
6,2,control,on_6_25,2,segment_A,1,0,0,0
6,2,control,on_6_19,3,segment_A,1,1,0,0
6,2,control,on_6_27,4,segment_B,1,0,0,0
6,2,control,on_6_7,5,segment_A,1,0,0,0
6,2,control,on_6_17,6,segment_A,1,0,0,0
6,2,control,on_6_30,7,segment_A,1,1,1,0
6,2,control,on_6_35,8,segment_B,1,0,0,0
6,2,control,on_6_20,9,segment_B,1,0,0,0
7,3,control,on_7_15,0,segment_B,1,0,0,0
7,3,control,on_7_20,1,segment_B,1,1,1,0
7,3,control,on_7_31,2,segment_A,1,0,0,0
7,3,control,on_7_22,3,segment_B,1,0,0,0
7,3,control,on_7_9,4,segment_B,1,0,0,0
7,3,control,on_7_1,5,segment_B,1,0,0,0
7,3,control,on_7_33,6,segment_A,1,0,0,0
7,3,control,on_7_39,7,segment_B,1,0,0,0
7,3,control,on_7_14,8,segment_A,1,0,0,0
7,3,control,on_7_37,9,segment_B,1,0,0,0
8,2,treatment,on_8_9,0,segment_B,1,0,0,0
8,2,treatment,on_8_23,1,segment_B,1,0,0,0
8,2,treatment,on_8_24,2,segment_A,1,1,1,0
8,2,treatment,on_8_29,3,segment_B,1,0,0,0
8,2,treatment,on_8_16,4,segment_A,1,0,0,0
8,2,treatment,on_8_21,5,segment_B,1,0,0,0
8,2,treatment,on_8_26,6,segment_B,1,0,0,0
8,2,treatment,on_8_2,7,segment_A,1,1,0,0
8,2,treatment,on_8_13,8,segment_B,1,0,0,0
8,2,treatment,on_8_31,9,segment_B,1,0,0,0
9,6,control,on_9_29,0,segment_A,1,0,0,0
9,6,control,on_9_30,1,segment_A,1,0,0,0
9,6,control,on_9_16,2,segment_B,1,0,0,0
9,6,control,on_9_32,3,segment_A,1,0,0,0
9,6,control,on_9_35,4,segment_B,1,0,0,0
9,6,control,on_9_38,5,segment_B,1,0,0,0
9,6,control,on_9_7,6,segment_A,1,0,0,0
9,6,control,on_9_33,7,segment_A,1,0,0,0
9,6,control,on_9_28,8,segment_A,1,0,0,0
9,6,control,on_9_0,9,segment_A,1,0,0,0
10,2,control,on_10_18,0,segment_A,1,0,0,0
10,2,control,on_10_25,1,segment_A,1,1,1,0
10,2,control,on_10_31,2,segment_B,1,0,0,0
10,2,control,on_10_0,3,segment_B,1,0,0,0
10,2,control,on_10_24,4,segment_B,1,0,0,0
10,2,control,on_10_21,5,segment_A,1,0,0,0
10,2,control,on_10_3,6,segment_B,1,0,0,0
10,2,control,on_10_9,7,segment_A,1,0,0,0
10,2,control,on_10_16,8,segment_A,1,0,0,0
10,2,control,on_10_27,9,segment_B,1,0,0,0
11,6,control,on_11_14,0,segment_B,1,0,0,0
11,6,control,on_11_26,1,segment_B,1,1,0,0
11,6,control,on_11_18,2,segment_B,1,1,1,0
11,6,control,on_11_12,3,segment_A,1,0,0,0
11,6,control,on_11_31,4,segment_B,1,0,0,0
11,6,control,on_11_34,5,segment_B,1,0,0,0
11,6,control,on_11_5,6,segment_A,1,0,0,0
11,6,control,on_11_1,7,segment_A,1,1,0,0
11,6,control,on_11_28,8,segment_A,1,0,0,0
11,6,control,on_11_6,9,segment_A,1,0,0,0
12,5,control,on_12_21,0,segment_A,1,0,0,0
12,5,control,on_12_12,1,segment_B,1,0,0,0
12,5,control,on_12_10,2,segment_A,1,0,0,0
12,5,control,on_12_1,3,segment_B,1,0,0,0
12,5,control,on_12_6,4,segment_B,1,0,0,0
12,5,control,on_12_29,5,segment_B,1,0,0,0
12,5,control,on_12_24,6,segment_A,1,0,0,0
12,5,control,on_12_7,7,segment_A,1,0,0,0
12,5,control,on_12_5,8,segment_A,1,0,0,0
12,5,control,on_12_9,9,segment_A,1,0,0,0
13,9,treatment,on_13_27,0,segment_A,1,0,0,0
13,9,treatment,on_13_16,1,segment_A,1,0,0,0
13,9,treatment,on_13_15,2,segment_B,1,0,0,0
13,9,treatment,on_13_0,3,segment_A,1,0,0,0
13,9,treatment,on_13_32,4,segment_A,1,0,0,0
13,9,treatment,on_13_29,5,segment_A,1,0,0,0
13,9,treatment,on_13_17,6,segment_A,1,1,0,0
13,9,treatment,on_13_6,7,segment_B,1,0,0,0
13,9,treatment,on_13_38,8,segment_A,1,0,0,0
13,9,treatment,on_13_8,9,segment_B,1,0,0,0
14,1,treatment,on_14_35,0,segment_A,1,0,0,0
14,1,treatment,on_14_19,1,segment_A,1,0,0,0
14,1,treatment,on_14_16,2,segment_A,1,0,0,0
14,1,treatment,on_14_20,3,segment_A,1,1,0,0
14,1,treatment,on_14_24,4,segment_B,1,0,0,0
14,1,treatment,on_14_12,5,segment_A,1,0,0,0
14,1,treatment,on_14_2,6,segment_A,1,1,0,0
14,1,treatment,on_14_38,7,segment_B,1,1,0,0
14,1,treatment,on_14_1,8,segment_B,1,0,0,0
14,1,treatment,on_14_7,9,segment_B,1,0,0,0
15,11,control,on_15_3,0,segment_A,1,0,0,0
15,11,control,on_15_13,1,segment_A,1,0,0,0
15,11,control,on_15_10,2,segment_B,1,0,0,0
15,11,control,on_15_7,3,segment_A,1,0,0,0
15,11,control,on_15_33,4,segment_A,1,0,0,0
15,11,control,on_15_9,5,segment_B,1,0,0,0
15,11,control,on_15_18,6,segment_B,1,0,0,0
15,11,control,on_15_11,7,segment_B,1,0,0,0
15,11,control,on_15_36,8,segment_B,1,0,0,0
15,11,control,on_15_12,9,segment_A,1,0,0,0
16,9,control,on_16_22,0,segment_B,1,1,1,1
16,9,control,on_16_33,1,segment_A,1,0,0,0
16,9,control,on_16_14,2,segment_B,1,0,0,0
16,9,control,on_16_19,3,segment_B,1,0,0,0
16,9,control,on_16_6,4,segment_B,1,1,0,0
16,9,control,on_16_17,5,segment_B,1,0,0,0
16,9,control,on_16_36,6,segment_B,1,0,0,0
16,9,control,on_16_13,7,segment_B,1,0,0,0
16,9,control,on_16_12,8,segment_A,1,0,0,0
16,9,control,on_16_10,9,segment_B,1,0,0,0
17,5,treatment,on_17_17,0,segment_A,1,0,0,0
17,5,treatment,on_17_12,1,segment_B,1,0,0,0
17,5,treatment,on_17_11,2,segment_B,1,0,0,0
17,5,treatment,on_17_33,3,segment_A,1,0,0,0
17,5,treatment,on_17_29,4,segment_B,1,0,0,0
17,5,treatment,on_17_19,5,segment_A,1,0,0,0
17,5,treatment,on_17_25,6,segment_A,1,0,0,0
17,5,treatment,on_17_4,7,segment_B,1,0,0,0
17,5,treatment,on_17_1,8,segment_A,1,0,0,0
17,5,treatment,on_17_14,9,segment_A,1,1,0,0
18,10,control,on_18_14,0,segment_A,1,1,1,0
18,10,control,on_18_4,1,segment_A,1,0,0,0
18,10,control,on_18_0,2,segment_A,1,0,0,0
18,10,control,on_18_18,3,segment_A,1,0,0,0
18,10,control,on_18_3,4,segment_A,1,0,0,0
18,10,control,on_18_16,5,segment_B,1,0,0,0
18,10,control,on_18_1,6,segment_A,1,0,0,0
18,10,control,on_18_29,7,segment_A,1,0,0,0
18,10,control,on_18_7,8,segment_B,1,0,0,0
18,10,control,on_18_30,9,segment_B,1,0,0,0
19,7,control,on_19_34,0,segment_A,1,0,0,0
19,7,control,on_19_18,1,segment_A,1,0,0,0
19,7,control,on_19_24,2,segment_A,1,0,0,0
19,7,control,on_19_30,3,segment_B,1,0,0,0
19,7,control,on_19_14,4,segment_A,1,1,0,0
19,7,control,on_19_5,5,segment_B,1,0,0,0
19,7,control,on_19_8,6,segment_B,1,0,0,0
19,7,control,on_19_21,7,segment_B,1,0,0,0
19,7,control,on_19_31,8,segment_A,1,1,0,0
19,7,control,on_19_29,9,segment_A,1,0,0,0
20,7,control,on_20_32,0,segment_A,1,0,0,0
20,7,control,on_20_26,1,segment_A,1,0,0,0
20,7,control,on_20_23,2,segment_B,1,0,0,0
20,7,control,on_20_12,3,segment_A,1,0,0,0
20,7,control,on_20_5,4,segment_A,1,0,0,0
20,7,control,on_20_21,5,segment_B,1,0,0,0
20,7,control,on_20_22,6,segment_A,1,0,0,0
20,7,control,on_20_15,7,segment_B,1,0,0,0
20,7,control,on_20_20,8,segment_A,1,0,0,0
20,7,control,on_20_8,9,segment_A,1,0,0,0
21,3,treatment,on_21_26,0,segment_A,1,0,0,0
21,3,treatment,on_21_20,1,segment_B,1,0,0,0
21,3,treatment,on_21_32,2,segment_B,1,0,0,0
21,3,treatment,on_21_24,3,segment_B,1,0,0,0
21,3,treatment,on_21_8,4,segment_A,1,0,0,0
21,3,treatment,on_21_21,5,segment_A,1,0,0,0
21,3,treatment,on_21_19,6,segment_A,1,0,0,0
21,3,treatment,on_21_23,7,segment_B,1,1,1,0
21,3,treatment,on_21_22,8,segment_B,1,0,0,0
21,3,treatment,on_21_2,9,segment_B,1,0,0,0
22,9,control,on_22_15,0,segment_B,1,0,0,0
22,9,control,on_22_22,1,segment_B,1,0,0,0
22,9,control,on_22_36,2,segment_A,1,0,0,0
22,9,control,on_22_38,3,segment_A,1,0,0,0
22,9,control,on_22_27,4,segment_A,1,0,0,0
22,9,control,on_22_31,5,segment_B,1,0,0,0
22,9,control,on_22_39,6,segment_B,1,0,0,0
22,9,control,on_22_5,7,segment_B,1,0,0,0
22,9,control,on_22_3,8,segment_B,1,0,0,0
22,9,control,on_22_7,9,segment_A,1,0,0,0
23,6,treatment,on_23_11,0,segment_B,1,0,0,0
23,6,treatment,on_23_8,1,segment_A,1,1,0,0
23,6,treatment,on_23_24,2,segment_A,1,1,0,0
23,6,treatment,on_23_26,3,segment_A,1,0,0,0
23,6,treatment,on_23_20,4,segment_B,1,0,0,0
23,6,treatment,on_23_33,5,segment_B,1,0,0,0
23,6,treatment,on_23_17,6,segment_A,1,0,0,0
23,6,treatment,on_23_19,7,segment_B,1,0,0,0
23,6,treatment,on_23_12,8,segment_A,1,0,0,0
23,6,treatment,on_23_3,9,segment_B,1,0,0,0
24,13,treatment,on_24_2,0,segment_A,1,0,0,0
24,13,treatment,on_24_1,1,segment_B,1,0,0,0
24,13,treatment,on_24_29,2,segment_A,1,1,1,1
24,13,treatment,on_24_34,3,segment_A,1,0,0,0
24,13,treatment,on_24_8,4,segment_A,1,0,0,0
24,13,treatment,on_24_18,5,segment_B,1,0,0,0
24,13,treatment,on_24_32,6,segment_A,1,0,0,0
24,13,treatment,on_24_6,7,segment_A,1,0,0,0
24,13,treatment,on_24_23,8,segment_B,1,0,0,0
24,13,treatment,on_24_39,9,segment_A,1,0,0,0
25,4,control,on_25_35,0,segment_A,1,0,0,0
25,4,control,on_25_38,1,segment_A,1,0,0,0
25,4,control,on_25_12,2,segment_A,1,1,0,0
25,4,control,on_25_16,3,segment_B,1,0,0,0
25,4,control,on_25_11,4,segment_B,1,0,0,0
25,4,control,on_25_27,5,segment_B,1,0,0,0
25,4,control,on_25_20,6,segment_B,1,0,0,0
25,4,control,on_25_37,7,segment_B,1,0,0,0
25,4,control,on_25_22,8,segment_A,1,0,0,0
25,4,control,on_25_19,9,segment_A,1,0,0,0
26,4,treatment,on_26_26,0,segment_A,1,0,0,0
26,4,treatment,on_26_13,1,segment_A,1,0,0,0
26,4,treatment,on_26_15,2,segment_A,1,0,0,0
26,4,treatment,on_26_11,3,segment_B,1,0,0,0
26,4,treatment,on_26_16,4,segment_A,1,0,0,0
26,4,treatment,on_26_5,5,segment_B,1,1,0,0
26,4,treatment,on_26_23,6,segment_A,1,0,0,0
26,4,treatment,on_26_14,7,segment_B,1,0,0,0
26,4,treatment,on_26_20,8,segment_B,1,1,1,1
26,4,treatment,on_26_1,9,segment_B,1,0,0,0
27,0,control,on_27_21,0,segment_A,1,0,0,0
27,0,control,on_27_20,1,segment_A,1,1,1,0
27,0,control,on_27_5,2,segment_A,1,0,0,0
27,0,control,on_27_33,3,segment_B,1,0,0,0
27,0,control,on_27_4,4,segment_A,1,0,0,0
27,0,control,on_27_11,5,segment_B,1,0,0,0
27,0,control,on_27_27,6,segment_B,1,0,0,0
27,0,control,on_27_32,7,segment_A,1,1,0,0
27,0,control,on_27_30,8,segment_B,1,0,0,0
27,0,control,on_27_18,9,segment_A,1,0,0,0
28,1,control,on_28_37,0,segment_B,1,1,1,0
28,1,control,on_28_4,1,segment_A,1,0,0,0
28,1,control,on_28_26,2,segment_B,1,0,0,0
28,1,control,on_28_24,3,segment_A,1,0,0,0
28,1,control,on_28_12,4,segment_B,1,0,0,0
28,1,control,on_28_13,5,segment_A,1,0,0,0
28,1,control,on_28_28,6,segment_A,1,0,0,0
28,1,control,on_28_18,7,segment_A,1,0,0,0
28,1,control,on_28_10,8,segment_A,1,0,0,0
28,1,control,on_28_8,9,segment_A,1,0,0,0
29,11,control,on_29_27,0,segment_B,1,1,1,0
29,11,control,on_29_21,1,segment_A,1,0,0,0
29,11,control,on_29_13,2,segment_A,1,0,0,0
29,11,control,on_29_39,3,segment_A,1,0,0,0
29,11,control,on_29_31,4,segment_B,1,1,0,0
29,11,control,on_29_26,5,segment_A,1,0,0,0
29,11,control,on_29_10,6,segment_B,1,0,0,0
29,11,control,on_29_35,7,segment_B,1,0,0,0
29,11,control,on_29_3,8,segment_B,1,0,0,0
29,11,control,on_29_34,9,segment_B,1,0,0,0
30,9,control,on_30_13,0,segment_A,1,0,0,0
30,9,control,on_30_10,1,segment_A,1,1,1,0
30,9,control,on_30_29,2,segment_A,1,0,0,0
30,9,control,on_30_9,3,segment_A,1,0,0,0
30,9,control,on_30_4,4,segment_B,1,0,0,0
30,9,control,on_30_36,5,segment_B,1,0,0,0
30,9,control,on_30_6,6,segment_A,1,0,0,0
30,9,control,on_30_3,7,segment_B,1,0,0,0
30,9,control,on_30_33,8,segment_B,1,0,0,0
30,9,control,on_30_11,9,segment_B,1,0,0,0
31,12,control,on_31_29,0,segment_B,1,1,0,0
31,12,control,on_31_26,1,segment_A,1,0,0,0
31,12,control,on_31_23,2,segment_A,1,0,0,0
31,12,control,on_31_36,3,segment_B,1,0,0,0
31,12,control,on_31_35,4,segment_A,1,0,0,0
31,12,control,on_31_33,5,segment_B,1,0,0,0
31,12,control,on_31_24,6,segment_B,1,1,0,0
31,12,control,on_31_19,7,segment_B,1,0,0,0
31,12,control,on_31_16,8,segment_B,1,0,0,0
31,12,control,on_31_31,9,segment_B,1,0,0,0
32,2,treatment,on_32_8,0,segment_A,1,0,0,0
32,2,treatment,on_32_22,1,segment_B,1,0,0,0
32,2,treatment,on_32_12,2,segment_A,1,1,0,0
32,2,treatment,on_32_0,3,segment_A,1,0,0,0
32,2,treatment,on_32_26,4,segment_B,1,1,1,1
32,2,treatment,on_32_9,5,segment_B,1,0,0,0
32,2,treatment,on_32_38,6,segment_A,1,0,0,0
32,2,treatment,on_32_18,7,segment_A,1,0,0,0
32,2,treatment,on_32_32,8,segment_A,1,0,0,0
32,2,treatment,on_32_25,9,segment_A,1,0,0,0
33,5,treatment,on_33_35,0,segment_A,1,1,1,0
33,5,treatment,on_33_29,1,segment_B,1,0,0,0
33,5,treatment,on_33_18,2,segment_A,1,1,1,0
33,5,treatment,on_33_11,3,segment_B,1,0,0,0
33,5,treatment,on_33_22,4,segment_A,1,0,0,0
33,5,treatment,on_33_2,5,segment_A,1,0,0,0
33,5,treatment,on_33_30,6,segment_A,1,0,0,0
33,5,treatment,on_33_0,7,segment_B,1,0,0,0
33,5,treatment,on_33_12,8,segment_B,1,0,0,0
33,5,treatment,on_33_33,9,segment_B,1,0,0,0
34,3,control,on_34_29,0,segment_B,1,1,1,0
34,3,control,on_34_16,1,segment_A,1,0,0,0
34,3,control,on_34_14,2,segment_B,1,0,0,0
34,3,control,on_34_25,3,segment_A,1,0,0,0
34,3,control,on_34_1,4,segment_B,1,0,0,0
34,3,control,on_34_17,5,segment_B,1,1,0,0
34,3,control,on_34_32,6,segment_A,1,0,0,0
34,3,control,on_34_15,7,segment_A,1,0,0,0
34,3,control,on_34_39,8,segment_A,1,0,0,0
34,3,control,on_34_24,9,segment_B,1,0,0,0
35,7,treatment,on_35_30,0,segment_A,1,0,0,0
35,7,treatment,on_35_18,1,segment_B,1,0,0,0
35,7,treatment,on_35_5,2,segment_B,1,0,0,0
35,7,treatment,on_35_28,3,segment_B,1,0,0,0
35,7,treatment,on_35_22,4,segment_A,1,0,0,0
35,7,treatment,on_35_34,5,segment_A,1,0,0,0
35,7,treatment,on_35_33,6,segment_A,1,0,0,0
35,7,treatment,on_35_10,7,segment_B,1,0,0,0
35,7,treatment,on_35_36,8,segment_B,1,1,0,0
35,7,treatment,on_35_15,9,segment_A,1,0,0,0
36,1,treatment,on_36_4,0,segment_A,1,0,0,0
36,1,treatment,on_36_26,1,segment_A,1,0,0,0
36,1,treatment,on_36_34,2,segment_A,1,0,0,0
36,1,treatment,on_36_28,3,segment_A,1,0,0,0
36,1,treatment,on_36_16,4,segment_A,1,0,0,0
36,1,treatment,on_36_25,5,segment_A,1,0,0,0
36,1,treatment,on_36_37,6,segment_A,1,0,0,0
36,1,treatment,on_36_8,7,segment_A,1,1,0,0
36,1,treatment,on_36_9,8,segment_B,1,0,0,0
36,1,treatment,on_36_27,9,segment_B,1,1,0,0
37,7,control,on_37_32,0,segment_A,1,0,0,0
37,7,control,on_37_37,1,segment_A,1,0,0,0
37,7,control,on_37_0,2,segment_A,1,0,0,0
37,7,control,on_37_39,3,segment_A,1,0,0,0
37,7,control,on_37_26,4,segment_A,1,0,0,0
37,7,control,on_37_34,5,segment_A,1,0,0,0
37,7,control,on_37_17,6,segment_A,1,0,0,0
37,7,control,on_37_18,7,segment_B,1,0,0,0
37,7,control,on_37_7,8,segment_A,1,0,0,0
37,7,control,on_37_30,9,segment_B,1,0,0,0
38,11,treatment,on_38_8,0,segment_A,1,0,0,0
38,11,treatment,on_38_14,1,segment_B,1,0,0,0
38,11,treatment,on_38_24,2,segment_B,1,0,0,0
38,11,treatment,on_38_6,3,segment_B,1,0,0,0
38,11,treatment,on_38_17,4,segment_A,1,1,0,0
38,11,treatment,on_38_18,5,segment_A,1,0,0,0
38,11,treatment,on_38_3,6,segment_B,1,0,0,0
38,11,treatment,on_38_11,7,segment_A,1,0,0,0
38,11,treatment,on_38_1,8,segment_A,1,0,0,0
38,11,treatment,on_38_27,9,segment_A,1,0,0,0
39,3,treatment,on_39_1,0,segment_A,1,1,1,1
39,3,treatment,on_39_11,1,segment_A,1,1,0,0
39,3,treatment,on_39_23,2,segment_A,1,0,0,0
39,3,treatment,on_39_22,3,segment_A,1,0,0,0
39,3,treatment,on_39_18,4,segment_B,1,1,0,0
39,3,treatment,on_39_12,5,segment_A,1,0,0,0
39,3,treatment,on_39_26,6,segment_A,1,0,0,0
39,3,treatment,on_39_38,7,segment_B,1,0,0,0
39,3,treatment,on_39_9,8,segment_A,1,0,0,0
39,3,treatment,on_39_6,9,segment_A,1,0,0,0
40,11,control,on_40_2,0,segment_A,1,0,0,0
40,11,control,on_40_5,1,segment_A,1,0,0,0
40,11,control,on_40_27,2,segment_B,1,0,0,0
40,11,control,on_40_24,3,segment_B,1,1,1,0
40,11,control,on_40_8,4,segment_A,1,0,0,0
40,11,control,on_40_20,5,segment_A,1,0,0,0
40,11,control,on_40_33,6,segment_A,1,0,0,0
40,11,control,on_40_29,7,segment_B,1,1,0,0
40,11,control,on_40_19,8,segment_B,1,0,0,0
40,11,control,on_40_26,9,segment_B,1,0,0,0
41,5,control,on_41_26,0,segment_B,1,0,0,0
41,5,control,on_41_21,1,segment_B,1,0,0,0
41,5,control,on_41_23,2,segment_A,1,0,0,0
41,5,control,on_41_7,3,segment_A,1,0,0,0
41,5,control,on_41_11,4,segment_B,1,0,0,0
41,5,control,on_41_33,5,segment_A,1,0,0,0
41,5,control,on_41_17,6,segment_B,1,1,0,0
41,5,control,on_41_14,7,segment_B,1,0,0,0
41,5,control,on_41_22,8,segment_A,1,0,0,0
41,5,control,on_41_31,9,segment_A,1,0,0,0
42,12,control,on_42_33,0,segment_B,1,1,1,0
42,12,control,on_42_39,1,segment_A,1,0,0,0
42,12,control,on_42_10,2,segment_B,1,0,0,0
42,12,control,on_42_23,3,segment_A,1,0,0,0
42,12,control,on_42_7,4,segment_A,1,0,0,0
42,12,control,on_42_37,5,segment_A,1,0,0,0
42,12,control,on_42_35,6,segment_A,1,0,0,0
42,12,control,on_42_22,7,segment_A,1,0,0,0
42,12,control,on_42_6,8,segment_B,1,0,0,0
42,12,control,on_42_4,9,segment_A,1,0,0,0
43,5,control,on_43_1,0,segment_B,1,0,0,0
43,5,control,on_43_19,1,segment_B,1,0,0,0
43,5,control,on_43_31,2,segment_B,1,0,0,0
43,5,control,on_43_24,3,segment_B,1,0,0,0
43,5,control,on_43_13,4,segment_B,1,0,0,0
43,5,control,on_43_27,5,segment_A,1,0,0,0
43,5,control,on_43_25,6,segment_B,1,0,0,0
43,5,control,on_43_10,7,segment_B,1,0,0,0
43,5,control,on_43_3,8,segment_A,1,1,0,0
43,5,control,on_43_14,9,segment_B,1,0,0,0
44,3,control,on_44_37,0,segment_A,1,0,0,0
44,3,control,on_44_4,1,segment_B,1,0,0,0
44,3,control,on_44_28,2,segment_B,1,0,0,0
44,3,control,on_44_17,3,segment_B,1,0,0,0
44,3,control,on_44_10,4,segment_B,1,0,0,0
44,3,control,on_44_14,5,segment_A,1,0,0,0
44,3,control,on_44_7,6,segment_B,1,1,0,0
44,3,control,on_44_13,7,segment_B,1,0,0,0
44,3,control,on_44_36,8,segment_A,1,0,0,0
44,3,control,on_44_16,9,segment_B,1,0,0,0
45,2,control,on_45_14,0,segment_B,1,1,1,1
45,2,control,on_45_35,1,segment_A,1,0,0,0
45,2,control,on_45_33,2,segment_B,1,0,0,0
45,2,control,on_45_3,3,segment_B,1,0,0,0
45,2,control,on_45_20,4,segment_B,1,0,0,0
45,2,control,on_45_36,5,segment_A,1,0,0,0
45,2,control,on_45_24,6,segment_B,1,0,0,0
45,2,control,on_45_37,7,segment_B,1,0,0,0
45,2,control,on_45_32,8,segment_A,1,0,0,0
45,2,control,on_45_30,9,segment_B,1,0,0,0
46,5,control,on_46_20,0,segment_A,1,1,0,0
46,5,control,on_46_5,1,segment_A,1,0,0,0
46,5,control,on_46_23,2,segment_A,1,1,0,0
46,5,control,on_46_33,3,segment_A,1,0,0,0
46,5,control,on_46_31,4,segment_B,1,0,0,0
46,5,control,on_46_34,5,segment_A,1,0,0,0
46,5,control,on_46_10,6,segment_B,1,1,1,1
46,5,control,on_46_35,7,segment_B,1,0,0,0
46,5,control,on_46_16,8,segment_B,1,0,0,0
46,5,control,on_46_22,9,segment_B,1,0,0,0
47,4,treatment,on_47_8,0,segment_B,1,0,0,0
47,4,treatment,on_47_17,1,segment_A,1,0,0,0
47,4,treatment,on_47_1,2,segment_B,1,0,0,0
47,4,treatment,on_47_6,3,segment_A,1,0,0,0
47,4,treatment,on_47_5,4,segment_A,1,0,0,0
47,4,treatment,on_47_30,5,segment_A,1,0,0,0
47,4,treatment,on_47_35,6,segment_B,1,0,0,0
47,4,treatment,on_47_31,7,segment_B,1,0,0,0
47,4,treatment,on_47_39,8,segment_A,1,0,0,0
47,4,treatment,on_47_12,9,segment_A,1,0,0,0
48,10,control,on_48_34,0,segment_B,1,0,0,0
48,10,control,on_48_26,1,segment_B,1,0,0,0
48,10,control,on_48_28,2,segment_B,1,0,0,0
48,10,control,on_48_14,3,segment_A,1,0,0,0
48,10,control,on_48_4,4,segment_B,1,0,0,0
48,10,control,on_48_11,5,segment_B,1,0,0,0
48,10,control,on_48_7,6,segment_B,1,1,0,0
48,10,control,on_48_39,7,segment_A,1,0,0,0
48,10,control,on_48_31,8,segment_A,1,0,0,0
48,10,control,on_48_27,9,segment_B,1,0,0,0
49,7,treatment,on_49_35,0,segment_B,1,1,0,0
49,7,treatment,on_49_0,1,segment_A,1,0,0,0
49,7,treatment,on_49_15,2,segment_B,1,0,0,0
49,7,treatment,on_49_27,3,segment_A,1,0,0,0
49,7,treatment,on_49_24,4,segment_A,1,0,0,0
49,7,treatment,on_49_31,5,segment_A,1,0,0,0
49,7,treatment,on_49_5,6,segment_B,1,0,0,0
49,7,treatment,on_49_11,7,segment_B,1,0,0,0
49,7,treatment,on_49_36,8,segment_A,1,0,0,0
49,7,treatment,on_49_4,9,segment_A,1,0,0,0
50,5,treatment,on_50_12,0,segment_B,1,0,0,0
50,5,treatment,on_50_16,1,segment_B,1,0,0,0
50,5,treatment,on_50_33,2,segment_A,1,0,0,0
50,5,treatment,on_50_18,3,segment_B,1,1,0,0
50,5,treatment,on_50_8,4,segment_B,1,1,0,0
50,5,treatment,on_50_7,5,segment_B,1,0,0,0
50,5,treatment,on_50_25,6,segment_A,1,0,0,0
50,5,treatment,on_50_14,7,segment_B,1,0,0,0
50,5,treatment,on_50_20,8,segment_B,1,0,0,0
50,5,treatment,on_50_26,9,segment_B,1,0,0,0
51,2,control,on_51_12,0,segment_B,1,0,0,0
51,2,control,on_51_11,1,segment_A,1,0,0,0
51,2,control,on_51_29,2,segment_A,1,0,0,0
51,2,control,on_51_22,3,segment_A,1,0,0,0
51,2,control,on_51_9,4,segment_B,1,0,0,0
51,2,control,on_51_26,5,segment_A,1,1,0,0
51,2,control,on_51_37,6,segment_B,1,0,0,0
51,2,control,on_51_34,7,segment_B,1,0,0,0
51,2,control,on_51_1,8,segment_B,1,0,0,0
51,2,control,on_51_7,9,segment_B,1,0,0,0
52,8,treatment,on_52_8,0,segment_A,1,1,1,0
52,8,treatment,on_52_24,1,segment_A,1,0,0,0
52,8,treatment,on_52_34,2,segment_A,1,0,0,0
52,8,treatment,on_52_18,3,segment_B,1,0,0,0
52,8,treatment,on_52_29,4,segment_A,1,0,0,0
52,8,treatment,on_52_12,5,segment_A,1,1,0,0
52,8,treatment,on_52_38,6,segment_A,1,0,0,0
52,8,treatment,on_52_9,7,segment_A,1,0,0,0
52,8,treatment,on_52_35,8,segment_B,1,0,0,0
52,8,treatment,on_52_28,9,segment_A,1,0,0,0
53,4,treatment,on_53_1,0,segment_B,1,1,1,1
53,4,treatment,on_53_33,1,segment_A,1,0,0,0
53,4,treatment,on_53_15,2,segment_B,1,1,0,0
53,4,treatment,on_53_39,3,segment_B,1,1,0,0
53,4,treatment,on_53_16,4,segment_B,1,1,1,1
53,4,treatment,on_53_38,5,segment_A,1,1,0,0
53,4,treatment,on_53_3,6,segment_B,1,0,0,0
53,4,treatment,on_53_26,7,segment_A,1,0,0,0
53,4,treatment,on_53_7,8,segment_A,1,0,0,0
53,4,treatment,on_53_19,9,segment_A,1,1,0,0
54,2,control,on_54_8,0,segment_A,1,1,1,0
54,2,control,on_54_16,1,segment_B,1,0,0,0
54,2,control,on_54_9,2,segment_B,1,1,1,0
54,2,control,on_54_25,3,segment_A,1,0,0,0
54,2,control,on_54_33,4,segment_A,1,0,0,0
54,2,control,on_54_21,5,segment_A,1,0,0,0
54,2,control,on_54_30,6,segment_B,1,0,0,0
54,2,control,on_54_24,7,segment_A,1,0,0,0
54,2,control,on_54_2,8,segment_B,1,0,0,0
54,2,control,on_54_37,9,segment_B,1,0,0,0
55,2,treatment,on_55_28,0,segment_A,1,0,0,0
55,2,treatment,on_55_25,1,segment_A,1,0,0,0
55,2,treatment,on_55_15,2,segment_A,1,0,0,0
55,2,treatment,on_55_23,3,segment_A,1,0,0,0
55,2,treatment,on_55_31,4,segment_A,1,0,0,0
55,2,treatment,on_55_39,5,segment_B,1,0,0,0
55,2,treatment,on_55_22,6,segment_B,1,0,0,0
55,2,treatment,on_55_27,7,segment_A,1,0,0,0
55,2,treatment,on_55_2,8,segment_A,1,0,0,0
55,2,treatment,on_55_14,9,segment_A,1,0,0,0
56,1,control,on_56_37,0,segment_B,1,1,1,1
56,1,control,on_56_21,1,segment_B,1,1,0,0
56,1,control,on_56_36,2,segment_A,1,0,0,0
56,1,control,on_56_7,3,segment_B,1,0,0,0
56,1,control,on_56_20,4,segment_A,1,0,0,0
56,1,control,on_56_9,5,segment_B,1,0,0,0
56,1,control,on_56_14,6,segment_A,1,0,0,0
56,1,control,on_56_29,7,segment_B,1,0,0,0
56,1,control,on_56_23,8,segment_A,1,0,0,0
56,1,control,on_56_2,9,segment_B,1,0,0,0
57,4,treatment,on_57_37,0,segment_A,1,0,0,0
57,4,treatment,on_57_31,1,segment_B,1,0,0,0
57,4,treatment,on_57_18,2,segment_B,1,0,0,0
57,4,treatment,on_57_29,3,segment_B,1,0,0,0
57,4,treatment,on_57_8,4,segment_A,1,0,0,0
57,4,treatment,on_57_35,5,segment_B,1,0,0,0
57,4,treatment,on_57_17,6,segment_B,1,0,0,0
57,4,treatment,on_57_28,7,segment_A,1,0,0,0
57,4,treatment,on_57_19,8,segment_B,1,0,0,0
57,4,treatment,on_57_24,9,segment_A,1,0,0,0
58,8,control,on_58_22,0,segment_A,1,0,0,0
58,8,control,on_58_34,1,segment_A,1,0,0,0
58,8,control,on_58_36,2,segment_B,1,0,0,0
58,8,control,on_58_2,3,segment_A,1,1,0,0
58,8,control,on_58_21,4,segment_B,1,0,0,0
58,8,control,on_58_28,5,segment_A,1,0,0,0
58,8,control,on_58_32,6,segment_B,1,0,0,0
58,8,control,on_58_12,7,segment_B,1,0,0,0
58,8,control,on_58_18,8,segment_B,1,0,0,0
58,8,control,on_58_23,9,segment_A,1,0,0,0
59,5,treatment,on_59_0,0,segment_B,1,0,0,0
59,5,treatment,on_59_2,1,segment_B,1,0,0,0
59,5,treatment,on_59_29,2,segment_A,1,0,0,0
59,5,treatment,on_59_31,3,segment_A,1,0,0,0
59,5,treatment,on_59_13,4,segment_B,1,0,0,0
59,5,treatment,on_59_17,5,segment_B,1,0,0,0
59,5,treatment,on_59_26,6,segment_B,1,0,0,0
59,5,treatment,on_59_30,7,segment_A,1,1,1,0
59,5,treatment,on_59_35,8,segment_B,1,0,0,0
59,5,treatment,on_59_12,9,segment_B,1,1,0,0
60,4,treatment,on_60_1,0,segment_B,1,0,0,0
60,4,treatment,on_60_30,1,segment_A,1,0,0,0
60,4,treatment,on_60_11,2,segment_A,1,0,0,0
60,4,treatment,on_60_17,3,segment_A,1,0,0,0
60,4,treatment,on_60_29,4,segment_B,1,0,0,0
60,4,treatment,on_60_27,5,segment_B,1,0,0,0
60,4,treatment,on_60_26,6,segment_A,1,0,0,0
60,4,treatment,on_60_16,7,segment_B,1,0,0,0
60,4,treatment,on_60_33,8,segment_A,1,0,0,0
60,4,treatment,on_60_15,9,segment_B,1,1,0,0
61,13,control,on_61_6,0,segment_B,1,0,0,0
61,13,control,on_61_29,1,segment_A,1,0,0,0
61,13,control,on_61_7,2,segment_B,1,0,0,0
61,13,control,on_61_34,3,segment_B,1,0,0,0
61,13,control,on_61_24,4,segment_A,1,0,0,0
61,13,control,on_61_25,5,segment_A,1,0,0,0
61,13,control,on_61_0,6,segment_A,1,0,0,0
61,13,control,on_61_35,7,segment_B,1,0,0,0
61,13,control,on_61_10,8,segment_B,1,0,0,0
61,13,control,on_61_2,9,segment_A,1,0,0,0
62,10,control,on_62_36,0,segment_B,1,1,1,0
62,10,control,on_62_9,1,segment_B,1,0,0,0
62,10,control,on_62_28,2,segment_A,1,0,0,0
62,10,control,on_62_32,3,segment_A,1,0,0,0
62,10,control,on_62_6,4,segment_B,1,1,1,0
62,10,control,on_62_22,5,segment_B,1,0,0,0
62,10,control,on_62_8,6,segment_A,1,0,0,0
62,10,control,on_62_35,7,segment_B,1,1,0,0
62,10,control,on_62_18,8,segment_A,1,0,0,0
62,10,control,on_62_15,9,segment_A,1,0,0,0
63,9,control,on_63_27,0,segment_A,1,0,0,0
63,9,control,on_63_23,1,segment_B,1,0,0,0
63,9,control,on_63_38,2,segment_A,1,0,0,0
63,9,control,on_63_29,3,segment_A,1,0,0,0
63,9,control,on_63_19,4,segment_B,1,0,0,0
63,9,control,on_63_28,5,segment_B,1,0,0,0
63,9,control,on_63_0,6,segment_A,1,0,0,0
63,9,control,on_63_8,7,segment_A,1,0,0,0
63,9,control,on_63_15,8,segment_A,1,0,0,0
63,9,control,on_63_31,9,segment_A,1,0,0,0
64,2,treatment,on_64_17,0,segment_A,1,0,0,0
64,2,treatment,on_64_4,1,segment_A,1,0,0,0
64,2,treatment,on_64_1,2,segment_B,1,0,0,0
64,2,treatment,on_64_35,3,segment_A,1,0,0,0
64,2,treatment,on_64_8,4,segment_A,1,0,0,0
64,2,treatment,on_64_3,5,segment_B,1,0,0,0
64,2,treatment,on_64_27,6,segment_B,1,0,0,0
64,2,treatment,on_64_30,7,segment_A,1,0,0,0
64,2,treatment,on_64_12,8,segment_A,1,0,0,0
64,2,treatment,on_64_5,9,segment_A,1,1,1,0
65,7,control,on_65_19,0,segment_B,1,0,0,0
65,7,control,on_65_16,1,segment_B,1,0,0,0
65,7,control,on_65_1,2,segment_A,1,0,0,0
65,7,control,on_65_31,3,segment_A,1,1,0,0
65,7,control,on_65_24,4,segment_A,1,1,0,0
65,7,control,on_65_22,5,segment_B,1,0,0,0
65,7,control,on_65_38,6,segment_B,1,0,0,0
65,7,control,on_65_35,7,segment_B,1,0,0,0
65,7,control,on_65_32,8,segment_B,1,0,0,0
65,7,control,on_65_2,9,segment_B,1,0,0,0
66,1,treatment,on_66_27,0,segment_A,1,0,0,0
66,1,treatment,on_66_0,1,segment_B,1,1,1,0
66,1,treatment,on_66_5,2,segment_A,1,0,0,0
66,1,treatment,on_66_12,3,segment_A,1,0,0,0
66,1,treatment,on_66_21,4,segment_B,1,0,0,0
66,1,treatment,on_66_38,5,segment_A,1,0,0,0
66,1,treatment,on_66_24,6,segment_A,1,0,0,0
66,1,treatment,on_66_8,7,segment_B,1,1,1,1
66,1,treatment,on_66_20,8,segment_A,1,0,0,0
66,1,treatment,on_66_36,9,segment_A,1,0,0,0
67,0,treatment,on_67_9,0,segment_A,1,1,0,0
67,0,treatment,on_67_21,1,segment_B,1,0,0,0
67,0,treatment,on_67_27,2,segment_B,1,0,0,0
67,0,treatment,on_67_3,3,segment_B,1,0,0,0
67,0,treatment,on_67_22,4,segment_B,1,0,0,0
67,0,treatment,on_67_28,5,segment_A,1,0,0,0
67,0,treatment,on_67_30,6,segment_B,1,0,0,0
67,0,treatment,on_67_26,7,segment_B,1,0,0,0
67,0,treatment,on_67_35,8,segment_A,1,0,0,0
67,0,treatment,on_67_24,9,segment_B,1,0,0,0
68,8,treatment,on_68_30,0,segment_A,1,0,0,0
68,8,treatment,on_68_33,1,segment_A,1,0,0,0
68,8,treatment,on_68_31,2,segment_B,1,0,0,0
68,8,treatment,on_68_37,3,segment_A,1,0,0,0
68,8,treatment,on_68_27,4,segment_B,1,0,0,0
68,8,treatment,on_68_10,5,segment_B,1,0,0,0
68,8,treatment,on_68_25,6,segment_A,1,0,0,0
68,8,treatment,on_68_0,7,segment_B,1,0,0,0
68,8,treatment,on_68_26,8,segment_B,1,0,0,0
68,8,treatment,on_68_38,9,segment_B,1,0,0,0
69,3,treatment,on_69_39,0,segment_A,1,0,0,0
69,3,treatment,on_69_12,1,segment_B,1,0,0,0
69,3,treatment,on_69_18,2,segment_B,1,1,0,0
69,3,treatment,on_69_8,3,segment_A,1,1,0,0
69,3,treatment,on_69_16,4,segment_A,1,0,0,0
69,3,treatment,on_69_29,5,segment_B,1,0,0,0
69,3,treatment,on_69_21,6,segment_A,1,1,1,0
69,3,treatment,on_69_35,7,segment_B,1,0,0,0
69,3,treatment,on_69_4,8,segment_B,1,0,0,0
69,3,treatment,on_69_0,9,segment_A,1,0,0,0
70,5,treatment,on_70_34,0,segment_A,1,0,0,0
70,5,treatment,on_70_0,1,segment_B,1,0,0,0
70,5,treatment,on_70_9,2,segment_A,1,0,0,0
70,5,treatment,on_70_4,3,segment_B,1,1,0,0
70,5,treatment,on_70_33,4,segment_B,1,1,0,0
70,5,treatment,on_70_29,5,segment_A,1,0,0,0
70,5,treatment,on_70_26,6,segment_B,1,0,0,0
70,5,treatment,on_70_3,7,segment_A,1,0,0,0
70,5,treatment,on_70_37,8,segment_A,1,1,0,0
70,5,treatment,on_70_16,9,segment_B,1,1,0,0
71,12,treatment,on_71_8,0,segment_B,1,1,0,0
71,12,treatment,on_71_37,1,segment_B,1,0,0,0
71,12,treatment,on_71_27,2,segment_B,1,0,0,0
71,12,treatment,on_71_7,3,segment_B,1,0,0,0
71,12,treatment,on_71_17,4,segment_B,1,1,0,0
71,12,treatment,on_71_16,5,segment_A,1,0,0,0
71,12,treatment,on_71_3,6,segment_A,1,0,0,0
71,12,treatment,on_71_15,7,segment_B,1,0,0,0
71,12,treatment,on_71_5,8,segment_B,1,0,0,0
71,12,treatment,on_71_1,9,segment_B,1,0,0,0
72,3,control,on_72_17,0,segment_A,1,0,0,0
72,3,control,on_72_4,1,segment_A,1,0,0,0
72,3,control,on_72_21,2,segment_B,1,0,0,0
72,3,control,on_72_37,3,segment_A,1,0,0,0
72,3,control,on_72_32,4,segment_A,1,1,0,0
72,3,control,on_72_16,5,segment_B,1,1,0,0
72,3,control,on_72_15,6,segment_B,1,0,0,0
72,3,control,on_72_1,7,segment_B,1,0,0,0
72,3,control,on_72_23,8,segment_A,1,0,0,0
72,3,control,on_72_6,9,segment_A,1,0,0,0
73,12,control,on_73_22,0,segment_A,1,0,0,0
73,12,control,on_73_38,1,segment_A,1,0,0,0
73,12,control,on_73_13,2,segment_B,1,0,0,0
73,12,control,on_73_29,3,segment_A,1,0,0,0
73,12,control,on_73_16,4,segment_A,1,0,0,0
73,12,control,on_73_32,5,segment_B,1,0,0,0
73,12,control,on_73_33,6,segment_B,1,0,0,0
73,12,control,on_73_35,7,segment_B,1,0,0,0
73,12,control,on_73_39,8,segment_A,1,0,0,0
73,12,control,on_73_18,9,segment_B,1,0,0,0
74,6,treatment,on_74_19,0,segment_A,1,1,0,0
74,6,treatment,on_74_29,1,segment_A,1,0,0,0
74,6,treatment,on_74_36,2,segment_B,1,0,0,0
74,6,treatment,on_74_31,3,segment_B,1,0,0,0
74,6,treatment,on_74_7,4,segment_B,1,0,0,0
74,6,treatment,on_74_15,5,segment_B,1,0,0,0
74,6,treatment,on_74_38,6,segment_B,1,0,0,0
74,6,treatment,on_74_5,7,segment_A,1,0,0,0
74,6,treatment,on_74_25,8,segment_B,1,0,0,0
74,6,treatment,on_74_4,9,segment_B,1,0,0,0
75,8,control,on_75_4,0,segment_A,1,0,0,0
75,8,control,on_75_17,1,segment_B,1,1,0,0
75,8,control,on_75_37,2,segment_A,1,0,0,0
75,8,control,on_75_22,3,segment_B,1,0,0,0
75,8,control,on_75_7,4,segment_A,1,0,0,0
75,8,control,on_75_24,5,segment_A,1,0,0,0
75,8,control,on_75_1,6,segment_B,1,0,0,0
75,8,control,on_75_12,7,segment_B,1,0,0,0
75,8,control,on_75_13,8,segment_B,1,0,0,0
75,8,control,on_75_29,9,segment_B,1,0,0,0
76,5,control,on_76_7,0,segment_B,1,0,0,0
76,5,control,on_76_32,1,segment_A,1,0,0,0
76,5,control,on_76_16,2,segment_B,1,0,0,0
76,5,control,on_76_4,3,segment_B,1,1,1,0
76,5,control,on_76_17,4,segment_A,1,0,0,0
76,5,control,on_76_28,5,segment_A,1,0,0,0
76,5,control,on_76_33,6,segment_A,1,0,0,0
76,5,control,on_76_3,7,segment_A,1,0,0,0
76,5,control,on_76_23,8,segment_B,1,0,0,0
76,5,control,on_76_22,9,segment_A,1,0,0,0
77,9,control,on_77_21,0,segment_A,1,0,0,0
77,9,control,on_77_9,1,segment_B,1,0,0,0
77,9,control,on_77_0,2,segment_B,1,0,0,0
77,9,control,on_77_35,3,segment_A,1,0,0,0
77,9,control,on_77_3,4,segment_B,1,0,0,0
77,9,control,on_77_37,5,segment_B,1,0,0,0
77,9,control,on_77_6,6,segment_B,1,0,0,0
77,9,control,on_77_27,7,segment_B,1,0,0,0
77,9,control,on_77_5,8,segment_B,1,0,0,0
77,9,control,on_77_4,9,segment_A,1,0,0,0
78,6,control,on_78_18,0,segment_A,1,0,0,0
78,6,control,on_78_15,1,segment_A,1,0,0,0
78,6,control,on_78_34,2,segment_A,1,1,1,0
78,6,control,on_78_33,3,segment_A,1,0,0,0
78,6,control,on_78_27,4,segment_B,1,0,0,0
78,6,control,on_78_12,5,segment_B,1,0,0,0
78,6,control,on_78_14,6,segment_B,1,0,0,0
78,6,control,on_78_32,7,segment_B,1,0,0,0
78,6,control,on_78_11,8,segment_B,1,0,0,0
78,6,control,on_78_39,9,segment_B,1,0,0,0
79,12,control,on_79_1,0,segment_B,1,0,0,0
79,12,control,on_79_6,1,segment_A,1,0,0,0
79,12,control,on_79_13,2,segment_A,1,0,0,0
79,12,control,on_79_8,3,segment_A,1,0,0,0
79,12,control,on_79_7,4,segment_A,1,0,0,0
79,12,control,on_79_22,5,segment_B,1,0,0,0
79,12,control,on_79_2,6,segment_B,1,0,0,0
79,12,control,on_79_36,7,segment_B,1,0,0,0
79,12,control,on_79_11,8,segment_A,1,0,0,0
79,12,control,on_79_18,9,segment_A,1,0,0,0
80,1,control,on_80_24,0,segment_B,1,0,0,0
80,1,control,on_80_3,1,segment_B,1,0,0,0
80,1,control,on_80_28,2,segment_A,1,0,0,0
80,1,control,on_80_2,3,segment_A,1,0,0,0
80,1,control,on_80_5,4,segment_B,1,0,0,0
80,1,control,on_80_7,5,segment_B,1,0,0,0
80,1,control,on_80_29,6,segment_B,1,0,0,0
80,1,control,on_80_1,7,segment_A,1,0,0,0
80,1,control,on_80_26,8,segment_A,1,0,0,0
80,1,control,on_80_32,9,segment_B,1,0,0,0
81,13,treatment,on_81_16,0,segment_B,1,0,0,0
81,13,treatment,on_81_28,1,segment_A,1,0,0,0
81,13,treatment,on_81_21,2,segment_A,1,0,0,0
81,13,treatment,on_81_0,3,segment_A,1,0,0,0
81,13,treatment,on_81_37,4,segment_A,1,0,0,0
81,13,treatment,on_81_2,5,segment_B,1,0,0,0
81,13,treatment,on_81_14,6,segment_B,1,1,0,0
81,13,treatment,on_81_27,7,segment_B,1,0,0,0
81,13,treatment,on_81_30,8,segment_A,1,0,0,0
81,13,treatment,on_81_26,9,segment_A,1,0,0,0
82,5,treatment,on_82_7,0,segment_B,1,1,1,0
82,5,treatment,on_82_0,1,segment_A,1,0,0,0
82,5,treatment,on_82_39,2,segment_A,1,0,0,0
82,5,treatment,on_82_25,3,segment_A,1,1,0,0
82,5,treatment,on_82_28,4,segment_B,1,0,0,0
82,5,treatment,on_82_31,5,segment_B,1,0,0,0
82,5,treatment,on_82_16,6,segment_B,1,0,0,0
82,5,treatment,on_82_13,7,segment_B,1,0,0,0
82,5,treatment,on_82_37,8,segment_A,1,0,0,0
82,5,treatment,on_82_10,9,segment_B,1,0,0,0
83,12,treatment,on_83_26,0,segment_B,1,1,0,0
83,12,treatment,on_83_6,1,segment_B,1,0,0,0
83,12,treatment,on_83_38,2,segment_A,1,0,0,0
83,12,treatment,on_83_17,3,segment_B,1,0,0,0
83,12,treatment,on_83_9,4,segment_A,1,0,0,0
83,12,treatment,on_83_27,5,segment_A,1,1,1,0
83,12,treatment,on_83_19,6,segment_A,1,0,0,0
83,12,treatment,on_83_1,7,segment_A,1,0,0,0
83,12,treatment,on_83_33,8,segment_A,1,0,0,0
83,12,treatment,on_83_3,9,segment_A,1,0,0,0
84,6,treatment,on_84_14,0,segment_B,1,0,0,0
84,6,treatment,on_84_32,1,segment_A,1,0,0,0
84,6,treatment,on_84_31,2,segment_B,1,0,0,0
84,6,treatment,on_84_30,3,segment_A,1,0,0,0
84,6,treatment,on_84_20,4,segment_B,1,0,0,0
84,6,treatment,on_84_0,5,segment_A,1,0,0,0
84,6,treatment,on_84_10,6,segment_B,1,1,0,0
84,6,treatment,on_84_16,7,segment_B,1,1,0,0
84,6,treatment,on_84_1,8,segment_A,1,0,0,0
84,6,treatment,on_84_17,9,segment_B,1,0,0,0
85,9,treatment,on_85_36,0,segment_B,1,1,1,1
85,9,treatment,on_85_16,1,segment_B,1,0,0,0
85,9,treatment,on_85_33,2,segment_B,1,0,0,0
85,9,treatment,on_85_34,3,segment_B,1,0,0,0
85,9,treatment,on_85_37,4,segment_B,1,0,0,0
85,9,treatment,on_85_39,5,segment_A,1,0,0,0
85,9,treatment,on_85_19,6,segment_B,1,0,0,0
85,9,treatment,on_85_22,7,segment_B,1,0,0,0
85,9,treatment,on_85_23,8,segment_A,1,0,0,0
85,9,treatment,on_85_10,9,segment_B,1,0,0,0
86,9,control,on_86_10,0,segment_B,1,0,0,0
86,9,control,on_86_22,1,segment_A,1,0,0,0
86,9,control,on_86_8,2,segment_A,1,1,0,0
86,9,control,on_86_11,3,segment_B,1,0,0,0
86,9,control,on_86_9,4,segment_A,1,0,0,0
86,9,control,on_86_25,5,segment_A,1,0,0,0
86,9,control,on_86_16,6,segment_A,1,0,0,0
86,9,control,on_86_27,7,segment_B,1,0,0,0
86,9,control,on_86_7,8,segment_A,1,0,0,0
86,9,control,on_86_38,9,segment_A,1,1,0,0
87,7,control,on_87_7,0,segment_B,1,0,0,0
87,7,control,on_87_10,1,segment_A,1,0,0,0
87,7,control,on_87_1,2,segment_A,1,0,0,0
87,7,control,on_87_21,3,segment_B,1,0,0,0
87,7,control,on_87_0,4,segment_B,1,0,0,0
87,7,control,on_87_9,5,segment_B,1,0,0,0
87,7,control,on_87_6,6,segment_A,1,0,0,0
87,7,control,on_87_14,7,segment_A,1,0,0,0
87,7,control,on_87_37,8,segment_A,1,0,0,0
87,7,control,on_87_26,9,segment_A,1,0,0,0
88,2,treatment,on_88_35,0,segment_B,1,0,0,0
88,2,treatment,on_88_4,1,segment_A,1,0,0,0
88,2,treatment,on_88_31,2,segment_A,1,0,0,0
88,2,treatment,on_88_8,3,segment_A,1,1,0,0
88,2,treatment,on_88_28,4,segment_B,1,0,0,0
88,2,treatment,on_88_26,5,segment_A,1,0,0,0
88,2,treatment,on_88_25,6,segment_B,1,0,0,0
88,2,treatment,on_88_15,7,segment_A,1,0,0,0
88,2,treatment,on_88_11,8,segment_B,1,0,0,0
88,2,treatment,on_88_6,9,segment_B,1,0,0,0
89,1,treatment,on_89_14,0,segment_B,1,0,0,0
89,1,treatment,on_89_13,1,segment_B,1,0,0,0
89,1,treatment,on_89_36,2,segment_A,1,0,0,0
89,1,treatment,on_89_10,3,segment_B,1,0,0,0
89,1,treatment,on_89_1,4,segment_B,1,0,0,0
89,1,treatment,on_89_0,5,segment_B,1,0,0,0
89,1,treatment,on_89_12,6,segment_A,1,0,0,0
89,1,treatment,on_89_17,7,segment_B,1,0,0,0
89,1,treatment,on_89_26,8,segment_B,1,0,0,0
89,1,treatment,on_89_16,9,segment_A,1,0,0,0
90,12,control,on_90_39,0,segment_B,1,0,0,0
90,12,control,on_90_16,1,segment_A,1,1,0,0
90,12,control,on_90_34,2,segment_B,1,0,0,0
90,12,control,on_90_36,3,segment_B,1,0,0,0
90,12,control,on_90_3,4,segment_B,1,1,0,0
90,12,control,on_90_15,5,segment_A,1,0,0,0
90,12,control,on_90_14,6,segment_A,1,1,0,0
90,12,control,on_90_35,7,segment_B,1,0,0,0
90,12,control,on_90_18,8,segment_A,1,0,0,0
90,12,control,on_90_17,9,segment_A,1,0,0,0
91,9,control,on_91_12,0,segment_B,1,1,1,0
91,9,control,on_91_35,1,segment_A,1,1,0,0
91,9,control,on_91_9,2,segment_A,1,0,0,0
91,9,control,on_91_30,3,segment_B,1,0,0,0
91,9,control,on_91_29,4,segment_B,1,0,0,0
91,9,control,on_91_38,5,segment_A,1,0,0,0
91,9,control,on_91_19,6,segment_A,1,0,0,0
91,9,control,on_91_37,7,segment_A,1,0,0,0
91,9,control,on_91_26,8,segment_B,1,0,0,0
91,9,control,on_91_0,9,segment_A,1,0,0,0
92,8,treatment,on_92_29,0,segment_A,1,0,0,0
92,8,treatment,on_92_32,1,segment_A,1,1,0,0
92,8,treatment,on_92_18,2,segment_B,1,0,0,0
92,8,treatment,on_92_20,3,segment_B,1,0,0,0
92,8,treatment,on_92_14,4,segment_B,1,0,0,0
92,8,treatment,on_92_15,5,segment_A,1,0,0,0
92,8,treatment,on_92_24,6,segment_B,1,0,0,0
92,8,treatment,on_92_13,7,segment_B,1,0,0,0
92,8,treatment,on_92_37,8,segment_A,1,0,0,0
92,8,treatment,on_92_3,9,segment_B,1,0,0,0
93,0,control,on_93_21,0,segment_B,1,0,0,0
93,0,control,on_93_32,1,segment_B,1,0,0,0
93,0,control,on_93_15,2,segment_A,1,0,0,0
93,0,control,on_93_14,3,segment_A,1,1,0,0
93,0,control,on_93_13,4,segment_B,1,0,0,0
93,0,control,on_93_3,5,segment_A,1,0,0,0
93,0,control,on_93_7,6,segment_A,1,0,0,0
93,0,control,on_93_0,7,segment_B,1,0,0,0
93,0,control,on_93_10,8,segment_B,1,0,0,0
93,0,control,on_93_36,9,segment_A,1,0,0,0
94,2,treatment,on_94_28,0,segment_A,1,1,0,0
94,2,treatment,on_94_7,1,segment_B,1,0,0,0
94,2,treatment,on_94_22,2,segment_B,1,0,0,0
94,2,treatment,on_94_17,3,segment_B,1,0,0,0
94,2,treatment,on_94_16,4,segment_A,1,0,0,0
94,2,treatment,on_94_0,5,segment_A,1,0,0,0
94,2,treatment,on_94_12,6,segment_B,1,0,0,0
94,2,treatment,on_94_32,7,segment_B,1,0,0,0
94,2,treatment,on_94_29,8,segment_A,1,0,0,0
94,2,treatment,on_94_2,9,segment_B,1,0,0,0
95,5,treatment,on_95_26,0,segment_A,1,1,0,0
95,5,treatment,on_95_16,1,segment_A,1,0,0,0
95,5,treatment,on_95_12,2,segment_A,1,1,0,0
95,5,treatment,on_95_24,3,segment_B,1,0,0,0
95,5,treatment,on_95_39,4,segment_B,1,0,0,0
95,5,treatment,on_95_13,5,segment_B,1,0,0,0
95,5,treatment,on_95_27,6,segment_A,1,0,0,0
95,5,treatment,on_95_34,7,segment_B,1,0,0,0
95,5,treatment,on_95_4,8,segment_B,1,0,0,0
95,5,treatment,on_95_21,9,segment_A,1,0,0,0
96,8,treatment,on_96_32,0,segment_A,1,1,1,0
96,8,treatment,on_96_17,1,segment_B,1,0,0,0
96,8,treatment,on_96_8,2,segment_B,1,0,0,0
96,8,treatment,on_96_28,3,segment_B,1,0,0,0
96,8,treatment,on_96_30,4,segment_B,1,0,0,0
96,8,treatment,on_96_9,5,segment_B,1,0,0,0
96,8,treatment,on_96_11,6,segment_B,1,0,0,0
96,8,treatment,on_96_13,7,segment_B,1,0,0,0
96,8,treatment,on_96_20,8,segment_A,1,0,0,0
96,8,treatment,on_96_7,9,segment_A,1,0,0,0
97,8,control,on_97_0,0,segment_A,1,0,0,0
97,8,control,on_97_25,1,segment_A,1,1,0,0
97,8,control,on_97_1,2,segment_A,1,1,1,0
97,8,control,on_97_28,3,segment_A,1,0,0,0
97,8,control,on_97_13,4,segment_A,1,0,0,0
97,8,control,on_97_35,5,segment_B,1,0,0,0
97,8,control,on_97_15,6,segment_B,1,0,0,0
97,8,control,on_97_3,7,segment_B,1,0,0,0
97,8,control,on_97_24,8,segment_A,1,0,0,0
97,8,control,on_97_9,9,segment_B,1,0,0,0
98,5,control,on_98_25,0,segment_A,1,1,1,0
98,5,control,on_98_10,1,segment_B,1,0,0,0
98,5,control,on_98_1,2,segment_A,1,0,0,0
98,5,control,on_98_0,3,segment_B,1,1,0,0
98,5,control,on_98_3,4,segment_B,1,1,0,0
98,5,control,on_98_5,5,segment_B,1,0,0,0
98,5,control,on_98_39,6,segment_B,1,0,0,0
98,5,control,on_98_26,7,segment_A,1,0,0,0
98,5,control,on_98_9,8,segment_B,1,0,0,0
98,5,control,on_98_6,9,segment_B,1,0,0,0
99,7,control,on_99_39,0,segment_B,1,0,0,0
99,7,control,on_99_37,1,segment_B,1,0,0,0
99,7,control,on_99_17,2,segment_B,1,0,0,0
99,7,control,on_99_15,3,segment_A,1,0,0,0
99,7,control,on_99_27,4,segment_B,1,0,0,0
99,7,control,on_99_23,5,segment_B,1,1,1,1
99,7,control,on_99_13,6,segment_B,1,0,0,0
99,7,control,on_99_36,7,segment_A,1,0,0,0
99,7,control,on_99_26,8,segment_B,1,0,0,0
99,7,control,on_99_32,9,segment_B,1,0,0,0
100,5,treatment,on_100_18,0,segment_B,1,1,1,0
100,5,treatment,on_100_1,1,segment_B,1,0,0,0
100,5,treatment,on_100_16,2,segment_B,1,0,0,0
100,5,treatment,on_100_24,3,segment_A,1,0,0,0
100,5,treatment,on_100_29,4,segment_A,1,0,0,0
100,5,treatment,on_100_22,5,segment_A,1,0,0,0
100,5,treatment,on_100_10,6,segment_B,1,0,0,0
100,5,treatment,on_100_11,7,segment_A,1,0,0,0
100,5,treatment,on_100_23,8,segment_B,1,0,0,0
100,5,treatment,on_100_28,9,segment_A,1,0,0,0
101,7,control,on_101_0,0,segment_A,1,1,1,1
101,7,control,on_101_36,1,segment_B,1,0,0,0
101,7,control,on_101_33,2,segment_A,1,1,1,1
101,7,control,on_101_12,3,segment_B,1,0,0,0
101,7,control,on_101_7,4,segment_B,1,0,0,0
101,7,control,on_101_14,5,segment_B,1,1,0,0
101,7,control,on_101_38,6,segment_A,1,0,0,0
101,7,control,on_101_3,7,segment_B,1,0,0,0
101,7,control,on_101_17,8,segment_A,1,0,0,0
101,7,control,on_101_27,9,segment_B,1,0,0,0
102,10,control,on_102_22,0,segment_A,1,0,0,0
102,10,control,on_102_11,1,segment_A,1,0,0,0
102,10,control,on_102_13,2,segment_B,1,0,0,0
102,10,control,on_102_24,3,segment_A,1,0,0,0
102,10,control,on_102_0,4,segment_B,1,1,0,0
102,10,control,on_102_16,5,segment_B,1,0,0,0
102,10,control,on_102_20,6,segment_A,1,0,0,0
102,10,control,on_102_8,7,segment_A,1,0,0,0
102,10,control,on_102_37,8,segment_B,1,0,0,0
102,10,control,on_102_2,9,segment_B,1,0,0,0
103,0,treatment,on_103_4,0,segment_A,1,0,0,0
103,0,treatment,on_103_24,1,segment_A,1,1,0,0
103,0,treatment,on_103_38,2,segment_B,1,0,0,0
103,0,treatment,on_103_6,3,segment_A,1,0,0,0
103,0,treatment,on_103_13,4,segment_B,1,0,0,0
103,0,treatment,on_103_16,5,segment_B,1,0,0,0
103,0,treatment,on_103_19,6,segment_A,1,0,0,0
103,0,treatment,on_103_14,7,segment_A,1,1,0,0
103,0,treatment,on_103_30,8,segment_A,1,0,0,0
103,0,treatment,on_103_35,9,segment_B,1,0,0,0
104,10,treatment,on_104_22,0,segment_B,1,0,0,0
104,10,treatment,on_104_4,1,segment_A,1,0,0,0
104,10,treatment,on_104_21,2,segment_B,1,0,0,0
104,10,treatment,on_104_11,3,segment_A,1,1,0,0
104,10,treatment,on_104_28,4,segment_B,1,0,0,0
104,10,treatment,on_104_25,5,segment_B,1,0,0,0
104,10,treatment,on_104_17,6,segment_B,1,0,0,0
104,10,treatment,on_104_37,7,segment_A,1,0,0,0
104,10,treatment,on_104_1,8,segment_B,1,0,0,0
104,10,treatment,on_104_33,9,segment_A,1,0,0,0
105,13,control,on_105_23,0,segment_A,1,0,0,0
105,13,control,on_105_21,1,segment_B,1,1,0,0
105,13,control,on_105_12,2,segment_B,1,0,0,0
105,13,control,on_105_5,3,segment_B,1,0,0,0
105,13,control,on_105_36,4,segment_A,1,1,1,0
105,13,control,on_105_15,5,segment_B,1,0,0,0
105,13,control,on_105_31,6,segment_B,1,0,0,0
105,13,control,on_105_33,7,segment_A,1,0,0,0
105,13,control,on_105_0,8,segment_A,1,0,0,0
105,13,control,on_105_13,9,segment_B,1,0,0,0
106,4,treatment,on_106_31,0,segment_B,1,0,0,0
106,4,treatment,on_106_27,1,segment_B,1,0,0,0
106,4,treatment,on_106_12,2,segment_A,1,0,0,0
106,4,treatment,on_106_18,3,segment_A,1,1,1,1
106,4,treatment,on_106_4,4,segment_A,1,0,0,0
106,4,treatment,on_106_36,5,segment_A,1,1,0,0
106,4,treatment,on_106_30,6,segment_B,1,1,0,0
106,4,treatment,on_106_15,7,segment_B,1,0,0,0
106,4,treatment,on_106_38,8,segment_B,1,0,0,0
106,4,treatment,on_106_5,9,segment_B,1,0,0,0
107,9,control,on_107_24,0,segment_B,1,0,0,0
107,9,control,on_107_31,1,segment_A,1,0,0,0
107,9,control,on_107_27,2,segment_B,1,0,0,0
107,9,control,on_107_14,3,segment_A,1,0,0,0
107,9,control,on_107_19,4,segment_A,1,0,0,0
107,9,control,on_107_8,5,segment_A,1,0,0,0
107,9,control,on_107_1,6,segment_A,1,0,0,0
107,9,control,on_107_2,7,segment_B,1,0,0,0
107,9,control,on_107_16,8,segment_A,1,0,0,0
107,9,control,on_107_15,9,segment_B,1,0,0,0
108,9,control,on_108_11,0,segment_B,1,1,1,1
108,9,control,on_108_9,1,segment_B,1,1,0,0
108,9,control,on_108_38,2,segment_A,1,0,0,0
108,9,control,on_108_3,3,segment_A,1,0,0,0
108,9,control,on_108_35,4,segment_B,1,0,0,0
108,9,control,on_108_39,5,segment_A,1,0,0,0
108,9,control,on_108_36,6,segment_A,1,0,0,0
108,9,control,on_108_15,7,segment_B,1,0,0,0
108,9,control,on_108_8,8,segment_A,1,0,0,0
108,9,control,on_108_31,9,segment_A,1,0,0,0
109,3,treatment,on_109_18,0,segment_B,1,0,0,0
109,3,treatment,on_109_9,1,segment_B,1,0,0,0
109,3,treatment,on_109_3,2,segment_A,1,1,0,0
109,3,treatment,on_109_15,3,segment_B,1,0,0,0
109,3,treatment,on_109_20,4,segment_A,1,0,0,0
109,3,treatment,on_109_16,5,segment_B,1,0,0,0
109,3,treatment,on_109_14,6,segment_A,1,0,0,0
109,3,treatment,on_109_6,7,segment_A,1,0,0,0
109,3,treatment,on_109_23,8,segment_B,1,1,1,1
109,3,treatment,on_109_7,9,segment_B,1,0,0,0
110,12,control,on_110_30,0,segment_B,1,0,0,0
110,12,control,on_110_2,1,segment_B,1,1,1,0
110,12,control,on_110_0,2,segment_A,1,0,0,0
110,12,control,on_110_5,3,segment_A,1,0,0,0
110,12,control,on_110_25,4,segment_B,1,0,0,0
110,12,control,on_110_29,5,segment_B,1,0,0,0
110,12,control,on_110_27,6,segment_B,1,0,0,0
110,12,control,on_110_26,7,segment_A,1,0,0,0
110,12,control,on_110_10,8,segment_B,1,0,0,0
110,12,control,on_110_13,9,segment_A,1,0,0,0
111,4,control,on_111_4,0,segment_A,1,1,1,0
111,4,control,on_111_30,1,segment_A,1,1,0,0
111,4,control,on_111_13,2,segment_B,1,0,0,0
111,4,control,on_111_21,3,segment_B,1,0,0,0
111,4,control,on_111_2,4,segment_A,1,0,0,0
111,4,control,on_111_32,5,segment_A,1,0,0,0
111,4,control,on_111_26,6,segment_A,1,0,0,0
111,4,control,on_111_34,7,segment_A,1,0,0,0
111,4,control,on_111_12,8,segment_B,1,0,0,0
111,4,control,on_111_17,9,segment_A,1,0,0,0
112,13,treatment,on_112_12,0,segment_B,1,0,0,0
112,13,treatment,on_112_9,1,segment_B,1,0,0,0
112,13,treatment,on_112_11,2,segment_A,1,0,0,0
112,13,treatment,on_112_20,3,segment_B,1,1,0,0
112,13,treatment,on_112_31,4,segment_B,1,0,0,0
112,13,treatment,on_112_23,5,segment_A,1,0,0,0
112,13,treatment,on_112_22,6,segment_A,1,0,0,0
112,13,treatment,on_112_37,7,segment_A,1,0,0,0
112,13,treatment,on_112_4,8,segment_A,1,0,0,0
112,13,treatment,on_112_2,9,segment_A,1,0,0,0
113,4,treatment,on_113_39,0,segment_B,1,1,1,0
113,4,treatment,on_113_23,1,segment_B,1,0,0,0
113,4,treatment,on_113_26,2,segment_A,1,0,0,0
113,4,treatment,on_113_24,3,segment_B,1,0,0,0
113,4,treatment,on_113_35,4,segment_A,1,0,0,0
113,4,treatment,on_113_3,5,segment_B,1,1,0,0
113,4,treatment,on_113_6,6,segment_B,1,0,0,0
113,4,treatment,on_113_11,7,segment_B,1,0,0,0
113,4,treatment,on_113_4,8,segment_A,1,0,0,0
113,4,treatment,on_113_5,9,segment_A,1,0,0,0
114,6,control,on_114_26,0,segment_A,1,1,1,0
114,6,control,on_114_19,1,segment_B,1,1,0,0
114,6,control,on_114_2,2,segment_B,1,0,0,0
114,6,control,on_114_22,3,segment_B,1,0,0,0
114,6,control,on_114_32,4,segment_B,1,0,0,0
114,6,control,on_114_4,5,segment_A,1,0,0,0
114,6,control,on_114_28,6,segment_A,1,0,0,0
114,6,control,on_114_24,7,segment_A,1,0,0,0
114,6,control,on_114_7,8,segment_A,1,0,0,0
114,6,control,on_114_23,9,segment_A,1,0,0,0
115,9,control,on_115_5,0,segment_B,1,0,0,0
115,9,control,on_115_18,1,segment_A,1,0,0,0
115,9,control,on_115_3,2,segment_B,1,0,0,0
115,9,control,on_115_33,3,segment_A,1,0,0,0
115,9,control,on_115_14,4,segment_A,1,0,0,0
115,9,control,on_115_22,5,segment_A,1,0,0,0
115,9,control,on_115_30,6,segment_A,1,0,0,0
115,9,control,on_115_10,7,segment_B,1,0,0,0
115,9,control,on_115_15,8,segment_B,1,0,0,0
115,9,control,on_115_19,9,segment_A,1,0,0,0
116,2,control,on_116_13,0,segment_B,1,0,0,0
116,2,control,on_116_12,1,segment_B,1,0,0,0
116,2,control,on_116_11,2,segment_A,1,0,0,0
116,2,control,on_116_29,3,segment_B,1,1,0,0
116,2,control,on_116_34,4,segment_B,1,0,0,0
116,2,control,on_116_8,5,segment_A,1,0,0,0
116,2,control,on_116_10,6,segment_A,1,0,0,0
116,2,control,on_116_3,7,segment_B,1,0,0,0
116,2,control,on_116_4,8,segment_A,1,0,0,0
116,2,control,on_116_36,9,segment_A,1,0,0,0
117,11,treatment,on_117_12,0,segment_B,1,0,0,0
117,11,treatment,on_117_13,1,segment_B,1,0,0,0
117,11,treatment,on_117_24,2,segment_A,1,0,0,0
117,11,treatment,on_117_11,3,segment_B,1,0,0,0
117,11,treatment,on_117_30,4,segment_B,1,0,0,0
117,11,treatment,on_117_14,5,segment_A,1,0,0,0
117,11,treatment,on_117_31,6,segment_B,1,0,0,0
117,11,treatment,on_117_7,7,segment_A,1,0,0,0
117,11,treatment,on_117_23,8,segment_B,1,0,0,0
117,11,treatment,on_117_19,9,segment_B,1,0,0,0
118,11,treatment,on_118_37,0,segment_B,1,0,0,0
118,11,treatment,on_118_19,1,segment_A,1,0,0,0
118,11,treatment,on_118_25,2,segment_A,1,0,0,0
118,11,treatment,on_118_22,3,segment_A,1,0,0,0
118,11,treatment,on_118_3,4,segment_A,1,0,0,0
118,11,treatment,on_118_30,5,segment_B,1,0,0,0
118,11,treatment,on_118_35,6,segment_B,1,1,0,0
118,11,treatment,on_118_21,7,segment_A,1,0,0,0
118,11,treatment,on_118_26,8,segment_A,1,0,0,0
118,11,treatment,on_118_20,9,segment_A,1,0,0,0
119,13,treatment,on_119_34,0,segment_A,1,0,0,0
119,13,treatment,on_119_32,1,segment_B,1,1,1,0
119,13,treatment,on_119_11,2,segment_A,1,0,0,0
119,13,treatment,on_119_4,3,segment_A,1,0,0,0
119,13,treatment,on_119_20,4,segment_A,1,0,0,0
119,13,treatment,on_119_12,5,segment_A,1,0,0,0
119,13,treatment,on_119_23,6,segment_A,1,0,0,0
119,13,treatment,on_119_25,7,segment_A,1,0,0,0
119,13,treatment,on_119_14,8,segment_A,1,0,0,0
119,13,treatment,on_119_16,9,segment_A,1,0,0,0
120,5,treatment,on_120_2,0,segment_A,1,0,0,0
120,5,treatment,on_120_14,1,segment_A,1,0,0,0
120,5,treatment,on_120_36,2,segment_A,1,0,0,0
120,5,treatment,on_120_8,3,segment_A,1,0,0,0
120,5,treatment,on_120_11,4,segment_B,1,0,0,0
120,5,treatment,on_120_27,5,segment_A,1,1,1,1
120,5,treatment,on_120_33,6,segment_B,1,0,0,0
120,5,treatment,on_120_24,7,segment_A,1,0,0,0
120,5,treatment,on_120_5,8,segment_A,1,0,0,0
120,5,treatment,on_120_1,9,segment_A,1,0,0,0
121,11,treatment,on_121_22,0,segment_A,1,0,0,0
121,11,treatment,on_121_16,1,segment_A,1,0,0,0
121,11,treatment,on_121_0,2,segment_A,1,0,0,0
121,11,treatment,on_121_13,3,segment_B,1,1,0,0
121,11,treatment,on_121_32,4,segment_B,1,0,0,0
121,11,treatment,on_121_31,5,segment_B,1,0,0,0
121,11,treatment,on_121_21,6,segment_A,1,0,0,0
121,11,treatment,on_121_8,7,segment_A,1,1,0,0
121,11,treatment,on_121_4,8,segment_A,1,0,0,0
121,11,treatment,on_121_36,9,segment_B,1,0,0,0
122,10,control,on_122_34,0,segment_A,1,1,0,0
122,10,control,on_122_17,1,segment_A,1,0,0,0
122,10,control,on_122_38,2,segment_B,1,0,0,0
122,10,control,on_122_10,3,segment_B,1,0,0,0
122,10,control,on_122_1,4,segment_A,1,0,0,0
122,10,control,on_122_18,5,segment_A,1,0,0,0
122,10,control,on_122_19,6,segment_A,1,0,0,0
122,10,control,on_122_25,7,segment_A,1,0,0,0
122,10,control,on_122_6,8,segment_B,1,0,0,0
122,10,control,on_122_20,9,segment_A,1,0,0,0
123,4,control,on_123_11,0,segment_B,1,0,0,0
123,4,control,on_123_12,1,segment_B,1,0,0,0
123,4,control,on_123_19,2,segment_B,1,0,0,0
123,4,control,on_123_18,3,segment_B,1,0,0,0
123,4,control,on_123_39,4,segment_A,1,0,0,0
123,4,control,on_123_31,5,segment_B,1,0,0,0
123,4,control,on_123_14,6,segment_A,1,0,0,0
123,4,control,on_123_32,7,segment_A,1,0,0,0
123,4,control,on_123_27,8,segment_B,1,0,0,0
123,4,control,on_123_33,9,segment_B,1,0,0,0
124,13,control,on_124_9,0,segment_A,1,0,0,0
124,13,control,on_124_13,1,segment_A,1,0,0,0
124,13,control,on_124_12,2,segment_A,1,1,0,0
124,13,control,on_124_27,3,segment_B,1,0,0,0
124,13,control,on_124_31,4,segment_A,1,0,0,0
124,13,control,on_124_36,5,segment_A,1,0,0,0
124,13,control,on_124_38,6,segment_B,1,0,0,0
124,13,control,on_124_14,7,segment_B,1,0,0,0
124,13,control,on_124_39,8,segment_B,1,0,0,0
124,13,control,on_124_3,9,segment_A,1,0,0,0
125,11,treatment,on_125_4,0,segment_B,1,0,0,0
125,11,treatment,on_125_14,1,segment_B,1,0,0,0
125,11,treatment,on_125_25,2,segment_A,1,0,0,0
125,11,treatment,on_125_39,3,segment_B,1,0,0,0
125,11,treatment,on_125_1,4,segment_B,1,1,0,0
125,11,treatment,on_125_20,5,segment_B,1,0,0,0
125,11,treatment,on_125_34,6,segment_A,1,0,0,0
125,11,treatment,on_125_15,7,segment_A,1,0,0,0
125,11,treatment,on_125_31,8,segment_B,1,1,0,0
125,11,treatment,on_125_23,9,segment_B,1,0,0,0
126,2,treatment,on_126_21,0,segment_B,1,0,0,0
126,2,treatment,on_126_12,1,segment_B,1,0,0,0
126,2,treatment,on_126_38,2,segment_A,1,0,0,0
126,2,treatment,on_126_17,3,segment_A,1,0,0,0
126,2,treatment,on_126_19,4,segment_A,1,0,0,0
126,2,treatment,on_126_13,5,segment_A,1,0,0,0
126,2,treatment,on_126_37,6,segment_A,1,0,0,0
126,2,treatment,on_126_5,7,segment_B,1,0,0,0
126,2,treatment,on_126_15,8,segment_B,1,0,0,0
126,2,treatment,on_126_9,9,segment_B,1,0,0,0
127,6,treatment,on_127_39,0,segment_B,1,0,0,0
127,6,treatment,on_127_18,1,segment_B,1,0,0,0
127,6,treatment,on_127_37,2,segment_A,1,1,0,0
127,6,treatment,on_127_23,3,segment_A,1,0,0,0
127,6,treatment,on_127_3,4,segment_B,1,0,0,0
127,6,treatment,on_127_8,5,segment_B,1,0,0,0
127,6,treatment,on_127_15,6,segment_A,1,0,0,0
127,6,treatment,on_127_10,7,segment_B,1,0,0,0
127,6,treatment,on_127_26,8,segment_A,1,0,0,0
127,6,treatment,on_127_30,9,segment_A,1,0,0,0
128,11,treatment,on_128_11,0,segment_B,1,1,0,0
128,11,treatment,on_128_32,1,segment_A,1,1,0,0
128,11,treatment,on_128_3,2,segment_A,1,0,0,0
128,11,treatment,on_128_38,3,segment_B,1,1,0,0
128,11,treatment,on_128_22,4,segment_B,1,0,0,0
128,11,treatment,on_128_0,5,segment_B,1,0,0,0
128,11,treatment,on_128_19,6,segment_B,1,0,0,0
128,11,treatment,on_128_8,7,segment_B,1,0,0,0
128,11,treatment,on_128_1,8,segment_B,1,0,0,0
128,11,treatment,on_128_24,9,segment_B,1,0,0,0
129,6,treatment,on_129_13,0,segment_B,1,0,0,0
129,6,treatment,on_129_4,1,segment_A,1,0,0,0
129,6,treatment,on_129_6,2,segment_A,1,0,0,0
129,6,treatment,on_129_17,3,segment_A,1,0,0,0
129,6,treatment,on_129_22,4,segment_A,1,0,0,0
129,6,treatment,on_129_3,5,segment_B,1,0,0,0
129,6,treatment,on_129_31,6,segment_A,1,0,0,0
129,6,treatment,on_129_7,7,segment_A,1,0,0,0
129,6,treatment,on_129_1,8,segment_A,1,0,0,0
129,6,treatment,on_129_30,9,segment_B,1,0,0,0
130,12,treatment,on_130_13,0,segment_A,1,0,0,0
130,12,treatment,on_130_39,1,segment_B,1,0,0,0
130,12,treatment,on_130_24,2,segment_A,1,0,0,0
130,12,treatment,on_130_8,3,segment_A,1,0,0,0
130,12,treatment,on_130_36,4,segment_A,1,0,0,0
130,12,treatment,on_130_15,5,segment_B,1,0,0,0
130,12,treatment,on_130_11,6,segment_B,1,0,0,0
130,12,treatment,on_130_3,7,segment_A,1,0,0,0
130,12,treatment,on_130_17,8,segment_B,1,0,0,0
130,12,treatment,on_130_37,9,segment_B,1,0,0,0
131,5,control,on_131_23,0,segment_A,1,0,0,0
131,5,control,on_131_10,1,segment_B,1,0,0,0
131,5,control,on_131_39,2,segment_A,1,0,0,0
131,5,control,on_131_20,3,segment_A,1,0,0,0
131,5,control,on_131_27,4,segment_A,1,0,0,0
131,5,control,on_131_35,5,segment_B,1,0,0,0
131,5,control,on_131_4,6,segment_A,1,0,0,0
131,5,control,on_131_37,7,segment_B,1,0,0,0
131,5,control,on_131_12,8,segment_A,1,0,0,0
131,5,control,on_131_21,9,segment_A,1,0,0,0
132,9,control,on_132_34,0,segment_A,1,0,0,0
132,9,control,on_132_2,1,segment_B,1,1,0,0
132,9,control,on_132_37,2,segment_B,1,0,0,0
132,9,control,on_132_4,3,segment_A,1,0,0,0
132,9,control,on_132_9,4,segment_A,1,1,0,0
132,9,control,on_132_33,5,segment_A,1,0,0,0
132,9,control,on_132_28,6,segment_B,1,0,0,0
132,9,control,on_132_27,7,segment_A,1,0,0,0
132,9,control,on_132_18,8,segment_B,1,0,0,0
132,9,control,on_132_19,9,segment_B,1,0,0,0
133,7,treatment,on_133_31,0,segment_B,1,0,0,0
133,7,treatment,on_133_37,1,segment_A,1,0,0,0
133,7,treatment,on_133_30,2,segment_A,1,0,0,0
133,7,treatment,on_133_0,3,segment_A,1,0,0,0
133,7,treatment,on_133_34,4,segment_A,1,0,0,0
133,7,treatment,on_133_33,5,segment_B,1,0,0,0
133,7,treatment,on_133_24,6,segment_A,1,1,0,0
133,7,treatment,on_133_36,7,segment_B,1,0,0,0
133,7,treatment,on_133_1,8,segment_A,1,1,0,0
133,7,treatment,on_133_27,9,segment_B,1,1,0,0
134,11,control,on_134_14,0,segment_B,1,0,0,0
134,11,control,on_134_11,1,segment_A,1,0,0,0
134,11,control,on_134_6,2,segment_B,1,0,0,0
134,11,control,on_134_22,3,segment_B,1,0,0,0
134,11,control,on_134_1,4,segment_B,1,0,0,0
134,11,control,on_134_21,5,segment_A,1,0,0,0
134,11,control,on_134_9,6,segment_B,1,0,0,0
134,11,control,on_134_17,7,segment_A,1,0,0,0
134,11,control,on_134_20,8,segment_A,1,0,0,0
134,11,control,on_134_37,9,segment_B,1,0,0,0
135,11,treatment,on_135_0,0,segment_A,1,0,0,0
135,11,treatment,on_135_15,1,segment_B,1,0,0,0
135,11,treatment,on_135_25,2,segment_B,1,0,0,0
135,11,treatment,on_135_4,3,segment_A,1,0,0,0
135,11,treatment,on_135_26,4,segment_B,1,1,0,0
135,11,treatment,on_135_23,5,segment_A,1,0,0,0
135,11,treatment,on_135_37,6,segment_A,1,0,0,0
135,11,treatment,on_135_36,7,segment_B,1,0,0,0
135,11,treatment,on_135_16,8,segment_A,1,1,0,0
135,11,treatment,on_135_7,9,segment_B,1,0,0,0
136,12,treatment,on_136_10,0,segment_B,1,0,0,0
136,12,treatment,on_136_27,1,segment_A,1,0,0,0
136,12,treatment,on_136_35,2,segment_A,1,0,0,0
136,12,treatment,on_136_2,3,segment_B,1,0,0,0
136,12,treatment,on_136_20,4,segment_A,1,1,0,0
136,12,treatment,on_136_4,5,segment_A,1,0,0,0
136,12,treatment,on_136_30,6,segment_B,1,0,0,0
136,12,treatment,on_136_37,7,segment_A,1,0,0,0
136,12,treatment,on_136_31,8,segment_B,1,0,0,0
136,12,treatment,on_136_16,9,segment_B,1,0,0,0
137,12,treatment,on_137_35,0,segment_B,1,0,0,0
137,12,treatment,on_137_21,1,segment_A,1,1,0,0
137,12,treatment,on_137_11,2,segment_B,1,0,0,0
137,12,treatment,on_137_16,3,segment_B,1,0,0,0
137,12,treatment,on_137_33,4,segment_A,1,0,0,0
137,12,treatment,on_137_26,5,segment_A,1,0,0,0
137,12,treatment,on_137_23,6,segment_A,1,0,0,0
137,12,treatment,on_137_29,7,segment_B,1,0,0,0
137,12,treatment,on_137_5,8,segment_B,1,1,0,0
137,12,treatment,on_137_38,9,segment_B,1,0,0,0
138,12,treatment,on_138_11,0,segment_A,1,1,1,0
138,12,treatment,on_138_12,1,segment_B,1,0,0,0
138,12,treatment,on_138_4,2,segment_B,1,0,0,0
138,12,treatment,on_138_27,3,segment_A,1,0,0,0
138,12,treatment,on_138_21,4,segment_A,1,0,0,0
138,12,treatment,on_138_14,5,segment_A,1,0,0,0
138,12,treatment,on_138_32,6,segment_A,1,0,0,0
138,12,treatment,on_138_5,7,segment_A,1,0,0,0
138,12,treatment,on_138_13,8,segment_A,1,0,0,0
138,12,treatment,on_138_7,9,segment_B,1,0,0,0
139,9,treatment,on_139_16,0,segment_A,1,0,0,0
139,9,treatment,on_139_28,1,segment_B,1,0,0,0
139,9,treatment,on_139_30,2,segment_B,1,0,0,0
139,9,treatment,on_139_26,3,segment_A,1,0,0,0
139,9,treatment,on_139_31,4,segment_A,1,0,0,0
139,9,treatment,on_139_12,5,segment_B,1,0,0,0
139,9,treatment,on_139_17,6,segment_A,1,0,0,0
139,9,treatment,on_139_5,7,segment_A,1,0,0,0
139,9,treatment,on_139_3,8,segment_B,1,0,0,0
139,9,treatment,on_139_35,9,segment_A,1,0,0,0
140,10,control,on_140_13,0,segment_B,1,1,1,0
140,10,control,on_140_34,1,segment_B,1,0,0,0
140,10,control,on_140_7,2,segment_A,1,0,0,0
140,10,control,on_140_31,3,segment_B,1,0,0,0
140,10,control,on_140_39,4,segment_B,1,0,0,0
140,10,control,on_140_17,5,segment_B,1,0,0,0
140,10,control,on_140_30,6,segment_A,1,0,0,0
140,10,control,on_140_16,7,segment_B,1,0,0,0
140,10,control,on_140_8,8,segment_B,1,0,0,0
140,10,control,on_140_29,9,segment_B,1,0,0,0
141,11,control,on_141_16,0,segment_B,1,0,0,0
141,11,control,on_141_18,1,segment_B,1,0,0,0
141,11,control,on_141_30,2,segment_B,1,0,0,0
141,11,control,on_141_3,3,segment_B,1,0,0,0
141,11,control,on_141_1,4,segment_B,1,0,0,0
141,11,control,on_141_26,5,segment_A,1,0,0,0
141,11,control,on_141_36,6,segment_B,1,0,0,0
141,11,control,on_141_31,7,segment_B,1,0,0,0
141,11,control,on_141_12,8,segment_A,1,1,0,0
141,11,control,on_141_25,9,segment_A,1,0,0,0
142,6,control,on_142_1,0,segment_A,1,0,0,0
142,6,control,on_142_8,1,segment_B,1,0,0,0
142,6,control,on_142_32,2,segment_A,1,0,0,0
142,6,control,on_142_31,3,segment_A,1,0,0,0
142,6,control,on_142_37,4,segment_B,1,0,0,0
142,6,control,on_142_2,5,segment_B,1,0,0,0
142,6,control,on_142_0,6,segment_A,1,0,0,0
142,6,control,on_142_21,7,segment_B,1,0,0,0
142,6,control,on_142_25,8,segment_A,1,0,0,0
142,6,control,on_142_18,9,segment_A,1,0,0,0
143,2,control,on_143_7,0,segment_B,1,0,0,0
143,2,control,on_143_1,1,segment_B,1,0,0,0
143,2,control,on_143_38,2,segment_B,1,1,1,1
143,2,control,on_143_27,3,segment_A,1,0,0,0
143,2,control,on_143_13,4,segment_B,1,0,0,0
143,2,control,on_143_34,5,segment_B,1,0,0,0
143,2,control,on_143_25,6,segment_A,1,0,0,0
143,2,control,on_143_14,7,segment_B,1,0,0,0
143,2,control,on_143_20,8,segment_B,1,0,0,0
143,2,control,on_143_33,9,segment_B,1,0,0,0
144,9,treatment,on_144_35,0,segment_A,1,1,1,0
144,9,treatment,on_144_1,1,segment_B,1,0,0,0
144,9,treatment,on_144_36,2,segment_A,1,0,0,0
144,9,treatment,on_144_19,3,segment_A,1,0,0,0
144,9,treatment,on_144_5,4,segment_A,1,1,0,0
144,9,treatment,on_144_7,5,segment_B,1,0,0,0
144,9,treatment,on_144_9,6,segment_A,1,0,0,0
144,9,treatment,on_144_25,7,segment_B,1,0,0,0
144,9,treatment,on_144_37,8,segment_A,1,0,0,0
144,9,treatment,on_144_12,9,segment_A,1,0,0,0
145,10,control,on_145_38,0,segment_B,1,0,0,0
145,10,control,on_145_15,1,segment_B,1,0,0,0
145,10,control,on_145_14,2,segment_B,1,0,0,0
145,10,control,on_145_24,3,segment_B,1,0,0,0
145,10,control,on_145_29,4,segment_B,1,1,0,0
145,10,control,on_145_23,5,segment_A,1,0,0,0
145,10,control,on_145_33,6,segment_A,1,0,0,0
145,10,control,on_145_21,7,segment_A,1,0,0,0
145,10,control,on_145_34,8,segment_A,1,0,0,0
145,10,control,on_145_2,9,segment_A,1,0,0,0
146,12,treatment,on_146_7,0,segment_B,1,0,0,0
146,12,treatment,on_146_25,1,segment_A,1,0,0,0
146,12,treatment,on_146_36,2,segment_A,1,0,0,0
146,12,treatment,on_146_39,3,segment_B,1,1,0,0
146,12,treatment,on_146_27,4,segment_B,1,0,0,0
146,12,treatment,on_146_10,5,segment_A,1,0,0,0
146,12,treatment,on_146_12,6,segment_B,1,0,0,0
146,12,treatment,on_146_35,7,segment_B,1,0,0,0
146,12,treatment,on_146_31,8,segment_B,1,0,0,0
146,12,treatment,on_146_23,9,segment_B,1,1,0,0
147,10,control,on_147_13,0,segment_A,1,0,0,0
147,10,control,on_147_22,1,segment_B,1,1,1,0
147,10,control,on_147_1,2,segment_A,1,0,0,0
147,10,control,on_147_0,3,segment_B,1,0,0,0
147,10,control,on_147_36,4,segment_A,1,1,1,0
147,10,control,on_147_16,5,segment_B,1,0,0,0
147,10,control,on_147_7,6,segment_B,1,0,0,0
147,10,control,on_147_17,7,segment_B,1,0,0,0
147,10,control,on_147_27,8,segment_B,1,0,0,0
147,10,control,on_147_29,9,segment_A,1,0,0,0
148,8,control,on_148_29,0,segment_B,1,0,0,0
148,8,control,on_148_1,1,segment_B,1,0,0,0
148,8,control,on_148_8,2,segment_A,1,0,0,0
148,8,control,on_148_33,3,segment_A,1,0,0,0
148,8,control,on_148_32,4,segment_B,1,0,0,0
148,8,control,on_148_38,5,segment_A,1,1,0,0
148,8,control,on_148_12,6,segment_B,1,0,0,0
148,8,control,on_148_18,7,segment_B,1,0,0,0
148,8,control,on_148_9,8,segment_B,1,0,0,0
148,8,control,on_148_16,9,segment_A,1,0,0,0
149,8,treatment,on_149_38,0,segment_A,1,0,0,0
149,8,treatment,on_149_34,1,segment_A,1,0,0,0
149,8,treatment,on_149_28,2,segment_B,1,0,0,0
149,8,treatment,on_149_14,3,segment_B,1,0,0,0
149,8,treatment,on_149_30,4,segment_A,1,1,0,0
149,8,treatment,on_149_21,5,segment_A,1,0,0,0
149,8,treatment,on_149_15,6,segment_B,1,0,0,0
149,8,treatment,on_149_20,7,segment_B,1,0,0,0
149,8,treatment,on_149_9,8,segment_A,1,0,0,0
149,8,treatment,on_149_8,9,segment_A,1,0,0,0
150,3,treatment,on_150_22,0,segment_A,1,0,0,0
150,3,treatment,on_150_15,1,segment_B,1,0,0,0
150,3,treatment,on_150_17,2,segment_A,1,0,0,0
150,3,treatment,on_150_34,3,segment_A,1,0,0,0
150,3,treatment,on_150_13,4,segment_A,1,0,0,0
150,3,treatment,on_150_19,5,segment_B,1,0,0,0
150,3,treatment,on_150_27,6,segment_B,1,0,0,0
150,3,treatment,on_150_7,7,segment_B,1,0,0,0
150,3,treatment,on_150_18,8,segment_A,1,0,0,0
150,3,treatment,on_150_21,9,segment_A,1,0,0,0
151,2,treatment,on_151_33,0,segment_A,1,1,0,0
151,2,treatment,on_151_10,1,segment_A,1,1,0,0
151,2,treatment,on_151_7,2,segment_A,1,0,0,0
151,2,treatment,on_151_22,3,segment_A,1,0,0,0
151,2,treatment,on_151_34,4,segment_B,1,0,0,0
151,2,treatment,on_151_39,5,segment_A,1,0,0,0
151,2,treatment,on_151_2,6,segment_B,1,0,0,0
151,2,treatment,on_151_31,7,segment_A,1,0,0,0
151,2,treatment,on_151_11,8,segment_A,1,0,0,0
151,2,treatment,on_151_18,9,segment_A,1,0,0,0
152,8,control,on_152_12,0,segment_B,1,0,0,0
152,8,control,on_152_27,1,segment_B,1,0,0,0
152,8,control,on_152_13,2,segment_A,1,0,0,0
152,8,control,on_152_22,3,segment_B,1,0,0,0
152,8,control,on_152_32,4,segment_B,1,0,0,0
152,8,control,on_152_38,5,segment_A,1,0,0,0
152,8,control,on_152_14,6,segment_A,1,0,0,0
152,8,control,on_152_31,7,segment_B,1,0,0,0
152,8,control,on_152_3,8,segment_A,1,0,0,0
152,8,control,on_152_30,9,segment_B,1,0,0,0
153,10,treatment,on_153_2,0,segment_B,1,1,1,1
153,10,treatment,on_153_18,1,segment_A,1,0,0,0
153,10,treatment,on_153_19,2,segment_B,1,0,0,0
153,10,treatment,on_153_6,3,segment_B,1,0,0,0
153,10,treatment,on_153_7,4,segment_A,1,0,0,0
153,10,treatment,on_153_38,5,segment_B,1,0,0,0
153,10,treatment,on_153_4,6,segment_B,1,0,0,0
153,10,treatment,on_153_14,7,segment_B,1,0,0,0
153,10,treatment,on_153_37,8,segment_A,1,0,0,0
153,10,treatment,on_153_36,9,segment_B,1,0,0,0
154,1,control,on_154_27,0,segment_B,1,0,0,0
154,1,control,on_154_37,1,segment_A,1,0,0,0
154,1,control,on_154_26,2,segment_B,1,0,0,0
154,1,control,on_154_13,3,segment_B,1,0,0,0
154,1,control,on_154_7,4,segment_B,1,0,0,0
154,1,control,on_154_22,5,segment_B,1,0,0,0
154,1,control,on_154_32,6,segment_A,1,0,0,0
154,1,control,on_154_33,7,segment_B,1,0,0,0
154,1,control,on_154_0,8,segment_B,1,1,1,0
154,1,control,on_154_4,9,segment_A,1,0,0,0
155,2,treatment,on_155_34,0,segment_B,1,1,0,0
155,2,treatment,on_155_39,1,segment_B,1,1,1,0
155,2,treatment,on_155_37,2,segment_B,1,0,0,0
155,2,treatment,on_155_38,3,segment_A,1,0,0,0
155,2,treatment,on_155_25,4,segment_B,1,0,0,0
155,2,treatment,on_155_29,5,segment_B,1,0,0,0
155,2,treatment,on_155_31,6,segment_B,1,0,0,0
155,2,treatment,on_155_11,7,segment_A,1,0,0,0
155,2,treatment,on_155_26,8,segment_A,1,0,0,0
155,2,treatment,on_155_21,9,segment_A,1,0,0,0
156,10,control,on_156_37,0,segment_B,1,0,0,0
156,10,control,on_156_11,1,segment_B,1,1,0,0
156,10,control,on_156_39,2,segment_A,1,0,0,0
156,10,control,on_156_29,3,segment_B,1,0,0,0
156,10,control,on_156_1,4,segment_A,1,0,0,0
156,10,control,on_156_7,5,segment_B,1,0,0,0
156,10,control,on_156_27,6,segment_A,1,0,0,0
156,10,control,on_156_34,7,segment_B,1,1,0,0
156,10,control,on_156_10,8,segment_A,1,0,0,0
156,10,control,on_156_3,9,segment_A,1,0,0,0
157,3,treatment,on_157_10,0,segment_B,1,0,0,0
157,3,treatment,on_157_17,1,segment_A,1,0,0,0
157,3,treatment,on_157_19,2,segment_A,1,0,0,0
157,3,treatment,on_157_16,3,segment_B,1,0,0,0
157,3,treatment,on_157_3,4,segment_B,1,0,0,0
157,3,treatment,on_157_35,5,segment_A,1,0,0,0
157,3,treatment,on_157_31,6,segment_A,1,0,0,0
157,3,treatment,on_157_6,7,segment_A,1,1,0,0
157,3,treatment,on_157_4,8,segment_A,1,0,0,0
157,3,treatment,on_157_7,9,segment_B,1,0,0,0
158,12,treatment,on_158_28,0,segment_B,1,0,0,0
158,12,treatment,on_158_39,1,segment_B,1,0,0,0
158,12,treatment,on_158_21,2,segment_B,1,0,0,0
158,12,treatment,on_158_30,3,segment_A,1,0,0,0
158,12,treatment,on_158_10,4,segment_A,1,0,0,0
158,12,treatment,on_158_32,5,segment_B,1,0,0,0
158,12,treatment,on_158_22,6,segment_B,1,0,0,0
158,12,treatment,on_158_0,7,segment_A,1,0,0,0
158,12,treatment,on_158_16,8,segment_A,1,0,0,0
158,12,treatment,on_158_15,9,segment_B,1,0,0,0
159,10,treatment,on_159_13,0,segment_A,1,0,0,0
159,10,treatment,on_159_39,1,segment_B,1,0,0,0
159,10,treatment,on_159_10,2,segment_A,1,1,0,0
159,10,treatment,on_159_11,3,segment_A,1,0,0,0
159,10,treatment,on_159_14,4,segment_A,1,0,0,0
159,10,treatment,on_159_28,5,segment_B,1,0,0,0
159,10,treatment,on_159_32,6,segment_A,1,0,0,0
159,10,treatment,on_159_22,7,segment_A,1,0,0,0
159,10,treatment,on_159_30,8,segment_A,1,0,0,0
159,10,treatment,on_159_5,9,segment_B,1,1,0,0
160,12,treatment,on_160_18,0,segment_B,1,0,0,0
160,12,treatment,on_160_37,1,segment_B,1,0,0,0
160,12,treatment,on_160_12,2,segment_B,1,0,0,0
160,12,treatment,on_160_19,3,segment_A,1,0,0,0
160,12,treatment,on_160_31,4,segment_A,1,0,0,0
160,12,treatment,on_160_13,5,segment_B,1,0,0,0
160,12,treatment,on_160_7,6,segment_A,1,0,0,0
160,12,treatment,on_160_26,7,segment_B,1,0,0,0
160,12,treatment,on_160_11,8,segment_B,1,0,0,0
160,12,treatment,on_160_38,9,segment_B,1,0,0,0
161,6,control,on_161_15,0,segment_B,1,0,0,0
161,6,control,on_161_32,1,segment_B,1,0,0,0
161,6,control,on_161_11,2,segment_A,1,0,0,0
161,6,control,on_161_27,3,segment_B,1,0,0,0
161,6,control,on_161_4,4,segment_B,1,0,0,0
161,6,control,on_161_34,5,segment_B,1,0,0,0
161,6,control,on_161_8,6,segment_B,1,0,0,0
161,6,control,on_161_37,7,segment_B,1,0,0,0
161,6,control,on_161_36,8,segment_A,1,0,0,0
161,6,control,on_161_18,9,segment_B,1,0,0,0
162,5,control,on_162_3,0,segment_A,1,0,0,0
162,5,control,on_162_14,1,segment_A,1,1,0,0
162,5,control,on_162_11,2,segment_B,1,0,0,0
162,5,control,on_162_21,3,segment_B,1,0,0,0
162,5,control,on_162_12,4,segment_A,1,1,0,0
162,5,control,on_162_33,5,segment_A,1,0,0,0
162,5,control,on_162_27,6,segment_B,1,0,0,0
162,5,control,on_162_8,7,segment_B,1,0,0,0
162,5,control,on_162_2,8,segment_A,1,0,0,0
162,5,control,on_162_17,9,segment_B,1,0,0,0
163,1,control,on_163_17,0,segment_A,1,0,0,0
163,1,control,on_163_2,1,segment_A,1,0,0,0
163,1,control,on_163_23,2,segment_B,1,0,0,0
163,1,control,on_163_14,3,segment_B,1,0,0,0
163,1,control,on_163_10,4,segment_B,1,0,0,0
163,1,control,on_163_13,5,segment_A,1,0,0,0
163,1,control,on_163_29,6,segment_A,1,0,0,0
163,1,control,on_163_36,7,segment_A,1,0,0,0
163,1,control,on_163_27,8,segment_A,1,0,0,0
163,1,control,on_163_9,9,segment_A,1,0,0,0
164,12,treatment,on_164_24,0,segment_B,1,0,0,0
164,12,treatment,on_164_27,1,segment_A,1,0,0,0
164,12,treatment,on_164_19,2,segment_B,1,0,0,0
164,12,treatment,on_164_2,3,segment_A,1,0,0,0
164,12,treatment,on_164_4,4,segment_A,1,0,0,0
164,12,treatment,on_164_7,5,segment_B,1,0,0,0
164,12,treatment,on_164_0,6,segment_A,1,0,0,0
164,12,treatment,on_164_8,7,segment_B,1,0,0,0
164,12,treatment,on_164_3,8,segment_B,1,0,0,0
164,12,treatment,on_164_23,9,segment_A,1,0,0,0
165,11,treatment,on_165_0,0,segment_A,1,1,1,1
165,11,treatment,on_165_19,1,segment_B,1,0,0,0
165,11,treatment,on_165_36,2,segment_A,1,0,0,0
165,11,treatment,on_165_11,3,segment_B,1,0,0,0
165,11,treatment,on_165_5,4,segment_B,1,1,0,0
165,11,treatment,on_165_38,5,segment_B,1,1,0,0
165,11,treatment,on_165_4,6,segment_B,1,0,0,0
165,11,treatment,on_165_8,7,segment_B,1,0,0,0
165,11,treatment,on_165_1,8,segment_B,1,0,0,0
165,11,treatment,on_165_12,9,segment_A,1,0,0,0
166,0,control,on_166_12,0,segment_A,1,0,0,0
166,0,control,on_166_9,1,segment_B,1,0,0,0
166,0,control,on_166_33,2,segment_A,1,0,0,0
166,0,control,on_166_2,3,segment_B,1,0,0,0
166,0,control,on_166_5,4,segment_B,1,0,0,0
166,0,control,on_166_11,5,segment_A,1,0,0,0
166,0,control,on_166_20,6,segment_A,1,0,0,0
166,0,control,on_166_39,7,segment_B,1,0,0,0
166,0,control,on_166_29,8,segment_B,1,0,0,0
166,0,control,on_166_1,9,segment_A,1,0,0,0
167,0,treatment,on_167_33,0,segment_A,1,0,0,0
167,0,treatment,on_167_6,1,segment_A,1,0,0,0
167,0,treatment,on_167_11,2,segment_B,1,0,0,0
167,0,treatment,on_167_35,3,segment_A,1,0,0,0
167,0,treatment,on_167_32,4,segment_B,1,0,0,0
167,0,treatment,on_167_36,5,segment_A,1,1,0,0
167,0,treatment,on_167_3,6,segment_B,1,0,0,0
167,0,treatment,on_167_1,7,segment_B,1,0,0,0
167,0,treatment,on_167_22,8,segment_B,1,0,0,0
167,0,treatment,on_167_34,9,segment_A,1,0,0,0
168,9,control,on_168_19,0,segment_B,1,0,0,0
168,9,control,on_168_16,1,segment_B,1,0,0,0
168,9,control,on_168_10,2,segment_A,1,0,0,0
168,9,control,on_168_8,3,segment_B,1,0,0,0
168,9,control,on_168_5,4,segment_B,1,0,0,0
168,9,control,on_168_38,5,segment_B,1,0,0,0
168,9,control,on_168_32,6,segment_A,1,0,0,0
168,9,control,on_168_29,7,segment_B,1,1,0,0
168,9,control,on_168_14,8,segment_A,1,0,0,0
168,9,control,on_168_21,9,segment_A,1,0,0,0
169,0,treatment,on_169_11,0,segment_B,1,0,0,0
169,0,treatment,on_169_39,1,segment_A,1,0,0,0
169,0,treatment,on_169_0,2,segment_A,1,1,1,1
169,0,treatment,on_169_15,3,segment_A,1,0,0,0
169,0,treatment,on_169_2,4,segment_B,1,0,0,0
169,0,treatment,on_169_21,5,segment_B,1,0,0,0
169,0,treatment,on_169_3,6,segment_A,1,0,0,0
169,0,treatment,on_169_17,7,segment_B,1,0,0,0
169,0,treatment,on_169_36,8,segment_A,1,0,0,0
169,0,treatment,on_169_35,9,segment_B,1,0,0,0
170,9,treatment,on_170_16,0,segment_B,1,0,0,0
170,9,treatment,on_170_4,1,segment_B,1,0,0,0
170,9,treatment,on_170_37,2,segment_A,1,0,0,0
170,9,treatment,on_170_36,3,segment_B,1,0,0,0
170,9,treatment,on_170_33,4,segment_A,1,0,0,0
170,9,treatment,on_170_20,5,segment_B,1,1,0,0
170,9,treatment,on_170_15,6,segment_A,1,0,0,0
170,9,treatment,on_170_2,7,segment_A,1,0,0,0
170,9,treatment,on_170_27,8,segment_A,1,0,0,0
170,9,treatment,on_170_3,9,segment_B,1,0,0,0
171,0,control,on_171_38,0,segment_B,1,0,0,0
171,0,control,on_171_0,1,segment_A,1,0,0,0
171,0,control,on_171_31,2,segment_A,1,0,0,0
171,0,control,on_171_29,3,segment_B,1,0,0,0
171,0,control,on_171_5,4,segment_A,1,1,1,0
171,0,control,on_171_11,5,segment_B,1,0,0,0
171,0,control,on_171_27,6,segment_B,1,0,0,0
171,0,control,on_171_36,7,segment_A,1,1,0,0
171,0,control,on_171_33,8,segment_A,1,1,0,0
171,0,control,on_171_1,9,segment_A,1,0,0,0
172,9,control,on_172_30,0,segment_B,1,0,0,0
172,9,control,on_172_20,1,segment_B,1,0,0,0
172,9,control,on_172_18,2,segment_B,1,0,0,0
172,9,control,on_172_9,3,segment_A,1,1,0,0
172,9,control,on_172_23,4,segment_B,1,0,0,0
172,9,control,on_172_38,5,segment_B,1,0,0,0
172,9,control,on_172_7,6,segment_B,1,0,0,0
172,9,control,on_172_17,7,segment_A,1,0,0,0
172,9,control,on_172_26,8,segment_B,1,0,0,0
172,9,control,on_172_1,9,segment_A,1,0,0,0
173,6,control,on_173_5,0,segment_A,1,1,0,0
173,6,control,on_173_31,1,segment_A,1,1,1,0
173,6,control,on_173_4,2,segment_A,1,0,0,0
173,6,control,on_173_28,3,segment_A,1,0,0,0
173,6,control,on_173_18,4,segment_A,1,0,0,0
173,6,control,on_173_16,5,segment_A,1,0,0,0
173,6,control,on_173_3,6,segment_B,1,0,0,0
173,6,control,on_173_9,7,segment_B,1,0,0,0
173,6,control,on_173_10,8,segment_A,1,1,0,0
173,6,control,on_173_30,9,segment_A,1,0,0,0
174,7,control,on_174_8,0,segment_A,1,0,0,0
174,7,control,on_174_34,1,segment_A,1,0,0,0
174,7,control,on_174_28,2,segment_A,1,0,0,0
174,7,control,on_174_36,3,segment_B,1,0,0,0
174,7,control,on_174_25,4,segment_A,1,0,0,0
174,7,control,on_174_3,5,segment_B,1,0,0,0
174,7,control,on_174_24,6,segment_B,1,1,0,0
174,7,control,on_174_26,7,segment_B,1,0,0,0
174,7,control,on_174_27,8,segment_A,1,0,0,0
174,7,control,on_174_39,9,segment_A,1,0,0,0
175,3,treatment,on_175_36,0,segment_B,1,0,0,0
175,3,treatment,on_175_17,1,segment_B,1,0,0,0
175,3,treatment,on_175_38,2,segment_B,1,0,0,0
175,3,treatment,on_175_24,3,segment_B,1,0,0,0
175,3,treatment,on_175_15,4,segment_A,1,0,0,0
175,3,treatment,on_175_18,5,segment_A,1,0,0,0
175,3,treatment,on_175_32,6,segment_A,1,0,0,0
175,3,treatment,on_175_28,7,segment_A,1,0,0,0
175,3,treatment,on_175_13,8,segment_A,1,0,0,0
175,3,treatment,on_175_10,9,segment_A,1,0,0,0
176,5,control,on_176_22,0,segment_B,1,0,0,0
176,5,control,on_176_6,1,segment_A,1,0,0,0
176,5,control,on_176_37,2,segment_B,1,0,0,0
176,5,control,on_176_18,3,segment_A,1,0,0,0
176,5,control,on_176_5,4,segment_A,1,0,0,0
176,5,control,on_176_15,5,segment_A,1,0,0,0
176,5,control,on_176_33,6,segment_B,1,0,0,0
176,5,control,on_176_1,7,segment_B,1,1,0,0
176,5,control,on_176_30,8,segment_A,1,0,0,0
176,5,control,on_176_0,9,segment_B,1,0,0,0
177,10,treatment,on_177_5,0,segment_B,1,0,0,0
177,10,treatment,on_177_17,1,segment_B,1,0,0,0
177,10,treatment,on_177_21,2,segment_B,1,0,0,0
177,10,treatment,on_177_0,3,segment_B,1,0,0,0
177,10,treatment,on_177_34,4,segment_B,1,0,0,0
177,10,treatment,on_177_26,5,segment_B,1,0,0,0
177,10,treatment,on_177_30,6,segment_B,1,0,0,0
177,10,treatment,on_177_35,7,segment_A,1,0,0,0
177,10,treatment,on_177_19,8,segment_B,1,0,0,0
177,10,treatment,on_177_10,9,segment_A,1,0,0,0
178,0,control,on_178_37,0,segment_B,1,0,0,0
178,0,control,on_178_26,1,segment_B,1,0,0,0
178,0,control,on_178_38,2,segment_B,1,0,0,0
178,0,control,on_178_33,3,segment_A,1,1,0,0
178,0,control,on_178_24,4,segment_A,1,0,0,0
178,0,control,on_178_35,5,segment_A,1,0,0,0
178,0,control,on_178_19,6,segment_B,1,0,0,0
178,0,control,on_178_16,7,segment_A,1,0,0,0
178,0,control,on_178_12,8,segment_B,1,0,0,0
178,0,control,on_178_29,9,segment_A,1,0,0,0
179,2,control,on_179_27,0,segment_B,1,0,0,0
179,2,control,on_179_21,1,segment_B,1,0,0,0
179,2,control,on_179_13,2,segment_A,1,1,1,1
179,2,control,on_179_7,3,segment_B,1,0,0,0
179,2,control,on_179_5,4,segment_B,1,0,0,0
179,2,control,on_179_3,5,segment_B,1,0,0,0
179,2,control,on_179_1,6,segment_A,1,0,0,0
179,2,control,on_179_2,7,segment_B,1,0,0,0
179,2,control,on_179_0,8,segment_B,1,0,0,0
179,2,control,on_179_12,9,segment_B,1,0,0,0
180,2,treatment,on_180_22,0,segment_A,1,0,0,0
180,2,treatment,on_180_26,1,segment_A,1,0,0,0
180,2,treatment,on_180_10,2,segment_A,1,1,0,0
180,2,treatment,on_180_32,3,segment_A,1,1,0,0
180,2,treatment,on_180_27,4,segment_A,1,0,0,0
180,2,treatment,on_180_13,5,segment_A,1,0,0,0
180,2,treatment,on_180_23,6,segment_A,1,0,0,0
180,2,treatment,on_180_4,7,segment_B,1,0,0,0
180,2,treatment,on_180_20,8,segment_A,1,0,0,0
180,2,treatment,on_180_1,9,segment_A,1,0,0,0
181,9,treatment,on_181_1,0,segment_A,1,0,0,0
181,9,treatment,on_181_12,1,segment_B,1,0,0,0
181,9,treatment,on_181_5,2,segment_B,1,0,0,0
181,9,treatment,on_181_6,3,segment_B,1,0,0,0
181,9,treatment,on_181_33,4,segment_A,1,0,0,0
181,9,treatment,on_181_36,5,segment_B,1,0,0,0
181,9,treatment,on_181_7,6,segment_A,1,0,0,0
181,9,treatment,on_181_11,7,segment_B,1,0,0,0
181,9,treatment,on_181_16,8,segment_A,1,0,0,0
181,9,treatment,on_181_29,9,segment_B,1,0,0,0
182,2,control,on_182_11,0,segment_A,1,1,0,0
182,2,control,on_182_10,1,segment_B,1,0,0,0
182,2,control,on_182_17,2,segment_A,1,0,0,0
182,2,control,on_182_18,3,segment_B,1,0,0,0
182,2,control,on_182_29,4,segment_A,1,0,0,0
182,2,control,on_182_13,5,segment_B,1,0,0,0
182,2,control,on_182_12,6,segment_B,1,0,0,0
182,2,control,on_182_22,7,segment_A,1,0,0,0
182,2,control,on_182_21,8,segment_B,1,0,0,0
182,2,control,on_182_38,9,segment_B,1,0,0,0
183,6,treatment,on_183_9,0,segment_B,1,0,0,0
183,6,treatment,on_183_11,1,segment_A,1,1,1,0
183,6,treatment,on_183_25,2,segment_B,1,0,0,0
183,6,treatment,on_183_30,3,segment_A,1,0,0,0
183,6,treatment,on_183_20,4,segment_A,1,0,0,0
183,6,treatment,on_183_15,5,segment_A,1,0,0,0
183,6,treatment,on_183_17,6,segment_A,1,0,0,0
183,6,treatment,on_183_29,7,segment_B,1,0,0,0
183,6,treatment,on_183_27,8,segment_B,1,1,0,0
183,6,treatment,on_183_4,9,segment_A,1,0,0,0
184,5,control,on_184_0,0,segment_A,1,0,0,0
184,5,control,on_184_5,1,segment_B,1,0,0,0
184,5,control,on_184_19,2,segment_B,1,0,0,0
184,5,control,on_184_28,3,segment_B,1,1,1,0
184,5,control,on_184_35,4,segment_B,1,0,0,0
184,5,control,on_184_3,5,segment_A,1,0,0,0
184,5,control,on_184_25,6,segment_A,1,0,0,0
184,5,control,on_184_17,7,segment_A,1,0,0,0
184,5,control,on_184_37,8,segment_B,1,0,0,0
184,5,control,on_184_1,9,segment_B,1,1,0,0
185,6,treatment,on_185_14,0,segment_B,1,1,0,0
185,6,treatment,on_185_5,1,segment_B,1,0,0,0
185,6,treatment,on_185_34,2,segment_B,1,0,0,0
185,6,treatment,on_185_18,3,segment_B,1,0,0,0
185,6,treatment,on_185_26,4,segment_A,1,0,0,0
185,6,treatment,on_185_4,5,segment_B,1,0,0,0
185,6,treatment,on_185_11,6,segment_A,1,0,0,0
185,6,treatment,on_185_8,7,segment_A,1,0,0,0
185,6,treatment,on_185_38,8,segment_A,1,0,0,0
185,6,treatment,on_185_15,9,segment_A,1,0,0,0
186,11,control,on_186_28,0,segment_A,1,0,0,0
186,11,control,on_186_15,1,segment_A,1,0,0,0
186,11,control,on_186_29,2,segment_A,1,0,0,0
186,11,control,on_186_10,3,segment_A,1,0,0,0
186,11,control,on_186_38,4,segment_A,1,0,0,0
186,11,control,on_186_5,5,segment_A,1,0,0,0
186,11,control,on_186_17,6,segment_B,1,0,0,0
186,11,control,on_186_12,7,segment_A,1,0,0,0
186,11,control,on_186_18,8,segment_A,1,0,0,0
186,11,control,on_186_23,9,segment_B,1,0,0,0
187,6,control,on_187_29,0,segment_A,1,0,0,0
187,6,control,on_187_26,1,segment_B,1,1,1,0
187,6,control,on_187_8,2,segment_A,1,1,0,0
187,6,control,on_187_14,3,segment_A,1,0,0,0
187,6,control,on_187_7,4,segment_B,1,0,0,0
187,6,control,on_187_21,5,segment_A,1,1,0,0
187,6,control,on_187_12,6,segment_B,1,0,0,0
187,6,control,on_187_30,7,segment_A,1,0,0,0
187,6,control,on_187_10,8,segment_A,1,0,0,0
187,6,control,on_187_22,9,segment_A,1,0,0,0
188,1,control,on_188_1,0,segment_B,1,1,0,0
188,1,control,on_188_38,1,segment_A,1,0,0,0
188,1,control,on_188_3,2,segment_B,1,0,0,0
188,1,control,on_188_19,3,segment_A,1,0,0,0
188,1,control,on_188_22,4,segment_B,1,0,0,0
188,1,control,on_188_0,5,segment_B,1,0,0,0
188,1,control,on_188_29,6,segment_A,1,0,0,0
188,1,control,on_188_18,7,segment_B,1,0,0,0
188,1,control,on_188_39,8,segment_A,1,0,0,0
188,1,control,on_188_30,9,segment_B,1,0,0,0
189,6,control,on_189_7,0,segment_A,1,0,0,0
189,6,control,on_189_4,1,segment_B,1,0,0,0
189,6,control,on_189_10,2,segment_A,1,1,0,0
189,6,control,on_189_25,3,segment_B,1,0,0,0
189,6,control,on_189_38,4,segment_B,1,0,0,0
189,6,control,on_189_36,5,segment_A,1,0,0,0
189,6,control,on_189_21,6,segment_A,1,0,0,0
189,6,control,on_189_22,7,segment_B,1,0,0,0
189,6,control,on_189_33,8,segment_B,1,0,0,0
189,6,control,on_189_23,9,segment_A,1,0,0,0
190,8,control,on_190_8,0,segment_A,1,0,0,0
190,8,control,on_190_28,1,segment_A,1,0,0,0
190,8,control,on_190_21,2,segment_A,1,0,0,0
190,8,control,on_190_37,3,segment_A,1,1,0,0
190,8,control,on_190_3,4,segment_B,1,0,0,0
190,8,control,on_190_15,5,segment_A,1,1,0,0
190,8,control,on_190_25,6,segment_B,1,0,0,0
190,8,control,on_190_4,7,segment_B,1,0,0,0
190,8,control,on_190_13,8,segment_B,1,0,0,0
190,8,control,on_190_35,9,segment_B,1,0,0,0
191,2,treatment,on_191_8,0,segment_B,1,0,0,0
191,2,treatment,on_191_2,1,segment_B,1,0,0,0
191,2,treatment,on_191_30,2,segment_B,1,0,0,0
191,2,treatment,on_191_23,3,segment_B,1,0,0,0
191,2,treatment,on_191_11,4,segment_B,1,0,0,0
191,2,treatment,on_191_35,5,segment_B,1,0,0,0
191,2,treatment,on_191_32,6,segment_B,1,0,0,0
191,2,treatment,on_191_18,7,segment_A,1,0,0,0
191,2,treatment,on_191_3,8,segment_B,1,0,0,0
191,2,treatment,on_191_21,9,segment_B,1,0,0,0
192,11,control,on_192_1,0,segment_A,1,0,0,0
192,11,control,on_192_23,1,segment_B,1,0,0,0
192,11,control,on_192_8,2,segment_B,1,0,0,0
192,11,control,on_192_21,3,segment_A,1,0,0,0
192,11,control,on_192_3,4,segment_B,1,0,0,0
192,11,control,on_192_9,5,segment_B,1,0,0,0
192,11,control,on_192_33,6,segment_B,1,0,0,0
192,11,control,on_192_6,7,segment_A,1,0,0,0
192,11,control,on_192_29,8,segment_B,1,0,0,0
192,11,control,on_192_39,9,segment_A,1,0,0,0
193,11,control,on_193_36,0,segment_B,1,0,0,0
193,11,control,on_193_8,1,segment_A,1,0,0,0
193,11,control,on_193_10,2,segment_A,1,1,1,1
193,11,control,on_193_28,3,segment_A,1,0,0,0
193,11,control,on_193_0,4,segment_A,1,0,0,0
193,11,control,on_193_18,5,segment_A,1,0,0,0
193,11,control,on_193_9,6,segment_A,1,0,0,0
193,11,control,on_193_37,7,segment_B,1,1,0,0
193,11,control,on_193_3,8,segment_B,1,0,0,0
193,11,control,on_193_2,9,segment_A,1,0,0,0
194,8,treatment,on_194_35,0,segment_A,1,0,0,0
194,8,treatment,on_194_27,1,segment_B,1,0,0,0
194,8,treatment,on_194_16,2,segment_A,1,0,0,0
194,8,treatment,on_194_15,3,segment_A,1,0,0,0
194,8,treatment,on_194_19,4,segment_B,1,0,0,0
194,8,treatment,on_194_17,5,segment_B,1,0,0,0
194,8,treatment,on_194_6,6,segment_A,1,0,0,0
194,8,treatment,on_194_5,7,segment_B,1,0,0,0
194,8,treatment,on_194_8,8,segment_A,1,0,0,0
194,8,treatment,on_194_13,9,segment_A,1,0,0,0
195,12,control,on_195_9,0,segment_A,1,0,0,0
195,12,control,on_195_31,1,segment_B,1,0,0,0
195,12,control,on_195_38,2,segment_B,1,0,0,0
195,12,control,on_195_27,3,segment_A,1,0,0,0
195,12,control,on_195_34,4,segment_B,1,0,0,0
195,12,control,on_195_7,5,segment_A,1,0,0,0
195,12,control,on_195_10,6,segment_A,1,0,0,0
195,12,control,on_195_1,7,segment_A,1,0,0,0
195,12,control,on_195_17,8,segment_A,1,0,0,0
195,12,control,on_195_28,9,segment_B,1,0,0,0
196,3,treatment,on_196_36,0,segment_A,1,0,0,0
196,3,treatment,on_196_10,1,segment_B,1,0,0,0
196,3,treatment,on_196_6,2,segment_B,1,0,0,0
196,3,treatment,on_196_7,3,segment_A,1,0,0,0
196,3,treatment,on_196_22,4,segment_B,1,0,0,0
196,3,treatment,on_196_25,5,segment_B,1,1,0,0
196,3,treatment,on_196_28,6,segment_B,1,0,0,0
196,3,treatment,on_196_1,7,segment_A,1,0,0,0
196,3,treatment,on_196_21,8,segment_A,1,0,0,0
196,3,treatment,on_196_4,9,segment_A,1,0,0,0
197,12,control,on_197_19,0,segment_B,1,0,0,0
197,12,control,on_197_37,1,segment_A,1,0,0,0
197,12,control,on_197_38,2,segment_A,1,0,0,0
197,12,control,on_197_3,3,segment_A,1,0,0,0
197,12,control,on_197_28,4,segment_B,1,0,0,0
197,12,control,on_197_31,5,segment_A,1,0,0,0
197,12,control,on_197_36,6,segment_B,1,1,0,0
197,12,control,on_197_39,7,segment_B,1,0,0,0
197,12,control,on_197_13,8,segment_B,1,0,0,0
197,12,control,on_197_26,9,segment_B,1,0,0,0
198,10,treatment,on_198_38,0,segment_A,1,0,0,0
198,10,treatment,on_198_8,1,segment_B,1,0,0,0
198,10,treatment,on_198_30,2,segment_B,1,0,0,0
198,10,treatment,on_198_33,3,segment_B,1,0,0,0
198,10,treatment,on_198_16,4,segment_B,1,0,0,0
198,10,treatment,on_198_10,5,segment_B,1,1,0,0
198,10,treatment,on_198_37,6,segment_B,1,0,0,0
198,10,treatment,on_198_28,7,segment_A,1,1,0,0
198,10,treatment,on_198_29,8,segment_A,1,0,0,0
198,10,treatment,on_198_36,9,segment_A,1,0,0,0
199,1,control,on_199_10,0,segment_A,1,1,1,0
199,1,control,on_199_25,1,segment_A,1,1,0,0
199,1,control,on_199_35,2,segment_A,1,0,0,0
199,1,control,on_199_36,3,segment_A,1,0,0,0
199,1,control,on_199_19,4,segment_A,1,0,0,0
199,1,control,on_199_38,5,segment_B,1,0,0,0
199,1,control,on_199_34,6,segment_A,1,0,0,0
199,1,control,on_199_11,7,segment_A,1,0,0,0
199,1,control,on_199_0,8,segment_A,1,0,0,0
199,1,control,on_199_18,9,segment_A,1,1,0,0
200,8,treatment,on_200_38,0,segment_B,1,1,1,0
200,8,treatment,on_200_20,1,segment_A,1,0,0,0
200,8,treatment,on_200_1,2,segment_A,1,0,0,0
200,8,treatment,on_200_5,3,segment_B,1,1,0,0
200,8,treatment,on_200_25,4,segment_B,1,0,0,0
200,8,treatment,on_200_8,5,segment_A,1,0,0,0
200,8,treatment,on_200_23,6,segment_A,1,0,0,0
200,8,treatment,on_200_39,7,segment_B,1,0,0,0
200,8,treatment,on_200_3,8,segment_A,1,0,0,0
200,8,treatment,on_200_10,9,segment_B,1,0,0,0
201,8,treatment,on_201_29,0,segment_B,1,0,0,0
201,8,treatment,on_201_26,1,segment_A,1,0,0,0
201,8,treatment,on_201_22,2,segment_A,1,0,0,0
201,8,treatment,on_201_13,3,segment_B,1,0,0,0
201,8,treatment,on_201_34,4,segment_A,1,0,0,0
201,8,treatment,on_201_8,5,segment_A,1,0,0,0
201,8,treatment,on_201_1,6,segment_B,1,0,0,0
201,8,treatment,on_201_11,7,segment_B,1,0,0,0
201,8,treatment,on_201_9,8,segment_B,1,0,0,0
201,8,treatment,on_201_6,9,segment_A,1,0,0,0
202,13,control,on_202_17,0,segment_A,1,1,0,0
202,13,control,on_202_8,1,segment_A,1,0,0,0
202,13,control,on_202_7,2,segment_A,1,0,0,0
202,13,control,on_202_39,3,segment_B,1,1,0,0
202,13,control,on_202_30,4,segment_A,1,0,0,0
202,13,control,on_202_19,5,segment_A,1,0,0,0
202,13,control,on_202_2,6,segment_B,1,0,0,0
202,13,control,on_202_12,7,segment_B,1,0,0,0
202,13,control,on_202_21,8,segment_A,1,0,0,0
202,13,control,on_202_16,9,segment_A,1,0,0,0
203,4,control,on_203_20,0,segment_A,1,1,1,0
203,4,control,on_203_24,1,segment_B,1,0,0,0
203,4,control,on_203_14,2,segment_B,1,0,0,0
203,4,control,on_203_21,3,segment_A,1,0,0,0
203,4,control,on_203_25,4,segment_B,1,1,0,0
203,4,control,on_203_39,5,segment_B,1,0,0,0
203,4,control,on_203_22,6,segment_A,1,0,0,0
203,4,control,on_203_0,7,segment_B,1,0,0,0
203,4,control,on_203_4,8,segment_B,1,0,0,0
203,4,control,on_203_32,9,segment_A,1,0,0,0
204,1,treatment,on_204_10,0,segment_B,1,0,0,0
204,1,treatment,on_204_16,1,segment_A,1,1,1,0
204,1,treatment,on_204_22,2,segment_A,1,0,0,0
204,1,treatment,on_204_37,3,segment_A,1,1,0,0
204,1,treatment,on_204_5,4,segment_A,1,0,0,0
204,1,treatment,on_204_39,5,segment_A,1,0,0,0
204,1,treatment,on_204_32,6,segment_A,1,0,0,0
204,1,treatment,on_204_18,7,segment_B,1,0,0,0
204,1,treatment,on_204_35,8,segment_B,1,0,0,0
204,1,treatment,on_204_30,9,segment_B,1,0,0,0
205,10,treatment,on_205_22,0,segment_A,1,0,0,0
205,10,treatment,on_205_16,1,segment_B,1,0,0,0
205,10,treatment,on_205_31,2,segment_B,1,1,0,0
205,10,treatment,on_205_17,3,segment_B,1,1,1,1
205,10,treatment,on_205_21,4,segment_B,1,0,0,0
205,10,treatment,on_205_23,5,segment_B,1,0,0,0
205,10,treatment,on_205_35,6,segment_B,1,0,0,0
205,10,treatment,on_205_5,7,segment_A,1,0,0,0
205,10,treatment,on_205_6,8,segment_B,1,0,0,0
205,10,treatment,on_205_30,9,segment_A,1,0,0,0
206,10,treatment,on_206_38,0,segment_A,1,1,1,1
206,10,treatment,on_206_25,1,segment_B,1,0,0,0
206,10,treatment,on_206_27,2,segment_B,1,0,0,0
206,10,treatment,on_206_18,3,segment_B,1,0,0,0
206,10,treatment,on_206_17,4,segment_B,1,0,0,0
206,10,treatment,on_206_29,5,segment_A,1,0,0,0
206,10,treatment,on_206_34,6,segment_A,1,0,0,0
206,10,treatment,on_206_21,7,segment_A,1,0,0,0
206,10,treatment,on_206_39,8,segment_B,1,1,0,0
206,10,treatment,on_206_8,9,segment_A,1,0,0,0
207,1,treatment,on_207_15,0,segment_B,1,0,0,0
207,1,treatment,on_207_4,1,segment_B,1,0,0,0
207,1,treatment,on_207_37,2,segment_B,1,0,0,0
207,1,treatment,on_207_1,3,segment_B,1,0,0,0
207,1,treatment,on_207_23,4,segment_B,1,0,0,0
207,1,treatment,on_207_30,5,segment_A,1,0,0,0
207,1,treatment,on_207_22,6,segment_A,1,0,0,0
207,1,treatment,on_207_35,7,segment_A,1,0,0,0
207,1,treatment,on_207_24,8,segment_A,1,0,0,0
207,1,treatment,on_207_3,9,segment_B,1,0,0,0
208,7,control,on_208_14,0,segment_A,1,0,0,0
208,7,control,on_208_0,1,segment_B,1,0,0,0
208,7,control,on_208_27,2,segment_B,1,1,0,0
208,7,control,on_208_8,3,segment_B,1,0,0,0
208,7,control,on_208_13,4,segment_B,1,0,0,0
208,7,control,on_208_19,5,segment_A,1,1,0,0
208,7,control,on_208_20,6,segment_A,1,0,0,0
208,7,control,on_208_1,7,segment_A,1,1,0,0
208,7,control,on_208_10,8,segment_B,1,0,0,0
208,7,control,on_208_35,9,segment_B,1,0,0,0
209,8,treatment,on_209_27,0,segment_B,1,0,0,0
209,8,treatment,on_209_24,1,segment_B,1,0,0,0
209,8,treatment,on_209_1,2,segment_A,1,0,0,0
209,8,treatment,on_209_2,3,segment_B,1,0,0,0
209,8,treatment,on_209_10,4,segment_A,1,0,0,0
209,8,treatment,on_209_20,5,segment_A,1,0,0,0
209,8,treatment,on_209_30,6,segment_A,1,0,0,0
209,8,treatment,on_209_33,7,segment_B,1,0,0,0
209,8,treatment,on_209_8,8,segment_B,1,0,0,0
209,8,treatment,on_209_21,9,segment_B,1,0,0,0
210,5,control,on_210_19,0,segment_A,1,0,0,0
210,5,control,on_210_8,1,segment_A,1,0,0,0
210,5,control,on_210_32,2,segment_B,1,0,0,0
210,5,control,on_210_15,3,segment_B,1,0,0,0
210,5,control,on_210_5,4,segment_A,1,0,0,0
210,5,control,on_210_0,5,segment_B,1,0,0,0
210,5,control,on_210_14,6,segment_A,1,0,0,0
210,5,control,on_210_28,7,segment_B,1,0,0,0
210,5,control,on_210_4,8,segment_B,1,0,0,0
210,5,control,on_210_21,9,segment_A,1,0,0,0
211,0,treatment,on_211_1,0,segment_A,1,0,0,0
211,0,treatment,on_211_5,1,segment_A,1,0,0,0
211,0,treatment,on_211_15,2,segment_A,1,0,0,0
211,0,treatment,on_211_7,3,segment_B,1,0,0,0
211,0,treatment,on_211_6,4,segment_A,1,0,0,0
211,0,treatment,on_211_28,5,segment_B,1,0,0,0
211,0,treatment,on_211_8,6,segment_A,1,0,0,0
211,0,treatment,on_211_24,7,segment_A,1,0,0,0
211,0,treatment,on_211_16,8,segment_A,1,0,0,0
211,0,treatment,on_211_21,9,segment_B,1,0,0,0
212,3,control,on_212_13,0,segment_A,1,1,1,0
212,3,control,on_212_1,1,segment_B,1,0,0,0
212,3,control,on_212_16,2,segment_A,1,0,0,0
212,3,control,on_212_0,3,segment_B,1,0,0,0
212,3,control,on_212_32,4,segment_A,1,0,0,0
212,3,control,on_212_25,5,segment_B,1,0,0,0
212,3,control,on_212_15,6,segment_B,1,1,0,0
212,3,control,on_212_37,7,segment_B,1,0,0,0
212,3,control,on_212_29,8,segment_B,1,0,0,0
212,3,control,on_212_7,9,segment_B,1,0,0,0
213,8,control,on_213_34,0,segment_A,1,0,0,0
213,8,control,on_213_19,1,segment_A,1,0,0,0
213,8,control,on_213_35,2,segment_B,1,0,0,0
213,8,control,on_213_3,3,segment_A,1,0,0,0
213,8,control,on_213_4,4,segment_A,1,0,0,0
213,8,control,on_213_31,5,segment_B,1,0,0,0
213,8,control,on_213_33,6,segment_A,1,0,0,0
213,8,control,on_213_9,7,segment_B,1,0,0,0
213,8,control,on_213_25,8,segment_A,1,1,0,0
213,8,control,on_213_11,9,segment_B,1,0,0,0
214,13,treatment,on_214_30,0,segment_A,1,1,0,0
214,13,treatment,on_214_1,1,segment_A,1,0,0,0
214,13,treatment,on_214_13,2,segment_B,1,1,0,0
214,13,treatment,on_214_18,3,segment_A,1,0,0,0
214,13,treatment,on_214_8,4,segment_B,1,0,0,0
214,13,treatment,on_214_9,5,segment_B,1,0,0,0
214,13,treatment,on_214_29,6,segment_A,1,0,0,0
214,13,treatment,on_214_34,7,segment_A,1,0,0,0
214,13,treatment,on_214_32,8,segment_A,1,0,0,0
214,13,treatment,on_214_37,9,segment_B,1,0,0,0
215,5,treatment,on_215_39,0,segment_A,1,1,1,0
215,5,treatment,on_215_27,1,segment_B,1,0,0,0
215,5,treatment,on_215_37,2,segment_B,1,0,0,0
215,5,treatment,on_215_18,3,segment_A,1,0,0,0
215,5,treatment,on_215_33,4,segment_A,1,0,0,0
215,5,treatment,on_215_17,5,segment_B,1,0,0,0
215,5,treatment,on_215_9,6,segment_A,1,0,0,0
215,5,treatment,on_215_21,7,segment_B,1,0,0,0
215,5,treatment,on_215_19,8,segment_A,1,0,0,0
215,5,treatment,on_215_20,9,segment_B,1,0,0,0
216,12,treatment,on_216_24,0,segment_A,1,0,0,0
216,12,treatment,on_216_20,1,segment_A,1,0,0,0
216,12,treatment,on_216_23,2,segment_A,1,1,0,0
216,12,treatment,on_216_39,3,segment_A,1,0,0,0
216,12,treatment,on_216_18,4,segment_A,1,0,0,0
216,12,treatment,on_216_6,5,segment_A,1,0,0,0
216,12,treatment,on_216_27,6,segment_B,1,1,0,0
216,12,treatment,on_216_3,7,segment_A,1,0,0,0
216,12,treatment,on_216_36,8,segment_B,1,0,0,0
216,12,treatment,on_216_25,9,segment_A,1,0,0,0
217,8,treatment,on_217_35,0,segment_A,1,0,0,0
217,8,treatment,on_217_39,1,segment_B,1,0,0,0
217,8,treatment,on_217_38,2,segment_A,1,0,0,0
217,8,treatment,on_217_18,3,segment_A,1,0,0,0
217,8,treatment,on_217_29,4,segment_B,1,1,0,0
217,8,treatment,on_217_16,5,segment_B,1,0,0,0
217,8,treatment,on_217_14,6,segment_B,1,0,0,0
217,8,treatment,on_217_30,7,segment_A,1,0,0,0
217,8,treatment,on_217_28,8,segment_B,1,0,0,0
217,8,treatment,on_217_12,9,segment_B,1,0,0,0
218,6,treatment,on_218_15,0,segment_A,1,0,0,0
218,6,treatment,on_218_0,1,segment_B,1,0,0,0
218,6,treatment,on_218_26,2,segment_B,1,0,0,0
218,6,treatment,on_218_37,3,segment_B,1,0,0,0
218,6,treatment,on_218_29,4,segment_B,1,0,0,0
218,6,treatment,on_218_18,5,segment_B,1,1,0,0
218,6,treatment,on_218_24,6,segment_B,1,0,0,0
218,6,treatment,on_218_19,7,segment_B,1,0,0,0
218,6,treatment,on_218_38,8,segment_B,1,0,0,0
218,6,treatment,on_218_16,9,segment_B,1,0,0,0
219,7,treatment,on_219_8,0,segment_B,1,0,0,0
219,7,treatment,on_219_18,1,segment_A,1,0,0,0
219,7,treatment,on_219_23,2,segment_A,1,1,0,0
219,7,treatment,on_219_10,3,segment_B,1,0,0,0
219,7,treatment,on_219_33,4,segment_B,1,0,0,0
219,7,treatment,on_219_37,5,segment_B,1,0,0,0
219,7,treatment,on_219_35,6,segment_A,1,1,0,0
219,7,treatment,on_219_13,7,segment_A,1,0,0,0
219,7,treatment,on_219_38,8,segment_B,1,0,0,0
219,7,treatment,on_219_29,9,segment_A,1,0,0,0
220,13,treatment,on_220_16,0,segment_A,1,0,0,0
220,13,treatment,on_220_20,1,segment_A,1,1,1,1
220,13,treatment,on_220_22,2,segment_A,1,0,0,0
220,13,treatment,on_220_14,3,segment_B,1,0,0,0
220,13,treatment,on_220_5,4,segment_A,1,0,0,0
220,13,treatment,on_220_34,5,segment_A,1,0,0,0
220,13,treatment,on_220_7,6,segment_B,1,0,0,0
220,13,treatment,on_220_27,7,segment_B,1,0,0,0
220,13,treatment,on_220_33,8,segment_A,1,0,0,0
220,13,treatment,on_220_1,9,segment_A,1,0,0,0
221,6,treatment,on_221_8,0,segment_B,1,0,0,0
221,6,treatment,on_221_20,1,segment_B,1,1,0,0
221,6,treatment,on_221_18,2,segment_A,1,0,0,0
221,6,treatment,on_221_31,3,segment_A,1,0,0,0
221,6,treatment,on_221_30,4,segment_A,1,0,0,0
221,6,treatment,on_221_23,5,segment_B,1,0,0,0
221,6,treatment,on_221_21,6,segment_B,1,0,0,0
221,6,treatment,on_221_27,7,segment_B,1,0,0,0
221,6,treatment,on_221_16,8,segment_A,1,0,0,0
221,6,treatment,on_221_6,9,segment_A,1,0,0,0
222,2,control,on_222_33,0,segment_B,1,1,1,0
222,2,control,on_222_11,1,segment_B,1,0,0,0
222,2,control,on_222_28,2,segment_B,1,0,0,0
222,2,control,on_222_20,3,segment_A,1,0,0,0
222,2,control,on_222_16,4,segment_B,1,0,0,0
222,2,control,on_222_2,5,segment_A,1,1,0,0
222,2,control,on_222_9,6,segment_B,1,0,0,0
222,2,control,on_222_5,7,segment_A,1,1,0,0
222,2,control,on_222_19,8,segment_A,1,1,0,0
222,2,control,on_222_30,9,segment_A,1,0,0,0
223,10,treatment,on_223_37,0,segment_A,1,0,0,0
223,10,treatment,on_223_9,1,segment_A,1,1,1,0
223,10,treatment,on_223_31,2,segment_B,1,0,0,0
223,10,treatment,on_223_33,3,segment_A,1,0,0,0
223,10,treatment,on_223_21,4,segment_B,1,0,0,0
223,10,treatment,on_223_25,5,segment_B,1,0,0,0
223,10,treatment,on_223_35,6,segment_A,1,0,0,0
223,10,treatment,on_223_23,7,segment_A,1,0,0,0
223,10,treatment,on_223_32,8,segment_B,1,1,0,0
223,10,treatment,on_223_27,9,segment_B,1,0,0,0
224,7,control,on_224_13,0,segment_B,1,1,1,0
224,7,control,on_224_16,1,segment_B,1,0,0,0
224,7,control,on_224_31,2,segment_B,1,0,0,0
224,7,control,on_224_8,3,segment_A,1,0,0,0
224,7,control,on_224_28,4,segment_A,1,0,0,0
224,7,control,on_224_7,5,segment_B,1,0,0,0
224,7,control,on_224_36,6,segment_B,1,0,0,0
224,7,control,on_224_30,7,segment_B,1,0,0,0
224,7,control,on_224_3,8,segment_B,1,0,0,0
224,7,control,on_224_15,9,segment_A,1,0,0,0
225,10,treatment,on_225_5,0,segment_A,1,1,0,0
225,10,treatment,on_225_12,1,segment_A,1,0,0,0
225,10,treatment,on_225_10,2,segment_A,1,0,0,0
225,10,treatment,on_225_3,3,segment_B,1,0,0,0
225,10,treatment,on_225_19,4,segment_B,1,0,0,0
225,10,treatment,on_225_32,5,segment_B,1,0,0,0
225,10,treatment,on_225_26,6,segment_A,1,0,0,0
225,10,treatment,on_225_38,7,segment_A,1,0,0,0
225,10,treatment,on_225_6,8,segment_B,1,0,0,0
225,10,treatment,on_225_0,9,segment_B,1,0,0,0
226,4,control,on_226_5,0,segment_B,1,1,1,0
226,4,control,on_226_8,1,segment_A,1,0,0,0
226,4,control,on_226_9,2,segment_B,1,0,0,0
226,4,control,on_226_23,3,segment_A,1,0,0,0
226,4,control,on_226_26,4,segment_A,1,0,0,0
226,4,control,on_226_33,5,segment_B,1,0,0,0
226,4,control,on_226_18,6,segment_B,1,1,0,0
226,4,control,on_226_37,7,segment_A,1,0,0,0
226,4,control,on_226_13,8,segment_B,1,0,0,0
226,4,control,on_226_1,9,segment_B,1,0,0,0
227,9,control,on_227_14,0,segment_A,1,0,0,0
227,9,control,on_227_31,1,segment_A,1,0,0,0
227,9,control,on_227_35,2,segment_B,1,0,0,0
227,9,control,on_227_30,3,segment_B,1,0,0,0
227,9,control,on_227_1,4,segment_B,1,1,0,0
227,9,control,on_227_38,5,segment_A,1,0,0,0
227,9,control,on_227_26,6,segment_A,1,0,0,0
227,9,control,on_227_17,7,segment_A,1,0,0,0
227,9,control,on_227_24,8,segment_A,1,0,0,0
227,9,control,on_227_33,9,segment_A,1,0,0,0
228,6,treatment,on_228_34,0,segment_B,1,0,0,0
228,6,treatment,on_228_27,1,segment_B,1,0,0,0
228,6,treatment,on_228_37,2,segment_A,1,0,0,0
228,6,treatment,on_228_1,3,segment_B,1,0,0,0
228,6,treatment,on_228_3,4,segment_B,1,0,0,0
228,6,treatment,on_228_8,5,segment_A,1,0,0,0
228,6,treatment,on_228_19,6,segment_B,1,0,0,0
228,6,treatment,on_228_5,7,segment_B,1,0,0,0
228,6,treatment,on_228_11,8,segment_B,1,0,0,0
228,6,treatment,on_228_14,9,segment_A,1,0,0,0
229,11,control,on_229_13,0,segment_A,1,0,0,0
229,11,control,on_229_10,1,segment_B,1,0,0,0
229,11,control,on_229_25,2,segment_A,1,0,0,0
229,11,control,on_229_5,3,segment_B,1,0,0,0
229,11,control,on_229_17,4,segment_A,1,0,0,0
229,11,control,on_229_26,5,segment_B,1,0,0,0
229,11,control,on_229_31,6,segment_B,1,0,0,0
229,11,control,on_229_20,7,segment_B,1,0,0,0
229,11,control,on_229_1,8,segment_B,1,1,0,0
229,11,control,on_229_12,9,segment_B,1,0,0,0
230,2,treatment,on_230_34,0,segment_B,1,1,1,1
230,2,treatment,on_230_13,1,segment_A,1,0,0,0
230,2,treatment,on_230_16,2,segment_B,1,0,0,0
230,2,treatment,on_230_32,3,segment_A,1,0,0,0
230,2,treatment,on_230_25,4,segment_A,1,0,0,0
230,2,treatment,on_230_35,5,segment_A,1,0,0,0
230,2,treatment,on_230_3,6,segment_B,1,0,0,0
230,2,treatment,on_230_2,7,segment_B,1,0,0,0
230,2,treatment,on_230_19,8,segment_A,1,0,0,0
230,2,treatment,on_230_37,9,segment_B,1,0,0,0
231,7,control,on_231_12,0,segment_B,1,1,1,1
231,7,control,on_231_3,1,segment_A,1,0,0,0
231,7,control,on_231_27,2,segment_B,1,0,0,0
231,7,control,on_231_38,3,segment_B,1,0,0,0
231,7,control,on_231_17,4,segment_A,1,0,0,0
231,7,control,on_231_20,5,segment_B,1,0,0,0
231,7,control,on_231_31,6,segment_B,1,0,0,0
231,7,control,on_231_39,7,segment_A,1,0,0,0
231,7,control,on_231_29,8,segment_B,1,0,0,0
231,7,control,on_231_1,9,segment_A,1,0,0,0
232,12,treatment,on_232_15,0,segment_A,1,0,0,0
232,12,treatment,on_232_24,1,segment_A,1,0,0,0
232,12,treatment,on_232_20,2,segment_B,1,0,0,0
232,12,treatment,on_232_38,3,segment_B,1,0,0,0
232,12,treatment,on_232_2,4,segment_A,1,0,0,0
232,12,treatment,on_232_1,5,segment_B,1,0,0,0
232,12,treatment,on_232_3,6,segment_A,1,0,0,0
232,12,treatment,on_232_27,7,segment_B,1,0,0,0
232,12,treatment,on_232_12,8,segment_B,1,0,0,0
232,12,treatment,on_232_29,9,segment_B,1,0,0,0
233,8,control,on_233_33,0,segment_A,1,0,0,0
233,8,control,on_233_21,1,segment_B,1,0,0,0
233,8,control,on_233_38,2,segment_A,1,0,0,0
233,8,control,on_233_6,3,segment_B,1,0,0,0
233,8,control,on_233_25,4,segment_B,1,0,0,0
233,8,control,on_233_15,5,segment_B,1,0,0,0
233,8,control,on_233_16,6,segment_A,1,0,0,0
233,8,control,on_233_37,7,segment_B,1,0,0,0
233,8,control,on_233_19,8,segment_B,1,0,0,0
233,8,control,on_233_35,9,segment_A,1,0,0,0
234,6,treatment,on_234_6,0,segment_B,1,0,0,0
234,6,treatment,on_234_15,1,segment_A,1,0,0,0
234,6,treatment,on_234_8,2,segment_B,1,0,0,0
234,6,treatment,on_234_7,3,segment_A,1,0,0,0
234,6,treatment,on_234_26,4,segment_A,1,0,0,0
234,6,treatment,on_234_35,5,segment_A,1,0,0,0
234,6,treatment,on_234_36,6,segment_B,1,0,0,0
234,6,treatment,on_234_23,7,segment_A,1,0,0,0
234,6,treatment,on_234_32,8,segment_A,1,0,0,0
234,6,treatment,on_234_13,9,segment_A,1,0,0,0
235,3,treatment,on_235_34,0,segment_B,1,0,0,0
235,3,treatment,on_235_7,1,segment_B,1,0,0,0
235,3,treatment,on_235_26,2,segment_B,1,0,0,0
235,3,treatment,on_235_21,3,segment_A,1,0,0,0
235,3,treatment,on_235_30,4,segment_A,1,0,0,0
235,3,treatment,on_235_29,5,segment_A,1,0,0,0
235,3,treatment,on_235_17,6,segment_A,1,1,0,0
235,3,treatment,on_235_38,7,segment_A,1,0,0,0
235,3,treatment,on_235_2,8,segment_B,1,0,0,0
235,3,treatment,on_235_19,9,segment_B,1,0,0,0
236,11,control,on_236_37,0,segment_B,1,0,0,0
236,11,control,on_236_29,1,segment_B,1,0,0,0
236,11,control,on_236_18,2,segment_A,1,0,0,0
236,11,control,on_236_19,3,segment_B,1,0,0,0
236,11,control,on_236_1,4,segment_B,1,0,0,0
236,11,control,on_236_38,5,segment_B,1,0,0,0
236,11,control,on_236_13,6,segment_A,1,0,0,0
236,11,control,on_236_31,7,segment_A,1,0,0,0
236,11,control,on_236_16,8,segment_A,1,0,0,0
236,11,control,on_236_6,9,segment_A,1,0,0,0
237,2,treatment,on_237_26,0,segment_A,1,1,0,0
237,2,treatment,on_237_32,1,segment_B,1,0,0,0
237,2,treatment,on_237_0,2,segment_B,1,0,0,0
237,2,treatment,on_237_23,3,segment_A,1,0,0,0
237,2,treatment,on_237_2,4,segment_B,1,1,0,0
237,2,treatment,on_237_34,5,segment_B,1,0,0,0
237,2,treatment,on_237_1,6,segment_A,1,0,0,0
237,2,treatment,on_237_20,7,segment_B,1,0,0,0
237,2,treatment,on_237_3,8,segment_B,1,1,0,0
237,2,treatment,on_237_6,9,segment_A,1,0,0,0
238,12,treatment,on_238_35,0,segment_B,1,1,0,0
238,12,treatment,on_238_19,1,segment_A,1,0,0,0
238,12,treatment,on_238_28,2,segment_B,1,0,0,0
238,12,treatment,on_238_13,3,segment_A,1,0,0,0
238,12,treatment,on_238_0,4,segment_B,1,0,0,0
238,12,treatment,on_238_14,5,segment_A,1,0,0,0
238,12,treatment,on_238_39,6,segment_A,1,1,0,0
238,12,treatment,on_238_1,7,segment_B,1,0,0,0
238,12,treatment,on_238_3,8,segment_B,1,0,0,0
238,12,treatment,on_238_12,9,segment_A,1,0,0,0
239,9,control,on_239_8,0,segment_A,1,0,0,0
239,9,control,on_239_38,1,segment_B,1,0,0,0
239,9,control,on_239_18,2,segment_B,1,0,0,0
239,9,control,on_239_7,3,segment_A,1,0,0,0
239,9,control,on_239_15,4,segment_B,1,1,0,0
239,9,control,on_239_35,5,segment_A,1,0,0,0
239,9,control,on_239_3,6,segment_A,1,0,0,0
239,9,control,on_239_16,7,segment_B,1,0,0,0
239,9,control,on_239_23,8,segment_A,1,0,0,0
239,9,control,on_239_26,9,segment_A,1,0,0,0
240,10,control,on_240_13,0,segment_B,1,0,0,0
240,10,control,on_240_11,1,segment_A,1,1,1,0
240,10,control,on_240_25,2,segment_A,1,0,0,0
240,10,control,on_240_36,3,segment_B,1,1,0,0
240,10,control,on_240_15,4,segment_A,1,0,0,0
240,10,control,on_240_22,5,segment_B,1,0,0,0
240,10,control,on_240_37,6,segment_B,1,0,0,0
240,10,control,on_240_39,7,segment_B,1,1,0,0
240,10,control,on_240_8,8,segment_B,1,0,0,0
240,10,control,on_240_4,9,segment_B,1,0,0,0
241,12,treatment,on_241_30,0,segment_B,1,0,0,0
241,12,treatment,on_241_10,1,segment_A,1,0,0,0
241,12,treatment,on_241_15,2,segment_A,1,0,0,0
241,12,treatment,on_241_1,3,segment_A,1,0,0,0
241,12,treatment,on_241_2,4,segment_B,1,0,0,0
241,12,treatment,on_241_17,5,segment_A,1,0,0,0
241,12,treatment,on_241_36,6,segment_A,1,0,0,0
241,12,treatment,on_241_38,7,segment_B,1,0,0,0
241,12,treatment,on_241_4,8,segment_B,1,0,0,0
241,12,treatment,on_241_27,9,segment_A,1,0,0,0
242,5,treatment,on_242_21,0,segment_B,1,0,0,0
242,5,treatment,on_242_37,1,segment_B,1,1,0,0
242,5,treatment,on_242_17,2,segment_A,1,1,0,0
242,5,treatment,on_242_35,3,segment_A,1,1,0,0
242,5,treatment,on_242_25,4,segment_B,1,0,0,0
242,5,treatment,on_242_29,5,segment_B,1,0,0,0
242,5,treatment,on_242_3,6,segment_B,1,0,0,0
242,5,treatment,on_242_14,7,segment_A,1,0,0,0
242,5,treatment,on_242_5,8,segment_A,1,0,0,0
242,5,treatment,on_242_4,9,segment_B,1,0,0,0
243,12,control,on_243_22,0,segment_A,1,0,0,0
243,12,control,on_243_35,1,segment_B,1,0,0,0
243,12,control,on_243_27,2,segment_B,1,0,0,0
243,12,control,on_243_3,3,segment_A,1,0,0,0
243,12,control,on_243_15,4,segment_A,1,0,0,0
243,12,control,on_243_12,5,segment_B,1,0,0,0
243,12,control,on_243_18,6,segment_B,1,0,0,0
243,12,control,on_243_25,7,segment_B,1,0,0,0
243,12,control,on_243_34,8,segment_B,1,0,0,0
243,12,control,on_243_2,9,segment_B,1,0,0,0
244,7,treatment,on_244_29,0,segment_A,1,0,0,0
244,7,treatment,on_244_26,1,segment_A,1,0,0,0
244,7,treatment,on_244_11,2,segment_A,1,0,0,0
244,7,treatment,on_244_4,3,segment_A,1,0,0,0
244,7,treatment,on_244_21,4,segment_B,1,1,0,0
244,7,treatment,on_244_22,5,segment_B,1,0,0,0
244,7,treatment,on_244_2,6,segment_A,1,0,0,0
244,7,treatment,on_244_14,7,segment_A,1,0,0,0
244,7,treatment,on_244_30,8,segment_A,1,0,0,0
244,7,treatment,on_244_35,9,segment_B,1,0,0,0
245,0,control,on_245_14,0,segment_A,1,1,0,0
245,0,control,on_245_33,1,segment_A,1,0,0,0
245,0,control,on_245_7,2,segment_A,1,0,0,0
245,0,control,on_245_3,3,segment_A,1,0,0,0
245,0,control,on_245_11,4,segment_B,1,1,0,0
245,0,control,on_245_8,5,segment_A,1,0,0,0
245,0,control,on_245_15,6,segment_B,1,0,0,0
245,0,control,on_245_4,7,segment_A,1,0,0,0
245,0,control,on_245_18,8,segment_B,1,0,0,0
245,0,control,on_245_16,9,segment_B,1,0,0,0
246,9,treatment,on_246_4,0,segment_B,1,0,0,0
246,9,treatment,on_246_30,1,segment_B,1,0,0,0
246,9,treatment,on_246_19,2,segment_A,1,0,0,0
246,9,treatment,on_246_24,3,segment_A,1,0,0,0
246,9,treatment,on_246_2,4,segment_A,1,0,0,0
246,9,treatment,on_246_37,5,segment_B,1,0,0,0
246,9,treatment,on_246_28,6,segment_A,1,0,0,0
246,9,treatment,on_246_27,7,segment_B,1,0,0,0
246,9,treatment,on_246_38,8,segment_B,1,0,0,0
246,9,treatment,on_246_25,9,segment_A,1,0,0,0
247,7,treatment,on_247_24,0,segment_B,1,1,0,0
247,7,treatment,on_247_15,1,segment_A,1,0,0,0
247,7,treatment,on_247_16,2,segment_A,1,1,1,0
247,7,treatment,on_247_27,3,segment_B,1,0,0,0
247,7,treatment,on_247_22,4,segment_A,1,0,0,0
247,7,treatment,on_247_7,5,segment_A,1,0,0,0
247,7,treatment,on_247_29,6,segment_B,1,0,0,0
247,7,treatment,on_247_37,7,segment_B,1,0,0,0
247,7,treatment,on_247_6,8,segment_B,1,0,0,0
247,7,treatment,on_247_30,9,segment_A,1,0,0,0
248,13,control,on_248_13,0,segment_A,1,1,1,0
248,13,control,on_248_33,1,segment_B,1,0,0,0
248,13,control,on_248_18,2,segment_B,1,1,1,0
248,13,control,on_248_6,3,segment_B,1,0,0,0
248,13,control,on_248_36,4,segment_A,1,0,0,0
248,13,control,on_248_39,5,segment_B,1,0,0,0
248,13,control,on_248_14,6,segment_B,1,0,0,0
248,13,control,on_248_7,7,segment_A,1,0,0,0
248,13,control,on_248_27,8,segment_B,1,0,0,0
248,13,control,on_248_17,9,segment_A,1,0,0,0
249,3,control,on_249_13,0,segment_B,1,1,1,0
249,3,control,on_249_36,1,segment_B,1,1,0,0
249,3,control,on_249_25,2,segment_B,1,0,0,0
249,3,control,on_249_3,3,segment_A,1,0,0,0
249,3,control,on_249_30,4,segment_A,1,1,0,0
249,3,control,on_249_8,5,segment_A,1,0,0,0
249,3,control,on_249_21,6,segment_B,1,0,0,0
249,3,control,on_249_17,7,segment_A,1,0,0,0
249,3,control,on_249_14,8,segment_B,1,0,0,0
249,3,control,on_249_24,9,segment_A,1,0,0,0
250,10,control,on_250_16,0,segment_B,1,1,1,0
250,10,control,on_250_22,1,segment_A,1,0,0,0
250,10,control,on_250_24,2,segment_A,1,1,0,0
250,10,control,on_250_11,3,segment_B,1,0,0,0
250,10,control,on_250_2,4,segment_B,1,0,0,0
250,10,control,on_250_38,5,segment_A,1,0,0,0
250,10,control,on_250_27,6,segment_A,1,0,0,0
250,10,control,on_250_33,7,segment_A,1,0,0,0
250,10,control,on_250_35,8,segment_B,1,0,0,0
250,10,control,on_250_12,9,segment_B,1,0,0,0
251,0,control,on_251_38,0,segment_A,1,0,0,0
251,0,control,on_251_3,1,segment_B,1,0,0,0
251,0,control,on_251_6,2,segment_A,1,0,0,0
251,0,control,on_251_27,3,segment_A,1,1,0,0
251,0,control,on_251_10,4,segment_A,1,0,0,0
251,0,control,on_251_8,5,segment_B,1,0,0,0
251,0,control,on_251_20,6,segment_A,1,0,0,0
251,0,control,on_251_24,7,segment_A,1,0,0,0
251,0,control,on_251_1,8,segment_B,1,0,0,0
251,0,control,on_251_14,9,segment_A,1,1,1,0
252,2,treatment,on_252_4,0,segment_A,1,0,0,0
252,2,treatment,on_252_2,1,segment_B,1,0,0,0
252,2,treatment,on_252_19,2,segment_A,1,0,0,0
252,2,treatment,on_252_29,3,segment_A,1,0,0,0
252,2,treatment,on_252_12,4,segment_A,1,1,0,0
252,2,treatment,on_252_37,5,segment_A,1,0,0,0
252,2,treatment,on_252_7,6,segment_B,1,0,0,0
252,2,treatment,on_252_9,7,segment_A,1,0,0,0
252,2,treatment,on_252_33,8,segment_B,1,0,0,0
252,2,treatment,on_252_23,9,segment_A,1,0,0,0
253,6,treatment,on_253_31,0,segment_A,1,1,0,0
253,6,treatment,on_253_26,1,segment_B,1,0,0,0
253,6,treatment,on_253_15,2,segment_B,1,0,0,0
253,6,treatment,on_253_29,3,segment_A,1,0,0,0
253,6,treatment,on_253_10,4,segment_A,1,0,0,0
253,6,treatment,on_253_2,5,segment_A,1,0,0,0
253,6,treatment,on_253_24,6,segment_A,1,0,0,0
253,6,treatment,on_253_30,7,segment_A,1,0,0,0
253,6,treatment,on_253_5,8,segment_A,1,0,0,0
253,6,treatment,on_253_8,9,segment_B,1,0,0,0
254,13,control,on_254_9,0,segment_A,1,0,0,0
254,13,control,on_254_5,1,segment_B,1,0,0,0
254,13,control,on_254_11,2,segment_B,1,0,0,0
254,13,control,on_254_7,3,segment_A,1,0,0,0
254,13,control,on_254_39,4,segment_A,1,0,0,0
254,13,control,on_254_14,5,segment_A,1,0,0,0
254,13,control,on_254_23,6,segment_B,1,0,0,0
254,13,control,on_254_20,7,segment_B,1,1,1,1
254,13,control,on_254_0,8,segment_B,1,0,0,0
254,13,control,on_254_12,9,segment_A,1,0,0,0
255,6,control,on_255_11,0,segment_B,1,1,0,0
255,6,control,on_255_5,1,segment_B,1,1,0,0
255,6,control,on_255_31,2,segment_A,1,0,0,0
255,6,control,on_255_33,3,segment_A,1,0,0,0
255,6,control,on_255_23,4,segment_A,1,0,0,0
255,6,control,on_255_26,5,segment_A,1,1,0,0
255,6,control,on_255_22,6,segment_A,1,0,0,0
255,6,control,on_255_38,7,segment_A,1,0,0,0
255,6,control,on_255_29,8,segment_A,1,0,0,0
255,6,control,on_255_6,9,segment_A,1,0,0,0
256,11,control,on_256_1,0,segment_A,1,1,1,1
256,11,control,on_256_33,1,segment_B,1,0,0,0
256,11,control,on_256_37,2,segment_A,1,0,0,0
256,11,control,on_256_20,3,segment_A,1,0,0,0
256,11,control,on_256_0,4,segment_B,1,0,0,0
256,11,control,on_256_30,5,segment_A,1,1,0,0
256,11,control,on_256_9,6,segment_B,1,0,0,0
256,11,control,on_256_19,7,segment_B,1,0,0,0
256,11,control,on_256_14,8,segment_B,1,0,0,0
256,11,control,on_256_4,9,segment_A,1,0,0,0
257,3,control,on_257_12,0,segment_B,1,0,0,0
257,3,control,on_257_0,1,segment_B,1,0,0,0
257,3,control,on_257_1,2,segment_B,1,0,0,0
257,3,control,on_257_4,3,segment_A,1,0,0,0
257,3,control,on_257_19,4,segment_B,1,0,0,0
257,3,control,on_257_14,5,segment_B,1,0,0,0
257,3,control,on_257_18,6,segment_B,1,0,0,0
257,3,control,on_257_2,7,segment_B,1,0,0,0
257,3,control,on_257_36,8,segment_A,1,1,0,0
257,3,control,on_257_32,9,segment_B,1,0,0,0
258,1,treatment,on_258_4,0,segment_B,1,0,0,0
258,1,treatment,on_258_35,1,segment_B,1,0,0,0
258,1,treatment,on_258_32,2,segment_A,1,1,0,0
258,1,treatment,on_258_12,3,segment_A,1,0,0,0
258,1,treatment,on_258_3,4,segment_B,1,0,0,0
258,1,treatment,on_258_30,5,segment_B,1,0,0,0
258,1,treatment,on_258_19,6,segment_B,1,0,0,0
258,1,treatment,on_258_25,7,segment_B,1,0,0,0
258,1,treatment,on_258_28,8,segment_B,1,0,0,0
258,1,treatment,on_258_16,9,segment_A,1,0,0,0
259,12,treatment,on_259_22,0,segment_B,1,1,0,0
259,12,treatment,on_259_23,1,segment_B,1,1,0,0
259,12,treatment,on_259_20,2,segment_A,1,1,0,0
259,12,treatment,on_259_17,3,segment_B,1,0,0,0
259,12,treatment,on_259_7,4,segment_A,1,0,0,0
259,12,treatment,on_259_37,5,segment_B,1,0,0,0
259,12,treatment,on_259_3,6,segment_B,1,0,0,0
259,12,treatment,on_259_2,7,segment_A,1,0,0,0
259,12,treatment,on_259_4,8,segment_B,1,0,0,0
259,12,treatment,on_259_30,9,segment_B,1,0,0,0
260,0,treatment,on_260_28,0,segment_A,1,0,0,0
260,0,treatment,on_260_12,1,segment_B,1,0,0,0
260,0,treatment,on_260_39,2,segment_A,1,0,0,0
260,0,treatment,on_260_37,3,segment_A,1,1,0,0
260,0,treatment,on_260_18,4,segment_A,1,0,0,0
260,0,treatment,on_260_14,5,segment_B,1,0,0,0
260,0,treatment,on_260_13,6,segment_B,1,0,0,0
260,0,treatment,on_260_24,7,segment_B,1,1,0,0
260,0,treatment,on_260_5,8,segment_A,1,0,0,0
260,0,treatment,on_260_10,9,segment_B,1,0,0,0
261,3,control,on_261_29,0,segment_B,1,0,0,0
261,3,control,on_261_11,1,segment_A,1,0,0,0
261,3,control,on_261_23,2,segment_B,1,0,0,0
261,3,control,on_261_17,3,segment_A,1,0,0,0
261,3,control,on_261_31,4,segment_A,1,0,0,0
261,3,control,on_261_22,5,segment_B,1,1,1,1
261,3,control,on_261_36,6,segment_A,1,0,0,0
261,3,control,on_261_9,7,segment_B,1,0,0,0
261,3,control,on_261_16,8,segment_A,1,0,0,0
261,3,control,on_261_14,9,segment_B,1,0,0,0
262,9,control,on_262_36,0,segment_A,1,0,0,0
262,9,control,on_262_28,1,segment_A,1,0,0,0
262,9,control,on_262_4,2,segment_B,1,0,0,0
262,9,control,on_262_19,3,segment_A,1,0,0,0
262,9,control,on_262_30,4,segment_A,1,0,0,0
262,9,control,on_262_24,5,segment_A,1,0,0,0
262,9,control,on_262_9,6,segment_B,1,0,0,0
262,9,control,on_262_32,7,segment_B,1,0,0,0
262,9,control,on_262_0,8,segment_B,1,0,0,0
262,9,control,on_262_6,9,segment_A,1,0,0,0
263,5,treatment,on_263_1,0,segment_B,1,0,0,0
263,5,treatment,on_263_22,1,segment_B,1,0,0,0
263,5,treatment,on_263_23,2,segment_B,1,0,0,0
263,5,treatment,on_263_12,3,segment_B,1,0,0,0
263,5,treatment,on_263_6,4,segment_A,1,0,0,0
263,5,treatment,on_263_36,5,segment_B,1,0,0,0
263,5,treatment,on_263_16,6,segment_A,1,0,0,0
263,5,treatment,on_263_9,7,segment_B,1,0,0,0
263,5,treatment,on_263_21,8,segment_A,1,0,0,0
263,5,treatment,on_263_19,9,segment_B,1,0,0,0
264,2,treatment,on_264_8,0,segment_B,1,0,0,0
264,2,treatment,on_264_0,1,segment_A,1,0,0,0
264,2,treatment,on_264_24,2,segment_B,1,0,0,0
264,2,treatment,on_264_11,3,segment_B,1,0,0,0
264,2,treatment,on_264_34,4,segment_B,1,0,0,0
264,2,treatment,on_264_13,5,segment_A,1,0,0,0
264,2,treatment,on_264_4,6,segment_A,1,0,0,0
264,2,treatment,on_264_32,7,segment_B,1,1,0,0
264,2,treatment,on_264_14,8,segment_A,1,0,0,0
264,2,treatment,on_264_23,9,segment_A,1,0,0,0
265,12,control,on_265_39,0,segment_A,1,0,0,0
265,12,control,on_265_1,1,segment_B,1,0,0,0
265,12,control,on_265_12,2,segment_B,1,0,0,0
265,12,control,on_265_25,3,segment_A,1,1,0,0
265,12,control,on_265_9,4,segment_A,1,0,0,0
265,12,control,on_265_24,5,segment_A,1,0,0,0
265,12,control,on_265_21,6,segment_A,1,0,0,0
265,12,control,on_265_5,7,segment_A,1,0,0,0
265,12,control,on_265_11,8,segment_B,1,0,0,0
265,12,control,on_265_23,9,segment_A,1,0,0,0
266,12,treatment,on_266_21,0,segment_B,1,1,0,0
266,12,treatment,on_266_5,1,segment_A,1,0,0,0
266,12,treatment,on_266_35,2,segment_B,1,0,0,0
266,12,treatment,on_266_11,3,segment_A,1,0,0,0
266,12,treatment,on_266_36,4,segment_A,1,0,0,0
266,12,treatment,on_266_38,5,segment_A,1,0,0,0
266,12,treatment,on_266_0,6,segment_A,1,0,0,0
266,12,treatment,on_266_28,7,segment_B,1,0,0,0
266,12,treatment,on_266_4,8,segment_B,1,0,0,0
266,12,treatment,on_266_15,9,segment_A,1,0,0,0
267,12,treatment,on_267_13,0,segment_A,1,0,0,0
267,12,treatment,on_267_12,1,segment_B,1,0,0,0
267,12,treatment,on_267_15,2,segment_B,1,1,1,0
267,12,treatment,on_267_26,3,segment_B,1,1,0,0
267,12,treatment,on_267_37,4,segment_B,1,0,0,0
267,12,treatment,on_267_34,5,segment_A,1,0,0,0
267,12,treatment,on_267_5,6,segment_A,1,0,0,0
267,12,treatment,on_267_16,7,segment_B,1,0,0,0
267,12,treatment,on_267_28,8,segment_B,1,1,0,0
267,12,treatment,on_267_1,9,segment_A,1,0,0,0
268,8,treatment,on_268_38,0,segment_A,1,0,0,0
268,8,treatment,on_268_20,1,segment_B,1,1,1,0
268,8,treatment,on_268_4,2,segment_A,1,0,0,0
268,8,treatment,on_268_17,3,segment_B,1,1,0,0
268,8,treatment,on_268_6,4,segment_B,1,0,0,0
268,8,treatment,on_268_10,5,segment_A,1,0,0,0
268,8,treatment,on_268_11,6,segment_B,1,0,0,0
268,8,treatment,on_268_3,7,segment_B,1,0,0,0
268,8,treatment,on_268_39,8,segment_A,1,0,0,0
268,8,treatment,on_268_2,9,segment_A,1,0,0,0
269,2,control,on_269_19,0,segment_A,1,1,1,0
269,2,control,on_269_22,1,segment_A,1,0,0,0
269,2,control,on_269_18,2,segment_B,1,1,0,0
269,2,control,on_269_27,3,segment_B,1,0,0,0
269,2,control,on_269_23,4,segment_A,1,1,0,0
269,2,control,on_269_37,5,segment_A,1,0,0,0
269,2,control,on_269_38,6,segment_A,1,0,0,0
269,2,control,on_269_33,7,segment_B,1,0,0,0
269,2,control,on_269_8,8,segment_A,1,0,0,0
269,2,control,on_269_0,9,segment_B,1,1,0,0
270,3,treatment,on_270_34,0,segment_A,1,0,0,0
270,3,treatment,on_270_36,1,segment_A,1,1,1,0
270,3,treatment,on_270_38,2,segment_A,1,0,0,0
270,3,treatment,on_270_8,3,segment_A,1,0,0,0
270,3,treatment,on_270_9,4,segment_A,1,0,0,0
270,3,treatment,on_270_5,5,segment_B,1,0,0,0
270,3,treatment,on_270_6,6,segment_B,1,1,0,0
270,3,treatment,on_270_17,7,segment_B,1,0,0,0
270,3,treatment,on_270_23,8,segment_A,1,0,0,0
270,3,treatment,on_270_19,9,segment_A,1,0,0,0
271,5,control,on_271_31,0,segment_B,1,0,0,0
271,5,control,on_271_11,1,segment_B,1,0,0,0
271,5,control,on_271_37,2,segment_B,1,0,0,0
271,5,control,on_271_4,3,segment_A,1,0,0,0
271,5,control,on_271_8,4,segment_B,1,0,0,0
271,5,control,on_271_16,5,segment_A,1,1,0,0
271,5,control,on_271_21,6,segment_B,1,1,0,0
271,5,control,on_271_6,7,segment_B,1,0,0,0
271,5,control,on_271_23,8,segment_A,1,0,0,0
271,5,control,on_271_26,9,segment_B,1,0,0,0
272,8,control,on_272_27,0,segment_A,1,1,1,0
272,8,control,on_272_8,1,segment_B,1,1,0,0
272,8,control,on_272_29,2,segment_B,1,0,0,0
272,8,control,on_272_28,3,segment_B,1,0,0,0
272,8,control,on_272_36,4,segment_B,1,1,0,0
272,8,control,on_272_38,5,segment_A,1,0,0,0
272,8,control,on_272_5,6,segment_B,1,0,0,0
272,8,control,on_272_18,7,segment_A,1,0,0,0
272,8,control,on_272_32,8,segment_B,1,0,0,0
272,8,control,on_272_4,9,segment_B,1,0,0,0
273,5,control,on_273_23,0,segment_B,1,0,0,0
273,5,control,on_273_39,1,segment_B,1,0,0,0
273,5,control,on_273_38,2,segment_B,1,1,0,0
273,5,control,on_273_16,3,segment_B,1,0,0,0
273,5,control,on_273_26,4,segment_B,1,0,0,0
273,5,control,on_273_33,5,segment_A,1,0,0,0
273,5,control,on_273_22,6,segment_A,1,1,0,0
273,5,control,on_273_6,7,segment_B,1,0,0,0
273,5,control,on_273_17,8,segment_B,1,0,0,0
273,5,control,on_273_5,9,segment_B,1,0,0,0
274,6,treatment,on_274_22,0,segment_A,1,0,0,0
274,6,treatment,on_274_2,1,segment_A,1,0,0,0
274,6,treatment,on_274_14,2,segment_B,1,0,0,0
274,6,treatment,on_274_34,3,segment_A,1,0,0,0
274,6,treatment,on_274_36,4,segment_B,1,0,0,0
274,6,treatment,on_274_13,5,segment_A,1,0,0,0
274,6,treatment,on_274_0,6,segment_B,1,0,0,0
274,6,treatment,on_274_9,7,segment_A,1,0,0,0
274,6,treatment,on_274_24,8,segment_A,1,0,0,0
274,6,treatment,on_274_6,9,segment_B,1,0,0,0
275,12,control,on_275_20,0,segment_B,1,0,0,0
275,12,control,on_275_12,1,segment_A,1,1,1,0
275,12,control,on_275_32,2,segment_A,1,1,1,1
275,12,control,on_275_9,3,segment_A,1,0,0,0
275,12,control,on_275_13,4,segment_B,1,0,0,0
275,12,control,on_275_6,5,segment_A,1,0,0,0
275,12,control,on_275_29,6,segment_A,1,1,0,0
275,12,control,on_275_5,7,segment_B,1,0,0,0
275,12,control,on_275_19,8,segment_A,1,0,0,0
275,12,control,on_275_11,9,segment_A,1,0,0,0
276,6,treatment,on_276_4,0,segment_B,1,0,0,0
276,6,treatment,on_276_32,1,segment_B,1,0,0,0
276,6,treatment,on_276_34,2,segment_B,1,0,0,0
276,6,treatment,on_276_27,3,segment_A,1,0,0,0
276,6,treatment,on_276_21,4,segment_B,1,1,0,0
276,6,treatment,on_276_3,5,segment_A,1,0,0,0
276,6,treatment,on_276_24,6,segment_A,1,0,0,0
276,6,treatment,on_276_1,7,segment_B,1,0,0,0
276,6,treatment,on_276_18,8,segment_B,1,1,0,0
276,6,treatment,on_276_13,9,segment_A,1,0,0,0
277,13,treatment,on_277_23,0,segment_B,1,0,0,0
277,13,treatment,on_277_38,1,segment_A,1,0,0,0
277,13,treatment,on_277_33,2,segment_A,1,0,0,0
277,13,treatment,on_277_31,3,segment_B,1,0,0,0
277,13,treatment,on_277_26,4,segment_A,1,0,0,0
277,13,treatment,on_277_29,5,segment_B,1,0,0,0
277,13,treatment,on_277_39,6,segment_B,1,0,0,0
277,13,treatment,on_277_14,7,segment_A,1,1,0,0
277,13,treatment,on_277_19,8,segment_B,1,0,0,0
277,13,treatment,on_277_8,9,segment_A,1,0,0,0
278,4,treatment,on_278_14,0,segment_B,1,0,0,0
278,4,treatment,on_278_6,1,segment_A,1,1,0,0
278,4,treatment,on_278_10,2,segment_A,1,1,1,1
278,4,treatment,on_278_21,3,segment_B,1,0,0,0
278,4,treatment,on_278_36,4,segment_B,1,0,0,0
278,4,treatment,on_278_9,5,segment_A,1,0,0,0
278,4,treatment,on_278_23,6,segment_B,1,1,1,0
278,4,treatment,on_278_2,7,segment_A,1,1,0,0
278,4,treatment,on_278_35,8,segment_A,1,1,0,0
278,4,treatment,on_278_20,9,segment_A,1,0,0,0
279,10,control,on_279_38,0,segment_A,1,0,0,0
279,10,control,on_279_29,1,segment_A,1,1,0,0
279,10,control,on_279_18,2,segment_A,1,0,0,0
279,10,control,on_279_26,3,segment_A,1,0,0,0
279,10,control,on_279_37,4,segment_B,1,0,0,0
279,10,control,on_279_36,5,segment_A,1,0,0,0
279,10,control,on_279_33,6,segment_B,1,0,0,0
279,10,control,on_279_24,7,segment_B,1,0,0,0
279,10,control,on_279_2,8,segment_A,1,0,0,0
279,10,control,on_279_16,9,segment_A,1,1,0,0
280,1,control,on_280_3,0,segment_A,1,1,0,0
280,1,control,on_280_31,1,segment_B,1,0,0,0
280,1,control,on_280_36,2,segment_B,1,0,0,0
280,1,control,on_280_8,3,segment_B,1,0,0,0
280,1,control,on_280_20,4,segment_A,1,0,0,0
280,1,control,on_280_11,5,segment_A,1,0,0,0
280,1,control,on_280_29,6,segment_A,1,0,0,0
280,1,control,on_280_35,7,segment_B,1,0,0,0
280,1,control,on_280_22,8,segment_B,1,0,0,0
280,1,control,on_280_21,9,segment_A,1,0,0,0
281,7,treatment,on_281_29,0,segment_A,1,0,0,0
281,7,treatment,on_281_17,1,segment_B,1,0,0,0
281,7,treatment,on_281_23,2,segment_A,1,0,0,0
281,7,treatment,on_281_15,3,segment_B,1,0,0,0
281,7,treatment,on_281_10,4,segment_B,1,0,0,0
281,7,treatment,on_281_16,5,segment_B,1,0,0,0
281,7,treatment,on_281_21,6,segment_B,1,0,0,0
281,7,treatment,on_281_5,7,segment_A,1,0,0,0
281,7,treatment,on_281_11,8,segment_B,1,0,0,0
281,7,treatment,on_281_9,9,segment_A,1,0,0,0
282,5,control,on_282_1,0,segment_B,1,0,0,0
282,5,control,on_282_5,1,segment_B,1,0,0,0
282,5,control,on_282_23,2,segment_B,1,1,1,0
282,5,control,on_282_13,3,segment_B,1,0,0,0
282,5,control,on_282_15,4,segment_A,1,0,0,0
282,5,control,on_282_3,5,segment_B,1,0,0,0
282,5,control,on_282_30,6,segment_A,1,0,0,0
282,5,control,on_282_14,7,segment_A,1,0,0,0
282,5,control,on_282_35,8,segment_B,1,0,0,0
282,5,control,on_282_0,9,segment_A,1,0,0,0
283,5,control,on_283_8,0,segment_A,1,0,0,0
283,5,control,on_283_5,1,segment_B,1,0,0,0
283,5,control,on_283_36,2,segment_B,1,1,1,0
283,5,control,on_283_18,3,segment_B,1,0,0,0
283,5,control,on_283_22,4,segment_B,1,0,0,0
283,5,control,on_283_33,5,segment_A,1,0,0,0
283,5,control,on_283_17,6,segment_A,1,0,0,0
283,5,control,on_283_6,7,segment_B,1,0,0,0
283,5,control,on_283_31,8,segment_A,1,0,0,0
283,5,control,on_283_24,9,segment_A,1,0,0,0
284,9,treatment,on_284_19,0,segment_B,1,1,0,0
284,9,treatment,on_284_31,1,segment_A,1,0,0,0
284,9,treatment,on_284_7,2,segment_A,1,0,0,0
284,9,treatment,on_284_0,3,segment_B,1,0,0,0
284,9,treatment,on_284_24,4,segment_B,1,0,0,0
284,9,treatment,on_284_16,5,segment_B,1,0,0,0
284,9,treatment,on_284_3,6,segment_A,1,1,0,0
284,9,treatment,on_284_25,7,segment_A,1,0,0,0
284,9,treatment,on_284_20,8,segment_A,1,0,0,0
284,9,treatment,on_284_35,9,segment_B,1,0,0,0
285,2,treatment,on_285_31,0,segment_B,1,0,0,0
285,2,treatment,on_285_5,1,segment_A,1,0,0,0
285,2,treatment,on_285_36,2,segment_B,1,0,0,0
285,2,treatment,on_285_7,3,segment_A,1,0,0,0
285,2,treatment,on_285_4,4,segment_A,1,0,0,0
285,2,treatment,on_285_12,5,segment_A,1,1,1,0
285,2,treatment,on_285_3,6,segment_A,1,0,0,0
285,2,treatment,on_285_34,7,segment_B,1,0,0,0
285,2,treatment,on_285_39,8,segment_B,1,0,0,0
285,2,treatment,on_285_30,9,segment_A,1,0,0,0
286,5,control,on_286_7,0,segment_B,1,1,0,0
286,5,control,on_286_15,1,segment_A,1,0,0,0
286,5,control,on_286_2,2,segment_A,1,0,0,0
286,5,control,on_286_25,3,segment_B,1,0,0,0
286,5,control,on_286_38,4,segment_B,1,1,0,0
286,5,control,on_286_14,5,segment_B,1,1,1,0
286,5,control,on_286_32,6,segment_B,1,0,0,0
286,5,control,on_286_37,7,segment_A,1,0,0,0
286,5,control,on_286_39,8,segment_A,1,0,0,0
286,5,control,on_286_29,9,segment_B,1,0,0,0
287,4,control,on_287_30,0,segment_A,1,0,0,0
287,4,control,on_287_20,1,segment_A,1,0,0,0
287,4,control,on_287_8,2,segment_B,1,1,0,0
287,4,control,on_287_32,3,segment_B,1,0,0,0
287,4,control,on_287_0,4,segment_B,1,0,0,0
287,4,control,on_287_23,5,segment_A,1,0,0,0
287,4,control,on_287_21,6,segment_A,1,1,0,0
287,4,control,on_287_1,7,segment_B,1,0,0,0
287,4,control,on_287_19,8,segment_A,1,0,0,0
287,4,control,on_287_11,9,segment_A,1,0,0,0
288,7,control,on_288_22,0,segment_B,1,0,0,0
288,7,control,on_288_25,1,segment_B,1,0,0,0
288,7,control,on_288_34,2,segment_B,1,0,0,0
288,7,control,on_288_26,3,segment_B,1,0,0,0
288,7,control,on_288_3,4,segment_A,1,0,0,0
288,7,control,on_288_0,5,segment_A,1,0,0,0
288,7,control,on_288_12,6,segment_A,1,0,0,0
288,7,control,on_288_37,7,segment_B,1,0,0,0
288,7,control,on_288_21,8,segment_A,1,0,0,0
288,7,control,on_288_14,9,segment_A,1,0,0,0
289,1,control,on_289_6,0,segment_B,1,0,0,0
289,1,control,on_289_14,1,segment_B,1,0,0,0
289,1,control,on_289_33,2,segment_A,1,0,0,0
289,1,control,on_289_11,3,segment_A,1,0,0,0
289,1,control,on_289_21,4,segment_B,1,1,1,0
289,1,control,on_289_16,5,segment_A,1,0,0,0
289,1,control,on_289_15,6,segment_A,1,0,0,0
289,1,control,on_289_0,7,segment_B,1,0,0,0
289,1,control,on_289_34,8,segment_B,1,0,0,0
289,1,control,on_289_26,9,segment_B,1,0,0,0
290,13,control,on_290_25,0,segment_B,1,0,0,0
290,13,control,on_290_0,1,segment_A,1,0,0,0
290,13,control,on_290_3,2,segment_A,1,0,0,0
290,13,control,on_290_22,3,segment_B,1,1,0,0
290,13,control,on_290_36,4,segment_A,1,0,0,0
290,13,control,on_290_23,5,segment_A,1,0,0,0
290,13,control,on_290_24,6,segment_B,1,0,0,0
290,13,control,on_290_14,7,segment_A,1,0,0,0
290,13,control,on_290_19,8,segment_A,1,0,0,0
290,13,control,on_290_32,9,segment_B,1,0,0,0
291,13,control,on_291_18,0,segment_B,1,0,0,0
291,13,control,on_291_15,1,segment_A,1,0,0,0
291,13,control,on_291_21,2,segment_A,1,0,0,0
291,13,control,on_291_20,3,segment_A,1,0,0,0
291,13,control,on_291_7,4,segment_A,1,1,0,0
291,13,control,on_291_5,5,segment_A,1,0,0,0
291,13,control,on_291_14,6,segment_B,1,0,0,0
291,13,control,on_291_1,7,segment_B,1,0,0,0
291,13,control,on_291_17,8,segment_A,1,0,0,0
291,13,control,on_291_8,9,segment_A,1,0,0,0
292,0,control,on_292_11,0,segment_B,1,1,1,1
292,0,control,on_292_28,1,segment_B,1,0,0,0
292,0,control,on_292_20,2,segment_B,1,0,0,0
292,0,control,on_292_37,3,segment_B,1,1,0,0
292,0,control,on_292_36,4,segment_B,1,0,0,0
292,0,control,on_292_23,5,segment_B,1,0,0,0
292,0,control,on_292_25,6,segment_A,1,0,0,0
292,0,control,on_292_38,7,segment_A,1,0,0,0
292,0,control,on_292_4,8,segment_A,1,0,0,0
292,0,control,on_292_34,9,segment_B,1,0,0,0
293,2,treatment,on_293_36,0,segment_B,1,1,1,0
293,2,treatment,on_293_19,1,segment_A,1,0,0,0
293,2,treatment,on_293_1,2,segment_A,1,0,0,0
293,2,treatment,on_293_16,3,segment_A,1,1,1,0
293,2,treatment,on_293_27,4,segment_A,1,0,0,0
293,2,treatment,on_293_7,5,segment_B,1,1,0,0
293,2,treatment,on_293_34,6,segment_B,1,0,0,0
293,2,treatment,on_293_32,7,segment_B,1,0,0,0
293,2,treatment,on_293_33,8,segment_B,1,0,0,0
293,2,treatment,on_293_2,9,segment_B,1,0,0,0
294,5,treatment,on_294_13,0,segment_B,1,0,0,0
294,5,treatment,on_294_27,1,segment_A,1,0,0,0
294,5,treatment,on_294_8,2,segment_B,1,1,1,0
294,5,treatment,on_294_31,3,segment_A,1,0,0,0
294,5,treatment,on_294_38,4,segment_B,1,0,0,0
294,5,treatment,on_294_12,5,segment_B,1,0,0,0
294,5,treatment,on_294_39,6,segment_A,1,0,0,0
294,5,treatment,on_294_21,7,segment_A,1,0,0,0
294,5,treatment,on_294_33,8,segment_A,1,0,0,0
294,5,treatment,on_294_29,9,segment_A,1,0,0,0
295,13,treatment,on_295_17,0,segment_A,1,0,0,0
295,13,treatment,on_295_36,1,segment_B,1,1,0,0
295,13,treatment,on_295_24,2,segment_B,1,0,0,0
295,13,treatment,on_295_7,3,segment_A,1,0,0,0
295,13,treatment,on_295_3,4,segment_A,1,0,0,0
295,13,treatment,on_295_11,5,segment_A,1,0,0,0
295,13,treatment,on_295_1,6,segment_B,1,0,0,0
295,13,treatment,on_295_21,7,segment_B,1,0,0,0
295,13,treatment,on_295_8,8,segment_A,1,1,0,0
295,13,treatment,on_295_0,9,segment_B,1,1,1,1
296,9,treatment,on_296_13,0,segment_A,1,0,0,0
296,9,treatment,on_296_7,1,segment_B,1,1,0,0
296,9,treatment,on_296_17,2,segment_B,1,0,0,0
296,9,treatment,on_296_30,3,segment_B,1,0,0,0
296,9,treatment,on_296_14,4,segment_B,1,0,0,0
296,9,treatment,on_296_5,5,segment_B,1,0,0,0
296,9,treatment,on_296_31,6,segment_A,1,1,0,0
296,9,treatment,on_296_2,7,segment_A,1,1,0,0
296,9,treatment,on_296_22,8,segment_B,1,0,0,0
296,9,treatment,on_296_20,9,segment_B,1,0,0,0
297,2,control,on_297_31,0,segment_B,1,0,0,0
297,2,control,on_297_0,1,segment_B,1,0,0,0
297,2,control,on_297_32,2,segment_A,1,0,0,0
297,2,control,on_297_36,3,segment_A,1,0,0,0
297,2,control,on_297_12,4,segment_A,1,0,0,0
297,2,control,on_297_13,5,segment_B,1,0,0,0
297,2,control,on_297_34,6,segment_A,1,0,0,0
297,2,control,on_297_11,7,segment_B,1,0,0,0
297,2,control,on_297_28,8,segment_A,1,0,0,0
297,2,control,on_297_22,9,segment_A,1,0,0,0
298,6,control,on_298_31,0,segment_A,1,0,0,0
298,6,control,on_298_34,1,segment_A,1,0,0,0
298,6,control,on_298_13,2,segment_A,1,0,0,0
298,6,control,on_298_32,3,segment_B,1,1,1,1
298,6,control,on_298_17,4,segment_A,1,0,0,0
298,6,control,on_298_11,5,segment_B,1,0,0,0
298,6,control,on_298_15,6,segment_B,1,0,0,0
298,6,control,on_298_37,7,segment_A,1,0,0,0
298,6,control,on_298_28,8,segment_A,1,1,0,0
298,6,control,on_298_23,9,segment_B,1,0,0,0
299,10,treatment,on_299_28,0,segment_B,1,0,0,0
299,10,treatment,on_299_38,1,segment_B,1,0,0,0
299,10,treatment,on_299_39,2,segment_B,1,0,0,0
299,10,treatment,on_299_27,3,segment_A,1,0,0,0
299,10,treatment,on_299_33,4,segment_B,1,1,0,0
299,10,treatment,on_299_35,5,segment_A,1,0,0,0
299,10,treatment,on_299_5,6,segment_B,1,0,0,0
299,10,treatment,on_299_19,7,segment_A,1,1,0,0
299,10,treatment,on_299_37,8,segment_B,1,0,0,0
299,10,treatment,on_299_1,9,segment_A,1,0,0,0
300,11,control,on_300_27,0,segment_B,1,0,0,0
300,11,control,on_300_5,1,segment_B,1,0,0,0
300,11,control,on_300_3,2,segment_A,1,0,0,0
300,11,control,on_300_13,3,segment_A,1,0,0,0
300,11,control,on_300_8,4,segment_A,1,0,0,0
300,11,control,on_300_7,5,segment_B,1,0,0,0
300,11,control,on_300_16,6,segment_B,1,0,0,0
300,11,control,on_300_19,7,segment_A,1,0,0,0
300,11,control,on_300_28,8,segment_B,1,0,0,0
300,11,control,on_300_10,9,segment_B,1,0,0,0
301,9,control,on_301_11,0,segment_A,1,0,0,0
301,9,control,on_301_24,1,segment_A,1,0,0,0
301,9,control,on_301_3,2,segment_B,1,0,0,0
301,9,control,on_301_35,3,segment_B,1,0,0,0
301,9,control,on_301_39,4,segment_B,1,0,0,0
301,9,control,on_301_0,5,segment_A,1,0,0,0
301,9,control,on_301_2,6,segment_B,1,0,0,0
301,9,control,on_301_37,7,segment_A,1,0,0,0
301,9,control,on_301_14,8,segment_A,1,0,0,0
301,9,control,on_301_33,9,segment_A,1,0,0,0
302,6,control,on_302_35,0,segment_B,1,0,0,0
302,6,control,on_302_6,1,segment_A,1,0,0,0
302,6,control,on_302_32,2,segment_A,1,0,0,0
302,6,control,on_302_21,3,segment_A,1,0,0,0
302,6,control,on_302_17,4,segment_B,1,0,0,0
302,6,control,on_302_39,5,segment_B,1,0,0,0
302,6,control,on_302_12,6,segment_A,1,0,0,0
302,6,control,on_302_31,7,segment_B,1,0,0,0
302,6,control,on_302_16,8,segment_B,1,0,0,0
302,6,control,on_302_20,9,segment_B,1,0,0,0
303,5,control,on_303_29,0,segment_B,1,1,1,0
303,5,control,on_303_31,1,segment_B,1,0,0,0
303,5,control,on_303_3,2,segment_A,1,0,0,0
303,5,control,on_303_38,3,segment_A,1,0,0,0
303,5,control,on_303_12,4,segment_A,1,1,0,0
303,5,control,on_303_34,5,segment_B,1,0,0,0
303,5,control,on_303_2,6,segment_A,1,0,0,0
303,5,control,on_303_39,7,segment_B,1,0,0,0
303,5,control,on_303_30,8,segment_B,1,0,0,0
303,5,control,on_303_37,9,segment_B,1,0,0,0
304,3,control,on_304_33,0,segment_B,1,1,0,0
304,3,control,on_304_35,1,segment_A,1,0,0,0
304,3,control,on_304_6,2,segment_B,1,0,0,0
304,3,control,on_304_27,3,segment_A,1,0,0,0
304,3,control,on_304_26,4,segment_A,1,0,0,0
304,3,control,on_304_31,5,segment_B,1,1,0,0
304,3,control,on_304_12,6,segment_B,1,0,0,0
304,3,control,on_304_15,7,segment_A,1,0,0,0
304,3,control,on_304_37,8,segment_A,1,0,0,0
304,3,control,on_304_25,9,segment_A,1,0,0,0
305,5,control,on_305_2,0,segment_A,1,1,1,0
305,5,control,on_305_0,1,segment_A,1,0,0,0
305,5,control,on_305_28,2,segment_B,1,0,0,0
305,5,control,on_305_30,3,segment_B,1,0,0,0
305,5,control,on_305_16,4,segment_A,1,0,0,0
305,5,control,on_305_7,5,segment_B,1,0,0,0
305,5,control,on_305_12,6,segment_B,1,0,0,0
305,5,control,on_305_20,7,segment_B,1,0,0,0
305,5,control,on_305_34,8,segment_A,1,0,0,0
305,5,control,on_305_26,9,segment_A,1,0,0,0
306,3,control,on_306_4,0,segment_B,1,0,0,0
306,3,control,on_306_39,1,segment_A,1,0,0,0
306,3,control,on_306_13,2,segment_A,1,0,0,0
306,3,control,on_306_30,3,segment_B,1,0,0,0
306,3,control,on_306_22,4,segment_A,1,0,0,0
306,3,control,on_306_2,5,segment_B,1,0,0,0
306,3,control,on_306_37,6,segment_A,1,0,0,0
306,3,control,on_306_5,7,segment_B,1,0,0,0
306,3,control,on_306_16,8,segment_B,1,0,0,0
306,3,control,on_306_25,9,segment_B,1,0,0,0
307,6,treatment,on_307_3,0,segment_B,1,0,0,0
307,6,treatment,on_307_26,1,segment_B,1,0,0,0
307,6,treatment,on_307_19,2,segment_A,1,0,0,0
307,6,treatment,on_307_27,3,segment_B,1,0,0,0
307,6,treatment,on_307_8,4,segment_B,1,0,0,0
307,6,treatment,on_307_2,5,segment_A,1,0,0,0
307,6,treatment,on_307_23,6,segment_B,1,0,0,0
307,6,treatment,on_307_0,7,segment_B,1,0,0,0
307,6,treatment,on_307_7,8,segment_A,1,0,0,0
307,6,treatment,on_307_30,9,segment_A,1,0,0,0
308,6,treatment,on_308_13,0,segment_A,1,0,0,0
308,6,treatment,on_308_17,1,segment_A,1,0,0,0
308,6,treatment,on_308_5,2,segment_A,1,0,0,0
308,6,treatment,on_308_37,3,segment_B,1,0,0,0
308,6,treatment,on_308_28,4,segment_B,1,0,0,0
308,6,treatment,on_308_24,5,segment_B,1,0,0,0
308,6,treatment,on_308_19,6,segment_A,1,0,0,0
308,6,treatment,on_308_39,7,segment_B,1,1,0,0
308,6,treatment,on_308_12,8,segment_B,1,0,0,0
308,6,treatment,on_308_26,9,segment_B,1,0,0,0
309,4,treatment,on_309_24,0,segment_B,1,0,0,0
309,4,treatment,on_309_21,1,segment_A,1,1,0,0
309,4,treatment,on_309_32,2,segment_A,1,0,0,0
309,4,treatment,on_309_10,3,segment_A,1,0,0,0
309,4,treatment,on_309_2,4,segment_B,1,0,0,0
309,4,treatment,on_309_5,5,segment_B,1,0,0,0
309,4,treatment,on_309_37,6,segment_A,1,1,0,0
309,4,treatment,on_309_3,7,segment_A,1,0,0,0
309,4,treatment,on_309_33,8,segment_A,1,0,0,0
309,4,treatment,on_309_27,9,segment_A,1,0,0,0
310,6,treatment,on_310_31,0,segment_B,1,1,0,0
310,6,treatment,on_310_3,1,segment_B,1,0,0,0
310,6,treatment,on_310_13,2,segment_A,1,0,0,0
310,6,treatment,on_310_4,3,segment_A,1,0,0,0
310,6,treatment,on_310_32,4,segment_B,1,0,0,0
310,6,treatment,on_310_27,5,segment_A,1,0,0,0
310,6,treatment,on_310_16,6,segment_B,1,0,0,0
310,6,treatment,on_310_29,7,segment_A,1,0,0,0
310,6,treatment,on_310_6,8,segment_B,1,0,0,0
310,6,treatment,on_310_1,9,segment_B,1,0,0,0
311,3,treatment,on_311_22,0,segment_A,1,1,1,0
311,3,treatment,on_311_17,1,segment_A,1,0,0,0
311,3,treatment,on_311_29,2,segment_A,1,0,0,0
311,3,treatment,on_311_9,3,segment_A,1,0,0,0
311,3,treatment,on_311_20,4,segment_A,1,0,0,0
311,3,treatment,on_311_0,5,segment_B,1,0,0,0
311,3,treatment,on_311_36,6,segment_B,1,0,0,0
311,3,treatment,on_311_26,7,segment_A,1,0,0,0
311,3,treatment,on_311_31,8,segment_B,1,0,0,0
311,3,treatment,on_311_8,9,segment_A,1,0,0,0
312,11,control,on_312_31,0,segment_B,1,1,1,0
312,11,control,on_312_14,1,segment_B,1,1,1,1
312,11,control,on_312_39,2,segment_A,1,0,0,0
312,11,control,on_312_0,3,segment_A,1,0,0,0
312,11,control,on_312_9,4,segment_A,1,0,0,0
312,11,control,on_312_27,5,segment_A,1,0,0,0
312,11,control,on_312_32,6,segment_B,1,0,0,0
312,11,control,on_312_10,7,segment_A,1,0,0,0
312,11,control,on_312_30,8,segment_B,1,1,0,0
312,11,control,on_312_16,9,segment_A,1,0,0,0
313,4,control,on_313_26,0,segment_B,1,1,0,0
313,4,control,on_313_11,1,segment_A,1,0,0,0
313,4,control,on_313_8,2,segment_B,1,0,0,0
313,4,control,on_313_28,3,segment_A,1,0,0,0
313,4,control,on_313_23,4,segment_A,1,1,0,0
313,4,control,on_313_5,5,segment_B,1,0,0,0
313,4,control,on_313_3,6,segment_A,1,0,0,0
313,4,control,on_313_34,7,segment_A,1,0,0,0
313,4,control,on_313_16,8,segment_A,1,0,0,0
313,4,control,on_313_31,9,segment_B,1,0,0,0
314,1,control,on_314_10,0,segment_A,1,1,0,0
314,1,control,on_314_15,1,segment_A,1,0,0,0
314,1,control,on_314_39,2,segment_B,1,1,0,0
314,1,control,on_314_30,3,segment_A,1,0,0,0
314,1,control,on_314_18,4,segment_A,1,0,0,0
314,1,control,on_314_34,5,segment_A,1,0,0,0
314,1,control,on_314_7,6,segment_B,1,0,0,0
314,1,control,on_314_32,7,segment_B,1,0,0,0
314,1,control,on_314_5,8,segment_A,1,0,0,0
314,1,control,on_314_9,9,segment_B,1,0,0,0
315,10,control,on_315_35,0,segment_B,1,1,1,0
315,10,control,on_315_18,1,segment_A,1,0,0,0
315,10,control,on_315_28,2,segment_B,1,0,0,0
315,10,control,on_315_12,3,segment_B,1,1,0,0
315,10,control,on_315_2,4,segment_A,1,0,0,0
315,10,control,on_315_19,5,segment_A,1,1,1,1
315,10,control,on_315_24,6,segment_B,1,0,0,0
315,10,control,on_315_17,7,segment_B,1,0,0,0
315,10,control,on_315_25,8,segment_B,1,0,0,0
315,10,control,on_315_33,9,segment_B,1,1,0,0
316,0,treatment,on_316_25,0,segment_A,1,0,0,0
316,0,treatment,on_316_5,1,segment_A,1,0,0,0
316,0,treatment,on_316_31,2,segment_A,1,0,0,0
316,0,treatment,on_316_30,3,segment_A,1,0,0,0
316,0,treatment,on_316_2,4,segment_A,1,1,0,0
316,0,treatment,on_316_35,5,segment_A,1,0,0,0
316,0,treatment,on_316_39,6,segment_B,1,0,0,0
316,0,treatment,on_316_10,7,segment_B,1,0,0,0
316,0,treatment,on_316_28,8,segment_B,1,0,0,0
316,0,treatment,on_316_26,9,segment_A,1,0,0,0
317,8,control,on_317_3,0,segment_A,1,1,0,0
317,8,control,on_317_27,1,segment_B,1,0,0,0
317,8,control,on_317_1,2,segment_B,1,0,0,0
317,8,control,on_317_25,3,segment_A,1,1,0,0
317,8,control,on_317_33,4,segment_B,1,0,0,0
317,8,control,on_317_18,5,segment_B,1,0,0,0
317,8,control,on_317_5,6,segment_B,1,0,0,0
317,8,control,on_317_20,7,segment_A,1,0,0,0
317,8,control,on_317_37,8,segment_B,1,0,0,0
317,8,control,on_317_29,9,segment_B,1,0,0,0
318,12,treatment,on_318_24,0,segment_B,1,0,0,0
318,12,treatment,on_318_14,1,segment_B,1,0,0,0
318,12,treatment,on_318_37,2,segment_B,1,0,0,0
318,12,treatment,on_318_21,3,segment_B,1,0,0,0
318,12,treatment,on_318_22,4,segment_B,1,0,0,0
318,12,treatment,on_318_38,5,segment_B,1,0,0,0
318,12,treatment,on_318_16,6,segment_A,1,0,0,0
318,12,treatment,on_318_0,7,segment_B,1,0,0,0
318,12,treatment,on_318_10,8,segment_B,1,0,0,0
318,12,treatment,on_318_11,9,segment_A,1,0,0,0
319,10,control,on_319_11,0,segment_B,1,0,0,0
319,10,control,on_319_36,1,segment_B,1,0,0,0
319,10,control,on_319_7,2,segment_B,1,0,0,0
319,10,control,on_319_12,3,segment_B,1,0,0,0
319,10,control,on_319_4,4,segment_B,1,0,0,0
319,10,control,on_319_30,5,segment_B,1,0,0,0
319,10,control,on_319_14,6,segment_B,1,0,0,0
319,10,control,on_319_6,7,segment_B,1,0,0,0
319,10,control,on_319_25,8,segment_A,1,0,0,0
319,10,control,on_319_19,9,segment_A,1,0,0,0
320,2,control,on_320_35,0,segment_A,1,0,0,0
320,2,control,on_320_0,1,segment_B,1,0,0,0
320,2,control,on_320_25,2,segment_B,1,0,0,0
320,2,control,on_320_7,3,segment_B,1,0,0,0
320,2,control,on_320_14,4,segment_A,1,0,0,0
320,2,control,on_320_28,5,segment_B,1,1,1,1
320,2,control,on_320_19,6,segment_A,1,0,0,0
320,2,control,on_320_20,7,segment_A,1,0,0,0
320,2,control,on_320_37,8,segment_B,1,0,0,0
320,2,control,on_320_39,9,segment_B,1,0,0,0
321,0,control,on_321_31,0,segment_A,1,0,0,0
321,0,control,on_321_26,1,segment_A,1,0,0,0
321,0,control,on_321_25,2,segment_B,1,0,0,0
321,0,control,on_321_21,3,segment_A,1,0,0,0
321,0,control,on_321_29,4,segment_B,1,0,0,0
321,0,control,on_321_0,5,segment_B,1,0,0,0
321,0,control,on_321_10,6,segment_B,1,1,0,0
321,0,control,on_321_8,7,segment_B,1,0,0,0
321,0,control,on_321_9,8,segment_B,1,0,0,0
321,0,control,on_321_15,9,segment_B,1,0,0,0
322,10,treatment,on_322_39,0,segment_A,1,1,0,0
322,10,treatment,on_322_23,1,segment_B,1,0,0,0
322,10,treatment,on_322_35,2,segment_A,1,0,0,0
322,10,treatment,on_322_36,3,segment_A,1,0,0,0
322,10,treatment,on_322_14,4,segment_A,1,0,0,0
322,10,treatment,on_322_17,5,segment_A,1,0,0,0
322,10,treatment,on_322_12,6,segment_A,1,0,0,0
322,10,treatment,on_322_18,7,segment_B,1,0,0,0
322,10,treatment,on_322_27,8,segment_A,1,0,0,0
322,10,treatment,on_322_31,9,segment_B,1,0,0,0
323,9,control,on_323_22,0,segment_B,1,1,0,0
323,9,control,on_323_33,1,segment_A,1,0,0,0
323,9,control,on_323_29,2,segment_A,1,0,0,0
323,9,control,on_323_1,3,segment_B,1,0,0,0
323,9,control,on_323_26,4,segment_A,1,0,0,0
323,9,control,on_323_30,5,segment_A,1,0,0,0
323,9,control,on_323_27,6,segment_A,1,0,0,0
323,9,control,on_323_28,7,segment_B,1,0,0,0
323,9,control,on_323_8,8,segment_B,1,0,0,0
323,9,control,on_323_32,9,segment_A,1,0,0,0
324,4,control,on_324_31,0,segment_B,1,1,0,0
324,4,control,on_324_12,1,segment_A,1,0,0,0
324,4,control,on_324_35,2,segment_B,1,0,0,0
324,4,control,on_324_32,3,segment_B,1,1,0,0
324,4,control,on_324_1,4,segment_A,1,0,0,0
324,4,control,on_324_36,5,segment_B,1,0,0,0
324,4,control,on_324_7,6,segment_A,1,1,0,0
324,4,control,on_324_14,7,segment_B,1,0,0,0
324,4,control,on_324_33,8,segment_B,1,0,0,0
324,4,control,on_324_10,9,segment_A,1,0,0,0
325,10,treatment,on_325_12,0,segment_B,1,0,0,0
325,10,treatment,on_325_21,1,segment_B,1,0,0,0
325,10,treatment,on_325_25,2,segment_B,1,0,0,0
325,10,treatment,on_325_37,3,segment_A,1,0,0,0
325,10,treatment,on_325_28,4,segment_A,1,0,0,0
325,10,treatment,on_325_6,5,segment_B,1,0,0,0
325,10,treatment,on_325_26,6,segment_B,1,1,1,0
325,10,treatment,on_325_2,7,segment_A,1,0,0,0
325,10,treatment,on_325_0,8,segment_B,1,0,0,0
325,10,treatment,on_325_8,9,segment_A,1,0,0,0
326,3,treatment,on_326_34,0,segment_A,1,1,1,0
326,3,treatment,on_326_9,1,segment_B,1,0,0,0
326,3,treatment,on_326_19,2,segment_B,1,0,0,0
326,3,treatment,on_326_3,3,segment_A,1,0,0,0
326,3,treatment,on_326_7,4,segment_A,1,0,0,0
326,3,treatment,on_326_15,5,segment_B,1,0,0,0
326,3,treatment,on_326_2,6,segment_B,1,1,0,0
326,3,treatment,on_326_30,7,segment_B,1,0,0,0
326,3,treatment,on_326_28,8,segment_B,1,0,0,0
326,3,treatment,on_326_8,9,segment_A,1,0,0,0
327,1,control,on_327_30,0,segment_A,1,0,0,0
327,1,control,on_327_1,1,segment_B,1,0,0,0
327,1,control,on_327_14,2,segment_A,1,0,0,0
327,1,control,on_327_39,3,segment_B,1,0,0,0
327,1,control,on_327_35,4,segment_B,1,0,0,0
327,1,control,on_327_9,5,segment_B,1,1,0,0
327,1,control,on_327_29,6,segment_A,1,1,0,0
327,1,control,on_327_12,7,segment_A,1,0,0,0
327,1,control,on_327_27,8,segment_B,1,0,0,0
327,1,control,on_327_37,9,segment_A,1,0,0,0
328,4,control,on_328_14,0,segment_B,1,0,0,0
328,4,control,on_328_7,1,segment_A,1,0,0,0
328,4,control,on_328_38,2,segment_B,1,0,0,0
328,4,control,on_328_37,3,segment_B,1,0,0,0
328,4,control,on_328_16,4,segment_B,1,0,0,0
328,4,control,on_328_19,5,segment_B,1,1,1,1
328,4,control,on_328_5,6,segment_B,1,0,0,0
328,4,control,on_328_4,7,segment_B,1,0,0,0
328,4,control,on_328_3,8,segment_B,1,0,0,0
328,4,control,on_328_17,9,segment_A,1,0,0,0
329,4,control,on_329_22,0,segment_A,1,1,0,0
329,4,control,on_329_5,1,segment_A,1,0,0,0
329,4,control,on_329_39,2,segment_A,1,0,0,0
329,4,control,on_329_14,3,segment_A,1,0,0,0
329,4,control,on_329_30,4,segment_B,1,0,0,0
329,4,control,on_329_24,5,segment_B,1,0,0,0
329,4,control,on_329_15,6,segment_A,1,0,0,0
329,4,control,on_329_35,7,segment_A,1,0,0,0
329,4,control,on_329_17,8,segment_B,1,0,0,0
329,4,control,on_329_37,9,segment_B,1,0,0,0
330,7,treatment,on_330_2,0,segment_A,1,1,0,0
330,7,treatment,on_330_17,1,segment_B,1,1,1,1
330,7,treatment,on_330_21,2,segment_B,1,0,0,0
330,7,treatment,on_330_3,3,segment_B,1,0,0,0
330,7,treatment,on_330_18,4,segment_B,1,0,0,0
330,7,treatment,on_330_33,5,segment_B,1,0,0,0
330,7,treatment,on_330_32,6,segment_A,1,0,0,0
330,7,treatment,on_330_31,7,segment_B,1,0,0,0
330,7,treatment,on_330_6,8,segment_B,1,0,0,0
330,7,treatment,on_330_35,9,segment_A,1,0,0,0
331,2,treatment,on_331_22,0,segment_A,1,1,0,0
331,2,treatment,on_331_34,1,segment_A,1,0,0,0
331,2,treatment,on_331_26,2,segment_B,1,1,0,0
331,2,treatment,on_331_25,3,segment_A,1,1,0,0
331,2,treatment,on_331_32,4,segment_B,1,0,0,0
331,2,treatment,on_331_14,5,segment_A,1,0,0,0
331,2,treatment,on_331_31,6,segment_B,1,0,0,0
331,2,treatment,on_331_0,7,segment_A,1,0,0,0
331,2,treatment,on_331_29,8,segment_B,1,0,0,0
331,2,treatment,on_331_39,9,segment_B,1,0,0,0
332,0,control,on_332_6,0,segment_A,1,0,0,0
332,0,control,on_332_5,1,segment_A,1,0,0,0
332,0,control,on_332_3,2,segment_A,1,0,0,0
332,0,control,on_332_22,3,segment_B,1,1,0,0
332,0,control,on_332_7,4,segment_B,1,0,0,0
332,0,control,on_332_38,5,segment_A,1,0,0,0
332,0,control,on_332_27,6,segment_B,1,0,0,0
332,0,control,on_332_19,7,segment_A,1,0,0,0
332,0,control,on_332_13,8,segment_A,1,0,0,0
332,0,control,on_332_0,9,segment_B,1,0,0,0
333,5,treatment,on_333_4,0,segment_B,1,0,0,0
333,5,treatment,on_333_17,1,segment_B,1,1,0,0
333,5,treatment,on_333_26,2,segment_B,1,1,0,0
333,5,treatment,on_333_2,3,segment_A,1,0,0,0
333,5,treatment,on_333_20,4,segment_A,1,0,0,0
333,5,treatment,on_333_8,5,segment_B,1,0,0,0
333,5,treatment,on_333_19,6,segment_A,1,0,0,0
333,5,treatment,on_333_30,7,segment_B,1,0,0,0
333,5,treatment,on_333_22,8,segment_B,1,1,0,0
333,5,treatment,on_333_33,9,segment_A,1,0,0,0
334,0,control,on_334_1,0,segment_B,1,1,1,0
334,0,control,on_334_36,1,segment_B,1,0,0,0
334,0,control,on_334_22,2,segment_B,1,0,0,0
334,0,control,on_334_29,3,segment_B,1,0,0,0
334,0,control,on_334_2,4,segment_A,1,0,0,0
334,0,control,on_334_34,5,segment_B,1,0,0,0
334,0,control,on_334_13,6,segment_B,1,0,0,0
334,0,control,on_334_24,7,segment_A,1,0,0,0
334,0,control,on_334_11,8,segment_B,1,0,0,0
334,0,control,on_334_32,9,segment_B,1,0,0,0
335,2,control,on_335_34,0,segment_A,1,0,0,0
335,2,control,on_335_36,1,segment_B,1,0,0,0
335,2,control,on_335_1,2,segment_B,1,0,0,0
335,2,control,on_335_0,3,segment_B,1,0,0,0
335,2,control,on_335_24,4,segment_A,1,0,0,0
335,2,control,on_335_28,5,segment_B,1,0,0,0
335,2,control,on_335_22,6,segment_A,1,0,0,0
335,2,control,on_335_18,7,segment_A,1,0,0,0
335,2,control,on_335_2,8,segment_B,1,0,0,0
335,2,control,on_335_30,9,segment_B,1,0,0,0
336,4,control,on_336_10,0,segment_B,1,0,0,0
336,4,control,on_336_15,1,segment_B,1,0,0,0
336,4,control,on_336_29,2,segment_A,1,0,0,0
336,4,control,on_336_34,3,segment_A,1,1,0,0
336,4,control,on_336_30,4,segment_A,1,0,0,0
336,4,control,on_336_24,5,segment_A,1,0,0,0
336,4,control,on_336_19,6,segment_B,1,1,0,0
336,4,control,on_336_17,7,segment_A,1,0,0,0
336,4,control,on_336_28,8,segment_B,1,0,0,0
336,4,control,on_336_27,9,segment_B,1,0,0,0
337,13,control,on_337_30,0,segment_B,1,0,0,0
337,13,control,on_337_26,1,segment_A,1,0,0,0
337,13,control,on_337_35,2,segment_A,1,0,0,0
337,13,control,on_337_14,3,segment_A,1,0,0,0
337,13,control,on_337_22,4,segment_B,1,0,0,0
337,13,control,on_337_11,5,segment_B,1,1,0,0
337,13,control,on_337_23,6,segment_A,1,0,0,0
337,13,control,on_337_20,7,segment_B,1,0,0,0
337,13,control,on_337_28,8,segment_A,1,0,0,0
337,13,control,on_337_1,9,segment_A,1,0,0,0
338,11,treatment,on_338_38,0,segment_A,1,1,0,0
338,11,treatment,on_338_36,1,segment_B,1,1,0,0
338,11,treatment,on_338_17,2,segment_B,1,0,0,0
338,11,treatment,on_338_35,3,segment_B,1,0,0,0
338,11,treatment,on_338_6,4,segment_A,1,0,0,0
338,11,treatment,on_338_28,5,segment_A,1,0,0,0
338,11,treatment,on_338_13,6,segment_B,1,0,0,0
338,11,treatment,on_338_20,7,segment_B,1,0,0,0
338,11,treatment,on_338_19,8,segment_B,1,0,0,0
338,11,treatment,on_338_16,9,segment_A,1,0,0,0
339,13,control,on_339_17,0,segment_A,1,1,0,0
339,13,control,on_339_0,1,segment_A,1,0,0,0
339,13,control,on_339_38,2,segment_A,1,0,0,0
339,13,control,on_339_9,3,segment_B,1,0,0,0
339,13,control,on_339_18,4,segment_A,1,0,0,0
339,13,control,on_339_4,5,segment_A,1,0,0,0
339,13,control,on_339_11,6,segment_B,1,0,0,0
339,13,control,on_339_23,7,segment_B,1,0,0,0
339,13,control,on_339_29,8,segment_A,1,0,0,0
339,13,control,on_339_12,9,segment_A,1,0,0,0
340,5,treatment,on_340_36,0,segment_B,1,1,1,0
340,5,treatment,on_340_16,1,segment_B,1,0,0,0
340,5,treatment,on_340_7,2,segment_B,1,1,0,0
340,5,treatment,on_340_39,3,segment_A,1,0,0,0
340,5,treatment,on_340_25,4,segment_B,1,0,0,0
340,5,treatment,on_340_24,5,segment_B,1,0,0,0
340,5,treatment,on_340_26,6,segment_A,1,0,0,0
340,5,treatment,on_340_13,7,segment_A,1,0,0,0
340,5,treatment,on_340_31,8,segment_A,1,0,0,0
340,5,treatment,on_340_19,9,segment_B,1,0,0,0
341,7,control,on_341_24,0,segment_B,1,0,0,0
341,7,control,on_341_5,1,segment_A,1,1,0,0
341,7,control,on_341_28,2,segment_B,1,0,0,0
341,7,control,on_341_19,3,segment_A,1,0,0,0
341,7,control,on_341_7,4,segment_A,1,0,0,0
341,7,control,on_341_9,5,segment_A,1,0,0,0
341,7,control,on_341_23,6,segment_B,1,0,0,0
341,7,control,on_341_32,7,segment_A,1,0,0,0
341,7,control,on_341_14,8,segment_A,1,0,0,0
341,7,control,on_341_8,9,segment_A,1,0,0,0
342,5,control,on_342_30,0,segment_A,1,0,0,0
342,5,control,on_342_1,1,segment_A,1,0,0,0
342,5,control,on_342_17,2,segment_B,1,0,0,0
342,5,control,on_342_14,3,segment_B,1,0,0,0
342,5,control,on_342_20,4,segment_B,1,0,0,0
342,5,control,on_342_12,5,segment_B,1,0,0,0
342,5,control,on_342_19,6,segment_A,1,0,0,0
342,5,control,on_342_15,7,segment_B,1,0,0,0
342,5,control,on_342_31,8,segment_A,1,0,0,0
342,5,control,on_342_24,9,segment_A,1,0,0,0
343,1,treatment,on_343_16,0,segment_B,1,0,0,0
343,1,treatment,on_343_4,1,segment_A,1,0,0,0
343,1,treatment,on_343_19,2,segment_B,1,0,0,0
343,1,treatment,on_343_22,3,segment_A,1,0,0,0
343,1,treatment,on_343_29,4,segment_A,1,0,0,0
343,1,treatment,on_343_0,5,segment_A,1,0,0,0
343,1,treatment,on_343_12,6,segment_A,1,1,0,0
343,1,treatment,on_343_39,7,segment_A,1,0,0,0
343,1,treatment,on_343_31,8,segment_B,1,0,0,0
343,1,treatment,on_343_26,9,segment_B,1,0,0,0
344,12,treatment,on_344_37,0,segment_B,1,0,0,0
344,12,treatment,on_344_38,1,segment_B,1,0,0,0
344,12,treatment,on_344_4,2,segment_A,1,0,0,0
344,12,treatment,on_344_17,3,segment_A,1,0,0,0
344,12,treatment,on_344_12,4,segment_A,1,0,0,0
344,12,treatment,on_344_25,5,segment_A,1,0,0,0
344,12,treatment,on_344_0,6,segment_A,1,0,0,0
344,12,treatment,on_344_7,7,segment_B,1,0,0,0
344,12,treatment,on_344_14,8,segment_B,1,0,0,0
344,12,treatment,on_344_34,9,segment_B,1,0,0,0
345,2,control,on_345_7,0,segment_A,1,0,0,0
345,2,control,on_345_20,1,segment_A,1,0,0,0
345,2,control,on_345_10,2,segment_B,1,0,0,0
345,2,control,on_345_29,3,segment_B,1,0,0,0
345,2,control,on_345_1,4,segment_B,1,0,0,0
345,2,control,on_345_31,5,segment_A,1,0,0,0
345,2,control,on_345_25,6,segment_A,1,0,0,0
345,2,control,on_345_14,7,segment_A,1,1,0,0
345,2,control,on_345_34,8,segment_B,1,0,0,0
345,2,control,on_345_11,9,segment_A,1,0,0,0
346,7,control,on_346_37,0,segment_A,1,0,0,0
346,7,control,on_346_20,1,segment_A,1,0,0,0
346,7,control,on_346_18,2,segment_B,1,0,0,0
346,7,control,on_346_27,3,segment_B,1,0,0,0
346,7,control,on_346_39,4,segment_A,1,0,0,0
346,7,control,on_346_15,5,segment_A,1,0,0,0
346,7,control,on_346_2,6,segment_B,1,0,0,0
346,7,control,on_346_6,7,segment_B,1,0,0,0
346,7,control,on_346_22,8,segment_A,1,0,0,0
346,7,control,on_346_7,9,segment_B,1,0,0,0
347,1,treatment,on_347_4,0,segment_B,1,0,0,0
347,1,treatment,on_347_38,1,segment_B,1,0,0,0
347,1,treatment,on_347_23,2,segment_A,1,0,0,0
347,1,treatment,on_347_27,3,segment_B,1,0,0,0
347,1,treatment,on_347_29,4,segment_A,1,0,0,0
347,1,treatment,on_347_36,5,segment_A,1,0,0,0
347,1,treatment,on_347_16,6,segment_A,1,0,0,0
347,1,treatment,on_347_0,7,segment_A,1,0,0,0
347,1,treatment,on_347_9,8,segment_A,1,0,0,0
347,1,treatment,on_347_10,9,segment_A,1,0,0,0
348,0,control,on_348_4,0,segment_B,1,1,0,0
348,0,control,on_348_29,1,segment_B,1,1,0,0
348,0,control,on_348_7,2,segment_A,1,0,0,0
348,0,control,on_348_19,3,segment_B,1,0,0,0
348,0,control,on_348_1,4,segment_A,1,0,0,0
348,0,control,on_348_21,5,segment_B,1,0,0,0
348,0,control,on_348_25,6,segment_B,1,0,0,0
348,0,control,on_348_39,7,segment_B,1,0,0,0
348,0,control,on_348_28,8,segment_B,1,0,0,0
348,0,control,on_348_23,9,segment_A,1,0,0,0
349,2,treatment,on_349_6,0,segment_B,1,0,0,0
349,2,treatment,on_349_9,1,segment_A,1,1,0,0
349,2,treatment,on_349_23,2,segment_A,1,0,0,0
349,2,treatment,on_349_24,3,segment_A,1,0,0,0
349,2,treatment,on_349_11,4,segment_A,1,1,1,0
349,2,treatment,on_349_5,5,segment_B,1,0,0,0
349,2,treatment,on_349_10,6,segment_A,1,0,0,0
349,2,treatment,on_349_27,7,segment_A,1,0,0,0
349,2,treatment,on_349_39,8,segment_A,1,0,0,0
349,2,treatment,on_349_30,9,segment_B,1,0,0,0
350,13,control,on_350_39,0,segment_B,1,1,1,0
350,13,control,on_350_16,1,segment_A,1,0,0,0
350,13,control,on_350_32,2,segment_B,1,0,0,0
350,13,control,on_350_8,3,segment_B,1,0,0,0
350,13,control,on_350_11,4,segment_A,1,1,1,1
350,13,control,on_350_38,5,segment_A,1,1,0,0
350,13,control,on_350_19,6,segment_A,1,1,0,0
350,13,control,on_350_13,7,segment_B,1,0,0,0
350,13,control,on_350_25,8,segment_B,1,0,0,0
350,13,control,on_350_17,9,segment_B,1,0,0,0
351,3,control,on_351_39,0,segment_B,1,0,0,0
351,3,control,on_351_21,1,segment_A,1,0,0,0
351,3,control,on_351_5,2,segment_A,1,0,0,0
351,3,control,on_351_31,3,segment_A,1,0,0,0
351,3,control,on_351_33,4,segment_B,1,0,0,0
351,3,control,on_351_17,5,segment_A,1,0,0,0
351,3,control,on_351_11,6,segment_B,1,0,0,0
351,3,control,on_351_24,7,segment_B,1,1,0,0
351,3,control,on_351_13,8,segment_B,1,0,0,0
351,3,control,on_351_23,9,segment_B,1,0,0,0
352,6,control,on_352_31,0,segment_B,1,0,0,0
352,6,control,on_352_9,1,segment_B,1,0,0,0
352,6,control,on_352_27,2,segment_A,1,0,0,0
352,6,control,on_352_10,3,segment_A,1,0,0,0
352,6,control,on_352_20,4,segment_A,1,0,0,0
352,6,control,on_352_39,5,segment_A,1,0,0,0
352,6,control,on_352_3,6,segment_B,1,0,0,0
352,6,control,on_352_37,7,segment_B,1,0,0,0
352,6,control,on_352_25,8,segment_B,1,0,0,0
352,6,control,on_352_18,9,segment_A,1,0,0,0
353,3,control,on_353_0,0,segment_B,1,0,0,0
353,3,control,on_353_19,1,segment_B,1,0,0,0
353,3,control,on_353_5,2,segment_A,1,0,0,0
353,3,control,on_353_38,3,segment_A,1,0,0,0
353,3,control,on_353_2,4,segment_B,1,0,0,0
353,3,control,on_353_12,5,segment_B,1,0,0,0
353,3,control,on_353_35,6,segment_B,1,0,0,0
353,3,control,on_353_3,7,segment_A,1,1,0,0
353,3,control,on_353_24,8,segment_B,1,0,0,0
353,3,control,on_353_28,9,segment_B,1,0,0,0
354,12,treatment,on_354_1,0,segment_A,1,1,1,0
354,12,treatment,on_354_15,1,segment_A,1,0,0,0
354,12,treatment,on_354_0,2,segment_B,1,0,0,0
354,12,treatment,on_354_10,3,segment_A,1,1,0,0
354,12,treatment,on_354_12,4,segment_B,1,0,0,0
354,12,treatment,on_354_30,5,segment_B,1,1,0,0
354,12,treatment,on_354_35,6,segment_A,1,0,0,0
354,12,treatment,on_354_3,7,segment_A,1,0,0,0
354,12,treatment,on_354_31,8,segment_B,1,0,0,0
354,12,treatment,on_354_32,9,segment_B,1,0,0,0
355,7,control,on_355_13,0,segment_A,1,0,0,0
355,7,control,on_355_19,1,segment_A,1,1,0,0
355,7,control,on_355_39,2,segment_B,1,0,0,0
355,7,control,on_355_24,3,segment_A,1,0,0,0
355,7,control,on_355_18,4,segment_B,1,0,0,0
355,7,control,on_355_0,5,segment_B,1,0,0,0
355,7,control,on_355_30,6,segment_A,1,0,0,0
355,7,control,on_355_11,7,segment_B,1,1,1,0
355,7,control,on_355_15,8,segment_A,1,0,0,0
355,7,control,on_355_1,9,segment_A,1,0,0,0
356,13,control,on_356_17,0,segment_B,1,0,0,0
356,13,control,on_356_31,1,segment_A,1,0,0,0
356,13,control,on_356_16,2,segment_B,1,0,0,0
356,13,control,on_356_37,3,segment_A,1,0,0,0
356,13,control,on_356_2,4,segment_A,1,0,0,0
356,13,control,on_356_12,5,segment_B,1,0,0,0
356,13,control,on_356_8,6,segment_A,1,0,0,0
356,13,control,on_356_30,7,segment_B,1,0,0,0
356,13,control,on_356_18,8,segment_A,1,0,0,0
356,13,control,on_356_1,9,segment_B,1,0,0,0
357,11,control,on_357_33,0,segment_A,1,0,0,0
357,11,control,on_357_18,1,segment_B,1,0,0,0
357,11,control,on_357_19,2,segment_A,1,0,0,0
357,11,control,on_357_27,3,segment_B,1,0,0,0
357,11,control,on_357_23,4,segment_B,1,0,0,0
357,11,control,on_357_10,5,segment_B,1,0,0,0
357,11,control,on_357_26,6,segment_A,1,0,0,0
357,11,control,on_357_36,7,segment_A,1,0,0,0
357,11,control,on_357_4,8,segment_B,1,0,0,0
357,11,control,on_357_21,9,segment_A,1,0,0,0
358,12,control,on_358_2,0,segment_B,1,1,0,0
358,12,control,on_358_15,1,segment_A,1,1,1,1
358,12,control,on_358_33,2,segment_A,1,0,0,0
358,12,control,on_358_31,3,segment_B,1,0,0,0
358,12,control,on_358_3,4,segment_A,1,0,0,0
358,12,control,on_358_39,5,segment_B,1,0,0,0
358,12,control,on_358_12,6,segment_A,1,0,0,0
358,12,control,on_358_37,7,segment_A,1,0,0,0
358,12,control,on_358_8,8,segment_A,1,0,0,0
358,12,control,on_358_34,9,segment_A,1,0,0,0
359,9,control,on_359_31,0,segment_A,1,1,0,0
359,9,control,on_359_16,1,segment_B,1,0,0,0
359,9,control,on_359_25,2,segment_B,1,0,0,0
359,9,control,on_359_1,3,segment_B,1,0,0,0
359,9,control,on_359_23,4,segment_A,1,0,0,0
359,9,control,on_359_37,5,segment_A,1,1,0,0
359,9,control,on_359_34,6,segment_B,1,0,0,0
359,9,control,on_359_2,7,segment_B,1,0,0,0
359,9,control,on_359_7,8,segment_A,1,0,0,0
359,9,control,on_359_9,9,segment_B,1,0,0,0
360,12,treatment,on_360_15,0,segment_A,1,0,0,0
360,12,treatment,on_360_5,1,segment_A,1,0,0,0
360,12,treatment,on_360_29,2,segment_B,1,0,0,0
360,12,treatment,on_360_0,3,segment_A,1,1,0,0
360,12,treatment,on_360_31,4,segment_A,1,0,0,0
360,12,treatment,on_360_17,5,segment_B,1,0,0,0
360,12,treatment,on_360_34,6,segment_A,1,0,0,0
360,12,treatment,on_360_19,7,segment_A,1,0,0,0
360,12,treatment,on_360_36,8,segment_A,1,0,0,0
360,12,treatment,on_360_28,9,segment_B,1,0,0,0
361,9,treatment,on_361_9,0,segment_A,1,0,0,0
361,9,treatment,on_361_22,1,segment_A,1,1,0,0
361,9,treatment,on_361_4,2,segment_B,1,0,0,0
361,9,treatment,on_361_6,3,segment_A,1,0,0,0
361,9,treatment,on_361_32,4,segment_A,1,1,0,0
361,9,treatment,on_361_25,5,segment_B,1,1,0,0
361,9,treatment,on_361_17,6,segment_A,1,0,0,0
361,9,treatment,on_361_33,7,segment_B,1,0,0,0
361,9,treatment,on_361_30,8,segment_A,1,0,0,0
361,9,treatment,on_361_13,9,segment_A,1,0,0,0
362,4,control,on_362_30,0,segment_B,1,0,0,0
362,4,control,on_362_34,1,segment_A,1,0,0,0
362,4,control,on_362_37,2,segment_B,1,0,0,0
362,4,control,on_362_39,3,segment_A,1,0,0,0
362,4,control,on_362_35,4,segment_A,1,0,0,0
362,4,control,on_362_26,5,segment_A,1,0,0,0
362,4,control,on_362_11,6,segment_B,1,0,0,0
362,4,control,on_362_23,7,segment_B,1,0,0,0
362,4,control,on_362_29,8,segment_A,1,0,0,0
362,4,control,on_362_36,9,segment_A,1,0,0,0
363,11,control,on_363_7,0,segment_B,1,0,0,0
363,11,control,on_363_10,1,segment_B,1,0,0,0
363,11,control,on_363_36,2,segment_A,1,0,0,0
363,11,control,on_363_23,3,segment_A,1,0,0,0
363,11,control,on_363_19,4,segment_A,1,1,1,0
363,11,control,on_363_35,5,segment_A,1,0,0,0
363,11,control,on_363_18,6,segment_A,1,0,0,0
363,11,control,on_363_34,7,segment_B,1,0,0,0
363,11,control,on_363_27,8,segment_A,1,1,0,0
363,11,control,on_363_21,9,segment_B,1,0,0,0
364,2,treatment,on_364_2,0,segment_B,1,0,0,0
364,2,treatment,on_364_18,1,segment_B,1,1,0,0
364,2,treatment,on_364_39,2,segment_A,1,0,0,0
364,2,treatment,on_364_23,3,segment_A,1,0,0,0
364,2,treatment,on_364_3,4,segment_A,1,0,0,0
364,2,treatment,on_364_24,5,segment_A,1,0,0,0
364,2,treatment,on_364_15,6,segment_A,1,0,0,0
364,2,treatment,on_364_19,7,segment_B,1,0,0,0
364,2,treatment,on_364_31,8,segment_A,1,1,0,0
364,2,treatment,on_364_12,9,segment_A,1,0,0,0
365,12,treatment,on_365_15,0,segment_A,1,0,0,0
365,12,treatment,on_365_28,1,segment_A,1,0,0,0
365,12,treatment,on_365_25,2,segment_B,1,0,0,0
365,12,treatment,on_365_20,3,segment_B,1,1,0,0
365,12,treatment,on_365_17,4,segment_B,1,0,0,0
365,12,treatment,on_365_31,5,segment_B,1,0,0,0
365,12,treatment,on_365_5,6,segment_A,1,0,0,0
365,12,treatment,on_365_12,7,segment_A,1,0,0,0
365,12,treatment,on_365_4,8,segment_A,1,0,0,0
365,12,treatment,on_365_36,9,segment_A,1,0,0,0
366,12,treatment,on_366_4,0,segment_A,1,0,0,0
366,12,treatment,on_366_32,1,segment_B,1,1,1,0
366,12,treatment,on_366_16,2,segment_B,1,0,0,0
366,12,treatment,on_366_35,3,segment_A,1,0,0,0
366,12,treatment,on_366_14,4,segment_A,1,0,0,0
366,12,treatment,on_366_30,5,segment_B,1,0,0,0
366,12,treatment,on_366_18,6,segment_B,1,0,0,0
366,12,treatment,on_366_21,7,segment_A,1,0,0,0
366,12,treatment,on_366_28,8,segment_A,1,1,1,1
366,12,treatment,on_366_23,9,segment_B,1,0,0,0
367,7,treatment,on_367_20,0,segment_A,1,1,0,0
367,7,treatment,on_367_0,1,segment_B,1,1,0,0
367,7,treatment,on_367_18,2,segment_A,1,0,0,0
367,7,treatment,on_367_25,3,segment_B,1,0,0,0
367,7,treatment,on_367_21,4,segment_A,1,1,0,0
367,7,treatment,on_367_2,5,segment_B,1,0,0,0
367,7,treatment,on_367_28,6,segment_A,1,0,0,0
367,7,treatment,on_367_17,7,segment_A,1,0,0,0
367,7,treatment,on_367_26,8,segment_B,1,0,0,0
367,7,treatment,on_367_6,9,segment_B,1,0,0,0
368,9,control,on_368_3,0,segment_B,1,0,0,0
368,9,control,on_368_18,1,segment_A,1,0,0,0
368,9,control,on_368_37,2,segment_A,1,0,0,0
368,9,control,on_368_26,3,segment_B,1,0,0,0
368,9,control,on_368_1,4,segment_B,1,0,0,0
368,9,control,on_368_22,5,segment_B,1,0,0,0
368,9,control,on_368_2,6,segment_A,1,0,0,0
368,9,control,on_368_6,7,segment_A,1,1,0,0
368,9,control,on_368_8,8,segment_B,1,0,0,0
368,9,control,on_368_21,9,segment_A,1,0,0,0
369,0,treatment,on_369_31,0,segment_A,1,0,0,0
369,0,treatment,on_369_38,1,segment_A,1,0,0,0
369,0,treatment,on_369_18,2,segment_A,1,1,1,0
369,0,treatment,on_369_8,3,segment_B,1,1,1,0
369,0,treatment,on_369_29,4,segment_A,1,0,0,0
369,0,treatment,on_369_2,5,segment_B,1,0,0,0
369,0,treatment,on_369_35,6,segment_A,1,0,0,0
369,0,treatment,on_369_27,7,segment_A,1,0,0,0
369,0,treatment,on_369_32,8,segment_A,1,0,0,0
369,0,treatment,on_369_22,9,segment_A,1,0,0,0
370,9,treatment,on_370_27,0,segment_B,1,0,0,0
370,9,treatment,on_370_4,1,segment_B,1,0,0,0
370,9,treatment,on_370_8,2,segment_A,1,0,0,0
370,9,treatment,on_370_7,3,segment_B,1,0,0,0
370,9,treatment,on_370_5,4,segment_B,1,0,0,0
370,9,treatment,on_370_25,5,segment_B,1,0,0,0
370,9,treatment,on_370_37,6,segment_A,1,0,0,0
370,9,treatment,on_370_28,7,segment_B,1,0,0,0
370,9,treatment,on_370_36,8,segment_A,1,0,0,0
370,9,treatment,on_370_14,9,segment_B,1,0,0,0
371,12,treatment,on_371_27,0,segment_B,1,0,0,0
371,12,treatment,on_371_0,1,segment_B,1,1,1,0
371,12,treatment,on_371_1,2,segment_B,1,0,0,0
371,12,treatment,on_371_16,3,segment_B,1,0,0,0
371,12,treatment,on_371_13,4,segment_A,1,0,0,0
371,12,treatment,on_371_20,5,segment_A,1,0,0,0
371,12,treatment,on_371_36,6,segment_B,1,0,0,0
371,12,treatment,on_371_11,7,segment_A,1,0,0,0
371,12,treatment,on_371_6,8,segment_B,1,0,0,0
371,12,treatment,on_371_12,9,segment_A,1,0,0,0
372,6,control,on_372_24,0,segment_B,1,0,0,0
372,6,control,on_372_6,1,segment_B,1,1,0,0
372,6,control,on_372_27,2,segment_A,1,0,0,0
372,6,control,on_372_32,3,segment_B,1,0,0,0
372,6,control,on_372_29,4,segment_B,1,0,0,0
372,6,control,on_372_8,5,segment_B,1,0,0,0
372,6,control,on_372_30,6,segment_B,1,0,0,0
372,6,control,on_372_22,7,segment_B,1,0,0,0
372,6,control,on_372_19,8,segment_A,1,0,0,0
372,6,control,on_372_35,9,segment_A,1,1,0,0
373,10,control,on_373_9,0,segment_B,1,0,0,0
373,10,control,on_373_37,1,segment_A,1,0,0,0
373,10,control,on_373_4,2,segment_B,1,1,0,0
373,10,control,on_373_11,3,segment_B,1,0,0,0
373,10,control,on_373_33,4,segment_B,1,0,0,0
373,10,control,on_373_12,5,segment_A,1,0,0,0
373,10,control,on_373_28,6,segment_A,1,0,0,0
373,10,control,on_373_32,7,segment_B,1,0,0,0
373,10,control,on_373_18,8,segment_B,1,0,0,0
373,10,control,on_373_13,9,segment_B,1,0,0,0
374,4,control,on_374_15,0,segment_A,1,0,0,0
374,4,control,on_374_5,1,segment_A,1,0,0,0
374,4,control,on_374_39,2,segment_B,1,0,0,0
374,4,control,on_374_30,3,segment_B,1,0,0,0
374,4,control,on_374_8,4,segment_B,1,1,0,0
374,4,control,on_374_19,5,segment_A,1,0,0,0
374,4,control,on_374_38,6,segment_A,1,0,0,0
374,4,control,on_374_24,7,segment_B,1,0,0,0
374,4,control,on_374_12,8,segment_B,1,0,0,0
374,4,control,on_374_26,9,segment_A,1,0,0,0
375,9,treatment,on_375_34,0,segment_B,1,1,0,0
375,9,treatment,on_375_17,1,segment_B,1,0,0,0
375,9,treatment,on_375_33,2,segment_B,1,0,0,0
375,9,treatment,on_375_24,3,segment_A,1,0,0,0
375,9,treatment,on_375_29,4,segment_B,1,0,0,0
375,9,treatment,on_375_10,5,segment_A,1,0,0,0
375,9,treatment,on_375_8,6,segment_B,1,0,0,0
375,9,treatment,on_375_16,7,segment_B,1,0,0,0
375,9,treatment,on_375_20,8,segment_B,1,0,0,0
375,9,treatment,on_375_15,9,segment_A,1,0,0,0
376,2,control,on_376_19,0,segment_B,1,1,1,1
376,2,control,on_376_10,1,segment_A,1,0,0,0
376,2,control,on_376_21,2,segment_B,1,1,0,0
376,2,control,on_376_13,3,segment_A,1,0,0,0
376,2,control,on_376_29,4,segment_B,1,0,0,0
376,2,control,on_376_35,5,segment_A,1,0,0,0
376,2,control,on_376_20,6,segment_A,1,0,0,0
376,2,control,on_376_31,7,segment_B,1,0,0,0
376,2,control,on_376_3,8,segment_B,1,0,0,0
376,2,control,on_376_16,9,segment_B,1,1,0,0
377,0,treatment,on_377_34,0,segment_B,1,0,0,0
377,0,treatment,on_377_6,1,segment_A,1,0,0,0
377,0,treatment,on_377_12,2,segment_A,1,0,0,0
377,0,treatment,on_377_23,3,segment_B,1,1,0,0
377,0,treatment,on_377_19,4,segment_B,1,0,0,0
377,0,treatment,on_377_33,5,segment_A,1,0,0,0
377,0,treatment,on_377_31,6,segment_A,1,0,0,0
377,0,treatment,on_377_26,7,segment_B,1,0,0,0
377,0,treatment,on_377_11,8,segment_B,1,0,0,0
377,0,treatment,on_377_18,9,segment_B,1,0,0,0
378,9,control,on_378_16,0,segment_A,1,0,0,0
378,9,control,on_378_39,1,segment_A,1,0,0,0
378,9,control,on_378_2,2,segment_A,1,0,0,0
378,9,control,on_378_14,3,segment_B,1,0,0,0
378,9,control,on_378_19,4,segment_A,1,1,0,0
378,9,control,on_378_12,5,segment_B,1,0,0,0
378,9,control,on_378_13,6,segment_B,1,1,0,0
378,9,control,on_378_38,7,segment_A,1,0,0,0
378,9,control,on_378_10,8,segment_B,1,0,0,0
378,9,control,on_378_8,9,segment_B,1,0,0,0
379,13,treatment,on_379_20,0,segment_B,1,0,0,0
379,13,treatment,on_379_25,1,segment_B,1,0,0,0
379,13,treatment,on_379_18,2,segment_B,1,0,0,0
379,13,treatment,on_379_5,3,segment_B,1,0,0,0
379,13,treatment,on_379_0,4,segment_B,1,0,0,0
379,13,treatment,on_379_8,5,segment_A,1,1,0,0
379,13,treatment,on_379_12,6,segment_A,1,0,0,0
379,13,treatment,on_379_9,7,segment_B,1,0,0,0
379,13,treatment,on_379_24,8,segment_B,1,0,0,0
379,13,treatment,on_379_36,9,segment_B,1,0,0,0
380,10,control,on_380_13,0,segment_A,1,0,0,0
380,10,control,on_380_15,1,segment_A,1,0,0,0
380,10,control,on_380_7,2,segment_A,1,0,0,0
380,10,control,on_380_20,3,segment_B,1,0,0,0
380,10,control,on_380_5,4,segment_B,1,0,0,0
380,10,control,on_380_9,5,segment_A,1,0,0,0
380,10,control,on_380_11,6,segment_A,1,0,0,0
380,10,control,on_380_4,7,segment_A,1,0,0,0
380,10,control,on_380_37,8,segment_A,1,0,0,0
380,10,control,on_380_34,9,segment_A,1,0,0,0
381,7,treatment,on_381_23,0,segment_B,1,0,0,0
381,7,treatment,on_381_32,1,segment_A,1,0,0,0
381,7,treatment,on_381_15,2,segment_A,1,0,0,0
381,7,treatment,on_381_21,3,segment_B,1,0,0,0
381,7,treatment,on_381_31,4,segment_B,1,0,0,0
381,7,treatment,on_381_39,5,segment_A,1,1,0,0
381,7,treatment,on_381_16,6,segment_B,1,0,0,0
381,7,treatment,on_381_20,7,segment_A,1,0,0,0
381,7,treatment,on_381_29,8,segment_A,1,0,0,0
381,7,treatment,on_381_13,9,segment_A,1,0,0,0
382,7,control,on_382_2,0,segment_A,1,0,0,0
382,7,control,on_382_30,1,segment_B,1,0,0,0
382,7,control,on_382_12,2,segment_A,1,0,0,0
382,7,control,on_382_0,3,segment_B,1,0,0,0
382,7,control,on_382_8,4,segment_B,1,0,0,0
382,7,control,on_382_17,5,segment_A,1,0,0,0
382,7,control,on_382_3,6,segment_B,1,0,0,0
382,7,control,on_382_36,7,segment_B,1,0,0,0
382,7,control,on_382_15,8,segment_A,1,0,0,0
382,7,control,on_382_24,9,segment_B,1,0,0,0
383,4,treatment,on_383_22,0,segment_B,1,0,0,0
383,4,treatment,on_383_0,1,segment_A,1,0,0,0
383,4,treatment,on_383_30,2,segment_B,1,0,0,0
383,4,treatment,on_383_1,3,segment_B,1,0,0,0
383,4,treatment,on_383_24,4,segment_A,1,0,0,0
383,4,treatment,on_383_10,5,segment_B,1,0,0,0
383,4,treatment,on_383_35,6,segment_B,1,1,0,0
383,4,treatment,on_383_28,7,segment_B,1,0,0,0
383,4,treatment,on_383_29,8,segment_B,1,0,0,0
383,4,treatment,on_383_38,9,segment_B,1,0,0,0
384,3,treatment,on_384_34,0,segment_B,1,0,0,0
384,3,treatment,on_384_11,1,segment_B,1,0,0,0
384,3,treatment,on_384_28,2,segment_B,1,0,0,0
384,3,treatment,on_384_21,3,segment_A,1,0,0,0
384,3,treatment,on_384_13,4,segment_B,1,1,0,0
384,3,treatment,on_384_25,5,segment_B,1,0,0,0
384,3,treatment,on_384_3,6,segment_B,1,0,0,0
384,3,treatment,on_384_23,7,segment_B,1,0,0,0
384,3,treatment,on_384_15,8,segment_B,1,1,0,0
384,3,treatment,on_384_4,9,segment_A,1,0,0,0
385,11,control,on_385_3,0,segment_A,1,1,1,1
385,11,control,on_385_20,1,segment_A,1,0,0,0
385,11,control,on_385_39,2,segment_A,1,0,0,0
385,11,control,on_385_10,3,segment_B,1,1,0,0
385,11,control,on_385_7,4,segment_A,1,0,0,0
385,11,control,on_385_21,5,segment_A,1,0,0,0
385,11,control,on_385_5,6,segment_B,1,0,0,0
385,11,control,on_385_37,7,segment_B,1,0,0,0
385,11,control,on_385_28,8,segment_A,1,0,0,0
385,11,control,on_385_23,9,segment_A,1,0,0,0
386,9,treatment,on_386_7,0,segment_A,1,0,0,0
386,9,treatment,on_386_34,1,segment_B,1,0,0,0
386,9,treatment,on_386_35,2,segment_B,1,0,0,0
386,9,treatment,on_386_3,3,segment_B,1,0,0,0
386,9,treatment,on_386_8,4,segment_B,1,0,0,0
386,9,treatment,on_386_17,5,segment_B,1,0,0,0
386,9,treatment,on_386_18,6,segment_B,1,0,0,0
386,9,treatment,on_386_24,7,segment_A,1,0,0,0
386,9,treatment,on_386_0,8,segment_B,1,0,0,0
386,9,treatment,on_386_37,9,segment_B,1,0,0,0
387,5,control,on_387_0,0,segment_B,1,0,0,0
387,5,control,on_387_26,1,segment_B,1,0,0,0
387,5,control,on_387_18,2,segment_B,1,1,0,0
387,5,control,on_387_12,3,segment_B,1,0,0,0
387,5,control,on_387_10,4,segment_B,1,0,0,0
387,5,control,on_387_25,5,segment_B,1,0,0,0
387,5,control,on_387_28,6,segment_B,1,0,0,0
387,5,control,on_387_20,7,segment_A,1,0,0,0
387,5,control,on_387_19,8,segment_B,1,0,0,0
387,5,control,on_387_24,9,segment_B,1,0,0,0
388,11,treatment,on_388_28,0,segment_A,1,0,0,0
388,11,treatment,on_388_4,1,segment_A,1,0,0,0
388,11,treatment,on_388_20,2,segment_B,1,0,0,0
388,11,treatment,on_388_3,3,segment_B,1,0,0,0
388,11,treatment,on_388_12,4,segment_A,1,0,0,0
388,11,treatment,on_388_0,5,segment_A,1,1,1,1
388,11,treatment,on_388_13,6,segment_B,1,1,1,1
388,11,treatment,on_388_24,7,segment_A,1,0,0,0
388,11,treatment,on_388_17,8,segment_A,1,0,0,0
388,11,treatment,on_388_8,9,segment_A,1,0,0,0
389,13,control,on_389_28,0,segment_B,1,0,0,0
389,13,control,on_389_2,1,segment_A,1,0,0,0
389,13,control,on_389_4,2,segment_A,1,0,0,0
389,13,control,on_389_12,3,segment_B,1,0,0,0
389,13,control,on_389_11,4,segment_A,1,0,0,0
389,13,control,on_389_10,5,segment_A,1,0,0,0
389,13,control,on_389_33,6,segment_A,1,0,0,0
389,13,control,on_389_36,7,segment_A,1,0,0,0
389,13,control,on_389_9,8,segment_B,1,0,0,0
389,13,control,on_389_29,9,segment_B,1,0,0,0
390,10,control,on_390_0,0,segment_B,1,0,0,0
390,10,control,on_390_36,1,segment_A,1,0,0,0
390,10,control,on_390_20,2,segment_B,1,0,0,0
390,10,control,on_390_37,3,segment_A,1,0,0,0
390,10,control,on_390_24,4,segment_B,1,0,0,0
390,10,control,on_390_26,5,segment_B,1,0,0,0
390,10,control,on_390_39,6,segment_A,1,0,0,0
390,10,control,on_390_32,7,segment_B,1,0,0,0
390,10,control,on_390_21,8,segment_B,1,0,0,0
390,10,control,on_390_14,9,segment_A,1,1,1,0
391,5,control,on_391_19,0,segment_B,1,0,0,0
391,5,control,on_391_4,1,segment_A,1,0,0,0
391,5,control,on_391_20,2,segment_A,1,0,0,0
391,5,control,on_391_35,3,segment_A,1,0,0,0
391,5,control,on_391_8,4,segment_A,1,0,0,0
391,5,control,on_391_38,5,segment_A,1,0,0,0
391,5,control,on_391_11,6,segment_A,1,0,0,0
391,5,control,on_391_21,7,segment_A,1,0,0,0
391,5,control,on_391_26,8,segment_B,1,0,0,0
391,5,control,on_391_18,9,segment_B,1,0,0,0
392,5,control,on_392_36,0,segment_B,1,0,0,0
392,5,control,on_392_0,1,segment_B,1,0,0,0
392,5,control,on_392_20,2,segment_B,1,1,0,0
392,5,control,on_392_15,3,segment_B,1,0,0,0
392,5,control,on_392_37,4,segment_A,1,1,0,0
392,5,control,on_392_8,5,segment_B,1,0,0,0
392,5,control,on_392_31,6,segment_A,1,0,0,0
392,5,control,on_392_29,7,segment_A,1,0,0,0
392,5,control,on_392_4,8,segment_A,1,0,0,0
392,5,control,on_392_11,9,segment_B,1,0,0,0
393,0,treatment,on_393_32,0,segment_A,1,0,0,0
393,0,treatment,on_393_9,1,segment_B,1,0,0,0
393,0,treatment,on_393_11,2,segment_B,1,0,0,0
393,0,treatment,on_393_39,3,segment_A,1,0,0,0
393,0,treatment,on_393_38,4,segment_B,1,0,0,0
393,0,treatment,on_393_35,5,segment_A,1,0,0,0
393,0,treatment,on_393_18,6,segment_A,1,0,0,0
393,0,treatment,on_393_22,7,segment_B,1,0,0,0
393,0,treatment,on_393_14,8,segment_A,1,0,0,0
393,0,treatment,on_393_12,9,segment_B,1,1,0,0
394,5,control,on_394_27,0,segment_B,1,1,0,0
394,5,control,on_394_14,1,segment_A,1,0,0,0
394,5,control,on_394_5,2,segment_A,1,0,0,0
394,5,control,on_394_18,3,segment_A,1,0,0,0
394,5,control,on_394_1,4,segment_B,1,0,0,0
394,5,control,on_394_20,5,segment_B,1,0,0,0
394,5,control,on_394_26,6,segment_A,1,1,0,0
394,5,control,on_394_32,7,segment_A,1,0,0,0
394,5,control,on_394_10,8,segment_B,1,0,0,0
394,5,control,on_394_4,9,segment_A,1,0,0,0
395,6,control,on_395_7,0,segment_A,1,0,0,0
395,6,control,on_395_29,1,segment_B,1,0,0,0
395,6,control,on_395_39,2,segment_B,1,0,0,0
395,6,control,on_395_9,3,segment_B,1,0,0,0
395,6,control,on_395_3,4,segment_B,1,0,0,0
395,6,control,on_395_10,5,segment_A,1,0,0,0
395,6,control,on_395_23,6,segment_B,1,0,0,0
395,6,control,on_395_19,7,segment_A,1,0,0,0
395,6,control,on_395_12,8,segment_B,1,0,0,0
395,6,control,on_395_13,9,segment_A,1,0,0,0
396,7,control,on_396_13,0,segment_A,1,1,0,0
396,7,control,on_396_24,1,segment_A,1,0,0,0
396,7,control,on_396_18,2,segment_A,1,0,0,0
396,7,control,on_396_31,3,segment_B,1,0,0,0
396,7,control,on_396_22,4,segment_B,1,0,0,0
396,7,control,on_396_32,5,segment_A,1,0,0,0
396,7,control,on_396_19,6,segment_A,1,0,0,0
396,7,control,on_396_28,7,segment_B,1,0,0,0
396,7,control,on_396_33,8,segment_A,1,0,0,0
396,7,control,on_396_23,9,segment_A,1,0,0,0
397,4,treatment,on_397_31,0,segment_B,1,1,1,0
397,4,treatment,on_397_14,1,segment_A,1,0,0,0
397,4,treatment,on_397_11,2,segment_A,1,0,0,0
397,4,treatment,on_397_7,3,segment_A,1,0,0,0
397,4,treatment,on_397_23,4,segment_B,1,0,0,0
397,4,treatment,on_397_18,5,segment_A,1,0,0,0
397,4,treatment,on_397_38,6,segment_A,1,0,0,0
397,4,treatment,on_397_27,7,segment_B,1,0,0,0
397,4,treatment,on_397_22,8,segment_A,1,0,0,0
397,4,treatment,on_397_16,9,segment_A,1,0,0,0
398,5,control,on_398_6,0,segment_B,1,0,0,0
398,5,control,on_398_34,1,segment_B,1,0,0,0
398,5,control,on_398_17,2,segment_A,1,1,0,0
398,5,control,on_398_38,3,segment_A,1,1,0,0
398,5,control,on_398_13,4,segment_A,1,0,0,0
398,5,control,on_398_20,5,segment_A,1,0,0,0
398,5,control,on_398_7,6,segment_A,1,1,0,0
398,5,control,on_398_11,7,segment_A,1,0,0,0
398,5,control,on_398_16,8,segment_B,1,0,0,0
398,5,control,on_398_8,9,segment_B,1,0,0,0
399,1,treatment,on_399_29,0,segment_A,1,0,0,0
399,1,treatment,on_399_22,1,segment_B,1,0,0,0
399,1,treatment,on_399_35,2,segment_A,1,0,0,0
399,1,treatment,on_399_31,3,segment_A,1,0,0,0
399,1,treatment,on_399_15,4,segment_B,1,0,0,0
399,1,treatment,on_399_10,5,segment_A,1,0,0,0
399,1,treatment,on_399_21,6,segment_A,1,0,0,0
399,1,treatment,on_399_32,7,segment_A,1,0,0,0
399,1,treatment,on_399_28,8,segment_A,1,0,0,0
399,1,treatment,on_399_19,9,segment_B,1,1,0,0
400,3,control,on_400_32,0,segment_B,1,0,0,0
400,3,control,on_400_3,1,segment_B,1,0,0,0
400,3,control,on_400_17,2,segment_B,1,0,0,0
400,3,control,on_400_11,3,segment_B,1,0,0,0
400,3,control,on_400_29,4,segment_B,1,0,0,0
400,3,control,on_400_4,5,segment_A,1,0,0,0
400,3,control,on_400_37,6,segment_A,1,0,0,0
400,3,control,on_400_30,7,segment_B,1,0,0,0
400,3,control,on_400_7,8,segment_B,1,0,0,0
400,3,control,on_400_0,9,segment_B,1,0,0,0
401,12,control,on_401_38,0,segment_A,1,0,0,0
401,12,control,on_401_20,1,segment_B,1,0,0,0
401,12,control,on_401_16,2,segment_B,1,0,0,0
401,12,control,on_401_9,3,segment_A,1,0,0,0
401,12,control,on_401_35,4,segment_A,1,0,0,0
401,12,control,on_401_12,5,segment_A,1,0,0,0
401,12,control,on_401_3,6,segment_B,1,0,0,0
401,12,control,on_401_32,7,segment_A,1,0,0,0
401,12,control,on_401_36,8,segment_B,1,0,0,0
401,12,control,on_401_28,9,segment_B,1,0,0,0
402,5,treatment,on_402_0,0,segment_A,1,1,0,0
402,5,treatment,on_402_36,1,segment_A,1,1,1,0
402,5,treatment,on_402_31,2,segment_A,1,0,0,0
402,5,treatment,on_402_13,3,segment_A,1,0,0,0
402,5,treatment,on_402_39,4,segment_B,1,0,0,0
402,5,treatment,on_402_14,5,segment_A,1,0,0,0
402,5,treatment,on_402_8,6,segment_B,1,0,0,0
402,5,treatment,on_402_7,7,segment_A,1,0,0,0
402,5,treatment,on_402_35,8,segment_B,1,0,0,0
402,5,treatment,on_402_26,9,segment_A,1,0,0,0
403,4,treatment,on_403_30,0,segment_A,1,0,0,0
403,4,treatment,on_403_18,1,segment_B,1,0,0,0
403,4,treatment,on_403_6,2,segment_B,1,0,0,0
403,4,treatment,on_403_24,3,segment_A,1,0,0,0
403,4,treatment,on_403_36,4,segment_B,1,0,0,0
403,4,treatment,on_403_13,5,segment_B,1,0,0,0
403,4,treatment,on_403_39,6,segment_B,1,0,0,0
403,4,treatment,on_403_32,7,segment_A,1,0,0,0
403,4,treatment,on_403_3,8,segment_A,1,1,0,0
403,4,treatment,on_403_19,9,segment_B,1,0,0,0
404,1,treatment,on_404_10,0,segment_A,1,0,0,0
404,1,treatment,on_404_27,1,segment_B,1,0,0,0
404,1,treatment,on_404_37,2,segment_A,1,0,0,0
404,1,treatment,on_404_9,3,segment_B,1,0,0,0
404,1,treatment,on_404_8,4,segment_B,1,0,0,0
404,1,treatment,on_404_5,5,segment_A,1,0,0,0
404,1,treatment,on_404_25,6,segment_A,1,0,0,0
404,1,treatment,on_404_13,7,segment_B,1,0,0,0
404,1,treatment,on_404_24,8,segment_B,1,0,0,0
404,1,treatment,on_404_2,9,segment_B,1,0,0,0
405,2,treatment,on_405_30,0,segment_A,1,0,0,0
405,2,treatment,on_405_23,1,segment_A,1,0,0,0
405,2,treatment,on_405_38,2,segment_B,1,0,0,0
405,2,treatment,on_405_12,3,segment_A,1,0,0,0
405,2,treatment,on_405_37,4,segment_B,1,0,0,0
405,2,treatment,on_405_13,5,segment_A,1,0,0,0
405,2,treatment,on_405_24,6,segment_B,1,0,0,0
405,2,treatment,on_405_2,7,segment_A,1,0,0,0
405,2,treatment,on_405_9,8,segment_A,1,0,0,0
405,2,treatment,on_405_27,9,segment_A,1,1,1,0
406,0,control,on_406_4,0,segment_A,1,0,0,0
406,0,control,on_406_37,1,segment_A,1,0,0,0
406,0,control,on_406_34,2,segment_A,1,0,0,0
406,0,control,on_406_2,3,segment_A,1,0,0,0
406,0,control,on_406_32,4,segment_A,1,0,0,0
406,0,control,on_406_10,5,segment_A,1,0,0,0
406,0,control,on_406_30,6,segment_B,1,0,0,0
406,0,control,on_406_12,7,segment_B,1,0,0,0
406,0,control,on_406_18,8,segment_A,1,0,0,0
406,0,control,on_406_24,9,segment_A,1,0,0,0
407,13,control,on_407_21,0,segment_B,1,0,0,0
407,13,control,on_407_38,1,segment_B,1,0,0,0
407,13,control,on_407_39,2,segment_A,1,0,0,0
407,13,control,on_407_35,3,segment_A,1,0,0,0
407,13,control,on_407_14,4,segment_A,1,0,0,0
407,13,control,on_407_11,5,segment_A,1,0,0,0
407,13,control,on_407_22,6,segment_A,1,0,0,0
407,13,control,on_407_36,7,segment_B,1,0,0,0
407,13,control,on_407_31,8,segment_B,1,0,0,0
407,13,control,on_407_15,9,segment_B,1,0,0,0
408,11,treatment,on_408_21,0,segment_A,1,1,0,0
408,11,treatment,on_408_38,1,segment_A,1,0,0,0
408,11,treatment,on_408_25,2,segment_A,1,0,0,0
408,11,treatment,on_408_1,3,segment_B,1,0,0,0
408,11,treatment,on_408_28,4,segment_A,1,0,0,0
408,11,treatment,on_408_12,5,segment_B,1,0,0,0
408,11,treatment,on_408_3,6,segment_B,1,0,0,0
408,11,treatment,on_408_9,7,segment_A,1,0,0,0
408,11,treatment,on_408_7,8,segment_B,1,0,0,0
408,11,treatment,on_408_0,9,segment_A,1,0,0,0
409,5,treatment,on_409_5,0,segment_A,1,0,0,0
409,5,treatment,on_409_30,1,segment_A,1,0,0,0
409,5,treatment,on_409_10,2,segment_A,1,1,0,0
409,5,treatment,on_409_15,3,segment_A,1,0,0,0
409,5,treatment,on_409_22,4,segment_B,1,0,0,0
409,5,treatment,on_409_13,5,segment_B,1,0,0,0
409,5,treatment,on_409_14,6,segment_B,1,0,0,0
409,5,treatment,on_409_35,7,segment_A,1,0,0,0
409,5,treatment,on_409_11,8,segment_A,1,1,1,1
409,5,treatment,on_409_2,9,segment_B,1,0,0,0
410,0,treatment,on_410_30,0,segment_A,1,0,0,0
410,0,treatment,on_410_25,1,segment_B,1,0,0,0
410,0,treatment,on_410_23,2,segment_A,1,0,0,0
410,0,treatment,on_410_16,3,segment_A,1,0,0,0
410,0,treatment,on_410_37,4,segment_A,1,0,0,0
410,0,treatment,on_410_28,5,segment_A,1,0,0,0
410,0,treatment,on_410_27,6,segment_A,1,0,0,0
410,0,treatment,on_410_8,7,segment_A,1,0,0,0
410,0,treatment,on_410_21,8,segment_B,1,0,0,0
410,0,treatment,on_410_15,9,segment_A,1,0,0,0
411,5,treatment,on_411_38,0,segment_B,1,1,1,0
411,5,treatment,on_411_25,1,segment_A,1,0,0,0
411,5,treatment,on_411_15,2,segment_B,1,0,0,0
411,5,treatment,on_411_14,3,segment_A,1,1,0,0
411,5,treatment,on_411_27,4,segment_A,1,0,0,0
411,5,treatment,on_411_2,5,segment_B,1,0,0,0
411,5,treatment,on_411_33,6,segment_B,1,0,0,0
411,5,treatment,on_411_10,7,segment_A,1,0,0,0
411,5,treatment,on_411_28,8,segment_A,1,1,1,0
411,5,treatment,on_411_13,9,segment_B,1,0,0,0
412,0,control,on_412_11,0,segment_A,1,1,1,0
412,0,control,on_412_30,1,segment_A,1,0,0,0
412,0,control,on_412_25,2,segment_B,1,0,0,0
412,0,control,on_412_27,3,segment_A,1,0,0,0
412,0,control,on_412_18,4,segment_A,1,0,0,0
412,0,control,on_412_14,5,segment_A,1,0,0,0
412,0,control,on_412_3,6,segment_B,1,0,0,0
412,0,control,on_412_36,7,segment_A,1,0,0,0
412,0,control,on_412_16,8,segment_B,1,0,0,0
412,0,control,on_412_35,9,segment_B,1,0,0,0
413,4,treatment,on_413_26,0,segment_B,1,0,0,0
413,4,treatment,on_413_34,1,segment_B,1,0,0,0
413,4,treatment,on_413_24,2,segment_A,1,0,0,0
413,4,treatment,on_413_3,3,segment_A,1,1,0,0
413,4,treatment,on_413_10,4,segment_B,1,0,0,0
413,4,treatment,on_413_17,5,segment_B,1,0,0,0
413,4,treatment,on_413_21,6,segment_A,1,0,0,0
413,4,treatment,on_413_35,7,segment_A,1,0,0,0
413,4,treatment,on_413_33,8,segment_A,1,1,1,1
413,4,treatment,on_413_29,9,segment_A,1,0,0,0
414,4,treatment,on_414_24,0,segment_B,1,0,0,0
414,4,treatment,on_414_10,1,segment_A,1,1,0,0
414,4,treatment,on_414_19,2,segment_B,1,0,0,0
414,4,treatment,on_414_37,3,segment_B,1,0,0,0
414,4,treatment,on_414_22,4,segment_A,1,1,0,0
414,4,treatment,on_414_11,5,segment_B,1,0,0,0
414,4,treatment,on_414_5,6,segment_A,1,0,0,0
414,4,treatment,on_414_7,7,segment_B,1,0,0,0
414,4,treatment,on_414_25,8,segment_B,1,0,0,0
414,4,treatment,on_414_31,9,segment_B,1,0,0,0
415,10,treatment,on_415_8,0,segment_A,1,1,0,0
415,10,treatment,on_415_26,1,segment_A,1,0,0,0
415,10,treatment,on_415_38,2,segment_B,1,0,0,0
415,10,treatment,on_415_13,3,segment_A,1,0,0,0
415,10,treatment,on_415_36,4,segment_B,1,0,0,0
415,10,treatment,on_415_32,5,segment_B,1,0,0,0
415,10,treatment,on_415_30,6,segment_B,1,0,0,0
415,10,treatment,on_415_28,7,segment_B,1,0,0,0
415,10,treatment,on_415_37,8,segment_B,1,0,0,0
415,10,treatment,on_415_25,9,segment_B,1,0,0,0
416,2,control,on_416_37,0,segment_A,1,0,0,0
416,2,control,on_416_25,1,segment_A,1,0,0,0
416,2,control,on_416_36,2,segment_B,1,0,0,0
416,2,control,on_416_23,3,segment_B,1,0,0,0
416,2,control,on_416_0,4,segment_B,1,0,0,0
416,2,control,on_416_15,5,segment_B,1,0,0,0
416,2,control,on_416_4,6,segment_A,1,0,0,0
416,2,control,on_416_29,7,segment_B,1,0,0,0
416,2,control,on_416_17,8,segment_B,1,0,0,0
416,2,control,on_416_12,9,segment_A,1,0,0,0
417,3,control,on_417_10,0,segment_B,1,1,1,0
417,3,control,on_417_26,1,segment_A,1,0,0,0
417,3,control,on_417_37,2,segment_A,1,0,0,0
417,3,control,on_417_22,3,segment_A,1,0,0,0
417,3,control,on_417_16,4,segment_A,1,0,0,0
417,3,control,on_417_2,5,segment_A,1,0,0,0
417,3,control,on_417_35,6,segment_B,1,0,0,0
417,3,control,on_417_20,7,segment_A,1,0,0,0
417,3,control,on_417_4,8,segment_A,1,0,0,0
417,3,control,on_417_24,9,segment_B,1,0,0,0
418,2,treatment,on_418_25,0,segment_B,1,0,0,0
418,2,treatment,on_418_20,1,segment_B,1,0,0,0
418,2,treatment,on_418_27,2,segment_A,1,0,0,0
418,2,treatment,on_418_34,3,segment_B,1,0,0,0
418,2,treatment,on_418_14,4,segment_A,1,0,0,0
418,2,treatment,on_418_21,5,segment_B,1,0,0,0
418,2,treatment,on_418_0,6,segment_B,1,0,0,0
418,2,treatment,on_418_3,7,segment_A,1,0,0,0
418,2,treatment,on_418_12,8,segment_A,1,0,0,0
418,2,treatment,on_418_10,9,segment_B,1,0,0,0
419,6,control,on_419_25,0,segment_B,1,1,0,0
419,6,control,on_419_6,1,segment_B,1,1,0,0
419,6,control,on_419_7,2,segment_B,1,0,0,0
419,6,control,on_419_20,3,segment_A,1,0,0,0
419,6,control,on_419_12,4,segment_A,1,1,0,0
419,6,control,on_419_35,5,segment_A,1,1,0,0
419,6,control,on_419_8,6,segment_B,1,0,0,0
419,6,control,on_419_1,7,segment_A,1,0,0,0
419,6,control,on_419_9,8,segment_B,1,0,0,0
419,6,control,on_419_19,9,segment_B,1,0,0,0
420,12,control,on_420_35,0,segment_B,1,0,0,0
420,12,control,on_420_30,1,segment_A,1,0,0,0
420,12,control,on_420_39,2,segment_B,1,0,0,0
420,12,control,on_420_12,3,segment_A,1,0,0,0
420,12,control,on_420_26,4,segment_B,1,0,0,0
420,12,control,on_420_37,5,segment_B,1,1,0,0
420,12,control,on_420_24,6,segment_A,1,0,0,0
420,12,control,on_420_6,7,segment_B,1,0,0,0
420,12,control,on_420_38,8,segment_A,1,0,0,0
420,12,control,on_420_7,9,segment_A,1,0,0,0
421,0,control,on_421_0,0,segment_B,1,0,0,0
421,0,control,on_421_34,1,segment_B,1,0,0,0
421,0,control,on_421_4,2,segment_B,1,1,0,0
421,0,control,on_421_28,3,segment_B,1,0,0,0
421,0,control,on_421_25,4,segment_B,1,0,0,0
421,0,control,on_421_20,5,segment_B,1,0,0,0
421,0,control,on_421_35,6,segment_B,1,0,0,0
421,0,control,on_421_18,7,segment_A,1,0,0,0
421,0,control,on_421_23,8,segment_B,1,0,0,0
421,0,control,on_421_14,9,segment_B,1,0,0,0
422,1,treatment,on_422_17,0,segment_A,1,1,0,0
422,1,treatment,on_422_7,1,segment_B,1,1,0,0
422,1,treatment,on_422_23,2,segment_A,1,0,0,0
422,1,treatment,on_422_16,3,segment_A,1,0,0,0
422,1,treatment,on_422_36,4,segment_A,1,1,0,0
422,1,treatment,on_422_24,5,segment_B,1,0,0,0
422,1,treatment,on_422_22,6,segment_B,1,0,0,0
422,1,treatment,on_422_10,7,segment_B,1,0,0,0
422,1,treatment,on_422_1,8,segment_B,1,0,0,0
422,1,treatment,on_422_12,9,segment_A,1,0,0,0
423,4,treatment,on_423_18,0,segment_A,1,0,0,0
423,4,treatment,on_423_26,1,segment_A,1,1,0,0
423,4,treatment,on_423_28,2,segment_B,1,0,0,0
423,4,treatment,on_423_13,3,segment_B,1,0,0,0
423,4,treatment,on_423_0,4,segment_B,1,0,0,0
423,4,treatment,on_423_34,5,segment_A,1,0,0,0
423,4,treatment,on_423_32,6,segment_B,1,0,0,0
423,4,treatment,on_423_14,7,segment_B,1,0,0,0
423,4,treatment,on_423_20,8,segment_B,1,0,0,0
423,4,treatment,on_423_22,9,segment_A,1,0,0,0
424,2,control,on_424_1,0,segment_B,1,1,1,0
424,2,control,on_424_33,1,segment_A,1,0,0,0
424,2,control,on_424_31,2,segment_A,1,0,0,0
424,2,control,on_424_28,3,segment_B,1,0,0,0
424,2,control,on_424_29,4,segment_A,1,0,0,0
424,2,control,on_424_6,5,segment_B,1,0,0,0
424,2,control,on_424_30,6,segment_A,1,0,0,0
424,2,control,on_424_39,7,segment_A,1,0,0,0
424,2,control,on_424_26,8,segment_B,1,0,0,0
424,2,control,on_424_7,9,segment_B,1,0,0,0
425,0,treatment,on_425_32,0,segment_A,1,0,0,0
425,0,treatment,on_425_36,1,segment_B,1,0,0,0
425,0,treatment,on_425_8,2,segment_A,1,0,0,0
425,0,treatment,on_425_15,3,segment_B,1,0,0,0
425,0,treatment,on_425_30,4,segment_B,1,0,0,0
425,0,treatment,on_425_22,5,segment_B,1,0,0,0
425,0,treatment,on_425_24,6,segment_B,1,0,0,0
425,0,treatment,on_425_0,7,segment_B,1,0,0,0
425,0,treatment,on_425_2,8,segment_A,1,0,0,0
425,0,treatment,on_425_29,9,segment_B,1,0,0,0
426,10,treatment,on_426_23,0,segment_B,1,0,0,0
426,10,treatment,on_426_19,1,segment_B,1,0,0,0
426,10,treatment,on_426_12,2,segment_B,1,1,0,0
426,10,treatment,on_426_15,3,segment_B,1,0,0,0
426,10,treatment,on_426_24,4,segment_A,1,0,0,0
426,10,treatment,on_426_29,5,segment_B,1,0,0,0
426,10,treatment,on_426_26,6,segment_B,1,1,0,0
426,10,treatment,on_426_0,7,segment_A,1,0,0,0
426,10,treatment,on_426_8,8,segment_B,1,0,0,0
426,10,treatment,on_426_16,9,segment_B,1,0,0,0
427,0,treatment,on_427_32,0,segment_A,1,1,0,0
427,0,treatment,on_427_36,1,segment_A,1,0,0,0
427,0,treatment,on_427_26,2,segment_A,1,0,0,0
427,0,treatment,on_427_12,3,segment_A,1,0,0,0
427,0,treatment,on_427_33,4,segment_A,1,0,0,0
427,0,treatment,on_427_9,5,segment_A,1,0,0,0
427,0,treatment,on_427_16,6,segment_A,1,0,0,0
427,0,treatment,on_427_27,7,segment_B,1,1,1,1
427,0,treatment,on_427_18,8,segment_A,1,0,0,0
427,0,treatment,on_427_6,9,segment_A,1,0,0,0
428,0,control,on_428_8,0,segment_B,1,0,0,0
428,0,control,on_428_7,1,segment_B,1,0,0,0
428,0,control,on_428_12,2,segment_A,1,0,0,0
428,0,control,on_428_23,3,segment_A,1,0,0,0
428,0,control,on_428_33,4,segment_A,1,0,0,0
428,0,control,on_428_29,5,segment_B,1,0,0,0
428,0,control,on_428_38,6,segment_B,1,0,0,0
428,0,control,on_428_24,7,segment_A,1,0,0,0
428,0,control,on_428_32,8,segment_B,1,0,0,0
428,0,control,on_428_34,9,segment_A,1,0,0,0
429,9,treatment,on_429_1,0,segment_A,1,1,1,1
429,9,treatment,on_429_28,1,segment_B,1,1,0,0
429,9,treatment,on_429_20,2,segment_A,1,1,1,0
429,9,treatment,on_429_25,3,segment_B,1,0,0,0
429,9,treatment,on_429_10,4,segment_B,1,0,0,0
429,9,treatment,on_429_36,5,segment_A,1,0,0,0
429,9,treatment,on_429_34,6,segment_B,1,0,0,0
429,9,treatment,on_429_7,7,segment_B,1,0,0,0
429,9,treatment,on_429_31,8,segment_A,1,0,0,0
429,9,treatment,on_429_13,9,segment_A,1,0,0,0
430,12,treatment,on_430_37,0,segment_B,1,1,1,0
430,12,treatment,on_430_29,1,segment_A,1,1,0,0
430,12,treatment,on_430_15,2,segment_B,1,0,0,0
430,12,treatment,on_430_22,3,segment_B,1,0,0,0
430,12,treatment,on_430_25,4,segment_B,1,1,0,0
430,12,treatment,on_430_27,5,segment_A,1,0,0,0
430,12,treatment,on_430_8,6,segment_A,1,0,0,0
430,12,treatment,on_430_21,7,segment_A,1,0,0,0
430,12,treatment,on_430_39,8,segment_A,1,0,0,0
430,12,treatment,on_430_35,9,segment_A,1,0,0,0
431,3,control,on_431_37,0,segment_B,1,0,0,0
431,3,control,on_431_16,1,segment_A,1,0,0,0
431,3,control,on_431_6,2,segment_A,1,0,0,0
431,3,control,on_431_18,3,segment_B,1,1,1,0
431,3,control,on_431_35,4,segment_A,1,1,0,0
431,3,control,on_431_5,5,segment_A,1,0,0,0
431,3,control,on_431_30,6,segment_A,1,0,0,0
431,3,control,on_431_33,7,segment_B,1,0,0,0
431,3,control,on_431_15,8,segment_B,1,0,0,0
431,3,control,on_431_19,9,segment_A,1,0,0,0
432,0,control,on_432_18,0,segment_B,1,0,0,0
432,0,control,on_432_4,1,segment_A,1,1,1,0
432,0,control,on_432_27,2,segment_A,1,0,0,0
432,0,control,on_432_19,3,segment_B,1,0,0,0
432,0,control,on_432_34,4,segment_A,1,0,0,0
432,0,control,on_432_8,5,segment_B,1,0,0,0
432,0,control,on_432_25,6,segment_B,1,1,0,0
432,0,control,on_432_0,7,segment_A,1,0,0,0
432,0,control,on_432_20,8,segment_B,1,0,0,0
432,0,control,on_432_14,9,segment_A,1,0,0,0
433,3,control,on_433_1,0,segment_B,1,1,0,0
433,3,control,on_433_32,1,segment_B,1,0,0,0
433,3,control,on_433_35,2,segment_A,1,0,0,0
433,3,control,on_433_34,3,segment_B,1,0,0,0
433,3,control,on_433_31,4,segment_B,1,0,0,0
433,3,control,on_433_17,5,segment_A,1,0,0,0
433,3,control,on_433_12,6,segment_B,1,0,0,0
433,3,control,on_433_11,7,segment_A,1,1,0,0
433,3,control,on_433_8,8,segment_A,1,0,0,0
433,3,control,on_433_14,9,segment_A,1,0,0,0
434,4,control,on_434_18,0,segment_B,1,1,0,0
434,4,control,on_434_0,1,segment_B,1,0,0,0
434,4,control,on_434_22,2,segment_B,1,1,1,1
434,4,control,on_434_17,3,segment_A,1,0,0,0
434,4,control,on_434_35,4,segment_B,1,0,0,0
434,4,control,on_434_14,5,segment_B,1,0,0,0
434,4,control,on_434_34,6,segment_A,1,0,0,0
434,4,control,on_434_3,7,segment_A,1,0,0,0
434,4,control,on_434_26,8,segment_A,1,0,0,0
434,4,control,on_434_25,9,segment_B,1,1,0,0
435,9,control,on_435_20,0,segment_B,1,0,0,0
435,9,control,on_435_17,1,segment_B,1,1,0,0
435,9,control,on_435_8,2,segment_A,1,0,0,0
435,9,control,on_435_34,3,segment_B,1,1,1,0
435,9,control,on_435_14,4,segment_B,1,0,0,0
435,9,control,on_435_33,5,segment_B,1,0,0,0
435,9,control,on_435_15,6,segment_B,1,0,0,0
435,9,control,on_435_12,7,segment_A,1,0,0,0
435,9,control,on_435_7,8,segment_B,1,0,0,0
435,9,control,on_435_21,9,segment_B,1,0,0,0
436,3,control,on_436_9,0,segment_B,1,0,0,0
436,3,control,on_436_26,1,segment_B,1,0,0,0
436,3,control,on_436_10,2,segment_A,1,0,0,0
436,3,control,on_436_8,3,segment_B,1,0,0,0
436,3,control,on_436_39,4,segment_B,1,0,0,0
436,3,control,on_436_30,5,segment_A,1,0,0,0
436,3,control,on_436_23,6,segment_B,1,0,0,0
436,3,control,on_436_17,7,segment_B,1,0,0,0
436,3,control,on_436_33,8,segment_A,1,0,0,0
436,3,control,on_436_21,9,segment_A,1,0,0,0
437,7,control,on_437_0,0,segment_B,1,0,0,0
437,7,control,on_437_19,1,segment_B,1,0,0,0
437,7,control,on_437_33,2,segment_B,1,0,0,0
437,7,control,on_437_13,3,segment_A,1,0,0,0
437,7,control,on_437_30,4,segment_B,1,0,0,0
437,7,control,on_437_37,5,segment_B,1,0,0,0
437,7,control,on_437_26,6,segment_B,1,1,0,0
437,7,control,on_437_22,7,segment_B,1,0,0,0
437,7,control,on_437_14,8,segment_A,1,0,0,0
437,7,control,on_437_35,9,segment_B,1,0,0,0
438,4,treatment,on_438_10,0,segment_A,1,0,0,0
438,4,treatment,on_438_29,1,segment_A,1,0,0,0
438,4,treatment,on_438_32,2,segment_B,1,0,0,0
438,4,treatment,on_438_14,3,segment_A,1,1,0,0
438,4,treatment,on_438_26,4,segment_A,1,0,0,0
438,4,treatment,on_438_11,5,segment_A,1,0,0,0
438,4,treatment,on_438_31,6,segment_B,1,0,0,0
438,4,treatment,on_438_28,7,segment_B,1,0,0,0
438,4,treatment,on_438_7,8,segment_B,1,0,0,0
438,4,treatment,on_438_25,9,segment_B,1,0,0,0
439,1,treatment,on_439_22,0,segment_B,1,1,0,0
439,1,treatment,on_439_17,1,segment_A,1,1,1,0
439,1,treatment,on_439_7,2,segment_A,1,0,0,0
439,1,treatment,on_439_4,3,segment_B,1,0,0,0
439,1,treatment,on_439_33,4,segment_A,1,0,0,0
439,1,treatment,on_439_20,5,segment_A,1,0,0,0
439,1,treatment,on_439_27,6,segment_A,1,1,0,0
439,1,treatment,on_439_10,7,segment_A,1,0,0,0
439,1,treatment,on_439_26,8,segment_A,1,0,0,0
439,1,treatment,on_439_1,9,segment_A,1,0,0,0
440,12,control,on_440_32,0,segment_A,1,0,0,0
440,12,control,on_440_19,1,segment_B,1,0,0,0
440,12,control,on_440_9,2,segment_B,1,0,0,0
440,12,control,on_440_20,3,segment_A,1,0,0,0
440,12,control,on_440_36,4,segment_B,1,0,0,0
440,12,control,on_440_38,5,segment_A,1,0,0,0
440,12,control,on_440_16,6,segment_A,1,1,0,0
440,12,control,on_440_1,7,segment_B,1,0,0,0
440,12,control,on_440_17,8,segment_A,1,0,0,0
440,12,control,on_440_33,9,segment_A,1,0,0,0
441,0,treatment,on_441_2,0,segment_A,1,1,0,0
441,0,treatment,on_441_29,1,segment_A,1,0,0,0
441,0,treatment,on_441_22,2,segment_B,1,0,0,0
441,0,treatment,on_441_3,3,segment_B,1,0,0,0
441,0,treatment,on_441_17,4,segment_A,1,0,0,0
441,0,treatment,on_441_24,5,segment_A,1,0,0,0
441,0,treatment,on_441_12,6,segment_B,1,0,0,0
441,0,treatment,on_441_23,7,segment_B,1,0,0,0
441,0,treatment,on_441_34,8,segment_B,1,0,0,0
441,0,treatment,on_441_15,9,segment_A,1,0,0,0
442,13,treatment,on_442_11,0,segment_A,1,0,0,0
442,13,treatment,on_442_28,1,segment_B,1,0,0,0
442,13,treatment,on_442_37,2,segment_B,1,0,0,0
442,13,treatment,on_442_13,3,segment_A,1,1,1,0
442,13,treatment,on_442_24,4,segment_A,1,0,0,0
442,13,treatment,on_442_31,5,segment_B,1,0,0,0
442,13,treatment,on_442_39,6,segment_A,1,0,0,0
442,13,treatment,on_442_25,7,segment_A,1,0,0,0
442,13,treatment,on_442_9,8,segment_A,1,0,0,0
442,13,treatment,on_442_2,9,segment_B,1,0,0,0
443,0,treatment,on_443_25,0,segment_B,1,1,1,0
443,0,treatment,on_443_27,1,segment_B,1,0,0,0
443,0,treatment,on_443_37,2,segment_B,1,0,0,0
443,0,treatment,on_443_10,3,segment_B,1,0,0,0
443,0,treatment,on_443_29,4,segment_A,1,0,0,0
443,0,treatment,on_443_28,5,segment_B,1,0,0,0
443,0,treatment,on_443_13,6,segment_A,1,0,0,0
443,0,treatment,on_443_17,7,segment_B,1,0,0,0
443,0,treatment,on_443_26,8,segment_B,1,0,0,0
443,0,treatment,on_443_3,9,segment_B,1,0,0,0
444,10,control,on_444_3,0,segment_A,1,1,1,1
444,10,control,on_444_28,1,segment_A,1,0,0,0
444,10,control,on_444_38,2,segment_B,1,0,0,0
444,10,control,on_444_25,3,segment_B,1,0,0,0
444,10,control,on_444_9,4,segment_A,1,0,0,0
444,10,control,on_444_11,5,segment_B,1,0,0,0
444,10,control,on_444_23,6,segment_B,1,0,0,0
444,10,control,on_444_1,7,segment_A,1,0,0,0
444,10,control,on_444_34,8,segment_B,1,0,0,0
444,10,control,on_444_5,9,segment_A,1,0,0,0
445,4,treatment,on_445_30,0,segment_A,1,1,0,0
445,4,treatment,on_445_17,1,segment_B,1,0,0,0
445,4,treatment,on_445_22,2,segment_B,1,0,0,0
445,4,treatment,on_445_4,3,segment_A,1,0,0,0
445,4,treatment,on_445_15,4,segment_A,1,0,0,0
445,4,treatment,on_445_18,5,segment_B,1,0,0,0
445,4,treatment,on_445_37,6,segment_A,1,0,0,0
445,4,treatment,on_445_14,7,segment_B,1,1,0,0
445,4,treatment,on_445_23,8,segment_B,1,0,0,0
445,4,treatment,on_445_31,9,segment_A,1,0,0,0
446,4,control,on_446_27,0,segment_B,1,1,1,1
446,4,control,on_446_10,1,segment_B,1,0,0,0
446,4,control,on_446_11,2,segment_B,1,0,0,0
446,4,control,on_446_14,3,segment_B,1,0,0,0
446,4,control,on_446_36,4,segment_B,1,1,0,0
446,4,control,on_446_17,5,segment_B,1,0,0,0
446,4,control,on_446_31,6,segment_B,1,1,0,0
446,4,control,on_446_2,7,segment_B,1,0,0,0
446,4,control,on_446_38,8,segment_B,1,0,0,0
446,4,control,on_446_26,9,segment_A,1,0,0,0
447,1,control,on_447_15,0,segment_B,1,0,0,0
447,1,control,on_447_39,1,segment_A,1,1,1,1
447,1,control,on_447_38,2,segment_A,1,0,0,0
447,1,control,on_447_5,3,segment_B,1,0,0,0
447,1,control,on_447_34,4,segment_B,1,1,1,0
447,1,control,on_447_35,5,segment_B,1,0,0,0
447,1,control,on_447_7,6,segment_A,1,0,0,0
447,1,control,on_447_8,7,segment_B,1,0,0,0
447,1,control,on_447_2,8,segment_B,1,0,0,0
447,1,control,on_447_11,9,segment_B,1,0,0,0
448,5,control,on_448_0,0,segment_B,1,0,0,0
448,5,control,on_448_14,1,segment_A,1,0,0,0
448,5,control,on_448_30,2,segment_A,1,0,0,0
448,5,control,on_448_27,3,segment_A,1,1,1,1
448,5,control,on_448_22,4,segment_A,1,0,0,0
448,5,control,on_448_33,5,segment_B,1,0,0,0
448,5,control,on_448_7,6,segment_A,1,0,0,0
448,5,control,on_448_5,7,segment_A,1,0,0,0
448,5,control,on_448_23,8,segment_B,1,0,0,0
448,5,control,on_448_8,9,segment_B,1,0,0,0
449,7,treatment,on_449_31,0,segment_B,1,0,0,0
449,7,treatment,on_449_13,1,segment_B,1,0,0,0
449,7,treatment,on_449_20,2,segment_B,1,0,0,0
449,7,treatment,on_449_38,3,segment_B,1,0,0,0
449,7,treatment,on_449_11,4,segment_B,1,0,0,0
449,7,treatment,on_449_36,5,segment_B,1,0,0,0
449,7,treatment,on_449_37,6,segment_B,1,0,0,0
449,7,treatment,on_449_16,7,segment_A,1,0,0,0
449,7,treatment,on_449_28,8,segment_A,1,0,0,0
449,7,treatment,on_449_22,9,segment_B,1,0,0,0
450,12,control,on_450_15,0,segment_A,1,0,0,0
450,12,control,on_450_17,1,segment_B,1,1,0,0
450,12,control,on_450_23,2,segment_A,1,0,0,0
450,12,control,on_450_33,3,segment_A,1,0,0,0
450,12,control,on_450_13,4,segment_A,1,0,0,0
450,12,control,on_450_38,5,segment_A,1,0,0,0
450,12,control,on_450_36,6,segment_A,1,0,0,0
450,12,control,on_450_19,7,segment_A,1,0,0,0
450,12,control,on_450_10,8,segment_B,1,0,0,0
450,12,control,on_450_31,9,segment_B,1,0,0,0
451,4,treatment,on_451_11,0,segment_A,1,0,0,0
451,4,treatment,on_451_4,1,segment_B,1,0,0,0
451,4,treatment,on_451_30,2,segment_A,1,0,0,0
451,4,treatment,on_451_24,3,segment_B,1,1,0,0
451,4,treatment,on_451_6,4,segment_A,1,1,1,0
451,4,treatment,on_451_28,5,segment_A,1,0,0,0
451,4,treatment,on_451_14,6,segment_B,1,0,0,0
451,4,treatment,on_451_23,7,segment_A,1,0,0,0
451,4,treatment,on_451_13,8,segment_B,1,0,0,0
451,4,treatment,on_451_31,9,segment_A,1,0,0,0
452,12,control,on_452_5,0,segment_A,1,0,0,0
452,12,control,on_452_19,1,segment_B,1,0,0,0
452,12,control,on_452_14,2,segment_B,1,0,0,0
452,12,control,on_452_13,3,segment_A,1,0,0,0
452,12,control,on_452_31,4,segment_A,1,0,0,0
452,12,control,on_452_4,5,segment_A,1,0,0,0
452,12,control,on_452_1,6,segment_A,1,0,0,0
452,12,control,on_452_32,7,segment_B,1,1,0,0
452,12,control,on_452_2,8,segment_A,1,0,0,0
452,12,control,on_452_12,9,segment_B,1,0,0,0
453,10,control,on_453_7,0,segment_A,1,1,0,0
453,10,control,on_453_16,1,segment_B,1,0,0,0
453,10,control,on_453_20,2,segment_A,1,0,0,0
453,10,control,on_453_39,3,segment_B,1,0,0,0
453,10,control,on_453_33,4,segment_B,1,0,0,0
453,10,control,on_453_14,5,segment_A,1,0,0,0
453,10,control,on_453_12,6,segment_A,1,0,0,0
453,10,control,on_453_15,7,segment_A,1,0,0,0
453,10,control,on_453_0,8,segment_B,1,0,0,0
453,10,control,on_453_31,9,segment_A,1,0,0,0
454,5,control,on_454_13,0,segment_A,1,1,0,0
454,5,control,on_454_35,1,segment_A,1,0,0,0
454,5,control,on_454_12,2,segment_A,1,0,0,0
454,5,control,on_454_7,3,segment_B,1,0,0,0
454,5,control,on_454_29,4,segment_A,1,0,0,0
454,5,control,on_454_10,5,segment_A,1,0,0,0
454,5,control,on_454_5,6,segment_A,1,0,0,0
454,5,control,on_454_8,7,segment_A,1,0,0,0
454,5,control,on_454_6,8,segment_A,1,0,0,0
454,5,control,on_454_23,9,segment_A,1,0,0,0
455,2,control,on_455_3,0,segment_B,1,0,0,0
455,2,control,on_455_30,1,segment_A,1,1,0,0
455,2,control,on_455_34,2,segment_A,1,0,0,0
455,2,control,on_455_32,3,segment_A,1,0,0,0
455,2,control,on_455_29,4,segment_B,1,0,0,0
455,2,control,on_455_15,5,segment_A,1,0,0,0
455,2,control,on_455_36,6,segment_B,1,0,0,0
455,2,control,on_455_21,7,segment_B,1,0,0,0
455,2,control,on_455_18,8,segment_A,1,0,0,0
455,2,control,on_455_10,9,segment_B,1,0,0,0
456,10,treatment,on_456_30,0,segment_B,1,1,1,0
456,10,treatment,on_456_18,1,segment_B,1,0,0,0
456,10,treatment,on_456_6,2,segment_B,1,1,1,0
456,10,treatment,on_456_0,3,segment_A,1,0,0,0
456,10,treatment,on_456_1,4,segment_A,1,0,0,0
456,10,treatment,on_456_10,5,segment_A,1,0,0,0
456,10,treatment,on_456_22,6,segment_A,1,0,0,0
456,10,treatment,on_456_20,7,segment_B,1,0,0,0
456,10,treatment,on_456_16,8,segment_A,1,0,0,0
456,10,treatment,on_456_37,9,segment_A,1,0,0,0
457,11,control,on_457_11,0,segment_B,1,0,0,0
457,11,control,on_457_22,1,segment_A,1,1,0,0
457,11,control,on_457_23,2,segment_A,1,1,0,0
457,11,control,on_457_32,3,segment_B,1,0,0,0
457,11,control,on_457_9,4,segment_B,1,0,0,0
457,11,control,on_457_26,5,segment_B,1,0,0,0
457,11,control,on_457_8,6,segment_A,1,0,0,0
457,11,control,on_457_1,7,segment_B,1,0,0,0
457,11,control,on_457_16,8,segment_B,1,0,0,0
457,11,control,on_457_18,9,segment_B,1,0,0,0
458,2,treatment,on_458_35,0,segment_A,1,1,1,0
458,2,treatment,on_458_3,1,segment_B,1,0,0,0
458,2,treatment,on_458_21,2,segment_B,1,1,0,0
458,2,treatment,on_458_6,3,segment_A,1,0,0,0
458,2,treatment,on_458_16,4,segment_A,1,0,0,0
458,2,treatment,on_458_0,5,segment_B,1,0,0,0
458,2,treatment,on_458_18,6,segment_B,1,0,0,0
458,2,treatment,on_458_30,7,segment_A,1,1,0,0
458,2,treatment,on_458_24,8,segment_B,1,0,0,0
458,2,treatment,on_458_33,9,segment_A,1,0,0,0
459,0,control,on_459_32,0,segment_B,1,0,0,0
459,0,control,on_459_22,1,segment_B,1,0,0,0
459,0,control,on_459_19,2,segment_B,1,0,0,0
459,0,control,on_459_4,3,segment_A,1,0,0,0
459,0,control,on_459_26,4,segment_A,1,0,0,0
459,0,control,on_459_11,5,segment_A,1,0,0,0
459,0,control,on_459_21,6,segment_B,1,0,0,0
459,0,control,on_459_18,7,segment_B,1,0,0,0
459,0,control,on_459_30,8,segment_A,1,0,0,0
459,0,control,on_459_37,9,segment_B,1,0,0,0
460,7,treatment,on_460_28,0,segment_B,1,0,0,0
460,7,treatment,on_460_24,1,segment_A,1,0,0,0
460,7,treatment,on_460_34,2,segment_A,1,0,0,0
460,7,treatment,on_460_11,3,segment_B,1,0,0,0
460,7,treatment,on_460_29,4,segment_A,1,0,0,0
460,7,treatment,on_460_17,5,segment_B,1,0,0,0
460,7,treatment,on_460_30,6,segment_B,1,0,0,0
460,7,treatment,on_460_27,7,segment_A,1,0,0,0
460,7,treatment,on_460_2,8,segment_B,1,0,0,0
460,7,treatment,on_460_35,9,segment_A,1,0,0,0
461,5,control,on_461_35,0,segment_A,1,1,1,1
461,5,control,on_461_15,1,segment_B,1,0,0,0
461,5,control,on_461_29,2,segment_A,1,0,0,0
461,5,control,on_461_30,3,segment_A,1,0,0,0
461,5,control,on_461_38,4,segment_B,1,0,0,0
461,5,control,on_461_36,5,segment_B,1,0,0,0
461,5,control,on_461_0,6,segment_B,1,0,0,0
461,5,control,on_461_6,7,segment_B,1,0,0,0
461,5,control,on_461_2,8,segment_A,1,0,0,0
461,5,control,on_461_20,9,segment_A,1,0,0,0
462,1,treatment,on_462_27,0,segment_B,1,0,0,0
462,1,treatment,on_462_17,1,segment_B,1,0,0,0
462,1,treatment,on_462_39,2,segment_A,1,0,0,0
462,1,treatment,on_462_4,3,segment_A,1,0,0,0
462,1,treatment,on_462_23,4,segment_B,1,0,0,0
462,1,treatment,on_462_14,5,segment_A,1,0,0,0
462,1,treatment,on_462_3,6,segment_B,1,0,0,0
462,1,treatment,on_462_12,7,segment_A,1,0,0,0
462,1,treatment,on_462_20,8,segment_A,1,0,0,0
462,1,treatment,on_462_2,9,segment_A,1,0,0,0
463,3,control,on_463_15,0,segment_A,1,1,0,0
463,3,control,on_463_19,1,segment_A,1,1,1,0
463,3,control,on_463_35,2,segment_B,1,0,0,0
463,3,control,on_463_36,3,segment_B,1,0,0,0
463,3,control,on_463_25,4,segment_B,1,0,0,0
463,3,control,on_463_14,5,segment_B,1,0,0,0
463,3,control,on_463_9,6,segment_A,1,0,0,0
463,3,control,on_463_3,7,segment_A,1,0,0,0
463,3,control,on_463_31,8,segment_B,1,0,0,0
463,3,control,on_463_33,9,segment_A,1,0,0,0
464,2,treatment,on_464_26,0,segment_A,1,1,1,0
464,2,treatment,on_464_24,1,segment_B,1,0,0,0
464,2,treatment,on_464_23,2,segment_A,1,0,0,0
464,2,treatment,on_464_19,3,segment_B,1,0,0,0
464,2,treatment,on_464_17,4,segment_A,1,0,0,0
464,2,treatment,on_464_9,5,segment_A,1,0,0,0
464,2,treatment,on_464_34,6,segment_B,1,0,0,0
464,2,treatment,on_464_33,7,segment_B,1,0,0,0
464,2,treatment,on_464_3,8,segment_B,1,0,0,0
464,2,treatment,on_464_22,9,segment_A,1,0,0,0
465,13,treatment,on_465_35,0,segment_B,1,0,0,0
465,13,treatment,on_465_34,1,segment_A,1,0,0,0
465,13,treatment,on_465_9,2,segment_B,1,0,0,0
465,13,treatment,on_465_6,3,segment_B,1,0,0,0
465,13,treatment,on_465_17,4,segment_B,1,0,0,0
465,13,treatment,on_465_20,5,segment_A,1,0,0,0
465,13,treatment,on_465_11,6,segment_B,1,1,0,0
465,13,treatment,on_465_38,7,segment_A,1,0,0,0
465,13,treatment,on_465_29,8,segment_A,1,0,0,0
465,13,treatment,on_465_39,9,segment_B,1,0,0,0
466,11,control,on_466_30,0,segment_B,1,0,0,0
466,11,control,on_466_20,1,segment_B,1,0,0,0
466,11,control,on_466_15,2,segment_B,1,0,0,0
466,11,control,on_466_36,3,segment_B,1,1,0,0
466,11,control,on_466_3,4,segment_A,1,0,0,0
466,11,control,on_466_1,5,segment_B,1,0,0,0
466,11,control,on_466_32,6,segment_B,1,0,0,0
466,11,control,on_466_24,7,segment_B,1,0,0,0
466,11,control,on_466_23,8,segment_B,1,0,0,0
466,11,control,on_466_28,9,segment_A,1,1,0,0
467,9,treatment,on_467_27,0,segment_B,1,0,0,0
467,9,treatment,on_467_20,1,segment_B,1,0,0,0
467,9,treatment,on_467_6,2,segment_B,1,1,0,0
467,9,treatment,on_467_37,3,segment_A,1,0,0,0
467,9,treatment,on_467_29,4,segment_A,1,1,0,0
467,9,treatment,on_467_24,5,segment_B,1,0,0,0
467,9,treatment,on_467_7,6,segment_A,1,0,0,0
467,9,treatment,on_467_16,7,segment_A,1,0,0,0
467,9,treatment,on_467_36,8,segment_A,1,0,0,0
467,9,treatment,on_467_19,9,segment_B,1,0,0,0
468,11,control,on_468_32,0,segment_A,1,1,0,0
468,11,control,on_468_0,1,segment_A,1,0,0,0
468,11,control,on_468_21,2,segment_A,1,0,0,0
468,11,control,on_468_39,3,segment_B,1,0,0,0
468,11,control,on_468_20,4,segment_B,1,1,0,0
468,11,control,on_468_27,5,segment_B,1,0,0,0
468,11,control,on_468_17,6,segment_A,1,0,0,0
468,11,control,on_468_38,7,segment_B,1,0,0,0
468,11,control,on_468_5,8,segment_B,1,0,0,0
468,11,control,on_468_18,9,segment_B,1,1,0,0
469,0,treatment,on_469_12,0,segment_A,1,1,1,0
469,0,treatment,on_469_28,1,segment_A,1,0,0,0
469,0,treatment,on_469_35,2,segment_B,1,0,0,0
469,0,treatment,on_469_8,3,segment_B,1,0,0,0
469,0,treatment,on_469_34,4,segment_B,1,0,0,0
469,0,treatment,on_469_26,5,segment_B,1,1,0,0
469,0,treatment,on_469_19,6,segment_A,1,1,0,0
469,0,treatment,on_469_30,7,segment_B,1,0,0,0
469,0,treatment,on_469_18,8,segment_A,1,0,0,0
469,0,treatment,on_469_36,9,segment_B,1,0,0,0
470,6,treatment,on_470_36,0,segment_B,1,0,0,0
470,6,treatment,on_470_27,1,segment_A,1,0,0,0
470,6,treatment,on_470_15,2,segment_A,1,0,0,0
470,6,treatment,on_470_26,3,segment_B,1,0,0,0
470,6,treatment,on_470_22,4,segment_B,1,0,0,0
470,6,treatment,on_470_4,5,segment_A,1,0,0,0
470,6,treatment,on_470_11,6,segment_B,1,0,0,0
470,6,treatment,on_470_1,7,segment_A,1,0,0,0
470,6,treatment,on_470_14,8,segment_B,1,0,0,0
470,6,treatment,on_470_8,9,segment_A,1,0,0,0
471,5,treatment,on_471_37,0,segment_A,1,0,0,0
471,5,treatment,on_471_28,1,segment_A,1,0,0,0
471,5,treatment,on_471_17,2,segment_A,1,0,0,0
471,5,treatment,on_471_0,3,segment_B,1,0,0,0
471,5,treatment,on_471_39,4,segment_B,1,0,0,0
471,5,treatment,on_471_24,5,segment_B,1,0,0,0
471,5,treatment,on_471_13,6,segment_A,1,0,0,0
471,5,treatment,on_471_18,7,segment_A,1,0,0,0
471,5,treatment,on_471_34,8,segment_B,1,0,0,0
471,5,treatment,on_471_36,9,segment_B,1,0,0,0
472,7,treatment,on_472_30,0,segment_B,1,0,0,0
472,7,treatment,on_472_31,1,segment_A,1,0,0,0
472,7,treatment,on_472_4,2,segment_A,1,0,0,0
472,7,treatment,on_472_1,3,segment_A,1,1,0,0
472,7,treatment,on_472_10,4,segment_B,1,0,0,0
472,7,treatment,on_472_5,5,segment_B,1,1,0,0
472,7,treatment,on_472_39,6,segment_B,1,0,0,0
472,7,treatment,on_472_38,7,segment_A,1,0,0,0
472,7,treatment,on_472_7,8,segment_A,1,0,0,0
472,7,treatment,on_472_14,9,segment_A,1,0,0,0
473,9,treatment,on_473_18,0,segment_A,1,0,0,0
473,9,treatment,on_473_15,1,segment_B,1,0,0,0
473,9,treatment,on_473_38,2,segment_A,1,0,0,0
473,9,treatment,on_473_12,3,segment_B,1,0,0,0
473,9,treatment,on_473_22,4,segment_B,1,0,0,0
473,9,treatment,on_473_17,5,segment_B,1,0,0,0
473,9,treatment,on_473_35,6,segment_B,1,0,0,0
473,9,treatment,on_473_34,7,segment_A,1,0,0,0
473,9,treatment,on_473_32,8,segment_B,1,0,0,0
473,9,treatment,on_473_24,9,segment_A,1,1,0,0
474,5,control,on_474_30,0,segment_B,1,0,0,0
474,5,control,on_474_29,1,segment_B,1,0,0,0
474,5,control,on_474_27,2,segment_A,1,0,0,0
474,5,control,on_474_38,3,segment_B,1,0,0,0
474,5,control,on_474_4,4,segment_A,1,0,0,0
474,5,control,on_474_31,5,segment_B,1,0,0,0
474,5,control,on_474_39,6,segment_B,1,1,1,1
474,5,control,on_474_36,7,segment_B,1,0,0,0
474,5,control,on_474_9,8,segment_B,1,0,0,0
474,5,control,on_474_22,9,segment_A,1,0,0,0
475,6,control,on_475_30,0,segment_B,1,0,0,0
475,6,control,on_475_24,1,segment_B,1,1,0,0
475,6,control,on_475_16,2,segment_B,1,0,0,0
475,6,control,on_475_2,3,segment_A,1,0,0,0
475,6,control,on_475_6,4,segment_A,1,0,0,0
475,6,control,on_475_17,5,segment_B,1,0,0,0
475,6,control,on_475_35,6,segment_B,1,0,0,0
475,6,control,on_475_25,7,segment_A,1,0,0,0
475,6,control,on_475_38,8,segment_B,1,0,0,0
475,6,control,on_475_20,9,segment_A,1,0,0,0
476,7,control,on_476_22,0,segment_B,1,1,1,0
476,7,control,on_476_14,1,segment_B,1,0,0,0
476,7,control,on_476_32,2,segment_B,1,0,0,0
476,7,control,on_476_21,3,segment_A,1,0,0,0
476,7,control,on_476_11,4,segment_A,1,0,0,0
476,7,control,on_476_9,5,segment_B,1,0,0,0
476,7,control,on_476_34,6,segment_B,1,0,0,0
476,7,control,on_476_39,7,segment_B,1,0,0,0
476,7,control,on_476_3,8,segment_B,1,0,0,0
476,7,control,on_476_19,9,segment_B,1,0,0,0
477,12,treatment,on_477_33,0,segment_B,1,1,1,1
477,12,treatment,on_477_31,1,segment_A,1,0,0,0
477,12,treatment,on_477_15,2,segment_A,1,0,0,0
477,12,treatment,on_477_6,3,segment_B,1,1,1,0
477,12,treatment,on_477_9,4,segment_A,1,0,0,0
477,12,treatment,on_477_35,5,segment_B,1,0,0,0
477,12,treatment,on_477_4,6,segment_B,1,0,0,0
477,12,treatment,on_477_32,7,segment_A,1,0,0,0
477,12,treatment,on_477_23,8,segment_B,1,0,0,0
477,12,treatment,on_477_36,9,segment_A,1,1,0,0
478,5,control,on_478_37,0,segment_B,1,1,0,0
478,5,control,on_478_29,1,segment_A,1,1,0,0
478,5,control,on_478_39,2,segment_B,1,0,0,0
478,5,control,on_478_19,3,segment_B,1,0,0,0
478,5,control,on_478_7,4,segment_B,1,0,0,0
478,5,control,on_478_33,5,segment_A,1,0,0,0
478,5,control,on_478_1,6,segment_B,1,0,0,0
478,5,control,on_478_13,7,segment_A,1,0,0,0
478,5,control,on_478_25,8,segment_A,1,0,0,0
478,5,control,on_478_0,9,segment_A,1,0,0,0
479,0,treatment,on_479_0,0,segment_A,1,0,0,0
479,0,treatment,on_479_36,1,segment_A,1,0,0,0
479,0,treatment,on_479_12,2,segment_B,1,0,0,0
479,0,treatment,on_479_32,3,segment_A,1,0,0,0
479,0,treatment,on_479_9,4,segment_B,1,0,0,0
479,0,treatment,on_479_15,5,segment_A,1,0,0,0
479,0,treatment,on_479_11,6,segment_A,1,0,0,0
479,0,treatment,on_479_34,7,segment_B,1,0,0,0
479,0,treatment,on_479_16,8,segment_A,1,0,0,0
479,0,treatment,on_479_14,9,segment_A,1,0,0,0
480,5,control,on_480_29,0,segment_B,1,0,0,0
480,5,control,on_480_10,1,segment_A,1,0,0,0
480,5,control,on_480_38,2,segment_B,1,0,0,0
480,5,control,on_480_15,3,segment_A,1,0,0,0
480,5,control,on_480_6,4,segment_B,1,0,0,0
480,5,control,on_480_11,5,segment_B,1,0,0,0
480,5,control,on_480_25,6,segment_A,1,0,0,0
480,5,control,on_480_21,7,segment_B,1,0,0,0
480,5,control,on_480_33,8,segment_B,1,0,0,0
480,5,control,on_480_1,9,segment_A,1,0,0,0
481,4,control,on_481_10,0,segment_A,1,1,1,0
481,4,control,on_481_28,1,segment_B,1,0,0,0
481,4,control,on_481_7,2,segment_B,1,0,0,0
481,4,control,on_481_20,3,segment_B,1,0,0,0
481,4,control,on_481_21,4,segment_A,1,0,0,0
481,4,control,on_481_32,5,segment_A,1,0,0,0
481,4,control,on_481_30,6,segment_A,1,0,0,0
481,4,control,on_481_29,7,segment_B,1,0,0,0
481,4,control,on_481_1,8,segment_B,1,0,0,0
481,4,control,on_481_19,9,segment_A,1,0,0,0
482,9,control,on_482_22,0,segment_A,1,0,0,0
482,9,control,on_482_31,1,segment_A,1,0,0,0
482,9,control,on_482_36,2,segment_A,1,0,0,0
482,9,control,on_482_30,3,segment_B,1,0,0,0
482,9,control,on_482_18,4,segment_A,1,0,0,0
482,9,control,on_482_5,5,segment_B,1,0,0,0
482,9,control,on_482_27,6,segment_B,1,0,0,0
482,9,control,on_482_38,7,segment_A,1,0,0,0
482,9,control,on_482_9,8,segment_A,1,0,0,0
482,9,control,on_482_12,9,segment_B,1,0,0,0
483,1,control,on_483_23,0,segment_A,1,0,0,0
483,1,control,on_483_32,1,segment_B,1,0,0,0
483,1,control,on_483_6,2,segment_A,1,0,0,0
483,1,control,on_483_28,3,segment_B,1,0,0,0
483,1,control,on_483_20,4,segment_B,1,0,0,0
483,1,control,on_483_15,5,segment_A,1,0,0,0
483,1,control,on_483_37,6,segment_A,1,0,0,0
483,1,control,on_483_33,7,segment_A,1,0,0,0
483,1,control,on_483_14,8,segment_B,1,0,0,0
483,1,control,on_483_1,9,segment_B,1,0,0,0
484,13,treatment,on_484_10,0,segment_A,1,0,0,0
484,13,treatment,on_484_5,1,segment_B,1,1,0,0
484,13,treatment,on_484_11,2,segment_B,1,1,1,0
484,13,treatment,on_484_33,3,segment_B,1,0,0,0
484,13,treatment,on_484_28,4,segment_A,1,0,0,0
484,13,treatment,on_484_39,5,segment_A,1,0,0,0
484,13,treatment,on_484_12,6,segment_B,1,0,0,0
484,13,treatment,on_484_2,7,segment_B,1,1,0,0
484,13,treatment,on_484_32,8,segment_A,1,0,0,0
484,13,treatment,on_484_19,9,segment_B,1,0,0,0
485,2,treatment,on_485_29,0,segment_B,1,1,1,0
485,2,treatment,on_485_35,1,segment_A,1,0,0,0
485,2,treatment,on_485_24,2,segment_A,1,1,1,0
485,2,treatment,on_485_32,3,segment_A,1,0,0,0
485,2,treatment,on_485_36,4,segment_A,1,0,0,0
485,2,treatment,on_485_23,5,segment_B,1,0,0,0
485,2,treatment,on_485_25,6,segment_A,1,0,0,0
485,2,treatment,on_485_19,7,segment_A,1,1,1,1
485,2,treatment,on_485_9,8,segment_B,1,0,0,0
485,2,treatment,on_485_17,9,segment_A,1,0,0,0
486,0,control,on_486_14,0,segment_A,1,0,0,0
486,0,control,on_486_33,1,segment_B,1,0,0,0
486,0,control,on_486_9,2,segment_A,1,0,0,0
486,0,control,on_486_12,3,segment_A,1,0,0,0
486,0,control,on_486_6,4,segment_B,1,0,0,0
486,0,control,on_486_2,5,segment_B,1,0,0,0
486,0,control,on_486_24,6,segment_A,1,0,0,0
486,0,control,on_486_25,7,segment_A,1,0,0,0
486,0,control,on_486_20,8,segment_A,1,0,0,0
486,0,control,on_486_13,9,segment_B,1,0,0,0
487,9,treatment,on_487_18,0,segment_B,1,0,0,0
487,9,treatment,on_487_30,1,segment_B,1,0,0,0
487,9,treatment,on_487_12,2,segment_B,1,0,0,0
487,9,treatment,on_487_3,3,segment_A,1,0,0,0
487,9,treatment,on_487_38,4,segment_A,1,0,0,0
487,9,treatment,on_487_34,5,segment_A,1,0,0,0
487,9,treatment,on_487_21,6,segment_B,1,0,0,0
487,9,treatment,on_487_22,7,segment_B,1,1,0,0
487,9,treatment,on_487_32,8,segment_B,1,0,0,0
487,9,treatment,on_487_16,9,segment_B,1,0,0,0
488,10,control,on_488_15,0,segment_B,1,0,0,0
488,10,control,on_488_17,1,segment_B,1,0,0,0
488,10,control,on_488_37,2,segment_A,1,0,0,0
488,10,control,on_488_28,3,segment_B,1,1,0,0
488,10,control,on_488_3,4,segment_A,1,0,0,0
488,10,control,on_488_20,5,segment_A,1,0,0,0
488,10,control,on_488_24,6,segment_B,1,0,0,0
488,10,control,on_488_1,7,segment_A,1,0,0,0
488,10,control,on_488_33,8,segment_B,1,1,0,0
488,10,control,on_488_38,9,segment_B,1,0,0,0
489,1,control,on_489_28,0,segment_A,1,0,0,0
489,1,control,on_489_4,1,segment_A,1,0,0,0
489,1,control,on_489_26,2,segment_A,1,0,0,0
489,1,control,on_489_8,3,segment_B,1,0,0,0
489,1,control,on_489_22,4,segment_B,1,0,0,0
489,1,control,on_489_6,5,segment_A,1,0,0,0
489,1,control,on_489_21,6,segment_B,1,0,0,0
489,1,control,on_489_17,7,segment_B,1,0,0,0
489,1,control,on_489_35,8,segment_A,1,0,0,0
489,1,control,on_489_14,9,segment_B,1,0,0,0
490,0,treatment,on_490_31,0,segment_B,1,0,0,0
490,0,treatment,on_490_17,1,segment_B,1,0,0,0
490,0,treatment,on_490_13,2,segment_B,1,0,0,0
490,0,treatment,on_490_29,3,segment_A,1,0,0,0
490,0,treatment,on_490_10,4,segment_B,1,1,0,0
490,0,treatment,on_490_11,5,segment_B,1,0,0,0
490,0,treatment,on_490_30,6,segment_A,1,0,0,0
490,0,treatment,on_490_3,7,segment_B,1,0,0,0
490,0,treatment,on_490_23,8,segment_B,1,0,0,0
490,0,treatment,on_490_14,9,segment_B,1,0,0,0
491,6,control,on_491_30,0,segment_A,1,0,0,0
491,6,control,on_491_34,1,segment_A,1,0,0,0
491,6,control,on_491_27,2,segment_A,1,0,0,0
491,6,control,on_491_32,3,segment_B,1,0,0,0
491,6,control,on_491_7,4,segment_A,1,0,0,0
491,6,control,on_491_21,5,segment_B,1,1,0,0
491,6,control,on_491_23,6,segment_B,1,0,0,0
491,6,control,on_491_28,7,segment_A,1,0,0,0
491,6,control,on_491_25,8,segment_A,1,0,0,0
491,6,control,on_491_31,9,segment_A,1,0,0,0
492,7,control,on_492_38,0,segment_A,1,0,0,0
492,7,control,on_492_13,1,segment_B,1,0,0,0
492,7,control,on_492_29,2,segment_A,1,0,0,0
492,7,control,on_492_20,3,segment_A,1,0,0,0
492,7,control,on_492_8,4,segment_A,1,0,0,0
492,7,control,on_492_10,5,segment_A,1,0,0,0
492,7,control,on_492_34,6,segment_B,1,0,0,0
492,7,control,on_492_35,7,segment_B,1,0,0,0
492,7,control,on_492_2,8,segment_A,1,0,0,0
492,7,control,on_492_33,9,segment_A,1,0,0,0
493,1,control,on_493_20,0,segment_A,1,0,0,0
493,1,control,on_493_35,1,segment_B,1,0,0,0
493,1,control,on_493_7,2,segment_A,1,0,0,0
493,1,control,on_493_38,3,segment_B,1,1,0,0
493,1,control,on_493_23,4,segment_B,1,0,0,0
493,1,control,on_493_22,5,segment_B,1,0,0,0
493,1,control,on_493_2,6,segment_A,1,1,1,0
493,1,control,on_493_18,7,segment_B,1,0,0,0
493,1,control,on_493_30,8,segment_A,1,0,0,0
493,1,control,on_493_36,9,segment_B,1,0,0,0
494,5,treatment,on_494_21,0,segment_A,1,1,1,0
494,5,treatment,on_494_17,1,segment_A,1,0,0,0
494,5,treatment,on_494_33,2,segment_B,1,1,0,0
494,5,treatment,on_494_31,3,segment_A,1,0,0,0
494,5,treatment,on_494_8,4,segment_A,1,0,0,0
494,5,treatment,on_494_20,5,segment_B,1,0,0,0
494,5,treatment,on_494_13,6,segment_A,1,1,0,0
494,5,treatment,on_494_35,7,segment_A,1,0,0,0
494,5,treatment,on_494_39,8,segment_B,1,0,0,0
494,5,treatment,on_494_28,9,segment_B,1,0,0,0
495,8,treatment,on_495_33,0,segment_B,1,0,0,0
495,8,treatment,on_495_10,1,segment_B,1,0,0,0
495,8,treatment,on_495_36,2,segment_B,1,0,0,0
495,8,treatment,on_495_0,3,segment_A,1,0,0,0
495,8,treatment,on_495_8,4,segment_B,1,1,0,0
495,8,treatment,on_495_38,5,segment_A,1,0,0,0
495,8,treatment,on_495_13,6,segment_B,1,0,0,0
495,8,treatment,on_495_29,7,segment_A,1,0,0,0
495,8,treatment,on_495_3,8,segment_B,1,0,0,0
495,8,treatment,on_495_20,9,segment_A,1,0,0,0
496,6,treatment,on_496_13,0,segment_B,1,0,0,0
496,6,treatment,on_496_29,1,segment_B,1,0,0,0
496,6,treatment,on_496_8,2,segment_B,1,1,1,1
496,6,treatment,on_496_37,3,segment_B,1,0,0,0
496,6,treatment,on_496_36,4,segment_A,1,0,0,0
496,6,treatment,on_496_25,5,segment_B,1,1,0,0
496,6,treatment,on_496_27,6,segment_A,1,0,0,0
496,6,treatment,on_496_18,7,segment_A,1,0,0,0
496,6,treatment,on_496_20,8,segment_A,1,0,0,0
496,6,treatment,on_496_32,9,segment_A,1,0,0,0
497,7,treatment,on_497_13,0,segment_A,1,1,1,0
497,7,treatment,on_497_2,1,segment_B,1,0,0,0
497,7,treatment,on_497_3,2,segment_B,1,1,0,0
497,7,treatment,on_497_22,3,segment_A,1,0,0,0
497,7,treatment,on_497_35,4,segment_A,1,1,0,0
497,7,treatment,on_497_7,5,segment_A,1,0,0,0
497,7,treatment,on_497_23,6,segment_B,1,1,1,0
497,7,treatment,on_497_37,7,segment_A,1,0,0,0
497,7,treatment,on_497_9,8,segment_B,1,0,0,0
497,7,treatment,on_497_17,9,segment_B,1,0,0,0
498,12,treatment,on_498_3,0,segment_A,1,0,0,0
498,12,treatment,on_498_35,1,segment_B,1,0,0,0
498,12,treatment,on_498_26,2,segment_A,1,0,0,0
498,12,treatment,on_498_25,3,segment_B,1,0,0,0
498,12,treatment,on_498_13,4,segment_B,1,0,0,0
498,12,treatment,on_498_16,5,segment_B,1,1,0,0
498,12,treatment,on_498_7,6,segment_B,1,0,0,0
498,12,treatment,on_498_24,7,segment_A,1,0,0,0
498,12,treatment,on_498_19,8,segment_B,1,0,0,0
498,12,treatment,on_498_1,9,segment_B,1,0,0,0
499,5,treatment,on_499_9,0,segment_B,1,0,0,0
499,5,treatment,on_499_1,1,segment_B,1,0,0,0
499,5,treatment,on_499_0,2,segment_B,1,0,0,0
499,5,treatment,on_499_16,3,segment_A,1,0,0,0
499,5,treatment,on_499_37,4,segment_A,1,0,0,0
499,5,treatment,on_499_24,5,segment_B,1,0,0,0
499,5,treatment,on_499_36,6,segment_A,1,1,0,0
499,5,treatment,on_499_23,7,segment_A,1,0,0,0
499,5,treatment,on_499_33,8,segment_A,1,0,0,0
499,5,treatment,on_499_34,9,segment_B,1,0,0,0
500,7,control,on_500_5,0,segment_A,1,0,0,0
500,7,control,on_500_21,1,segment_B,1,0,0,0
500,7,control,on_500_4,2,segment_B,1,1,1,0
500,7,control,on_500_14,3,segment_A,1,1,0,0
500,7,control,on_500_25,4,segment_A,1,0,0,0
500,7,control,on_500_34,5,segment_B,1,0,0,0
500,7,control,on_500_27,6,segment_A,1,0,0,0
500,7,control,on_500_2,7,segment_B,1,0,0,0
500,7,control,on_500_8,8,segment_A,1,0,0,0
500,7,control,on_500_24,9,segment_A,1,0,0,0
501,4,treatment,on_501_14,0,segment_B,1,1,1,0
501,4,treatment,on_501_34,1,segment_B,1,1,1,1
501,4,treatment,on_501_29,2,segment_B,1,0,0,0
501,4,treatment,on_501_36,3,segment_A,1,0,0,0
501,4,treatment,on_501_17,4,segment_B,1,1,1,0
501,4,treatment,on_501_22,5,segment_B,1,0,0,0
501,4,treatment,on_501_27,6,segment_B,1,0,0,0
501,4,treatment,on_501_13,7,segment_B,1,0,0,0
501,4,treatment,on_501_19,8,segment_B,1,0,0,0
501,4,treatment,on_501_23,9,segment_A,1,0,0,0
502,5,treatment,on_502_27,0,segment_B,1,1,1,0
502,5,treatment,on_502_22,1,segment_B,1,0,0,0
502,5,treatment,on_502_31,2,segment_A,1,0,0,0
502,5,treatment,on_502_1,3,segment_B,1,0,0,0
502,5,treatment,on_502_15,4,segment_B,1,0,0,0
502,5,treatment,on_502_21,5,segment_B,1,0,0,0
502,5,treatment,on_502_34,6,segment_B,1,1,0,0
502,5,treatment,on_502_5,7,segment_A,1,0,0,0
502,5,treatment,on_502_10,8,segment_A,1,0,0,0
502,5,treatment,on_502_25,9,segment_B,1,0,0,0
503,10,control,on_503_31,0,segment_A,1,1,1,1
503,10,control,on_503_8,1,segment_B,1,0,0,0
503,10,control,on_503_4,2,segment_B,1,1,1,1
503,10,control,on_503_15,3,segment_A,1,1,0,0
503,10,control,on_503_11,4,segment_A,1,0,0,0
503,10,control,on_503_30,5,segment_A,1,0,0,0
503,10,control,on_503_19,6,segment_B,1,0,0,0
503,10,control,on_503_12,7,segment_A,1,0,0,0
503,10,control,on_503_1,8,segment_B,1,0,0,0
503,10,control,on_503_9,9,segment_B,1,1,0,0
504,1,treatment,on_504_32,0,segment_B,1,0,0,0
504,1,treatment,on_504_16,1,segment_A,1,1,0,0
504,1,treatment,on_504_39,2,segment_A,1,0,0,0
504,1,treatment,on_504_35,3,segment_B,1,0,0,0
504,1,treatment,on_504_7,4,segment_A,1,0,0,0
504,1,treatment,on_504_11,5,segment_A,1,1,0,0
504,1,treatment,on_504_3,6,segment_A,1,0,0,0
504,1,treatment,on_504_27,7,segment_B,1,0,0,0
504,1,treatment,on_504_0,8,segment_A,1,0,0,0
504,1,treatment,on_504_23,9,segment_A,1,0,0,0
505,13,treatment,on_505_2,0,segment_B,1,0,0,0
505,13,treatment,on_505_37,1,segment_A,1,0,0,0
505,13,treatment,on_505_10,2,segment_B,1,0,0,0
505,13,treatment,on_505_16,3,segment_B,1,0,0,0
505,13,treatment,on_505_34,4,segment_A,1,1,0,0
505,13,treatment,on_505_38,5,segment_A,1,0,0,0
505,13,treatment,on_505_18,6,segment_A,1,0,0,0
505,13,treatment,on_505_11,7,segment_A,1,0,0,0
505,13,treatment,on_505_19,8,segment_B,1,0,0,0
505,13,treatment,on_505_8,9,segment_B,1,0,0,0
506,8,treatment,on_506_36,0,segment_B,1,0,0,0
506,8,treatment,on_506_29,1,segment_A,1,0,0,0
506,8,treatment,on_506_39,2,segment_B,1,0,0,0
506,8,treatment,on_506_23,3,segment_B,1,0,0,0
506,8,treatment,on_506_6,4,segment_B,1,0,0,0
506,8,treatment,on_506_38,5,segment_B,1,0,0,0
506,8,treatment,on_506_27,6,segment_B,1,0,0,0
506,8,treatment,on_506_13,7,segment_B,1,0,0,0
506,8,treatment,on_506_28,8,segment_B,1,0,0,0
506,8,treatment,on_506_14,9,segment_B,1,1,0,0
507,8,control,on_507_25,0,segment_B,1,0,0,0
507,8,control,on_507_6,1,segment_A,1,0,0,0
507,8,control,on_507_1,2,segment_B,1,0,0,0
507,8,control,on_507_14,3,segment_A,1,1,0,0
507,8,control,on_507_20,4,segment_B,1,0,0,0
507,8,control,on_507_16,5,segment_B,1,0,0,0
507,8,control,on_507_19,6,segment_B,1,0,0,0
507,8,control,on_507_13,7,segment_B,1,0,0,0
507,8,control,on_507_11,8,segment_B,1,0,0,0
507,8,control,on_507_21,9,segment_A,1,0,0,0
508,11,control,on_508_13,0,segment_A,1,1,0,0
508,11,control,on_508_14,1,segment_B,1,1,1,0
508,11,control,on_508_11,2,segment_A,1,0,0,0
508,11,control,on_508_1,3,segment_B,1,0,0,0
508,11,control,on_508_0,4,segment_A,1,0,0,0
508,11,control,on_508_31,5,segment_A,1,0,0,0
508,11,control,on_508_33,6,segment_B,1,0,0,0
508,11,control,on_508_35,7,segment_B,1,0,0,0
508,11,control,on_508_7,8,segment_A,1,0,0,0
508,11,control,on_508_36,9,segment_A,1,0,0,0
509,0,treatment,on_509_11,0,segment_B,1,0,0,0
509,0,treatment,on_509_20,1,segment_A,1,0,0,0
509,0,treatment,on_509_8,2,segment_A,1,1,0,0
509,0,treatment,on_509_37,3,segment_B,1,0,0,0
509,0,treatment,on_509_16,4,segment_B,1,0,0,0
509,0,treatment,on_509_15,5,segment_B,1,1,0,0
509,0,treatment,on_509_10,6,segment_A,1,0,0,0
509,0,treatment,on_509_32,7,segment_B,1,0,0,0
509,0,treatment,on_509_35,8,segment_B,1,0,0,0
509,0,treatment,on_509_33,9,segment_B,1,0,0,0
510,11,treatment,on_510_15,0,segment_A,1,1,0,0
510,11,treatment,on_510_1,1,segment_B,1,0,0,0
510,11,treatment,on_510_38,2,segment_A,1,0,0,0
510,11,treatment,on_510_14,3,segment_A,1,0,0,0
510,11,treatment,on_510_25,4,segment_B,1,0,0,0
510,11,treatment,on_510_3,5,segment_B,1,0,0,0
510,11,treatment,on_510_24,6,segment_B,1,0,0,0
510,11,treatment,on_510_29,7,segment_A,1,1,1,0
510,11,treatment,on_510_21,8,segment_A,1,0,0,0
510,11,treatment,on_510_16,9,segment_B,1,0,0,0
511,0,control,on_511_35,0,segment_A,1,0,0,0
511,0,control,on_511_36,1,segment_B,1,0,0,0
511,0,control,on_511_11,2,segment_A,1,0,0,0
511,0,control,on_511_38,3,segment_B,1,0,0,0
511,0,control,on_511_1,4,segment_A,1,0,0,0
511,0,control,on_511_27,5,segment_B,1,0,0,0
511,0,control,on_511_17,6,segment_A,1,0,0,0
511,0,control,on_511_2,7,segment_B,1,0,0,0
511,0,control,on_511_23,8,segment_A,1,0,0,0
511,0,control,on_511_30,9,segment_B,1,0,0,0
512,4,control,on_512_27,0,segment_B,1,0,0,0
512,4,control,on_512_14,1,segment_B,1,1,1,0
512,4,control,on_512_8,2,segment_B,1,0,0,0
512,4,control,on_512_12,3,segment_A,1,0,0,0
512,4,control,on_512_19,4,segment_A,1,0,0,0
512,4,control,on_512_36,5,segment_A,1,0,0,0
512,4,control,on_512_25,6,segment_B,1,1,0,0
512,4,control,on_512_24,7,segment_B,1,0,0,0
512,4,control,on_512_26,8,segment_A,1,0,0,0
512,4,control,on_512_0,9,segment_B,1,0,0,0
513,7,control,on_513_27,0,segment_A,1,0,0,0
513,7,control,on_513_26,1,segment_B,1,0,0,0
513,7,control,on_513_3,2,segment_B,1,0,0,0
513,7,control,on_513_18,3,segment_B,1,0,0,0
513,7,control,on_513_25,4,segment_A,1,0,0,0
513,7,control,on_513_21,5,segment_B,1,0,0,0
513,7,control,on_513_22,6,segment_B,1,0,0,0
513,7,control,on_513_1,7,segment_B,1,1,0,0
513,7,control,on_513_37,8,segment_B,1,0,0,0
513,7,control,on_513_10,9,segment_B,1,0,0,0
514,3,treatment,on_514_36,0,segment_A,1,0,0,0
514,3,treatment,on_514_8,1,segment_A,1,0,0,0
514,3,treatment,on_514_11,2,segment_B,1,1,1,1
514,3,treatment,on_514_9,3,segment_B,1,0,0,0
514,3,treatment,on_514_6,4,segment_B,1,1,0,0
514,3,treatment,on_514_38,5,segment_B,1,0,0,0
514,3,treatment,on_514_7,6,segment_A,1,0,0,0
514,3,treatment,on_514_5,7,segment_A,1,0,0,0
514,3,treatment,on_514_33,8,segment_B,1,0,0,0
514,3,treatment,on_514_27,9,segment_B,1,0,0,0
515,3,treatment,on_515_9,0,segment_B,1,0,0,0
515,3,treatment,on_515_5,1,segment_B,1,0,0,0
515,3,treatment,on_515_22,2,segment_B,1,0,0,0
515,3,treatment,on_515_7,3,segment_A,1,1,1,1
515,3,treatment,on_515_8,4,segment_A,1,0,0,0
515,3,treatment,on_515_21,5,segment_B,1,0,0,0
515,3,treatment,on_515_20,6,segment_A,1,0,0,0
515,3,treatment,on_515_6,7,segment_A,1,0,0,0
515,3,treatment,on_515_10,8,segment_B,1,1,0,0
515,3,treatment,on_515_30,9,segment_A,1,0,0,0
516,13,treatment,on_516_38,0,segment_B,1,1,1,1
516,13,treatment,on_516_14,1,segment_A,1,0,0,0
516,13,treatment,on_516_9,2,segment_A,1,0,0,0
516,13,treatment,on_516_28,3,segment_A,1,0,0,0
516,13,treatment,on_516_0,4,segment_A,1,0,0,0
516,13,treatment,on_516_21,5,segment_B,1,0,0,0
516,13,treatment,on_516_1,6,segment_B,1,0,0,0
516,13,treatment,on_516_27,7,segment_A,1,0,0,0
516,13,treatment,on_516_37,8,segment_B,1,0,0,0
516,13,treatment,on_516_12,9,segment_A,1,0,0,0
517,7,control,on_517_17,0,segment_B,1,1,0,0
517,7,control,on_517_9,1,segment_B,1,0,0,0
517,7,control,on_517_23,2,segment_B,1,0,0,0
517,7,control,on_517_34,3,segment_B,1,0,0,0
517,7,control,on_517_37,4,segment_A,1,0,0,0
517,7,control,on_517_39,5,segment_A,1,0,0,0
517,7,control,on_517_2,6,segment_B,1,0,0,0
517,7,control,on_517_29,7,segment_A,1,0,0,0
517,7,control,on_517_13,8,segment_A,1,0,0,0
517,7,control,on_517_14,9,segment_A,1,0,0,0
518,1,treatment,on_518_20,0,segment_B,1,0,0,0
518,1,treatment,on_518_16,1,segment_A,1,0,0,0
518,1,treatment,on_518_3,2,segment_B,1,0,0,0
518,1,treatment,on_518_31,3,segment_B,1,0,0,0
518,1,treatment,on_518_7,4,segment_B,1,0,0,0
518,1,treatment,on_518_23,5,segment_A,1,0,0,0
518,1,treatment,on_518_19,6,segment_B,1,0,0,0
518,1,treatment,on_518_10,7,segment_A,1,0,0,0
518,1,treatment,on_518_28,8,segment_B,1,0,0,0
518,1,treatment,on_518_0,9,segment_B,1,0,0,0
519,6,control,on_519_7,0,segment_A,1,0,0,0
519,6,control,on_519_0,1,segment_B,1,1,0,0
519,6,control,on_519_17,2,segment_B,1,0,0,0
519,6,control,on_519_19,3,segment_B,1,0,0,0
519,6,control,on_519_23,4,segment_B,1,0,0,0
519,6,control,on_519_18,5,segment_A,1,0,0,0
519,6,control,on_519_20,6,segment_A,1,1,0,0
519,6,control,on_519_14,7,segment_B,1,0,0,0
519,6,control,on_519_5,8,segment_A,1,0,0,0
519,6,control,on_519_32,9,segment_B,1,0,0,0
520,10,control,on_520_19,0,segment_B,1,0,0,0
520,10,control,on_520_35,1,segment_A,1,0,0,0
520,10,control,on_520_13,2,segment_A,1,1,0,0
520,10,control,on_520_4,3,segment_B,1,0,0,0
520,10,control,on_520_6,4,segment_B,1,0,0,0
520,10,control,on_520_38,5,segment_A,1,1,1,0
520,10,control,on_520_11,6,segment_B,1,0,0,0
520,10,control,on_520_7,7,segment_B,1,0,0,0
520,10,control,on_520_5,8,segment_A,1,0,0,0
520,10,control,on_520_12,9,segment_A,1,0,0,0
521,7,treatment,on_521_22,0,segment_A,1,0,0,0
521,7,treatment,on_521_1,1,segment_B,1,1,0,0
521,7,treatment,on_521_38,2,segment_B,1,0,0,0
521,7,treatment,on_521_35,3,segment_B,1,0,0,0
521,7,treatment,on_521_17,4,segment_B,1,0,0,0
521,7,treatment,on_521_28,5,segment_B,1,0,0,0
521,7,treatment,on_521_13,6,segment_B,1,0,0,0
521,7,treatment,on_521_39,7,segment_B,1,0,0,0
521,7,treatment,on_521_19,8,segment_A,1,0,0,0
521,7,treatment,on_521_26,9,segment_A,1,0,0,0
522,3,treatment,on_522_20,0,segment_A,1,0,0,0
522,3,treatment,on_522_14,1,segment_A,1,0,0,0
522,3,treatment,on_522_18,2,segment_B,1,0,0,0
522,3,treatment,on_522_25,3,segment_B,1,0,0,0
522,3,treatment,on_522_15,4,segment_A,1,0,0,0
522,3,treatment,on_522_0,5,segment_B,1,0,0,0
522,3,treatment,on_522_23,6,segment_B,1,0,0,0
522,3,treatment,on_522_28,7,segment_B,1,0,0,0
522,3,treatment,on_522_31,8,segment_A,1,0,0,0
522,3,treatment,on_522_27,9,segment_A,1,0,0,0
523,1,control,on_523_28,0,segment_A,1,0,0,0
523,1,control,on_523_19,1,segment_B,1,1,0,0
523,1,control,on_523_21,2,segment_A,1,1,0,0
523,1,control,on_523_27,3,segment_A,1,0,0,0
523,1,control,on_523_4,4,segment_B,1,0,0,0
523,1,control,on_523_7,5,segment_A,1,1,0,0
523,1,control,on_523_26,6,segment_B,1,0,0,0
523,1,control,on_523_2,7,segment_A,1,0,0,0
523,1,control,on_523_29,8,segment_A,1,0,0,0
523,1,control,on_523_24,9,segment_A,1,0,0,0
524,0,treatment,on_524_18,0,segment_A,1,0,0,0
524,0,treatment,on_524_25,1,segment_A,1,0,0,0
524,0,treatment,on_524_17,2,segment_B,1,1,0,0
524,0,treatment,on_524_31,3,segment_B,1,0,0,0
524,0,treatment,on_524_5,4,segment_B,1,0,0,0
524,0,treatment,on_524_7,5,segment_B,1,0,0,0
524,0,treatment,on_524_35,6,segment_B,1,0,0,0
524,0,treatment,on_524_36,7,segment_B,1,0,0,0
524,0,treatment,on_524_23,8,segment_B,1,0,0,0
524,0,treatment,on_524_12,9,segment_B,1,0,0,0
525,3,control,on_525_39,0,segment_A,1,0,0,0
525,3,control,on_525_21,1,segment_B,1,0,0,0
525,3,control,on_525_29,2,segment_B,1,0,0,0
525,3,control,on_525_16,3,segment_B,1,0,0,0
525,3,control,on_525_32,4,segment_A,1,0,0,0
525,3,control,on_525_26,5,segment_B,1,0,0,0
525,3,control,on_525_34,6,segment_A,1,0,0,0
525,3,control,on_525_36,7,segment_A,1,0,0,0
525,3,control,on_525_25,8,segment_B,1,0,0,0
525,3,control,on_525_14,9,segment_A,1,0,0,0
526,2,treatment,on_526_2,0,segment_B,1,1,0,0
526,2,treatment,on_526_10,1,segment_B,1,0,0,0
526,2,treatment,on_526_3,2,segment_B,1,0,0,0
526,2,treatment,on_526_27,3,segment_A,1,0,0,0
526,2,treatment,on_526_5,4,segment_B,1,0,0,0
526,2,treatment,on_526_13,5,segment_A,1,0,0,0
526,2,treatment,on_526_17,6,segment_B,1,0,0,0
526,2,treatment,on_526_19,7,segment_A,1,0,0,0
526,2,treatment,on_526_6,8,segment_B,1,0,0,0
526,2,treatment,on_526_34,9,segment_B,1,0,0,0
527,2,treatment,on_527_36,0,segment_A,1,0,0,0
527,2,treatment,on_527_19,1,segment_A,1,1,0,0
527,2,treatment,on_527_21,2,segment_A,1,0,0,0
527,2,treatment,on_527_7,3,segment_A,1,0,0,0
527,2,treatment,on_527_11,4,segment_A,1,0,0,0
527,2,treatment,on_527_14,5,segment_A,1,0,0,0
527,2,treatment,on_527_6,6,segment_B,1,1,1,0
527,2,treatment,on_527_33,7,segment_A,1,0,0,0
527,2,treatment,on_527_23,8,segment_B,1,0,0,0
527,2,treatment,on_527_12,9,segment_B,1,0,0,0
528,8,control,on_528_16,0,segment_B,1,0,0,0
528,8,control,on_528_28,1,segment_A,1,1,0,0
528,8,control,on_528_24,2,segment_B,1,1,0,0
528,8,control,on_528_11,3,segment_A,1,0,0,0
528,8,control,on_528_1,4,segment_B,1,0,0,0
528,8,control,on_528_8,5,segment_B,1,0,0,0
528,8,control,on_528_21,6,segment_B,1,0,0,0
528,8,control,on_528_25,7,segment_A,1,0,0,0
528,8,control,on_528_39,8,segment_A,1,1,0,0
528,8,control,on_528_20,9,segment_A,1,0,0,0
529,7,treatment,on_529_35,0,segment_A,1,0,0,0
529,7,treatment,on_529_1,1,segment_B,1,1,1,0
529,7,treatment,on_529_17,2,segment_A,1,0,0,0
529,7,treatment,on_529_6,3,segment_A,1,0,0,0
529,7,treatment,on_529_21,4,segment_B,1,0,0,0
529,7,treatment,on_529_11,5,segment_A,1,0,0,0
529,7,treatment,on_529_26,6,segment_B,1,0,0,0
529,7,treatment,on_529_4,7,segment_A,1,0,0,0
529,7,treatment,on_529_22,8,segment_B,1,0,0,0
529,7,treatment,on_529_30,9,segment_B,1,0,0,0
530,13,control,on_530_15,0,segment_B,1,0,0,0
530,13,control,on_530_7,1,segment_B,1,1,0,0
530,13,control,on_530_38,2,segment_B,1,0,0,0
530,13,control,on_530_32,3,segment_A,1,0,0,0
530,13,control,on_530_14,4,segment_A,1,0,0,0
530,13,control,on_530_19,5,segment_B,1,0,0,0
530,13,control,on_530_20,6,segment_B,1,0,0,0
530,13,control,on_530_27,7,segment_B,1,0,0,0
530,13,control,on_530_0,8,segment_A,1,0,0,0
530,13,control,on_530_33,9,segment_B,1,0,0,0
531,4,control,on_531_17,0,segment_B,1,0,0,0
531,4,control,on_531_37,1,segment_B,1,0,0,0
531,4,control,on_531_16,2,segment_B,1,0,0,0
531,4,control,on_531_13,3,segment_B,1,0,0,0
531,4,control,on_531_38,4,segment_B,1,0,0,0
531,4,control,on_531_8,5,segment_B,1,0,0,0
531,4,control,on_531_7,6,segment_A,1,0,0,0
531,4,control,on_531_11,7,segment_A,1,0,0,0
531,4,control,on_531_1,8,segment_A,1,0,0,0
531,4,control,on_531_15,9,segment_A,1,0,0,0
532,9,control,on_532_28,0,segment_A,1,0,0,0
532,9,control,on_532_32,1,segment_B,1,1,1,0
532,9,control,on_532_36,2,segment_B,1,0,0,0
532,9,control,on_532_16,3,segment_B,1,0,0,0
532,9,control,on_532_4,4,segment_A,1,0,0,0
532,9,control,on_532_24,5,segment_B,1,0,0,0
532,9,control,on_532_17,6,segment_B,1,0,0,0
532,9,control,on_532_18,7,segment_A,1,0,0,0
532,9,control,on_532_12,8,segment_B,1,0,0,0
532,9,control,on_532_31,9,segment_A,1,0,0,0
533,7,treatment,on_533_12,0,segment_B,1,0,0,0
533,7,treatment,on_533_14,1,segment_B,1,1,0,0
533,7,treatment,on_533_34,2,segment_A,1,0,0,0
533,7,treatment,on_533_32,3,segment_B,1,0,0,0
533,7,treatment,on_533_22,4,segment_B,1,0,0,0
533,7,treatment,on_533_7,5,segment_A,1,0,0,0
533,7,treatment,on_533_39,6,segment_A,1,0,0,0
533,7,treatment,on_533_6,7,segment_A,1,0,0,0
533,7,treatment,on_533_20,8,segment_B,1,0,0,0
533,7,treatment,on_533_0,9,segment_A,1,0,0,0
534,13,control,on_534_18,0,segment_B,1,0,0,0
534,13,control,on_534_34,1,segment_B,1,1,1,1
534,13,control,on_534_30,2,segment_B,1,0,0,0
534,13,control,on_534_8,3,segment_A,1,0,0,0
534,13,control,on_534_2,4,segment_A,1,0,0,0
534,13,control,on_534_24,5,segment_A,1,0,0,0
534,13,control,on_534_27,6,segment_B,1,0,0,0
534,13,control,on_534_11,7,segment_A,1,0,0,0
534,13,control,on_534_36,8,segment_A,1,1,0,0
534,13,control,on_534_5,9,segment_B,1,0,0,0
535,10,treatment,on_535_35,0,segment_A,1,1,1,0
535,10,treatment,on_535_7,1,segment_A,1,0,0,0
535,10,treatment,on_535_32,2,segment_A,1,0,0,0
535,10,treatment,on_535_5,3,segment_B,1,1,1,1
535,10,treatment,on_535_6,4,segment_B,1,0,0,0
535,10,treatment,on_535_36,5,segment_B,1,0,0,0
535,10,treatment,on_535_31,6,segment_B,1,1,0,0
535,10,treatment,on_535_11,7,segment_A,1,0,0,0
535,10,treatment,on_535_13,8,segment_B,1,0,0,0
535,10,treatment,on_535_26,9,segment_A,1,0,0,0
536,12,control,on_536_13,0,segment_B,1,0,0,0
536,12,control,on_536_5,1,segment_A,1,0,0,0
536,12,control,on_536_18,2,segment_A,1,0,0,0
536,12,control,on_536_24,3,segment_A,1,0,0,0
536,12,control,on_536_25,4,segment_B,1,0,0,0
536,12,control,on_536_35,5,segment_A,1,0,0,0
536,12,control,on_536_22,6,segment_B,1,0,0,0
536,12,control,on_536_9,7,segment_A,1,0,0,0
536,12,control,on_536_16,8,segment_B,1,0,0,0
536,12,control,on_536_2,9,segment_B,1,0,0,0
537,12,treatment,on_537_31,0,segment_A,1,0,0,0
537,12,treatment,on_537_39,1,segment_A,1,0,0,0
537,12,treatment,on_537_33,2,segment_B,1,0,0,0
537,12,treatment,on_537_37,3,segment_B,1,0,0,0
537,12,treatment,on_537_11,4,segment_B,1,0,0,0
537,12,treatment,on_537_21,5,segment_A,1,0,0,0
537,12,treatment,on_537_16,6,segment_A,1,1,0,0
537,12,treatment,on_537_38,7,segment_B,1,0,0,0
537,12,treatment,on_537_29,8,segment_A,1,0,0,0
537,12,treatment,on_537_28,9,segment_A,1,0,0,0
538,0,control,on_538_6,0,segment_A,1,0,0,0
538,0,control,on_538_26,1,segment_A,1,0,0,0
538,0,control,on_538_32,2,segment_B,1,0,0,0
538,0,control,on_538_13,3,segment_B,1,0,0,0
538,0,control,on_538_5,4,segment_A,1,0,0,0
538,0,control,on_538_30,5,segment_A,1,0,0,0
538,0,control,on_538_19,6,segment_A,1,0,0,0
538,0,control,on_538_2,7,segment_A,1,0,0,0
538,0,control,on_538_15,8,segment_B,1,0,0,0
538,0,control,on_538_31,9,segment_A,1,0,0,0
539,9,control,on_539_19,0,segment_B,1,1,1,0
539,9,control,on_539_8,1,segment_A,1,0,0,0
539,9,control,on_539_3,2,segment_A,1,0,0,0
539,9,control,on_539_15,3,segment_A,1,0,0,0
539,9,control,on_539_20,4,segment_A,1,1,0,0
539,9,control,on_539_1,5,segment_B,1,0,0,0
539,9,control,on_539_0,6,segment_B,1,0,0,0
539,9,control,on_539_28,7,segment_B,1,0,0,0
539,9,control,on_539_4,8,segment_A,1,0,0,0
539,9,control,on_539_27,9,segment_A,1,0,0,0
540,8,treatment,on_540_16,0,segment_B,1,0,0,0
540,8,treatment,on_540_32,1,segment_B,1,1,0,0
540,8,treatment,on_540_1,2,segment_A,1,0,0,0
540,8,treatment,on_540_14,3,segment_A,1,0,0,0
540,8,treatment,on_540_38,4,segment_A,1,0,0,0
540,8,treatment,on_540_21,5,segment_B,1,0,0,0
540,8,treatment,on_540_13,6,segment_A,1,0,0,0
540,8,treatment,on_540_4,7,segment_A,1,0,0,0
540,8,treatment,on_540_10,8,segment_A,1,0,0,0
540,8,treatment,on_540_34,9,segment_A,1,0,0,0
541,5,control,on_541_21,0,segment_B,1,1,0,0
541,5,control,on_541_26,1,segment_B,1,0,0,0
541,5,control,on_541_20,2,segment_B,1,0,0,0
541,5,control,on_541_1,3,segment_A,1,0,0,0
541,5,control,on_541_33,4,segment_B,1,0,0,0
541,5,control,on_541_12,5,segment_B,1,0,0,0
541,5,control,on_541_31,6,segment_A,1,0,0,0
541,5,control,on_541_15,7,segment_A,1,0,0,0
541,5,control,on_541_4,8,segment_B,1,1,0,0
541,5,control,on_541_14,9,segment_B,1,0,0,0
542,8,treatment,on_542_9,0,segment_A,1,0,0,0
542,8,treatment,on_542_0,1,segment_B,1,0,0,0
542,8,treatment,on_542_39,2,segment_A,1,1,0,0
542,8,treatment,on_542_31,3,segment_A,1,0,0,0
542,8,treatment,on_542_25,4,segment_A,1,0,0,0
542,8,treatment,on_542_37,5,segment_A,1,0,0,0
542,8,treatment,on_542_11,6,segment_A,1,0,0,0
542,8,treatment,on_542_5,7,segment_A,1,0,0,0
542,8,treatment,on_542_28,8,segment_B,1,0,0,0
542,8,treatment,on_542_20,9,segment_A,1,0,0,0
543,7,control,on_543_34,0,segment_B,1,0,0,0
543,7,control,on_543_3,1,segment_A,1,1,1,0
543,7,control,on_543_5,2,segment_A,1,0,0,0
543,7,control,on_543_38,3,segment_B,1,0,0,0
543,7,control,on_543_14,4,segment_A,1,0,0,0
543,7,control,on_543_25,5,segment_A,1,0,0,0
543,7,control,on_543_1,6,segment_A,1,0,0,0
543,7,control,on_543_6,7,segment_A,1,0,0,0
543,7,control,on_543_29,8,segment_B,1,0,0,0
543,7,control,on_543_37,9,segment_B,1,0,0,0
544,1,control,on_544_15,0,segment_B,1,0,0,0
544,1,control,on_544_11,1,segment_B,1,0,0,0
544,1,control,on_544_18,2,segment_A,1,0,0,0
544,1,control,on_544_38,3,segment_A,1,0,0,0
544,1,control,on_544_6,4,segment_A,1,0,0,0
544,1,control,on_544_21,5,segment_B,1,0,0,0
544,1,control,on_544_12,6,segment_A,1,0,0,0
544,1,control,on_544_33,7,segment_A,1,0,0,0
544,1,control,on_544_13,8,segment_B,1,0,0,0
544,1,control,on_544_32,9,segment_A,1,0,0,0
545,8,treatment,on_545_34,0,segment_B,1,1,0,0
545,8,treatment,on_545_37,1,segment_B,1,1,0,0
545,8,treatment,on_545_4,2,segment_A,1,0,0,0
545,8,treatment,on_545_10,3,segment_A,1,1,0,0
545,8,treatment,on_545_3,4,segment_A,1,0,0,0
545,8,treatment,on_545_0,5,segment_A,1,0,0,0
545,8,treatment,on_545_8,6,segment_A,1,0,0,0
545,8,treatment,on_545_5,7,segment_A,1,0,0,0
545,8,treatment,on_545_11,8,segment_A,1,0,0,0
545,8,treatment,on_545_23,9,segment_B,1,1,0,0
546,8,control,on_546_37,0,segment_B,1,1,1,0
546,8,control,on_546_29,1,segment_B,1,0,0,0
546,8,control,on_546_28,2,segment_A,1,0,0,0
546,8,control,on_546_13,3,segment_A,1,0,0,0
546,8,control,on_546_2,4,segment_B,1,0,0,0
546,8,control,on_546_15,5,segment_A,1,0,0,0
546,8,control,on_546_20,6,segment_B,1,0,0,0
546,8,control,on_546_5,7,segment_A,1,0,0,0
546,8,control,on_546_6,8,segment_A,1,0,0,0
546,8,control,on_546_25,9,segment_A,1,0,0,0
547,1,control,on_547_28,0,segment_A,1,1,0,0
547,1,control,on_547_33,1,segment_A,1,0,0,0
547,1,control,on_547_24,2,segment_B,1,1,0,0
547,1,control,on_547_34,3,segment_A,1,0,0,0
547,1,control,on_547_27,4,segment_A,1,0,0,0
547,1,control,on_547_14,5,segment_A,1,0,0,0
547,1,control,on_547_39,6,segment_B,1,0,0,0
547,1,control,on_547_19,7,segment_A,1,0,0,0
547,1,control,on_547_11,8,segment_A,1,0,0,0
547,1,control,on_547_22,9,segment_A,1,0,0,0
548,6,treatment,on_548_26,0,segment_A,1,0,0,0
548,6,treatment,on_548_14,1,segment_B,1,0,0,0
548,6,treatment,on_548_16,2,segment_A,1,0,0,0
548,6,treatment,on_548_3,3,segment_A,1,0,0,0
548,6,treatment,on_548_4,4,segment_B,1,0,0,0
548,6,treatment,on_548_36,5,segment_B,1,0,0,0
548,6,treatment,on_548_28,6,segment_B,1,0,0,0
548,6,treatment,on_548_32,7,segment_B,1,0,0,0
548,6,treatment,on_548_21,8,segment_A,1,0,0,0
548,6,treatment,on_548_12,9,segment_B,1,0,0,0
549,1,control,on_549_34,0,segment_B,1,0,0,0
549,1,control,on_549_39,1,segment_B,1,1,1,0
549,1,control,on_549_20,2,segment_B,1,0,0,0
549,1,control,on_549_23,3,segment_A,1,0,0,0
549,1,control,on_549_28,4,segment_A,1,0,0,0
549,1,control,on_549_35,5,segment_B,1,0,0,0
549,1,control,on_549_8,6,segment_A,1,0,0,0
549,1,control,on_549_31,7,segment_A,1,0,0,0
549,1,control,on_549_10,8,segment_B,1,0,0,0
549,1,control,on_549_11,9,segment_A,1,0,0,0
550,5,control,on_550_32,0,segment_A,1,1,1,0
550,5,control,on_550_39,1,segment_B,1,0,0,0
550,5,control,on_550_19,2,segment_B,1,0,0,0
550,5,control,on_550_4,3,segment_A,1,1,0,0
550,5,control,on_550_29,4,segment_B,1,0,0,0
550,5,control,on_550_9,5,segment_A,1,0,0,0
550,5,control,on_550_31,6,segment_A,1,0,0,0
550,5,control,on_550_18,7,segment_B,1,0,0,0
550,5,control,on_550_8,8,segment_A,1,0,0,0
550,5,control,on_550_37,9,segment_A,1,0,0,0
551,5,treatment,on_551_28,0,segment_B,1,0,0,0
551,5,treatment,on_551_1,1,segment_B,1,0,0,0
551,5,treatment,on_551_5,2,segment_B,1,0,0,0
551,5,treatment,on_551_4,3,segment_A,1,0,0,0
551,5,treatment,on_551_7,4,segment_B,1,0,0,0
551,5,treatment,on_551_29,5,segment_A,1,0,0,0
551,5,treatment,on_551_33,6,segment_A,1,0,0,0
551,5,treatment,on_551_9,7,segment_A,1,0,0,0
551,5,treatment,on_551_35,8,segment_A,1,0,0,0
551,5,treatment,on_551_25,9,segment_B,1,0,0,0
552,4,control,on_552_18,0,segment_A,1,0,0,0
552,4,control,on_552_28,1,segment_A,1,1,0,0
552,4,control,on_552_11,2,segment_A,1,0,0,0
552,4,control,on_552_20,3,segment_B,1,0,0,0
552,4,control,on_552_5,4,segment_B,1,0,0,0
552,4,control,on_552_9,5,segment_A,1,0,0,0
552,4,control,on_552_10,6,segment_B,1,1,0,0
552,4,control,on_552_27,7,segment_A,1,1,0,0
552,4,control,on_552_4,8,segment_A,1,0,0,0
552,4,control,on_552_22,9,segment_B,1,0,0,0
553,4,control,on_553_2,0,segment_A,1,0,0,0
553,4,control,on_553_15,1,segment_B,1,0,0,0
553,4,control,on_553_24,2,segment_A,1,0,0,0
553,4,control,on_553_5,3,segment_B,1,1,0,0
553,4,control,on_553_32,4,segment_B,1,0,0,0
553,4,control,on_553_23,5,segment_A,1,0,0,0
553,4,control,on_553_28,6,segment_A,1,1,0,0
553,4,control,on_553_19,7,segment_A,1,0,0,0
553,4,control,on_553_26,8,segment_B,1,0,0,0
553,4,control,on_553_6,9,segment_A,1,0,0,0
554,10,control,on_554_23,0,segment_B,1,0,0,0
554,10,control,on_554_12,1,segment_B,1,0,0,0
554,10,control,on_554_29,2,segment_A,1,0,0,0
554,10,control,on_554_10,3,segment_B,1,0,0,0
554,10,control,on_554_30,4,segment_B,1,0,0,0
554,10,control,on_554_33,5,segment_B,1,0,0,0
554,10,control,on_554_36,6,segment_B,1,0,0,0
554,10,control,on_554_20,7,segment_A,1,0,0,0
554,10,control,on_554_13,8,segment_B,1,0,0,0
554,10,control,on_554_31,9,segment_B,1,0,0,0
555,6,control,on_555_3,0,segment_A,1,0,0,0
555,6,control,on_555_39,1,segment_A,1,0,0,0
555,6,control,on_555_14,2,segment_B,1,0,0,0
555,6,control,on_555_38,3,segment_B,1,0,0,0
555,6,control,on_555_23,4,segment_A,1,0,0,0
555,6,control,on_555_33,5,segment_A,1,0,0,0
555,6,control,on_555_21,6,segment_B,1,0,0,0
555,6,control,on_555_32,7,segment_B,1,0,0,0
555,6,control,on_555_22,8,segment_B,1,0,0,0
555,6,control,on_555_26,9,segment_B,1,0,0,0
556,7,treatment,on_556_22,0,segment_A,1,0,0,0
556,7,treatment,on_556_0,1,segment_A,1,1,0,0
556,7,treatment,on_556_30,2,segment_A,1,0,0,0
556,7,treatment,on_556_12,3,segment_A,1,0,0,0
556,7,treatment,on_556_15,4,segment_A,1,0,0,0
556,7,treatment,on_556_7,5,segment_A,1,0,0,0
556,7,treatment,on_556_35,6,segment_A,1,0,0,0
556,7,treatment,on_556_32,7,segment_B,1,0,0,0
556,7,treatment,on_556_34,8,segment_B,1,0,0,0
556,7,treatment,on_556_37,9,segment_A,1,0,0,0
557,4,control,on_557_31,0,segment_B,1,0,0,0
557,4,control,on_557_16,1,segment_B,1,0,0,0
557,4,control,on_557_22,2,segment_B,1,0,0,0
557,4,control,on_557_4,3,segment_A,1,0,0,0
557,4,control,on_557_25,4,segment_A,1,0,0,0
557,4,control,on_557_33,5,segment_B,1,0,0,0
557,4,control,on_557_28,6,segment_A,1,0,0,0
557,4,control,on_557_32,7,segment_B,1,0,0,0
557,4,control,on_557_0,8,segment_A,1,0,0,0
557,4,control,on_557_3,9,segment_A,1,0,0,0
558,8,treatment,on_558_15,0,segment_A,1,0,0,0
558,8,treatment,on_558_6,1,segment_A,1,1,0,0
558,8,treatment,on_558_21,2,segment_A,1,1,0,0
558,8,treatment,on_558_17,3,segment_A,1,0,0,0
558,8,treatment,on_558_39,4,segment_A,1,0,0,0
558,8,treatment,on_558_29,5,segment_A,1,0,0,0
558,8,treatment,on_558_20,6,segment_A,1,0,0,0
558,8,treatment,on_558_37,7,segment_B,1,0,0,0
558,8,treatment,on_558_13,8,segment_B,1,0,0,0
558,8,treatment,on_558_0,9,segment_A,1,0,0,0
559,2,treatment,on_559_1,0,segment_B,1,0,0,0
559,2,treatment,on_559_32,1,segment_B,1,0,0,0
559,2,treatment,on_559_3,2,segment_A,1,0,0,0
559,2,treatment,on_559_0,3,segment_A,1,0,0,0
559,2,treatment,on_559_30,4,segment_A,1,0,0,0
559,2,treatment,on_559_12,5,segment_A,1,1,0,0
559,2,treatment,on_559_2,6,segment_B,1,0,0,0
559,2,treatment,on_559_9,7,segment_A,1,1,0,0
559,2,treatment,on_559_38,8,segment_B,1,1,0,0
559,2,treatment,on_559_33,9,segment_A,1,0,0,0
560,3,control,on_560_2,0,segment_A,1,0,0,0
560,3,control,on_560_20,1,segment_B,1,0,0,0
560,3,control,on_560_33,2,segment_B,1,0,0,0
560,3,control,on_560_30,3,segment_B,1,1,0,0
560,3,control,on_560_11,4,segment_B,1,0,0,0
560,3,control,on_560_18,5,segment_A,1,0,0,0
560,3,control,on_560_37,6,segment_B,1,0,0,0
560,3,control,on_560_22,7,segment_B,1,0,0,0
560,3,control,on_560_19,8,segment_A,1,1,0,0
560,3,control,on_560_27,9,segment_A,1,1,0,0
561,5,control,on_561_17,0,segment_B,1,0,0,0
561,5,control,on_561_8,1,segment_A,1,0,0,0
561,5,control,on_561_4,2,segment_B,1,0,0,0
561,5,control,on_561_11,3,segment_A,1,0,0,0
561,5,control,on_561_24,4,segment_A,1,0,0,0
561,5,control,on_561_0,5,segment_B,1,0,0,0
561,5,control,on_561_3,6,segment_A,1,0,0,0
561,5,control,on_561_2,7,segment_A,1,0,0,0
561,5,control,on_561_12,8,segment_A,1,0,0,0
561,5,control,on_561_27,9,segment_A,1,0,0,0
562,2,control,on_562_4,0,segment_A,1,0,0,0
562,2,control,on_562_28,1,segment_B,1,0,0,0
562,2,control,on_562_11,2,segment_A,1,0,0,0
562,2,control,on_562_5,3,segment_A,1,0,0,0
562,2,control,on_562_24,4,segment_A,1,0,0,0
562,2,control,on_562_19,5,segment_A,1,0,0,0
562,2,control,on_562_34,6,segment_A,1,0,0,0
562,2,control,on_562_31,7,segment_B,1,0,0,0
562,2,control,on_562_25,8,segment_B,1,1,0,0
562,2,control,on_562_38,9,segment_A,1,0,0,0
563,6,treatment,on_563_38,0,segment_A,1,1,1,0
563,6,treatment,on_563_6,1,segment_A,1,0,0,0
563,6,treatment,on_563_3,2,segment_B,1,0,0,0
563,6,treatment,on_563_22,3,segment_B,1,0,0,0
563,6,treatment,on_563_10,4,segment_B,1,0,0,0
563,6,treatment,on_563_11,5,segment_B,1,0,0,0
563,6,treatment,on_563_21,6,segment_B,1,0,0,0
563,6,treatment,on_563_17,7,segment_B,1,0,0,0
563,6,treatment,on_563_0,8,segment_A,1,0,0,0
563,6,treatment,on_563_2,9,segment_A,1,0,0,0
564,6,control,on_564_39,0,segment_B,1,0,0,0
564,6,control,on_564_34,1,segment_A,1,0,0,0
564,6,control,on_564_6,2,segment_A,1,0,0,0
564,6,control,on_564_4,3,segment_B,1,0,0,0
564,6,control,on_564_18,4,segment_A,1,0,0,0
564,6,control,on_564_16,5,segment_A,1,0,0,0
564,6,control,on_564_10,6,segment_A,1,0,0,0
564,6,control,on_564_0,7,segment_B,1,0,0,0
564,6,control,on_564_22,8,segment_B,1,0,0,0
564,6,control,on_564_27,9,segment_B,1,0,0,0
565,8,treatment,on_565_23,0,segment_A,1,1,0,0
565,8,treatment,on_565_6,1,segment_B,1,0,0,0
565,8,treatment,on_565_22,2,segment_B,1,0,0,0
565,8,treatment,on_565_20,3,segment_A,1,0,0,0
565,8,treatment,on_565_30,4,segment_B,1,0,0,0
565,8,treatment,on_565_27,5,segment_A,1,1,1,0
565,8,treatment,on_565_11,6,segment_B,1,0,0,0
565,8,treatment,on_565_7,7,segment_A,1,0,0,0
565,8,treatment,on_565_29,8,segment_B,1,0,0,0
565,8,treatment,on_565_14,9,segment_A,1,0,0,0
566,12,treatment,on_566_10,0,segment_A,1,0,0,0
566,12,treatment,on_566_11,1,segment_B,1,0,0,0
566,12,treatment,on_566_23,2,segment_A,1,0,0,0
566,12,treatment,on_566_24,3,segment_A,1,0,0,0
566,12,treatment,on_566_32,4,segment_B,1,0,0,0
566,12,treatment,on_566_37,5,segment_B,1,0,0,0
566,12,treatment,on_566_34,6,segment_A,1,0,0,0
566,12,treatment,on_566_4,7,segment_A,1,0,0,0
566,12,treatment,on_566_39,8,segment_B,1,0,0,0
566,12,treatment,on_566_22,9,segment_A,1,0,0,0
567,10,control,on_567_25,0,segment_A,1,0,0,0
567,10,control,on_567_10,1,segment_B,1,0,0,0
567,10,control,on_567_0,2,segment_B,1,0,0,0
567,10,control,on_567_15,3,segment_B,1,0,0,0
567,10,control,on_567_5,4,segment_A,1,0,0,0
567,10,control,on_567_38,5,segment_B,1,0,0,0
567,10,control,on_567_27,6,segment_A,1,1,0,0
567,10,control,on_567_9,7,segment_A,1,0,0,0
567,10,control,on_567_28,8,segment_A,1,0,0,0
567,10,control,on_567_7,9,segment_A,1,0,0,0
568,8,treatment,on_568_3,0,segment_A,1,0,0,0
568,8,treatment,on_568_18,1,segment_A,1,0,0,0
568,8,treatment,on_568_28,2,segment_B,1,0,0,0
568,8,treatment,on_568_30,3,segment_A,1,0,0,0
568,8,treatment,on_568_31,4,segment_A,1,0,0,0
568,8,treatment,on_568_29,5,segment_B,1,0,0,0
568,8,treatment,on_568_33,6,segment_A,1,0,0,0
568,8,treatment,on_568_23,7,segment_A,1,0,0,0
568,8,treatment,on_568_22,8,segment_B,1,0,0,0
568,8,treatment,on_568_34,9,segment_B,1,0,0,0
569,2,treatment,on_569_7,0,segment_A,1,0,0,0
569,2,treatment,on_569_29,1,segment_A,1,0,0,0
569,2,treatment,on_569_5,2,segment_B,1,0,0,0
569,2,treatment,on_569_39,3,segment_A,1,0,0,0
569,2,treatment,on_569_10,4,segment_A,1,0,0,0
569,2,treatment,on_569_32,5,segment_A,1,0,0,0
569,2,treatment,on_569_8,6,segment_B,1,0,0,0
569,2,treatment,on_569_19,7,segment_A,1,0,0,0
569,2,treatment,on_569_26,8,segment_B,1,0,0,0
569,2,treatment,on_569_21,9,segment_A,1,0,0,0
570,5,control,on_570_37,0,segment_A,1,1,1,0
570,5,control,on_570_29,1,segment_A,1,0,0,0
570,5,control,on_570_4,2,segment_B,1,0,0,0
570,5,control,on_570_30,3,segment_A,1,0,0,0
570,5,control,on_570_8,4,segment_A,1,0,0,0
570,5,control,on_570_13,5,segment_A,1,0,0,0
570,5,control,on_570_20,6,segment_B,1,0,0,0
570,5,control,on_570_28,7,segment_A,1,0,0,0
570,5,control,on_570_32,8,segment_A,1,0,0,0
570,5,control,on_570_1,9,segment_B,1,0,0,0
571,3,treatment,on_571_29,0,segment_A,1,1,1,1
571,3,treatment,on_571_20,1,segment_B,1,0,0,0
571,3,treatment,on_571_11,2,segment_A,1,0,0,0
571,3,treatment,on_571_32,3,segment_B,1,0,0,0
571,3,treatment,on_571_6,4,segment_B,1,1,1,0
571,3,treatment,on_571_35,5,segment_B,1,0,0,0
571,3,treatment,on_571_33,6,segment_A,1,0,0,0
571,3,treatment,on_571_25,7,segment_B,1,0,0,0
571,3,treatment,on_571_17,8,segment_B,1,0,0,0
571,3,treatment,on_571_5,9,segment_B,1,1,1,0
572,4,treatment,on_572_35,0,segment_A,1,0,0,0
572,4,treatment,on_572_12,1,segment_A,1,0,0,0
572,4,treatment,on_572_8,2,segment_B,1,0,0,0
572,4,treatment,on_572_0,3,segment_A,1,0,0,0
572,4,treatment,on_572_32,4,segment_A,1,0,0,0
572,4,treatment,on_572_14,5,segment_A,1,0,0,0
572,4,treatment,on_572_38,6,segment_B,1,0,0,0
572,4,treatment,on_572_16,7,segment_B,1,0,0,0
572,4,treatment,on_572_3,8,segment_B,1,0,0,0
572,4,treatment,on_572_20,9,segment_A,1,0,0,0
573,2,treatment,on_573_1,0,segment_A,1,0,0,0
573,2,treatment,on_573_29,1,segment_A,1,1,0,0
573,2,treatment,on_573_22,2,segment_B,1,0,0,0
573,2,treatment,on_573_15,3,segment_B,1,0,0,0
573,2,treatment,on_573_23,4,segment_B,1,0,0,0
573,2,treatment,on_573_19,5,segment_B,1,0,0,0
573,2,treatment,on_573_10,6,segment_A,1,0,0,0
573,2,treatment,on_573_5,7,segment_A,1,0,0,0
573,2,treatment,on_573_18,8,segment_A,1,0,0,0
573,2,treatment,on_573_11,9,segment_B,1,0,0,0
574,10,control,on_574_36,0,segment_A,1,0,0,0
574,10,control,on_574_17,1,segment_A,1,0,0,0
574,10,control,on_574_0,2,segment_B,1,0,0,0
574,10,control,on_574_39,3,segment_A,1,0,0,0
574,10,control,on_574_9,4,segment_A,1,1,0,0
574,10,control,on_574_15,5,segment_B,1,0,0,0
574,10,control,on_574_35,6,segment_A,1,0,0,0
574,10,control,on_574_26,7,segment_A,1,0,0,0
574,10,control,on_574_19,8,segment_B,1,0,0,0
574,10,control,on_574_33,9,segment_A,1,0,0,0
575,13,treatment,on_575_31,0,segment_B,1,1,0,0
575,13,treatment,on_575_14,1,segment_A,1,1,0,0
575,13,treatment,on_575_11,2,segment_B,1,0,0,0
575,13,treatment,on_575_39,3,segment_B,1,0,0,0
575,13,treatment,on_575_30,4,segment_B,1,0,0,0
575,13,treatment,on_575_33,5,segment_A,1,0,0,0
575,13,treatment,on_575_32,6,segment_A,1,0,0,0
575,13,treatment,on_575_35,7,segment_A,1,0,0,0
575,13,treatment,on_575_12,8,segment_B,1,0,0,0
575,13,treatment,on_575_6,9,segment_A,1,0,0,0
576,10,treatment,on_576_6,0,segment_B,1,0,0,0
576,10,treatment,on_576_10,1,segment_B,1,0,0,0
576,10,treatment,on_576_33,2,segment_A,1,1,0,0
576,10,treatment,on_576_0,3,segment_B,1,0,0,0
576,10,treatment,on_576_11,4,segment_A,1,0,0,0
576,10,treatment,on_576_35,5,segment_A,1,0,0,0
576,10,treatment,on_576_5,6,segment_B,1,0,0,0
576,10,treatment,on_576_37,7,segment_B,1,0,0,0
576,10,treatment,on_576_23,8,segment_B,1,0,0,0
576,10,treatment,on_576_32,9,segment_A,1,0,0,0
577,3,control,on_577_14,0,segment_A,1,0,0,0
577,3,control,on_577_0,1,segment_A,1,1,0,0
577,3,control,on_577_31,2,segment_A,1,0,0,0
577,3,control,on_577_10,3,segment_B,1,0,0,0
577,3,control,on_577_35,4,segment_B,1,0,0,0
577,3,control,on_577_33,5,segment_B,1,0,0,0
577,3,control,on_577_24,6,segment_B,1,0,0,0
577,3,control,on_577_15,7,segment_B,1,0,0,0
577,3,control,on_577_12,8,segment_A,1,0,0,0
577,3,control,on_577_4,9,segment_A,1,0,0,0
578,5,treatment,on_578_13,0,segment_A,1,0,0,0
578,5,treatment,on_578_38,1,segment_A,1,0,0,0
578,5,treatment,on_578_8,2,segment_B,1,0,0,0
578,5,treatment,on_578_20,3,segment_B,1,1,1,0
578,5,treatment,on_578_5,4,segment_B,1,1,1,1
578,5,treatment,on_578_0,5,segment_B,1,0,0,0
578,5,treatment,on_578_18,6,segment_A,1,0,0,0
578,5,treatment,on_578_12,7,segment_A,1,0,0,0
578,5,treatment,on_578_24,8,segment_A,1,1,0,0
578,5,treatment,on_578_30,9,segment_B,1,0,0,0
579,1,treatment,on_579_9,0,segment_B,1,0,0,0
579,1,treatment,on_579_32,1,segment_A,1,1,0,0
579,1,treatment,on_579_31,2,segment_A,1,0,0,0
579,1,treatment,on_579_34,3,segment_A,1,0,0,0
579,1,treatment,on_579_11,4,segment_B,1,0,0,0
579,1,treatment,on_579_16,5,segment_A,1,0,0,0
579,1,treatment,on_579_15,6,segment_B,1,0,0,0
579,1,treatment,on_579_8,7,segment_B,1,1,0,0
579,1,treatment,on_579_35,8,segment_B,1,0,0,0
579,1,treatment,on_579_1,9,segment_B,1,0,0,0
580,10,treatment,on_580_2,0,segment_B,1,1,0,0
580,10,treatment,on_580_15,1,segment_B,1,1,0,0
580,10,treatment,on_580_24,2,segment_A,1,0,0,0
580,10,treatment,on_580_21,3,segment_B,1,0,0,0
580,10,treatment,on_580_39,4,segment_A,1,0,0,0
580,10,treatment,on_580_12,5,segment_A,1,0,0,0
580,10,treatment,on_580_19,6,segment_A,1,0,0,0
580,10,treatment,on_580_4,7,segment_A,1,0,0,0
580,10,treatment,on_580_3,8,segment_B,1,0,0,0
580,10,treatment,on_580_22,9,segment_A,1,0,0,0
581,13,control,on_581_36,0,segment_A,1,1,1,1
581,13,control,on_581_38,1,segment_B,1,0,0,0
581,13,control,on_581_20,2,segment_A,1,0,0,0
581,13,control,on_581_19,3,segment_A,1,0,0,0
581,13,control,on_581_32,4,segment_B,1,0,0,0
581,13,control,on_581_39,5,segment_B,1,0,0,0
581,13,control,on_581_10,6,segment_B,1,0,0,0
581,13,control,on_581_29,7,segment_A,1,0,0,0
581,13,control,on_581_6,8,segment_A,1,1,0,0
581,13,control,on_581_25,9,segment_A,1,0,0,0
582,8,control,on_582_28,0,segment_B,1,0,0,0
582,8,control,on_582_36,1,segment_B,1,0,0,0
582,8,control,on_582_22,2,segment_B,1,0,0,0
582,8,control,on_582_30,3,segment_A,1,0,0,0
582,8,control,on_582_11,4,segment_A,1,0,0,0
582,8,control,on_582_1,5,segment_B,1,0,0,0
582,8,control,on_582_9,6,segment_B,1,0,0,0
582,8,control,on_582_15,7,segment_B,1,0,0,0
582,8,control,on_582_2,8,segment_A,1,0,0,0
582,8,control,on_582_35,9,segment_A,1,0,0,0
583,3,control,on_583_38,0,segment_B,1,0,0,0
583,3,control,on_583_19,1,segment_B,1,0,0,0
583,3,control,on_583_26,2,segment_A,1,1,1,1
583,3,control,on_583_10,3,segment_A,1,0,0,0
583,3,control,on_583_28,4,segment_A,1,0,0,0
583,3,control,on_583_13,5,segment_A,1,0,0,0
583,3,control,on_583_15,6,segment_A,1,0,0,0
583,3,control,on_583_29,7,segment_A,1,1,0,0
583,3,control,on_583_21,8,segment_B,1,0,0,0
583,3,control,on_583_2,9,segment_B,1,0,0,0
584,9,control,on_584_14,0,segment_A,1,0,0,0
584,9,control,on_584_9,1,segment_A,1,1,1,1
584,9,control,on_584_19,2,segment_B,1,0,0,0
584,9,control,on_584_13,3,segment_A,1,0,0,0
584,9,control,on_584_17,4,segment_A,1,0,0,0
584,9,control,on_584_34,5,segment_A,1,0,0,0
584,9,control,on_584_35,6,segment_B,1,0,0,0
584,9,control,on_584_20,7,segment_B,1,0,0,0
584,9,control,on_584_25,8,segment_A,1,1,0,0
584,9,control,on_584_5,9,segment_B,1,0,0,0
585,5,treatment,on_585_15,0,segment_B,1,0,0,0
585,5,treatment,on_585_8,1,segment_A,1,0,0,0
585,5,treatment,on_585_38,2,segment_B,1,0,0,0
585,5,treatment,on_585_31,3,segment_B,1,0,0,0
585,5,treatment,on_585_11,4,segment_B,1,0,0,0
585,5,treatment,on_585_4,5,segment_B,1,0,0,0
585,5,treatment,on_585_10,6,segment_A,1,0,0,0
585,5,treatment,on_585_6,7,segment_A,1,1,0,0
585,5,treatment,on_585_37,8,segment_B,1,0,0,0
585,5,treatment,on_585_19,9,segment_A,1,0,0,0
586,10,control,on_586_3,0,segment_A,1,1,0,0
586,10,control,on_586_26,1,segment_A,1,0,0,0
586,10,control,on_586_14,2,segment_A,1,0,0,0
586,10,control,on_586_28,3,segment_B,1,1,0,0
586,10,control,on_586_20,4,segment_B,1,0,0,0
586,10,control,on_586_30,5,segment_A,1,0,0,0
586,10,control,on_586_6,6,segment_A,1,0,0,0
586,10,control,on_586_19,7,segment_A,1,0,0,0
586,10,control,on_586_23,8,segment_A,1,0,0,0
586,10,control,on_586_13,9,segment_A,1,0,0,0
587,2,treatment,on_587_33,0,segment_B,1,0,0,0
587,2,treatment,on_587_30,1,segment_A,1,0,0,0
587,2,treatment,on_587_38,2,segment_A,1,0,0,0
587,2,treatment,on_587_7,3,segment_A,1,1,0,0
587,2,treatment,on_587_28,4,segment_B,1,0,0,0
587,2,treatment,on_587_37,5,segment_A,1,1,0,0
587,2,treatment,on_587_20,6,segment_A,1,0,0,0
587,2,treatment,on_587_34,7,segment_A,1,0,0,0
587,2,treatment,on_587_26,8,segment_B,1,0,0,0
587,2,treatment,on_587_27,9,segment_A,1,0,0,0
588,9,control,on_588_10,0,segment_B,1,0,0,0
588,9,control,on_588_35,1,segment_B,1,0,0,0
588,9,control,on_588_0,2,segment_A,1,0,0,0
588,9,control,on_588_16,3,segment_A,1,0,0,0
588,9,control,on_588_21,4,segment_B,1,0,0,0
588,9,control,on_588_29,5,segment_A,1,1,0,0
588,9,control,on_588_3,6,segment_A,1,0,0,0
588,9,control,on_588_9,7,segment_A,1,1,0,0
588,9,control,on_588_1,8,segment_B,1,0,0,0
588,9,control,on_588_17,9,segment_B,1,0,0,0
589,6,treatment,on_589_27,0,segment_B,1,0,0,0
589,6,treatment,on_589_8,1,segment_B,1,0,0,0
589,6,treatment,on_589_37,2,segment_B,1,0,0,0
589,6,treatment,on_589_4,3,segment_A,1,0,0,0
589,6,treatment,on_589_10,4,segment_B,1,0,0,0
589,6,treatment,on_589_19,5,segment_A,1,0,0,0
589,6,treatment,on_589_24,6,segment_A,1,0,0,0
589,6,treatment,on_589_15,7,segment_B,1,0,0,0
589,6,treatment,on_589_17,8,segment_A,1,0,0,0
589,6,treatment,on_589_6,9,segment_B,1,0,0,0
590,8,control,on_590_39,0,segment_A,1,0,0,0
590,8,control,on_590_11,1,segment_B,1,0,0,0
590,8,control,on_590_4,2,segment_A,1,1,1,0
590,8,control,on_590_35,3,segment_B,1,0,0,0
590,8,control,on_590_15,4,segment_A,1,0,0,0
590,8,control,on_590_23,5,segment_B,1,1,0,0
590,8,control,on_590_24,6,segment_B,1,0,0,0
590,8,control,on_590_5,7,segment_A,1,1,0,0
590,8,control,on_590_13,8,segment_A,1,0,0,0
590,8,control,on_590_32,9,segment_A,1,0,0,0
591,9,control,on_591_28,0,segment_B,1,0,0,0
591,9,control,on_591_3,1,segment_B,1,0,0,0
591,9,control,on_591_1,2,segment_A,1,0,0,0
591,9,control,on_591_21,3,segment_B,1,0,0,0
591,9,control,on_591_12,4,segment_A,1,0,0,0
591,9,control,on_591_15,5,segment_B,1,0,0,0
591,9,control,on_591_2,6,segment_B,1,0,0,0
591,9,control,on_591_17,7,segment_B,1,0,0,0
591,9,control,on_591_23,8,segment_B,1,0,0,0
591,9,control,on_591_26,9,segment_A,1,0,0,0
592,1,control,on_592_15,0,segment_B,1,0,0,0
592,1,control,on_592_38,1,segment_B,1,0,0,0
592,1,control,on_592_12,2,segment_B,1,0,0,0
592,1,control,on_592_13,3,segment_B,1,0,0,0
592,1,control,on_592_26,4,segment_B,1,0,0,0
592,1,control,on_592_14,5,segment_A,1,0,0,0
592,1,control,on_592_7,6,segment_B,1,0,0,0
592,1,control,on_592_18,7,segment_A,1,0,0,0
592,1,control,on_592_35,8,segment_B,1,0,0,0
592,1,control,on_592_30,9,segment_B,1,0,0,0
593,3,treatment,on_593_23,0,segment_B,1,1,1,0
593,3,treatment,on_593_10,1,segment_A,1,0,0,0
593,3,treatment,on_593_31,2,segment_A,1,1,0,0
593,3,treatment,on_593_16,3,segment_A,1,0,0,0
593,3,treatment,on_593_30,4,segment_A,1,0,0,0
593,3,treatment,on_593_28,5,segment_A,1,1,1,0
593,3,treatment,on_593_20,6,segment_A,1,0,0,0
593,3,treatment,on_593_5,7,segment_B,1,0,0,0
593,3,treatment,on_593_3,8,segment_B,1,0,0,0
593,3,treatment,on_593_29,9,segment_A,1,0,0,0
594,10,treatment,on_594_7,0,segment_B,1,0,0,0
594,10,treatment,on_594_5,1,segment_A,1,0,0,0
594,10,treatment,on_594_27,2,segment_A,1,0,0,0
594,10,treatment,on_594_31,3,segment_A,1,0,0,0
594,10,treatment,on_594_14,4,segment_A,1,0,0,0
594,10,treatment,on_594_25,5,segment_A,1,0,0,0
594,10,treatment,on_594_23,6,segment_B,1,0,0,0
594,10,treatment,on_594_0,7,segment_A,1,0,0,0
594,10,treatment,on_594_13,8,segment_A,1,0,0,0
594,10,treatment,on_594_33,9,segment_B,1,0,0,0
595,13,treatment,on_595_16,0,segment_B,1,1,0,0
595,13,treatment,on_595_39,1,segment_B,1,0,0,0
595,13,treatment,on_595_12,2,segment_A,1,0,0,0
595,13,treatment,on_595_24,3,segment_B,1,0,0,0
595,13,treatment,on_595_30,4,segment_B,1,0,0,0
595,13,treatment,on_595_13,5,segment_A,1,0,0,0
595,13,treatment,on_595_25,6,segment_A,1,0,0,0
595,13,treatment,on_595_22,7,segment_B,1,0,0,0
595,13,treatment,on_595_37,8,segment_A,1,0,0,0
595,13,treatment,on_595_1,9,segment_A,1,0,0,0
596,11,control,on_596_26,0,segment_B,1,1,0,0
596,11,control,on_596_22,1,segment_B,1,0,0,0
596,11,control,on_596_32,2,segment_A,1,0,0,0
596,11,control,on_596_15,3,segment_B,1,0,0,0
596,11,control,on_596_39,4,segment_B,1,0,0,0
596,11,control,on_596_29,5,segment_B,1,0,0,0
596,11,control,on_596_21,6,segment_B,1,0,0,0
596,11,control,on_596_19,7,segment_B,1,0,0,0
596,11,control,on_596_2,8,segment_B,1,0,0,0
596,11,control,on_596_33,9,segment_B,1,0,0,0
597,6,treatment,on_597_22,0,segment_A,1,1,0,0
597,6,treatment,on_597_30,1,segment_A,1,0,0,0
597,6,treatment,on_597_16,2,segment_B,1,0,0,0
597,6,treatment,on_597_12,3,segment_B,1,0,0,0
597,6,treatment,on_597_11,4,segment_A,1,1,0,0
597,6,treatment,on_597_36,5,segment_A,1,0,0,0
597,6,treatment,on_597_26,6,segment_A,1,0,0,0
597,6,treatment,on_597_3,7,segment_B,1,0,0,0
597,6,treatment,on_597_18,8,segment_B,1,0,0,0
597,6,treatment,on_597_14,9,segment_B,1,0,0,0
598,5,treatment,on_598_3,0,segment_B,1,0,0,0
598,5,treatment,on_598_11,1,segment_B,1,0,0,0
598,5,treatment,on_598_29,2,segment_A,1,0,0,0
598,5,treatment,on_598_28,3,segment_B,1,0,0,0
598,5,treatment,on_598_26,4,segment_A,1,0,0,0
598,5,treatment,on_598_1,5,segment_B,1,0,0,0
598,5,treatment,on_598_22,6,segment_B,1,0,0,0
598,5,treatment,on_598_18,7,segment_A,1,0,0,0
598,5,treatment,on_598_20,8,segment_B,1,0,0,0
598,5,treatment,on_598_13,9,segment_B,1,0,0,0
599,8,control,on_599_34,0,segment_A,1,0,0,0
599,8,control,on_599_32,1,segment_A,1,0,0,0
599,8,control,on_599_23,2,segment_A,1,0,0,0
599,8,control,on_599_10,3,segment_A,1,0,0,0
599,8,control,on_599_3,4,segment_B,1,1,0,0
599,8,control,on_599_1,5,segment_B,1,0,0,0
599,8,control,on_599_29,6,segment_A,1,1,0,0
599,8,control,on_599_9,7,segment_A,1,0,0,0
599,8,control,on_599_6,8,segment_B,1,0,0,0
599,8,control,on_599_31,9,segment_A,1,0,0,0
600,7,control,on_600_33,0,segment_B,1,1,1,1
600,7,control,on_600_3,1,segment_A,1,0,0,0
600,7,control,on_600_8,2,segment_B,1,0,0,0
600,7,control,on_600_28,3,segment_B,1,0,0,0
600,7,control,on_600_25,4,segment_B,1,0,0,0
600,7,control,on_600_27,5,segment_A,1,0,0,0
600,7,control,on_600_5,6,segment_B,1,0,0,0
600,7,control,on_600_14,7,segment_B,1,0,0,0
600,7,control,on_600_19,8,segment_A,1,0,0,0
600,7,control,on_600_2,9,segment_A,1,0,0,0
601,9,treatment,on_601_24,0,segment_B,1,1,0,0
601,9,treatment,on_601_13,1,segment_B,1,0,0,0
601,9,treatment,on_601_17,2,segment_A,1,0,0,0
601,9,treatment,on_601_2,3,segment_B,1,0,0,0
601,9,treatment,on_601_25,4,segment_A,1,1,0,0
601,9,treatment,on_601_33,5,segment_A,1,0,0,0
601,9,treatment,on_601_0,6,segment_A,1,0,0,0
601,9,treatment,on_601_6,7,segment_B,1,0,0,0
601,9,treatment,on_601_21,8,segment_A,1,0,0,0
601,9,treatment,on_601_36,9,segment_A,1,0,0,0
602,4,treatment,on_602_38,0,segment_B,1,1,0,0
602,4,treatment,on_602_23,1,segment_B,1,0,0,0
602,4,treatment,on_602_13,2,segment_B,1,0,0,0
602,4,treatment,on_602_34,3,segment_B,1,0,0,0
602,4,treatment,on_602_10,4,segment_A,1,0,0,0
602,4,treatment,on_602_37,5,segment_A,1,0,0,0
602,4,treatment,on_602_6,6,segment_B,1,0,0,0
602,4,treatment,on_602_11,7,segment_A,1,1,0,0
602,4,treatment,on_602_4,8,segment_A,1,0,0,0
602,4,treatment,on_602_2,9,segment_B,1,0,0,0
603,11,control,on_603_16,0,segment_A,1,0,0,0
603,11,control,on_603_33,1,segment_B,1,0,0,0
603,11,control,on_603_15,2,segment_B,1,0,0,0
603,11,control,on_603_31,3,segment_B,1,0,0,0
603,11,control,on_603_14,4,segment_A,1,0,0,0
603,11,control,on_603_30,5,segment_A,1,0,0,0
603,11,control,on_603_0,6,segment_B,1,0,0,0
603,11,control,on_603_27,7,segment_B,1,0,0,0
603,11,control,on_603_19,8,segment_A,1,1,0,0
603,11,control,on_603_22,9,segment_B,1,0,0,0
604,3,treatment,on_604_16,0,segment_B,1,1,0,0
604,3,treatment,on_604_23,1,segment_A,1,1,0,0
604,3,treatment,on_604_28,2,segment_A,1,0,0,0
604,3,treatment,on_604_35,3,segment_B,1,0,0,0
604,3,treatment,on_604_22,4,segment_A,1,0,0,0
604,3,treatment,on_604_18,5,segment_A,1,0,0,0
604,3,treatment,on_604_9,6,segment_A,1,0,0,0
604,3,treatment,on_604_3,7,segment_B,1,0,0,0
604,3,treatment,on_604_21,8,segment_B,1,1,0,0
604,3,treatment,on_604_7,9,segment_B,1,0,0,0
605,12,control,on_605_7,0,segment_B,1,0,0,0
605,12,control,on_605_10,1,segment_B,1,0,0,0
605,12,control,on_605_36,2,segment_A,1,0,0,0
605,12,control,on_605_20,3,segment_B,1,0,0,0
605,12,control,on_605_12,4,segment_A,1,1,0,0
605,12,control,on_605_39,5,segment_B,1,0,0,0
605,12,control,on_605_9,6,segment_B,1,0,0,0
605,12,control,on_605_37,7,segment_B,1,0,0,0
605,12,control,on_605_5,8,segment_B,1,0,0,0
605,12,control,on_605_35,9,segment_A,1,0,0,0
606,5,treatment,on_606_2,0,segment_A,1,0,0,0
606,5,treatment,on_606_38,1,segment_A,1,0,0,0
606,5,treatment,on_606_39,2,segment_B,1,0,0,0
606,5,treatment,on_606_6,3,segment_A,1,0,0,0
606,5,treatment,on_606_15,4,segment_A,1,0,0,0
606,5,treatment,on_606_7,5,segment_B,1,0,0,0
606,5,treatment,on_606_34,6,segment_B,1,0,0,0
606,5,treatment,on_606_35,7,segment_B,1,0,0,0
606,5,treatment,on_606_32,8,segment_A,1,0,0,0
606,5,treatment,on_606_31,9,segment_B,1,0,0,0
607,0,control,on_607_16,0,segment_A,1,0,0,0
607,0,control,on_607_15,1,segment_B,1,0,0,0
607,0,control,on_607_1,2,segment_A,1,0,0,0
607,0,control,on_607_25,3,segment_A,1,1,1,1
607,0,control,on_607_6,4,segment_B,1,0,0,0
607,0,control,on_607_35,5,segment_A,1,0,0,0
607,0,control,on_607_10,6,segment_A,1,0,0,0
607,0,control,on_607_13,7,segment_A,1,0,0,0
607,0,control,on_607_5,8,segment_A,1,0,0,0
607,0,control,on_607_11,9,segment_B,1,0,0,0
608,10,treatment,on_608_13,0,segment_A,1,1,0,0
608,10,treatment,on_608_30,1,segment_A,1,0,0,0
608,10,treatment,on_608_8,2,segment_B,1,0,0,0
608,10,treatment,on_608_18,3,segment_A,1,0,0,0
608,10,treatment,on_608_23,4,segment_B,1,1,0,0
608,10,treatment,on_608_39,5,segment_B,1,0,0,0
608,10,treatment,on_608_10,6,segment_A,1,1,0,0
608,10,treatment,on_608_34,7,segment_A,1,0,0,0
608,10,treatment,on_608_27,8,segment_B,1,0,0,0
608,10,treatment,on_608_7,9,segment_A,1,0,0,0
609,3,treatment,on_609_24,0,segment_A,1,0,0,0
609,3,treatment,on_609_7,1,segment_B,1,0,0,0
609,3,treatment,on_609_16,2,segment_B,1,0,0,0
609,3,treatment,on_609_22,3,segment_A,1,0,0,0
609,3,treatment,on_609_29,4,segment_B,1,0,0,0
609,3,treatment,on_609_23,5,segment_B,1,0,0,0
609,3,treatment,on_609_19,6,segment_B,1,0,0,0
609,3,treatment,on_609_6,7,segment_B,1,0,0,0
609,3,treatment,on_609_15,8,segment_A,1,0,0,0
609,3,treatment,on_609_26,9,segment_B,1,0,0,0
610,6,treatment,on_610_22,0,segment_A,1,1,0,0
610,6,treatment,on_610_33,1,segment_B,1,0,0,0
610,6,treatment,on_610_34,2,segment_B,1,0,0,0
610,6,treatment,on_610_23,3,segment_B,1,0,0,0
610,6,treatment,on_610_8,4,segment_B,1,0,0,0
610,6,treatment,on_610_21,5,segment_B,1,0,0,0
610,6,treatment,on_610_31,6,segment_A,1,0,0,0
610,6,treatment,on_610_3,7,segment_A,1,0,0,0
610,6,treatment,on_610_30,8,segment_B,1,0,0,0
610,6,treatment,on_610_18,9,segment_B,1,0,0,0
611,1,treatment,on_611_10,0,segment_B,1,0,0,0
611,1,treatment,on_611_33,1,segment_A,1,0,0,0
611,1,treatment,on_611_6,2,segment_A,1,1,0,0
611,1,treatment,on_611_16,3,segment_A,1,0,0,0
611,1,treatment,on_611_20,4,segment_A,1,0,0,0
611,1,treatment,on_611_39,5,segment_B,1,0,0,0
611,1,treatment,on_611_12,6,segment_B,1,0,0,0
611,1,treatment,on_611_37,7,segment_B,1,0,0,0
611,1,treatment,on_611_7,8,segment_A,1,0,0,0
611,1,treatment,on_611_1,9,segment_A,1,0,0,0
612,10,control,on_612_30,0,segment_A,1,0,0,0
612,10,control,on_612_28,1,segment_A,1,0,0,0
612,10,control,on_612_8,2,segment_A,1,0,0,0
612,10,control,on_612_6,3,segment_A,1,0,0,0
612,10,control,on_612_22,4,segment_B,1,1,0,0
612,10,control,on_612_23,5,segment_A,1,0,0,0
612,10,control,on_612_19,6,segment_A,1,0,0,0
612,10,control,on_612_35,7,segment_A,1,1,0,0
612,10,control,on_612_3,8,segment_B,1,0,0,0
612,10,control,on_612_2,9,segment_A,1,0,0,0
613,13,control,on_613_35,0,segment_B,1,1,1,0
613,13,control,on_613_1,1,segment_A,1,0,0,0
613,13,control,on_613_6,2,segment_B,1,0,0,0
613,13,control,on_613_33,3,segment_A,1,0,0,0
613,13,control,on_613_17,4,segment_A,1,0,0,0
613,13,control,on_613_34,5,segment_B,1,0,0,0
613,13,control,on_613_37,6,segment_B,1,0,0,0
613,13,control,on_613_31,7,segment_A,1,0,0,0
613,13,control,on_613_18,8,segment_A,1,0,0,0
613,13,control,on_613_26,9,segment_A,1,0,0,0
614,9,control,on_614_35,0,segment_B,1,1,0,0
614,9,control,on_614_8,1,segment_B,1,1,0,0
614,9,control,on_614_5,2,segment_A,1,0,0,0
614,9,control,on_614_0,3,segment_A,1,0,0,0
614,9,control,on_614_32,4,segment_A,1,0,0,0
614,9,control,on_614_17,5,segment_A,1,0,0,0
614,9,control,on_614_7,6,segment_B,1,0,0,0
614,9,control,on_614_16,7,segment_B,1,0,0,0
614,9,control,on_614_3,8,segment_B,1,0,0,0
614,9,control,on_614_23,9,segment_B,1,0,0,0
615,6,treatment,on_615_19,0,segment_B,1,0,0,0
615,6,treatment,on_615_34,1,segment_B,1,0,0,0
615,6,treatment,on_615_29,2,segment_A,1,0,0,0
615,6,treatment,on_615_8,3,segment_B,1,0,0,0
615,6,treatment,on_615_22,4,segment_B,1,0,0,0
615,6,treatment,on_615_0,5,segment_B,1,0,0,0
615,6,treatment,on_615_32,6,segment_A,1,0,0,0
615,6,treatment,on_615_31,7,segment_A,1,0,0,0
615,6,treatment,on_615_1,8,segment_A,1,0,0,0
615,6,treatment,on_615_23,9,segment_A,1,0,0,0
616,8,control,on_616_20,0,segment_A,1,0,0,0
616,8,control,on_616_14,1,segment_A,1,0,0,0
616,8,control,on_616_10,2,segment_B,1,0,0,0
616,8,control,on_616_1,3,segment_A,1,0,0,0
616,8,control,on_616_22,4,segment_A,1,0,0,0
616,8,control,on_616_35,5,segment_B,1,0,0,0
616,8,control,on_616_3,6,segment_B,1,0,0,0
616,8,control,on_616_16,7,segment_A,1,0,0,0
616,8,control,on_616_19,8,segment_B,1,0,0,0
616,8,control,on_616_6,9,segment_A,1,0,0,0
617,6,treatment,on_617_2,0,segment_B,1,1,0,0
617,6,treatment,on_617_16,1,segment_B,1,1,0,0
617,6,treatment,on_617_29,2,segment_A,1,0,0,0
617,6,treatment,on_617_35,3,segment_B,1,1,1,0
617,6,treatment,on_617_27,4,segment_B,1,0,0,0
617,6,treatment,on_617_33,5,segment_B,1,0,0,0
617,6,treatment,on_617_5,6,segment_A,1,1,0,0
617,6,treatment,on_617_0,7,segment_A,1,0,0,0
617,6,treatment,on_617_14,8,segment_A,1,1,1,0
617,6,treatment,on_617_22,9,segment_B,1,0,0,0
618,5,treatment,on_618_7,0,segment_B,1,0,0,0
618,5,treatment,on_618_33,1,segment_A,1,0,0,0
618,5,treatment,on_618_6,2,segment_A,1,0,0,0
618,5,treatment,on_618_35,3,segment_B,1,0,0,0
618,5,treatment,on_618_2,4,segment_B,1,0,0,0
618,5,treatment,on_618_18,5,segment_B,1,0,0,0
618,5,treatment,on_618_25,6,segment_B,1,1,0,0
618,5,treatment,on_618_31,7,segment_A,1,0,0,0
618,5,treatment,on_618_22,8,segment_A,1,0,0,0
618,5,treatment,on_618_36,9,segment_B,1,0,0,0
619,6,control,on_619_0,0,segment_B,1,0,0,0
619,6,control,on_619_30,1,segment_B,1,1,1,0
619,6,control,on_619_1,2,segment_B,1,0,0,0
619,6,control,on_619_24,3,segment_A,1,1,0,0
619,6,control,on_619_10,4,segment_B,1,0,0,0
619,6,control,on_619_9,5,segment_B,1,0,0,0
619,6,control,on_619_31,6,segment_B,1,0,0,0
619,6,control,on_619_4,7,segment_A,1,0,0,0
619,6,control,on_619_37,8,segment_B,1,1,1,1
619,6,control,on_619_7,9,segment_B,1,0,0,0
620,7,treatment,on_620_27,0,segment_B,1,0,0,0
620,7,treatment,on_620_0,1,segment_A,1,0,0,0
620,7,treatment,on_620_24,2,segment_A,1,0,0,0
620,7,treatment,on_620_34,3,segment_A,1,0,0,0
620,7,treatment,on_620_36,4,segment_A,1,0,0,0
620,7,treatment,on_620_39,5,segment_B,1,1,0,0
620,7,treatment,on_620_31,6,segment_A,1,0,0,0
620,7,treatment,on_620_19,7,segment_B,1,0,0,0
620,7,treatment,on_620_7,8,segment_B,1,1,0,0
620,7,treatment,on_620_28,9,segment_B,1,0,0,0
621,2,control,on_621_35,0,segment_B,1,0,0,0
621,2,control,on_621_22,1,segment_B,1,0,0,0
621,2,control,on_621_29,2,segment_B,1,0,0,0
621,2,control,on_621_36,3,segment_A,1,0,0,0
621,2,control,on_621_9,4,segment_B,1,0,0,0
621,2,control,on_621_13,5,segment_A,1,0,0,0
621,2,control,on_621_16,6,segment_A,1,0,0,0
621,2,control,on_621_2,7,segment_B,1,0,0,0
621,2,control,on_621_32,8,segment_B,1,0,0,0
621,2,control,on_621_23,9,segment_A,1,0,0,0
622,11,control,on_622_33,0,segment_A,1,0,0,0
622,11,control,on_622_31,1,segment_B,1,0,0,0
622,11,control,on_622_26,2,segment_A,1,0,0,0
622,11,control,on_622_23,3,segment_A,1,0,0,0
622,11,control,on_622_13,4,segment_B,1,0,0,0
622,11,control,on_622_14,5,segment_B,1,0,0,0
622,11,control,on_622_16,6,segment_A,1,0,0,0
622,11,control,on_622_21,7,segment_B,1,0,0,0
622,11,control,on_622_24,8,segment_A,1,0,0,0
622,11,control,on_622_11,9,segment_B,1,0,0,0
623,4,treatment,on_623_20,0,segment_B,1,0,0,0
623,4,treatment,on_623_35,1,segment_A,1,0,0,0
623,4,treatment,on_623_15,2,segment_B,1,0,0,0
623,4,treatment,on_623_0,3,segment_B,1,0,0,0
623,4,treatment,on_623_11,4,segment_A,1,0,0,0
623,4,treatment,on_623_23,5,segment_B,1,0,0,0
623,4,treatment,on_623_22,6,segment_A,1,0,0,0
623,4,treatment,on_623_18,7,segment_B,1,0,0,0
623,4,treatment,on_623_39,8,segment_B,1,0,0,0
623,4,treatment,on_623_4,9,segment_A,1,0,0,0
624,10,treatment,on_624_36,0,segment_B,1,0,0,0
624,10,treatment,on_624_0,1,segment_B,1,1,0,0
624,10,treatment,on_624_19,2,segment_B,1,1,0,0
624,10,treatment,on_624_7,3,segment_B,1,0,0,0
624,10,treatment,on_624_5,4,segment_A,1,0,0,0
624,10,treatment,on_624_10,5,segment_B,1,0,0,0
624,10,treatment,on_624_29,6,segment_B,1,0,0,0
624,10,treatment,on_624_2,7,segment_A,1,0,0,0
624,10,treatment,on_624_20,8,segment_A,1,1,0,0
624,10,treatment,on_624_39,9,segment_A,1,0,0,0
625,0,treatment,on_625_25,0,segment_B,1,1,1,0
625,0,treatment,on_625_4,1,segment_B,1,0,0,0
625,0,treatment,on_625_14,2,segment_A,1,0,0,0
625,0,treatment,on_625_6,3,segment_A,1,0,0,0
625,0,treatment,on_625_20,4,segment_B,1,0,0,0
625,0,treatment,on_625_22,5,segment_B,1,0,0,0
625,0,treatment,on_625_12,6,segment_B,1,0,0,0
625,0,treatment,on_625_39,7,segment_B,1,0,0,0
625,0,treatment,on_625_15,8,segment_A,1,0,0,0
625,0,treatment,on_625_19,9,segment_B,1,1,1,0
626,12,control,on_626_16,0,segment_B,1,1,0,0
626,12,control,on_626_39,1,segment_A,1,0,0,0
626,12,control,on_626_37,2,segment_B,1,1,0,0
626,12,control,on_626_0,3,segment_B,1,0,0,0
626,12,control,on_626_5,4,segment_B,1,0,0,0
626,12,control,on_626_25,5,segment_B,1,0,0,0
626,12,control,on_626_26,6,segment_B,1,0,0,0
626,12,control,on_626_11,7,segment_A,1,1,0,0
626,12,control,on_626_21,8,segment_B,1,0,0,0
626,12,control,on_626_19,9,segment_B,1,0,0,0
627,5,control,on_627_8,0,segment_A,1,0,0,0
627,5,control,on_627_27,1,segment_B,1,0,0,0
627,5,control,on_627_30,2,segment_A,1,0,0,0
627,5,control,on_627_17,3,segment_A,1,0,0,0
627,5,control,on_627_12,4,segment_B,1,0,0,0
627,5,control,on_627_4,5,segment_A,1,0,0,0
627,5,control,on_627_38,6,segment_A,1,0,0,0
627,5,control,on_627_33,7,segment_B,1,0,0,0
627,5,control,on_627_9,8,segment_A,1,0,0,0
627,5,control,on_627_21,9,segment_B,1,0,0,0
628,0,control,on_628_11,0,segment_B,1,0,0,0
628,0,control,on_628_29,1,segment_A,1,0,0,0
628,0,control,on_628_1,2,segment_A,1,0,0,0
628,0,control,on_628_7,3,segment_A,1,0,0,0
628,0,control,on_628_26,4,segment_B,1,0,0,0
628,0,control,on_628_13,5,segment_A,1,0,0,0
628,0,control,on_628_17,6,segment_A,1,0,0,0
628,0,control,on_628_14,7,segment_A,1,0,0,0
628,0,control,on_628_0,8,segment_B,1,0,0,0
628,0,control,on_628_2,9,segment_A,1,0,0,0
629,11,treatment,on_629_29,0,segment_B,1,0,0,0
629,11,treatment,on_629_17,1,segment_B,1,0,0,0
629,11,treatment,on_629_26,2,segment_B,1,1,0,0
629,11,treatment,on_629_28,3,segment_A,1,0,0,0
629,11,treatment,on_629_5,4,segment_B,1,0,0,0
629,11,treatment,on_629_6,5,segment_B,1,0,0,0
629,11,treatment,on_629_32,6,segment_B,1,0,0,0
629,11,treatment,on_629_24,7,segment_B,1,0,0,0
629,11,treatment,on_629_35,8,segment_B,1,0,0,0
629,11,treatment,on_629_20,9,segment_B,1,0,0,0
630,13,treatment,on_630_28,0,segment_B,1,0,0,0
630,13,treatment,on_630_11,1,segment_A,1,0,0,0
630,13,treatment,on_630_22,2,segment_B,1,0,0,0
630,13,treatment,on_630_3,3,segment_B,1,0,0,0
630,13,treatment,on_630_16,4,segment_A,1,0,0,0
630,13,treatment,on_630_9,5,segment_B,1,0,0,0
630,13,treatment,on_630_4,6,segment_B,1,0,0,0
630,13,treatment,on_630_12,7,segment_A,1,0,0,0
630,13,treatment,on_630_35,8,segment_A,1,0,0,0
630,13,treatment,on_630_6,9,segment_B,1,0,0,0
631,5,control,on_631_7,0,segment_A,1,0,0,0
631,5,control,on_631_12,1,segment_A,1,1,1,0
631,5,control,on_631_0,2,segment_B,1,0,0,0
631,5,control,on_631_9,3,segment_B,1,0,0,0
631,5,control,on_631_22,4,segment_A,1,0,0,0
631,5,control,on_631_29,5,segment_B,1,0,0,0
631,5,control,on_631_5,6,segment_B,1,0,0,0
631,5,control,on_631_17,7,segment_B,1,0,0,0
631,5,control,on_631_11,8,segment_A,1,0,0,0
631,5,control,on_631_25,9,segment_A,1,0,0,0
632,1,control,on_632_15,0,segment_B,1,0,0,0
632,1,control,on_632_24,1,segment_A,1,0,0,0
632,1,control,on_632_13,2,segment_A,1,0,0,0
632,1,control,on_632_14,3,segment_B,1,0,0,0
632,1,control,on_632_1,4,segment_A,1,0,0,0
632,1,control,on_632_20,5,segment_A,1,0,0,0
632,1,control,on_632_36,6,segment_B,1,0,0,0
632,1,control,on_632_10,7,segment_B,1,1,0,0
632,1,control,on_632_11,8,segment_B,1,0,0,0
632,1,control,on_632_25,9,segment_A,1,0,0,0
633,9,control,on_633_0,0,segment_A,1,0,0,0
633,9,control,on_633_10,1,segment_A,1,1,0,0
633,9,control,on_633_33,2,segment_B,1,0,0,0
633,9,control,on_633_37,3,segment_A,1,0,0,0
633,9,control,on_633_11,4,segment_A,1,0,0,0
633,9,control,on_633_13,5,segment_A,1,0,0,0
633,9,control,on_633_27,6,segment_A,1,0,0,0
633,9,control,on_633_7,7,segment_B,1,0,0,0
633,9,control,on_633_35,8,segment_B,1,0,0,0
633,9,control,on_633_32,9,segment_A,1,0,0,0
634,1,control,on_634_15,0,segment_A,1,0,0,0
634,1,control,on_634_5,1,segment_B,1,0,0,0
634,1,control,on_634_32,2,segment_B,1,0,0,0
634,1,control,on_634_28,3,segment_B,1,0,0,0
634,1,control,on_634_3,4,segment_B,1,1,0,0
634,1,control,on_634_34,5,segment_A,1,1,0,0
634,1,control,on_634_7,6,segment_A,1,0,0,0
634,1,control,on_634_1,7,segment_A,1,0,0,0
634,1,control,on_634_16,8,segment_B,1,0,0,0
634,1,control,on_634_0,9,segment_A,1,0,0,0
635,13,control,on_635_4,0,segment_A,1,0,0,0
635,13,control,on_635_31,1,segment_A,1,0,0,0
635,13,control,on_635_5,2,segment_B,1,0,0,0
635,13,control,on_635_37,3,segment_B,1,0,0,0
635,13,control,on_635_22,4,segment_B,1,0,0,0
635,13,control,on_635_36,5,segment_A,1,0,0,0
635,13,control,on_635_16,6,segment_B,1,0,0,0
635,13,control,on_635_39,7,segment_A,1,0,0,0
635,13,control,on_635_8,8,segment_A,1,0,0,0
635,13,control,on_635_29,9,segment_A,1,0,0,0
636,2,control,on_636_5,0,segment_A,1,1,0,0
636,2,control,on_636_2,1,segment_B,1,0,0,0
636,2,control,on_636_33,2,segment_A,1,0,0,0
636,2,control,on_636_19,3,segment_B,1,1,0,0
636,2,control,on_636_18,4,segment_B,1,1,0,0
636,2,control,on_636_24,5,segment_A,1,0,0,0
636,2,control,on_636_15,6,segment_B,1,0,0,0
636,2,control,on_636_22,7,segment_A,1,0,0,0
636,2,control,on_636_39,8,segment_A,1,1,0,0
636,2,control,on_636_29,9,segment_B,1,0,0,0
637,13,treatment,on_637_8,0,segment_A,1,0,0,0
637,13,treatment,on_637_11,1,segment_A,1,0,0,0
637,13,treatment,on_637_28,2,segment_B,1,0,0,0
637,13,treatment,on_637_37,3,segment_A,1,0,0,0
637,13,treatment,on_637_9,4,segment_A,1,0,0,0
637,13,treatment,on_637_10,5,segment_B,1,1,0,0
637,13,treatment,on_637_18,6,segment_B,1,0,0,0
637,13,treatment,on_637_32,7,segment_B,1,0,0,0
637,13,treatment,on_637_16,8,segment_A,1,0,0,0
637,13,treatment,on_637_21,9,segment_A,1,0,0,0
638,5,treatment,on_638_33,0,segment_B,1,1,0,0
638,5,treatment,on_638_8,1,segment_B,1,1,0,0
638,5,treatment,on_638_13,2,segment_A,1,0,0,0
638,5,treatment,on_638_5,3,segment_A,1,0,0,0
638,5,treatment,on_638_34,4,segment_B,1,1,0,0
638,5,treatment,on_638_14,5,segment_A,1,0,0,0
638,5,treatment,on_638_12,6,segment_A,1,0,0,0
638,5,treatment,on_638_30,7,segment_B,1,0,0,0
638,5,treatment,on_638_24,8,segment_B,1,0,0,0
638,5,treatment,on_638_26,9,segment_A,1,0,0,0
639,3,control,on_639_24,0,segment_B,1,0,0,0
639,3,control,on_639_17,1,segment_B,1,1,0,0
639,3,control,on_639_10,2,segment_B,1,0,0,0
639,3,control,on_639_37,3,segment_B,1,0,0,0
639,3,control,on_639_13,4,segment_A,1,0,0,0
639,3,control,on_639_33,5,segment_B,1,0,0,0
639,3,control,on_639_35,6,segment_A,1,0,0,0
639,3,control,on_639_18,7,segment_B,1,0,0,0
639,3,control,on_639_12,8,segment_B,1,0,0,0
639,3,control,on_639_6,9,segment_A,1,0,0,0
640,12,control,on_640_28,0,segment_A,1,0,0,0
640,12,control,on_640_37,1,segment_B,1,0,0,0
640,12,control,on_640_5,2,segment_B,1,0,0,0
640,12,control,on_640_18,3,segment_B,1,0,0,0
640,12,control,on_640_0,4,segment_A,1,0,0,0
640,12,control,on_640_9,5,segment_A,1,0,0,0
640,12,control,on_640_12,6,segment_B,1,0,0,0
640,12,control,on_640_10,7,segment_A,1,0,0,0
640,12,control,on_640_26,8,segment_B,1,0,0,0
640,12,control,on_640_13,9,segment_B,1,0,0,0
641,13,treatment,on_641_6,0,segment_B,1,0,0,0
641,13,treatment,on_641_37,1,segment_A,1,0,0,0
641,13,treatment,on_641_34,2,segment_B,1,0,0,0
641,13,treatment,on_641_28,3,segment_A,1,0,0,0
641,13,treatment,on_641_27,4,segment_A,1,0,0,0
641,13,treatment,on_641_15,5,segment_B,1,0,0,0
641,13,treatment,on_641_8,6,segment_A,1,0,0,0
641,13,treatment,on_641_24,7,segment_B,1,0,0,0
641,13,treatment,on_641_12,8,segment_A,1,0,0,0
641,13,treatment,on_641_30,9,segment_A,1,0,0,0
642,3,treatment,on_642_1,0,segment_A,1,0,0,0
642,3,treatment,on_642_21,1,segment_A,1,1,0,0
642,3,treatment,on_642_3,2,segment_B,1,0,0,0
642,3,treatment,on_642_30,3,segment_A,1,0,0,0
642,3,treatment,on_642_33,4,segment_B,1,0,0,0
642,3,treatment,on_642_37,5,segment_A,1,0,0,0
642,3,treatment,on_642_2,6,segment_A,1,0,0,0
642,3,treatment,on_642_20,7,segment_A,1,0,0,0
642,3,treatment,on_642_36,8,segment_A,1,0,0,0
642,3,treatment,on_642_8,9,segment_A,1,0,0,0
643,0,treatment,on_643_24,0,segment_A,1,0,0,0
643,0,treatment,on_643_32,1,segment_A,1,0,0,0
643,0,treatment,on_643_21,2,segment_B,1,0,0,0
643,0,treatment,on_643_12,3,segment_B,1,0,0,0
643,0,treatment,on_643_39,4,segment_B,1,0,0,0
643,0,treatment,on_643_3,5,segment_B,1,1,0,0
643,0,treatment,on_643_33,6,segment_B,1,1,0,0
643,0,treatment,on_643_34,7,segment_B,1,0,0,0
643,0,treatment,on_643_27,8,segment_B,1,0,0,0
643,0,treatment,on_643_4,9,segment_B,1,0,0,0
644,5,control,on_644_18,0,segment_A,1,0,0,0
644,5,control,on_644_27,1,segment_A,1,0,0,0
644,5,control,on_644_32,2,segment_A,1,0,0,0
644,5,control,on_644_24,3,segment_A,1,0,0,0
644,5,control,on_644_20,4,segment_B,1,1,0,0
644,5,control,on_644_9,5,segment_B,1,0,0,0
644,5,control,on_644_11,6,segment_A,1,0,0,0
644,5,control,on_644_3,7,segment_A,1,0,0,0
644,5,control,on_644_4,8,segment_A,1,0,0,0
644,5,control,on_644_26,9,segment_B,1,0,0,0
645,8,control,on_645_35,0,segment_B,1,1,1,0
645,8,control,on_645_17,1,segment_A,1,0,0,0
645,8,control,on_645_33,2,segment_A,1,0,0,0
645,8,control,on_645_31,3,segment_A,1,0,0,0
645,8,control,on_645_6,4,segment_B,1,1,0,0
645,8,control,on_645_36,5,segment_A,1,0,0,0
645,8,control,on_645_32,6,segment_A,1,0,0,0
645,8,control,on_645_34,7,segment_A,1,0,0,0
645,8,control,on_645_30,8,segment_A,1,0,0,0
645,8,control,on_645_11,9,segment_B,1,0,0,0
646,6,control,on_646_6,0,segment_B,1,1,0,0
646,6,control,on_646_11,1,segment_A,1,0,0,0
646,6,control,on_646_17,2,segment_A,1,1,1,0
646,6,control,on_646_10,3,segment_A,1,0,0,0
646,6,control,on_646_31,4,segment_A,1,0,0,0
646,6,control,on_646_15,5,segment_B,1,0,0,0
646,6,control,on_646_25,6,segment_A,1,0,0,0
646,6,control,on_646_2,7,segment_B,1,0,0,0
646,6,control,on_646_33,8,segment_B,1,0,0,0
646,6,control,on_646_39,9,segment_B,1,1,0,0
647,2,control,on_647_37,0,segment_A,1,0,0,0
647,2,control,on_647_32,1,segment_B,1,0,0,0
647,2,control,on_647_11,2,segment_B,1,0,0,0
647,2,control,on_647_12,3,segment_A,1,0,0,0
647,2,control,on_647_24,4,segment_A,1,0,0,0
647,2,control,on_647_33,5,segment_A,1,0,0,0
647,2,control,on_647_35,6,segment_B,1,0,0,0
647,2,control,on_647_1,7,segment_B,1,0,0,0
647,2,control,on_647_15,8,segment_A,1,0,0,0
647,2,control,on_647_28,9,segment_A,1,0,0,0
648,2,control,on_648_30,0,segment_B,1,0,0,0
648,2,control,on_648_19,1,segment_B,1,0,0,0
648,2,control,on_648_34,2,segment_B,1,0,0,0
648,2,control,on_648_28,3,segment_B,1,0,0,0
648,2,control,on_648_6,4,segment_B,1,0,0,0
648,2,control,on_648_27,5,segment_A,1,0,0,0
648,2,control,on_648_3,6,segment_A,1,0,0,0
648,2,control,on_648_15,7,segment_A,1,0,0,0
648,2,control,on_648_5,8,segment_A,1,0,0,0
648,2,control,on_648_22,9,segment_B,1,0,0,0
649,10,control,on_649_18,0,segment_A,1,0,0,0
649,10,control,on_649_10,1,segment_A,1,0,0,0
649,10,control,on_649_32,2,segment_B,1,1,0,0
649,10,control,on_649_1,3,segment_B,1,0,0,0
649,10,control,on_649_37,4,segment_B,1,0,0,0
649,10,control,on_649_2,5,segment_B,1,1,0,0
649,10,control,on_649_17,6,segment_B,1,0,0,0
649,10,control,on_649_0,7,segment_B,1,0,0,0
649,10,control,on_649_39,8,segment_A,1,0,0,0
649,10,control,on_649_4,9,segment_A,1,1,0,0
650,6,control,on_650_25,0,segment_A,1,0,0,0
650,6,control,on_650_14,1,segment_A,1,0,0,0
650,6,control,on_650_31,2,segment_A,1,0,0,0
650,6,control,on_650_1,3,segment_B,1,0,0,0
650,6,control,on_650_2,4,segment_B,1,0,0,0
650,6,control,on_650_17,5,segment_A,1,0,0,0
650,6,control,on_650_10,6,segment_A,1,0,0,0
650,6,control,on_650_9,7,segment_A,1,0,0,0
650,6,control,on_650_4,8,segment_B,1,0,0,0
650,6,control,on_650_27,9,segment_A,1,0,0,0
651,8,treatment,on_651_20,0,segment_A,1,0,0,0
651,8,treatment,on_651_8,1,segment_B,1,0,0,0
651,8,treatment,on_651_3,2,segment_A,1,0,0,0
651,8,treatment,on_651_7,3,segment_B,1,0,0,0
651,8,treatment,on_651_13,4,segment_A,1,0,0,0
651,8,treatment,on_651_15,5,segment_A,1,0,0,0
651,8,treatment,on_651_35,6,segment_A,1,0,0,0
651,8,treatment,on_651_5,7,segment_B,1,0,0,0
651,8,treatment,on_651_32,8,segment_A,1,0,0,0
651,8,treatment,on_651_24,9,segment_B,1,0,0,0
652,0,control,on_652_27,0,segment_B,1,0,0,0
652,0,control,on_652_32,1,segment_A,1,0,0,0
652,0,control,on_652_1,2,segment_A,1,1,1,0
652,0,control,on_652_37,3,segment_A,1,0,0,0
652,0,control,on_652_34,4,segment_A,1,0,0,0
652,0,control,on_652_0,5,segment_B,1,0,0,0
652,0,control,on_652_25,6,segment_A,1,1,0,0
652,0,control,on_652_20,7,segment_A,1,0,0,0
652,0,control,on_652_7,8,segment_B,1,0,0,0
652,0,control,on_652_21,9,segment_A,1,0,0,0
653,1,control,on_653_32,0,segment_A,1,1,0,0
653,1,control,on_653_18,1,segment_B,1,1,0,0
653,1,control,on_653_12,2,segment_A,1,0,0,0
653,1,control,on_653_7,3,segment_B,1,0,0,0
653,1,control,on_653_34,4,segment_B,1,0,0,0
653,1,control,on_653_33,5,segment_A,1,0,0,0
653,1,control,on_653_4,6,segment_B,1,0,0,0
653,1,control,on_653_3,7,segment_B,1,0,0,0
653,1,control,on_653_28,8,segment_B,1,0,0,0
653,1,control,on_653_22,9,segment_A,1,0,0,0
654,6,treatment,on_654_1,0,segment_B,1,0,0,0
654,6,treatment,on_654_36,1,segment_B,1,0,0,0
654,6,treatment,on_654_35,2,segment_B,1,0,0,0
654,6,treatment,on_654_34,3,segment_A,1,0,0,0
654,6,treatment,on_654_8,4,segment_B,1,0,0,0
654,6,treatment,on_654_24,5,segment_B,1,0,0,0
654,6,treatment,on_654_9,6,segment_B,1,0,0,0
654,6,treatment,on_654_0,7,segment_A,1,0,0,0
654,6,treatment,on_654_2,8,segment_B,1,1,0,0
654,6,treatment,on_654_22,9,segment_A,1,0,0,0
655,3,treatment,on_655_1,0,segment_B,1,1,0,0
655,3,treatment,on_655_22,1,segment_A,1,0,0,0
655,3,treatment,on_655_2,2,segment_A,1,0,0,0
655,3,treatment,on_655_25,3,segment_A,1,0,0,0
655,3,treatment,on_655_19,4,segment_A,1,1,0,0
655,3,treatment,on_655_17,5,segment_A,1,0,0,0
655,3,treatment,on_655_30,6,segment_B,1,0,0,0
655,3,treatment,on_655_24,7,segment_A,1,0,0,0
655,3,treatment,on_655_0,8,segment_B,1,0,0,0
655,3,treatment,on_655_31,9,segment_B,1,0,0,0
656,6,treatment,on_656_21,0,segment_A,1,0,0,0
656,6,treatment,on_656_25,1,segment_A,1,0,0,0
656,6,treatment,on_656_2,2,segment_B,1,0,0,0
656,6,treatment,on_656_22,3,segment_A,1,0,0,0
656,6,treatment,on_656_36,4,segment_A,1,0,0,0
656,6,treatment,on_656_10,5,segment_B,1,0,0,0
656,6,treatment,on_656_12,6,segment_A,1,0,0,0
656,6,treatment,on_656_3,7,segment_B,1,0,0,0
656,6,treatment,on_656_9,8,segment_B,1,0,0,0
656,6,treatment,on_656_28,9,segment_B,1,0,0,0
657,4,control,on_657_8,0,segment_B,1,1,1,0
657,4,control,on_657_29,1,segment_A,1,0,0,0
657,4,control,on_657_35,2,segment_A,1,0,0,0
657,4,control,on_657_33,3,segment_A,1,0,0,0
657,4,control,on_657_18,4,segment_A,1,0,0,0
657,4,control,on_657_10,5,segment_A,1,0,0,0
657,4,control,on_657_6,6,segment_B,1,1,1,0
657,4,control,on_657_16,7,segment_A,1,0,0,0
657,4,control,on_657_37,8,segment_A,1,0,0,0
657,4,control,on_657_12,9,segment_A,1,0,0,0
658,10,treatment,on_658_25,0,segment_B,1,0,0,0
658,10,treatment,on_658_9,1,segment_A,1,0,0,0
658,10,treatment,on_658_23,2,segment_A,1,0,0,0
658,10,treatment,on_658_5,3,segment_A,1,0,0,0
658,10,treatment,on_658_18,4,segment_A,1,0,0,0
658,10,treatment,on_658_3,5,segment_A,1,0,0,0
658,10,treatment,on_658_37,6,segment_B,1,0,0,0
658,10,treatment,on_658_12,7,segment_A,1,0,0,0
658,10,treatment,on_658_6,8,segment_A,1,0,0,0
658,10,treatment,on_658_7,9,segment_B,1,0,0,0
659,5,control,on_659_26,0,segment_A,1,0,0,0
659,5,control,on_659_11,1,segment_B,1,0,0,0
659,5,control,on_659_25,2,segment_A,1,1,1,0
659,5,control,on_659_24,3,segment_B,1,0,0,0
659,5,control,on_659_23,4,segment_A,1,0,0,0
659,5,control,on_659_21,5,segment_A,1,0,0,0
659,5,control,on_659_30,6,segment_B,1,0,0,0
659,5,control,on_659_0,7,segment_A,1,0,0,0
659,5,control,on_659_17,8,segment_A,1,0,0,0
659,5,control,on_659_22,9,segment_A,1,0,0,0
660,6,control,on_660_24,0,segment_A,1,1,0,0
660,6,control,on_660_33,1,segment_B,1,0,0,0
660,6,control,on_660_0,2,segment_B,1,0,0,0
660,6,control,on_660_37,3,segment_A,1,0,0,0
660,6,control,on_660_29,4,segment_B,1,0,0,0
660,6,control,on_660_30,5,segment_A,1,0,0,0
660,6,control,on_660_2,6,segment_A,1,0,0,0
660,6,control,on_660_34,7,segment_B,1,0,0,0
660,6,control,on_660_39,8,segment_A,1,0,0,0
660,6,control,on_660_35,9,segment_B,1,0,0,0
661,11,control,on_661_35,0,segment_A,1,0,0,0
661,11,control,on_661_24,1,segment_A,1,0,0,0
661,11,control,on_661_26,2,segment_A,1,1,0,0
661,11,control,on_661_20,3,segment_B,1,0,0,0
661,11,control,on_661_23,4,segment_A,1,0,0,0
661,11,control,on_661_22,5,segment_A,1,0,0,0
661,11,control,on_661_8,6,segment_B,1,0,0,0
661,11,control,on_661_6,7,segment_A,1,0,0,0
661,11,control,on_661_21,8,segment_A,1,0,0,0
661,11,control,on_661_0,9,segment_A,1,0,0,0
662,12,treatment,on_662_5,0,segment_B,1,0,0,0
662,12,treatment,on_662_20,1,segment_A,1,0,0,0
662,12,treatment,on_662_33,2,segment_B,1,1,1,0
662,12,treatment,on_662_14,3,segment_B,1,0,0,0
662,12,treatment,on_662_1,4,segment_A,1,0,0,0
662,12,treatment,on_662_7,5,segment_A,1,0,0,0
662,12,treatment,on_662_34,6,segment_A,1,0,0,0
662,12,treatment,on_662_35,7,segment_B,1,0,0,0
662,12,treatment,on_662_0,8,segment_A,1,0,0,0
662,12,treatment,on_662_39,9,segment_B,1,0,0,0
663,1,treatment,on_663_14,0,segment_B,1,0,0,0
663,1,treatment,on_663_9,1,segment_B,1,0,0,0
663,1,treatment,on_663_1,2,segment_B,1,0,0,0
663,1,treatment,on_663_12,3,segment_B,1,0,0,0
663,1,treatment,on_663_39,4,segment_B,1,0,0,0
663,1,treatment,on_663_21,5,segment_A,1,0,0,0
663,1,treatment,on_663_25,6,segment_B,1,0,0,0
663,1,treatment,on_663_30,7,segment_A,1,0,0,0
663,1,treatment,on_663_17,8,segment_A,1,0,0,0
663,1,treatment,on_663_28,9,segment_A,1,0,0,0
664,0,treatment,on_664_33,0,segment_B,1,0,0,0
664,0,treatment,on_664_5,1,segment_B,1,0,0,0
664,0,treatment,on_664_13,2,segment_A,1,0,0,0
664,0,treatment,on_664_8,3,segment_A,1,0,0,0
664,0,treatment,on_664_4,4,segment_B,1,0,0,0
664,0,treatment,on_664_12,5,segment_A,1,1,0,0
664,0,treatment,on_664_0,6,segment_A,1,0,0,0
664,0,treatment,on_664_2,7,segment_A,1,0,0,0
664,0,treatment,on_664_17,8,segment_A,1,0,0,0
664,0,treatment,on_664_11,9,segment_B,1,0,0,0
665,1,control,on_665_9,0,segment_A,1,1,1,0
665,1,control,on_665_34,1,segment_B,1,1,1,0
665,1,control,on_665_20,2,segment_B,1,1,0,0
665,1,control,on_665_23,3,segment_A,1,0,0,0
665,1,control,on_665_10,4,segment_B,1,1,1,0
665,1,control,on_665_22,5,segment_A,1,0,0,0
665,1,control,on_665_19,6,segment_A,1,0,0,0
665,1,control,on_665_6,7,segment_A,1,1,0,0
665,1,control,on_665_21,8,segment_A,1,0,0,0
665,1,control,on_665_27,9,segment_B,1,0,0,0
666,9,treatment,on_666_2,0,segment_A,1,0,0,0
666,9,treatment,on_666_16,1,segment_A,1,1,1,0
666,9,treatment,on_666_9,2,segment_A,1,0,0,0
666,9,treatment,on_666_28,3,segment_A,1,0,0,0
666,9,treatment,on_666_6,4,segment_A,1,0,0,0
666,9,treatment,on_666_22,5,segment_B,1,0,0,0
666,9,treatment,on_666_32,6,segment_A,1,0,0,0
666,9,treatment,on_666_33,7,segment_A,1,0,0,0
666,9,treatment,on_666_20,8,segment_A,1,0,0,0
666,9,treatment,on_666_25,9,segment_A,1,1,0,0
667,8,treatment,on_667_39,0,segment_A,1,0,0,0
667,8,treatment,on_667_14,1,segment_B,1,0,0,0
667,8,treatment,on_667_11,2,segment_B,1,0,0,0
667,8,treatment,on_667_0,3,segment_B,1,0,0,0
667,8,treatment,on_667_30,4,segment_A,1,0,0,0
667,8,treatment,on_667_21,5,segment_B,1,0,0,0
667,8,treatment,on_667_4,6,segment_A,1,0,0,0
667,8,treatment,on_667_34,7,segment_A,1,1,1,0
667,8,treatment,on_667_37,8,segment_B,1,0,0,0
667,8,treatment,on_667_28,9,segment_B,1,0,0,0
668,12,control,on_668_21,0,segment_A,1,0,0,0
668,12,control,on_668_12,1,segment_A,1,0,0,0
668,12,control,on_668_31,2,segment_B,1,0,0,0
668,12,control,on_668_36,3,segment_A,1,0,0,0
668,12,control,on_668_7,4,segment_B,1,0,0,0
668,12,control,on_668_22,5,segment_B,1,0,0,0
668,12,control,on_668_19,6,segment_A,1,0,0,0
668,12,control,on_668_35,7,segment_B,1,0,0,0
668,12,control,on_668_9,8,segment_B,1,0,0,0
668,12,control,on_668_6,9,segment_B,1,0,0,0
669,5,control,on_669_9,0,segment_B,1,0,0,0
669,5,control,on_669_15,1,segment_A,1,1,0,0
669,5,control,on_669_31,2,segment_B,1,0,0,0
669,5,control,on_669_0,3,segment_B,1,1,0,0
669,5,control,on_669_27,4,segment_A,1,0,0,0
669,5,control,on_669_11,5,segment_B,1,0,0,0
669,5,control,on_669_12,6,segment_B,1,0,0,0
669,5,control,on_669_16,7,segment_A,1,0,0,0
669,5,control,on_669_32,8,segment_B,1,0,0,0
669,5,control,on_669_37,9,segment_A,1,0,0,0
670,3,treatment,on_670_1,0,segment_B,1,0,0,0
670,3,treatment,on_670_14,1,segment_B,1,1,1,0
670,3,treatment,on_670_22,2,segment_A,1,0,0,0
670,3,treatment,on_670_13,3,segment_A,1,0,0,0
670,3,treatment,on_670_7,4,segment_A,1,0,0,0
670,3,treatment,on_670_4,5,segment_B,1,0,0,0
670,3,treatment,on_670_12,6,segment_B,1,0,0,0
670,3,treatment,on_670_38,7,segment_A,1,0,0,0
670,3,treatment,on_670_33,8,segment_B,1,0,0,0
670,3,treatment,on_670_31,9,segment_B,1,0,0,0
671,0,control,on_671_18,0,segment_B,1,0,0,0
671,0,control,on_671_17,1,segment_A,1,0,0,0
671,0,control,on_671_3,2,segment_A,1,0,0,0
671,0,control,on_671_39,3,segment_B,1,0,0,0
671,0,control,on_671_5,4,segment_B,1,0,0,0
671,0,control,on_671_19,5,segment_A,1,0,0,0
671,0,control,on_671_28,6,segment_A,1,0,0,0
671,0,control,on_671_25,7,segment_B,1,0,0,0
671,0,control,on_671_29,8,segment_A,1,0,0,0
671,0,control,on_671_14,9,segment_A,1,0,0,0
672,8,control,on_672_7,0,segment_B,1,0,0,0
672,8,control,on_672_10,1,segment_A,1,0,0,0
672,8,control,on_672_28,2,segment_B,1,0,0,0
672,8,control,on_672_2,3,segment_B,1,1,0,0
672,8,control,on_672_16,4,segment_B,1,0,0,0
672,8,control,on_672_31,5,segment_B,1,0,0,0
672,8,control,on_672_15,6,segment_B,1,0,0,0
672,8,control,on_672_34,7,segment_A,1,1,0,0
672,8,control,on_672_14,8,segment_A,1,0,0,0
672,8,control,on_672_25,9,segment_A,1,0,0,0
673,5,treatment,on_673_31,0,segment_A,1,0,0,0
673,5,treatment,on_673_13,1,segment_B,1,0,0,0
673,5,treatment,on_673_36,2,segment_A,1,0,0,0
673,5,treatment,on_673_39,3,segment_A,1,0,0,0
673,5,treatment,on_673_15,4,segment_A,1,0,0,0
673,5,treatment,on_673_2,5,segment_B,1,0,0,0
673,5,treatment,on_673_19,6,segment_B,1,0,0,0
673,5,treatment,on_673_5,7,segment_B,1,0,0,0
673,5,treatment,on_673_6,8,segment_B,1,0,0,0
673,5,treatment,on_673_34,9,segment_B,1,0,0,0
674,4,control,on_674_34,0,segment_A,1,0,0,0
674,4,control,on_674_17,1,segment_A,1,1,1,0
674,4,control,on_674_29,2,segment_B,1,0,0,0
674,4,control,on_674_26,3,segment_B,1,0,0,0
674,4,control,on_674_38,4,segment_A,1,0,0,0
674,4,control,on_674_0,5,segment_A,1,0,0,0
674,4,control,on_674_31,6,segment_A,1,0,0,0
674,4,control,on_674_30,7,segment_B,1,0,0,0
674,4,control,on_674_18,8,segment_B,1,0,0,0
674,4,control,on_674_25,9,segment_B,1,0,0,0
675,12,treatment,on_675_9,0,segment_B,1,1,0,0
675,12,treatment,on_675_22,1,segment_B,1,0,0,0
675,12,treatment,on_675_10,2,segment_B,1,0,0,0
675,12,treatment,on_675_27,3,segment_B,1,0,0,0
675,12,treatment,on_675_14,4,segment_B,1,0,0,0
675,12,treatment,on_675_23,5,segment_B,1,0,0,0
675,12,treatment,on_675_36,6,segment_B,1,0,0,0
675,12,treatment,on_675_39,7,segment_A,1,0,0,0
675,12,treatment,on_675_4,8,segment_A,1,0,0,0
675,12,treatment,on_675_26,9,segment_B,1,0,0,0
676,0,treatment,on_676_34,0,segment_B,1,1,1,0
676,0,treatment,on_676_33,1,segment_B,1,0,0,0
676,0,treatment,on_676_18,2,segment_A,1,0,0,0
676,0,treatment,on_676_26,3,segment_A,1,0,0,0
676,0,treatment,on_676_9,4,segment_B,1,0,0,0
676,0,treatment,on_676_1,5,segment_A,1,0,0,0
676,0,treatment,on_676_31,6,segment_B,1,0,0,0
676,0,treatment,on_676_27,7,segment_B,1,0,0,0
676,0,treatment,on_676_21,8,segment_A,1,0,0,0
676,0,treatment,on_676_19,9,segment_A,1,0,0,0
677,10,control,on_677_4,0,segment_B,1,0,0,0
677,10,control,on_677_1,1,segment_A,1,0,0,0
677,10,control,on_677_21,2,segment_A,1,0,0,0
677,10,control,on_677_8,3,segment_A,1,0,0,0
677,10,control,on_677_22,4,segment_A,1,0,0,0
677,10,control,on_677_39,5,segment_A,1,0,0,0
677,10,control,on_677_11,6,segment_B,1,0,0,0
677,10,control,on_677_15,7,segment_B,1,0,0,0
677,10,control,on_677_28,8,segment_B,1,0,0,0
677,10,control,on_677_35,9,segment_B,1,0,0,0
678,3,treatment,on_678_22,0,segment_A,1,0,0,0
678,3,treatment,on_678_25,1,segment_A,1,0,0,0
678,3,treatment,on_678_7,2,segment_A,1,1,0,0
678,3,treatment,on_678_14,3,segment_A,1,0,0,0
678,3,treatment,on_678_10,4,segment_B,1,0,0,0
678,3,treatment,on_678_12,5,segment_A,1,0,0,0
678,3,treatment,on_678_1,6,segment_B,1,0,0,0
678,3,treatment,on_678_9,7,segment_A,1,0,0,0
678,3,treatment,on_678_8,8,segment_A,1,0,0,0
678,3,treatment,on_678_35,9,segment_A,1,0,0,0
679,0,control,on_679_29,0,segment_B,1,0,0,0
679,0,control,on_679_6,1,segment_B,1,0,0,0
679,0,control,on_679_27,2,segment_A,1,0,0,0
679,0,control,on_679_15,3,segment_A,1,0,0,0
679,0,control,on_679_14,4,segment_B,1,0,0,0
679,0,control,on_679_21,5,segment_A,1,0,0,0
679,0,control,on_679_19,6,segment_A,1,0,0,0
679,0,control,on_679_4,7,segment_B,1,0,0,0
679,0,control,on_679_0,8,segment_B,1,0,0,0
679,0,control,on_679_9,9,segment_A,1,0,0,0
680,5,treatment,on_680_37,0,segment_B,1,0,0,0
680,5,treatment,on_680_15,1,segment_A,1,0,0,0
680,5,treatment,on_680_16,2,segment_A,1,0,0,0
680,5,treatment,on_680_24,3,segment_B,1,0,0,0
680,5,treatment,on_680_34,4,segment_B,1,0,0,0
680,5,treatment,on_680_14,5,segment_B,1,1,0,0
680,5,treatment,on_680_12,6,segment_A,1,0,0,0
680,5,treatment,on_680_13,7,segment_B,1,0,0,0
680,5,treatment,on_680_27,8,segment_B,1,0,0,0
680,5,treatment,on_680_22,9,segment_A,1,0,0,0
681,4,control,on_681_26,0,segment_A,1,0,0,0
681,4,control,on_681_2,1,segment_B,1,0,0,0
681,4,control,on_681_33,2,segment_A,1,0,0,0
681,4,control,on_681_25,3,segment_B,1,0,0,0
681,4,control,on_681_27,4,segment_B,1,0,0,0
681,4,control,on_681_19,5,segment_B,1,0,0,0
681,4,control,on_681_17,6,segment_B,1,0,0,0
681,4,control,on_681_0,7,segment_A,1,0,0,0
681,4,control,on_681_20,8,segment_B,1,0,0,0
681,4,control,on_681_38,9,segment_B,1,0,0,0
682,4,control,on_682_39,0,segment_B,1,0,0,0
682,4,control,on_682_2,1,segment_B,1,0,0,0
682,4,control,on_682_28,2,segment_A,1,0,0,0
682,4,control,on_682_35,3,segment_A,1,0,0,0
682,4,control,on_682_15,4,segment_B,1,0,0,0
682,4,control,on_682_10,5,segment_B,1,0,0,0
682,4,control,on_682_8,6,segment_B,1,0,0,0
682,4,control,on_682_14,7,segment_A,1,0,0,0
682,4,control,on_682_23,8,segment_B,1,0,0,0
682,4,control,on_682_18,9,segment_B,1,0,0,0
683,11,control,on_683_25,0,segment_B,1,0,0,0
683,11,control,on_683_2,1,segment_A,1,0,0,0
683,11,control,on_683_5,2,segment_B,1,0,0,0
683,11,control,on_683_26,3,segment_B,1,0,0,0
683,11,control,on_683_19,4,segment_A,1,0,0,0
683,11,control,on_683_14,5,segment_B,1,0,0,0
683,11,control,on_683_34,6,segment_B,1,0,0,0
683,11,control,on_683_16,7,segment_A,1,0,0,0
683,11,control,on_683_35,8,segment_A,1,0,0,0
683,11,control,on_683_39,9,segment_A,1,0,0,0
684,1,treatment,on_684_15,0,segment_A,1,0,0,0
684,1,treatment,on_684_38,1,segment_A,1,0,0,0
684,1,treatment,on_684_26,2,segment_B,1,0,0,0
684,1,treatment,on_684_7,3,segment_A,1,1,1,0
684,1,treatment,on_684_33,4,segment_B,1,0,0,0
684,1,treatment,on_684_13,5,segment_B,1,0,0,0
684,1,treatment,on_684_29,6,segment_A,1,0,0,0
684,1,treatment,on_684_28,7,segment_A,1,0,0,0
684,1,treatment,on_684_21,8,segment_A,1,1,0,0
684,1,treatment,on_684_6,9,segment_A,1,0,0,0
685,13,control,on_685_10,0,segment_B,1,0,0,0
685,13,control,on_685_35,1,segment_A,1,0,0,0
685,13,control,on_685_6,2,segment_B,1,0,0,0
685,13,control,on_685_33,3,segment_B,1,0,0,0
685,13,control,on_685_16,4,segment_B,1,0,0,0
685,13,control,on_685_0,5,segment_A,1,0,0,0
685,13,control,on_685_12,6,segment_B,1,0,0,0
685,13,control,on_685_29,7,segment_A,1,0,0,0
685,13,control,on_685_22,8,segment_A,1,0,0,0
685,13,control,on_685_2,9,segment_B,1,0,0,0
686,10,control,on_686_22,0,segment_A,1,0,0,0
686,10,control,on_686_13,1,segment_B,1,0,0,0
686,10,control,on_686_35,2,segment_A,1,0,0,0
686,10,control,on_686_23,3,segment_A,1,0,0,0
686,10,control,on_686_21,4,segment_B,1,1,0,0
686,10,control,on_686_1,5,segment_B,1,0,0,0
686,10,control,on_686_6,6,segment_A,1,0,0,0
686,10,control,on_686_19,7,segment_B,1,0,0,0
686,10,control,on_686_34,8,segment_A,1,0,0,0
686,10,control,on_686_2,9,segment_A,1,0,0,0
687,13,treatment,on_687_25,0,segment_B,1,1,0,0
687,13,treatment,on_687_5,1,segment_B,1,0,0,0
687,13,treatment,on_687_21,2,segment_B,1,0,0,0
687,13,treatment,on_687_16,3,segment_A,1,0,0,0
687,13,treatment,on_687_8,4,segment_A,1,0,0,0
687,13,treatment,on_687_30,5,segment_A,1,0,0,0
687,13,treatment,on_687_28,6,segment_A,1,0,0,0
687,13,treatment,on_687_32,7,segment_A,1,0,0,0
687,13,treatment,on_687_7,8,segment_B,1,0,0,0
687,13,treatment,on_687_35,9,segment_A,1,0,0,0
688,2,treatment,on_688_17,0,segment_A,1,0,0,0
688,2,treatment,on_688_30,1,segment_B,1,0,0,0
688,2,treatment,on_688_9,2,segment_B,1,0,0,0
688,2,treatment,on_688_27,3,segment_A,1,0,0,0
688,2,treatment,on_688_29,4,segment_B,1,0,0,0
688,2,treatment,on_688_20,5,segment_B,1,0,0,0
688,2,treatment,on_688_4,6,segment_A,1,0,0,0
688,2,treatment,on_688_18,7,segment_B,1,0,0,0
688,2,treatment,on_688_12,8,segment_A,1,0,0,0
688,2,treatment,on_688_13,9,segment_A,1,0,0,0
689,1,control,on_689_9,0,segment_A,1,1,1,0
689,1,control,on_689_5,1,segment_B,1,0,0,0
689,1,control,on_689_30,2,segment_A,1,0,0,0
689,1,control,on_689_15,3,segment_B,1,1,0,0
689,1,control,on_689_19,4,segment_B,1,0,0,0
689,1,control,on_689_36,5,segment_A,1,0,0,0
689,1,control,on_689_12,6,segment_B,1,0,0,0
689,1,control,on_689_16,7,segment_A,1,0,0,0
689,1,control,on_689_26,8,segment_A,1,0,0,0
689,1,control,on_689_33,9,segment_B,1,0,0,0
690,7,treatment,on_690_21,0,segment_B,1,0,0,0
690,7,treatment,on_690_33,1,segment_A,1,0,0,0
690,7,treatment,on_690_20,2,segment_A,1,0,0,0
690,7,treatment,on_690_12,3,segment_A,1,0,0,0
690,7,treatment,on_690_8,4,segment_A,1,0,0,0
690,7,treatment,on_690_17,5,segment_A,1,0,0,0
690,7,treatment,on_690_37,6,segment_B,1,0,0,0
690,7,treatment,on_690_36,7,segment_B,1,0,0,0
690,7,treatment,on_690_19,8,segment_B,1,0,0,0
690,7,treatment,on_690_24,9,segment_B,1,0,0,0
691,12,treatment,on_691_6,0,segment_A,1,1,0,0
691,12,treatment,on_691_31,1,segment_B,1,0,0,0
691,12,treatment,on_691_33,2,segment_A,1,1,0,0
691,12,treatment,on_691_22,3,segment_B,1,0,0,0
691,12,treatment,on_691_23,4,segment_B,1,0,0,0
691,12,treatment,on_691_12,5,segment_B,1,0,0,0
691,12,treatment,on_691_30,6,segment_A,1,0,0,0
691,12,treatment,on_691_39,7,segment_A,1,0,0,0
691,12,treatment,on_691_19,8,segment_A,1,0,0,0
691,12,treatment,on_691_20,9,segment_A,1,0,0,0
692,8,control,on_692_10,0,segment_A,1,1,1,0
692,8,control,on_692_37,1,segment_A,1,1,0,0
692,8,control,on_692_30,2,segment_B,1,0,0,0
692,8,control,on_692_31,3,segment_B,1,0,0,0
692,8,control,on_692_5,4,segment_A,1,0,0,0
692,8,control,on_692_4,5,segment_A,1,0,0,0
692,8,control,on_692_34,6,segment_B,1,0,0,0
692,8,control,on_692_19,7,segment_B,1,0,0,0
692,8,control,on_692_39,8,segment_A,1,0,0,0
692,8,control,on_692_25,9,segment_B,1,0,0,0
693,2,treatment,on_693_22,0,segment_B,1,1,1,0
693,2,treatment,on_693_19,1,segment_A,1,0,0,0
693,2,treatment,on_693_33,2,segment_B,1,0,0,0
693,2,treatment,on_693_21,3,segment_A,1,0,0,0
693,2,treatment,on_693_2,4,segment_B,1,1,0,0
693,2,treatment,on_693_32,5,segment_A,1,1,0,0
693,2,treatment,on_693_34,6,segment_A,1,0,0,0
693,2,treatment,on_693_24,7,segment_B,1,0,0,0
693,2,treatment,on_693_23,8,segment_A,1,0,0,0
693,2,treatment,on_693_15,9,segment_A,1,0,0,0
694,13,control,on_694_14,0,segment_B,1,1,1,0
694,13,control,on_694_6,1,segment_B,1,1,1,1
694,13,control,on_694_9,2,segment_A,1,0,0,0
694,13,control,on_694_10,3,segment_A,1,0,0,0
694,13,control,on_694_19,4,segment_A,1,0,0,0
694,13,control,on_694_8,5,segment_A,1,0,0,0
694,13,control,on_694_18,6,segment_B,1,0,0,0
694,13,control,on_694_3,7,segment_B,1,0,0,0
694,13,control,on_694_24,8,segment_B,1,0,0,0
694,13,control,on_694_32,9,segment_A,1,0,0,0
695,6,control,on_695_35,0,segment_B,1,0,0,0
695,6,control,on_695_9,1,segment_A,1,1,0,0
695,6,control,on_695_4,2,segment_A,1,0,0,0
695,6,control,on_695_6,3,segment_B,1,0,0,0
695,6,control,on_695_30,4,segment_A,1,0,0,0
695,6,control,on_695_38,5,segment_A,1,0,0,0
695,6,control,on_695_20,6,segment_B,1,0,0,0
695,6,control,on_695_16,7,segment_A,1,0,0,0
695,6,control,on_695_33,8,segment_B,1,0,0,0
695,6,control,on_695_39,9,segment_B,1,0,0,0
696,5,treatment,on_696_18,0,segment_A,1,0,0,0
696,5,treatment,on_696_0,1,segment_A,1,0,0,0
696,5,treatment,on_696_33,2,segment_A,1,0,0,0
696,5,treatment,on_696_38,3,segment_B,1,0,0,0
696,5,treatment,on_696_30,4,segment_A,1,0,0,0
696,5,treatment,on_696_34,5,segment_A,1,0,0,0
696,5,treatment,on_696_17,6,segment_A,1,0,0,0
696,5,treatment,on_696_31,7,segment_A,1,0,0,0
696,5,treatment,on_696_23,8,segment_A,1,0,0,0
696,5,treatment,on_696_11,9,segment_A,1,0,0,0
697,8,control,on_697_16,0,segment_B,1,0,0,0
697,8,control,on_697_0,1,segment_B,1,1,0,0
697,8,control,on_697_35,2,segment_A,1,1,0,0
697,8,control,on_697_7,3,segment_A,1,0,0,0
697,8,control,on_697_15,4,segment_B,1,0,0,0
697,8,control,on_697_26,5,segment_A,1,0,0,0
697,8,control,on_697_33,6,segment_A,1,0,0,0
697,8,control,on_697_39,7,segment_B,1,0,0,0
697,8,control,on_697_27,8,segment_A,1,0,0,0
697,8,control,on_697_1,9,segment_B,1,1,0,0
698,10,control,on_698_0,0,segment_A,1,0,0,0
698,10,control,on_698_27,1,segment_A,1,0,0,0
698,10,control,on_698_16,2,segment_A,1,0,0,0
698,10,control,on_698_26,3,segment_B,1,0,0,0
698,10,control,on_698_6,4,segment_A,1,1,0,0
698,10,control,on_698_37,5,segment_A,1,1,1,0
698,10,control,on_698_20,6,segment_A,1,0,0,0
698,10,control,on_698_19,7,segment_A,1,0,0,0
698,10,control,on_698_18,8,segment_B,1,0,0,0
698,10,control,on_698_12,9,segment_B,1,0,0,0
699,2,control,on_699_26,0,segment_A,1,0,0,0
699,2,control,on_699_8,1,segment_B,1,1,0,0
699,2,control,on_699_3,2,segment_B,1,0,0,0
699,2,control,on_699_5,3,segment_B,1,0,0,0
699,2,control,on_699_18,4,segment_B,1,1,0,0
699,2,control,on_699_32,5,segment_A,1,1,0,0
699,2,control,on_699_0,6,segment_B,1,0,0,0
699,2,control,on_699_17,7,segment_A,1,0,0,0
699,2,control,on_699_19,8,segment_B,1,0,0,0
699,2,control,on_699_2,9,segment_A,1,0,0,0
700,10,treatment,on_700_14,0,segment_B,1,0,0,0
700,10,treatment,on_700_38,1,segment_A,1,0,0,0
700,10,treatment,on_700_31,2,segment_A,1,0,0,0
700,10,treatment,on_700_30,3,segment_A,1,0,0,0
700,10,treatment,on_700_15,4,segment_B,1,0,0,0
700,10,treatment,on_700_29,5,segment_B,1,0,0,0
700,10,treatment,on_700_20,6,segment_A,1,0,0,0
700,10,treatment,on_700_10,7,segment_A,1,0,0,0
700,10,treatment,on_700_0,8,segment_A,1,1,0,0
700,10,treatment,on_700_26,9,segment_A,1,0,0,0
701,10,treatment,on_701_39,0,segment_A,1,1,1,0
701,10,treatment,on_701_8,1,segment_B,1,0,0,0
701,10,treatment,on_701_4,2,segment_B,1,0,0,0
701,10,treatment,on_701_17,3,segment_B,1,1,0,0
701,10,treatment,on_701_33,4,segment_A,1,0,0,0
701,10,treatment,on_701_27,5,segment_B,1,0,0,0
701,10,treatment,on_701_35,6,segment_B,1,0,0,0
701,10,treatment,on_701_26,7,segment_B,1,0,0,0
701,10,treatment,on_701_1,8,segment_B,1,0,0,0
701,10,treatment,on_701_9,9,segment_B,1,0,0,0
702,0,control,on_702_21,0,segment_A,1,1,1,0
702,0,control,on_702_32,1,segment_B,1,0,0,0
702,0,control,on_702_34,2,segment_A,1,0,0,0
702,0,control,on_702_18,3,segment_B,1,1,0,0
702,0,control,on_702_3,4,segment_A,1,0,0,0
702,0,control,on_702_4,5,segment_B,1,0,0,0
702,0,control,on_702_5,6,segment_B,1,0,0,0
702,0,control,on_702_0,7,segment_A,1,1,0,0
702,0,control,on_702_9,8,segment_A,1,1,0,0
702,0,control,on_702_28,9,segment_B,1,0,0,0
703,13,control,on_703_27,0,segment_A,1,1,0,0
703,13,control,on_703_34,1,segment_B,1,1,0,0
703,13,control,on_703_20,2,segment_B,1,0,0,0
703,13,control,on_703_17,3,segment_A,1,0,0,0
703,13,control,on_703_26,4,segment_B,1,1,0,0
703,13,control,on_703_2,5,segment_A,1,0,0,0
703,13,control,on_703_24,6,segment_A,1,0,0,0
703,13,control,on_703_19,7,segment_B,1,0,0,0
703,13,control,on_703_38,8,segment_A,1,0,0,0
703,13,control,on_703_31,9,segment_B,1,0,0,0
704,12,treatment,on_704_25,0,segment_A,1,1,1,0
704,12,treatment,on_704_37,1,segment_B,1,0,0,0
704,12,treatment,on_704_13,2,segment_A,1,0,0,0
704,12,treatment,on_704_1,3,segment_A,1,0,0,0
704,12,treatment,on_704_27,4,segment_A,1,0,0,0
704,12,treatment,on_704_30,5,segment_A,1,0,0,0
704,12,treatment,on_704_24,6,segment_A,1,0,0,0
704,12,treatment,on_704_22,7,segment_A,1,0,0,0
704,12,treatment,on_704_16,8,segment_B,1,1,0,0
704,12,treatment,on_704_4,9,segment_A,1,0,0,0
705,3,control,on_705_35,0,segment_A,1,1,1,0
705,3,control,on_705_38,1,segment_B,1,0,0,0
705,3,control,on_705_39,2,segment_A,1,0,0,0
705,3,control,on_705_22,3,segment_B,1,0,0,0
705,3,control,on_705_17,4,segment_A,1,0,0,0
705,3,control,on_705_37,5,segment_A,1,0,0,0
705,3,control,on_705_19,6,segment_B,1,0,0,0
705,3,control,on_705_20,7,segment_B,1,0,0,0
705,3,control,on_705_18,8,segment_A,1,0,0,0
705,3,control,on_705_29,9,segment_A,1,0,0,0
706,11,treatment,on_706_0,0,segment_B,1,1,1,0
706,11,treatment,on_706_25,1,segment_A,1,1,1,1
706,11,treatment,on_706_3,2,segment_A,1,0,0,0
706,11,treatment,on_706_31,3,segment_A,1,0,0,0
706,11,treatment,on_706_13,4,segment_A,1,0,0,0
706,11,treatment,on_706_10,5,segment_B,1,0,0,0
706,11,treatment,on_706_16,6,segment_B,1,0,0,0
706,11,treatment,on_706_4,7,segment_A,1,0,0,0
706,11,treatment,on_706_14,8,segment_A,1,0,0,0
706,11,treatment,on_706_23,9,segment_B,1,0,0,0
707,1,control,on_707_4,0,segment_A,1,0,0,0
707,1,control,on_707_24,1,segment_A,1,0,0,0
707,1,control,on_707_31,2,segment_A,1,1,0,0
707,1,control,on_707_17,3,segment_B,1,1,0,0
707,1,control,on_707_0,4,segment_B,1,0,0,0
707,1,control,on_707_32,5,segment_A,1,0,0,0
707,1,control,on_707_5,6,segment_A,1,0,0,0
707,1,control,on_707_26,7,segment_A,1,0,0,0
707,1,control,on_707_6,8,segment_B,1,0,0,0
707,1,control,on_707_29,9,segment_A,1,0,0,0
708,10,treatment,on_708_11,0,segment_A,1,0,0,0
708,10,treatment,on_708_23,1,segment_B,1,0,0,0
708,10,treatment,on_708_10,2,segment_A,1,0,0,0
708,10,treatment,on_708_27,3,segment_B,1,0,0,0
708,10,treatment,on_708_33,4,segment_B,1,0,0,0
708,10,treatment,on_708_9,5,segment_B,1,0,0,0
708,10,treatment,on_708_35,6,segment_B,1,0,0,0
708,10,treatment,on_708_20,7,segment_A,1,0,0,0
708,10,treatment,on_708_1,8,segment_A,1,0,0,0
708,10,treatment,on_708_14,9,segment_A,1,0,0,0
709,9,control,on_709_22,0,segment_B,1,0,0,0
709,9,control,on_709_19,1,segment_B,1,0,0,0
709,9,control,on_709_4,2,segment_A,1,0,0,0
709,9,control,on_709_2,3,segment_B,1,0,0,0
709,9,control,on_709_9,4,segment_A,1,0,0,0
709,9,control,on_709_20,5,segment_A,1,0,0,0
709,9,control,on_709_1,6,segment_A,1,0,0,0
709,9,control,on_709_6,7,segment_A,1,1,0,0
709,9,control,on_709_13,8,segment_B,1,0,0,0
709,9,control,on_709_23,9,segment_B,1,0,0,0
710,8,treatment,on_710_21,0,segment_B,1,0,0,0
710,8,treatment,on_710_13,1,segment_A,1,0,0,0
710,8,treatment,on_710_5,2,segment_B,1,0,0,0
710,8,treatment,on_710_29,3,segment_A,1,0,0,0
710,8,treatment,on_710_1,4,segment_A,1,0,0,0
710,8,treatment,on_710_38,5,segment_B,1,0,0,0
710,8,treatment,on_710_26,6,segment_B,1,0,0,0
710,8,treatment,on_710_36,7,segment_B,1,0,0,0
710,8,treatment,on_710_34,8,segment_A,1,0,0,0
710,8,treatment,on_710_20,9,segment_A,1,0,0,0
711,12,treatment,on_711_26,0,segment_B,1,0,0,0
711,12,treatment,on_711_5,1,segment_B,1,0,0,0
711,12,treatment,on_711_29,2,segment_B,1,0,0,0
711,12,treatment,on_711_11,3,segment_B,1,0,0,0
711,12,treatment,on_711_31,4,segment_A,1,0,0,0
711,12,treatment,on_711_12,5,segment_B,1,0,0,0
711,12,treatment,on_711_21,6,segment_A,1,0,0,0
711,12,treatment,on_711_15,7,segment_B,1,0,0,0
711,12,treatment,on_711_0,8,segment_B,1,1,0,0
711,12,treatment,on_711_34,9,segment_B,1,0,0,0
712,12,control,on_712_36,0,segment_B,1,1,1,0
712,12,control,on_712_12,1,segment_B,1,0,0,0
712,12,control,on_712_39,2,segment_B,1,0,0,0
712,12,control,on_712_17,3,segment_A,1,0,0,0
712,12,control,on_712_18,4,segment_A,1,0,0,0
712,12,control,on_712_9,5,segment_A,1,0,0,0
712,12,control,on_712_37,6,segment_B,1,0,0,0
712,12,control,on_712_33,7,segment_B,1,0,0,0
712,12,control,on_712_24,8,segment_B,1,0,0,0
712,12,control,on_712_7,9,segment_A,1,0,0,0
713,4,control,on_713_13,0,segment_B,1,0,0,0
713,4,control,on_713_30,1,segment_A,1,0,0,0
713,4,control,on_713_29,2,segment_B,1,0,0,0
713,4,control,on_713_7,3,segment_B,1,0,0,0
713,4,control,on_713_0,4,segment_B,1,0,0,0
713,4,control,on_713_34,5,segment_B,1,0,0,0
713,4,control,on_713_20,6,segment_A,1,0,0,0
713,4,control,on_713_5,7,segment_A,1,0,0,0
713,4,control,on_713_28,8,segment_B,1,0,0,0
713,4,control,on_713_3,9,segment_B,1,0,0,0
714,8,treatment,on_714_14,0,segment_B,1,0,0,0
714,8,treatment,on_714_25,1,segment_B,1,0,0,0
714,8,treatment,on_714_23,2,segment_A,1,0,0,0
714,8,treatment,on_714_34,3,segment_B,1,0,0,0
714,8,treatment,on_714_20,4,segment_B,1,0,0,0
714,8,treatment,on_714_2,5,segment_B,1,0,0,0
714,8,treatment,on_714_0,6,segment_A,1,0,0,0
714,8,treatment,on_714_3,7,segment_A,1,0,0,0
714,8,treatment,on_714_27,8,segment_A,1,1,1,0
714,8,treatment,on_714_26,9,segment_B,1,0,0,0
715,7,treatment,on_715_29,0,segment_A,1,0,0,0
715,7,treatment,on_715_10,1,segment_B,1,0,0,0
715,7,treatment,on_715_16,2,segment_B,1,0,0,0
715,7,treatment,on_715_31,3,segment_A,1,0,0,0
715,7,treatment,on_715_14,4,segment_A,1,0,0,0
715,7,treatment,on_715_8,5,segment_B,1,0,0,0
715,7,treatment,on_715_7,6,segment_B,1,0,0,0
715,7,treatment,on_715_9,7,segment_A,1,0,0,0
715,7,treatment,on_715_36,8,segment_A,1,0,0,0
715,7,treatment,on_715_2,9,segment_B,1,0,0,0
716,0,control,on_716_31,0,segment_B,1,0,0,0
716,0,control,on_716_2,1,segment_A,1,0,0,0
716,0,control,on_716_3,2,segment_B,1,0,0,0
716,0,control,on_716_32,3,segment_B,1,0,0,0
716,0,control,on_716_39,4,segment_A,1,0,0,0
716,0,control,on_716_27,5,segment_A,1,0,0,0
716,0,control,on_716_11,6,segment_B,1,0,0,0
716,0,control,on_716_4,7,segment_A,1,0,0,0
716,0,control,on_716_12,8,segment_A,1,0,0,0
716,0,control,on_716_7,9,segment_B,1,0,0,0
717,0,treatment,on_717_11,0,segment_B,1,0,0,0
717,0,treatment,on_717_9,1,segment_B,1,0,0,0
717,0,treatment,on_717_8,2,segment_B,1,0,0,0
717,0,treatment,on_717_6,3,segment_B,1,0,0,0
717,0,treatment,on_717_35,4,segment_B,1,0,0,0
717,0,treatment,on_717_20,5,segment_B,1,0,0,0
717,0,treatment,on_717_26,6,segment_A,1,0,0,0
717,0,treatment,on_717_7,7,segment_B,1,0,0,0
717,0,treatment,on_717_4,8,segment_A,1,1,0,0
717,0,treatment,on_717_0,9,segment_B,1,0,0,0
718,3,control,on_718_32,0,segment_B,1,0,0,0
718,3,control,on_718_30,1,segment_A,1,0,0,0
718,3,control,on_718_7,2,segment_A,1,0,0,0
718,3,control,on_718_21,3,segment_B,1,0,0,0
718,3,control,on_718_2,4,segment_B,1,0,0,0
718,3,control,on_718_8,5,segment_A,1,0,0,0
718,3,control,on_718_29,6,segment_B,1,0,0,0
718,3,control,on_718_26,7,segment_A,1,0,0,0
718,3,control,on_718_35,8,segment_B,1,0,0,0
718,3,control,on_718_14,9,segment_B,1,0,0,0
719,8,treatment,on_719_0,0,segment_B,1,1,1,0
719,8,treatment,on_719_8,1,segment_B,1,0,0,0
719,8,treatment,on_719_3,2,segment_A,1,0,0,0
719,8,treatment,on_719_14,3,segment_A,1,0,0,0
719,8,treatment,on_719_11,4,segment_B,1,0,0,0
719,8,treatment,on_719_26,5,segment_A,1,0,0,0
719,8,treatment,on_719_22,6,segment_B,1,0,0,0
719,8,treatment,on_719_5,7,segment_B,1,0,0,0
719,8,treatment,on_719_29,8,segment_A,1,0,0,0
719,8,treatment,on_719_39,9,segment_B,1,0,0,0
720,11,treatment,on_720_4,0,segment_A,1,1,0,0
720,11,treatment,on_720_35,1,segment_A,1,0,0,0
720,11,treatment,on_720_0,2,segment_A,1,0,0,0
720,11,treatment,on_720_8,3,segment_A,1,0,0,0
720,11,treatment,on_720_32,4,segment_B,1,0,0,0
720,11,treatment,on_720_21,5,segment_A,1,0,0,0
720,11,treatment,on_720_9,6,segment_B,1,0,0,0
720,11,treatment,on_720_36,7,segment_B,1,0,0,0
720,11,treatment,on_720_16,8,segment_B,1,0,0,0
720,11,treatment,on_720_28,9,segment_B,1,0,0,0
721,2,control,on_721_2,0,segment_A,1,0,0,0
721,2,control,on_721_5,1,segment_B,1,0,0,0
721,2,control,on_721_32,2,segment_B,1,0,0,0
721,2,control,on_721_7,3,segment_B,1,0,0,0
721,2,control,on_721_6,4,segment_A,1,1,0,0
721,2,control,on_721_17,5,segment_A,1,0,0,0
721,2,control,on_721_14,6,segment_B,1,0,0,0
721,2,control,on_721_15,7,segment_B,1,0,0,0
721,2,control,on_721_33,8,segment_A,1,0,0,0
721,2,control,on_721_27,9,segment_B,1,0,0,0
722,13,treatment,on_722_31,0,segment_B,1,0,0,0
722,13,treatment,on_722_22,1,segment_B,1,0,0,0
722,13,treatment,on_722_15,2,segment_B,1,0,0,0
722,13,treatment,on_722_8,3,segment_A,1,0,0,0
722,13,treatment,on_722_0,4,segment_B,1,0,0,0
722,13,treatment,on_722_21,5,segment_B,1,0,0,0
722,13,treatment,on_722_6,6,segment_B,1,0,0,0
722,13,treatment,on_722_3,7,segment_B,1,0,0,0
722,13,treatment,on_722_23,8,segment_B,1,1,0,0
722,13,treatment,on_722_38,9,segment_A,1,0,0,0
723,5,treatment,on_723_21,0,segment_A,1,0,0,0
723,5,treatment,on_723_34,1,segment_A,1,0,0,0
723,5,treatment,on_723_19,2,segment_A,1,0,0,0
723,5,treatment,on_723_28,3,segment_A,1,0,0,0
723,5,treatment,on_723_22,4,segment_B,1,0,0,0
723,5,treatment,on_723_1,5,segment_B,1,0,0,0
723,5,treatment,on_723_18,6,segment_B,1,0,0,0
723,5,treatment,on_723_7,7,segment_B,1,0,0,0
723,5,treatment,on_723_31,8,segment_B,1,0,0,0
723,5,treatment,on_723_14,9,segment_B,1,0,0,0
724,4,control,on_724_7,0,segment_B,1,0,0,0
724,4,control,on_724_29,1,segment_A,1,1,1,0
724,4,control,on_724_22,2,segment_B,1,0,0,0
724,4,control,on_724_0,3,segment_A,1,0,0,0
724,4,control,on_724_10,4,segment_B,1,0,0,0
724,4,control,on_724_16,5,segment_A,1,1,1,0
724,4,control,on_724_33,6,segment_B,1,0,0,0
724,4,control,on_724_23,7,segment_A,1,0,0,0
724,4,control,on_724_9,8,segment_A,1,0,0,0
724,4,control,on_724_1,9,segment_A,1,0,0,0
725,3,control,on_725_35,0,segment_A,1,0,0,0
725,3,control,on_725_16,1,segment_B,1,0,0,0
725,3,control,on_725_6,2,segment_B,1,1,0,0
725,3,control,on_725_30,3,segment_B,1,0,0,0
725,3,control,on_725_4,4,segment_B,1,0,0,0
725,3,control,on_725_17,5,segment_A,1,0,0,0
725,3,control,on_725_31,6,segment_B,1,0,0,0
725,3,control,on_725_21,7,segment_A,1,0,0,0
725,3,control,on_725_22,8,segment_B,1,0,0,0
725,3,control,on_725_33,9,segment_B,1,0,0,0
726,0,control,on_726_31,0,segment_A,1,0,0,0
726,0,control,on_726_4,1,segment_B,1,0,0,0
726,0,control,on_726_7,2,segment_A,1,0,0,0
726,0,control,on_726_2,3,segment_B,1,0,0,0
726,0,control,on_726_25,4,segment_B,1,0,0,0
726,0,control,on_726_34,5,segment_A,1,0,0,0
726,0,control,on_726_32,6,segment_B,1,0,0,0
726,0,control,on_726_21,7,segment_A,1,0,0,0
726,0,control,on_726_11,8,segment_A,1,0,0,0
726,0,control,on_726_22,9,segment_A,1,0,0,0
727,0,treatment,on_727_14,0,segment_B,1,0,0,0
727,0,treatment,on_727_38,1,segment_A,1,0,0,0
727,0,treatment,on_727_26,2,segment_A,1,1,1,0
727,0,treatment,on_727_37,3,segment_B,1,0,0,0
727,0,treatment,on_727_1,4,segment_A,1,0,0,0
727,0,treatment,on_727_36,5,segment_B,1,0,0,0
727,0,treatment,on_727_29,6,segment_B,1,0,0,0
727,0,treatment,on_727_33,7,segment_A,1,0,0,0
727,0,treatment,on_727_9,8,segment_A,1,0,0,0
727,0,treatment,on_727_35,9,segment_B,1,0,0,0
728,2,treatment,on_728_17,0,segment_B,1,1,1,0
728,2,treatment,on_728_27,1,segment_A,1,0,0,0
728,2,treatment,on_728_29,2,segment_A,1,0,0,0
728,2,treatment,on_728_9,3,segment_A,1,0,0,0
728,2,treatment,on_728_24,4,segment_B,1,0,0,0
728,2,treatment,on_728_8,5,segment_B,1,0,0,0
728,2,treatment,on_728_1,6,segment_B,1,0,0,0
728,2,treatment,on_728_13,7,segment_B,1,0,0,0
728,2,treatment,on_728_14,8,segment_B,1,0,0,0
728,2,treatment,on_728_30,9,segment_B,1,0,0,0
729,5,treatment,on_729_9,0,segment_B,1,0,0,0
729,5,treatment,on_729_15,1,segment_A,1,0,0,0
729,5,treatment,on_729_36,2,segment_A,1,0,0,0
729,5,treatment,on_729_4,3,segment_B,1,0,0,0
729,5,treatment,on_729_38,4,segment_A,1,0,0,0
729,5,treatment,on_729_30,5,segment_B,1,1,0,0
729,5,treatment,on_729_24,6,segment_B,1,0,0,0
729,5,treatment,on_729_20,7,segment_B,1,0,0,0
729,5,treatment,on_729_37,8,segment_B,1,0,0,0
729,5,treatment,on_729_21,9,segment_A,1,0,0,0
730,1,treatment,on_730_15,0,segment_B,1,0,0,0
730,1,treatment,on_730_2,1,segment_B,1,0,0,0
730,1,treatment,on_730_14,2,segment_B,1,0,0,0
730,1,treatment,on_730_4,3,segment_A,1,0,0,0
730,1,treatment,on_730_19,4,segment_B,1,0,0,0
730,1,treatment,on_730_39,5,segment_B,1,0,0,0
730,1,treatment,on_730_24,6,segment_A,1,0,0,0
730,1,treatment,on_730_8,7,segment_B,1,0,0,0
730,1,treatment,on_730_0,8,segment_B,1,0,0,0
730,1,treatment,on_730_28,9,segment_B,1,0,0,0
731,7,control,on_731_11,0,segment_A,1,0,0,0
731,7,control,on_731_32,1,segment_A,1,0,0,0
731,7,control,on_731_17,2,segment_A,1,0,0,0
731,7,control,on_731_7,3,segment_A,1,0,0,0
731,7,control,on_731_18,4,segment_B,1,0,0,0
731,7,control,on_731_25,5,segment_B,1,0,0,0
731,7,control,on_731_27,6,segment_B,1,0,0,0
731,7,control,on_731_10,7,segment_B,1,0,0,0
731,7,control,on_731_33,8,segment_B,1,1,0,0
731,7,control,on_731_34,9,segment_A,1,0,0,0
732,4,treatment,on_732_31,0,segment_A,1,0,0,0
732,4,treatment,on_732_14,1,segment_A,1,0,0,0
732,4,treatment,on_732_13,2,segment_A,1,0,0,0
732,4,treatment,on_732_17,3,segment_A,1,0,0,0
732,4,treatment,on_732_22,4,segment_A,1,0,0,0
732,4,treatment,on_732_21,5,segment_B,1,0,0,0
732,4,treatment,on_732_7,6,segment_A,1,0,0,0
732,4,treatment,on_732_35,7,segment_A,1,0,0,0
732,4,treatment,on_732_26,8,segment_B,1,0,0,0
732,4,treatment,on_732_10,9,segment_B,1,0,0,0
733,10,treatment,on_733_24,0,segment_A,1,0,0,0
733,10,treatment,on_733_2,1,segment_B,1,0,0,0
733,10,treatment,on_733_39,2,segment_B,1,0,0,0
733,10,treatment,on_733_28,3,segment_B,1,0,0,0
733,10,treatment,on_733_31,4,segment_A,1,1,0,0
733,10,treatment,on_733_12,5,segment_A,1,1,0,0
733,10,treatment,on_733_0,6,segment_A,1,0,0,0
733,10,treatment,on_733_25,7,segment_B,1,0,0,0
733,10,treatment,on_733_5,8,segment_A,1,0,0,0
733,10,treatment,on_733_7,9,segment_B,1,0,0,0
734,4,control,on_734_6,0,segment_A,1,0,0,0
734,4,control,on_734_39,1,segment_B,1,1,0,0
734,4,control,on_734_10,2,segment_B,1,0,0,0
734,4,control,on_734_14,3,segment_B,1,0,0,0
734,4,control,on_734_37,4,segment_A,1,0,0,0
734,4,control,on_734_5,5,segment_B,1,1,0,0
734,4,control,on_734_12,6,segment_B,1,0,0,0
734,4,control,on_734_0,7,segment_B,1,0,0,0
734,4,control,on_734_19,8,segment_B,1,0,0,0
734,4,control,on_734_30,9,segment_B,1,0,0,0
735,0,treatment,on_735_23,0,segment_A,1,0,0,0
735,0,treatment,on_735_8,1,segment_A,1,0,0,0
735,0,treatment,on_735_36,2,segment_A,1,0,0,0
735,0,treatment,on_735_17,3,segment_A,1,0,0,0
735,0,treatment,on_735_24,4,segment_A,1,0,0,0
735,0,treatment,on_735_10,5,segment_A,1,0,0,0
735,0,treatment,on_735_19,6,segment_A,1,0,0,0
735,0,treatment,on_735_29,7,segment_A,1,0,0,0
735,0,treatment,on_735_26,8,segment_B,1,0,0,0
735,0,treatment,on_735_22,9,segment_B,1,0,0,0
736,4,control,on_736_3,0,segment_A,1,0,0,0
736,4,control,on_736_20,1,segment_A,1,0,0,0
736,4,control,on_736_29,2,segment_B,1,0,0,0
736,4,control,on_736_2,3,segment_B,1,0,0,0
736,4,control,on_736_23,4,segment_A,1,0,0,0
736,4,control,on_736_5,5,segment_A,1,0,0,0
736,4,control,on_736_33,6,segment_B,1,0,0,0
736,4,control,on_736_4,7,segment_B,1,0,0,0
736,4,control,on_736_39,8,segment_B,1,0,0,0
736,4,control,on_736_7,9,segment_A,1,1,0,0
737,8,treatment,on_737_8,0,segment_A,1,0,0,0
737,8,treatment,on_737_16,1,segment_A,1,0,0,0
737,8,treatment,on_737_9,2,segment_B,1,1,0,0
737,8,treatment,on_737_7,3,segment_B,1,0,0,0
737,8,treatment,on_737_14,4,segment_B,1,1,0,0
737,8,treatment,on_737_24,5,segment_A,1,0,0,0
737,8,treatment,on_737_19,6,segment_B,1,0,0,0
737,8,treatment,on_737_12,7,segment_B,1,1,0,0
737,8,treatment,on_737_25,8,segment_B,1,0,0,0
737,8,treatment,on_737_6,9,segment_B,1,0,0,0
738,7,treatment,on_738_5,0,segment_A,1,0,0,0
738,7,treatment,on_738_13,1,segment_B,1,1,0,0
738,7,treatment,on_738_21,2,segment_A,1,0,0,0
738,7,treatment,on_738_23,3,segment_A,1,0,0,0
738,7,treatment,on_738_25,4,segment_A,1,0,0,0
738,7,treatment,on_738_31,5,segment_B,1,0,0,0
738,7,treatment,on_738_9,6,segment_A,1,1,0,0
738,7,treatment,on_738_10,7,segment_A,1,0,0,0
738,7,treatment,on_738_7,8,segment_A,1,0,0,0
738,7,treatment,on_738_0,9,segment_A,1,0,0,0
739,2,treatment,on_739_13,0,segment_A,1,1,1,0
739,2,treatment,on_739_29,1,segment_A,1,0,0,0
739,2,treatment,on_739_16,2,segment_B,1,0,0,0
739,2,treatment,on_739_28,3,segment_B,1,0,0,0
739,2,treatment,on_739_9,4,segment_A,1,1,0,0
739,2,treatment,on_739_18,5,segment_A,1,0,0,0
739,2,treatment,on_739_36,6,segment_B,1,0,0,0
739,2,treatment,on_739_25,7,segment_A,1,0,0,0
739,2,treatment,on_739_1,8,segment_B,1,0,0,0
739,2,treatment,on_739_7,9,segment_A,1,0,0,0
740,3,treatment,on_740_2,0,segment_A,1,0,0,0
740,3,treatment,on_740_23,1,segment_A,1,0,0,0
740,3,treatment,on_740_1,2,segment_A,1,0,0,0
740,3,treatment,on_740_17,3,segment_A,1,0,0,0
740,3,treatment,on_740_7,4,segment_A,1,0,0,0
740,3,treatment,on_740_37,5,segment_B,1,0,0,0
740,3,treatment,on_740_31,6,segment_B,1,0,0,0
740,3,treatment,on_740_20,7,segment_A,1,0,0,0
740,3,treatment,on_740_39,8,segment_A,1,0,0,0
740,3,treatment,on_740_32,9,segment_B,1,0,0,0
741,4,control,on_741_33,0,segment_A,1,0,0,0
741,4,control,on_741_5,1,segment_B,1,0,0,0
741,4,control,on_741_23,2,segment_B,1,0,0,0
741,4,control,on_741_4,3,segment_A,1,0,0,0
741,4,control,on_741_27,4,segment_A,1,0,0,0
741,4,control,on_741_16,5,segment_A,1,0,0,0
741,4,control,on_741_20,6,segment_B,1,0,0,0
741,4,control,on_741_12,7,segment_B,1,0,0,0
741,4,control,on_741_29,8,segment_A,1,0,0,0
741,4,control,on_741_18,9,segment_B,1,0,0,0
742,0,treatment,on_742_14,0,segment_A,1,1,1,1
742,0,treatment,on_742_38,1,segment_B,1,0,0,0
742,0,treatment,on_742_4,2,segment_A,1,0,0,0
742,0,treatment,on_742_21,3,segment_B,1,1,0,0
742,0,treatment,on_742_10,4,segment_A,1,0,0,0
742,0,treatment,on_742_35,5,segment_B,1,0,0,0
742,0,treatment,on_742_39,6,segment_B,1,0,0,0
742,0,treatment,on_742_13,7,segment_A,1,0,0,0
742,0,treatment,on_742_8,8,segment_A,1,0,0,0
742,0,treatment,on_742_33,9,segment_A,1,0,0,0
743,13,treatment,on_743_0,0,segment_B,1,0,0,0
743,13,treatment,on_743_33,1,segment_A,1,0,0,0
743,13,treatment,on_743_36,2,segment_A,1,0,0,0
743,13,treatment,on_743_3,3,segment_A,1,0,0,0
743,13,treatment,on_743_39,4,segment_A,1,0,0,0
743,13,treatment,on_743_32,5,segment_A,1,0,0,0
743,13,treatment,on_743_37,6,segment_B,1,0,0,0
743,13,treatment,on_743_30,7,segment_B,1,0,0,0
743,13,treatment,on_743_31,8,segment_B,1,0,0,0
743,13,treatment,on_743_14,9,segment_B,1,0,0,0
744,10,control,on_744_26,0,segment_B,1,0,0,0
744,10,control,on_744_18,1,segment_B,1,0,0,0
744,10,control,on_744_38,2,segment_A,1,0,0,0
744,10,control,on_744_15,3,segment_A,1,0,0,0
744,10,control,on_744_29,4,segment_B,1,0,0,0
744,10,control,on_744_22,5,segment_A,1,0,0,0
744,10,control,on_744_25,6,segment_A,1,1,0,0
744,10,control,on_744_12,7,segment_B,1,0,0,0
744,10,control,on_744_24,8,segment_B,1,0,0,0
744,10,control,on_744_36,9,segment_B,1,0,0,0
745,12,treatment,on_745_31,0,segment_A,1,1,0,0
745,12,treatment,on_745_24,1,segment_B,1,0,0,0
745,12,treatment,on_745_22,2,segment_B,1,0,0,0
745,12,treatment,on_745_6,3,segment_A,1,0,0,0
745,12,treatment,on_745_7,4,segment_B,1,0,0,0
745,12,treatment,on_745_23,5,segment_B,1,0,0,0
745,12,treatment,on_745_38,6,segment_A,1,0,0,0
745,12,treatment,on_745_14,7,segment_B,1,0,0,0
745,12,treatment,on_745_4,8,segment_A,1,0,0,0
745,12,treatment,on_745_11,9,segment_B,1,0,0,0
746,2,control,on_746_29,0,segment_A,1,1,0,0
746,2,control,on_746_1,1,segment_A,1,0,0,0
746,2,control,on_746_6,2,segment_A,1,0,0,0
746,2,control,on_746_8,3,segment_A,1,1,0,0
746,2,control,on_746_26,4,segment_B,1,0,0,0
746,2,control,on_746_13,5,segment_B,1,0,0,0
746,2,control,on_746_28,6,segment_A,1,1,0,0
746,2,control,on_746_2,7,segment_B,1,0,0,0
746,2,control,on_746_11,8,segment_B,1,0,0,0
746,2,control,on_746_36,9,segment_B,1,0,0,0
747,4,treatment,on_747_26,0,segment_B,1,0,0,0
747,4,treatment,on_747_22,1,segment_B,1,0,0,0
747,4,treatment,on_747_15,2,segment_A,1,0,0,0
747,4,treatment,on_747_23,3,segment_B,1,0,0,0
747,4,treatment,on_747_35,4,segment_A,1,0,0,0
747,4,treatment,on_747_33,5,segment_A,1,1,1,0
747,4,treatment,on_747_27,6,segment_A,1,0,0,0
747,4,treatment,on_747_29,7,segment_B,1,1,0,0
747,4,treatment,on_747_39,8,segment_A,1,0,0,0
747,4,treatment,on_747_16,9,segment_A,1,0,0,0
748,7,control,on_748_30,0,segment_B,1,1,1,1
748,7,control,on_748_4,1,segment_A,1,0,0,0
748,7,control,on_748_21,2,segment_B,1,0,0,0
748,7,control,on_748_33,3,segment_A,1,0,0,0
748,7,control,on_748_6,4,segment_B,1,0,0,0
748,7,control,on_748_39,5,segment_B,1,0,0,0
748,7,control,on_748_16,6,segment_B,1,0,0,0
748,7,control,on_748_31,7,segment_B,1,0,0,0
748,7,control,on_748_17,8,segment_B,1,0,0,0
748,7,control,on_748_18,9,segment_A,1,0,0,0
749,1,treatment,on_749_18,0,segment_B,1,0,0,0
749,1,treatment,on_749_38,1,segment_B,1,0,0,0
749,1,treatment,on_749_33,2,segment_A,1,0,0,0
749,1,treatment,on_749_30,3,segment_B,1,0,0,0
749,1,treatment,on_749_20,4,segment_B,1,0,0,0
749,1,treatment,on_749_15,5,segment_A,1,0,0,0
749,1,treatment,on_749_2,6,segment_A,1,0,0,0
749,1,treatment,on_749_1,7,segment_A,1,0,0,0
749,1,treatment,on_749_17,8,segment_B,1,0,0,0
749,1,treatment,on_749_19,9,segment_B,1,0,0,0
750,5,control,on_750_27,0,segment_B,1,0,0,0
750,5,control,on_750_21,1,segment_A,1,0,0,0
750,5,control,on_750_31,2,segment_A,1,0,0,0
750,5,control,on_750_15,3,segment_B,1,0,0,0
750,5,control,on_750_8,4,segment_A,1,1,0,0
750,5,control,on_750_13,5,segment_A,1,0,0,0
750,5,control,on_750_38,6,segment_B,1,1,0,0
750,5,control,on_750_23,7,segment_A,1,0,0,0
750,5,control,on_750_2,8,segment_B,1,0,0,0
750,5,control,on_750_20,9,segment_B,1,0,0,0
751,10,control,on_751_27,0,segment_A,1,0,0,0
751,10,control,on_751_0,1,segment_B,1,0,0,0
751,10,control,on_751_18,2,segment_B,1,0,0,0
751,10,control,on_751_8,3,segment_A,1,0,0,0
751,10,control,on_751_7,4,segment_A,1,0,0,0
751,10,control,on_751_26,5,segment_A,1,0,0,0
751,10,control,on_751_35,6,segment_B,1,0,0,0
751,10,control,on_751_11,7,segment_A,1,0,0,0
751,10,control,on_751_38,8,segment_B,1,0,0,0
751,10,control,on_751_31,9,segment_B,1,0,0,0
752,0,treatment,on_752_38,0,segment_B,1,0,0,0
752,0,treatment,on_752_10,1,segment_B,1,0,0,0
752,0,treatment,on_752_19,2,segment_B,1,0,0,0
752,0,treatment,on_752_5,3,segment_B,1,0,0,0
752,0,treatment,on_752_8,4,segment_A,1,0,0,0
752,0,treatment,on_752_7,5,segment_B,1,0,0,0
752,0,treatment,on_752_14,6,segment_B,1,0,0,0
752,0,treatment,on_752_34,7,segment_B,1,0,0,0
752,0,treatment,on_752_20,8,segment_B,1,0,0,0
752,0,treatment,on_752_29,9,segment_B,1,0,0,0
753,1,treatment,on_753_5,0,segment_B,1,0,0,0
753,1,treatment,on_753_1,1,segment_A,1,0,0,0
753,1,treatment,on_753_15,2,segment_A,1,0,0,0
753,1,treatment,on_753_4,3,segment_B,1,0,0,0
753,1,treatment,on_753_32,4,segment_B,1,0,0,0
753,1,treatment,on_753_26,5,segment_B,1,0,0,0
753,1,treatment,on_753_13,6,segment_B,1,0,0,0
753,1,treatment,on_753_30,7,segment_B,1,0,0,0
753,1,treatment,on_753_29,8,segment_B,1,0,0,0
753,1,treatment,on_753_20,9,segment_B,1,0,0,0
754,13,treatment,on_754_28,0,segment_A,1,0,0,0
754,13,treatment,on_754_7,1,segment_B,1,1,0,0
754,13,treatment,on_754_33,2,segment_B,1,0,0,0
754,13,treatment,on_754_21,3,segment_A,1,1,0,0
754,13,treatment,on_754_4,4,segment_A,1,0,0,0
754,13,treatment,on_754_35,5,segment_B,1,0,0,0
754,13,treatment,on_754_17,6,segment_A,1,0,0,0
754,13,treatment,on_754_31,7,segment_B,1,1,0,0
754,13,treatment,on_754_9,8,segment_A,1,0,0,0
754,13,treatment,on_754_8,9,segment_B,1,1,0,0
755,2,treatment,on_755_8,0,segment_A,1,0,0,0
755,2,treatment,on_755_1,1,segment_A,1,0,0,0
755,2,treatment,on_755_29,2,segment_A,1,0,0,0
755,2,treatment,on_755_4,3,segment_B,1,0,0,0
755,2,treatment,on_755_0,4,segment_A,1,0,0,0
755,2,treatment,on_755_14,5,segment_A,1,0,0,0
755,2,treatment,on_755_30,6,segment_A,1,0,0,0
755,2,treatment,on_755_20,7,segment_B,1,1,0,0
755,2,treatment,on_755_32,8,segment_A,1,0,0,0
755,2,treatment,on_755_17,9,segment_B,1,0,0,0
756,8,treatment,on_756_39,0,segment_A,1,0,0,0
756,8,treatment,on_756_20,1,segment_A,1,0,0,0
756,8,treatment,on_756_14,2,segment_A,1,1,0,0
756,8,treatment,on_756_37,3,segment_A,1,0,0,0
756,8,treatment,on_756_35,4,segment_A,1,0,0,0
756,8,treatment,on_756_3,5,segment_A,1,0,0,0
756,8,treatment,on_756_21,6,segment_B,1,0,0,0
756,8,treatment,on_756_12,7,segment_B,1,0,0,0
756,8,treatment,on_756_16,8,segment_A,1,0,0,0
756,8,treatment,on_756_6,9,segment_A,1,0,0,0
757,6,treatment,on_757_38,0,segment_A,1,0,0,0
757,6,treatment,on_757_19,1,segment_B,1,1,1,0
757,6,treatment,on_757_1,2,segment_A,1,0,0,0
757,6,treatment,on_757_17,3,segment_A,1,0,0,0
757,6,treatment,on_757_18,4,segment_A,1,0,0,0
757,6,treatment,on_757_24,5,segment_B,1,1,0,0
757,6,treatment,on_757_27,6,segment_B,1,0,0,0
757,6,treatment,on_757_36,7,segment_A,1,0,0,0
757,6,treatment,on_757_22,8,segment_A,1,0,0,0
757,6,treatment,on_757_6,9,segment_A,1,0,0,0
758,2,treatment,on_758_21,0,segment_B,1,0,0,0
758,2,treatment,on_758_29,1,segment_A,1,0,0,0
758,2,treatment,on_758_28,2,segment_B,1,1,0,0
758,2,treatment,on_758_14,3,segment_B,1,0,0,0
758,2,treatment,on_758_33,4,segment_B,1,0,0,0
758,2,treatment,on_758_31,5,segment_A,1,0,0,0
758,2,treatment,on_758_6,6,segment_A,1,1,0,0
758,2,treatment,on_758_18,7,segment_A,1,0,0,0
758,2,treatment,on_758_3,8,segment_A,1,0,0,0
758,2,treatment,on_758_2,9,segment_A,1,0,0,0
759,8,control,on_759_14,0,segment_B,1,0,0,0
759,8,control,on_759_8,1,segment_B,1,0,0,0
759,8,control,on_759_0,2,segment_B,1,0,0,0
759,8,control,on_759_32,3,segment_A,1,0,0,0
759,8,control,on_759_34,4,segment_B,1,0,0,0
759,8,control,on_759_6,5,segment_B,1,0,0,0
759,8,control,on_759_28,6,segment_A,1,0,0,0
759,8,control,on_759_35,7,segment_B,1,0,0,0
759,8,control,on_759_10,8,segment_A,1,0,0,0
759,8,control,on_759_12,9,segment_B,1,1,0,0
760,5,control,on_760_35,0,segment_B,1,0,0,0
760,5,control,on_760_33,1,segment_A,1,0,0,0
760,5,control,on_760_11,2,segment_B,1,0,0,0
760,5,control,on_760_36,3,segment_B,1,1,0,0
760,5,control,on_760_27,4,segment_A,1,0,0,0
760,5,control,on_760_19,5,segment_A,1,0,0,0
760,5,control,on_760_16,6,segment_A,1,0,0,0
760,5,control,on_760_23,7,segment_A,1,0,0,0
760,5,control,on_760_7,8,segment_B,1,1,0,0
760,5,control,on_760_12,9,segment_A,1,0,0,0
761,5,control,on_761_22,0,segment_B,1,0,0,0
761,5,control,on_761_25,1,segment_B,1,1,0,0
761,5,control,on_761_6,2,segment_B,1,0,0,0
761,5,control,on_761_11,3,segment_B,1,0,0,0
761,5,control,on_761_2,4,segment_A,1,0,0,0
761,5,control,on_761_27,5,segment_A,1,0,0,0
761,5,control,on_761_23,6,segment_B,1,0,0,0
761,5,control,on_761_18,7,segment_B,1,1,0,0
761,5,control,on_761_10,8,segment_A,1,0,0,0
761,5,control,on_761_9,9,segment_A,1,0,0,0
762,7,treatment,on_762_15,0,segment_B,1,1,0,0
762,7,treatment,on_762_39,1,segment_A,1,1,0,0
762,7,treatment,on_762_22,2,segment_A,1,0,0,0
762,7,treatment,on_762_36,3,segment_B,1,1,0,0
762,7,treatment,on_762_3,4,segment_B,1,0,0,0
762,7,treatment,on_762_6,5,segment_B,1,0,0,0
762,7,treatment,on_762_9,6,segment_A,1,0,0,0
762,7,treatment,on_762_32,7,segment_B,1,0,0,0
762,7,treatment,on_762_4,8,segment_B,1,0,0,0
762,7,treatment,on_762_8,9,segment_B,1,0,0,0
763,5,control,on_763_6,0,segment_B,1,0,0,0
763,5,control,on_763_1,1,segment_A,1,0,0,0
763,5,control,on_763_13,2,segment_A,1,0,0,0
763,5,control,on_763_39,3,segment_B,1,0,0,0
763,5,control,on_763_36,4,segment_B,1,0,0,0
763,5,control,on_763_7,5,segment_B,1,0,0,0
763,5,control,on_763_9,6,segment_A,1,0,0,0
763,5,control,on_763_33,7,segment_B,1,0,0,0
763,5,control,on_763_38,8,segment_A,1,0,0,0
763,5,control,on_763_4,9,segment_A,1,0,0,0
764,13,control,on_764_33,0,segment_B,1,1,0,0
764,13,control,on_764_39,1,segment_A,1,1,1,0
764,13,control,on_764_37,2,segment_A,1,0,0,0
764,13,control,on_764_21,3,segment_A,1,0,0,0
764,13,control,on_764_19,4,segment_A,1,0,0,0
764,13,control,on_764_28,5,segment_B,1,0,0,0
764,13,control,on_764_27,6,segment_B,1,0,0,0
764,13,control,on_764_2,7,segment_A,1,0,0,0
764,13,control,on_764_20,8,segment_A,1,0,0,0
764,13,control,on_764_6,9,segment_A,1,0,0,0
765,10,treatment,on_765_27,0,segment_B,1,0,0,0
765,10,treatment,on_765_17,1,segment_B,1,0,0,0
765,10,treatment,on_765_3,2,segment_B,1,0,0,0
765,10,treatment,on_765_1,3,segment_A,1,0,0,0
765,10,treatment,on_765_6,4,segment_A,1,0,0,0
765,10,treatment,on_765_11,5,segment_A,1,0,0,0
765,10,treatment,on_765_15,6,segment_A,1,0,0,0
765,10,treatment,on_765_31,7,segment_B,1,0,0,0
765,10,treatment,on_765_8,8,segment_B,1,0,0,0
765,10,treatment,on_765_28,9,segment_A,1,0,0,0
766,5,control,on_766_16,0,segment_A,1,1,1,0
766,5,control,on_766_20,1,segment_B,1,0,0,0
766,5,control,on_766_28,2,segment_B,1,0,0,0
766,5,control,on_766_18,3,segment_A,1,0,0,0
766,5,control,on_766_15,4,segment_A,1,0,0,0
766,5,control,on_766_7,5,segment_B,1,0,0,0
766,5,control,on_766_26,6,segment_A,1,1,0,0
766,5,control,on_766_25,7,segment_A,1,0,0,0
766,5,control,on_766_36,8,segment_B,1,0,0,0
766,5,control,on_766_0,9,segment_A,1,0,0,0
767,9,control,on_767_29,0,segment_A,1,0,0,0
767,9,control,on_767_33,1,segment_B,1,1,1,0
767,9,control,on_767_38,2,segment_B,1,0,0,0
767,9,control,on_767_14,3,segment_A,1,0,0,0
767,9,control,on_767_30,4,segment_B,1,0,0,0
767,9,control,on_767_7,5,segment_A,1,0,0,0
767,9,control,on_767_23,6,segment_B,1,0,0,0
767,9,control,on_767_12,7,segment_B,1,0,0,0
767,9,control,on_767_8,8,segment_A,1,0,0,0
767,9,control,on_767_22,9,segment_A,1,1,0,0
768,11,treatment,on_768_36,0,segment_A,1,0,0,0
768,11,treatment,on_768_30,1,segment_B,1,1,1,1
768,11,treatment,on_768_20,2,segment_A,1,0,0,0
768,11,treatment,on_768_24,3,segment_A,1,0,0,0
768,11,treatment,on_768_14,4,segment_A,1,0,0,0
768,11,treatment,on_768_23,5,segment_A,1,0,0,0
768,11,treatment,on_768_35,6,segment_B,1,0,0,0
768,11,treatment,on_768_5,7,segment_B,1,0,0,0
768,11,treatment,on_768_26,8,segment_B,1,0,0,0
768,11,treatment,on_768_11,9,segment_B,1,1,0,0
769,2,treatment,on_769_7,0,segment_A,1,0,0,0
769,2,treatment,on_769_0,1,segment_A,1,1,0,0
769,2,treatment,on_769_1,2,segment_A,1,0,0,0
769,2,treatment,on_769_37,3,segment_A,1,0,0,0
769,2,treatment,on_769_33,4,segment_A,1,0,0,0
769,2,treatment,on_769_31,5,segment_A,1,0,0,0
769,2,treatment,on_769_20,6,segment_B,1,0,0,0
769,2,treatment,on_769_29,7,segment_A,1,0,0,0
769,2,treatment,on_769_26,8,segment_A,1,1,0,0
769,2,treatment,on_769_24,9,segment_A,1,0,0,0
770,3,treatment,on_770_30,0,segment_A,1,0,0,0
770,3,treatment,on_770_27,1,segment_A,1,1,0,0
770,3,treatment,on_770_28,2,segment_A,1,0,0,0
770,3,treatment,on_770_36,3,segment_B,1,0,0,0
770,3,treatment,on_770_39,4,segment_A,1,0,0,0
770,3,treatment,on_770_4,5,segment_A,1,0,0,0
770,3,treatment,on_770_34,6,segment_A,1,0,0,0
770,3,treatment,on_770_37,7,segment_B,1,1,0,0
770,3,treatment,on_770_23,8,segment_B,1,0,0,0
770,3,treatment,on_770_0,9,segment_B,1,0,0,0
771,5,treatment,on_771_16,0,segment_A,1,0,0,0
771,5,treatment,on_771_22,1,segment_B,1,0,0,0
771,5,treatment,on_771_0,2,segment_B,1,0,0,0
771,5,treatment,on_771_2,3,segment_B,1,0,0,0
771,5,treatment,on_771_14,4,segment_A,1,0,0,0
771,5,treatment,on_771_20,5,segment_B,1,0,0,0
771,5,treatment,on_771_5,6,segment_A,1,0,0,0
771,5,treatment,on_771_39,7,segment_B,1,0,0,0
771,5,treatment,on_771_9,8,segment_A,1,0,0,0
771,5,treatment,on_771_4,9,segment_B,1,1,0,0
772,12,treatment,on_772_17,0,segment_B,1,0,0,0
772,12,treatment,on_772_39,1,segment_A,1,0,0,0
772,12,treatment,on_772_3,2,segment_A,1,0,0,0
772,12,treatment,on_772_8,3,segment_A,1,0,0,0
772,12,treatment,on_772_23,4,segment_B,1,0,0,0
772,12,treatment,on_772_4,5,segment_A,1,0,0,0
772,12,treatment,on_772_2,6,segment_A,1,0,0,0
772,12,treatment,on_772_0,7,segment_B,1,0,0,0
772,12,treatment,on_772_20,8,segment_A,1,0,0,0
772,12,treatment,on_772_5,9,segment_B,1,0,0,0
773,4,control,on_773_13,0,segment_A,1,0,0,0
773,4,control,on_773_31,1,segment_A,1,1,1,0
773,4,control,on_773_11,2,segment_A,1,0,0,0
773,4,control,on_773_36,3,segment_B,1,0,0,0
773,4,control,on_773_16,4,segment_A,1,0,0,0
773,4,control,on_773_39,5,segment_B,1,0,0,0
773,4,control,on_773_29,6,segment_B,1,0,0,0
773,4,control,on_773_18,7,segment_B,1,0,0,0
773,4,control,on_773_14,8,segment_A,1,0,0,0
773,4,control,on_773_3,9,segment_A,1,0,0,0
774,11,treatment,on_774_17,0,segment_B,1,0,0,0
774,11,treatment,on_774_13,1,segment_A,1,0,0,0
774,11,treatment,on_774_10,2,segment_B,1,0,0,0
774,11,treatment,on_774_32,3,segment_A,1,0,0,0
774,11,treatment,on_774_21,4,segment_B,1,0,0,0
774,11,treatment,on_774_28,5,segment_A,1,0,0,0
774,11,treatment,on_774_8,6,segment_A,1,0,0,0
774,11,treatment,on_774_37,7,segment_B,1,0,0,0
774,11,treatment,on_774_26,8,segment_A,1,0,0,0
774,11,treatment,on_774_4,9,segment_A,1,0,0,0
775,4,control,on_775_10,0,segment_B,1,0,0,0
775,4,control,on_775_37,1,segment_A,1,1,0,0
775,4,control,on_775_11,2,segment_A,1,1,0,0
775,4,control,on_775_23,3,segment_A,1,0,0,0
775,4,control,on_775_2,4,segment_A,1,0,0,0
775,4,control,on_775_17,5,segment_B,1,0,0,0
775,4,control,on_775_12,6,segment_A,1,0,0,0
775,4,control,on_775_26,7,segment_A,1,1,0,0
775,4,control,on_775_4,8,segment_B,1,0,0,0
775,4,control,on_775_22,9,segment_B,1,0,0,0
776,1,treatment,on_776_0,0,segment_A,1,1,0,0
776,1,treatment,on_776_4,1,segment_B,1,0,0,0
776,1,treatment,on_776_26,2,segment_B,1,0,0,0
776,1,treatment,on_776_10,3,segment_A,1,0,0,0
776,1,treatment,on_776_13,4,segment_B,1,0,0,0
776,1,treatment,on_776_31,5,segment_B,1,0,0,0
776,1,treatment,on_776_6,6,segment_B,1,1,0,0
776,1,treatment,on_776_28,7,segment_A,1,0,0,0
776,1,treatment,on_776_23,8,segment_A,1,0,0,0
776,1,treatment,on_776_9,9,segment_A,1,0,0,0
777,11,treatment,on_777_16,0,segment_B,1,0,0,0
777,11,treatment,on_777_5,1,segment_A,1,0,0,0
777,11,treatment,on_777_15,2,segment_A,1,1,1,0
777,11,treatment,on_777_32,3,segment_A,1,1,1,1
777,11,treatment,on_777_19,4,segment_A,1,0,0,0
777,11,treatment,on_777_25,5,segment_A,1,0,0,0
777,11,treatment,on_777_23,6,segment_B,1,1,1,1
777,11,treatment,on_777_27,7,segment_A,1,0,0,0
777,11,treatment,on_777_7,8,segment_B,1,0,0,0
777,11,treatment,on_777_26,9,segment_A,1,0,0,0
778,0,control,on_778_14,0,segment_A,1,0,0,0
778,0,control,on_778_15,1,segment_B,1,0,0,0
778,0,control,on_778_36,2,segment_A,1,0,0,0
778,0,control,on_778_3,3,segment_B,1,0,0,0
778,0,control,on_778_8,4,segment_A,1,0,0,0
778,0,control,on_778_19,5,segment_B,1,0,0,0
778,0,control,on_778_24,6,segment_A,1,0,0,0
778,0,control,on_778_17,7,segment_A,1,0,0,0
778,0,control,on_778_35,8,segment_B,1,0,0,0
778,0,control,on_778_9,9,segment_B,1,0,0,0
779,6,control,on_779_28,0,segment_A,1,0,0,0
779,6,control,on_779_23,1,segment_A,1,0,0,0
779,6,control,on_779_0,2,segment_A,1,0,0,0
779,6,control,on_779_9,3,segment_B,1,1,0,0
779,6,control,on_779_38,4,segment_A,1,0,0,0
779,6,control,on_779_15,5,segment_B,1,0,0,0
779,6,control,on_779_8,6,segment_A,1,0,0,0
779,6,control,on_779_20,7,segment_A,1,1,0,0
779,6,control,on_779_24,8,segment_A,1,0,0,0
779,6,control,on_779_31,9,segment_B,1,0,0,0
780,1,treatment,on_780_12,0,segment_B,1,0,0,0
780,1,treatment,on_780_8,1,segment_B,1,0,0,0
780,1,treatment,on_780_20,2,segment_A,1,0,0,0
780,1,treatment,on_780_3,3,segment_A,1,0,0,0
780,1,treatment,on_780_29,4,segment_A,1,0,0,0
780,1,treatment,on_780_24,5,segment_A,1,0,0,0
780,1,treatment,on_780_10,6,segment_B,1,0,0,0
780,1,treatment,on_780_14,7,segment_B,1,0,0,0
780,1,treatment,on_780_11,8,segment_B,1,0,0,0
780,1,treatment,on_780_15,9,segment_A,1,0,0,0
781,6,treatment,on_781_34,0,segment_B,1,0,0,0
781,6,treatment,on_781_37,1,segment_A,1,0,0,0
781,6,treatment,on_781_27,2,segment_A,1,0,0,0
781,6,treatment,on_781_4,3,segment_B,1,0,0,0
781,6,treatment,on_781_32,4,segment_A,1,0,0,0
781,6,treatment,on_781_3,5,segment_A,1,0,0,0
781,6,treatment,on_781_13,6,segment_A,1,0,0,0
781,6,treatment,on_781_35,7,segment_A,1,0,0,0
781,6,treatment,on_781_14,8,segment_B,1,0,0,0
781,6,treatment,on_781_11,9,segment_B,1,0,0,0
782,9,control,on_782_21,0,segment_B,1,0,0,0
782,9,control,on_782_32,1,segment_A,1,0,0,0
782,9,control,on_782_15,2,segment_A,1,0,0,0
782,9,control,on_782_25,3,segment_A,1,0,0,0
782,9,control,on_782_14,4,segment_A,1,0,0,0
782,9,control,on_782_6,5,segment_A,1,0,0,0
782,9,control,on_782_13,6,segment_A,1,1,0,0
782,9,control,on_782_35,7,segment_B,1,0,0,0
782,9,control,on_782_10,8,segment_B,1,0,0,0
782,9,control,on_782_31,9,segment_B,1,0,0,0
783,6,control,on_783_18,0,segment_B,1,1,1,0
783,6,control,on_783_35,1,segment_B,1,0,0,0
783,6,control,on_783_7,2,segment_A,1,0,0,0
783,6,control,on_783_3,3,segment_B,1,0,0,0
783,6,control,on_783_28,4,segment_B,1,0,0,0
783,6,control,on_783_33,5,segment_A,1,1,0,0
783,6,control,on_783_29,6,segment_A,1,0,0,0
783,6,control,on_783_14,7,segment_A,1,0,0,0
783,6,control,on_783_36,8,segment_A,1,0,0,0
783,6,control,on_783_22,9,segment_B,1,0,0,0
784,1,control,on_784_36,0,segment_B,1,0,0,0
784,1,control,on_784_1,1,segment_A,1,0,0,0
784,1,control,on_784_2,2,segment_A,1,0,0,0
784,1,control,on_784_38,3,segment_A,1,0,0,0
784,1,control,on_784_35,4,segment_A,1,0,0,0
784,1,control,on_784_37,5,segment_A,1,0,0,0
784,1,control,on_784_39,6,segment_B,1,0,0,0
784,1,control,on_784_24,7,segment_A,1,0,0,0
784,1,control,on_784_31,8,segment_A,1,0,0,0
784,1,control,on_784_12,9,segment_B,1,0,0,0
785,7,treatment,on_785_31,0,segment_B,1,0,0,0
785,7,treatment,on_785_38,1,segment_B,1,0,0,0
785,7,treatment,on_785_28,2,segment_B,1,1,0,0
785,7,treatment,on_785_21,3,segment_B,1,0,0,0
785,7,treatment,on_785_4,4,segment_B,1,0,0,0
785,7,treatment,on_785_18,5,segment_A,1,0,0,0
785,7,treatment,on_785_29,6,segment_A,1,0,0,0
785,7,treatment,on_785_33,7,segment_A,1,0,0,0
785,7,treatment,on_785_34,8,segment_A,1,0,0,0
785,7,treatment,on_785_19,9,segment_B,1,0,0,0
786,3,treatment,on_786_38,0,segment_B,1,1,0,0
786,3,treatment,on_786_2,1,segment_B,1,0,0,0
786,3,treatment,on_786_11,2,segment_A,1,0,0,0
786,3,treatment,on_786_32,3,segment_A,1,0,0,0
786,3,treatment,on_786_4,4,segment_A,1,0,0,0
786,3,treatment,on_786_10,5,segment_B,1,0,0,0
786,3,treatment,on_786_23,6,segment_A,1,0,0,0
786,3,treatment,on_786_39,7,segment_A,1,0,0,0
786,3,treatment,on_786_31,8,segment_B,1,0,0,0
786,3,treatment,on_786_24,9,segment_A,1,0,0,0
787,6,control,on_787_28,0,segment_B,1,0,0,0
787,6,control,on_787_0,1,segment_A,1,0,0,0
787,6,control,on_787_14,2,segment_A,1,0,0,0
787,6,control,on_787_33,3,segment_A,1,0,0,0
787,6,control,on_787_16,4,segment_A,1,0,0,0
787,6,control,on_787_17,5,segment_B,1,0,0,0
787,6,control,on_787_23,6,segment_B,1,0,0,0
787,6,control,on_787_34,7,segment_A,1,0,0,0
787,6,control,on_787_27,8,segment_A,1,0,0,0
787,6,control,on_787_10,9,segment_A,1,0,0,0
788,13,control,on_788_11,0,segment_A,1,1,1,0
788,13,control,on_788_14,1,segment_B,1,0,0,0
788,13,control,on_788_9,2,segment_B,1,0,0,0
788,13,control,on_788_24,3,segment_A,1,0,0,0
788,13,control,on_788_36,4,segment_A,1,0,0,0
788,13,control,on_788_39,5,segment_A,1,1,0,0
788,13,control,on_788_25,6,segment_B,1,0,0,0
788,13,control,on_788_18,7,segment_A,1,0,0,0
788,13,control,on_788_37,8,segment_B,1,0,0,0
788,13,control,on_788_19,9,segment_B,1,0,0,0
789,7,treatment,on_789_35,0,segment_B,1,0,0,0
789,7,treatment,on_789_0,1,segment_B,1,1,0,0
789,7,treatment,on_789_25,2,segment_A,1,0,0,0
789,7,treatment,on_789_12,3,segment_A,1,0,0,0
789,7,treatment,on_789_32,4,segment_A,1,0,0,0
789,7,treatment,on_789_8,5,segment_B,1,0,0,0
789,7,treatment,on_789_24,6,segment_A,1,0,0,0
789,7,treatment,on_789_6,7,segment_B,1,0,0,0
789,7,treatment,on_789_22,8,segment_B,1,0,0,0
789,7,treatment,on_789_26,9,segment_A,1,0,0,0
790,0,treatment,on_790_26,0,segment_A,1,0,0,0
790,0,treatment,on_790_18,1,segment_B,1,0,0,0
790,0,treatment,on_790_3,2,segment_A,1,0,0,0
790,0,treatment,on_790_1,3,segment_A,1,0,0,0
790,0,treatment,on_790_39,4,segment_B,1,0,0,0
790,0,treatment,on_790_4,5,segment_A,1,0,0,0
790,0,treatment,on_790_36,6,segment_A,1,0,0,0
790,0,treatment,on_790_34,7,segment_A,1,0,0,0
790,0,treatment,on_790_15,8,segment_B,1,0,0,0
790,0,treatment,on_790_30,9,segment_A,1,0,0,0
791,9,control,on_791_29,0,segment_A,1,0,0,0
791,9,control,on_791_39,1,segment_A,1,0,0,0
791,9,control,on_791_10,2,segment_B,1,0,0,0
791,9,control,on_791_16,3,segment_B,1,0,0,0
791,9,control,on_791_33,4,segment_B,1,0,0,0
791,9,control,on_791_23,5,segment_B,1,0,0,0
791,9,control,on_791_26,6,segment_B,1,0,0,0
791,9,control,on_791_32,7,segment_B,1,0,0,0
791,9,control,on_791_27,8,segment_B,1,0,0,0
791,9,control,on_791_1,9,segment_B,1,0,0,0
792,12,treatment,on_792_38,0,segment_A,1,1,1,0
792,12,treatment,on_792_13,1,segment_B,1,0,0,0
792,12,treatment,on_792_23,2,segment_B,1,1,0,0
792,12,treatment,on_792_16,3,segment_A,1,0,0,0
792,12,treatment,on_792_0,4,segment_A,1,0,0,0
792,12,treatment,on_792_1,5,segment_A,1,0,0,0
792,12,treatment,on_792_39,6,segment_A,1,0,0,0
792,12,treatment,on_792_31,7,segment_B,1,0,0,0
792,12,treatment,on_792_19,8,segment_B,1,0,0,0
792,12,treatment,on_792_27,9,segment_B,1,0,0,0
793,6,treatment,on_793_20,0,segment_B,1,0,0,0
793,6,treatment,on_793_36,1,segment_A,1,0,0,0
793,6,treatment,on_793_26,2,segment_B,1,0,0,0
793,6,treatment,on_793_18,3,segment_A,1,0,0,0
793,6,treatment,on_793_6,4,segment_B,1,0,0,0
793,6,treatment,on_793_7,5,segment_A,1,0,0,0
793,6,treatment,on_793_2,6,segment_B,1,0,0,0
793,6,treatment,on_793_34,7,segment_B,1,0,0,0
793,6,treatment,on_793_21,8,segment_B,1,0,0,0
793,6,treatment,on_793_35,9,segment_B,1,0,0,0
794,13,control,on_794_32,0,segment_B,1,0,0,0
794,13,control,on_794_1,1,segment_A,1,0,0,0
794,13,control,on_794_21,2,segment_A,1,1,0,0
794,13,control,on_794_26,3,segment_A,1,0,0,0
794,13,control,on_794_4,4,segment_B,1,0,0,0
794,13,control,on_794_30,5,segment_A,1,0,0,0
794,13,control,on_794_9,6,segment_B,1,0,0,0
794,13,control,on_794_23,7,segment_B,1,0,0,0
794,13,control,on_794_25,8,segment_A,1,0,0,0
794,13,control,on_794_17,9,segment_B,1,0,0,0
795,12,control,on_795_37,0,segment_A,1,0,0,0
795,12,control,on_795_23,1,segment_B,1,0,0,0
795,12,control,on_795_26,2,segment_A,1,0,0,0
795,12,control,on_795_21,3,segment_A,1,0,0,0
795,12,control,on_795_32,4,segment_B,1,0,0,0
795,12,control,on_795_12,5,segment_A,1,0,0,0
795,12,control,on_795_4,6,segment_A,1,0,0,0
795,12,control,on_795_18,7,segment_B,1,0,0,0
795,12,control,on_795_20,8,segment_B,1,0,0,0
795,12,control,on_795_6,9,segment_B,1,0,0,0
796,7,treatment,on_796_14,0,segment_A,1,1,0,0
796,7,treatment,on_796_1,1,segment_A,1,0,0,0
796,7,treatment,on_796_20,2,segment_A,1,0,0,0
796,7,treatment,on_796_38,3,segment_B,1,0,0,0
796,7,treatment,on_796_32,4,segment_A,1,0,0,0
796,7,treatment,on_796_31,5,segment_A,1,0,0,0
796,7,treatment,on_796_12,6,segment_B,1,0,0,0
796,7,treatment,on_796_35,7,segment_B,1,1,0,0
796,7,treatment,on_796_3,8,segment_B,1,1,0,0
796,7,treatment,on_796_39,9,segment_A,1,0,0,0
797,11,control,on_797_36,0,segment_A,1,0,0,0
797,11,control,on_797_7,1,segment_A,1,0,0,0
797,11,control,on_797_16,2,segment_A,1,0,0,0
797,11,control,on_797_20,3,segment_B,1,0,0,0
797,11,control,on_797_12,4,segment_A,1,0,0,0
797,11,control,on_797_19,5,segment_A,1,0,0,0
797,11,control,on_797_22,6,segment_A,1,0,0,0
797,11,control,on_797_0,7,segment_B,1,0,0,0
797,11,control,on_797_24,8,segment_B,1,0,0,0
797,11,control,on_797_18,9,segment_B,1,0,0,0
798,8,control,on_798_34,0,segment_B,1,0,0,0
798,8,control,on_798_13,1,segment_A,1,0,0,0
798,8,control,on_798_26,2,segment_B,1,0,0,0
798,8,control,on_798_11,3,segment_A,1,0,0,0
798,8,control,on_798_35,4,segment_B,1,0,0,0
798,8,control,on_798_10,5,segment_A,1,0,0,0
798,8,control,on_798_32,6,segment_A,1,0,0,0
798,8,control,on_798_30,7,segment_B,1,0,0,0
798,8,control,on_798_20,8,segment_B,1,0,0,0
798,8,control,on_798_14,9,segment_A,1,0,0,0
799,3,treatment,on_799_5,0,segment_B,1,1,0,0
799,3,treatment,on_799_15,1,segment_A,1,0,0,0
799,3,treatment,on_799_37,2,segment_B,1,0,0,0
799,3,treatment,on_799_9,3,segment_A,1,0,0,0
799,3,treatment,on_799_2,4,segment_B,1,0,0,0
799,3,treatment,on_799_27,5,segment_A,1,0,0,0
799,3,treatment,on_799_10,6,segment_B,1,0,0,0
799,3,treatment,on_799_26,7,segment_A,1,0,0,0
799,3,treatment,on_799_33,8,segment_B,1,0,0,0
799,3,treatment,on_799_24,9,segment_A,1,1,0,0
800,12,control,on_800_12,0,segment_A,1,0,0,0
800,12,control,on_800_13,1,segment_B,1,0,0,0
800,12,control,on_800_32,2,segment_B,1,0,0,0
800,12,control,on_800_9,3,segment_B,1,0,0,0
800,12,control,on_800_20,4,segment_A,1,0,0,0
800,12,control,on_800_35,5,segment_A,1,0,0,0
800,12,control,on_800_27,6,segment_A,1,0,0,0
800,12,control,on_800_38,7,segment_B,1,0,0,0
800,12,control,on_800_39,8,segment_B,1,0,0,0
800,12,control,on_800_2,9,segment_A,1,0,0,0
801,10,control,on_801_20,0,segment_A,1,0,0,0
801,10,control,on_801_21,1,segment_A,1,1,0,0
801,10,control,on_801_25,2,segment_B,1,0,0,0
801,10,control,on_801_18,3,segment_A,1,0,0,0
801,10,control,on_801_11,4,segment_A,1,0,0,0
801,10,control,on_801_24,5,segment_A,1,0,0,0
801,10,control,on_801_38,6,segment_B,1,0,0,0
801,10,control,on_801_28,7,segment_A,1,0,0,0
801,10,control,on_801_37,8,segment_B,1,0,0,0
801,10,control,on_801_26,9,segment_B,1,0,0,0
802,8,control,on_802_1,0,segment_A,1,1,1,0
802,8,control,on_802_17,1,segment_A,1,0,0,0
802,8,control,on_802_3,2,segment_B,1,0,0,0
802,8,control,on_802_25,3,segment_A,1,0,0,0
802,8,control,on_802_8,4,segment_B,1,0,0,0
802,8,control,on_802_5,5,segment_B,1,0,0,0
802,8,control,on_802_15,6,segment_B,1,0,0,0
802,8,control,on_802_18,7,segment_B,1,1,0,0
802,8,control,on_802_14,8,segment_B,1,0,0,0
802,8,control,on_802_36,9,segment_B,1,0,0,0
803,4,treatment,on_803_27,0,segment_A,1,0,0,0
803,4,treatment,on_803_38,1,segment_B,1,0,0,0
803,4,treatment,on_803_26,2,segment_A,1,0,0,0
803,4,treatment,on_803_36,3,segment_A,1,0,0,0
803,4,treatment,on_803_28,4,segment_B,1,0,0,0
803,4,treatment,on_803_10,5,segment_A,1,0,0,0
803,4,treatment,on_803_0,6,segment_A,1,0,0,0
803,4,treatment,on_803_23,7,segment_A,1,1,0,0
803,4,treatment,on_803_5,8,segment_B,1,0,0,0
803,4,treatment,on_803_4,9,segment_A,1,0,0,0
804,4,control,on_804_4,0,segment_B,1,0,0,0
804,4,control,on_804_6,1,segment_B,1,0,0,0
804,4,control,on_804_21,2,segment_B,1,1,1,0
804,4,control,on_804_5,3,segment_A,1,0,0,0
804,4,control,on_804_27,4,segment_A,1,1,0,0
804,4,control,on_804_15,5,segment_B,1,0,0,0
804,4,control,on_804_11,6,segment_B,1,0,0,0
804,4,control,on_804_34,7,segment_B,1,0,0,0
804,4,control,on_804_0,8,segment_A,1,0,0,0
804,4,control,on_804_38,9,segment_A,1,0,0,0
805,10,treatment,on_805_32,0,segment_B,1,0,0,0
805,10,treatment,on_805_25,1,segment_A,1,0,0,0
805,10,treatment,on_805_3,2,segment_B,1,0,0,0
805,10,treatment,on_805_9,3,segment_B,1,0,0,0
805,10,treatment,on_805_19,4,segment_B,1,0,0,0
805,10,treatment,on_805_14,5,segment_B,1,0,0,0
805,10,treatment,on_805_2,6,segment_A,1,0,0,0
805,10,treatment,on_805_28,7,segment_A,1,1,0,0
805,10,treatment,on_805_20,8,segment_A,1,1,0,0
805,10,treatment,on_805_13,9,segment_A,1,0,0,0
806,9,control,on_806_32,0,segment_B,1,0,0,0
806,9,control,on_806_13,1,segment_A,1,0,0,0
806,9,control,on_806_18,2,segment_A,1,0,0,0
806,9,control,on_806_16,3,segment_B,1,1,1,0
806,9,control,on_806_27,4,segment_B,1,0,0,0
806,9,control,on_806_29,5,segment_B,1,0,0,0
806,9,control,on_806_15,6,segment_B,1,0,0,0
806,9,control,on_806_5,7,segment_B,1,0,0,0
806,9,control,on_806_1,8,segment_B,1,0,0,0
806,9,control,on_806_7,9,segment_A,1,0,0,0
807,1,control,on_807_9,0,segment_A,1,1,1,0
807,1,control,on_807_1,1,segment_B,1,1,1,0
807,1,control,on_807_19,2,segment_A,1,0,0,0
807,1,control,on_807_28,3,segment_B,1,0,0,0
807,1,control,on_807_18,4,segment_A,1,0,0,0
807,1,control,on_807_10,5,segment_A,1,0,0,0
807,1,control,on_807_16,6,segment_B,1,0,0,0
807,1,control,on_807_26,7,segment_B,1,0,0,0
807,1,control,on_807_7,8,segment_B,1,0,0,0
807,1,control,on_807_33,9,segment_A,1,0,0,0
808,0,control,on_808_32,0,segment_A,1,0,0,0
808,0,control,on_808_22,1,segment_A,1,0,0,0
808,0,control,on_808_8,2,segment_B,1,0,0,0
808,0,control,on_808_16,3,segment_A,1,0,0,0
808,0,control,on_808_33,4,segment_B,1,0,0,0
808,0,control,on_808_23,5,segment_B,1,1,0,0
808,0,control,on_808_35,6,segment_B,1,0,0,0
808,0,control,on_808_28,7,segment_A,1,0,0,0
808,0,control,on_808_15,8,segment_A,1,0,0,0
808,0,control,on_808_37,9,segment_A,1,0,0,0
809,1,control,on_809_7,0,segment_A,1,0,0,0
809,1,control,on_809_11,1,segment_B,1,0,0,0
809,1,control,on_809_13,2,segment_A,1,0,0,0
809,1,control,on_809_8,3,segment_A,1,0,0,0
809,1,control,on_809_5,4,segment_A,1,0,0,0
809,1,control,on_809_26,5,segment_A,1,0,0,0
809,1,control,on_809_9,6,segment_B,1,0,0,0
809,1,control,on_809_22,7,segment_B,1,0,0,0
809,1,control,on_809_12,8,segment_A,1,0,0,0
809,1,control,on_809_19,9,segment_A,1,1,0,0
810,4,treatment,on_810_26,0,segment_A,1,1,0,0
810,4,treatment,on_810_15,1,segment_B,1,0,0,0
810,4,treatment,on_810_4,2,segment_B,1,0,0,0
810,4,treatment,on_810_28,3,segment_B,1,0,0,0
810,4,treatment,on_810_14,4,segment_B,1,0,0,0
810,4,treatment,on_810_5,5,segment_B,1,0,0,0
810,4,treatment,on_810_17,6,segment_A,1,0,0,0
810,4,treatment,on_810_33,7,segment_B,1,0,0,0
810,4,treatment,on_810_16,8,segment_A,1,0,0,0
810,4,treatment,on_810_22,9,segment_A,1,0,0,0
811,12,treatment,on_811_1,0,segment_A,1,0,0,0
811,12,treatment,on_811_2,1,segment_B,1,0,0,0
811,12,treatment,on_811_37,2,segment_A,1,0,0,0
811,12,treatment,on_811_33,3,segment_B,1,0,0,0
811,12,treatment,on_811_16,4,segment_B,1,0,0,0
811,12,treatment,on_811_34,5,segment_A,1,0,0,0
811,12,treatment,on_811_39,6,segment_B,1,0,0,0
811,12,treatment,on_811_13,7,segment_B,1,0,0,0
811,12,treatment,on_811_5,8,segment_A,1,0,0,0
811,12,treatment,on_811_30,9,segment_A,1,0,0,0
812,2,control,on_812_19,0,segment_A,1,0,0,0
812,2,control,on_812_21,1,segment_B,1,1,0,0
812,2,control,on_812_27,2,segment_B,1,0,0,0
812,2,control,on_812_4,3,segment_B,1,0,0,0
812,2,control,on_812_33,4,segment_B,1,0,0,0
812,2,control,on_812_13,5,segment_A,1,0,0,0
812,2,control,on_812_25,6,segment_A,1,0,0,0
812,2,control,on_812_18,7,segment_B,1,0,0,0
812,2,control,on_812_11,8,segment_A,1,0,0,0
812,2,control,on_812_22,9,segment_A,1,0,0,0
813,13,treatment,on_813_6,0,segment_A,1,0,0,0
813,13,treatment,on_813_2,1,segment_B,1,0,0,0
813,13,treatment,on_813_27,2,segment_A,1,0,0,0
813,13,treatment,on_813_1,3,segment_B,1,0,0,0
813,13,treatment,on_813_0,4,segment_A,1,0,0,0
813,13,treatment,on_813_10,5,segment_B,1,1,0,0
813,13,treatment,on_813_32,6,segment_A,1,0,0,0
813,13,treatment,on_813_11,7,segment_A,1,0,0,0
813,13,treatment,on_813_16,8,segment_B,1,0,0,0
813,13,treatment,on_813_14,9,segment_B,1,0,0,0
814,6,treatment,on_814_10,0,segment_A,1,1,0,0
814,6,treatment,on_814_29,1,segment_A,1,0,0,0
814,6,treatment,on_814_22,2,segment_B,1,0,0,0
814,6,treatment,on_814_21,3,segment_B,1,0,0,0
814,6,treatment,on_814_8,4,segment_B,1,1,0,0
814,6,treatment,on_814_23,5,segment_A,1,0,0,0
814,6,treatment,on_814_31,6,segment_A,1,0,0,0
814,6,treatment,on_814_24,7,segment_A,1,0,0,0
814,6,treatment,on_814_16,8,segment_A,1,0,0,0
814,6,treatment,on_814_3,9,segment_B,1,0,0,0
815,8,control,on_815_6,0,segment_A,1,0,0,0
815,8,control,on_815_9,1,segment_A,1,1,0,0
815,8,control,on_815_0,2,segment_A,1,0,0,0
815,8,control,on_815_15,3,segment_A,1,0,0,0
815,8,control,on_815_1,4,segment_A,1,0,0,0
815,8,control,on_815_18,5,segment_A,1,0,0,0
815,8,control,on_815_27,6,segment_A,1,0,0,0
815,8,control,on_815_30,7,segment_A,1,0,0,0
815,8,control,on_815_24,8,segment_B,1,0,0,0
815,8,control,on_815_21,9,segment_A,1,0,0,0
816,5,control,on_816_28,0,segment_B,1,0,0,0
816,5,control,on_816_33,1,segment_B,1,0,0,0
816,5,control,on_816_31,2,segment_B,1,1,0,0
816,5,control,on_816_10,3,segment_B,1,0,0,0
816,5,control,on_816_25,4,segment_B,1,1,0,0
816,5,control,on_816_18,5,segment_B,1,0,0,0
816,5,control,on_816_20,6,segment_A,1,0,0,0
816,5,control,on_816_1,7,segment_A,1,0,0,0
816,5,control,on_816_17,8,segment_A,1,0,0,0
816,5,control,on_816_34,9,segment_B,1,0,0,0
817,11,control,on_817_18,0,segment_B,1,1,0,0
817,11,control,on_817_10,1,segment_A,1,1,1,1
817,11,control,on_817_30,2,segment_A,1,0,0,0
817,11,control,on_817_34,3,segment_A,1,0,0,0
817,11,control,on_817_20,4,segment_A,1,0,0,0
817,11,control,on_817_31,5,segment_B,1,1,0,0
817,11,control,on_817_27,6,segment_B,1,0,0,0
817,11,control,on_817_5,7,segment_A,1,0,0,0
817,11,control,on_817_8,8,segment_A,1,0,0,0
817,11,control,on_817_13,9,segment_B,1,0,0,0
818,1,control,on_818_32,0,segment_A,1,1,1,0
818,1,control,on_818_37,1,segment_A,1,0,0,0
818,1,control,on_818_11,2,segment_A,1,0,0,0
818,1,control,on_818_2,3,segment_B,1,0,0,0
818,1,control,on_818_29,4,segment_B,1,0,0,0
818,1,control,on_818_13,5,segment_B,1,0,0,0
818,1,control,on_818_19,6,segment_A,1,0,0,0
818,1,control,on_818_0,7,segment_B,1,0,0,0
818,1,control,on_818_23,8,segment_B,1,0,0,0
818,1,control,on_818_17,9,segment_A,1,0,0,0
819,10,treatment,on_819_22,0,segment_B,1,0,0,0
819,10,treatment,on_819_2,1,segment_B,1,0,0,0
819,10,treatment,on_819_29,2,segment_B,1,0,0,0
819,10,treatment,on_819_21,3,segment_A,1,0,0,0
819,10,treatment,on_819_30,4,segment_A,1,0,0,0
819,10,treatment,on_819_15,5,segment_B,1,1,0,0
819,10,treatment,on_819_32,6,segment_A,1,0,0,0
819,10,treatment,on_819_4,7,segment_B,1,1,0,0
819,10,treatment,on_819_38,8,segment_A,1,0,0,0
819,10,treatment,on_819_5,9,segment_A,1,0,0,0
820,5,treatment,on_820_0,0,segment_B,1,1,0,0
820,5,treatment,on_820_34,1,segment_B,1,0,0,0
820,5,treatment,on_820_5,2,segment_A,1,1,1,1
820,5,treatment,on_820_27,3,segment_A,1,0,0,0
820,5,treatment,on_820_21,4,segment_A,1,0,0,0
820,5,treatment,on_820_29,5,segment_A,1,0,0,0
820,5,treatment,on_820_19,6,segment_B,1,0,0,0
820,5,treatment,on_820_26,7,segment_B,1,0,0,0
820,5,treatment,on_820_12,8,segment_B,1,0,0,0
820,5,treatment,on_820_6,9,segment_A,1,0,0,0
821,6,control,on_821_21,0,segment_A,1,0,0,0
821,6,control,on_821_9,1,segment_B,1,0,0,0
821,6,control,on_821_6,2,segment_A,1,1,1,0
821,6,control,on_821_19,3,segment_A,1,0,0,0
821,6,control,on_821_7,4,segment_B,1,0,0,0
821,6,control,on_821_22,5,segment_A,1,0,0,0
821,6,control,on_821_0,6,segment_A,1,0,0,0
821,6,control,on_821_34,7,segment_B,1,0,0,0
821,6,control,on_821_28,8,segment_B,1,0,0,0
821,6,control,on_821_20,9,segment_A,1,0,0,0
822,7,control,on_822_23,0,segment_A,1,1,1,0
822,7,control,on_822_27,1,segment_B,1,0,0,0
822,7,control,on_822_0,2,segment_A,1,0,0,0
822,7,control,on_822_31,3,segment_B,1,0,0,0
822,7,control,on_822_33,4,segment_B,1,0,0,0
822,7,control,on_822_22,5,segment_A,1,0,0,0
822,7,control,on_822_29,6,segment_B,1,0,0,0
822,7,control,on_822_34,7,segment_B,1,0,0,0
822,7,control,on_822_38,8,segment_A,1,0,0,0
822,7,control,on_822_26,9,segment_A,1,0,0,0
823,13,treatment,on_823_2,0,segment_B,1,0,0,0
823,13,treatment,on_823_4,1,segment_A,1,1,0,0
823,13,treatment,on_823_20,2,segment_B,1,1,0,0
823,13,treatment,on_823_8,3,segment_A,1,0,0,0
823,13,treatment,on_823_3,4,segment_A,1,0,0,0
823,13,treatment,on_823_1,5,segment_B,1,0,0,0
823,13,treatment,on_823_30,6,segment_B,1,1,0,0
823,13,treatment,on_823_19,7,segment_A,1,0,0,0
823,13,treatment,on_823_31,8,segment_B,1,0,0,0
823,13,treatment,on_823_16,9,segment_A,1,0,0,0
824,0,control,on_824_32,0,segment_B,1,0,0,0
824,0,control,on_824_8,1,segment_B,1,0,0,0
824,0,control,on_824_35,2,segment_A,1,1,0,0
824,0,control,on_824_36,3,segment_B,1,0,0,0
824,0,control,on_824_34,4,segment_B,1,0,0,0
824,0,control,on_824_6,5,segment_B,1,1,0,0
824,0,control,on_824_24,6,segment_A,1,0,0,0
824,0,control,on_824_11,7,segment_B,1,0,0,0
824,0,control,on_824_7,8,segment_B,1,0,0,0
824,0,control,on_824_3,9,segment_A,1,0,0,0
825,9,treatment,on_825_15,0,segment_A,1,1,0,0
825,9,treatment,on_825_3,1,segment_A,1,0,0,0
825,9,treatment,on_825_16,2,segment_A,1,0,0,0
825,9,treatment,on_825_39,3,segment_B,1,0,0,0
825,9,treatment,on_825_6,4,segment_B,1,0,0,0
825,9,treatment,on_825_8,5,segment_A,1,0,0,0
825,9,treatment,on_825_18,6,segment_A,1,0,0,0
825,9,treatment,on_825_36,7,segment_B,1,0,0,0
825,9,treatment,on_825_0,8,segment_B,1,0,0,0
825,9,treatment,on_825_32,9,segment_B,1,0,0,0
826,12,control,on_826_6,0,segment_B,1,0,0,0
826,12,control,on_826_19,1,segment_B,1,1,0,0
826,12,control,on_826_1,2,segment_B,1,0,0,0
826,12,control,on_826_16,3,segment_B,1,0,0,0
826,12,control,on_826_38,4,segment_A,1,0,0,0
826,12,control,on_826_0,5,segment_A,1,0,0,0
826,12,control,on_826_10,6,segment_B,1,0,0,0
826,12,control,on_826_35,7,segment_A,1,0,0,0
826,12,control,on_826_24,8,segment_B,1,0,0,0
826,12,control,on_826_34,9,segment_B,1,0,0,0
827,11,treatment,on_827_15,0,segment_A,1,0,0,0
827,11,treatment,on_827_12,1,segment_A,1,0,0,0
827,11,treatment,on_827_19,2,segment_B,1,0,0,0
827,11,treatment,on_827_37,3,segment_B,1,0,0,0
827,11,treatment,on_827_39,4,segment_B,1,0,0,0
827,11,treatment,on_827_9,5,segment_B,1,0,0,0
827,11,treatment,on_827_3,6,segment_B,1,0,0,0
827,11,treatment,on_827_27,7,segment_A,1,0,0,0
827,11,treatment,on_827_13,8,segment_B,1,0,0,0
827,11,treatment,on_827_7,9,segment_A,1,0,0,0
828,13,treatment,on_828_25,0,segment_A,1,1,0,0
828,13,treatment,on_828_38,1,segment_A,1,0,0,0
828,13,treatment,on_828_20,2,segment_B,1,0,0,0
828,13,treatment,on_828_27,3,segment_B,1,0,0,0
828,13,treatment,on_828_24,4,segment_A,1,0,0,0
828,13,treatment,on_828_4,5,segment_B,1,0,0,0
828,13,treatment,on_828_3,6,segment_B,1,1,0,0
828,13,treatment,on_828_17,7,segment_B,1,0,0,0
828,13,treatment,on_828_34,8,segment_B,1,0,0,0
828,13,treatment,on_828_12,9,segment_A,1,0,0,0
829,12,treatment,on_829_37,0,segment_B,1,0,0,0
829,12,treatment,on_829_27,1,segment_A,1,0,0,0
829,12,treatment,on_829_6,2,segment_B,1,0,0,0
829,12,treatment,on_829_17,3,segment_B,1,0,0,0
829,12,treatment,on_829_21,4,segment_B,1,0,0,0
829,12,treatment,on_829_20,5,segment_A,1,0,0,0
829,12,treatment,on_829_33,6,segment_A,1,0,0,0
829,12,treatment,on_829_36,7,segment_A,1,0,0,0
829,12,treatment,on_829_23,8,segment_B,1,0,0,0
829,12,treatment,on_829_26,9,segment_B,1,0,0,0
830,4,treatment,on_830_10,0,segment_B,1,0,0,0
830,4,treatment,on_830_27,1,segment_A,1,0,0,0
830,4,treatment,on_830_2,2,segment_A,1,0,0,0
830,4,treatment,on_830_6,3,segment_A,1,1,0,0
830,4,treatment,on_830_37,4,segment_A,1,0,0,0
830,4,treatment,on_830_20,5,segment_B,1,0,0,0
830,4,treatment,on_830_22,6,segment_A,1,0,0,0
830,4,treatment,on_830_34,7,segment_B,1,0,0,0
830,4,treatment,on_830_18,8,segment_B,1,0,0,0
830,4,treatment,on_830_1,9,segment_A,1,0,0,0
831,5,control,on_831_13,0,segment_B,1,0,0,0
831,5,control,on_831_8,1,segment_A,1,0,0,0
831,5,control,on_831_32,2,segment_B,1,0,0,0
831,5,control,on_831_36,3,segment_B,1,0,0,0
831,5,control,on_831_6,4,segment_B,1,0,0,0
831,5,control,on_831_23,5,segment_A,1,0,0,0
831,5,control,on_831_22,6,segment_B,1,0,0,0
831,5,control,on_831_34,7,segment_A,1,0,0,0
831,5,control,on_831_21,8,segment_B,1,0,0,0
831,5,control,on_831_15,9,segment_B,1,0,0,0
832,8,control,on_832_25,0,segment_A,1,1,1,1
832,8,control,on_832_21,1,segment_A,1,0,0,0
832,8,control,on_832_8,2,segment_A,1,0,0,0
832,8,control,on_832_7,3,segment_B,1,0,0,0
832,8,control,on_832_10,4,segment_B,1,1,0,0
832,8,control,on_832_33,5,segment_A,1,0,0,0
832,8,control,on_832_19,6,segment_A,1,0,0,0
832,8,control,on_832_31,7,segment_B,1,0,0,0
832,8,control,on_832_9,8,segment_A,1,0,0,0
832,8,control,on_832_26,9,segment_A,1,0,0,0
833,5,control,on_833_33,0,segment_B,1,1,1,0
833,5,control,on_833_15,1,segment_B,1,0,0,0
833,5,control,on_833_6,2,segment_B,1,0,0,0
833,5,control,on_833_7,3,segment_B,1,0,0,0
833,5,control,on_833_27,4,segment_B,1,0,0,0
833,5,control,on_833_36,5,segment_A,1,0,0,0
833,5,control,on_833_28,6,segment_B,1,0,0,0
833,5,control,on_833_17,7,segment_A,1,0,0,0
833,5,control,on_833_20,8,segment_A,1,0,0,0
833,5,control,on_833_37,9,segment_A,1,0,0,0
834,11,treatment,on_834_23,0,segment_A,1,0,0,0
834,11,treatment,on_834_36,1,segment_A,1,0,0,0
834,11,treatment,on_834_38,2,segment_B,1,0,0,0
834,11,treatment,on_834_0,3,segment_B,1,0,0,0
834,11,treatment,on_834_6,4,segment_B,1,0,0,0
834,11,treatment,on_834_37,5,segment_A,1,1,0,0
834,11,treatment,on_834_26,6,segment_B,1,0,0,0
834,11,treatment,on_834_16,7,segment_A,1,1,0,0
834,11,treatment,on_834_29,8,segment_B,1,0,0,0
834,11,treatment,on_834_39,9,segment_B,1,0,0,0
835,2,treatment,on_835_32,0,segment_B,1,1,1,1
835,2,treatment,on_835_6,1,segment_B,1,0,0,0
835,2,treatment,on_835_22,2,segment_B,1,0,0,0
835,2,treatment,on_835_34,3,segment_B,1,0,0,0
835,2,treatment,on_835_0,4,segment_A,1,0,0,0
835,2,treatment,on_835_10,5,segment_B,1,1,1,1
835,2,treatment,on_835_4,6,segment_A,1,0,0,0
835,2,treatment,on_835_33,7,segment_A,1,0,0,0
835,2,treatment,on_835_25,8,segment_A,1,0,0,0
835,2,treatment,on_835_3,9,segment_B,1,0,0,0
836,4,treatment,on_836_8,0,segment_A,1,0,0,0
836,4,treatment,on_836_36,1,segment_A,1,0,0,0
836,4,treatment,on_836_13,2,segment_A,1,0,0,0
836,4,treatment,on_836_33,3,segment_B,1,0,0,0
836,4,treatment,on_836_26,4,segment_B,1,0,0,0
836,4,treatment,on_836_5,5,segment_A,1,0,0,0
836,4,treatment,on_836_28,6,segment_B,1,0,0,0
836,4,treatment,on_836_29,7,segment_B,1,0,0,0
836,4,treatment,on_836_15,8,segment_A,1,0,0,0
836,4,treatment,on_836_32,9,segment_B,1,1,0,0
837,4,treatment,on_837_15,0,segment_B,1,0,0,0
837,4,treatment,on_837_11,1,segment_B,1,0,0,0
837,4,treatment,on_837_26,2,segment_B,1,1,0,0
837,4,treatment,on_837_29,3,segment_B,1,0,0,0
837,4,treatment,on_837_39,4,segment_A,1,0,0,0
837,4,treatment,on_837_7,5,segment_A,1,0,0,0
837,4,treatment,on_837_31,6,segment_B,1,0,0,0
837,4,treatment,on_837_37,7,segment_A,1,0,0,0
837,4,treatment,on_837_32,8,segment_B,1,0,0,0
837,4,treatment,on_837_20,9,segment_A,1,0,0,0
838,5,control,on_838_27,0,segment_A,1,0,0,0
838,5,control,on_838_0,1,segment_B,1,1,0,0
838,5,control,on_838_9,2,segment_A,1,1,0,0
838,5,control,on_838_26,3,segment_B,1,0,0,0
838,5,control,on_838_5,4,segment_A,1,0,0,0
838,5,control,on_838_8,5,segment_A,1,0,0,0
838,5,control,on_838_38,6,segment_B,1,0,0,0
838,5,control,on_838_37,7,segment_B,1,0,0,0
838,5,control,on_838_36,8,segment_A,1,0,0,0
838,5,control,on_838_24,9,segment_A,1,0,0,0
839,10,treatment,on_839_5,0,segment_A,1,1,1,1
839,10,treatment,on_839_11,1,segment_B,1,0,0,0
839,10,treatment,on_839_18,2,segment_A,1,0,0,0
839,10,treatment,on_839_26,3,segment_B,1,1,0,0
839,10,treatment,on_839_15,4,segment_A,1,0,0,0
839,10,treatment,on_839_12,5,segment_B,1,0,0,0
839,10,treatment,on_839_39,6,segment_B,1,0,0,0
839,10,treatment,on_839_32,7,segment_B,1,0,0,0
839,10,treatment,on_839_19,8,segment_B,1,0,0,0
839,10,treatment,on_839_10,9,segment_A,1,0,0,0
840,8,treatment,on_840_2,0,segment_A,1,1,1,0
840,8,treatment,on_840_3,1,segment_B,1,0,0,0
840,8,treatment,on_840_24,2,segment_A,1,0,0,0
840,8,treatment,on_840_6,3,segment_B,1,0,0,0
840,8,treatment,on_840_20,4,segment_B,1,0,0,0
840,8,treatment,on_840_26,5,segment_A,1,0,0,0
840,8,treatment,on_840_31,6,segment_B,1,0,0,0
840,8,treatment,on_840_16,7,segment_A,1,0,0,0
840,8,treatment,on_840_7,8,segment_B,1,0,0,0
840,8,treatment,on_840_9,9,segment_B,1,0,0,0
841,8,treatment,on_841_37,0,segment_B,1,0,0,0
841,8,treatment,on_841_3,1,segment_B,1,0,0,0
841,8,treatment,on_841_27,2,segment_A,1,0,0,0
841,8,treatment,on_841_23,3,segment_A,1,0,0,0
841,8,treatment,on_841_26,4,segment_A,1,0,0,0
841,8,treatment,on_841_35,5,segment_A,1,0,0,0
841,8,treatment,on_841_19,6,segment_A,1,0,0,0
841,8,treatment,on_841_11,7,segment_A,1,0,0,0
841,8,treatment,on_841_8,8,segment_A,1,0,0,0
841,8,treatment,on_841_34,9,segment_A,1,0,0,0
842,7,control,on_842_11,0,segment_B,1,0,0,0
842,7,control,on_842_15,1,segment_A,1,0,0,0
842,7,control,on_842_4,2,segment_A,1,0,0,0
842,7,control,on_842_34,3,segment_B,1,0,0,0
842,7,control,on_842_18,4,segment_A,1,0,0,0
842,7,control,on_842_22,5,segment_A,1,0,0,0
842,7,control,on_842_8,6,segment_A,1,0,0,0
842,7,control,on_842_10,7,segment_B,1,0,0,0
842,7,control,on_842_14,8,segment_B,1,0,0,0
842,7,control,on_842_30,9,segment_A,1,1,0,0
843,12,control,on_843_3,0,segment_A,1,0,0,0
843,12,control,on_843_11,1,segment_A,1,0,0,0
843,12,control,on_843_0,2,segment_B,1,0,0,0
843,12,control,on_843_30,3,segment_B,1,0,0,0
843,12,control,on_843_17,4,segment_B,1,0,0,0
843,12,control,on_843_7,5,segment_A,1,0,0,0
843,12,control,on_843_9,6,segment_A,1,0,0,0
843,12,control,on_843_23,7,segment_B,1,0,0,0
843,12,control,on_843_2,8,segment_B,1,0,0,0
843,12,control,on_843_35,9,segment_B,1,0,0,0
844,12,treatment,on_844_26,0,segment_A,1,1,0,0
844,12,treatment,on_844_16,1,segment_A,1,0,0,0
844,12,treatment,on_844_35,2,segment_A,1,0,0,0
844,12,treatment,on_844_2,3,segment_A,1,0,0,0
844,12,treatment,on_844_14,4,segment_A,1,0,0,0
844,12,treatment,on_844_12,5,segment_A,1,0,0,0
844,12,treatment,on_844_39,6,segment_B,1,0,0,0
844,12,treatment,on_844_13,7,segment_A,1,0,0,0
844,12,treatment,on_844_31,8,segment_A,1,0,0,0
844,12,treatment,on_844_36,9,segment_A,1,0,0,0
845,13,control,on_845_10,0,segment_B,1,0,0,0
845,13,control,on_845_5,1,segment_A,1,0,0,0
845,13,control,on_845_3,2,segment_B,1,0,0,0
845,13,control,on_845_1,3,segment_B,1,0,0,0
845,13,control,on_845_15,4,segment_B,1,0,0,0
845,13,control,on_845_34,5,segment_A,1,0,0,0
845,13,control,on_845_39,6,segment_B,1,0,0,0
845,13,control,on_845_17,7,segment_A,1,0,0,0
845,13,control,on_845_27,8,segment_A,1,0,0,0
845,13,control,on_845_6,9,segment_B,1,0,0,0
846,1,control,on_846_21,0,segment_A,1,0,0,0
846,1,control,on_846_38,1,segment_B,1,0,0,0
846,1,control,on_846_6,2,segment_B,1,0,0,0
846,1,control,on_846_25,3,segment_A,1,0,0,0
846,1,control,on_846_15,4,segment_B,1,0,0,0
846,1,control,on_846_0,5,segment_A,1,0,0,0
846,1,control,on_846_19,6,segment_B,1,0,0,0
846,1,control,on_846_35,7,segment_B,1,1,0,0
846,1,control,on_846_18,8,segment_B,1,1,0,0
846,1,control,on_846_28,9,segment_B,1,0,0,0
847,12,treatment,on_847_22,0,segment_B,1,0,0,0
847,12,treatment,on_847_20,1,segment_B,1,0,0,0
847,12,treatment,on_847_11,2,segment_B,1,0,0,0
847,12,treatment,on_847_2,3,segment_B,1,1,0,0
847,12,treatment,on_847_8,4,segment_B,1,0,0,0
847,12,treatment,on_847_0,5,segment_B,1,1,1,1
847,12,treatment,on_847_17,6,segment_A,1,0,0,0
847,12,treatment,on_847_25,7,segment_B,1,0,0,0
847,12,treatment,on_847_1,8,segment_B,1,0,0,0
847,12,treatment,on_847_15,9,segment_B,1,0,0,0
848,10,treatment,on_848_15,0,segment_B,1,1,1,1
848,10,treatment,on_848_31,1,segment_A,1,0,0,0
848,10,treatment,on_848_1,2,segment_A,1,0,0,0
848,10,treatment,on_848_10,3,segment_B,1,0,0,0
848,10,treatment,on_848_19,4,segment_A,1,0,0,0
848,10,treatment,on_848_11,5,segment_B,1,0,0,0
848,10,treatment,on_848_25,6,segment_A,1,0,0,0
848,10,treatment,on_848_16,7,segment_B,1,0,0,0
848,10,treatment,on_848_27,8,segment_A,1,0,0,0
848,10,treatment,on_848_28,9,segment_A,1,1,0,0
849,13,control,on_849_27,0,segment_A,1,1,0,0
849,13,control,on_849_24,1,segment_A,1,0,0,0
849,13,control,on_849_30,2,segment_A,1,1,1,0
849,13,control,on_849_16,3,segment_B,1,0,0,0
849,13,control,on_849_26,4,segment_A,1,0,0,0
849,13,control,on_849_23,5,segment_B,1,0,0,0
849,13,control,on_849_34,6,segment_B,1,0,0,0
849,13,control,on_849_31,7,segment_B,1,0,0,0
849,13,control,on_849_18,8,segment_A,1,0,0,0
849,13,control,on_849_37,9,segment_B,1,0,0,0
850,4,control,on_850_22,0,segment_B,1,0,0,0
850,4,control,on_850_24,1,segment_B,1,0,0,0
850,4,control,on_850_13,2,segment_A,1,0,0,0
850,4,control,on_850_4,3,segment_B,1,1,0,0
850,4,control,on_850_31,4,segment_B,1,0,0,0
850,4,control,on_850_9,5,segment_A,1,0,0,0
850,4,control,on_850_17,6,segment_B,1,0,0,0
850,4,control,on_850_6,7,segment_A,1,0,0,0
850,4,control,on_850_38,8,segment_A,1,0,0,0
850,4,control,on_850_34,9,segment_B,1,1,0,0
851,7,treatment,on_851_28,0,segment_B,1,0,0,0
851,7,treatment,on_851_6,1,segment_B,1,0,0,0
851,7,treatment,on_851_36,2,segment_A,1,0,0,0
851,7,treatment,on_851_16,3,segment_A,1,0,0,0
851,7,treatment,on_851_14,4,segment_A,1,0,0,0
851,7,treatment,on_851_11,5,segment_A,1,0,0,0
851,7,treatment,on_851_21,6,segment_B,1,0,0,0
851,7,treatment,on_851_35,7,segment_B,1,0,0,0
851,7,treatment,on_851_20,8,segment_B,1,0,0,0
851,7,treatment,on_851_29,9,segment_B,1,1,0,0
852,5,treatment,on_852_15,0,segment_B,1,0,0,0
852,5,treatment,on_852_19,1,segment_A,1,1,0,0
852,5,treatment,on_852_31,2,segment_B,1,1,1,0
852,5,treatment,on_852_27,3,segment_B,1,1,0,0
852,5,treatment,on_852_33,4,segment_B,1,0,0,0
852,5,treatment,on_852_34,5,segment_B,1,0,0,0
852,5,treatment,on_852_18,6,segment_A,1,0,0,0
852,5,treatment,on_852_35,7,segment_A,1,0,0,0
852,5,treatment,on_852_11,8,segment_A,1,0,0,0
852,5,treatment,on_852_0,9,segment_A,1,0,0,0
853,11,treatment,on_853_38,0,segment_B,1,0,0,0
853,11,treatment,on_853_24,1,segment_B,1,0,0,0
853,11,treatment,on_853_1,2,segment_B,1,0,0,0
853,11,treatment,on_853_0,3,segment_A,1,0,0,0
853,11,treatment,on_853_20,4,segment_A,1,0,0,0
853,11,treatment,on_853_36,5,segment_A,1,0,0,0
853,11,treatment,on_853_34,6,segment_B,1,0,0,0
853,11,treatment,on_853_2,7,segment_B,1,0,0,0
853,11,treatment,on_853_16,8,segment_B,1,0,0,0
853,11,treatment,on_853_14,9,segment_A,1,0,0,0
854,10,control,on_854_29,0,segment_A,1,1,0,0
854,10,control,on_854_31,1,segment_A,1,0,0,0
854,10,control,on_854_12,2,segment_A,1,0,0,0
854,10,control,on_854_30,3,segment_B,1,0,0,0
854,10,control,on_854_3,4,segment_B,1,0,0,0
854,10,control,on_854_26,5,segment_A,1,1,1,0
854,10,control,on_854_16,6,segment_B,1,1,0,0
854,10,control,on_854_15,7,segment_B,1,1,1,0
854,10,control,on_854_20,8,segment_B,1,0,0,0
854,10,control,on_854_38,9,segment_B,1,0,0,0
855,6,treatment,on_855_18,0,segment_A,1,1,0,0
855,6,treatment,on_855_27,1,segment_B,1,0,0,0
855,6,treatment,on_855_26,2,segment_A,1,0,0,0
855,6,treatment,on_855_12,3,segment_A,1,0,0,0
855,6,treatment,on_855_31,4,segment_B,1,0,0,0
855,6,treatment,on_855_19,5,segment_B,1,0,0,0
855,6,treatment,on_855_16,6,segment_A,1,0,0,0
855,6,treatment,on_855_11,7,segment_A,1,0,0,0
855,6,treatment,on_855_22,8,segment_A,1,0,0,0
855,6,treatment,on_855_8,9,segment_A,1,0,0,0
856,1,treatment,on_856_25,0,segment_B,1,1,1,0
856,1,treatment,on_856_27,1,segment_A,1,1,1,0
856,1,treatment,on_856_10,2,segment_A,1,0,0,0
856,1,treatment,on_856_28,3,segment_B,1,0,0,0
856,1,treatment,on_856_35,4,segment_A,1,0,0,0
856,1,treatment,on_856_14,5,segment_B,1,0,0,0
856,1,treatment,on_856_17,6,segment_A,1,0,0,0
856,1,treatment,on_856_38,7,segment_A,1,0,0,0
856,1,treatment,on_856_23,8,segment_A,1,0,0,0
856,1,treatment,on_856_32,9,segment_B,1,0,0,0
857,13,control,on_857_32,0,segment_B,1,0,0,0
857,13,control,on_857_30,1,segment_A,1,0,0,0
857,13,control,on_857_0,2,segment_A,1,0,0,0
857,13,control,on_857_25,3,segment_B,1,0,0,0
857,13,control,on_857_1,4,segment_B,1,0,0,0
857,13,control,on_857_39,5,segment_B,1,0,0,0
857,13,control,on_857_38,6,segment_B,1,1,0,0
857,13,control,on_857_3,7,segment_B,1,0,0,0
857,13,control,on_857_4,8,segment_A,1,0,0,0
857,13,control,on_857_34,9,segment_A,1,0,0,0
858,13,treatment,on_858_38,0,segment_A,1,0,0,0
858,13,treatment,on_858_25,1,segment_A,1,0,0,0
858,13,treatment,on_858_15,2,segment_A,1,0,0,0
858,13,treatment,on_858_8,3,segment_B,1,0,0,0
858,13,treatment,on_858_19,4,segment_B,1,0,0,0
858,13,treatment,on_858_37,5,segment_B,1,0,0,0
858,13,treatment,on_858_22,6,segment_A,1,1,0,0
858,13,treatment,on_858_36,7,segment_A,1,0,0,0
858,13,treatment,on_858_26,8,segment_A,1,0,0,0
858,13,treatment,on_858_12,9,segment_B,1,0,0,0
859,3,treatment,on_859_14,0,segment_B,1,0,0,0
859,3,treatment,on_859_11,1,segment_B,1,0,0,0
859,3,treatment,on_859_38,2,segment_B,1,0,0,0
859,3,treatment,on_859_16,3,segment_A,1,0,0,0
859,3,treatment,on_859_19,4,segment_B,1,1,1,0
859,3,treatment,on_859_5,5,segment_A,1,0,0,0
859,3,treatment,on_859_4,6,segment_A,1,0,0,0
859,3,treatment,on_859_10,7,segment_B,1,0,0,0
859,3,treatment,on_859_27,8,segment_B,1,0,0,0
859,3,treatment,on_859_3,9,segment_B,1,0,0,0
860,11,control,on_860_18,0,segment_A,1,1,0,0
860,11,control,on_860_33,1,segment_B,1,1,0,0
860,11,control,on_860_9,2,segment_B,1,0,0,0
860,11,control,on_860_3,3,segment_B,1,0,0,0
860,11,control,on_860_5,4,segment_B,1,0,0,0
860,11,control,on_860_13,5,segment_A,1,1,0,0
860,11,control,on_860_23,6,segment_A,1,0,0,0
860,11,control,on_860_25,7,segment_B,1,0,0,0
860,11,control,on_860_0,8,segment_B,1,0,0,0
860,11,control,on_860_20,9,segment_A,1,1,0,0
861,11,control,on_861_10,0,segment_A,1,1,0,0
861,11,control,on_861_17,1,segment_A,1,1,1,0
861,11,control,on_861_37,2,segment_A,1,0,0,0
861,11,control,on_861_14,3,segment_B,1,0,0,0
861,11,control,on_861_28,4,segment_A,1,1,0,0
861,11,control,on_861_15,5,segment_B,1,0,0,0
861,11,control,on_861_9,6,segment_A,1,0,0,0
861,11,control,on_861_36,7,segment_B,1,0,0,0
861,11,control,on_861_34,8,segment_A,1,0,0,0
861,11,control,on_861_25,9,segment_B,1,0,0,0
862,2,treatment,on_862_10,0,segment_A,1,0,0,0
862,2,treatment,on_862_38,1,segment_B,1,1,0,0
862,2,treatment,on_862_11,2,segment_B,1,0,0,0
862,2,treatment,on_862_4,3,segment_B,1,0,0,0
862,2,treatment,on_862_31,4,segment_A,1,0,0,0
862,2,treatment,on_862_6,5,segment_B,1,1,0,0
862,2,treatment,on_862_32,6,segment_A,1,0,0,0
862,2,treatment,on_862_22,7,segment_A,1,0,0,0
862,2,treatment,on_862_27,8,segment_A,1,0,0,0
862,2,treatment,on_862_36,9,segment_A,1,0,0,0
863,6,control,on_863_33,0,segment_A,1,1,1,0
863,6,control,on_863_39,1,segment_B,1,1,0,0
863,6,control,on_863_7,2,segment_B,1,0,0,0
863,6,control,on_863_5,3,segment_A,1,0,0,0
863,6,control,on_863_12,4,segment_B,1,0,0,0
863,6,control,on_863_8,5,segment_B,1,0,0,0
863,6,control,on_863_36,6,segment_B,1,0,0,0
863,6,control,on_863_10,7,segment_B,1,0,0,0
863,6,control,on_863_13,8,segment_A,1,1,0,0
863,6,control,on_863_2,9,segment_A,1,0,0,0
864,3,treatment,on_864_18,0,segment_B,1,0,0,0
864,3,treatment,on_864_28,1,segment_B,1,0,0,0
864,3,treatment,on_864_25,2,segment_A,1,0,0,0
864,3,treatment,on_864_23,3,segment_A,1,1,0,0
864,3,treatment,on_864_38,4,segment_A,1,1,0,0
864,3,treatment,on_864_33,5,segment_A,1,0,0,0
864,3,treatment,on_864_16,6,segment_A,1,0,0,0
864,3,treatment,on_864_7,7,segment_B,1,0,0,0
864,3,treatment,on_864_22,8,segment_B,1,0,0,0
864,3,treatment,on_864_13,9,segment_A,1,0,0,0
865,0,control,on_865_35,0,segment_B,1,0,0,0
865,0,control,on_865_38,1,segment_A,1,1,0,0
865,0,control,on_865_8,2,segment_B,1,0,0,0
865,0,control,on_865_15,3,segment_B,1,0,0,0
865,0,control,on_865_10,4,segment_A,1,0,0,0
865,0,control,on_865_25,5,segment_B,1,0,0,0
865,0,control,on_865_14,6,segment_A,1,0,0,0
865,0,control,on_865_13,7,segment_A,1,0,0,0
865,0,control,on_865_37,8,segment_A,1,0,0,0
865,0,control,on_865_34,9,segment_A,1,0,0,0
866,9,control,on_866_38,0,segment_A,1,1,1,0
866,9,control,on_866_35,1,segment_A,1,0,0,0
866,9,control,on_866_22,2,segment_A,1,0,0,0
866,9,control,on_866_31,3,segment_A,1,0,0,0
866,9,control,on_866_28,4,segment_B,1,0,0,0
866,9,control,on_866_21,5,segment_B,1,0,0,0
866,9,control,on_866_7,6,segment_A,1,0,0,0
866,9,control,on_866_3,7,segment_B,1,0,0,0
866,9,control,on_866_12,8,segment_A,1,0,0,0
866,9,control,on_866_20,9,segment_A,1,1,0,0
867,4,treatment,on_867_31,0,segment_A,1,1,0,0
867,4,treatment,on_867_13,1,segment_A,1,0,0,0
867,4,treatment,on_867_34,2,segment_A,1,0,0,0
867,4,treatment,on_867_10,3,segment_A,1,1,0,0
867,4,treatment,on_867_33,4,segment_A,1,0,0,0
867,4,treatment,on_867_23,5,segment_A,1,0,0,0
867,4,treatment,on_867_2,6,segment_A,1,0,0,0
867,4,treatment,on_867_17,7,segment_B,1,0,0,0
867,4,treatment,on_867_30,8,segment_A,1,1,0,0
867,4,treatment,on_867_39,9,segment_B,1,1,0,0
868,5,control,on_868_7,0,segment_A,1,0,0,0
868,5,control,on_868_25,1,segment_A,1,0,0,0
868,5,control,on_868_3,2,segment_B,1,0,0,0
868,5,control,on_868_21,3,segment_A,1,0,0,0
868,5,control,on_868_13,4,segment_A,1,0,0,0
868,5,control,on_868_32,5,segment_A,1,0,0,0
868,5,control,on_868_16,6,segment_A,1,0,0,0
868,5,control,on_868_31,7,segment_A,1,0,0,0
868,5,control,on_868_35,8,segment_A,1,0,0,0
868,5,control,on_868_9,9,segment_B,1,0,0,0
869,9,control,on_869_9,0,segment_A,1,0,0,0
869,9,control,on_869_33,1,segment_A,1,0,0,0
869,9,control,on_869_31,2,segment_B,1,0,0,0
869,9,control,on_869_25,3,segment_A,1,0,0,0
869,9,control,on_869_23,4,segment_B,1,0,0,0
869,9,control,on_869_21,5,segment_B,1,0,0,0
869,9,control,on_869_20,6,segment_A,1,0,0,0
869,9,control,on_869_38,7,segment_B,1,0,0,0
869,9,control,on_869_10,8,segment_A,1,0,0,0
869,9,control,on_869_3,9,segment_B,1,0,0,0
870,11,treatment,on_870_27,0,segment_B,1,0,0,0
870,11,treatment,on_870_20,1,segment_B,1,0,0,0
870,11,treatment,on_870_6,2,segment_B,1,0,0,0
870,11,treatment,on_870_38,3,segment_A,1,0,0,0
870,11,treatment,on_870_39,4,segment_A,1,0,0,0
870,11,treatment,on_870_14,5,segment_B,1,0,0,0
870,11,treatment,on_870_4,6,segment_A,1,0,0,0
870,11,treatment,on_870_5,7,segment_A,1,0,0,0
870,11,treatment,on_870_34,8,segment_B,1,0,0,0
870,11,treatment,on_870_33,9,segment_A,1,0,0,0
871,5,treatment,on_871_29,0,segment_B,1,0,0,0
871,5,treatment,on_871_3,1,segment_B,1,0,0,0
871,5,treatment,on_871_31,2,segment_B,1,0,0,0
871,5,treatment,on_871_34,3,segment_A,1,0,0,0
871,5,treatment,on_871_32,4,segment_B,1,0,0,0
871,5,treatment,on_871_20,5,segment_B,1,0,0,0
871,5,treatment,on_871_33,6,segment_A,1,0,0,0
871,5,treatment,on_871_22,7,segment_B,1,1,0,0
871,5,treatment,on_871_13,8,segment_A,1,0,0,0
871,5,treatment,on_871_0,9,segment_A,1,0,0,0
872,13,treatment,on_872_7,0,segment_B,1,0,0,0
872,13,treatment,on_872_0,1,segment_A,1,0,0,0
872,13,treatment,on_872_20,2,segment_B,1,0,0,0
872,13,treatment,on_872_17,3,segment_A,1,0,0,0
872,13,treatment,on_872_5,4,segment_B,1,0,0,0
872,13,treatment,on_872_22,5,segment_B,1,0,0,0
872,13,treatment,on_872_39,6,segment_A,1,0,0,0
872,13,treatment,on_872_27,7,segment_A,1,1,0,0
872,13,treatment,on_872_30,8,segment_B,1,0,0,0
872,13,treatment,on_872_33,9,segment_A,1,0,0,0
873,6,control,on_873_23,0,segment_B,1,1,0,0
873,6,control,on_873_32,1,segment_B,1,0,0,0
873,6,control,on_873_37,2,segment_A,1,1,0,0
873,6,control,on_873_1,3,segment_A,1,0,0,0
873,6,control,on_873_14,4,segment_B,1,0,0,0
873,6,control,on_873_21,5,segment_A,1,0,0,0
873,6,control,on_873_9,6,segment_A,1,0,0,0
873,6,control,on_873_15,7,segment_B,1,0,0,0
873,6,control,on_873_27,8,segment_A,1,0,0,0
873,6,control,on_873_16,9,segment_A,1,0,0,0
874,4,treatment,on_874_2,0,segment_A,1,0,0,0
874,4,treatment,on_874_20,1,segment_A,1,0,0,0
874,4,treatment,on_874_39,2,segment_B,1,1,0,0
874,4,treatment,on_874_13,3,segment_A,1,1,0,0
874,4,treatment,on_874_35,4,segment_B,1,0,0,0
874,4,treatment,on_874_19,5,segment_A,1,0,0,0
874,4,treatment,on_874_0,6,segment_A,1,0,0,0
874,4,treatment,on_874_17,7,segment_B,1,0,0,0
874,4,treatment,on_874_36,8,segment_B,1,1,0,0
874,4,treatment,on_874_18,9,segment_A,1,0,0,0
875,0,control,on_875_30,0,segment_B,1,0,0,0
875,0,control,on_875_10,1,segment_B,1,0,0,0
875,0,control,on_875_22,2,segment_B,1,0,0,0
875,0,control,on_875_33,3,segment_A,1,0,0,0
875,0,control,on_875_14,4,segment_B,1,0,0,0
875,0,control,on_875_29,5,segment_A,1,0,0,0
875,0,control,on_875_18,6,segment_B,1,0,0,0
875,0,control,on_875_24,7,segment_A,1,0,0,0
875,0,control,on_875_6,8,segment_B,1,0,0,0
875,0,control,on_875_7,9,segment_B,1,0,0,0
876,6,treatment,on_876_24,0,segment_A,1,0,0,0
876,6,treatment,on_876_10,1,segment_B,1,0,0,0
876,6,treatment,on_876_39,2,segment_B,1,0,0,0
876,6,treatment,on_876_4,3,segment_B,1,0,0,0
876,6,treatment,on_876_1,4,segment_A,1,0,0,0
876,6,treatment,on_876_32,5,segment_B,1,0,0,0
876,6,treatment,on_876_9,6,segment_A,1,1,0,0
876,6,treatment,on_876_25,7,segment_B,1,0,0,0
876,6,treatment,on_876_22,8,segment_A,1,1,0,0
876,6,treatment,on_876_8,9,segment_B,1,0,0,0
877,3,treatment,on_877_6,0,segment_B,1,0,0,0
877,3,treatment,on_877_39,1,segment_A,1,0,0,0
877,3,treatment,on_877_0,2,segment_B,1,0,0,0
877,3,treatment,on_877_31,3,segment_B,1,1,0,0
877,3,treatment,on_877_37,4,segment_A,1,0,0,0
877,3,treatment,on_877_22,5,segment_B,1,0,0,0
877,3,treatment,on_877_1,6,segment_A,1,0,0,0
877,3,treatment,on_877_38,7,segment_B,1,0,0,0
877,3,treatment,on_877_29,8,segment_A,1,0,0,0
877,3,treatment,on_877_26,9,segment_A,1,0,0,0
878,13,control,on_878_32,0,segment_A,1,0,0,0
878,13,control,on_878_34,1,segment_B,1,0,0,0
878,13,control,on_878_18,2,segment_B,1,1,0,0
878,13,control,on_878_6,3,segment_A,1,1,0,0
878,13,control,on_878_20,4,segment_A,1,0,0,0
878,13,control,on_878_31,5,segment_B,1,0,0,0
878,13,control,on_878_24,6,segment_A,1,0,0,0
878,13,control,on_878_39,7,segment_B,1,0,0,0
878,13,control,on_878_4,8,segment_B,1,0,0,0
878,13,control,on_878_8,9,segment_A,1,0,0,0
879,5,treatment,on_879_24,0,segment_B,1,0,0,0
879,5,treatment,on_879_19,1,segment_B,1,0,0,0
879,5,treatment,on_879_18,2,segment_A,1,0,0,0
879,5,treatment,on_879_12,3,segment_A,1,0,0,0
879,5,treatment,on_879_31,4,segment_B,1,0,0,0
879,5,treatment,on_879_35,5,segment_B,1,0,0,0
879,5,treatment,on_879_36,6,segment_B,1,0,0,0
879,5,treatment,on_879_7,7,segment_B,1,0,0,0
879,5,treatment,on_879_29,8,segment_A,1,0,0,0
879,5,treatment,on_879_16,9,segment_A,1,0,0,0
880,4,treatment,on_880_34,0,segment_B,1,0,0,0
880,4,treatment,on_880_0,1,segment_A,1,0,0,0
880,4,treatment,on_880_6,2,segment_A,1,0,0,0
880,4,treatment,on_880_26,3,segment_A,1,1,0,0
880,4,treatment,on_880_25,4,segment_B,1,0,0,0
880,4,treatment,on_880_12,5,segment_A,1,0,0,0
880,4,treatment,on_880_2,6,segment_B,1,0,0,0
880,4,treatment,on_880_23,7,segment_A,1,0,0,0
880,4,treatment,on_880_4,8,segment_A,1,0,0,0
880,4,treatment,on_880_9,9,segment_A,1,0,0,0
881,0,treatment,on_881_4,0,segment_B,1,1,1,0
881,0,treatment,on_881_21,1,segment_A,1,0,0,0
881,0,treatment,on_881_6,2,segment_B,1,0,0,0
881,0,treatment,on_881_14,3,segment_B,1,0,0,0
881,0,treatment,on_881_19,4,segment_A,1,0,0,0
881,0,treatment,on_881_10,5,segment_A,1,0,0,0
881,0,treatment,on_881_28,6,segment_B,1,0,0,0
881,0,treatment,on_881_0,7,segment_A,1,0,0,0
881,0,treatment,on_881_36,8,segment_A,1,1,0,0
881,0,treatment,on_881_18,9,segment_B,1,0,0,0
882,3,treatment,on_882_36,0,segment_B,1,0,0,0
882,3,treatment,on_882_0,1,segment_A,1,0,0,0
882,3,treatment,on_882_16,2,segment_A,1,0,0,0
882,3,treatment,on_882_30,3,segment_B,1,0,0,0
882,3,treatment,on_882_29,4,segment_A,1,0,0,0
882,3,treatment,on_882_10,5,segment_A,1,0,0,0
882,3,treatment,on_882_39,6,segment_B,1,0,0,0
882,3,treatment,on_882_31,7,segment_A,1,0,0,0
882,3,treatment,on_882_25,8,segment_A,1,1,0,0
882,3,treatment,on_882_35,9,segment_B,1,0,0,0
883,5,control,on_883_0,0,segment_B,1,0,0,0
883,5,control,on_883_17,1,segment_A,1,0,0,0
883,5,control,on_883_39,2,segment_B,1,1,0,0
883,5,control,on_883_4,3,segment_A,1,0,0,0
883,5,control,on_883_36,4,segment_B,1,0,0,0
883,5,control,on_883_16,5,segment_A,1,0,0,0
883,5,control,on_883_32,6,segment_A,1,0,0,0
883,5,control,on_883_15,7,segment_A,1,0,0,0
883,5,control,on_883_26,8,segment_A,1,0,0,0
883,5,control,on_883_38,9,segment_B,1,0,0,0
884,3,treatment,on_884_24,0,segment_B,1,0,0,0
884,3,treatment,on_884_10,1,segment_A,1,0,0,0
884,3,treatment,on_884_23,2,segment_A,1,0,0,0
884,3,treatment,on_884_31,3,segment_A,1,0,0,0
884,3,treatment,on_884_11,4,segment_B,1,0,0,0
884,3,treatment,on_884_29,5,segment_B,1,0,0,0
884,3,treatment,on_884_27,6,segment_B,1,0,0,0
884,3,treatment,on_884_30,7,segment_A,1,0,0,0
884,3,treatment,on_884_12,8,segment_B,1,0,0,0
884,3,treatment,on_884_17,9,segment_A,1,0,0,0
885,5,control,on_885_39,0,segment_A,1,0,0,0
885,5,control,on_885_30,1,segment_B,1,0,0,0
885,5,control,on_885_0,2,segment_A,1,0,0,0
885,5,control,on_885_4,3,segment_A,1,0,0,0
885,5,control,on_885_33,4,segment_A,1,0,0,0
885,5,control,on_885_25,5,segment_A,1,0,0,0
885,5,control,on_885_22,6,segment_A,1,0,0,0
885,5,control,on_885_35,7,segment_A,1,0,0,0
885,5,control,on_885_34,8,segment_B,1,1,0,0
885,5,control,on_885_5,9,segment_B,1,0,0,0
886,6,treatment,on_886_29,0,segment_A,1,0,0,0
886,6,treatment,on_886_9,1,segment_B,1,0,0,0
886,6,treatment,on_886_23,2,segment_A,1,0,0,0
886,6,treatment,on_886_20,3,segment_B,1,0,0,0
886,6,treatment,on_886_19,4,segment_A,1,0,0,0
886,6,treatment,on_886_27,5,segment_B,1,0,0,0
886,6,treatment,on_886_17,6,segment_B,1,0,0,0
886,6,treatment,on_886_25,7,segment_A,1,0,0,0
886,6,treatment,on_886_36,8,segment_B,1,1,0,0
886,6,treatment,on_886_7,9,segment_A,1,1,0,0
887,2,treatment,on_887_38,0,segment_B,1,1,0,0
887,2,treatment,on_887_10,1,segment_B,1,0,0,0
887,2,treatment,on_887_28,2,segment_A,1,0,0,0
887,2,treatment,on_887_37,3,segment_A,1,0,0,0
887,2,treatment,on_887_32,4,segment_A,1,0,0,0
887,2,treatment,on_887_33,5,segment_B,1,0,0,0
887,2,treatment,on_887_21,6,segment_B,1,0,0,0
887,2,treatment,on_887_29,7,segment_A,1,0,0,0
887,2,treatment,on_887_1,8,segment_B,1,0,0,0
887,2,treatment,on_887_6,9,segment_A,1,0,0,0
888,3,control,on_888_16,0,segment_B,1,0,0,0
888,3,control,on_888_20,1,segment_B,1,0,0,0
888,3,control,on_888_39,2,segment_A,1,0,0,0
888,3,control,on_888_12,3,segment_B,1,1,0,0
888,3,control,on_888_18,4,segment_A,1,0,0,0
888,3,control,on_888_5,5,segment_B,1,0,0,0
888,3,control,on_888_6,6,segment_B,1,0,0,0
888,3,control,on_888_27,7,segment_B,1,0,0,0
888,3,control,on_888_9,8,segment_A,1,0,0,0
888,3,control,on_888_11,9,segment_B,1,0,0,0
889,7,control,on_889_2,0,segment_B,1,0,0,0
889,7,control,on_889_13,1,segment_B,1,0,0,0
889,7,control,on_889_39,2,segment_B,1,1,1,0
889,7,control,on_889_5,3,segment_A,1,0,0,0
889,7,control,on_889_20,4,segment_A,1,0,0,0
889,7,control,on_889_10,5,segment_A,1,0,0,0
889,7,control,on_889_28,6,segment_B,1,0,0,0
889,7,control,on_889_26,7,segment_A,1,0,0,0
889,7,control,on_889_31,8,segment_B,1,0,0,0
889,7,control,on_889_0,9,segment_A,1,0,0,0
890,3,treatment,on_890_17,0,segment_B,1,1,1,0
890,3,treatment,on_890_1,1,segment_B,1,1,0,0
890,3,treatment,on_890_6,2,segment_A,1,0,0,0
890,3,treatment,on_890_30,3,segment_B,1,0,0,0
890,3,treatment,on_890_14,4,segment_B,1,0,0,0
890,3,treatment,on_890_13,5,segment_A,1,0,0,0
890,3,treatment,on_890_25,6,segment_B,1,0,0,0
890,3,treatment,on_890_12,7,segment_B,1,0,0,0
890,3,treatment,on_890_22,8,segment_B,1,0,0,0
890,3,treatment,on_890_27,9,segment_B,1,0,0,0
891,5,treatment,on_891_32,0,segment_A,1,1,0,0
891,5,treatment,on_891_27,1,segment_A,1,0,0,0
891,5,treatment,on_891_12,2,segment_B,1,0,0,0
891,5,treatment,on_891_5,3,segment_B,1,0,0,0
891,5,treatment,on_891_3,4,segment_A,1,0,0,0
891,5,treatment,on_891_34,5,segment_A,1,0,0,0
891,5,treatment,on_891_33,6,segment_B,1,1,0,0
891,5,treatment,on_891_11,7,segment_A,1,0,0,0
891,5,treatment,on_891_23,8,segment_B,1,0,0,0
891,5,treatment,on_891_36,9,segment_B,1,0,0,0
892,6,control,on_892_3,0,segment_B,1,1,0,0
892,6,control,on_892_22,1,segment_B,1,1,0,0
892,6,control,on_892_2,2,segment_A,1,0,0,0
892,6,control,on_892_30,3,segment_B,1,0,0,0
892,6,control,on_892_18,4,segment_B,1,0,0,0
892,6,control,on_892_39,5,segment_A,1,0,0,0
892,6,control,on_892_16,6,segment_A,1,0,0,0
892,6,control,on_892_9,7,segment_B,1,0,0,0
892,6,control,on_892_32,8,segment_B,1,0,0,0
892,6,control,on_892_5,9,segment_B,1,0,0,0
893,13,control,on_893_3,0,segment_B,1,1,0,0
893,13,control,on_893_12,1,segment_B,1,0,0,0
893,13,control,on_893_36,2,segment_B,1,0,0,0
893,13,control,on_893_11,3,segment_B,1,0,0,0
893,13,control,on_893_31,4,segment_B,1,0,0,0
893,13,control,on_893_7,5,segment_B,1,0,0,0
893,13,control,on_893_10,6,segment_A,1,1,0,0
893,13,control,on_893_37,7,segment_B,1,0,0,0
893,13,control,on_893_26,8,segment_A,1,0,0,0
893,13,control,on_893_21,9,segment_B,1,0,0,0
894,0,treatment,on_894_16,0,segment_A,1,0,0,0
894,0,treatment,on_894_2,1,segment_A,1,0,0,0
894,0,treatment,on_894_39,2,segment_A,1,1,0,0
894,0,treatment,on_894_22,3,segment_A,1,0,0,0
894,0,treatment,on_894_0,4,segment_A,1,0,0,0
894,0,treatment,on_894_29,5,segment_B,1,0,0,0
894,0,treatment,on_894_21,6,segment_A,1,0,0,0
894,0,treatment,on_894_35,7,segment_A,1,0,0,0
894,0,treatment,on_894_17,8,segment_B,1,0,0,0
894,0,treatment,on_894_34,9,segment_A,1,0,0,0
895,6,control,on_895_26,0,segment_B,1,1,0,0
895,6,control,on_895_13,1,segment_A,1,1,1,0
895,6,control,on_895_20,2,segment_B,1,0,0,0
895,6,control,on_895_33,3,segment_B,1,0,0,0
895,6,control,on_895_5,4,segment_B,1,0,0,0
895,6,control,on_895_11,5,segment_B,1,0,0,0
895,6,control,on_895_8,6,segment_A,1,1,0,0
895,6,control,on_895_23,7,segment_A,1,0,0,0
895,6,control,on_895_2,8,segment_B,1,0,0,0
895,6,control,on_895_32,9,segment_A,1,1,0,0
896,5,control,on_896_7,0,segment_B,1,1,0,0
896,5,control,on_896_8,1,segment_A,1,0,0,0
896,5,control,on_896_10,2,segment_B,1,1,0,0
896,5,control,on_896_17,3,segment_A,1,1,1,1
896,5,control,on_896_18,4,segment_A,1,0,0,0
896,5,control,on_896_6,5,segment_B,1,0,0,0
896,5,control,on_896_4,6,segment_B,1,0,0,0
896,5,control,on_896_33,7,segment_B,1,0,0,0
896,5,control,on_896_27,8,segment_A,1,0,0,0
896,5,control,on_896_39,9,segment_B,1,0,0,0
897,1,treatment,on_897_26,0,segment_A,1,0,0,0
897,1,treatment,on_897_25,1,segment_A,1,0,0,0
897,1,treatment,on_897_9,2,segment_A,1,0,0,0
897,1,treatment,on_897_17,3,segment_A,1,0,0,0
897,1,treatment,on_897_30,4,segment_B,1,0,0,0
897,1,treatment,on_897_7,5,segment_A,1,0,0,0
897,1,treatment,on_897_27,6,segment_A,1,0,0,0
897,1,treatment,on_897_4,7,segment_A,1,0,0,0
897,1,treatment,on_897_23,8,segment_B,1,0,0,0
897,1,treatment,on_897_31,9,segment_B,1,0,0,0
898,1,control,on_898_29,0,segment_B,1,0,0,0
898,1,control,on_898_16,1,segment_A,1,0,0,0
898,1,control,on_898_2,2,segment_A,1,0,0,0
898,1,control,on_898_25,3,segment_B,1,0,0,0
898,1,control,on_898_19,4,segment_B,1,0,0,0
898,1,control,on_898_32,5,segment_B,1,0,0,0
898,1,control,on_898_37,6,segment_B,1,1,1,1
898,1,control,on_898_7,7,segment_A,1,0,0,0
898,1,control,on_898_20,8,segment_B,1,0,0,0
898,1,control,on_898_35,9,segment_B,1,0,0,0
899,12,treatment,on_899_9,0,segment_A,1,0,0,0
899,12,treatment,on_899_31,1,segment_B,1,1,1,0
899,12,treatment,on_899_20,2,segment_A,1,0,0,0
899,12,treatment,on_899_5,3,segment_B,1,0,0,0
899,12,treatment,on_899_34,4,segment_B,1,0,0,0
899,12,treatment,on_899_35,5,segment_B,1,0,0,0
899,12,treatment,on_899_7,6,segment_B,1,0,0,0
899,12,treatment,on_899_33,7,segment_B,1,0,0,0
899,12,treatment,on_899_38,8,segment_B,1,0,0,0
899,12,treatment,on_899_23,9,segment_A,1,0,0,0
