candidate_id,protected_group,experience_years,skills,true_quality
C00000,B,4,"risk_modeling,excel,communication,leadership,audit",0.7917198570690578
C00001,A,12,"communication,java,python,underwriting,sql,risk_modeling",0.6966062450662882
C00002,B,0,"compliance,sql,excel,underwriting,audit",0.480196977663957
C00003,B,6,"aws,communication,leadership,excel",0.5144818754989309
C00004,A,12,"risk_modeling,python,compliance,audit",0.30774409956895965
C00005,B,14,"sql,risk_modeling,java",0.8811523080817487
C00006,B,3,"compliance,aws,risk_modeling",0.4720582855185794
C00007,B,9,"communication,underwriting,leadership,audit,ml",0.6810614708005238
C00008,A,2,"sql,java",0.6422193746336379
C00009,A,1,"aws,excel",0.28584320837097493
C00010,A,5,"compliance,python,sql",0.38379764935726574
C00011,B,13,"aws,java,compliance,communication,excel",0.9084635832699889
C00012,B,10,"java,underwriting,leadership,sql,compliance",0.6522783928230379
C00013,B,7,"ml,excel,java,leadership",0.4654945804262671
C00014,A,4,"aws,audit,java,python",0.5172575379970421
C00015,A,2,"communication,leadership",0.715522642869911
C00016,B,4,"underwriting,leadership,risk_modeling",0.7081766063521748
C00017,A,2,"risk_modeling,audit",0.2561052827968643
C00018,B,2,"python,risk_modeling,compliance,java,communication",0.8141710918609406
C00019,B,10,"communication,audit,java,excel,sql",0.7739066455797623
C00020,B,1,"aws,ml,underwriting",0.48255445511851447
C00021,A,0,"sql,java,compliance",0.28548996024439033
C00022,B,8,"java,audit,leadership",0.7697215552109665
C00023,B,4,"leadership,communication,risk_modeling,aws,python,java",0.6257569500530316
C00024,B,6,"audit,sql,ml,risk_modeling",0.2975962919460023
C00025,A,2,"underwriting,audit,excel,communication,java",0.47822594643549216
C00026,A,3,"aws,excel,sql,python",1.0
C00027,A,6,"communication,compliance,java,excel,leadership",0.5629703163345958
C00028,A,10,"sql,aws,ml,communication",0.4664452930195817
C00029,B,6,"underwriting,risk_modeling,java",0.3784706074448047
C00030,B,8,"java,audit,compliance,underwriting,risk_modeling,ml",0.8989778170172954
C00031,B,7,"communication,underwriting,ml,leadership,compliance",0.7225967081239839
C00032,A,4,"underwriting,java,aws,leadership,communication",0.793339040505101
C00033,A,4,"java,leadership,excel,risk_modeling,underwriting,aws",0.5846733511365885
C00034,A,6,"java,communication,underwriting",0.7857234623599016
C00035,A,0,"aws,ml",0.3473023298813761
C00036,A,10,"python,communication,audit,compliance",0.6292663765647105
C00037,A,9,"underwriting,aws,compliance",0.6416696326950925
C00038,A,4,"sql,leadership,java,python",0.7888404477375398
C00039,B,5,"leadership,sql,python",0.607391747225282
C00040,A,4,"aws,ml,excel",0.42740788648748135
C00041,B,9,"python,risk_modeling,leadership",0.6015332910056673
C00042,B,11,"leadership,python,java",0.3082456235571567
C00043,A,1,"compliance,underwriting,excel,python,sql",0.09222562801135191
C00044,B,6,"communication,compliance,leadership,excel",0.7096414466194916
C00045,B,0,"python,leadership,aws,java",0.4325461004648581
C00046,A,6,"python,audit",0.5129448861835518
C00047,A,3,"aws,java,excel,ml",0.6795704022859907
C00048,B,5,"ml,communication",0.8014618693080279
C00049,A,6,"sql,aws,risk_modeling",0.656207831868965
C00050,A,4,"leadership,ml,java,python",0.8870531094392062
C00051,A,5,"communication,ml",0.64048404413031
C00052,B,11,"aws,excel,risk_modeling",0.664398423444399
C00053,B,12,"underwriting,aws,excel",0.6632699880508278
C00054,B,0,"underwriting,java,communication,excel,aws,ml",0.26861079881594907
C00055,B,5,"leadership,python,aws,risk_modeling,communication,audit",0.722079749015222
C00056,A,12,"sql,ml",0.17981611639724854
C00057,B,7,"python,compliance,excel,audit,java",0.46447448569035993
C00058,A,3,"aws,audit,java,risk_modeling,underwriting",0.5341274631021703
C00059,A,8,"aws,compliance,excel",0.4378427817855947
C00060,B,2,"excel,python,leadership,underwriting",0.4386839338468922
C00061,A,0,"underwriting,ml,aws,java,python",0.8310876019209011
C00062,B,9,"compliance,java,communication",0.7887242994407021
C00063,B,7,"excel,aws",0.446551017454787
C00064,B,11,"risk_modeling,java,python",0.5254780280249722
C00065,B,5,"excel,python,communication",0.3201392892606681
C00066,B,12,"python,risk_modeling,excel",0.7468988814811047
C00067,A,6,"communication,excel,leadership",0.5150463589261143
C00068,A,11,"java,compliance",0.2560360352389814
C00069,A,1,"audit,leadership,compliance,sql,underwriting,communication",0.5281410465258105
C00070,A,1,"java,risk_modeling",0.5890161990483286
C00071,A,11,"compliance,aws,python,communication,leadership",0.7833653751715095
C00072,B,12,"java,underwriting,ml,sql,audit",0.6067961369761805
C00073,A,14,"underwriting,aws,ml,compliance,communication",0.5729191906984513
C00074,A,4,"compliance,audit,ml,excel,risk_modeling,communication",0.8975276424881151
C00075,A,0,"risk_modeling,compliance",0.5011855080979193
C00076,A,14,"sql,audit,excel",0.7695211296876283
C00077,B,9,"communication,python",0.49288286419227345
C00078,B,3,"leadership,audit,python,underwriting",0.6541837372944499
C00079,B,11,"excel,aws,compliance,audit,leadership",0.34798678136726235
C00080,B,13,"risk_modeling,underwriting,aws,audit,compliance,leadership",0.546827841770646
C00081,A,4,"aws,underwriting,python",0.3225106369033103
C00082,B,11,"java,communication,sql",0.5011048020634958
C00083,A,11,"python,leadership,audit,compliance,ml,sql",0.8350846072415927
C00084,A,7,"python,underwriting,audit,java,leadership",0.4597813399253344
C00085,A,9,"python,sql,compliance,ml,audit",0.7192861025853351
C00086,B,4,"underwriting,ml,aws,communication",0.8131077327702673
C00087,A,13,"python,underwriting,sql,ml",0.6250360835514026
C00088,A,14,"excel,java,ml",0.8188780789101304
C00089,A,14,"communication,risk_modeling,java,compliance,audit",0.7355954724649616
C00090,A,11,"sql,risk_modeling,ml",0.6309586475050359
C00091,B,0,"excel,sql,python,leadership,risk_modeling,compliance",0.6350568060770473
C00092,A,5,"python,leadership",0.8811888561985337
C00093,A,6,"excel,ml,aws,underwriting",0.44529159574846056
C00094,A,14,"java,leadership,communication",0.4673438379683066
C00095,B,8,"leadership,python,java,ml,compliance",0.39677538178203825
C00096,A,8,"leadership,python,underwriting,ml,communication",0.7589970345525798
C00097,A,2,"risk_modeling,leadership,aws,python,underwriting,excel",0.7232861721631035
C00098,A,11,"python,communication,excel,compliance,audit",0.5133333519998917
C00099,B,5,"python,ml,audit",0.16551756110091753
C00100,B,1,"compliance,ml,communication",0.3885437868138446
C00101,B,14,"python,leadership,compliance,underwriting,communication,excel",0.7386137520052594
C00102,A,2,"java,leadership,ml,compliance",0.50798983498309
C00103,B,0,"audit,excel",0.532462594415966
C00104,B,1,"java,audit,compliance,ml,python,communication",0.4157980047103924
C00105,B,6,"compliance,leadership,java,excel,ml",0.7425360424477576
C00106,A,1,"ml,aws",0.5717745243158345
C00107,A,12,"aws,leadership,underwriting,sql,compliance",0.7255634250254843
C00108,A,7,"python,aws,risk_modeling,java,sql",0.5986318229448027
C00109,B,4,"ml,sql,aws,java,python",0.6343862694499519
C00110,A,0,"sql,excel,communication,compliance,leadership,python",0.582542903872573
C00111,A,7,"excel,communication,underwriting,sql",0.40294656693555925
C00112,A,2,"risk_modeling,java,communication,sql",0.5871513571675231
C00113,B,14,"sql,underwriting,java,excel,compliance",0.7824714709503736
C00114,A,4,"python,java",0.7479254639150719
C00115,B,7,"aws,java",0.6448992866910683
C00116,B,0,"risk_modeling,leadership,compliance,audit,sql,underwriting",0.3262549066283235
C00117,B,1,"leadership,python,risk_modeling",0.3639628806766795
C00118,A,3,"leadership,compliance,audit,communication",0.45167334537447246
C00119,B,0,"sql,compliance,ml",0.5341035034645745
C00120,B,10,"python,leadership,compliance",0.5779975017646333
C00121,B,14,"sql,leadership,excel,audit",0.43772822818643553
C00122,A,14,"underwriting,aws,leadership,excel,audit,python",0.4366503938232908
C00123,A,3,"excel,java,communication,ml",0.152266080516797
C00124,A,11,"communication,excel",0.04849451370375814
C00125,A,7,"ml,excel,sql",0.5462792718681135
C00126,A,0,"ml,risk_modeling",0.917641467525714
C00127,A,1,"java,aws,audit,compliance,leadership,sql",0.8334203142824568
C00128,A,8,"excel,audit,risk_modeling",0.4039183458178652
C00129,B,6,"communication,python,risk_modeling",0.5869825935303099
C00130,A,0,"sql,ml",0.23637568819097016
C00131,B,13,"ml,compliance,sql,communication",0.39382028444553824
C00132,B,10,"python,aws,communication,excel,compliance,risk_modeling",0.3844549324265316
C00133,A,7,"compliance,risk_modeling,communication,aws",0.5294102368004701
C00134,B,14,"risk_modeling,sql,ml,leadership,communication",0.6071572701618443
C00135,A,14,"aws,java",0.6854863547452346
C00136,B,14,"audit,risk_modeling",0.7593789501467709
C00137,A,3,"underwriting,audit,communication,aws,sql",0.4693614337888715
C00138,B,13,"ml,audit",0.636516354719273
C00139,A,7,"underwriting,audit,excel,python",0.37311374879576237
C00140,A,10,"audit,python,ml",0.3579905356337074
C00141,A,12,"aws,java",0.35018497771130425
C00142,B,2,"underwriting,compliance,aws,excel",0.636864604203081
C00143,B,6,"communication,risk_modeling,ml,compliance,audit,aws",0.4991765873441162
C00144,A,1,"underwriting,risk_modeling",0.1731983526916075
C00145,A,4,"excel,leadership,python,audit,communication,aws",0.5286439885169503
C00146,A,6,"risk_modeling,python,sql,leadership",0.335212160278505
C00147,A,12,"java,ml,python,excel,risk_modeling",0.9188681874151349
C00148,A,12,"aws,communication",0.5158120901143712
C00149,A,5,"sql,java,communication,leadership,python,compliance",0.6726710774474418
C00150,B,4,"underwriting,java",0.7360133449292977
C00151,B,7,"communication,aws,leadership,excel,ml,audit",0.3981128785397326
C00152,A,13,"sql,ml,java,leadership,excel",0.6436884811598474
C00153,B,14,"sql,excel,compliance",0.7396242222498663
C00154,A,3,"ml,underwriting",0.5507983110338193
C00155,B,2,"audit,risk_modeling,python,aws,leadership",0.5849981366757673
C00156,A,10,"underwriting,excel",0.3606667091593524
C00157,B,4,"leadership,java,risk_modeling,aws,ml",0.6397265195486144
C00158,B,2,"java,audit,sql,compliance,python",0.4324904450489124
C00159,B,0,"ml,sql,java",0.5629012201911453
C00160,A,6,"sql,python,java",0.7255979921992637
C00161,B,5,"audit,java,sql",0.6703855313532893
C00162,A,8,"ml,excel,aws",0.6427695505881053
C00163,A,3,"communication,aws",0.6455830933132131
C00164,B,10,"python,excel,communication",0.7239139896999813
C00165,A,10,"audit,java,risk_modeling,leadership,python",0.8691902090491067
C00166,B,6,"aws,java,communication",0.5538708740967012
C00167,B,2,"excel,ml,underwriting,compliance,communication",0.54951225881963
C00168,A,7,"ml,leadership,underwriting,communication,python,sql",0.7377720256157001
C00169,B,10,"compliance,python,risk_modeling,java,ml",0.5117302302425677
C00170,A,5,"risk_modeling,excel,underwriting,compliance",0.3096518549179626
C00171,A,3,"communication,python,underwriting",0.6187814314248987
C00172,A,7,"java,communication,aws,compliance,audit,ml",0.53291573676913
C00173,B,5,"aws,leadership,python",0.3326450658878138
C00174,A,6,"excel,leadership,python,ml",0.6500975472883708
C00175,A,5,"compliance,python,underwriting,java",0.8076039427052647
C00176,A,4,"compliance,underwriting,excel,java,sql",0.24664634166796454
C00177,B,10,"risk_modeling,leadership,java,audit",0.7840184991389666
C00178,B,6,"excel,compliance,risk_modeling,aws,communication",0.10332784716577731
C00179,B,6,"ml,underwriting,sql,communication,python,audit",0.4879484065673275
C00180,B,9,"underwriting,communication,aws",0.9212928642036643
C00181,B,5,"java,leadership,excel,audit,underwriting,sql",0.49090167126768397
C00182,A,1,"aws,audit",0.5261889112477786
C00183,A,12,"sql,java,compliance,audit,aws,communication",0.7573159161392399
C00184,B,0,"excel,communication",0.1910347674690826
C00185,B,8,"sql,underwriting,java,aws,compliance,excel",0.5929770641511559
C00186,A,3,"ml,underwriting,python",0.5415583529530356
C00187,A,3,"leadership,compliance,underwriting,excel,java,sql",0.8652177751847732
C00188,B,0,"python,java",0.27756665042039186
C00189,A,13,"communication,ml,excel,compliance",0.5613229230389781
C00190,B,6,"aws,audit,communication,excel,ml,java",0.3928959576517492
C00191,A,5,"aws,sql",0.3638058753355517
C00192,A,11,"underwriting,aws,java",0.8129324908716241
C00193,B,0,"sql,audit",0.5047972703601472
C00194,A,8,"java,sql,risk_modeling",0.4799979046432263
C00195,A,7,"java,communication,underwriting",0.47678773779434364
C00196,B,8,"sql,risk_modeling,communication,java,aws",0.47861912614982877
C00197,B,1,"aws,compliance,risk_modeling",0.4247154280666151
C00198,A,14,"java,risk_modeling",0.41239983802793245
C00199,A,3,"ml,python",0.48342868233826397
C00200,B,10,"sql,communication,ml,audit,python,leadership",0.535342795502614
C00201,B,11,"leadership,java,underwriting,compliance,communication,python",0.4735965928473983
C00202,A,5,"ml,python,risk_modeling",0.5779083261348955
C00203,A,1,"java,communication",0.5531801064212685
C00204,A,4,"audit,compliance",0.43980350142749264
C00205,A,12,"risk_modeling,aws,java,communication,excel,underwriting",0.5940558528620741
C00206,A,13,"compliance,risk_modeling,excel,communication,sql",1.0
C00207,B,14,"ml,java,aws,compliance,audit",1.0
C00208,A,3,"underwriting,risk_modeling,compliance",0.34026376577664763
C00209,A,9,"java,risk_modeling,compliance,python,sql",0.42539943801405944
C00210,B,2,"aws,excel",0.32930741014144066
C00211,B,10,"aws,communication,python,risk_modeling,excel",0.7902697091950031
C00212,A,6,"risk_modeling,python,sql,communication",0.48826472607637506
C00213,B,10,"communication,compliance,risk_modeling",0.6431413638473339
C00214,B,10,"risk_modeling,aws,leadership,python,compliance",0.959454119990559
C00215,B,14,"leadership,risk_modeling,java,sql,underwriting",0.6381163370241167
C00216,A,7,"communication,ml,underwriting,excel",0.6971247699163177
C00217,A,5,"excel,aws",0.6436757348740708
C00218,B,7,"sql,risk_modeling",0.4641208766947291
C00219,A,2,"sql,java,python,communication,aws,excel",0.7106491117135346
C00220,A,1,"excel,leadership,python",0.35705385436196657
C00221,A,7,"java,leadership,ml",0.8111783615599517
C00222,B,12,"communication,excel,python,aws,sql",0.5142588262623584
C00223,B,7,"leadership,underwriting,excel",0.483965810303503
C00224,A,11,"java,ml,leadership",0.41407219174717746
C00225,B,2,"aws,excel,leadership,underwriting,communication",0.3536333060530036
C00226,A,6,"risk_modeling,sql,java,aws",0.48318242198086364
C00227,B,9,"leadership,ml,compliance,excel,java",0.1523572595760899
C00228,B,5,"python,aws",0.5080001785883926
C00229,A,0,"python,audit,underwriting,java",0.408564637296527
C00230,A,1,"java,compliance,python,risk_modeling",0.6522019977501298
C00231,A,13,"excel,ml,audit,underwriting,communication",0.7061365329042286
C00232,B,9,"audit,ml",0.46262526240212654
C00233,B,3,"risk_modeling,compliance",0.4474608633033368
C00234,B,3,"communication,sql,excel,aws,underwriting",0.48776875306623846
C00235,B,0,"risk_modeling,communication,underwriting,excel,compliance",0.7674721798056527
C00236,A,14,"aws,ml,underwriting,risk_modeling,leadership,compliance",0.49198515751784044
C00237,B,1,"python,communication,risk_modeling",0.3804430803088823
C00238,A,11,"compliance,leadership,java,communication,aws,python",0.40685485270891286
C00239,A,3,"communication,excel,compliance",0.2632328937014867
C00240,B,5,"leadership,compliance,java,python,risk_modeling",0.6052606522525891
C00241,B,4,"communication,audit",0.5765225995931779
C00242,A,12,"leadership,ml,audit,java,aws,risk_modeling",0.8508971335103633
C00243,A,0,"risk_modeling,java,audit",0.6874536213908473
C00244,B,5,"ml,compliance,underwriting,leadership,aws,risk_modeling",0.9814810086157255
C00245,B,4,"ml,compliance,leadership",0.5267029018426027
C00246,B,4,"compliance,aws,java,python,communication",0.4931046785166827
C00247,A,2,"underwriting,sql,communication,python",0.28595925787599535
C00248,A,13,"communication,aws",0.7553840701457386
C00249,A,5,"python,java",0.571336163460341
C00250,B,6,"sql,communication,aws,underwriting,java",0.677227934901923
C00251,B,5,"excel,java",0.34495764053708805
C00252,A,14,"risk_modeling,compliance,python",0.703288754024806
C00253,A,5,"python,leadership,ml,sql",0.5869359312317095
C00254,A,5,"audit,python,leadership",0.5750263071808637
C00255,B,4,"communication,sql",0.4170121365257057
C00256,B,4,"underwriting,compliance,excel,audit,ml",0.7540784367396117
C00257,A,1,"ml,excel,risk_modeling,underwriting,communication",0.879055364216042
C00258,A,9,"aws,java,excel,audit,communication",0.3901380752664292
C00259,B,0,"audit,risk_modeling,communication,leadership,aws,sql",0.6296799163267325
C00260,A,3,"ml,aws",0.011986972758729925
C00261,B,3,"ml,risk_modeling,communication,compliance",0.6503497909068425
C00262,A,4,"compliance,sql,audit",0.20337216902248414
C00263,A,11,"ml,excel,risk_modeling,audit,compliance,communication",0.5155058773781336
C00264,B,8,"excel,underwriting,communication,leadership",0.34365556088423493
C00265,A,14,"communication,aws",0.6011899309091087
C00266,A,5,"underwriting,audit,communication,ml,aws",0.7009828657062092
C00267,A,13,"underwriting,sql",0.2956836125291359
C00268,A,0,"underwriting,leadership,java",0.435293655887185
C00269,A,7,"excel,leadership,audit,python,communication",0.4775936216131098
C00270,A,11,"risk_modeling,ml,python,audit",0.8945887630969374
C00271,A,7,"risk_modeling,compliance,leadership,sql,aws",0.6477169814130512
C00272,A,13,"sql,risk_modeling,compliance,aws",0.41810091961078394
C00273,B,4,"java,risk_modeling,leadership,ml,sql,communication",0.45516701177452806
C00274,B,0,"risk_modeling,communication,excel,underwriting",0.7800987629093956
C00275,A,11,"risk_modeling,compliance",0.7385857570193244
C00276,A,1,"communication,aws",0.3447179767670241
C00277,A,11,"underwriting,sql,aws,risk_modeling,compliance",0.561927303091044
C00278,B,11,"ml,java",0.5676803532865334
C00279,B,12,"python,aws,excel",0.523163253111955
C00280,A,7,"ml,leadership",0.26216181186209586
C00281,A,13,"compliance,aws,python",0.5080280912298056
C00282,A,2,"leadership,compliance,aws,ml",0.7700558750557673
C00283,A,6,"aws,compliance",0.49139399232898845
C00284,B,1,"underwriting,leadership,aws,excel",0.4914143465170346
C00285,A,11,"compliance,python,excel,leadership,java,risk_modeling",0.6352946164336433
C00286,A,10,"python,communication",0.9992654510481825
C00287,A,12,"audit,excel",0.621597458855053
C00288,A,11,"audit,risk_modeling,python",0.806910163645032
C00289,A,4,"java,python,audit,excel,ml,leadership",0.4323275690307846
C00290,B,1,"ml,leadership,audit,compliance",0.46330813310955155
C00291,A,13,"excel,underwriting,risk_modeling,compliance,java",0.6322594901598513
C00292,B,7,"compliance,excel",0.4306560704671108
C00293,A,1,"risk_modeling,sql,ml,aws,excel",0.4733307994914676
C00294,B,13,"excel,leadership",0.7898491684463885
C00295,B,14,"sql,python,aws,java,excel",0.49593437900346105
C00296,B,6,"communication,java",0.560016025573455
C00297,B,11,"java,audit,underwriting,excel,sql,compliance",0.7375720392980678
C00298,B,0,"leadership,risk_modeling,excel",0.35159611121370604
C00299,B,1,"aws,compliance",0.707174482670692
C00300,B,4,"underwriting,aws,python",0.5531190263480381
C00301,A,9,"compliance,audit",0.5602779385989278
C00302,A,2,"underwriting,compliance",0.1585333949559614
C00303,A,0,"excel,aws,risk_modeling,ml",0.43274976043757474
C00304,B,10,"aws,audit,underwriting",0.6668866349061545
C00305,A,11,"underwriting,excel,leadership",0.9241621033844442
C00306,A,11,"java,risk_modeling,underwriting,audit,leadership,compliance",0.7122200477400903
C00307,B,11,"leadership,risk_modeling",0.8127189217201027
C00308,A,12,"underwriting,risk_modeling,leadership",0.40236117674805105
C00309,A,9,"risk_modeling,compliance",0.5671719507824682
C00310,A,7,"python,java,sql,audit",0.7897343596191955
C00311,A,12,"leadership,compliance,python",0.46020796092801386
C00312,A,5,"audit,excel",0.7237400732151585
C00313,A,1,"audit,underwriting",0.64199721562806
C00314,A,11,"compliance,excel,underwriting,sql,risk_modeling,aws",0.6594502567209676
C00315,A,4,"communication,java",0.4808335274755245
C00316,A,14,"communication,compliance,sql,excel,underwriting",0.4624668721769617
C00317,B,6,"java,excel,aws,leadership,communication,compliance",0.8795682729385965
C00318,A,12,"java,leadership,excel,python",0.7337352531903255
C00319,B,0,"python,leadership,communication",0.5613109024415808
C00320,B,9,"sql,risk_modeling,underwriting,audit,communication",0.5156870453235948
C00321,A,6,"python,risk_modeling,ml,communication,java,aws",0.5668168933261959
C00322,A,6,"audit,java",0.5896491085946058
C00323,A,3,"java,risk_modeling,communication,ml,audit,aws",0.6019776232520431
C00324,B,14,"underwriting,python,aws,excel,audit,compliance",0.7721812519249481
C00325,B,5,"python,ml",0.4091551253460835
C00326,B,12,"python,java",0.35601254621233924
C00327,A,6,"ml,leadership,java,compliance,audit",0.5751705532292295
C00328,B,0,"python,underwriting",0.1855008792815429
C00329,A,13,"sql,java,audit,risk_modeling,excel",0.5717410209011452
C00330,B,2,"underwriting,aws",0.42834583057988274
C00331,A,4,"excel,leadership,underwriting,compliance,audit",0.6285146745963005
C00332,B,12,"leadership,compliance,audit",0.9768674663875355
C00333,B,13,"ml,java",0.27997368769735903
C00334,A,13,"underwriting,risk_modeling",1.0
C00335,B,6,"communication,compliance",0.5180464713585753
C00336,A,11,"sql,risk_modeling,java,aws",0.6726055627910644
C00337,B,4,"python,ml",0.285330211627731
C00338,A,11,"compliance,sql,leadership,aws,python,underwriting",0.7894368826407377
C00339,B,7,"java,audit,sql,risk_modeling,communication",0.5774650565433104
C00340,A,0,"aws,communication,python",0.48893586598610833
C00341,B,6,"compliance,communication,excel,sql,ml,leadership",0.21127067931746835
C00342,B,7,"java,underwriting,excel,audit,risk_modeling",0.5832834264925368
C00343,B,3,"ml,aws,python,excel,risk_modeling",0.6822490982869833
C00344,B,5,"leadership,risk_modeling",0.5074698456130261
C00345,B,7,"excel,audit,risk_modeling,ml,aws",0.7813558822159472
C00346,B,0,"ml,risk_modeling,compliance,communication",0.7039211309404452
C00347,A,2,"java,leadership,excel,sql,aws,python",0.4046028311066474
C00348,B,11,"risk_modeling,communication,audit,java",0.8971204945835306
C00349,A,5,"aws,underwriting,communication,java,sql",0.5581530935785148
C00350,B,9,"leadership,risk_modeling,compliance",0.5989541451418094
C00351,A,8,"excel,compliance",0.5978166200684916
C00352,B,8,"underwriting,risk_modeling",0.5924768351694026
C00353,B,6,"leadership,underwriting,compliance,audit,aws,communication",0.08657599580146852
C00354,A,7,"audit,sql,compliance,python,leadership",0.5366088483258502
C00355,A,12,"java,leadership,ml",0.3744896351007582
C00356,B,14,"risk_modeling,python,sql,leadership,audit",0.9327404263988218
C00357,B,3,"communication,audit",0.815494938509816
C00358,A,10,"risk_modeling,leadership",0.7533488998420058
C00359,B,14,"aws,excel,compliance,communication",0.5970758612790001
C00360,B,0,"python,compliance,ml,aws,sql",0.31855731141133425
C00361,A,11,"compliance,java,underwriting,communication,excel,sql",0.49163541977039116
C00362,A,7,"python,audit,leadership,sql,excel",0.9196755431566859
C00363,A,14,"compliance,python,audit",0.5154044704264071
C00364,B,8,"underwriting,leadership,audit,ml,compliance,sql",0.15599283621050858
C00365,A,12,"java,python,risk_modeling,leadership",0.8054297915273708
C00366,B,2,"underwriting,sql,communication,python,risk_modeling,compliance",0.7900905604512208
C00367,B,2,"audit,java",0.818658823689974
C00368,A,13,"audit,python",0.8169026407648791
C00369,B,7,"sql,excel",0.7862735419022606
C00370,B,8,"leadership,java,excel,underwriting,python,aws",0.5895281333296375
C00371,A,2,"compliance,leadership",0.14626678777150062
C00372,A,3,"audit,leadership,aws,java,excel,python",0.5350185874700025
C00373,A,12,"ml,compliance,excel,underwriting,communication",0.7318830990354951
C00374,A,4,"java,excel",0.5156513898180749
C00375,A,8,"aws,underwriting,audit,ml,communication,python",0.5474494986268693
C00376,B,4,"java,underwriting",0.366458752976702
C00377,A,3,"underwriting,audit",0.3496870262110353
C00378,A,2,"communication,java,risk_modeling,underwriting",0.8508667326578926
C00379,B,13,"aws,leadership,risk_modeling",0.9673823465784256
C00380,B,14,"ml,compliance,underwriting",0.6395235163757014
C00381,B,1,"compliance,python",0.5606742489167269
C00382,B,5,"aws,ml,audit,compliance,sql",0.3734455497333366
C00383,A,8,"underwriting,aws",0.6956634729891017
C00384,A,5,"compliance,java,underwriting",0.866736850890556
C00385,B,10,"underwriting,leadership,audit,ml",0.3247384596099552
C00386,B,3,"compliance,audit,communication,aws",0.6134989939464309
C00387,B,0,"risk_modeling,sql,excel,aws,ml",0.5970240036761072
C00388,A,5,"audit,ml,leadership",0.6449691726800664
C00389,B,8,"java,communication,leadership,ml,risk_modeling",0.8757071802127244
C00390,B,2,"leadership,ml,aws,underwriting,risk_modeling",0.8864832781908074
C00391,A,12,"excel,underwriting,sql",0.5779729379829208
C00392,B,0,"python,leadership,underwriting",0.6211712609881443
C00393,B,1,"java,sql,risk_modeling,python",0.5251620670306907
C00394,A,7,"excel,ml,communication,audit",0.4562192472708548
C00395,A,7,"audit,java",0.6187465482385825
C00396,B,4,"aws,compliance,risk_modeling,ml",0.6608699151300447
C00397,A,3,"leadership,java",0.5690471633750575
C00398,A,1,"underwriting,ml,python,java",0.3513873822924989
C00399,A,9,"communication,compliance,underwriting,java,leadership,python",0.506559084825978
C00400,A,5,"excel,compliance,leadership,audit",0.4679366643685617
C00401,B,1,"aws,ml,compliance,excel,communication",0.3583600881124732
C00402,B,5,"risk_modeling,java,audit",0.6064371246890204
C00403,A,14,"excel,java,compliance,audit,underwriting,communication",0.7152601773327539
C00404,B,3,"underwriting,leadership,communication,risk_modeling,java,compliance",0.7063131681596954
C00405,B,13,"communication,excel,sql,aws,compliance,audit",0.4756279773310864
C00406,A,3,"underwriting,communication,compliance,aws,risk_modeling",0.4260538364788172
C00407,B,2,"communication,ml,risk_modeling,audit,underwriting",0.7998225013476228
C00408,A,3,"ml,aws,compliance,sql",0.5003907444668744
C00409,B,4,"risk_modeling,python,underwriting,sql,leadership,compliance",0.5454235852652941
C00410,B,1,"aws,audit,leadership,compliance,python,risk_modeling",0.47848133014878313
C00411,B,8,"sql,ml,aws,excel",0.7839455473698959
C00412,A,5,"excel,audit",0.7609255625287052
C00413,B,10,"aws,ml",0.8003774581059926
C00414,A,7,"excel,risk_modeling,underwriting",0.5747821700443587
C00415,A,6,"aws,compliance",0.40296152405197966
C00416,A,7,"java,sql,excel",0.9165383539966658
C00417,B,2,"ml,excel",0.6741356158519931
C00418,A,10,"underwriting,communication,aws,python,compliance,risk_modeling",0.5178013833493699
C00419,B,1,"audit,risk_modeling",0.766287392449994
C00420,B,10,"python,audit,excel,leadership,ml",0.5035903952533629
C00421,A,14,"sql,compliance,risk_modeling",0.8939266125739581
C00422,A,11,"java,compliance",0.8760912260892084
C00423,A,6,"sql,excel,audit,compliance,underwriting",0.39413310109740995
C00424,B,4,"compliance,python,excel,leadership,risk_modeling,ml",0.644716494543773
C00425,B,13,"communication,audit,underwriting,sql,python",0.7707943267130392
C00426,A,3,"aws,compliance,risk_modeling,leadership,python,audit",1.0
C00427,B,7,"ml,excel,compliance,aws",0.4363857988259057
C00428,A,11,"underwriting,python,audit,risk_modeling,java",0.8678577898588892
C00429,B,13,"risk_modeling,compliance",0.6331222832460398
C00430,B,13,"leadership,java,excel,audit,risk_modeling,python",0.40655444695549753
C00431,B,1,"compliance,leadership,audit,python,sql",0.4884023094298283
C00432,B,13,"excel,java,underwriting",0.6304436569979472
C00433,B,1,"aws,audit,communication",0.319399765239248
C00434,A,8,"ml,communication,underwriting,compliance,python",0.6361912513932753
C00435,A,13,"excel,communication",0.8024056659897447
C00436,A,9,"communication,ml,python,risk_modeling,audit,sql",0.6328761177311623
C00437,A,14,"compliance,audit,sql",0.5424680639116222
C00438,B,5,"underwriting,risk_modeling",0.5232750276867462
C00439,B,4,"aws,communication,sql",0.5391821957771789
C00440,B,4,"risk_modeling,python,java,audit,aws,leadership",0.5791178929465888
C00441,A,5,"python,leadership,sql",0.7497695372032056
C00442,B,10,"python,java,leadership,communication",0.6489491556094961
C00443,A,6,"audit,aws,ml,risk_modeling,python,compliance",0.3075146068466521
C00444,A,11,"compliance,ml",0.5087822070420356
C00445,B,6,"sql,leadership,compliance,communication,java",0.5898837891613946
C00446,B,4,"excel,ml,compliance",0.7423424072917405
C00447,B,2,"ml,excel,leadership,audit,risk_modeling",0.7536123594765793
C00448,A,8,"leadership,risk_modeling",0.8994433614857419
C00449,B,13,"sql,aws",0.6535105915642748
C00450,A,12,"leadership,java,sql,underwriting,audit",0.7573956515904489
C00451,B,3,"audit,ml,risk_modeling,sql,compliance,underwriting",0.2681969238074655
C00452,B,7,"sql,underwriting,python,leadership,ml,risk_modeling",0.6473786831690669
C00453,A,10,"audit,underwriting,sql,risk_modeling,leadership",0.40645246173704486
C00454,A,9,"ml,java,compliance,sql",0.578742944764145
C00455,A,1,"audit,ml",1.0
C00456,B,8,"sql,excel,audit",0.6346397625142773
C00457,A,0,"compliance,leadership,communication,risk_modeling,ml",0.3445136205475408
C00458,B,1,"underwriting,java,audit",0.583402021072423
C00459,B,9,"communication,excel,leadership,underwriting",0.49692646641391613
C00460,B,1,"sql,audit",0.3370660596316408
C00461,A,5,"communication,python,java,leadership",0.9285651160102901
C00462,B,8,"communication,risk_modeling,python",0.7720261647280154
C00463,A,9,"leadership,underwriting",0.652196592499234
C00464,B,6,"sql,communication",0.4894718077554426
C00465,B,1,"python,excel,risk_modeling,underwriting",0.45405789306500416
C00466,B,11,"excel,aws,risk_modeling",0.887646736031947
C00467,B,14,"leadership,risk_modeling",0.6951839567796222
C00468,A,13,"sql,risk_modeling,ml,leadership",0.07509507426921369
C00469,A,11,"aws,java",1.0
C00470,A,6,"excel,audit",0.5929512242550112
C00471,A,13,"underwriting,ml",0.6918064210322671
C00472,A,7,"sql,leadership,communication,underwriting",0.7656050664182634
C00473,A,2,"ml,leadership,sql,audit,python,compliance",0.6037725089160857
C00474,A,12,"python,sql,audit",0.7544435511890257
C00475,A,4,"leadership,excel,ml",0.4637297758743135
C00476,A,14,"java,leadership,aws",0.4186368416860504
C00477,B,5,"risk_modeling,ml,compliance",0.6004419006651754
C00478,B,13,"risk_modeling,leadership,python,excel,compliance",0.8876906374094262
C00479,A,8,"leadership,communication,java",0.46339553949103884
C00480,A,7,"python,ml,communication,excel,underwriting",0.43895568093244025
C00481,A,4,"sql,leadership,python,audit,ml,risk_modeling",0.7597834668683887
C00482,B,12,"aws,communication,underwriting,excel,leadership,java",0.5376958630746036
C00483,A,0,"risk_modeling,communication,underwriting,java",0.42609921550980767
C00484,A,7,"risk_modeling,aws,audit,leadership,ml",0.5028340308696764
C00485,A,5,"risk_modeling,audit,aws,sql,underwriting,python",0.5383034234217138
C00486,A,8,"communication,compliance,excel,sql,aws",0.296745142737633
C00487,A,3,"leadership,compliance,risk_modeling",0.43291877974250725
C00488,B,9,"python,audit",0.6314662434451499
C00489,B,5,"excel,risk_modeling",0.5901828285114693
C00490,B,2,"ml,java,compliance,sql,communication,python",0.7284387494643257
C00491,B,2,"aws,sql,communication,excel",0.8510905999950649
C00492,B,10,"sql,java,audit",0.8722470203995926
C00493,A,3,"java,python,aws",0.6946374291333082
C00494,B,4,"compliance,underwriting,excel",0.5132277736619026
C00495,A,9,"ml,excel,risk_modeling,aws,python,audit",0.4778475674077616
C00496,A,4,"sql,audit,ml,underwriting,risk_modeling",0.5432181178515124
C00497,B,5,"ml,sql,aws,communication,audit,compliance",0.6554041785591217
C00498,A,3,"python,ml,sql",0.6779488036842202
C00499,A,5,"leadership,excel,underwriting,aws",0.6621554320328531
C00500,B,10,"aws,underwriting",0.5781884151523106
C00501,B,8,"java,audit,risk_modeling,compliance,aws,leadership",0.721635203171607
C00502,B,14,"leadership,communication,ml,sql",0.8669570509150305
C00503,A,11,"leadership,risk_modeling,underwriting,compliance",0.7684288691321575
C00504,A,0,"underwriting,communication,leadership,audit",0.4942376500705882
C00505,B,5,"python,aws,excel",0.39990723534891875
C00506,A,4,"sql,python,communication,ml,excel,aws",0.3856378627101406
C00507,B,8,"excel,risk_modeling,python,leadership",0.4573808277534073
C00508,A,3,"underwriting,aws,python,communication,java",0.5762735357614874
C00509,A,14,"python,audit",0.733564675640014
C00510,A,4,"leadership,sql,communication",0.2853841827700746
C00511,B,7,"leadership,risk_modeling,python,audit,aws,underwriting",0.47928088049456086
C00512,A,1,"risk_modeling,audit",0.553791383754971
C00513,A,13,"audit,aws",0.4680576161824316
C00514,A,13,"java,sql,ml,compliance,audit,excel",0.7081027475507289
C00515,A,11,"risk_modeling,python,aws",0.5546629076350181
C00516,A,5,"leadership,underwriting,audit",0.41978435109953377
C00517,B,0,"aws,ml,audit,underwriting",0.5095769778408016
C00518,A,10,"audit,risk_modeling",0.6706104593242381
C00519,B,6,"risk_modeling,aws",0.407264795431413
C00520,B,14,"sql,compliance",0.5963297716334715
C00521,A,10,"audit,underwriting",0.6841821079152794
C00522,A,8,"communication,audit",0.44282376700298187
C00523,B,14,"leadership,python,ml,compliance,java",0.3416037687236977
C00524,A,12,"aws,python,ml",0.3434167077758442
C00525,A,6,"underwriting,java",0.4847508444697455
C00526,B,0,"python,communication",0.2626847102650751
C00527,B,1,"ml,underwriting,sql,java",0.44741005886827573
C00528,B,6,"underwriting,leadership,ml,sql,risk_modeling,python",0.8596897132110821
C00529,A,8,"excel,leadership,sql",0.33185229021603735
C00530,B,0,"excel,java",0.44913112673401384
C00531,B,1,"audit,aws,python",0.8938148197688491
C00532,A,10,"risk_modeling,ml,aws,audit",0.6734634149356278
C00533,B,11,"audit,java",0.5438098082543921
C00534,A,0,"risk_modeling,java,compliance,communication,audit,underwriting",0.4717611257865371
C00535,A,7,"risk_modeling,excel,communication,sql,compliance",0.6472852515107901
C00536,A,1,"leadership,ml,java",0.8152389475129392
C00537,A,10,"excel,ml,risk_modeling,underwriting,python,compliance",0.5044463506540964
C00538,A,12,"python,compliance,underwriting",0.48363014908010915
C00539,B,13,"compliance,underwriting",0.38181442809955907
C00540,B,8,"audit,risk_modeling,underwriting,sql,leadership,compliance",0.5985572858517647
C00541,B,9,"leadership,communication,python,ml,compliance,aws",0.3369762734327757
C00542,B,13,"compliance,underwriting,java",0.546519127532077
C00543,B,9,"leadership,audit,aws,ml",0.4264369806001366
C00544,A,6,"underwriting,compliance",0.753342231842139
C00545,A,11,"risk_modeling,leadership,ml,python,underwriting",0.518488650273975
C00546,A,8,"leadership,communication,aws,audit,underwriting",0.6514474590410109
C00547,A,12,"excel,underwriting,ml,java,risk_modeling",0.3312634396960587
C00548,B,7,"compliance,communication,audit,excel",0.5936712518015121
C00549,A,13,"compliance,sql,java,excel,communication",0.4134311449450653
C00550,A,0,"ml,aws,java,compliance",0.4233832700126253
C00551,A,0,"audit,aws,communication,leadership,ml,excel",0.8980164633661203
C00552,A,1,"communication,underwriting",0.677791387903359
C00553,B,8,"java,sql,audit,excel",0.5568857350903648
C00554,A,10,"audit,underwriting,sql,communication",1.0
C00555,A,3,"audit,underwriting,excel,compliance",0.3652685557328028
C00556,A,2,"aws,audit",0.729738948773565
C00557,A,12,"sql,compliance,python",0.3441185977675194
C00558,B,11,"excel,underwriting,leadership,python,communication,compliance",0.5660939036233694
C00559,A,9,"excel,communication",0.34739784496749915
C00560,A,7,"java,python,excel,compliance,aws",0.6163096647163575
C00561,A,6,"risk_modeling,compliance,communication,audit,excel",0.5700746456441763
C00562,B,0,"leadership,risk_modeling,communication,ml",0.4446203361469553
C00563,B,2,"python,sql",0.7165702645227352
C00564,B,13,"sql,communication",0.5279221848594977
C00565,B,5,"excel,java,leadership",0.6088333146053184
C00566,B,10,"risk_modeling,ml",0.7476998892488409
C00567,A,10,"excel,risk_modeling",0.333020182398687
C00568,A,4,"communication,underwriting",0.40528541849861094
C00569,A,3,"java,ml",0.5396949741168501
C00570,A,10,"python,risk_modeling,excel,underwriting,sql,communication",0.7134276154970973
C00571,B,1,"leadership,aws,compliance,risk_modeling,communication",0.765822797865876
C00572,A,7,"underwriting,aws",0.5311416362289743
C00573,B,13,"compliance,sql,java,python,leadership",0.5730352123230209
C00574,B,10,"communication,python",0.4429327145615405
C00575,A,11,"compliance,underwriting,sql,aws",0.669397136591866
C00576,B,1,"aws,leadership",0.4565188367343435
C00577,B,2,"audit,leadership",0.4706741926913707
C00578,B,4,"compliance,sql",0.5231000689400686
C00579,A,4,"leadership,compliance,communication,sql",0.6392930511762611
C00580,A,2,"communication,excel,aws,leadership",0.41852850042773304
C00581,A,14,"compliance,ml,aws",0.5010115439963971
C00582,A,2,"compliance,aws,java,sql,python",0.5977103535041386
C00583,A,10,"java,sql,compliance,underwriting,communication",0.055369517661134765
C00584,B,8,"underwriting,aws,sql,ml,python",0.47133792874089664
C00585,B,9,"python,audit,excel,ml",0.38276429010667445
C00586,A,3,"risk_modeling,communication,leadership,aws",0.746586480143022
C00587,A,4,"audit,ml,underwriting,leadership",0.46063210274227856
C00588,A,9,"python,communication,compliance",0.4890710992518984
C00589,A,4,"python,leadership,aws,communication",0.5312479526544107
C00590,B,10,"java,underwriting",0.4928329628763156
C00591,A,0,"risk_modeling,python,underwriting,leadership,java,compliance",0.42752333153236377
C00592,A,1,"ml,python,communication",0.5274798738761693
C00593,B,10,"ml,python,excel,aws,sql",0.5240327217888717
C00594,A,9,"audit,excel,underwriting,python,communication,leadership",0.5127408585910334
C00595,A,0,"audit,excel,java,aws",0.3181716187319644
C00596,B,13,"risk_modeling,sql,excel,aws,underwriting,ml",0.42231892670630444
C00597,B,0,"ml,python,sql,aws",0.5109146415662505
C00598,B,14,"excel,underwriting",0.695188091761448
C00599,B,10,"risk_modeling,aws",0.342931804118889
C00600,A,14,"aws,java",0.7767894547685525
C00601,B,14,"ml,audit,risk_modeling,python,communication,compliance",0.7775285751684545
C00602,B,4,"communication,leadership,underwriting,ml",0.7154440448901522
C00603,B,11,"risk_modeling,compliance,leadership",0.6639800352533075
C00604,B,3,"underwriting,python,compliance,risk_modeling",0.6446747780520192
C00605,B,7,"audit,sql,leadership",0.963304652024098
C00606,B,3,"java,risk_modeling,sql,python,leadership,aws",0.47572611184208724
C00607,A,7,"underwriting,aws,risk_modeling,compliance,audit,leadership",0.3817755298398798
C00608,B,13,"aws,python",0.3538692210201369
C00609,A,6,"sql,compliance,java,audit,communication",0.876021307441817
C00610,B,1,"compliance,underwriting,communication",0.8283817065657584
C00611,B,4,"underwriting,sql",0.37357204645183845
C00612,B,11,"leadership,aws,audit,python,ml,sql",0.4790822537178598
C00613,B,7,"python,java",0.5116816132443891
C00614,A,8,"risk_modeling,sql,excel",0.800366236986277
C00615,B,6,"ml,java",0.3282856042735442
C00616,B,4,"risk_modeling,underwriting,java,sql",0.18600848552000251
C00617,A,8,"underwriting,java,ml,risk_modeling",0.970152605781189
C00618,A,9,"underwriting,compliance,ml",0.6462271916456136
C00619,A,13,"underwriting,java",0.7117943950653409
C00620,B,9,"sql,leadership",0.5530809190640013
C00621,A,14,"risk_modeling,ml,java,audit,sql,aws",0.7238412862692443
C00622,B,12,"python,audit,ml,sql,risk_modeling,underwriting",0.34744294099862255
C00623,A,1,"underwriting,risk_modeling,compliance,communication,java,leadership",0.35863429796515867
C00624,B,5,"underwriting,risk_modeling,compliance,communication",0.568928419214069
C00625,A,5,"communication,sql,excel,java",0.14123963927795646
C00626,B,0,"excel,underwriting,python,risk_modeling,sql",0.44554682951343877
C00627,A,2,"compliance,risk_modeling,python,underwriting,communication",0.45445041333980674
C00628,B,11,"leadership,python,sql,ml",0.555515758248935
C00629,B,5,"underwriting,python,aws",0.45080527459222336
C00630,B,2,"java,excel,underwriting,python",0.34073945334259054
C00631,B,4,"audit,python",0.21203426695123442
C00632,A,4,"aws,python",0.5660544684901342
C00633,A,2,"audit,sql,aws,java,underwriting",0.46597768237667625
C00634,A,1,"communication,leadership,sql,risk_modeling,python,ml",0.262449321617638
C00635,A,11,"compliance,underwriting",0.6212560143100787
C00636,B,12,"audit,underwriting",0.5669089648869129
C00637,B,7,"python,ml",0.4870156887008193
C00638,B,9,"leadership,aws,risk_modeling,underwriting,python",0.20175892037465895
C00639,B,13,"audit,excel,ml",0.7528981522154208
C00640,B,12,"python,communication,compliance",0.3980508127803566
C00641,B,0,"sql,leadership",0.5113886458714235
C00642,A,14,"communication,excel,python,java,underwriting,risk_modeling",0.49451168018211533
C00643,A,1,"excel,leadership,risk_modeling,python",0.4400292268413627
C00644,B,0,"python,aws,sql,audit,java",0.707412648514984
C00645,B,6,"underwriting,excel,risk_modeling,communication,audit",0.6556912761446072
C00646,A,11,"aws,excel",0.8134071903321046
C00647,A,1,"excel,java,aws,underwriting,leadership,sql",0.5694693890318832
C00648,B,4,"excel,audit,aws,leadership",0.6113058451813406
C00649,A,3,"underwriting,leadership,excel,audit,compliance",0.209394979959288
C00650,A,5,"audit,risk_modeling,sql",0.49284550110402026
C00651,B,14,"python,java,communication,leadership,sql,excel",0.5995163922672505
C00652,B,4,"sql,underwriting,ml,java,python,communication",0.7602596676633556
C00653,A,3,"compliance,communication,ml,leadership",0.43887872097675296
C00654,B,1,"python,compliance",0.5576747116301021
C00655,A,2,"underwriting,java,leadership,risk_modeling,communication,compliance",0.5606363217552555
C00656,B,1,"ml,communication,underwriting,risk_modeling,compliance,java",0.7183815288505309
C00657,A,8,"risk_modeling,java,aws,compliance",0.555926065184896
C00658,B,6,"ml,aws,compliance,python",0.7090016507647663
C00659,A,7,"aws,compliance,leadership",0.2631242758552456
C00660,A,12,"excel,sql",0.3294765020700905
C00661,B,8,"python,sql,java,aws,audit,compliance",0.16899801796758523
C00662,A,2,"ml,audit,java,compliance",0.661477295524
C00663,A,5,"leadership,java,risk_modeling",0.6712600488019725
C00664,A,4,"compliance,java,aws,excel,sql",0.7014289633018709
C00665,B,12,"python,sql",0.49807486957288527
C00666,B,4,"python,communication",0.43856142164376005
C00667,B,2,"aws,java,risk_modeling",0.4982114243207841
C00668,A,11,"sql,compliance,excel,risk_modeling",0.8698658745305781
C00669,A,6,"excel,leadership,java",0.8648890629719692
C00670,A,1,"java,communication",0.6528855281714453
C00671,B,10,"risk_modeling,leadership,excel",0.6595835504646301
C00672,B,3,"aws,ml,communication",0.7703688855860227
C00673,B,13,"risk_modeling,java,excel,sql",0.5839483577130795
C00674,B,12,"java,underwriting,ml,communication",0.549630524513187
C00675,A,5,"python,risk_modeling,sql,aws,ml,compliance",0.526776018289514
C00676,B,8,"java,leadership,excel,python,risk_modeling,compliance",0.403831413504476
C00677,A,8,"audit,communication,sql",0.5484983144131097
C00678,A,9,"audit,risk_modeling,leadership,java,excel,aws",0.38886655211889076
C00679,A,1,"risk_modeling,ml,underwriting,audit",0.6945014074019241
C00680,A,4,"ml,aws",0.6378637303859432
C00681,A,2,"ml,sql,communication",0.7773212315586085
C00682,A,10,"audit,sql,java,aws,python",0.3067290954754459
C00683,A,1,"excel,audit,sql,risk_modeling,aws,python",0.8523054504459731
C00684,B,7,"python,communication,compliance",0.28695442551718076
C00685,A,10,"underwriting,leadership",0.384304546485023
C00686,A,14,"audit,python",0.5282521215646439
C00687,B,4,"audit,aws",0.7753897245545757
C00688,B,0,"audit,ml,sql,compliance,communication",0.5406032295011433
C00689,A,10,"communication,aws,java,excel",0.5561107349061171
C00690,A,0,"communication,leadership,compliance,sql",0.3573270617638711
C00691,B,0,"excel,risk_modeling,compliance,communication,audit",0.25233167288107405
C00692,A,14,"leadership,communication,underwriting,sql,ml,aws",0.8438729182647419
C00693,A,12,"excel,compliance,underwriting,risk_modeling,audit",0.7637550669887552
C00694,B,10,"sql,leadership",0.843441067876623
C00695,A,12,"leadership,audit,compliance,python",0.6914272628566024
C00696,B,1,"aws,sql,compliance,python,underwriting,excel",0.03442155746000374
C00697,B,1,"audit,python,compliance,leadership,sql",0.28597507211733864
C00698,B,4,"compliance,aws,communication",0.6236768350524076
C00699,A,0,"excel,ml,java",0.4334509354575164
C00700,A,13,"underwriting,sql,python,communication,java,excel",0.5294084459529371
C00701,A,0,"python,java",0.30141918231988485
C00702,A,8,"python,java,audit,underwriting",0.7505661221346173
C00703,B,12,"communication,ml",0.7021146747345753
C00704,A,11,"ml,risk_modeling,java,audit,leadership,excel",0.700214420123462
C00705,B,3,"underwriting,audit",0.41595159521868974
C00706,B,7,"ml,sql",0.6017317966019657
C00707,B,8,"java,ml,risk_modeling",0.3392023132846334
C00708,A,11,"underwriting,ml,communication",0.5866309634476852
C00709,A,6,"java,ml,aws,audit",0.10497267585324044
C00710,B,4,"sql,java,compliance",0.25773909495578007
C00711,B,11,"communication,excel,underwriting",0.551983868034638
C00712,B,13,"risk_modeling,sql,underwriting,leadership",1.0
C00713,B,7,"audit,risk_modeling,sql,aws",0.24586624678352442
C00714,B,0,"compliance,leadership,risk_modeling,ml,communication,aws",0.2761554933428247
C00715,A,7,"underwriting,java,risk_modeling,leadership",0.6090194634047059
C00716,B,13,"aws,risk_modeling,excel,underwriting",0.9484961230826285
C00717,A,14,"excel,compliance,ml,leadership,risk_modeling",0.6763910494578532
C00718,B,6,"ml,sql",0.6863855334147482
C00719,B,2,"aws,excel,risk_modeling,leadership,communication",0.4592313248782341
C00720,A,8,"java,underwriting,aws,excel,sql,compliance",0.48808811399091223
C00721,A,12,"risk_modeling,sql,excel",0.6347931833721961
C00722,A,14,"underwriting,python",0.5215079096873012
C00723,B,0,"sql,communication,aws",0.6303684809691941
C00724,A,4,"compliance,ml,communication",0.2508710581897949
C00725,A,7,"underwriting,audit,sql,python",0.7301976658620302
C00726,A,1,"communication,excel,sql,python,underwriting,compliance",0.5170763422144954
C00727,A,13,"python,compliance,leadership,risk_modeling",0.5913502436518445
C00728,A,1,"communication,leadership",0.2142627791664441
C00729,A,9,"ml,communication,sql",0.41363803904038343
C00730,A,13,"python,ml,sql,leadership,aws",0.8457572651639721
C00731,A,10,"java,underwriting,leadership",0.5624521803539942
C00732,A,11,"risk_modeling,sql,python,compliance",0.6601117238571078
C00733,A,3,"ml,java,risk_modeling,compliance,sql",0.37168423760323765
C00734,A,12,"communication,leadership,ml",0.6147701654794189
C00735,B,6,"communication,sql,risk_modeling,underwriting,audit",0.3130126313384037
C00736,A,0,"aws,communication,compliance",0.5179788057718197
C00737,A,5,"underwriting,audit",0.6167153615086369
C00738,A,5,"excel,python,compliance",0.6077106508933032
C00739,A,7,"leadership,python,communication,ml",0.4073547305117709
C00740,A,3,"risk_modeling,sql",0.46843082286190973
C00741,A,6,"aws,sql,underwriting,java,audit,risk_modeling",0.6566949462766936
C00742,B,6,"leadership,aws,compliance,python",0.5219412328499422
C00743,A,4,"excel,sql",0.4882850311787802
C00744,A,10,"audit,underwriting,excel,communication,python,leadership",0.9426241695526002
C00745,A,4,"underwriting,java,aws,audit,communication,compliance",0.36882195860409756
C00746,A,11,"aws,leadership",0.8044753242560169
C00747,A,3,"python,sql",0.32215748056911253
C00748,B,12,"risk_modeling,underwriting,compliance",0.7378605954388546
C00749,B,5,"java,risk_modeling,excel,compliance",0.6774674604623152
C00750,A,0,"aws,compliance,ml,underwriting,python",0.40813427208973174
C00751,A,2,"aws,python,communication,excel",0.3008541664848209
C00752,A,12,"compliance,aws,excel,leadership,risk_modeling",0.26532202331538485
C00753,A,13,"sql,underwriting",0.5192795683934396
C00754,B,3,"ml,excel,audit,communication,risk_modeling",0.6247193566314183
C00755,A,9,"python,excel,leadership,underwriting,ml,audit",0.3960269317220758
C00756,A,8,"compliance,python,underwriting,excel",0.597450744566271
C00757,B,2,"aws,python,compliance,communication",0.2542426363760479
C00758,A,6,"compliance,audit,excel",0.5179001254212865
C00759,A,10,"leadership,underwriting,risk_modeling,aws,audit,communication",0.39353209724422844
C00760,B,14,"communication,excel",0.6259635096590032
C00761,A,12,"underwriting,excel,python",0.5298056954706443
C00762,A,1,"audit,sql",0.29573409547723206
C00763,A,3,"audit,python,underwriting,communication,aws,excel",0.4114027739799907
C00764,B,6,"excel,python,aws,compliance",0.39185176479644124
C00765,A,2,"python,risk_modeling,sql,compliance,leadership,underwriting",0.2834935539572657
C00766,A,8,"excel,ml,sql,compliance,underwriting",0.7748942485520951
C00767,A,0,"audit,underwriting,aws,python",0.4351685243988335
C00768,A,1,"ml,risk_modeling,compliance,excel",0.11359941916674025
C00769,B,0,"ml,compliance,python",0.3878094546329566
C00770,A,4,"ml,risk_modeling,sql,java",0.7046481084872876
C00771,B,11,"sql,audit,aws,communication,excel",0.47295544601367223
C00772,B,2,"risk_modeling,compliance,aws,java,communication,ml",0.7895938980640532
C00773,B,14,"risk_modeling,aws,communication,underwriting",0.485800830106914
C00774,A,4,"risk_modeling,excel,audit,leadership,underwriting,communication",0.630613450046962
C00775,B,0,"communication,python,risk_modeling,compliance,java,ml",0.6865949452263821
C00776,B,5,"communication,sql,excel,risk_modeling",0.631034915016058
C00777,A,11,"ml,underwriting,python,audit",0.36259108456461453
C00778,B,1,"aws,risk_modeling",0.3403556561541184
C00779,B,1,"communication,java,leadership",0.7206127782695847
C00780,A,12,"risk_modeling,compliance,leadership,ml,aws,excel",0.4751699378602441
C00781,B,8,"leadership,java",0.7556217725023968
C00782,A,5,"sql,audit,compliance",0.4725487500733101
C00783,B,11,"aws,underwriting,sql,audit,python",0.6354587174594472
C00784,B,12,"sql,risk_modeling,communication",0.37050069013622877
C00785,A,5,"risk_modeling,ml,excel,java,sql,communication",0.4405118365517503
C00786,B,8,"sql,audit,underwriting,excel,risk_modeling",0.4224448515208501
C00787,A,0,"java,compliance",0.5406079371004713
C00788,B,4,"excel,audit,python",0.5567755643488589
C00789,B,8,"ml,python,sql,aws,underwriting",0.6632769813242141
C00790,A,2,"python,excel,communication,compliance,ml,leadership",0.4317059494433189
C00791,A,14,"audit,excel,communication,java,risk_modeling,sql",0.47255858716697596
C00792,A,14,"compliance,java,excel,leadership,python,ml",0.6728912353979754
C00793,A,3,"python,sql",0.34467399745873384
C00794,A,5,"excel,ml,audit,underwriting,python",0.7441160547560659
C00795,A,2,"ml,aws",0.49938597041395977
C00796,A,7,"leadership,communication",0.5112956802531079
C00797,A,1,"java,risk_modeling,compliance,aws,sql",0.593191612095038
C00798,B,5,"java,excel,risk_modeling,ml",0.536254390102291
C00799,B,8,"sql,aws,risk_modeling,compliance,ml",0.2815506909696647
C00800,B,9,"python,underwriting,sql,ml,risk_modeling,leadership",0.39894261810990195
C00801,A,8,"audit,communication",0.7703875666956307
C00802,B,3,"communication,python,sql,leadership",0.545099182612025
C00803,B,11,"ml,python,communication,aws,leadership,sql",0.30731779557458055
C00804,A,10,"communication,python,excel,compliance",0.6633801720087299
C00805,A,11,"java,compliance,underwriting,ml",0.5093334124234452
C00806,B,7,"python,java,compliance,communication",0.41259000854841926
C00807,A,13,"python,risk_modeling,excel,communication,compliance,java",0.4239229093859077
C00808,A,5,"leadership,audit",0.7299873048373637
C00809,B,12,"java,python,communication,ml,excel,sql",0.266210293039037
C00810,A,3,"aws,sql,communication,leadership,risk_modeling,compliance",0.37924422660089174
C00811,A,3,"communication,excel,leadership,audit,aws,python",0.5516228178640237
C00812,B,7,"risk_modeling,communication,aws,compliance",0.8541053524026294
C00813,B,8,"audit,java,risk_modeling,python",0.6796944753430574
C00814,A,11,"python,risk_modeling,java",0.4577155692040955
C00815,B,4,"risk_modeling,excel,python",0.8152836217392267
C00816,B,13,"java,compliance,communication,python,audit,leadership",0.386077788053105
C00817,A,4,"sql,leadership,ml,python",0.5877605097639278
C00818,B,8,"audit,ml,aws,sql,risk_modeling",0.6678012362353987
C00819,A,13,"underwriting,python",0.47139919502392064
C00820,A,8,"java,risk_modeling,python,aws,sql",0.7055667493398856
C00821,B,10,"python,excel,risk_modeling,sql,leadership",0.5074997767906273
C00822,A,13,"ml,java,python,aws,underwriting,compliance",0.7551256369532336
C00823,B,14,"ml,java",0.30887281133448247
C00824,B,7,"compliance,python,aws,excel",0.6302956962411974
C00825,A,6,"audit,underwriting,leadership,risk_modeling",0.48582079891515106
C00826,B,2,"communication,risk_modeling,underwriting,java",0.726946680934208
C00827,A,8,"risk_modeling,sql",0.5720834686412289
C00828,B,13,"audit,ml,java,compliance",0.8548613160696215
C00829,A,7,"java,underwriting,risk_modeling",0.6613702977059495
C00830,B,5,"aws,communication,audit,sql,risk_modeling",0.5270484773713318
C00831,B,1,"leadership,python,risk_modeling",0.6517804757305731
C00832,A,5,"python,communication,audit,sql",0.6929305236148819
C00833,B,3,"compliance,java,leadership,excel,risk_modeling",0.6149438008084185
C00834,B,14,"leadership,aws",0.22738575256746701
C00835,B,7,"underwriting,sql,ml,communication,audit",0.3931391116624084
C00836,B,2,"aws,java,risk_modeling,sql,ml",0.7691390523710663
C00837,B,1,"java,python",0.28392974602165216
C00838,A,12,"risk_modeling,underwriting",0.7788430070118452
C00839,A,13,"compliance,ml,python,risk_modeling,leadership,java",0.7571614782203404
C00840,A,11,"sql,risk_modeling,python",0.4793645749152347
C00841,B,1,"sql,audit,underwriting,leadership,risk_modeling,aws",0.15085830711898962
C00842,A,1,"ml,risk_modeling,audit,leadership",0.40759573236937324
C00843,A,2,"python,leadership,compliance",0.894042707853942
C00844,A,11,"aws,python,audit",0.4546100874023162
C00845,B,11,"python,compliance,java,communication,aws",0.4670336779721313
C00846,A,12,"audit,compliance",0.44043516614423117
C00847,B,1,"sql,underwriting,audit,risk_modeling",0.7286612057789135
C00848,A,2,"risk_modeling,ml,audit",0.47627517190748087
C00849,B,13,"aws,leadership",0.517336878789155
C00850,A,13,"sql,python,aws",0.8844253230951632
C00851,A,10,"aws,python,audit,communication",0.7043089358283966
C00852,B,1,"java,risk_modeling,sql,ml,audit",0.3445277564921533
C00853,B,1,"communication,aws",0.28975489600887955
C00854,A,0,"compliance,risk_modeling,excel,python,audit,sql",0.7084705936783952
C00855,A,10,"underwriting,sql,compliance,excel,java,python",0.6030218694735089
C00856,B,12,"compliance,underwriting,communication,risk_modeling,excel",0.3411684764258997
C00857,B,9,"underwriting,audit,ml,java,risk_modeling,leadership",0.2690391763591612
C00858,A,3,"ml,communication,risk_modeling,python",0.32911303126404345
C00859,A,11,"ml,audit,java,aws,python,underwriting",0.3868927741414546
C00860,B,0,"ml,compliance,communication,audit,aws",0.1317061452377415
C00861,B,12,"risk_modeling,communication,java,leadership",0.4220887424032707
C00862,B,13,"ml,python",0.46456549890410637
C00863,B,10,"audit,excel,ml,sql",0.5167173680907773
C00864,A,13,"java,audit,communication,leadership,python,aws",0.9347238081229883
C00865,B,8,"java,aws,python,excel,leadership,communication",0.5319682110223107
C00866,B,7,"java,aws,ml,underwriting",0.5398365292060414
C00867,B,4,"leadership,aws,ml",0.6316659654838097
C00868,A,13,"compliance,underwriting,audit,python,leadership",0.5872827472080192
C00869,A,10,"risk_modeling,compliance",0.6720275334996075
C00870,B,2,"underwriting,leadership",0.570510677851312
C00871,A,14,"audit,aws,communication,java",0.6620659418078638
C00872,B,0,"excel,communication,risk_modeling,ml,aws,sql",0.9979638951954125
C00873,A,8,"excel,java,compliance",0.7440026519279833
C00874,B,2,"leadership,audit,aws,excel",0.3252900427527885
C00875,B,9,"leadership,underwriting,ml",0.6566399935140494
C00876,A,6,"aws,ml,excel,compliance",0.41748737480125037
C00877,A,6,"leadership,risk_modeling",0.6403251375307737
C00878,B,10,"compliance,risk_modeling,ml,underwriting",0.3524662649205115
C00879,B,11,"leadership,underwriting,aws,ml",0.41059969934488383
C00880,A,5,"java,ml,aws",0.6119033612482229
C00881,B,14,"java,compliance,leadership",0.8195804404476446
C00882,B,7,"sql,leadership,underwriting,excel,compliance",0.6604759827755424
C00883,A,2,"java,risk_modeling",0.6737411202163393
C00884,A,0,"leadership,compliance",0.5672873405774923
C00885,A,3,"compliance,java",0.5610492978258198
C00886,A,10,"leadership,underwriting,java,audit,excel,communication",0.5093352106334813
C00887,A,8,"underwriting,aws,java",0.7263403255690234
C00888,A,5,"audit,underwriting",0.7344782619087955
C00889,B,7,"python,ml,risk_modeling,underwriting,aws,leadership",0.5586391755606405
C00890,A,12,"audit,leadership",0.5989533124798415
C00891,B,8,"underwriting,risk_modeling,leadership",0.8664530461100026
C00892,A,0,"ml,risk_modeling",0.4963240796330799
C00893,A,0,"underwriting,compliance,sql,python,communication",0.5136234566658744
C00894,B,7,"aws,python,excel,sql,underwriting",0.6571606633955211
C00895,B,6,"leadership,underwriting,audit,sql,compliance",0.5423948739282524
C00896,A,12,"compliance,communication,java",0.47233874190624286
C00897,A,8,"aws,communication,underwriting",0.6480338035942339
C00898,A,11,"leadership,java,underwriting,aws,audit,python",0.6030240981959821
C00899,A,8,"ml,aws,underwriting,python,java,risk_modeling",0.9116049561654093
C00900,A,5,"underwriting,audit",0.6919207390526277
C00901,A,9,"audit,communication,java,python,risk_modeling",0.4828131884402598
C00902,A,9,"compliance,communication,aws,ml,risk_modeling,underwriting",0.7212308394542676
C00903,A,10,"communication,python,aws,excel",0.6554158502515763
C00904,B,2,"underwriting,excel,leadership,risk_modeling,python",0.7556967343501924
C00905,B,9,"sql,leadership",0.49559824169077293
C00906,A,4,"sql,audit",0.5739617067047145
C00907,A,11,"compliance,risk_modeling",0.5921631431633514
C00908,A,11,"audit,excel",0.6205262961504939
C00909,A,9,"ml,communication,sql,underwriting,java,python",0.43066418917928906
C00910,B,14,"java,ml,sql,risk_modeling,underwriting",0.7436641002243718
C00911,B,8,"communication,underwriting,aws,excel,java",0.6552335696529094
C00912,B,0,"python,java,risk_modeling",0.7313402510459232
C00913,B,9,"audit,communication,risk_modeling,python,java,aws",0.5881953466423795
C00914,B,11,"python,sql",0.5358688885153357
C00915,B,1,"aws,compliance,excel,ml,sql,leadership",0.6520729880299266
C00916,A,1,"sql,aws",0.36704321131205686
C00917,A,4,"aws,excel",0.7352972163151126
C00918,A,12,"leadership,java",0.8149115595344665
C00919,B,7,"excel,leadership,risk_modeling,compliance,java",0.7963102022041935
C00920,A,14,"ml,excel,underwriting",0.7077921372423088
C00921,B,13,"ml,risk_modeling,compliance,aws",0.5424306511324021
C00922,B,8,"aws,sql,compliance,leadership",0.5996537907349653
C00923,A,10,"sql,communication,compliance,risk_modeling,java",0.6684124011142571
C00924,A,4,"compliance,java,ml",0.4391745038661823
C00925,A,1,"aws,excel",0.7499609320065388
C00926,A,5,"python,risk_modeling,excel",0.6544151501623378
C00927,B,8,"underwriting,python,java",0.41939986804203916
C00928,B,2,"compliance,python,leadership,underwriting,communication",0.8589172617638399
C00929,B,3,"sql,compliance,java,communication,underwriting",0.5475300695306319
C00930,A,0,"leadership,aws",0.3030614522870025
C00931,A,11,"audit,communication,python,compliance,underwriting",0.46055425790549065
C00932,A,13,"java,compliance",0.8978010474897621
C00933,B,12,"leadership,excel,java,sql,compliance",0.948497284919028
C00934,B,5,"excel,underwriting,communication",0.7317073096265654
C00935,A,8,"ml,underwriting,risk_modeling",0.8174755567456843
C00936,B,14,"java,aws,compliance,risk_modeling",0.8589907825837501
C00937,A,8,"ml,leadership,sql",0.6802449074975319
C00938,B,4,"aws,java,leadership,excel,python",0.5992275218059666
C00939,A,5,"sql,java,audit,underwriting,leadership,ml",0.6471753750057894
C00940,A,10,"sql,communication,java,leadership,aws,compliance",0.732482779765793
C00941,B,6,"python,excel,communication,leadership",0.42651235882524835
C00942,A,12,"communication,underwriting,ml,aws",0.7517525712761798
C00943,A,12,"compliance,ml,communication,aws",0.8825510325134632
C00944,A,0,"java,aws,excel,communication,risk_modeling",0.46285296290077443
C00945,A,10,"audit,compliance,python,java",0.5436153986420765
C00946,B,5,"ml,python,communication,java",0.6357783356629599
C00947,B,7,"sql,java,excel,compliance",0.4530616409265355
C00948,B,3,"java,python,sql",0.2929726490070489
C00949,A,5,"ml,compliance,aws,underwriting",0.7565894272189321
C00950,A,4,"java,underwriting,aws,leadership,risk_modeling",0.458828773195782
C00951,A,0,"aws,excel,risk_modeling,underwriting",0.5033207441696377
C00952,A,11,"audit,underwriting,communication,risk_modeling,compliance,ml",0.5001774926185483
C00953,A,2,"communication,sql,leadership,compliance,excel,java",0.7498158666843399
C00954,B,5,"ml,risk_modeling,python,java",0.7035717084911226
C00955,B,2,"aws,audit,communication,java,leadership,underwriting",0.4766668825923339
C00956,B,2,"risk_modeling,aws",0.3076184743427047
C00957,A,5,"aws,risk_modeling,ml,audit,compliance,underwriting",0.48755263512552394
C00958,A,13,"underwriting,aws,ml",0.7326274859909484
C00959,A,14,"ml,risk_modeling,sql,excel",0.6739544267343578
C00960,A,5,"underwriting,communication,sql",0.5696376480013577
C00961,A,7,"aws,sql,compliance,communication",0.6081057767045661
C00962,A,14,"compliance,excel,underwriting",0.7765833216696688
C00963,A,3,"excel,audit,underwriting,python,compliance",0.5224653432682921
C00964,B,14,"leadership,underwriting",0.7210024210827105
C00965,A,1,"java,compliance,excel,communication,ml,audit",0.3323545426058824
C00966,B,3,"communication,compliance,leadership,risk_modeling,audit,python",0.9896931398555586
C00967,A,5,"sql,audit,compliance,ml",0.4989053225230742
C00968,B,0,"java,risk_modeling,ml,communication",0.536646741419116
C00969,A,12,"java,audit,python,risk_modeling,communication",0.7219637944615179
C00970,A,12,"risk_modeling,python",0.5460577077679027
C00971,A,5,"ml,leadership,compliance,aws,java",0.5514084629649033
C00972,A,12,"python,audit,sql",0.6192215494382195
C00973,B,11,"communication,underwriting,java,aws,risk_modeling",0.4454731433367921
C00974,A,12,"ml,python,risk_modeling",0.6989460965971349
C00975,B,12,"communication,python,java,aws,excel",0.32314006911342846
C00976,A,8,"aws,leadership,python,sql,risk_modeling",0.8954875196349905
C00977,A,1,"audit,ml,sql",0.6527347592961108
C00978,A,13,"aws,risk_modeling,excel,sql,underwriting",0.7450420243776078
C00979,A,9,"excel,risk_modeling,ml,sql",0.27740441976201646
C00980,B,13,"communication,aws,audit",0.4873448388072563
C00981,B,14,"leadership,ml,python,aws",0.8900821217449097
C00982,B,2,"sql,ml,underwriting,risk_modeling,leadership,audit",1.0
C00983,A,6,"python,java",0.7750446437102656
C00984,A,2,"ml,sql,communication,compliance,java,leadership",0.7066498138451711
C00985,B,0,"compliance,aws,excel,risk_modeling,ml,communication",0.5944953610605539
C00986,A,14,"aws,java,risk_modeling,python",0.48745050477216934
C00987,A,13,"ml,python,java,risk_modeling,audit",0.8091313349760595
C00988,A,13,"java,sql,ml",0.43178267932255276
C00989,B,13,"aws,risk_modeling",0.4120946702748264
C00990,B,9,"python,communication,ml,excel",0.36076472142107185
C00991,B,7,"excel,risk_modeling,java,aws,ml,underwriting",0.7456300763702868
C00992,B,14,"sql,leadership,underwriting",0.6296654701130497
C00993,A,8,"excel,ml,compliance,python,communication",0.5981544579827884
C00994,B,9,"communication,aws,python,leadership,risk_modeling",0.5872272913308768
C00995,A,3,"communication,audit,python,sql,leadership",0.3273710225843196
C00996,B,11,"java,compliance,underwriting",0.4892684369168673
C00997,A,12,"risk_modeling,python,sql",0.5083232828743786
C00998,B,10,"java,communication,underwriting,aws",0.3470511394994351
C00999,A,7,"communication,sql,audit,underwriting,ml,risk_modeling",0.4792421828459368
C01000,A,2,"aws,excel,python,leadership,java,ml",0.3253648378486771
C01001,A,0,"python,leadership,sql,java",0.6039816131960587
C01002,A,9,"communication,excel,java,compliance,risk_modeling,underwriting",0.7089747915140283
C01003,A,10,"python,sql,communication,excel",0.3671449579248198
C01004,B,11,"sql,communication,aws",0.5566062824353599
C01005,A,14,"ml,excel",0.9740907786370067
C01006,B,7,"sql,python,underwriting,audit,excel",0.3934626784179073
C01007,A,12,"risk_modeling,java,aws,audit,ml",0.6967948072031118
C01008,B,10,"excel,audit,java,leadership,risk_modeling,sql",0.6189939481205191
C01009,A,4,"ml,python,compliance,underwriting,leadership",0.7367197604113633
C01010,B,12,"underwriting,compliance",0.6731840314443331
C01011,B,0,"leadership,audit,aws,sql",0.422366813973725
C01012,A,8,"ml,excel,aws,java,sql",0.5920175418651192
C01013,B,14,"sql,ml,leadership,python",0.6546465899116725
C01014,A,9,"sql,compliance,leadership,java",0.5734948671890917
C01015,A,14,"leadership,sql,java,risk_modeling,ml,audit",0.4025599380416769
C01016,B,0,"ml,underwriting,sql,leadership,communication",0.7237559493676206
C01017,B,7,"python,excel,java,sql,risk_modeling",0.7619580458155786
C01018,A,11,"audit,compliance,leadership,underwriting",0.4220459751634257
C01019,A,9,"python,compliance,aws",0.5358693862069244
C01020,B,13,"risk_modeling,leadership,communication,underwriting",0.5894845795162411
C01021,B,6,"excel,communication,sql,java,audit,underwriting",0.3518266159100752
C01022,B,10,"ml,underwriting,compliance,leadership,java",0.26397667180279194
C01023,A,6,"risk_modeling,python,sql,compliance,communication",0.43929332265577953
C01024,B,13,"risk_modeling,python",0.5658475787547854
C01025,A,1,"risk_modeling,ml,compliance,sql,python,underwriting",0.2505779999944766
C01026,B,3,"underwriting,risk_modeling,ml",0.5618559975353862
C01027,A,1,"excel,java,python,communication,audit,risk_modeling",0.7193141345969412
C01028,B,10,"excel,ml,communication,java",0.7515809063097482
C01029,A,3,"excel,python,java,communication,compliance,risk_modeling",0.5071965824314306
C01030,B,4,"audit,sql,java,python,underwriting,aws",0.2087258946261846
C01031,B,12,"aws,risk_modeling,leadership,underwriting,ml",0.7488264213186285
C01032,A,5,"leadership,compliance,audit,python,risk_modeling,communication",0.5763505904316205
C01033,B,2,"java,communication,aws,audit,risk_modeling",0.5963831996592437
C01034,A,0,"audit,aws,leadership,sql,python,java",0.8484985040544525
C01035,B,3,"aws,underwriting",0.3815339066844824
C01036,A,13,"ml,python",0.11253313203803239
C01037,A,8,"underwriting,aws,risk_modeling,leadership",0.3903781759942438
C01038,A,14,"python,audit,java,ml,risk_modeling,excel",0.7274881122882079
C01039,A,3,"compliance,ml,aws,leadership,java",0.5348466623146473
C01040,A,5,"python,java,leadership,excel",0.3311854966722373
C01041,B,2,"risk_modeling,audit,aws,ml",0.26445087102824255
C01042,B,5,"ml,python,sql,excel,communication",0.4861703771528688
C01043,B,8,"ml,underwriting,java,leadership,compliance,excel",0.355702959421275
C01044,A,12,"risk_modeling,python,sql,leadership,ml,underwriting",0.7137140152858146
C01045,A,5,"excel,aws",0.4759431600472716
C01046,A,11,"risk_modeling,underwriting,aws,python",0.4971187808202919
C01047,B,9,"compliance,excel,ml",0.4535102474738588
C01048,B,4,"audit,excel,ml,python,sql",0.587362090784507
C01049,A,13,"audit,underwriting,aws,python",0.6376696602768065
C01050,B,6,"sql,audit,aws,ml,excel,leadership",0.5963523085752669
C01051,A,2,"ml,python,underwriting,leadership",0.5524232998850461
C01052,A,14,"communication,sql,java,compliance,python",0.6270048034125928
C01053,A,13,"sql,ml",0.4440364949775437
C01054,A,0,"sql,excel,java,compliance,python,risk_modeling",0.3685315771883728
C01055,B,13,"python,java",0.5589585170749913
C01056,B,14,"underwriting,leadership,audit",1.0
C01057,A,12,"underwriting,communication,aws,ml,compliance,sql",0.37720946232497393
C01058,A,3,"sql,audit,underwriting,java,python,excel",0.4545842294029597
C01059,B,9,"python,ml,compliance,audit",0.607688070819888
C01060,B,8,"ml,risk_modeling,compliance,underwriting",0.5254001044109513
C01061,B,9,"compliance,sql",0.7833145174587928
C01062,A,9,"underwriting,excel,java,audit,risk_modeling,compliance",0.534470372509484
C01063,B,9,"aws,audit",0.5477825481528903
C01064,A,7,"risk_modeling,leadership",0.7166331324509372
C01065,B,10,"java,compliance,sql,leadership",0.9259280993253077
C01066,A,7,"python,risk_modeling",0.823349707310699
C01067,B,0,"ml,leadership",0.4754023008603541
C01068,A,0,"aws,python,underwriting,communication,risk_modeling",0.4910874418881674
C01069,A,14,"communication,sql,underwriting,aws,risk_modeling",0.6484094640611567
C01070,B,13,"leadership,aws,ml",0.6564598935232654
C01071,B,8,"ml,underwriting,aws,python,excel",0.42747733941739335
C01072,A,2,"audit,python,excel,leadership,communication",0.688586883793979
C01073,B,11,"risk_modeling,ml,compliance",0.6471896429901015
C01074,B,2,"communication,java,audit,excel,leadership",0.5119258860132435
C01075,A,5,"excel,compliance,leadership,audit",0.32119383221936687
C01076,A,4,"java,risk_modeling,sql,aws,underwriting,audit",0.5512115175283103
C01077,A,0,"aws,sql",0.15922178542025506
C01078,B,12,"communication,aws,compliance",0.5153031180741983
C01079,A,7,"leadership,audit,aws",0.46864241283374425
C01080,A,4,"excel,sql,underwriting",0.5916591347557715
C01081,B,7,"communication,risk_modeling,excel,python,java,aws",0.9083730044901532
C01082,B,0,"java,aws,compliance,risk_modeling,ml",0.6029433438197787
C01083,B,6,"underwriting,aws,python,compliance",0.8207123730744104
C01084,B,7,"aws,risk_modeling,java,leadership",0.6861381911586439
C01085,B,5,"risk_modeling,java,communication,python,audit,aws",0.7525096281437709
C01086,B,12,"risk_modeling,aws,underwriting,excel",0.9542829235297591
C01087,B,3,"sql,ml,communication",0.39826937018559416
C01088,A,2,"ml,leadership",0.3765212018563294
C01089,A,7,"leadership,python,communication",0.6903859620859178
C01090,A,13,"leadership,sql,communication,audit,compliance",0.6293378782687957
C01091,B,5,"audit,compliance,risk_modeling,underwriting",0.589663689905253
C01092,A,0,"compliance,python,excel,sql",0.4552399594206751
C01093,A,14,"compliance,aws,communication,underwriting",0.532673430935551
C01094,B,6,"risk_modeling,excel,leadership,python,java,ml",0.8517376403795045
C01095,A,2,"excel,java,leadership,compliance,underwriting,python",0.3220249995124155
C01096,A,9,"sql,java",0.7135506066634779
C01097,B,4,"excel,python",0.634361091431481
C01098,B,14,"java,communication,leadership",0.3557776064373561
C01099,A,4,"risk_modeling,python,java,excel,leadership,underwriting",0.3904595406011531
C01100,A,8,"audit,communication,underwriting,excel",0.4607156990290239
C01101,A,8,"leadership,risk_modeling,audit,python,communication,ml",0.6816251403969864
C01102,B,3,"underwriting,compliance,audit,sql,communication",0.46393368093250087
C01103,B,7,"sql,python,risk_modeling,communication",0.554593834810055
C01104,A,1,"compliance,risk_modeling,audit",0.247623475742749
C01105,B,9,"excel,risk_modeling,aws",1.0
C01106,A,11,"risk_modeling,python",0.6228152113731095
C01107,A,14,"leadership,sql,java,risk_modeling",0.7298201615134499
C01108,B,4,"excel,python,java",0.44268741205825995
C01109,A,4,"audit,aws,python",0.42252708112778675
C01110,A,8,"communication,underwriting",0.9242832378916356
C01111,A,10,"aws,risk_modeling,sql,excel,compliance",0.25499011073880673
C01112,B,14,"ml,sql,risk_modeling,communication,audit,excel",0.6901564723175398
C01113,B,0,"underwriting,leadership,compliance,ml",0.2819292996005792
C01114,B,3,"python,aws,risk_modeling,leadership",0.45709979220853914
C01115,A,3,"python,communication,excel,sql,compliance,leadership",0.4151429958186762
C01116,A,3,"python,excel,audit,ml",0.3525240169845354
C01117,B,6,"excel,audit,leadership,java,sql",0.566379511347139
C01118,A,13,"ml,risk_modeling,leadership,audit",0.1677547534849082
C01119,B,0,"audit,sql,compliance,leadership",0.4432120732546345
C01120,B,12,"ml,risk_modeling,communication,aws",0.6037478044370045
C01121,A,9,"communication,audit,risk_modeling,underwriting,aws",0.34533022164691773
C01122,B,9,"ml,excel,aws,java,leadership",0.862379369860889
C01123,A,10,"sql,aws,java,audit",0.4929974925364833
C01124,A,1,"audit,sql",0.46725283635632936
C01125,B,11,"audit,aws,java,excel,python,underwriting",0.5034005504953535
C01126,A,3,"risk_modeling,aws,sql,communication,ml,audit",0.5153180983224945
C01127,B,7,"python,communication",0.8054659368310888
C01128,B,10,"sql,python,leadership",1.0
C01129,B,9,"risk_modeling,python,java,excel,aws,ml",0.7242150566661185
C01130,B,4,"ml,sql,leadership",0.7358388780549189
C01131,A,5,"aws,audit,sql,excel,risk_modeling,leadership",0.8589569466658749
C01132,A,7,"compliance,audit,communication,python,leadership",0.6147967938179624
C01133,B,0,"communication,ml,risk_modeling,java,python,aws",0.7826451572501365
C01134,B,10,"underwriting,python",0.7426322038302725
C01135,A,1,"ml,excel,underwriting,python",0.535917724676083
C01136,A,6,"sql,aws,python,compliance",0.6230613862012642
C01137,A,9,"risk_modeling,sql,compliance,java,communication,leadership",0.2621449465937916
C01138,A,1,"python,aws,ml",0.562581466880307
C01139,B,14,"audit,risk_modeling,excel",0.3621254463196667
C01140,A,5,"aws,communication",0.25745155271000064
C01141,B,0,"compliance,sql,underwriting,java,ml",0.5347181640245404
C01142,B,9,"aws,java,communication,underwriting,python,excel",0.38946585286399027
C01143,B,8,"risk_modeling,compliance",0.578719524765392
C01144,A,9,"aws,java,ml",0.6149182134829756
C01145,A,11,"underwriting,excel,risk_modeling",0.6429489281470843
C01146,B,7,"python,aws,communication,leadership,sql,java",0.4072581467324217
C01147,B,12,"risk_modeling,java,underwriting,audit",0.7817628288466157
C01148,A,5,"leadership,underwriting,aws",0.5339376574361058
C01149,B,8,"underwriting,communication,risk_modeling",0.6593936224308091
C01150,A,2,"underwriting,leadership,risk_modeling,audit",0.3046408694895406
C01151,B,9,"python,excel,compliance",0.5579010397767223
C01152,A,3,"communication,aws",0.7275130069886216
C01153,A,10,"sql,risk_modeling,leadership,python,audit,aws",0.7746319737255662
C01154,A,12,"python,leadership,risk_modeling,excel",0.4764873170736091
C01155,A,12,"audit,python,excel",0.5217995256965278
C01156,A,13,"python,underwriting,sql,aws,risk_modeling",0.45203638858851264
C01157,A,1,"compliance,audit,excel,sql,java",0.3918456747130413
C01158,A,2,"java,ml",0.26816784267282484
C01159,B,13,"aws,compliance",0.6051283429664747
C01160,A,5,"ml,risk_modeling",0.6639649116729119
C01161,B,0,"compliance,python,ml,audit,communication",0.3586904845158059
C01162,B,4,"ml,underwriting,compliance,python,risk_modeling",0.5236908691209882
C01163,A,12,"sql,compliance,aws,ml,communication",0.5803102866263559
C01164,A,5,"compliance,audit,python,aws,java",0.7399213716876795
C01165,B,1,"communication,java,compliance,sql",0.39991346937520417
C01166,B,10,"compliance,leadership,audit,ml",0.49646110062284676
C01167,A,2,"audit,java,risk_modeling,ml,aws",0.367716196907375
C01168,B,5,"risk_modeling,ml,aws",0.3452482863858722
C01169,A,0,"ml,leadership,sql,audit,compliance,underwriting",0.5952532984604546
C01170,A,9,"excel,ml,aws,risk_modeling,communication,python",0.5656800566605138
C01171,B,6,"sql,risk_modeling,python,java,excel,aws",0.5698657747681943
C01172,A,13,"risk_modeling,underwriting,compliance,excel,python,leadership",0.8594354081151714
C01173,B,5,"ml,java,compliance",0.789774530667017
C01174,A,3,"risk_modeling,audit",0.23367782458973538
C01175,B,2,"sql,aws,leadership,python",0.6366102411572021
C01176,A,3,"communication,audit,java,excel,compliance",0.570616446628014
C01177,A,6,"risk_modeling,sql,communication,leadership,compliance",0.47691362015373145
C01178,A,1,"java,underwriting,excel",0.5689830636650296
C01179,A,6,"compliance,underwriting,risk_modeling",0.2492510176602586
C01180,B,12,"audit,aws,communication,python",0.8832756216997518
C01181,A,11,"python,excel,risk_modeling,leadership,java,compliance",0.7026899374729434
C01182,A,9,"sql,ml",0.4342644059301214
C01183,A,13,"leadership,excel,compliance",0.5246261600724857
C01184,A,11,"ml,communication,underwriting",0.3034336344014607
C01185,B,9,"leadership,underwriting,ml,sql,aws,excel",0.5334876950294742
C01186,A,12,"compliance,risk_modeling,java,underwriting",0.533108244096695
C01187,B,1,"aws,underwriting",0.2714801303177234
C01188,A,12,"audit,python,leadership",0.7598064020677601
C01189,B,4,"risk_modeling,ml",0.7698234941450056
C01190,A,10,"compliance,sql,aws,communication",0.595075111791994
C01191,A,13,"leadership,java,communication,ml,audit,risk_modeling",0.5749835610876537
C01192,B,7,"excel,audit,sql,aws",0.648297228383723
C01193,B,1,"underwriting,java,excel,aws,risk_modeling,audit",0.5064649867508922
C01194,B,5,"ml,excel,leadership,communication,aws",0.35520774107838643
C01195,A,6,"underwriting,excel,ml,leadership,python,java",0.442517962414293
C01196,A,14,"leadership,excel,sql",0.5866415187853544
C01197,B,14,"risk_modeling,python,audit,aws,ml,sql",0.6846735870058053
C01198,A,8,"communication,underwriting,python",0.5816806092177642
C01199,B,14,"risk_modeling,java,ml,excel",0.6778664883976808
C01200,B,6,"sql,python,java,communication,compliance",0.2855309630088941
C01201,B,6,"python,compliance,risk_modeling",0.6797391939352873
C01202,B,12,"sql,java,leadership",0.6206148591215322
C01203,B,10,"aws,risk_modeling",1.0
C01204,A,7,"audit,underwriting",0.5002258133682457
C01205,A,6,"sql,underwriting,leadership,compliance",0.618222529119687
C01206,B,10,"communication,audit,ml,risk_modeling,excel,compliance",1.0
C01207,A,11,"aws,underwriting,excel",0.6449364933105721
C01208,A,7,"risk_modeling,python,java,communication",0.557826502930317
C01209,A,0,"risk_modeling,aws,ml,underwriting,java,audit",0.3223540589448828
C01210,B,1,"excel,risk_modeling,java,leadership,python",0.7850879460976172
C01211,B,2,"risk_modeling,compliance",0.31136171448821737
C01212,B,6,"risk_modeling,audit,sql,excel",0.6368817650326619
C01213,A,9,"risk_modeling,underwriting",0.5047600421644913
C01214,A,12,"audit,ml,leadership",0.585919472735956
C01215,A,3,"sql,excel,underwriting",0.27369219165018954
C01216,A,11,"compliance,java,communication,audit,excel",0.8517628999121011
C01217,B,9,"leadership,risk_modeling",0.5399964849347102
C01218,B,0,"aws,underwriting,excel",0.281283861399254
C01219,A,5,"ml,excel,java",0.7754843074672165
C01220,A,4,"leadership,excel,communication",0.44925537365328533
C01221,A,13,"sql,audit,compliance,risk_modeling,java",0.6902293125115299
C01222,B,13,"compliance,sql,excel",0.7814549487841859
C01223,B,12,"compliance,aws,underwriting",0.7053261795033776
C01224,A,7,"sql,communication,excel,python",0.17460560091017363
C01225,B,7,"compliance,communication,underwriting,leadership,excel",0.6951642061760017
C01226,A,4,"ml,underwriting",0.5218895227202769
C01227,A,11,"communication,risk_modeling,python,sql,java,audit",0.5507748345754001
C01228,B,1,"compliance,java,underwriting,risk_modeling,excel,audit",0.49036650918446
C01229,A,4,"compliance,aws,leadership,underwriting,sql",0.2501940970906053
C01230,A,2,"excel,ml,java,underwriting",0.5545907646391245
C01231,B,7,"ml,aws,excel,compliance,audit",0.32440955273232414
C01232,A,4,"aws,leadership,risk_modeling,java",0.4885488522798063
C01233,B,2,"communication,aws,underwriting",0.5481275976768779
C01234,A,5,"underwriting,aws,ml",0.7433266758377706
C01235,A,12,"python,excel",0.47246963122525143
C01236,A,8,"sql,leadership,communication,underwriting,java,ml",0.8412857269322779
C01237,A,12,"audit,risk_modeling,aws",0.7904335856327266
C01238,A,13,"java,ml,excel",0.5527062463517035
C01239,A,13,"compliance,communication,sql,ml,java,python",0.4304251320475315
C01240,B,5,"underwriting,communication,risk_modeling,aws",0.2901130871985242
C01241,A,13,"compliance,python,risk_modeling,leadership,underwriting",0.6789156932759651
C01242,A,13,"python,compliance,audit",0.49728885308265347
C01243,A,14,"java,risk_modeling,underwriting",0.8558842249507088
C01244,A,5,"java,underwriting,ml,sql,excel",0.4276857106309113
C01245,A,3,"sql,communication,java,python",0.36787922359064507
C01246,B,8,"ml,leadership",0.6220527432239764
C01247,A,13,"sql,aws,java,compliance,communication,leadership",0.5065115657113038
C01248,B,13,"risk_modeling,java,python,sql",0.6315389988063846
C01249,B,8,"compliance,aws,leadership,audit,ml",0.7574780794105338
C01250,A,2,"leadership,underwriting,compliance",0.5411012797003704
C01251,A,6,"java,risk_modeling,sql,audit",0.5817736029264904
C01252,A,10,"aws,excel,ml,java,leadership",0.6369264076035153
C01253,B,8,"ml,python,leadership,aws,excel,communication",0.27524218174862924
C01254,A,5,"sql,aws,communication",0.6205307949874883
C01255,B,5,"java,compliance,underwriting,risk_modeling,python",0.5787876838106614
C01256,B,0,"leadership,audit,aws,compliance,java,python",0.6607215188570157
C01257,B,4,"audit,ml,excel,python,communication",0.6490459442046814
C01258,A,10,"sql,java",0.5636492463110074
C01259,B,3,"leadership,excel",0.7158307204719243
C01260,A,14,"compliance,underwriting,aws",0.5873264744297103
C01261,A,1,"aws,communication",0.5544882787339869
C01262,A,8,"ml,sql,communication,risk_modeling,underwriting",0.5239931025137159
C01263,B,7,"excel,ml,python,leadership,sql,underwriting",0.6531164048861782
C01264,B,12,"risk_modeling,compliance,leadership,communication",0.5522318391252028
C01265,B,13,"java,python,underwriting,audit",0.9265592896094822
C01266,A,8,"leadership,sql,aws,python,compliance",0.943125292700615
C01267,B,9,"excel,java,sql,ml",0.7473088857534809
C01268,A,10,"excel,leadership,sql,communication",0.877433396894525
C01269,A,7,"aws,sql,audit,risk_modeling",0.2929413934453715
C01270,B,2,"excel,java,sql",0.264152006210501
C01271,A,6,"audit,aws",0.5021190980063817
C01272,A,3,"java,excel,leadership,compliance",0.5374215737465979
C01273,B,6,"python,sql,ml,underwriting,compliance,audit",0.5243226647420602
C01274,A,9,"compliance,excel",0.29441565506606837
C01275,A,3,"underwriting,aws,communication",0.7372865071382564
C01276,A,3,"sql,compliance,java",0.9177556820042485
C01277,A,12,"sql,underwriting,aws,leadership,communication,compliance",0.8505777822510721
C01278,B,5,"compliance,sql,ml,underwriting",0.7453941883815649
C01279,B,2,"risk_modeling,sql,audit,underwriting",0.5607015289262086
C01280,A,10,"risk_modeling,excel,sql,compliance,java",0.44826047326911533
C01281,A,10,"ml,aws,excel",0.6130550494744742
C01282,A,12,"sql,communication,risk_modeling,compliance,leadership",0.9990058466314706
C01283,B,11,"aws,risk_modeling",0.5466421397487299
C01284,B,14,"java,risk_modeling",0.5581076953916906
C01285,B,8,"excel,aws,java,communication,leadership,underwriting",0.7793146586387044
C01286,A,4,"aws,python,java,communication,excel",0.7512634891342073
C01287,A,12,"leadership,compliance",0.4673776749605354
C01288,A,3,"aws,ml,audit,underwriting",0.48293276961726395
C01289,B,4,"sql,compliance",0.4496570107377418
C01290,A,12,"ml,leadership,java,aws,audit",0.6325440882309963
C01291,B,13,"ml,aws,communication,compliance,audit",0.8286636007712687
C01292,B,5,"aws,audit,risk_modeling",0.4052750461969436
C01293,A,10,"python,underwriting,risk_modeling",0.7961396662026485
C01294,A,13,"excel,underwriting,ml",0.6482972248058355
C01295,A,11,"risk_modeling,excel,python",1.0
C01296,A,0,"aws,communication,audit",0.5573895591867573
C01297,A,9,"risk_modeling,leadership,ml",0.5725546574667323
C01298,B,2,"audit,communication,excel,leadership",0.6234486508808786
C01299,A,12,"python,compliance,sql,communication,underwriting,java",0.5593136771803022
C01300,A,1,"underwriting,risk_modeling,compliance,excel,java",0.18685083779667144
C01301,B,14,"ml,risk_modeling,aws",0.5967061886312024
C01302,B,2,"aws,python,underwriting,ml,compliance,risk_modeling",0.4738671503675395
C01303,A,6,"sql,risk_modeling,underwriting",0.2733828571010339
C01304,B,3,"python,audit,excel,compliance,java,sql",0.5168536658369913
C01305,B,12,"underwriting,ml,risk_modeling",0.2479201595703085
C01306,B,5,"leadership,python,audit,communication",0.48741636967201374
C01307,B,11,"ml,risk_modeling,leadership",0.653847278568041
C01308,A,1,"java,ml,compliance,audit,python",0.5274593118848818
C01309,B,6,"communication,ml,risk_modeling",0.4860074948803727
C01310,A,13,"sql,communication,python,audit,risk_modeling,aws",0.6146045276493471
C01311,B,13,"python,java",0.48886840125399045
C01312,B,3,"sql,compliance,aws,python",0.5319469734960562
C01313,A,5,"underwriting,audit",0.5604555531865189
C01314,A,6,"underwriting,audit,compliance,leadership,excel,communication",0.39795500397772826
C01315,B,8,"risk_modeling,leadership,excel,audit",0.6281858560916376
C01316,B,8,"aws,audit,leadership,python,compliance",0.6270614779144816
C01317,A,1,"python,audit,communication,risk_modeling,ml,leadership",0.4800822155554072
C01318,B,11,"compliance,java,aws,communication",1.0
C01319,B,3,"aws,leadership",0.5046735703968245
C01320,A,4,"ml,excel,leadership",0.48973783583285674
C01321,A,12,"excel,risk_modeling,leadership",0.5439692403426082
C01322,A,10,"communication,aws,leadership,excel,python,risk_modeling",0.42523093984624805
C01323,B,5,"excel,risk_modeling,python,leadership,java,compliance",0.6734615247718126
C01324,A,13,"sql,ml,python,risk_modeling",0.506475545756499
C01325,B,5,"aws,audit,excel,java,leadership,underwriting",0.4477693335404045
C01326,A,8,"underwriting,ml,python",0.4831165192830524
C01327,B,3,"aws,underwriting,audit,sql,excel",0.352710167147268
C01328,A,2,"excel,leadership,python",0.20480500014194983
C01329,A,7,"ml,risk_modeling,audit",0.48667082391134514
C01330,B,8,"communication,ml,audit",0.7372003562882123
C01331,A,12,"java,audit,underwriting,compliance",0.6554563649837439
C01332,A,5,"risk_modeling,aws,audit",0.8309035486338625
C01333,B,13,"excel,aws,underwriting",0.765172134898053
C01334,B,9,"aws,risk_modeling,ml",0.684313665849328
C01335,B,1,"risk_modeling,ml",0.8488768240774887
C01336,A,11,"underwriting,leadership,ml,risk_modeling,audit,excel",0.592513792899422
C01337,B,8,"aws,risk_modeling,ml",0.5913536212308914
C01338,B,5,"compliance,underwriting",0.5479364041011753
C01339,A,7,"aws,risk_modeling,leadership,compliance",0.847881611613039
C01340,A,4,"aws,underwriting,leadership,compliance,risk_modeling,excel",0.5404527569626364
C01341,B,9,"leadership,sql,python",0.47331007266612124
C01342,A,8,"audit,python,excel,compliance,risk_modeling,communication",0.6857815968333133
C01343,B,6,"leadership,excel,sql,java,communication",0.41307323400973495
C01344,B,4,"python,audit,underwriting,java,risk_modeling",0.6360248722705065
C01345,B,5,"aws,ml,audit",0.6244913681455303
C01346,A,7,"communication,aws",0.5359075197948308
C01347,A,7,"underwriting,java,leadership",0.6718460829756288
C01348,A,4,"excel,communication,sql,aws,risk_modeling,underwriting",0.27219781254449665
C01349,A,8,"excel,sql,underwriting,communication,compliance",0.6093331818384974
C01350,B,3,"aws,underwriting,compliance,python,communication",0.4467022307599883
C01351,B,7,"leadership,aws,ml,compliance,risk_modeling,sql",1.0
C01352,A,1,"sql,excel,aws",0.5380485125352374
C01353,A,7,"underwriting,risk_modeling,python",0.4626494310389813
C01354,B,11,"ml,java,underwriting,audit,excel,aws",0.3619056875104453
C01355,A,12,"underwriting,aws,communication,python",0.8549731154229678
C01356,A,10,"compliance,leadership,excel",0.53699411048572
C01357,A,11,"sql,python,communication",0.4675566279264245
C01358,B,0,"risk_modeling,sql,excel,python,audit,aws",0.5605338585216307
C01359,A,5,"sql,aws",0.6669493896530176
C01360,B,9,"communication,java",0.7041115279777151
C01361,A,12,"risk_modeling,communication,excel,leadership,audit",0.6235550761506851
C01362,B,8,"java,excel",0.6086542246396095
C01363,A,12,"sql,excel",0.6617666736225265
C01364,A,4,"python,communication,java,underwriting,audit,risk_modeling",0.6005513278131972
C01365,A,2,"audit,ml,risk_modeling,compliance",0.5964793352622668
C01366,A,1,"java,aws,audit,risk_modeling,underwriting",0.7070014952349983
C01367,A,8,"risk_modeling,python,underwriting,aws",0.590154675164653
C01368,A,9,"sql,java",0.4429754121505348
C01369,A,4,"compliance,python",0.5140274934412739
C01370,A,11,"leadership,compliance,audit,sql,ml",0.7456805473722994
C01371,B,11,"leadership,aws",0.28842496749072777
C01372,A,5,"compliance,audit,excel,java",0.22946460483304698
C01373,B,3,"compliance,risk_modeling,aws",0.6952897018506184
C01374,B,11,"python,audit,underwriting",0.883622107033239
C01375,A,10,"leadership,audit,excel,sql,python,ml",0.37226399369649477
C01376,B,2,"sql,communication,excel,compliance,risk_modeling",0.5380826687499212
C01377,B,3,"aws,excel,java,audit,compliance",0.4580818796749373
C01378,B,7,"leadership,sql,communication",0.5230505797965077
C01379,A,7,"python,java,sql",0.6249955815761548
C01380,A,2,"underwriting,audit,risk_modeling,sql,compliance",0.2872833587780652
C01381,A,14,"java,python",0.4407008499113678
C01382,A,5,"communication,sql,python",0.4957747888741795
C01383,B,5,"risk_modeling,java,python,compliance,communication",0.5238323923790512
C01384,B,0,"ml,communication,java,underwriting,audit",0.29732808097684915
C01385,A,13,"audit,sql",0.7721365814620532
C01386,B,3,"python,communication,aws,underwriting,excel",0.45483902484001404
C01387,A,14,"python,leadership,underwriting,risk_modeling",0.5640728309079679
C01388,B,7,"underwriting,python,compliance",0.620878582241382
C01389,A,13,"python,leadership,excel,underwriting,aws",0.6067965103078501
C01390,B,2,"ml,leadership,risk_modeling,compliance,underwriting,communication",0.6707458263230464
C01391,B,2,"ml,java,leadership,underwriting",0.35198394319588006
C01392,A,12,"sql,ml,risk_modeling",0.3684704125285747
C01393,A,12,"communication,sql,excel",0.5642382385162507
C01394,B,8,"ml,underwriting,aws,sql",0.5908425111283023
C01395,A,0,"excel,sql",0.27666393006244633
C01396,A,14,"communication,risk_modeling,compliance,aws",0.39020435889395333
C01397,B,5,"ml,sql",0.5828136008208374
C01398,B,14,"leadership,python",0.5035994978833069
C01399,A,13,"python,leadership,excel,ml",0.36854789093875445
C01400,A,12,"leadership,sql,audit,python,underwriting",0.7937614326165313
C01401,A,10,"python,ml,java,underwriting,excel,leadership",0.4862769588731234
C01402,B,10,"compliance,communication",0.8069660886957644
C01403,A,7,"aws,ml,excel",0.5751247423996968
C01404,A,0,"underwriting,risk_modeling,ml,audit",0.5530565951699546
C01405,A,5,"aws,leadership,sql,risk_modeling",0.5119300457025665
C01406,B,10,"compliance,leadership,underwriting,aws,excel,java",0.12207079598177459
C01407,A,12,"ml,excel,compliance,sql,audit",0.4153784316103333
C01408,B,8,"communication,python,compliance,sql",0.5573722972506295
C01409,B,10,"ml,audit",0.6656512447126868
C01410,B,0,"underwriting,ml",0.17785867597013827
C01411,B,7,"ml,java",0.5603516925851171
C01412,B,7,"python,java,ml,communication,compliance",0.3679924643014743
C01413,B,13,"aws,excel,underwriting",0.6722316297161377
C01414,A,4,"python,sql,java",0.5365078585740315
C01415,B,3,"audit,leadership,communication,ml,aws",0.6638302884373233
C01416,A,5,"ml,sql,aws,java,audit,risk_modeling",0.7420281274337535
C01417,A,2,"leadership,python,ml,communication",0.6026181818693253
C01418,B,8,"communication,excel,ml,risk_modeling,audit,aws",0.7348708460147034
C01419,B,9,"underwriting,aws,sql,ml,risk_modeling",0.5269383543337091
C01420,B,12,"aws,underwriting,excel,communication,leadership",1.0
C01421,A,14,"audit,excel,ml,compliance,sql,underwriting",0.4206125626309214
C01422,A,1,"ml,risk_modeling",0.41500395997632217
C01423,A,3,"compliance,risk_modeling,audit,aws,excel",0.6922445448944408
C01424,A,4,"python,audit,leadership,aws,risk_modeling,communication",0.6754898348749787
C01425,A,3,"risk_modeling,compliance,aws,underwriting,excel,java",0.6177300234456228
C01426,A,12,"java,aws,python,audit",0.7415573584387594
C01427,A,2,"leadership,ml,aws,excel,python",0.14495971217091266
C01428,B,0,"ml,aws,python,leadership,compliance,sql",0.7860737650168101
C01429,A,12,"communication,ml,leadership,compliance,excel,python",0.5832996274040093
C01430,B,14,"audit,leadership,ml,sql,java,excel",0.8642609528087534
C01431,B,3,"sql,audit,excel,underwriting,compliance,aws",0.16396521578576792
C01432,A,4,"leadership,risk_modeling,java",0.5861823306266144
C01433,A,7,"python,sql,java,compliance,underwriting",0.46856958975392726
C01434,A,7,"aws,excel,leadership,risk_modeling",0.6729816272846345
C01435,B,14,"risk_modeling,leadership,compliance,excel,ml,underwriting",0.6970726814443923
C01436,A,6,"underwriting,java,compliance,aws,leadership,communication",0.6258886035498521
C01437,A,0,"excel,risk_modeling,compliance,java,ml,audit",0.3093904961183315
C01438,B,6,"underwriting,leadership,risk_modeling,aws",0.54974555825265
C01439,B,8,"leadership,compliance,ml,communication",0.5475699313727186
C01440,A,7,"underwriting,python",0.6591558075073378
C01441,A,7,"excel,underwriting,aws,sql,risk_modeling",0.748073459178024
C01442,A,13,"excel,audit,underwriting,aws",0.6570856659615506
C01443,A,12,"aws,python,java,underwriting",0.39028898809005225
C01444,A,3,"communication,audit,python,sql,excel",0.5493641857220183
C01445,B,5,"underwriting,aws,communication,risk_modeling,compliance,excel",1.0
C01446,B,10,"java,excel",0.8962809588578015
C01447,A,6,"communication,risk_modeling,excel,aws",0.0246080787036142
C01448,B,6,"sql,audit,communication,underwriting,compliance",0.571401767665072
C01449,A,2,"aws,compliance,underwriting,risk_modeling,audit,java",0.687781514545962
C01450,B,3,"python,leadership,ml,underwriting,excel",0.49718113773776373
C01451,B,11,"communication,leadership,ml,underwriting,aws",0.527183634374101
C01452,B,12,"java,compliance,aws,risk_modeling,communication,audit",0.5719464412849721
C01453,B,11,"ml,aws,audit,sql,underwriting,excel",0.7093941073782374
C01454,A,4,"underwriting,compliance,risk_modeling,leadership,sql",0.3332754046124984
C01455,A,2,"aws,ml,leadership",0.7339639572896868
C01456,A,2,"audit,java,python,communication",0.5099212614943476
C01457,A,5,"underwriting,communication,aws,sql,leadership",0.3816956306599211
C01458,B,7,"aws,communication",0.7723830290517653
C01459,A,13,"compliance,risk_modeling,communication,ml,python",0.35187643707990457
C01460,B,13,"sql,leadership,java,python",0.5300621825397149
C01461,A,0,"communication,underwriting,ml,java,excel,aws",0.39709848824867044
C01462,A,10,"communication,excel,audit",0.9859095488825035
C01463,A,4,"ml,communication,aws,leadership,java,python",0.4166962616449002
C01464,B,2,"risk_modeling,compliance,communication,python",0.1321062603099811
C01465,B,8,"ml,leadership,compliance,risk_modeling",0.47527327924975454
C01466,A,0,"sql,aws,compliance,excel,python",0.58199906253286
C01467,A,5,"communication,ml,excel,python",0.6911352183850488
C01468,B,8,"underwriting,aws,ml,risk_modeling,sql,communication",0.9897771448196989
C01469,A,4,"compliance,risk_modeling",0.7932415627774586
C01470,B,8,"compliance,communication,aws,excel,audit",0.6138260669047273
C01471,A,6,"aws,audit,ml,underwriting,communication,compliance",0.39954521583654007
C01472,A,11,"audit,risk_modeling,leadership",0.9023249376425245
C01473,A,2,"aws,compliance,communication",0.4536585609412784
C01474,A,0,"risk_modeling,communication,excel,python",0.38153169748137117
C01475,A,7,"communication,aws,audit,leadership,sql",0.4949267156122674
C01476,A,3,"compliance,ml,communication,audit,python,risk_modeling",0.30458811699857435
C01477,B,10,"sql,audit,ml,aws,python",0.5162963835892244
C01478,A,1,"aws,audit,java,python,ml",0.46804050060388525
C01479,A,8,"audit,underwriting,excel,sql",0.7115181890461812
C01480,A,14,"ml,leadership,excel,java,sql",0.5701440996818167
C01481,A,1,"ml,leadership,risk_modeling",0.2818573364690673
C01482,B,4,"aws,excel,leadership,compliance",0.251321012053794
C01483,A,12,"leadership,excel",0.6577225545541608
C01484,B,8,"risk_modeling,underwriting",0.5930726536244604
C01485,A,2,"java,audit,excel,communication,python,compliance",0.42022371198162983
C01486,B,3,"excel,leadership,sql,ml,underwriting,audit",0.44585783711142724
C01487,A,11,"excel,communication,ml,underwriting",0.6799276479038506
C01488,B,12,"ml,sql",0.8702983256640825
C01489,A,5,"compliance,ml",0.40957397485408215
C01490,A,7,"aws,risk_modeling",0.5860025105187778
C01491,B,11,"sql,python,audit,leadership,excel",0.7824886727209582
C01492,B,2,"leadership,python,sql",0.38029942776449505
C01493,B,3,"leadership,sql,communication",0.527186219378605
C01494,A,11,"excel,sql,audit,compliance,leadership,communication",0.6031607914442201
C01495,B,2,"underwriting,python,java,ml,communication,aws",0.2839668576921666
C01496,B,11,"risk_modeling,sql,java,underwriting,compliance",0.6403297830578121
C01497,B,7,"communication,compliance,underwriting",0.5756780421487977
C01498,A,14,"audit,sql,leadership,java",0.7399151649272905
C01499,B,0,"java,python,risk_modeling",0.28636043456107174
C01500,B,14,"compliance,python,java,underwriting,audit,communication",0.6417946693470205
C01501,B,3,"ml,sql",0.7787121314580456
C01502,A,0,"java,underwriting,communication,excel,sql",0.8739499697442116
C01503,A,10,"java,underwriting,sql,audit",0.8304232684148897
C01504,B,7,"audit,communication,compliance,java,python",0.3581271289829564
C01505,A,12,"java,leadership,python,compliance",0.7011894827678528
C01506,B,1,"audit,sql",0.42303361650699955
C01507,A,1,"java,communication,leadership,audit,underwriting",0.5611021067633858
C01508,A,8,"communication,python,aws,underwriting,excel",0.44100099296015377
C01509,B,13,"risk_modeling,leadership,audit,sql",0.321574780466586
C01510,A,6,"audit,communication,aws",0.4979868970340301
C01511,A,11,"compliance,communication,underwriting",0.7400684853898027
C01512,B,13,"python,compliance,underwriting,ml",0.681839955985286
C01513,B,13,"audit,excel,java",0.7025306147845837
C01514,B,7,"python,underwriting,ml",0.608943058136288
C01515,A,10,"java,audit,sql",0.672814945472228
C01516,A,7,"compliance,audit",0.6653121166356064
C01517,B,10,"aws,ml,compliance,python,audit,leadership",0.5505573427881687
C01518,A,8,"risk_modeling,python,audit",0.594920301055531
C01519,A,7,"python,audit",0.8837865074765443
C01520,A,6,"audit,underwriting",0.5855655852202051
C01521,A,9,"audit,leadership,aws,java,excel,communication",0.5976614293617052
C01522,B,11,"underwriting,compliance,sql,leadership",0.6285192113007518
C01523,B,13,"compliance,excel,risk_modeling",0.5907764667030805
C01524,B,9,"communication,python,underwriting,risk_modeling",0.5116359265302555
C01525,A,1,"underwriting,python",0.5475621343857777
C01526,A,8,"excel,underwriting,java",0.4889712636473528
C01527,A,4,"java,audit,ml",0.5138073126941012
C01528,A,0,"leadership,sql,excel,python,java,underwriting",0.35770735282526833
C01529,A,1,"excel,underwriting",0.5294421248161771
C01530,A,8,"risk_modeling,excel,ml,communication",0.685155089951685
C01531,A,14,"sql,compliance,risk_modeling,underwriting,java",0.6018553252160352
C01532,B,7,"aws,excel,compliance,sql,communication,ml",0.2084918813599232
C01533,B,6,"aws,excel,python,compliance",0.666266877929985
C01534,A,1,"compliance,sql,leadership",0.5316330916967569
C01535,A,10,"aws,ml,python",0.4212183389975772
C01536,B,0,"java,risk_modeling,audit",0.6391886436181892
C01537,B,12,"excel,underwriting,java,communication,aws",0.36828346387114747
C01538,B,12,"ml,sql,aws",0.8081733707584042
C01539,A,14,"underwriting,excel,java,compliance,python",0.6296740084635017
C01540,B,4,"excel,ml,compliance,python,leadership",0.13160428643208053
C01541,A,2,"aws,leadership,compliance,sql,communication,python",0.5520993257073827
C01542,A,4,"ml,sql,excel",0.4668853737436315
C01543,A,11,"python,communication,underwriting,leadership,java,audit",0.5097671274718355
C01544,A,3,"aws,excel,audit,leadership",0.3972093629378807
C01545,A,13,"leadership,java,audit,excel,sql",0.607101157645223
C01546,A,2,"leadership,sql,audit,aws,ml",0.4326660373899146
C01547,B,0,"excel,python,compliance,communication,leadership,underwriting",0.16579575622609066
C01548,A,3,"underwriting,aws,python,java",0.7589722196018969
C01549,A,11,"ml,aws,python,risk_modeling,compliance",0.566015621926875
C01550,A,9,"underwriting,java,ml",0.4582516971419126
C01551,A,5,"leadership,excel,risk_modeling,communication",0.3468837371418404
C01552,A,9,"excel,communication,compliance,risk_modeling",0.7287317721415257
C01553,A,9,"python,java,ml,risk_modeling,audit",0.35628224556262555
C01554,A,8,"compliance,python,communication,java,leadership",0.604117714334434
C01555,B,7,"excel,aws",0.4649431796627554
C01556,B,1,"aws,leadership,audit,python,communication,ml",0.4154244610987802
C01557,A,3,"python,leadership,audit,ml,risk_modeling",0.33135928442433804
C01558,B,7,"compliance,java",0.45834250214610117
C01559,B,2,"leadership,aws,python,communication,compliance,excel",0.5215862304712344
C01560,B,7,"ml,sql,leadership,communication,compliance",0.6123562007428187
C01561,B,1,"audit,sql",0.3685933533690639
C01562,B,11,"sql,ml,communication,underwriting",0.5936318075612655
C01563,B,1,"risk_modeling,compliance,aws,audit,communication,python",0.669921797574676
C01564,B,1,"ml,audit,excel",0.21072685974916694
C01565,A,9,"excel,sql,leadership,aws,java,risk_modeling",0.5888715847534653
C01566,A,3,"ml,communication,underwriting,risk_modeling",0.35885888982760883
C01567,A,5,"leadership,aws,excel",0.3605168490190243
C01568,A,4,"java,aws,communication",0.5869820723396582
C01569,A,3,"underwriting,leadership,ml,risk_modeling",0.43185473563983934
C01570,A,11,"aws,risk_modeling,audit,compliance,leadership",0.390975437277682
C01571,B,10,"sql,compliance,audit,java,ml,underwriting",0.8383709745725977
C01572,B,3,"leadership,aws",0.6956161125797293
C01573,B,10,"ml,python,audit,leadership,compliance,java",0.2521849278553496
C01574,A,10,"leadership,sql,aws,compliance",0.33460293695962784
C01575,A,8,"aws,java",0.6868222728373626
C01576,B,8,"risk_modeling,sql,compliance,aws,leadership,excel",0.5287227100532554
C01577,B,14,"communication,risk_modeling,underwriting",0.9101034359838923
C01578,B,6,"sql,java,audit,excel,communication",0.6709405517373819
C01579,B,5,"excel,ml,communication,compliance,risk_modeling",0.6039037942937197
C01580,B,8,"leadership,aws",0.39606471547142136
C01581,A,12,"audit,java,excel",0.7084592530756049
C01582,A,10,"leadership,communication,compliance,excel,ml",0.370362488144916
C01583,A,1,"leadership,excel,sql",0.7449440160138123
C01584,B,6,"aws,compliance",0.6359849460232836
C01585,B,11,"ml,java",0.46153049618363334
C01586,A,3,"sql,python,underwriting,excel,ml,compliance",0.6748419370638167
C01587,B,14,"excel,underwriting",1.0
C01588,A,12,"ml,leadership",0.5808289220342988
C01589,A,12,"communication,aws,audit,excel",0.7190743741444326
C01590,A,1,"compliance,python",0.4322707224556197
C01591,A,8,"underwriting,excel,compliance,aws,leadership",0.5953633991713021
C01592,B,7,"compliance,audit,aws,ml",0.2986977791943395
C01593,A,9,"aws,ml,leadership,sql,compliance",0.5899046875689443
C01594,B,12,"python,communication,sql,audit",0.62784391936951
C01595,B,5,"compliance,risk_modeling,sql,ml,underwriting",0.8738195998320547
C01596,A,8,"compliance,audit,aws,python,sql",0.25689943971339707
C01597,A,10,"sql,compliance,java,aws",0.5494409773605997
C01598,B,11,"excel,audit",0.8418610992095864
C01599,A,11,"communication,aws,underwriting",0.5664811307562239
C01600,B,5,"excel,aws",0.5191585240627005
C01601,A,14,"sql,aws",0.49001337552120866
C01602,B,0,"excel,sql,leadership",0.3321310315527036
C01603,B,7,"underwriting,excel,python",0.2413463221500326
C01604,A,9,"communication,audit",0.4767412554240522
C01605,A,0,"java,audit,compliance",0.3219160900798178
C01606,B,6,"compliance,underwriting,sql,ml",0.5812469900582733
C01607,A,8,"python,underwriting",0.43821972356372835
C01608,A,9,"audit,underwriting,python",0.5036736226912688
C01609,A,1,"python,communication",0.42860302924962124
C01610,A,4,"underwriting,communication",0.531330267187733
C01611,B,3,"excel,java",0.43486599384712865
C01612,B,9,"communication,python,audit,leadership",0.3988785038113162
C01613,A,4,"risk_modeling,ml,communication,aws,compliance",0.555437959910611
C01614,B,8,"underwriting,sql,ml,python,audit",0.77214697892763
C01615,A,10,"java,risk_modeling,ml,communication,python",0.6231239152423393
C01616,A,11,"java,communication,sql,risk_modeling,audit",0.5002323211170481
C01617,B,2,"compliance,sql,audit,python,leadership,java",0.49783364708314753
C01618,B,13,"sql,communication,audit",0.260886101335823
C01619,A,2,"communication,sql,ml,python,underwriting",0.49490750508300435
C01620,A,0,"excel,compliance,underwriting,aws,leadership,java",0.42793621356371486
C01621,A,0,"aws,java,sql,python",0.3319771355588278
C01622,B,3,"compliance,leadership,sql,python,underwriting,communication",0.39462229658024583
C01623,A,13,"python,excel",0.5561577897228636
C01624,A,3,"excel,sql,compliance,python,communication,underwriting",0.7086424896811684
C01625,B,10,"sql,excel,communication,ml",0.7965708750204167
C01626,A,6,"ml,communication,aws",0.3929374709195941
C01627,A,0,"ml,risk_modeling",0.4067460728161892
C01628,A,6,"audit,excel,java,communication,aws",0.47133380768805594
C01629,A,0,"communication,leadership,excel,ml",0.6457181927990224
C01630,A,7,"excel,audit,aws",0.5961911794736909
C01631,B,8,"sql,audit,leadership",0.5967021752753875
C01632,B,7,"audit,java,communication,sql,excel,underwriting",0.666527270415814
C01633,B,4,"java,excel,risk_modeling,communication",0.4326455864860323
C01634,B,11,"sql,python",0.8554995833837303
C01635,A,8,"python,sql,aws",0.5796859616643637
C01636,A,3,"python,excel",0.3759357596854557
C01637,B,6,"underwriting,risk_modeling,communication,compliance,ml",0.5186647561163888
C01638,A,1,"leadership,sql,audit,excel,risk_modeling,python",0.731747098357417
C01639,B,13,"audit,risk_modeling,excel,leadership,communication,aws",0.553474415522921
C01640,B,11,"underwriting,communication,leadership,ml,aws",0.7809204038280697
C01641,A,4,"aws,sql,compliance,ml,audit",0.4274377573011261
C01642,A,10,"underwriting,python,leadership,java",0.4621805345800849
C01643,A,10,"underwriting,compliance,audit,risk_modeling,python",0.7187275339069725
C01644,A,9,"ml,python",0.4326849390837666
C01645,A,0,"communication,python,java,aws",0.6480572450291052
C01646,A,13,"java,audit,leadership,risk_modeling",0.6932926798242028
C01647,B,14,"excel,java",0.4827530917958335
C01648,B,14,"java,compliance,underwriting,python",0.6271403060810199
C01649,B,14,"ml,compliance,aws,risk_modeling,underwriting",0.5412206276992833
C01650,A,13,"leadership,communication,ml",0.6928157802004308
C01651,A,11,"audit,communication,risk_modeling,sql",0.9498036840919755
C01652,A,0,"java,sql,ml",0.433273171480264
C01653,A,6,"communication,excel,python",0.6560797292945313
C01654,B,3,"underwriting,risk_modeling",0.5343993155001528
C01655,A,3,"sql,python,underwriting",0.5343303865513724
C01656,A,12,"leadership,ml,python,sql,java,communication",0.5902630782683257
C01657,B,12,"underwriting,java,communication,aws,leadership,python",0.4656648596567203
C01658,A,7,"sql,excel,java,risk_modeling,python",0.6303251908708418
C01659,A,11,"communication,excel,risk_modeling,aws,python",0.55802648501451
C01660,A,1,"java,compliance,communication,leadership,ml",0.34713598492702935
C01661,B,3,"python,risk_modeling,underwriting,communication",0.7125511872046938
C01662,B,12,"risk_modeling,java,communication,excel",0.6378217320864217
C01663,A,6,"python,underwriting,leadership,ml,compliance",0.518942187678217
C01664,B,8,"risk_modeling,underwriting,leadership,python,ml",0.8212101906543335
C01665,B,6,"risk_modeling,excel,leadership,compliance",0.2295053236040604
C01666,B,3,"audit,compliance,sql,risk_modeling",0.759107744671236
C01667,A,12,"ml,aws,leadership,python",0.4615661691554809
C01668,A,11,"audit,risk_modeling,leadership",0.6480758570947935
C01669,B,10,"java,ml,communication",0.49414852425827205
C01670,A,5,"ml,aws",0.3838598127185637
C01671,B,9,"aws,python,excel,compliance",0.8264995746743182
C01672,B,14,"aws,risk_modeling,leadership,sql,excel",0.9741189821311512
C01673,A,9,"excel,audit,python,aws,underwriting",0.5501793828828059
C01674,B,7,"excel,aws,python,java,compliance,underwriting",0.6303854463949732
C01675,B,4,"audit,compliance",0.5502584252992501
C01676,B,7,"python,aws,audit,communication,java",0.8814912307235139
C01677,A,5,"underwriting,risk_modeling,communication,java,python",0.16963291945836373
C01678,B,9,"communication,ml,underwriting,risk_modeling",0.6578822194286396
C01679,A,0,"sql,excel,aws",0.369117263454092
C01680,B,2,"java,compliance,risk_modeling",0.09592647613518783
C01681,B,11,"aws,risk_modeling,excel,leadership,java",0.5451045824627366
C01682,B,5,"underwriting,sql,risk_modeling,communication,excel,java",0.8826487823638995
C01683,A,6,"audit,excel,ml,python,underwriting",0.44191114572792795
C01684,A,8,"python,sql,aws,risk_modeling",0.7223377911816299
C01685,A,6,"communication,excel,aws,python,risk_modeling",0.775760995471406
C01686,A,11,"audit,excel",0.607714575528486
C01687,A,3,"underwriting,excel,python,java,leadership",0.5516820113140326
C01688,B,11,"risk_modeling,compliance",0.3010663768225999
C01689,A,3,"python,compliance,leadership,excel,communication,java",0.4010905046289236
C01690,B,5,"communication,python,compliance,risk_modeling,ml,sql",0.7132613723793992
C01691,B,8,"ml,java,excel,leadership",0.5909222374666722
C01692,A,13,"compliance,communication,ml",0.6961214594598628
C01693,B,3,"excel,leadership,communication,underwriting,risk_modeling",0.5539683643429492
C01694,B,8,"leadership,underwriting,java,python,aws",0.9745607099733576
C01695,A,0,"python,risk_modeling,communication,audit,compliance",0.4225064303860518
C01696,A,1,"aws,sql,compliance,ml",0.7989738077375358
C01697,B,11,"audit,communication,ml",0.6340305799972118
C01698,B,10,"audit,java",0.9049558154245436
C01699,B,5,"python,risk_modeling,compliance",0.32950394393353294
C01700,B,9,"compliance,sql,communication,risk_modeling",0.6232373973735549
C01701,B,5,"python,excel,underwriting,aws",0.4791363788937754
C01702,A,4,"audit,sql,communication,ml",0.5651050204530071
C01703,B,6,"java,python,audit",0.780027727279903
C01704,A,4,"python,underwriting,communication,ml,leadership,risk_modeling",0.6081857289644302
C01705,B,12,"python,underwriting,ml",0.8396688842048489
C01706,A,6,"java,aws,excel,leadership,risk_modeling,sql",0.43936020321068986
C01707,A,4,"risk_modeling,sql,java",0.3918897976457311
C01708,B,8,"ml,leadership,aws,sql",0.5828989131647079
C01709,A,11,"communication,sql,audit,excel,compliance",0.6030426078896046
C01710,B,4,"python,sql,ml",0.5065453136116453
C01711,A,14,"communication,python,audit",0.4674462893792767
C01712,B,6,"risk_modeling,communication,audit",0.7757572861733399
C01713,B,9,"compliance,underwriting,aws,ml,java,risk_modeling",0.5246893038859722
C01714,A,14,"leadership,compliance",0.8966940619982827
C01715,B,6,"python,leadership,java,ml",0.5622938057367304
C01716,A,2,"communication,risk_modeling,aws,compliance,ml",0.636717207546528
C01717,B,11,"underwriting,communication,excel,compliance,risk_modeling",0.7103877357334628
C01718,B,0,"ml,java,risk_modeling,communication",0.35163054673684657
C01719,B,6,"communication,underwriting",0.626096525879448
C01720,A,14,"aws,leadership",0.9870999300040791
C01721,A,6,"python,aws,sql,communication",0.6052902055580642
C01722,B,10,"excel,aws,communication,python,underwriting,leadership",0.7622298131207415
C01723,B,7,"java,aws",0.6947889320265934
C01724,A,3,"excel,ml,compliance,risk_modeling,sql,python",0.5852689385056977
C01725,A,4,"ml,aws,risk_modeling,leadership,audit",0.5735661691904544
C01726,A,7,"leadership,risk_modeling",0.668516800641834
C01727,B,1,"risk_modeling,excel,python",0.6473908583656103
C01728,A,6,"python,leadership,excel",0.3166104697308069
C01729,A,6,"python,communication,risk_modeling,aws,java,ml",0.6045145200373618
C01730,B,12,"java,excel,compliance,communication",0.5868659814654829
C01731,A,1,"sql,audit,java",0.4395251681426925
C01732,B,12,"java,leadership,aws",0.8532735882251432
C01733,A,6,"leadership,python,audit,compliance",0.4280336753485064
C01734,B,9,"aws,audit",0.3389415691441997
C01735,B,8,"sql,excel,leadership",0.7232289205694538
C01736,B,4,"aws,sql",0.28432910582029997
C01737,A,13,"ml,risk_modeling,communication,aws,audit",0.28297024596745857
C01738,A,3,"python,sql,underwriting,aws,excel",0.6934881841981938
C01739,B,0,"python,risk_modeling,java,ml",0.5285700051012479
C01740,A,11,"compliance,audit",0.6950895329263796
C01741,A,9,"underwriting,compliance,communication",0.510363036539668
C01742,A,13,"java,compliance,risk_modeling,communication,excel,underwriting",0.38080689631037656
C01743,B,6,"ml,communication,risk_modeling",0.3465583015488199
C01744,B,0,"sql,compliance",0.4510059981023689
C01745,B,0,"audit,java",0.2709674855747525
C01746,B,6,"communication,aws,leadership,excel,python,sql",0.6152695232682175
C01747,A,3,"java,sql",0.44675757115380466
C01748,A,13,"underwriting,audit,excel,risk_modeling",0.663306488525755
C01749,A,1,"ml,sql,java,underwriting,python,communication",0.5379266630807575
C01750,B,13,"aws,audit,compliance,underwriting,communication",0.6996239197964148
C01751,A,3,"risk_modeling,audit,sql,underwriting",0.6199068549120198
C01752,B,1,"excel,python,communication",0.4480978936597359
C01753,B,4,"excel,ml",0.5731144679940895
C01754,A,2,"ml,underwriting",0.5624814631156314
C01755,B,6,"risk_modeling,communication,aws,java,ml,compliance",0.1227997443631943
C01756,A,4,"audit,communication",0.6563746342547083
C01757,B,7,"underwriting,audit",0.5969895953196451
C01758,B,8,"ml,java,communication,python,excel,aws",0.6815287957438427
C01759,B,0,"communication,compliance,risk_modeling,sql",0.2683681528194928
C01760,A,1,"java,risk_modeling,audit",0.4531608284707692
C01761,A,2,"audit,communication,leadership,python,java",0.32352469781819554
C01762,A,2,"excel,compliance,aws,java",0.6540282477183176
C01763,A,1,"ml,java,compliance,leadership,excel,underwriting",0.25707902242767106
C01764,A,4,"python,java,leadership,risk_modeling",0.37284213925398224
C01765,A,8,"sql,underwriting,audit,risk_modeling,excel",0.6761765430889566
C01766,B,4,"aws,java,audit,compliance,risk_modeling,underwriting",0.4267125841900954
C01767,A,4,"communication,python,underwriting,sql",0.37288968177796944
C01768,A,7,"audit,communication,risk_modeling",0.733209497317233
C01769,B,8,"python,aws,sql,leadership,compliance,ml",0.7505881161865362
C01770,B,4,"aws,excel,sql",0.6699728146573798
C01771,B,3,"underwriting,aws",0.6827677413092528
C01772,B,6,"underwriting,aws,communication,sql",0.5183157297911498
C01773,B,0,"compliance,python,ml,audit,leadership,java",0.46317326456540925
C01774,B,7,"underwriting,compliance",0.4533453698639515
C01775,A,14,"compliance,ml,leadership,sql,underwriting,aws",0.6701912501888759
C01776,B,5,"ml,java,risk_modeling,underwriting,leadership,excel",0.45497830108134735
C01777,A,1,"risk_modeling,underwriting,java,python,leadership,aws",0.4320480829331441
C01778,A,10,"underwriting,audit,risk_modeling,python",0.7079820781169219
C01779,A,1,"sql,python,ml",0.7232170641925884
C01780,A,2,"python,risk_modeling,ml,excel",0.5916868457686171
C01781,B,2,"risk_modeling,sql",0.8429768557436622
C01782,A,13,"compliance,leadership,audit,aws,communication,sql",0.5030071970341053
C01783,A,14,"compliance,sql,aws,excel,java",0.30916456494233346
C01784,A,8,"underwriting,python,compliance,java",0.7086330201261197
C01785,B,9,"leadership,sql,communication,excel",0.4510699605235884
C01786,A,9,"audit,java,compliance,python,ml",0.5407353964804346
C01787,B,9,"python,compliance,sql,excel",0.2714366281781977
C01788,B,8,"ml,python,underwriting,java,excel,compliance",0.4181421554777513
C01789,A,14,"leadership,python,communication,java,sql,risk_modeling",0.3695990650157375
C01790,B,10,"underwriting,java,compliance,aws,ml,communication",0.5218254125843453
C01791,A,1,"ml,audit,compliance,excel,aws",0.438980731101069
C01792,A,5,"risk_modeling,compliance,audit,communication,python",0.5661928740786777
C01793,B,14,"risk_modeling,compliance,aws",0.8631501335839316
C01794,B,6,"python,risk_modeling",0.6818431276816073
C01795,A,3,"aws,python,compliance,ml",0.23800946548211346
C01796,B,13,"sql,underwriting,audit,java,excel,ml",0.7394427784103141
C01797,A,9,"underwriting,communication",0.6101158455394627
C01798,B,8,"risk_modeling,sql,java,underwriting",0.5623912422335023
C01799,B,6,"leadership,python",0.5559140846112993
C01800,B,1,"audit,underwriting,leadership,aws",0.5468194370555259
C01801,B,5,"communication,aws",0.4254603776175582
C01802,A,6,"audit,underwriting,python,ml,communication",0.5271768456455646
C01803,B,13,"java,leadership,ml,python,audit,excel",0.8431090423005301
C01804,B,4,"aws,python,leadership,communication,excel",0.41329695880340395
C01805,B,2,"communication,risk_modeling,audit,compliance,excel",0.33462016428848285
C01806,A,6,"aws,compliance,communication",0.5488926773827069
C01807,A,14,"underwriting,python,communication,leadership",0.43649803778385743
C01808,A,7,"communication,leadership",0.2598990381382191
C01809,A,5,"java,aws,audit",0.48799590812653304
C01810,A,10,"underwriting,aws,excel,ml",0.8607519392215063
C01811,A,9,"risk_modeling,sql,aws,java,audit",0.5830512627421592
C01812,B,4,"excel,audit",0.5721438770006785
C01813,A,14,"communication,audit,compliance,sql,ml,excel",0.25657329553279745
C01814,B,8,"audit,underwriting,python,communication",0.6588625886393704
C01815,A,0,"audit,excel,ml,java,leadership,aws",0.5168058550357626
C01816,B,6,"risk_modeling,java,ml,compliance",0.4403153309529162
C01817,A,13,"sql,audit,python,compliance",0.6624090848524273
C01818,A,5,"leadership,excel,communication,sql,risk_modeling",0.5806218910884329
C01819,B,8,"leadership,sql,ml,underwriting,communication,excel",0.38929217289557166
C01820,B,9,"sql,risk_modeling",0.6497336708203837
C01821,A,10,"audit,sql,communication,leadership",0.8154843760548878
C01822,A,13,"compliance,aws",0.5889705344147671
C01823,B,2,"java,aws,underwriting,compliance",0.3638330435613206
C01824,B,7,"audit,underwriting,excel,ml,compliance,sql",0.5380355874356889
C01825,A,8,"communication,ml,python,excel,underwriting,leadership",0.7338303751115971
C01826,A,2,"ml,java,compliance",0.29926260892649104
C01827,A,10,"underwriting,communication,audit",0.7041404865811526
C01828,B,1,"java,sql,communication,aws",0.38795739746631347
C01829,A,6,"aws,java,compliance",0.6035713546483528
C01830,A,4,"sql,java",0.43842037049179855
C01831,B,2,"sql,audit,aws",0.41793694808531906
C01832,A,12,"java,risk_modeling,audit,leadership",0.8941570849223085
C01833,A,3,"underwriting,java,leadership,python",0.27636441370397147
C01834,A,3,"audit,aws,excel,java,sql,underwriting",0.617365911958198
C01835,A,12,"risk_modeling,leadership,excel,communication",0.9316383939658316
C01836,A,13,"communication,risk_modeling,excel",0.7533939467651081
C01837,A,0,"ml,aws,leadership,risk_modeling,python",0.26040253657294726
C01838,B,4,"sql,risk_modeling,audit,leadership,ml",0.309315508395227
C01839,B,10,"excel,aws,underwriting,communication",0.46470743220364774
C01840,A,11,"audit,ml,python,leadership",0.6384234240735774
C01841,B,14,"leadership,communication,compliance",0.6806696849360294
C01842,A,8,"java,ml,underwriting,excel,risk_modeling,compliance",0.35109462022605537
C01843,B,0,"underwriting,aws,communication,audit,sql,java",0.342903657479546
C01844,A,13,"compliance,underwriting",0.48393315234359635
C01845,B,2,"communication,compliance,leadership",0.4874655745393193
C01846,A,1,"leadership,ml,aws",0.8672451823123934
C01847,B,10,"python,java,aws,risk_modeling,sql,compliance",0.4320263281877794
C01848,A,9,"compliance,python",0.4141475900355581
C01849,B,0,"excel,python,sql",0.296034746874108
C01850,A,2,"audit,compliance,ml",0.6343980228236018
C01851,B,8,"leadership,communication,underwriting,excel",0.5725585126560816
C01852,A,3,"underwriting,leadership,java",0.36867922132940745
C01853,B,10,"compliance,python,aws,java",0.5346967949199002
C01854,B,6,"audit,communication,sql,aws,leadership",0.4175281458276138
C01855,B,8,"compliance,ml,leadership,java,communication,underwriting",0.6332604306140641
C01856,A,7,"java,audit",1.0
C01857,A,5,"underwriting,compliance",0.6491555930246027
C01858,A,5,"leadership,audit",0.5332620672806746
C01859,A,10,"java,python,underwriting,leadership,sql,communication",0.4803044122521686
C01860,B,7,"risk_modeling,underwriting,communication,aws,leadership",0.32818798526072707
C01861,B,8,"sql,compliance,python,ml",0.7120641516525463
C01862,B,8,"compliance,underwriting,audit,communication,java",0.7022837521059375
C01863,A,3,"underwriting,sql,aws,leadership",0.44610182059565495
C01864,B,13,"audit,communication,excel",0.8484001169296713
C01865,B,8,"sql,java,underwriting,aws",0.5837992489993152
C01866,B,10,"communication,underwriting,aws,excel,python",0.7394569323711243
C01867,A,13,"underwriting,communication",0.683315460365942
C01868,A,13,"java,compliance,ml,excel,audit",0.5981155416220252
C01869,B,10,"ml,leadership,risk_modeling,python",0.4281207699646523
C01870,A,11,"risk_modeling,aws",0.5838034133747192
C01871,A,7,"communication,aws,python",0.7215691204010726
C01872,B,11,"excel,python,compliance,audit",0.5185356798581031
C01873,B,4,"ml,aws,java",0.6191534512085721
C01874,B,10,"excel,sql,ml",0.4051075412356794
C01875,B,1,"leadership,java,communication,aws,excel",0.6504105005034645
C01876,A,13,"aws,underwriting,audit,compliance",0.6863294405681931
C01877,A,3,"aws,excel,leadership,audit",0.31362006340942983
C01878,A,9,"compliance,risk_modeling,aws,communication,sql",0.5496773857661098
C01879,B,0,"leadership,python",0.6676593636773065
C01880,A,2,"leadership,risk_modeling,underwriting",0.2933741426824197
C01881,B,14,"communication,python",0.44722895704751187
C01882,A,12,"sql,leadership,risk_modeling,ml,underwriting,aws",0.6074905481384312
C01883,B,3,"compliance,ml",0.913999531477795
C01884,A,1,"leadership,sql,aws,audit,communication,excel",0.38893594487289035
C01885,A,12,"audit,aws",0.7091493199253892
C01886,A,14,"leadership,java,risk_modeling",0.6868243733682432
C01887,A,2,"underwriting,compliance,risk_modeling,ml,aws",0.41388641795220216
C01888,B,9,"compliance,aws,java,underwriting,communication,sql",0.6190040033212775
C01889,A,4,"leadership,ml",0.45938976082290806
C01890,A,11,"communication,java,compliance",0.5455951377790279
C01891,B,6,"excel,ml,python,audit,compliance,communication",0.260971057500836
C01892,B,1,"java,python,communication",0.505601477724062
C01893,A,4,"sql,python,aws",0.7018368311920592
C01894,A,8,"communication,excel,ml,java,risk_modeling",0.5903366394603433
C01895,A,11,"compliance,python",0.8062913969480373
C01896,B,0,"compliance,aws,ml,excel,java,audit",0.604458940270103
C01897,A,14,"python,underwriting,risk_modeling,audit,sql,leadership",0.6292825648605604
C01898,A,9,"audit,underwriting,ml,excel,sql,leadership",0.4769734004587727
C01899,A,13,"excel,underwriting,communication",0.5424725312349472
C01900,B,13,"ml,underwriting",0.3653081146913182
C01901,A,2,"compliance,risk_modeling,excel,underwriting",0.4719257997823013
C01902,B,1,"sql,audit,leadership",0.5362797765415477
C01903,A,11,"ml,compliance,sql,excel,audit,leadership",0.918775797603862
C01904,B,2,"risk_modeling,python,communication,sql,audit",0.6150976581901978
C01905,A,2,"audit,compliance,excel,java,underwriting,aws",0.36432628357516417
C01906,A,7,"underwriting,leadership,aws,audit,sql",0.3109137104066149
C01907,A,13,"java,communication,leadership,audit,compliance",0.592820624303177
C01908,B,11,"compliance,leadership",0.7561176004289948
C01909,B,7,"java,compliance",0.5302890593950103
C01910,A,2,"python,risk_modeling",0.6175571515010072
C01911,A,5,"python,compliance,ml,excel",0.5173974191346061
C01912,B,10,"excel,aws,communication",0.7290600782488078
C01913,A,2,"underwriting,aws,sql,communication,ml,java",0.23249355591298096
C01914,A,7,"underwriting,excel",0.8587527816262981
C01915,A,0,"aws,python,underwriting,java,compliance,risk_modeling",0.2997529793197321
C01916,B,4,"audit,python,excel,compliance,underwriting",0.6828718193513599
C01917,B,3,"underwriting,java",0.4810068809595881
C01918,B,10,"underwriting,communication",0.5791509779339579
C01919,B,13,"sql,communication,java",0.5866016569253734
C01920,A,2,"aws,ml,audit",0.5660088253092688
C01921,A,11,"audit,compliance,excel",0.6923544177905611
C01922,A,9,"communication,aws,underwriting,sql",0.7805050721281522
C01923,A,14,"risk_modeling,excel",0.8934307988675281
C01924,A,13,"audit,communication",0.6897278784198064
C01925,A,1,"leadership,communication,compliance,aws,java",0.8184613630502948
C01926,A,11,"excel,underwriting,sql,risk_modeling,leadership,aws",0.626735057708046
C01927,B,8,"ml,leadership,sql",0.7739392652055263
C01928,A,1,"aws,python,leadership,audit,communication,excel",0.5871695411231065
C01929,A,3,"underwriting,compliance,leadership",0.4311431663434342
C01930,B,13,"aws,ml,leadership",0.6626221477883719
C01931,B,8,"compliance,aws",0.6705709379516425
C01932,B,5,"communication,excel,leadership,risk_modeling",0.5442043363475307
C01933,B,4,"python,excel,risk_modeling,aws",0.6143141732395602
C01934,B,12,"leadership,compliance,risk_modeling,underwriting,excel",0.7757653326788411
C01935,A,4,"excel,ml",0.5357928344407393
C01936,A,2,"sql,underwriting",0.0
C01937,B,8,"aws,communication,sql,java",0.8820886272688068
C01938,A,14,"audit,leadership",0.5864335425603409
C01939,A,2,"communication,compliance",0.3718095602501864
C01940,A,3,"underwriting,communication,risk_modeling,ml,aws",0.3276601467824928
C01941,A,7,"compliance,sql,ml,underwriting,python,leadership",0.509439737579944
C01942,A,2,"audit,communication,ml,sql",0.41870539036294324
C01943,A,9,"communication,sql",0.45733829650075564
C01944,B,3,"java,risk_modeling,compliance,underwriting,communication,audit",0.4072172714279768
C01945,B,1,"excel,java,underwriting,compliance",0.6053537083307681
C01946,A,3,"audit,compliance,underwriting,excel,aws",0.8954654193805582
C01947,B,13,"excel,python",0.7777028876426823
C01948,A,14,"ml,audit,sql,communication",0.8420676732558227
C01949,B,7,"underwriting,sql",0.502066194339587
C01950,B,6,"risk_modeling,java,aws,leadership,python",0.578839765799104
C01951,A,12,"sql,leadership,python",0.6967668327614517
C01952,B,2,"compliance,communication,audit,leadership,ml,java",0.4012795791443014
C01953,B,9,"underwriting,communication",0.5133685873011589
C01954,B,10,"communication,excel,risk_modeling,sql,leadership",0.7538193524999538
C01955,B,10,"python,java",0.7962526959180196
C01956,B,3,"sql,java,compliance,risk_modeling,python",0.5421338485127465
C01957,A,10,"python,leadership,compliance,ml",0.38487170745982924
C01958,B,9,"communication,audit,sql,leadership,excel,compliance",0.5367934430208215
C01959,B,13,"communication,aws,excel,audit,java",0.3705603957889431
C01960,B,2,"python,audit,aws",0.5335364337702508
C01961,A,9,"ml,audit",0.6359725600288554
C01962,B,12,"communication,python,ml,underwriting",0.5712721242132002
C01963,A,4,"sql,java,communication,risk_modeling",0.5835080200289768
C01964,B,11,"sql,java",0.685042223035091
C01965,A,1,"audit,excel,underwriting,ml",0.5562351677232823
C01966,B,10,"compliance,leadership,aws",0.3837245473865526
C01967,B,9,"compliance,aws,communication",0.544412421407715
C01968,A,2,"risk_modeling,ml",0.5937717360879282
C01969,A,0,"compliance,sql,ml",0.78416811883508
C01970,A,11,"python,underwriting,ml",0.5610533649570345
C01971,B,3,"leadership,risk_modeling",0.6291512360806598
C01972,B,7,"underwriting,audit,leadership,java",0.7280673441462882
C01973,A,0,"java,risk_modeling,python",0.46460701429293927
C01974,A,14,"underwriting,aws",0.8467133945477212
C01975,A,8,"python,risk_modeling,sql,underwriting",0.7963912896575613
C01976,A,13,"compliance,java",0.8784692521310143
C01977,B,2,"aws,audit,java,risk_modeling,ml,leadership",0.6025177904173957
C01978,B,3,"compliance,aws,audit,java",0.9548247049383565
C01979,A,9,"python,leadership,underwriting,sql,risk_modeling,ml",0.4792490397024186
C01980,B,9,"communication,sql,risk_modeling,compliance,excel,aws",0.9723339655122091
C01981,A,11,"audit,compliance,python,excel,leadership,underwriting",0.7482939079585179
C01982,B,13,"python,risk_modeling,java,communication",0.8712697199448093
C01983,A,12,"excel,ml,aws,leadership",0.562393204182492
C01984,B,2,"aws,excel,audit,python,communication",0.6720054465334773
C01985,B,4,"compliance,python",0.7968553494595854
C01986,A,13,"leadership,excel,risk_modeling,ml,python,audit",0.434275444129703
C01987,B,8,"risk_modeling,compliance,java",0.5506012692732245
C01988,B,13,"compliance,leadership",0.2445745161183862
C01989,A,8,"ml,communication,aws",0.5479000641671518
C01990,A,0,"compliance,communication,python",0.35311852517718445
C01991,B,7,"risk_modeling,excel",0.5308018161659878
C01992,A,12,"ml,audit,python,java,excel",1.0
C01993,A,9,"sql,audit",0.8992046312234957
C01994,A,1,"risk_modeling,leadership,underwriting,sql,excel,ml",0.25089944339388626
C01995,B,3,"java,leadership,aws,compliance",0.6300328942878929
C01996,A,12,"audit,ml,java,risk_modeling,excel",0.7638075956706629
C01997,A,14,"communication,ml,aws",0.5791785243931739
C01998,B,11,"aws,excel",0.6420953685685389
C01999,A,1,"aws,underwriting",0.5596767973346997
